book,projection_id,graded_at,actual,maps_played,result_open,result_current,source
prizepicks,15199439,2026-09-27T16:04:57+00:00,8.0,3,under,under,player_games
prizepicks,15199440,2026-09-27T16:04:57+00:00,6.0,3,under,under,player_games
prizepicks,15199441,2026-09-27T16:04:57+00:00,4.0,3,push,push,player_games
prizepicks,15199442,2026-09-27T16:04:57+00:00,7.0,3,over,over,player_games
prizepicks,15199443,2026-09-27T16:04:57+00:00,22.0,3,over,over,player_games
prizepicks,15199444,2026-09-27T16:04:57+00:00,15.0,3,under,under,player_games
prizepicks,15199445,2026-09-27T16:04:57+00:00,5.0,3,under,under,player_games
prizepicks,15199446,2026-09-27T16:04:57+00:00,2.0,3,under,under,player_games
prizepicks,15199447,2026-09-27T16:04:57+00:00,3.0,3,under,under,player_games
prizepicks,15199448,2026-09-27T16:04:57+00:00,20.0,3,over,over,player_games
prizepicks,15199449,2026-09-27T16:04:57+00:00,25.0,3,over,over,player_games
prizepicks,15199450,2026-09-27T16:04:57+00:00,11.0,3,over,over,player_games
prizepicks,15199451,2026-09-27T16:04:57+00:00,10.0,3,over,over,player_games
prizepicks,15199452,2026-09-27T16:04:57+00:00,7.0,3,over,over,player_games
prizepicks,15199453,2026-09-27T16:04:57+00:00,9.0,3,under,under,player_games
prizepicks,15199454,2026-09-27T16:04:57+00:00,25.0,3,over,over,player_games
prizepicks,15199455,2026-09-27T16:04:57+00:00,10.0,3,under,under,player_games
prizepicks,15199456,2026-09-27T16:04:57+00:00,4.0,3,under,under,player_games
prizepicks,15199457,2026-09-27T16:04:57+00:00,3.0,3,under,under,player_games
prizepicks,15199458,2026-09-27T16:04:57+00:00,6.0,2,under,under,player_games
prizepicks,15199491,2026-09-27T16:04:57+00:00,16.0,3,over,over,player_games
prizepicks,15199492,2026-09-27T16:04:57+00:00,10.0,3,over,over,player_games
prizepicks,15199493,2026-09-27T16:04:57+00:00,3.0,3,under,under,player_games
prizepicks,15199494,2026-09-27T16:04:57+00:00,5.0,3,over,over,player_games
prizepicks,15199495,2026-09-27T16:04:57+00:00,0.0,3,under,under,player_games
prizepicks,15199496,2026-09-27T16:04:57+00:00,2.0,3,under,under,player_games
prizepicks,15199497,2026-09-27T16:04:57+00:00,1.0,3,under,under,player_games
prizepicks,15199498,2026-09-27T16:04:57+00:00,5.0,3,under,under,player_games
prizepicks,15199499,2026-09-27T16:04:57+00:00,2.0,3,under,under,player_games
prizepicks,15199500,2026-09-27T16:04:57+00:00,2.0,3,under,under,player_games
prizepicks,15199459,2026-09-27T16:04:57+00:00,4.0,2,under,under,player_games
prizepicks,15199460,2026-09-27T16:04:57+00:00,5.0,2,under,under,player_games
prizepicks,15199461,2026-09-27T16:04:57+00:00,6.0,2,under,under,player_games
prizepicks,15199462,2026-09-27T16:04:57+00:00,3.0,2,under,under,player_games
prizepicks,15199463,2026-09-27T16:04:57+00:00,27.0,2,over,over,player_games
prizepicks,15199464,2026-09-27T16:04:57+00:00,22.0,2,over,over,player_games
prizepicks,15199465,2026-09-27T16:04:57+00:00,16.0,2,over,over,player_games
prizepicks,15199466,2026-09-27T16:04:57+00:00,6.0,2,over,over,player_games
prizepicks,15199467,2026-09-27T16:04:57+00:00,6.0,2,over,over,player_games
prizepicks,15199501,2026-09-27T16:04:57+00:00,0.0,2,void,void,player_games
prizepicks,15199502,2026-09-27T16:04:57+00:00,0.0,2,void,void,player_games
prizepicks,15199503,2026-09-27T16:04:57+00:00,0.0,2,void,void,player_games
prizepicks,15199504,2026-09-27T16:04:57+00:00,0.0,2,void,void,player_games
prizepicks,15199505,2026-09-27T16:04:57+00:00,0.0,2,void,void,player_games
prizepicks,15199506,2026-09-27T16:04:57+00:00,0.0,2,void,void,player_games
prizepicks,15199507,2026-09-27T16:04:57+00:00,0.0,2,void,void,player_games
prizepicks,15199508,2026-09-27T16:04:57+00:00,0.0,2,void,void,player_games
prizepicks,15199509,2026-09-27T16:04:57+00:00,0.0,2,void,void,player_games
prizepicks,15199510,2026-09-27T16:04:57+00:00,0.0,2,void,void,player_games
prizepicks,15199468,2026-09-27T16:04:57+00:00,8.0,3,under,under,player_games
prizepicks,15199469,2026-09-27T16:04:57+00:00,12.0,3,under,under,player_games
prizepicks,15199471,2026-09-27T16:04:57+00:00,5.0,3,under,under,player_games
prizepicks,15199472,2026-09-27T16:04:57+00:00,13.0,3,over,over,player_games
prizepicks,15199473,2026-09-27T16:04:57+00:00,26.0,3,over,over,player_games
prizepicks,15199474,2026-09-27T16:04:57+00:00,15.0,3,over,over,player_games
prizepicks,15199475,2026-09-27T16:04:57+00:00,8.0,3,under,under,player_games
prizepicks,15199476,2026-09-27T16:04:57+00:00,4.0,3,under,under,player_games
prizepicks,15199477,2026-09-27T16:04:57+00:00,1.0,3,under,under,player_games
prizepicks,15199511,2026-09-27T16:04:57+00:00,8.0,3,under,under,player_games
prizepicks,15199512,2026-09-27T16:04:57+00:00,6.0,3,under,under,player_games
prizepicks,15199514,2026-09-27T16:04:57+00:00,5.0,3,over,over,player_games
prizepicks,15199515,2026-09-27T16:04:57+00:00,2.0,3,under,under,player_games
prizepicks,15199516,2026-09-27T16:04:57+00:00,0.0,3,under,under,player_games
prizepicks,15199517,2026-09-27T16:04:57+00:00,1.0,3,under,under,player_games
prizepicks,15199518,2026-09-27T16:04:57+00:00,1.0,3,under,under,player_games
prizepicks,15199519,2026-09-27T16:04:57+00:00,1.0,3,under,under,player_games
prizepicks,15199520,2026-09-27T16:04:57+00:00,1.0,3,under,under,player_games
prizepicks,15237748,2026-09-27T16:04:57+00:00,20.0,2,over,over,player_games
prizepicks,15237749,2026-09-27T16:04:57+00:00,18.0,2,over,over,player_games
prizepicks,15237750,2026-09-27T16:04:57+00:00,5.0,2,under,under,player_games
prizepicks,15237751,2026-09-27T16:04:57+00:00,6.0,2,under,under,player_games
prizepicks,15237752,2026-09-27T16:04:57+00:00,10.0,2,over,over,player_games
prizepicks,15237753,2026-09-27T16:04:57+00:00,16.0,2,over,over,player_games
prizepicks,15237754,2026-09-27T16:04:57+00:00,19.0,2,over,over,player_games
prizepicks,15237755,2026-09-27T16:04:57+00:00,4.0,2,under,under,player_games
prizepicks,15237756,2026-09-27T16:04:57+00:00,1.0,2,under,under,player_games
prizepicks,15237757,2026-09-27T16:04:57+00:00,2.0,2,under,under,player_games
prizepicks,15237758,2026-09-27T16:04:57+00:00,0.0,2,void,void,player_games
prizepicks,15237759,2026-09-27T16:04:57+00:00,0.0,2,void,void,player_games
prizepicks,15237760,2026-09-27T16:04:57+00:00,0.0,2,void,void,player_games
prizepicks,15237761,2026-09-27T16:04:57+00:00,0.0,2,void,void,player_games
prizepicks,15237762,2026-09-27T16:04:57+00:00,0.0,2,void,void,player_games
prizepicks,15237763,2026-09-27T16:04:57+00:00,0.0,2,void,void,player_games
prizepicks,15237764,2026-09-27T16:04:57+00:00,0.0,2,void,void,player_games
prizepicks,15237765,2026-09-27T16:04:57+00:00,0.0,2,void,void,player_games
prizepicks,15237766,2026-09-27T16:04:57+00:00,0.0,2,void,void,player_games
prizepicks,15237767,2026-09-27T16:04:57+00:00,0.0,2,void,void,player_games
prizepicks,15245112,2026-09-27T16:04:57+00:00,9.0,2,under,under,player_games
prizepicks,15245113,2026-09-27T16:04:57+00:00,9.0,2,under,under,player_games
prizepicks,15245114,2026-09-27T16:04:57+00:00,16.0,2,over,over,player_games
prizepicks,15245115,2026-09-27T16:04:57+00:00,4.0,2,under,under,player_games
prizepicks,15245116,2026-09-27T16:04:57+00:00,2.0,2,under,under,player_games
prizepicks,15245117,2026-09-27T16:04:57+00:00,16.0,2,over,over,player_games
prizepicks,15245118,2026-09-27T16:04:57+00:00,24.0,2,over,over,player_games
prizepicks,15245119,2026-09-27T16:04:57+00:00,24.0,2,over,over,player_games
prizepicks,15245120,2026-09-27T16:04:57+00:00,10.0,2,over,over,player_games
prizepicks,15245121,2026-09-27T16:04:57+00:00,1.0,2,under,under,player_games
prizepicks,15245132,2026-09-27T16:04:57+00:00,0.0,2,void,void,player_games
prizepicks,15245133,2026-09-27T16:04:57+00:00,0.0,2,void,void,player_games
prizepicks,15245134,2026-09-27T16:04:57+00:00,0.0,2,void,void,player_games
prizepicks,15245135,2026-09-27T16:04:57+00:00,0.0,2,void,void,player_games
prizepicks,15245136,2026-09-27T16:04:57+00:00,0.0,2,void,void,player_games
prizepicks,15245137,2026-09-27T16:04:57+00:00,0.0,2,void,void,player_games
prizepicks,15245138,2026-09-27T16:04:57+00:00,0.0,2,void,void,player_games
prizepicks,15245139,2026-09-27T16:04:57+00:00,0.0,2,void,void,player_games
prizepicks,15245140,2026-09-27T16:04:57+00:00,0.0,2,void,void,player_games
prizepicks,15245141,2026-09-27T16:04:57+00:00,0.0,2,void,void,player_games
prizepicks,15245122,2026-09-27T16:04:57+00:00,8.0,2,under,under,player_games
prizepicks,15245123,2026-09-27T16:04:57+00:00,22.0,2,over,over,player_games
prizepicks,15245124,2026-09-27T16:04:57+00:00,7.0,2,under,under,player_games
prizepicks,15245125,2026-09-27T16:04:57+00:00,1.0,2,under,under,player_games
prizepicks,15245126,2026-09-27T16:04:57+00:00,4.0,2,under,under,player_games
prizepicks,15245127,2026-09-27T16:04:57+00:00,21.0,2,over,over,player_games
prizepicks,15245128,2026-09-27T16:04:57+00:00,19.0,2,over,over,player_games
prizepicks,15245130,2026-09-27T16:04:57+00:00,7.0,2,over,over,player_games
prizepicks,15245131,2026-09-27T16:04:57+00:00,7.0,2,over,over,player_games
prizepicks,15245142,2026-09-27T16:04:57+00:00,0.0,2,void,void,player_games
prizepicks,15245143,2026-09-27T16:04:57+00:00,0.0,2,void,void,player_games
prizepicks,15245144,2026-09-27T16:04:57+00:00,0.0,2,void,void,player_games
prizepicks,15245145,2026-09-27T16:04:57+00:00,0.0,2,void,void,player_games
prizepicks,15245146,2026-09-27T16:04:57+00:00,0.0,2,void,void,player_games
prizepicks,15245147,2026-09-27T16:04:57+00:00,0.0,2,void,void,player_games
prizepicks,15245148,2026-09-27T16:04:57+00:00,0.0,2,void,void,player_games
prizepicks,15245150,2026-09-27T16:04:57+00:00,0.0,2,void,void,player_games
prizepicks,15245151,2026-09-27T16:04:57+00:00,0.0,2,void,void,player_games
prizepicks,15258536,2026-09-27T16:04:57+00:00,15.0,2,push,push,player_games
prizepicks,15258537,2026-09-27T16:04:57+00:00,16.0,2,over,over,player_games
prizepicks,15258538,2026-09-27T16:04:57+00:00,11.0,2,under,under,player_games
prizepicks,15258539,2026-09-27T16:04:57+00:00,6.0,2,under,under,player_games
prizepicks,15258540,2026-09-27T16:04:57+00:00,3.0,2,under,under,player_games
prizepicks,15258541,2026-09-27T16:04:57+00:00,3.0,2,under,under,player_games
prizepicks,15258542,2026-09-27T16:04:57+00:00,4.0,2,under,under,player_games
prizepicks,15258543,2026-09-27T16:04:57+00:00,3.0,2,under,under,player_games
prizepicks,15258544,2026-09-27T16:04:57+00:00,4.0,2,under,under,player_games
prizepicks,15258545,2026-09-27T16:04:57+00:00,1.0,2,under,under,player_games
prizepicks,15258546,2026-09-27T16:04:57+00:00,0.0,2,void,void,player_games
prizepicks,15258547,2026-09-27T16:04:57+00:00,0.0,2,void,void,player_games
prizepicks,15258548,2026-09-27T16:04:57+00:00,0.0,2,void,void,player_games
prizepicks,15258549,2026-09-27T16:04:57+00:00,0.0,2,void,void,player_games
prizepicks,15258550,2026-09-27T16:04:57+00:00,0.0,2,void,void,player_games
prizepicks,15258551,2026-09-27T16:04:57+00:00,0.0,2,void,void,player_games
prizepicks,15258552,2026-09-27T16:04:57+00:00,0.0,2,void,void,player_games
prizepicks,15258553,2026-09-27T16:04:57+00:00,0.0,2,void,void,player_games
prizepicks,15258554,2026-09-27T16:04:57+00:00,0.0,2,void,void,player_games
prizepicks,15258555,2026-09-27T16:04:57+00:00,0.0,2,void,void,player_games
prizepicks,15263635,2026-09-27T16:04:57+00:00,13.0,3,under,under,player_games
prizepicks,15263636,2026-09-27T16:04:57+00:00,7.0,3,under,under,player_games
prizepicks,15263637,2026-09-27T16:04:57+00:00,9.0,3,push,over,player_games
prizepicks,15263638,2026-09-27T16:04:57+00:00,3.0,3,under,under,player_games
prizepicks,15263639,2026-09-27T16:04:57+00:00,2.0,3,under,under,player_games
prizepicks,15263640,2026-09-27T16:04:57+00:00,15.0,3,over,over,player_games
prizepicks,15263641,2026-09-27T16:04:57+00:00,12.0,3,under,under,player_games
prizepicks,15263642,2026-09-27T16:04:57+00:00,8.0,3,under,under,player_games
prizepicks,15263643,2026-09-27T16:04:57+00:00,9.0,3,over,over,player_games
prizepicks,15263644,2026-09-27T16:04:57+00:00,4.0,3,under,under,player_games
prizepicks,15213032,2026-09-27T16:05:58+00:00,24.0,3,under,under,player_games
prizepicks,15213034,2026-09-27T16:05:58+00:00,40.0,3,over,over,player_games
prizepicks,15213035,2026-09-27T16:05:58+00:00,37.0,3,over,over,player_games
prizepicks,15213036,2026-09-27T16:05:58+00:00,25.0,3,under,under,player_games
prizepicks,15213037,2026-09-27T16:05:58+00:00,22.0,3,under,under,player_games
prizepicks,15213038,2026-09-27T16:05:58+00:00,29.0,3,under,under,player_games
prizepicks,15213039,2026-09-27T16:05:58+00:00,31.0,3,over,over,player_games
prizepicks,15213040,2026-09-27T16:05:58+00:00,22.0,3,under,under,player_games
prizepicks,15213041,2026-09-27T16:05:58+00:00,40.0,3,over,over,player_games
prizepicks,15213042,2026-09-27T16:05:58+00:00,13.0,3,under,under,player_games
prizepicks,15213044,2026-09-27T16:05:58+00:00,27.0,3,over,over,player_games
prizepicks,15213045,2026-09-27T16:05:58+00:00,23.0,3,over,over,player_games
prizepicks,15213046,2026-09-27T16:05:58+00:00,14.0,3,under,under,player_games
prizepicks,15213047,2026-09-27T16:05:58+00:00,1.0,3,under,under,player_games
prizepicks,15213048,2026-09-27T16:05:58+00:00,7.0,3,under,under,player_games
prizepicks,15213049,2026-09-27T16:05:58+00:00,20.0,3,over,over,player_games
prizepicks,15213050,2026-09-27T16:05:58+00:00,10.0,3,under,under,player_games
prizepicks,15213051,2026-09-27T16:05:58+00:00,20.0,3,over,over,player_games
prizepicks,15195529,2026-09-27T16:05:58+00:00,28.0,2,over,over,player_games
prizepicks,15195530,2026-09-27T16:05:58+00:00,34.0,2,over,over,player_games
prizepicks,15195533,2026-09-27T16:05:58+00:00,23.0,2,under,under,player_games
prizepicks,15195535,2026-09-27T16:05:58+00:00,23.0,2,under,under,player_games
prizepicks,15195537,2026-09-27T16:05:58+00:00,25.0,2,under,under,player_games
prizepicks,15195538,2026-09-27T16:05:58+00:00,14.0,2,under,under,player_games
prizepicks,15195539,2026-09-27T16:05:58+00:00,28.0,2,push,push,player_games
prizepicks,15195540,2026-09-27T16:05:58+00:00,12.0,2,under,under,player_games
prizepicks,15195541,2026-09-27T16:05:58+00:00,14.0,2,over,over,player_games
prizepicks,15195545,2026-09-27T16:05:58+00:00,15.0,2,under,under,player_games
prizepicks,15195547,2026-09-27T16:05:58+00:00,14.0,2,under,under,player_games
prizepicks,15195548,2026-09-27T16:05:58+00:00,14.0,2,over,over,player_games
prizepicks,15195549,2026-09-27T16:05:58+00:00,10.0,2,under,under,player_games
prizepicks,15195550,2026-09-27T16:05:58+00:00,15.0,2,under,under,player_games
prizepicks,15195557,2026-09-27T16:05:58+00:00,20.0,2,under,under,player_games
prizepicks,15195558,2026-09-27T16:05:58+00:00,10.0,2,under,under,player_games
prizepicks,15195559,2026-09-27T16:05:58+00:00,15.0,2,under,under,player_games
prizepicks,15195561,2026-09-27T16:05:58+00:00,22.0,2,under,under,player_games
prizepicks,15195562,2026-09-27T16:05:58+00:00,23.0,2,under,under,player_games
prizepicks,15195568,2026-09-27T16:05:58+00:00,13.0,2,under,under,player_games
prizepicks,15195570,2026-09-27T16:05:58+00:00,7.0,2,under,under,player_games
prizepicks,15195571,2026-09-27T16:05:58+00:00,8.0,2,under,under,player_games
prizepicks,15195572,2026-09-27T16:05:58+00:00,7.0,2,under,under,player_games
prizepicks,15195573,2026-09-27T16:05:58+00:00,14.0,2,under,under,player_games
prizepicks,15145674,2026-09-27T16:05:58+00:00,15.0,2,under,under,player_games
prizepicks,15145678,2026-09-27T16:05:58+00:00,10.0,2,under,under,player_games
prizepicks,15145673,2026-09-27T16:05:58+00:00,15.0,2,under,under,player_games
prizepicks,15145677,2026-09-27T16:05:58+00:00,10.0,2,under,under,player_games
prizepicks,15145666,2026-09-27T16:05:58+00:00,18.0,2,over,over,player_games
prizepicks,15145670,2026-09-27T16:05:58+00:00,10.0,2,under,under,player_games
prizepicks,15145675,2026-09-27T16:05:58+00:00,15.0,2,over,over,player_games
prizepicks,15145679,2026-09-27T16:05:58+00:00,10.0,2,under,under,player_games
prizepicks,15145681,2026-09-27T16:05:58+00:00,13.0,2,under,under,player_games
prizepicks,15145684,2026-09-27T16:05:58+00:00,10.0,2,under,under,player_games
prizepicks,15145665,2026-09-27T16:05:58+00:00,18.0,2,over,over,player_games
prizepicks,15145669,2026-09-27T16:05:58+00:00,10.0,2,under,under,player_games
prizepicks,15145680,2026-09-27T16:05:58+00:00,13.0,2,under,under,player_games
prizepicks,15145683,2026-09-27T16:05:58+00:00,10.0,2,under,under,player_games
prizepicks,15145667,2026-09-27T16:05:58+00:00,18.0,2,over,over,player_games
prizepicks,15145671,2026-09-27T16:05:58+00:00,10.0,2,under,under,player_games
prizepicks,15145682,2026-09-27T16:05:58+00:00,13.0,2,over,over,player_games
prizepicks,15145685,2026-09-27T16:05:58+00:00,10.0,2,under,under,player_games
prizepicks,15145664,2026-09-27T16:05:58+00:00,10.0,2,over,over,player_games
prizepicks,15145668,2026-09-27T16:05:58+00:00,5.0,2,under,under,player_games
prizepicks,15145672,2026-09-27T16:05:58+00:00,11.0,2,over,over,player_games
prizepicks,15145676,2026-09-27T16:05:58+00:00,3.0,2,under,under,player_games
prizepicks,15194466,2026-09-27T16:05:58+00:00,36.0,3,over,over,player_games
prizepicks,15194467,2026-09-27T16:05:58+00:00,32.0,3,push,push,player_games
prizepicks,15194468,2026-09-27T16:05:58+00:00,23.0,3,under,under,player_games
prizepicks,15194469,2026-09-27T16:05:58+00:00,17.0,3,under,under,player_games
prizepicks,15194471,2026-09-27T16:05:58+00:00,26.0,3,under,under,player_games
prizepicks,15194472,2026-09-27T16:05:58+00:00,28.0,3,under,under,player_games
prizepicks,15194473,2026-09-27T16:05:58+00:00,26.0,3,under,under,player_games
prizepicks,15194474,2026-09-27T16:05:58+00:00,26.0,3,under,under,player_games
prizepicks,15194475,2026-09-27T16:05:58+00:00,31.0,3,over,over,player_games
prizepicks,15194476,2026-09-27T16:05:58+00:00,14.0,3,over,over,player_games
prizepicks,15194477,2026-09-27T16:05:58+00:00,20.0,3,push,push,player_games
prizepicks,15194478,2026-09-27T16:05:58+00:00,13.0,3,under,under,player_games
prizepicks,15194479,2026-09-27T16:05:58+00:00,8.0,3,under,under,player_games
prizepicks,15194481,2026-09-27T16:05:58+00:00,17.0,3,over,over,player_games
prizepicks,15194482,2026-09-27T16:05:58+00:00,7.0,3,under,under,player_games
prizepicks,15194483,2026-09-27T16:05:58+00:00,9.0,3,under,under,player_games
prizepicks,15194484,2026-09-27T16:05:58+00:00,15.0,3,under,under,player_games
prizepicks,15194485,2026-09-27T16:05:58+00:00,19.0,3,over,over,player_games
prizepicks,15201345,2026-09-27T16:05:58+00:00,27.0,2,under,under,player_games
prizepicks,15201346,2026-09-27T16:05:58+00:00,39.0,2,over,over,player_games
prizepicks,15201347,2026-09-27T16:05:58+00:00,18.0,2,under,under,player_games
prizepicks,15201348,2026-09-27T16:05:58+00:00,31.0,2,over,over,player_games
prizepicks,15201349,2026-09-27T16:05:58+00:00,25.0,2,under,under,player_games
prizepicks,15201350,2026-09-27T16:05:58+00:00,13.0,2,under,under,player_games
prizepicks,15201351,2026-09-27T16:05:58+00:00,24.0,2,over,over,player_games
prizepicks,15201352,2026-09-27T16:05:58+00:00,13.0,2,under,under,player_games
prizepicks,15201353,2026-09-27T16:05:58+00:00,19.0,2,over,over,player_games
prizepicks,15201354,2026-09-27T16:05:58+00:00,9.0,2,under,under,player_games
prizepicks,15201355,2026-09-27T16:05:58+00:00,16.0,2,under,under,player_games
prizepicks,15201357,2026-09-27T16:05:58+00:00,27.0,2,under,under,player_games
prizepicks,15201358,2026-09-27T16:05:58+00:00,34.0,2,over,over,player_games
prizepicks,15201359,2026-09-27T16:05:58+00:00,37.0,2,over,over,player_games
prizepicks,15201360,2026-09-27T16:05:58+00:00,20.0,2,under,under,player_games
prizepicks,15201361,2026-09-27T16:05:58+00:00,15.0,2,under,under,player_games
prizepicks,15201362,2026-09-27T16:05:58+00:00,7.0,2,under,under,player_games
prizepicks,15201363,2026-09-27T16:05:58+00:00,15.0,2,under,under,player_games
prizepicks,15201364,2026-09-27T16:05:58+00:00,39.0,2,over,over,player_games
prizepicks,15201367,2026-09-27T16:05:58+00:00,14.0,2,under,under,player_games
prizepicks,15201369,2026-09-27T16:05:58+00:00,18.0,2,over,over,player_games
prizepicks,15201370,2026-09-27T16:05:58+00:00,15.0,2,under,under,player_games
prizepicks,15201372,2026-09-27T16:05:58+00:00,4.0,2,under,under,player_games
prizepicks,15201373,2026-09-27T16:05:58+00:00,8.0,2,under,under,player_games
prizepicks,15201374,2026-09-27T16:05:58+00:00,23.0,2,over,over,player_games
prizepicks,15192191,2026-09-27T16:05:58+00:00,30.0,2,over,over,player_games
prizepicks,15192192,2026-09-27T16:05:58+00:00,36.0,2,over,over,player_games
prizepicks,15192194,2026-09-27T16:05:58+00:00,37.0,2,over,over,player_games
prizepicks,15192195,2026-09-27T16:05:58+00:00,37.0,2,over,over,player_games
prizepicks,15192196,2026-09-27T16:05:58+00:00,47.0,2,over,over,player_games
prizepicks,15192197,2026-09-27T16:05:58+00:00,41.0,2,over,over,player_games
prizepicks,15192198,2026-09-27T16:05:58+00:00,38.0,2,over,over,player_games
prizepicks,15192199,2026-09-27T16:05:58+00:00,39.0,2,over,over,player_games
prizepicks,15192200,2026-09-27T16:05:58+00:00,28.0,2,over,over,player_games
prizepicks,15192201,2026-09-27T16:05:58+00:00,12.0,2,under,under,player_games
prizepicks,15192202,2026-09-27T16:05:58+00:00,20.0,2,over,over,player_games
prizepicks,15192204,2026-09-27T16:05:58+00:00,25.0,2,over,over,player_games
prizepicks,15192205,2026-09-27T16:05:58+00:00,17.0,2,over,over,player_games
prizepicks,15192206,2026-09-27T16:05:58+00:00,24.0,2,over,over,player_games
prizepicks,15192207,2026-09-27T16:05:58+00:00,17.0,2,over,over,player_games
prizepicks,15192208,2026-09-27T16:05:58+00:00,22.0,2,over,over,player_games
prizepicks,15192209,2026-09-27T16:05:58+00:00,19.0,2,push,push,player_games
prizepicks,15192210,2026-09-27T16:05:58+00:00,16.0,2,over,over,player_games
prizepicks,15213052,2026-09-27T16:05:58+00:00,30.0,2,under,under,player_games
prizepicks,15213053,2026-09-27T16:05:58+00:00,38.0,2,over,over,player_games
prizepicks,15213054,2026-09-27T16:05:58+00:00,38.0,2,over,over,player_games
prizepicks,15213055,2026-09-27T16:05:58+00:00,30.0,2,under,under,player_games
prizepicks,15213056,2026-09-27T16:05:58+00:00,33.0,2,over,over,player_games
prizepicks,15213057,2026-09-27T16:05:58+00:00,33.0,2,over,over,player_games
prizepicks,15213058,2026-09-27T16:05:58+00:00,18.0,2,under,under,player_games
prizepicks,15213059,2026-09-27T16:05:58+00:00,24.0,2,under,under,player_games
prizepicks,15213060,2026-09-27T16:05:58+00:00,31.0,2,over,over,player_games
prizepicks,15213062,2026-09-27T16:05:58+00:00,10.0,2,over,over,player_games
prizepicks,15213063,2026-09-27T16:05:58+00:00,16.0,2,under,under,player_games
prizepicks,15213064,2026-09-27T16:05:58+00:00,15.0,2,under,under,player_games
prizepicks,15213065,2026-09-27T16:05:58+00:00,18.0,2,under,under,player_games
prizepicks,15213066,2026-09-27T16:05:58+00:00,22.0,2,over,over,player_games
prizepicks,15213067,2026-09-27T16:05:58+00:00,17.0,2,under,under,player_games
prizepicks,15213068,2026-09-27T16:05:58+00:00,9.0,2,under,under,player_games
prizepicks,15213069,2026-09-27T16:05:58+00:00,14.0,2,under,under,player_games
prizepicks,15213070,2026-09-27T16:05:58+00:00,22.0,2,over,over,player_games
prizepicks,15192212,2026-09-27T16:05:58+00:00,31.0,3,under,under,player_games
prizepicks,15192214,2026-09-27T16:05:58+00:00,30.0,3,under,under,player_games
prizepicks,15192217,2026-09-27T16:05:58+00:00,19.0,3,over,over,player_games
prizepicks,15192219,2026-09-27T16:05:58+00:00,20.0,3,over,over,player_games
prizepicks,15213661,2026-09-27T16:05:58+00:00,32.0,2,over,over,player_games
prizepicks,15213666,2026-09-27T16:05:58+00:00,21.0,2,over,over,player_games
prizepicks,15201739,2026-09-27T16:05:58+00:00,33.0,2,over,over,player_games
prizepicks,15213662,2026-09-27T16:05:58+00:00,34.0,2,over,over,player_games
prizepicks,15213667,2026-09-27T16:05:58+00:00,28.0,2,over,over,player_games
prizepicks,15201740,2026-09-27T16:05:58+00:00,27.0,2,under,under,player_games
prizepicks,15213663,2026-09-27T16:05:58+00:00,35.0,2,over,over,player_games
prizepicks,15213668,2026-09-27T16:05:58+00:00,18.0,2,over,over,player_games
prizepicks,15201741,2026-09-27T16:05:58+00:00,20.0,2,under,under,player_games
prizepicks,15213664,2026-09-27T16:05:58+00:00,35.0,2,over,over,player_games
prizepicks,15213669,2026-09-27T16:05:58+00:00,18.0,2,over,over,player_games
prizepicks,15201742,2026-09-27T16:05:58+00:00,29.0,2,under,under,player_games
prizepicks,15213665,2026-09-27T16:05:58+00:00,23.0,2,under,under,player_games
prizepicks,15213670,2026-09-27T16:05:58+00:00,14.0,2,under,under,player_games
prizepicks,15201743,2026-09-27T16:05:58+00:00,31.0,2,over,over,player_games
prizepicks,15201744,2026-09-27T16:05:58+00:00,15.0,2,under,under,player_games
prizepicks,15201745,2026-09-27T16:05:58+00:00,16.0,2,under,under,player_games
prizepicks,15201746,2026-09-27T16:05:58+00:00,10.0,2,under,under,player_games
prizepicks,15201747,2026-09-27T16:05:58+00:00,18.0,2,over,over,player_games
prizepicks,15201748,2026-09-27T16:05:58+00:00,17.0,2,over,over,player_games
prizepicks,15214351,2026-09-27T16:05:58+00:00,31.0,2,over,over,player_games
prizepicks,15214355,2026-09-27T16:05:58+00:00,13.0,2,over,over,player_games
prizepicks,15214352,2026-09-27T16:05:58+00:00,39.0,2,over,over,player_games
prizepicks,15214356,2026-09-27T16:05:58+00:00,20.0,2,over,over,player_games
prizepicks,15214353,2026-09-27T16:05:58+00:00,31.0,2,over,over,player_games
prizepicks,15214357,2026-09-27T16:05:58+00:00,13.0,2,under,under,player_games
prizepicks,15214354,2026-09-27T16:05:58+00:00,36.0,2,over,over,player_games
prizepicks,15214358,2026-09-27T16:05:58+00:00,22.0,2,over,over,player_games
prizepicks,15200556,2026-09-27T16:05:58+00:00,28.0,3,under,under,player_games
prizepicks,15200557,2026-09-27T16:05:58+00:00,31.0,3,under,under,player_games
prizepicks,15200558,2026-09-27T16:05:58+00:00,35.0,3,over,over,player_games
prizepicks,15200559,2026-09-27T16:05:58+00:00,21.0,3,under,under,player_games
prizepicks,15200560,2026-09-27T16:05:58+00:00,26.0,3,under,under,player_games
prizepicks,15200561,2026-09-27T16:05:58+00:00,10.0,3,over,over,player_games
prizepicks,15200562,2026-09-27T16:05:58+00:00,13.0,3,under,under,player_games
prizepicks,15200563,2026-09-27T16:05:58+00:00,22.0,3,over,over,player_games
prizepicks,15200564,2026-09-27T16:05:58+00:00,14.0,3,under,under,player_games
prizepicks,15213122,2026-09-27T16:05:58+00:00,0.0,2,void,void,player_games
prizepicks,15213123,2026-09-27T16:05:58+00:00,0.0,2,void,void,player_games
prizepicks,15213124,2026-09-27T16:05:58+00:00,0.0,2,void,void,player_games
prizepicks,15213125,2026-09-27T16:05:58+00:00,0.0,2,void,void,player_games
prizepicks,15213126,2026-09-27T16:05:58+00:00,0.0,2,void,void,player_games
prizepicks,15213127,2026-09-27T16:05:58+00:00,0.0,2,void,void,player_games
prizepicks,15213128,2026-09-27T16:05:58+00:00,0.0,2,void,void,player_games
prizepicks,15213129,2026-09-27T16:05:58+00:00,0.0,2,void,void,player_games
prizepicks,15213130,2026-09-27T16:05:58+00:00,0.0,2,void,void,player_games
prizepicks,15213132,2026-09-27T16:05:58+00:00,0.0,2,void,void,player_games
prizepicks,15213133,2026-09-27T16:05:58+00:00,0.0,2,void,void,player_games
prizepicks,15213134,2026-09-27T16:05:58+00:00,0.0,2,void,void,player_games
prizepicks,15213135,2026-09-27T16:05:58+00:00,0.0,2,void,void,player_games
prizepicks,15213136,2026-09-27T16:05:58+00:00,0.0,2,void,void,player_games
prizepicks,15213137,2026-09-27T16:05:58+00:00,0.0,2,void,void,player_games
prizepicks,15213138,2026-09-27T16:05:58+00:00,0.0,2,void,void,player_games
prizepicks,15213139,2026-09-27T16:05:58+00:00,0.0,2,void,void,player_games
prizepicks,15213140,2026-09-27T16:05:58+00:00,0.0,2,void,void,player_games
prizepicks,15194486,2026-09-27T16:05:58+00:00,28.0,2,under,under,player_games
prizepicks,15194487,2026-09-27T16:05:58+00:00,36.0,2,over,over,player_games
prizepicks,15194488,2026-09-27T16:05:58+00:00,38.0,2,over,over,player_games
prizepicks,15194489,2026-09-27T16:05:58+00:00,37.0,2,over,over,player_games
prizepicks,15194490,2026-09-27T16:05:58+00:00,31.0,2,over,over,player_games
prizepicks,15194491,2026-09-27T16:05:58+00:00,28.0,2,under,under,player_games
prizepicks,15194492,2026-09-27T16:05:58+00:00,37.0,2,over,over,player_games
prizepicks,15194493,2026-09-27T16:05:58+00:00,23.0,2,under,under,player_games
prizepicks,15194494,2026-09-27T16:05:58+00:00,34.0,2,over,over,player_games
prizepicks,15194495,2026-09-27T16:05:58+00:00,22.0,2,under,under,player_games
prizepicks,15194496,2026-09-27T16:05:58+00:00,10.0,2,over,over,player_games
prizepicks,15194497,2026-09-27T16:05:58+00:00,16.0,2,under,under,player_games
prizepicks,15194498,2026-09-27T16:05:58+00:00,21.0,2,over,over,player_games
prizepicks,15194499,2026-09-27T16:05:58+00:00,12.0,2,under,under,player_games
prizepicks,15194500,2026-09-27T16:05:58+00:00,15.0,2,under,under,player_games
prizepicks,15194501,2026-09-27T16:05:58+00:00,9.0,2,under,under,player_games
prizepicks,15194502,2026-09-27T16:05:58+00:00,16.0,2,under,under,player_games
prizepicks,15194503,2026-09-27T16:05:58+00:00,11.0,2,under,under,player_games
prizepicks,15194504,2026-09-27T16:05:58+00:00,13.0,2,under,under,player_games
prizepicks,15194505,2026-09-27T16:05:58+00:00,14.0,2,under,under,player_games
prizepicks,15213072,2026-09-27T16:05:58+00:00,36.0,3,over,over,player_games
prizepicks,15213073,2026-09-27T16:05:58+00:00,24.0,3,under,under,player_games
prizepicks,15213074,2026-09-27T16:05:58+00:00,28.0,3,under,under,player_games
prizepicks,15213075,2026-09-27T16:05:58+00:00,41.0,3,over,over,player_games
prizepicks,15213076,2026-09-27T16:05:58+00:00,40.0,3,over,over,player_games
prizepicks,15213077,2026-09-27T16:05:58+00:00,36.0,3,over,over,player_games
prizepicks,15213078,2026-09-27T16:05:58+00:00,33.0,3,over,over,player_games
prizepicks,15213079,2026-09-27T16:05:58+00:00,40.0,3,over,over,player_games
prizepicks,15213080,2026-09-27T16:05:58+00:00,26.0,3,under,under,player_games
prizepicks,15213081,2026-09-27T16:05:58+00:00,26.0,3,under,under,player_games
prizepicks,15213083,2026-09-27T16:05:58+00:00,15.0,3,over,over,player_games
prizepicks,15213084,2026-09-27T16:05:58+00:00,24.0,3,over,over,player_games
prizepicks,15213085,2026-09-27T16:05:58+00:00,18.0,3,under,under,player_games
prizepicks,15213086,2026-09-27T16:05:58+00:00,21.0,3,over,over,player_games
prizepicks,15213087,2026-09-27T16:05:58+00:00,18.0,3,over,over,player_games
prizepicks,15213088,2026-09-27T16:05:58+00:00,18.0,3,over,over,player_games
prizepicks,15213089,2026-09-27T16:05:58+00:00,18.0,3,over,over,player_games
prizepicks,15213090,2026-09-27T16:05:58+00:00,10.0,3,under,under,player_games
prizepicks,15213091,2026-09-27T16:05:58+00:00,14.0,3,over,over,player_games
prizepicks,15195574,2026-09-27T16:05:58+00:00,25.0,3,under,under,player_games
prizepicks,15195576,2026-09-27T16:05:58+00:00,28.0,3,under,under,player_games
prizepicks,15195577,2026-09-27T16:05:58+00:00,36.0,3,over,over,player_games
prizepicks,15195580,2026-09-27T16:05:58+00:00,13.0,3,under,under,player_games
prizepicks,15195582,2026-09-27T16:05:58+00:00,20.0,3,under,under,player_games
prizepicks,15195583,2026-09-27T16:05:58+00:00,13.0,3,under,under,player_games
prizepicks,15192286,2026-09-27T16:05:58+00:00,16.0,3,push,push,player_games
prizepicks,15192288,2026-09-27T16:05:58+00:00,24.0,3,over,over,player_games
prizepicks,15192289,2026-09-27T16:05:58+00:00,26.0,3,over,over,player_games
prizepicks,15192291,2026-09-27T16:05:58+00:00,11.0,3,over,over,player_games
prizepicks,15192293,2026-09-27T16:05:58+00:00,17.0,3,over,over,player_games
prizepicks,15192294,2026-09-27T16:05:58+00:00,8.0,3,over,over,player_games
prizepicks,15192221,2026-09-27T16:05:58+00:00,21.0,2,under,under,player_games
prizepicks,15192222,2026-09-27T16:05:58+00:00,29.0,2,under,under,player_games
prizepicks,15192223,2026-09-27T16:05:58+00:00,21.0,2,under,under,player_games
prizepicks,15192224,2026-09-27T16:05:58+00:00,22.0,2,under,under,player_games
prizepicks,15192225,2026-09-27T16:05:58+00:00,41.0,2,over,over,player_games
prizepicks,15192227,2026-09-27T16:05:58+00:00,33.0,2,over,over,player_games
prizepicks,15192228,2026-09-27T16:05:58+00:00,40.0,2,over,over,player_games
prizepicks,15192229,2026-09-27T16:05:58+00:00,28.0,2,over,over,player_games
prizepicks,15192230,2026-09-27T16:05:58+00:00,26.0,2,under,under,player_games
prizepicks,15192231,2026-09-27T16:05:58+00:00,11.0,2,under,under,player_games
prizepicks,15192232,2026-09-27T16:05:58+00:00,14.0,2,over,over,player_games
prizepicks,15192233,2026-09-27T16:05:58+00:00,11.0,2,under,under,player_games
prizepicks,15192234,2026-09-27T16:05:58+00:00,16.0,2,over,over,player_games
prizepicks,15192235,2026-09-27T16:05:58+00:00,20.0,2,over,over,player_games
prizepicks,15192237,2026-09-27T16:05:58+00:00,8.0,2,under,under,player_games
prizepicks,15192238,2026-09-27T16:05:58+00:00,22.0,2,over,over,player_games
prizepicks,15192239,2026-09-27T16:05:58+00:00,12.0,2,push,push,player_games
prizepicks,15192240,2026-09-27T16:05:58+00:00,17.0,2,over,over,player_games
prizepicks,15196226,2026-09-27T16:05:58+00:00,31.0,2,over,over,player_games
prizepicks,15196236,2026-09-27T16:05:58+00:00,14.0,2,under,under,player_games
prizepicks,15196227,2026-09-27T16:05:58+00:00,26.0,2,under,under,player_games
prizepicks,15196237,2026-09-27T16:05:58+00:00,12.0,2,under,under,player_games
prizepicks,15196228,2026-09-27T16:05:58+00:00,35.0,2,over,over,player_games
prizepicks,15196238,2026-09-27T16:05:58+00:00,12.0,2,under,under,player_games
prizepicks,15196229,2026-09-27T16:05:58+00:00,23.0,2,under,under,player_games
prizepicks,15196239,2026-09-27T16:05:58+00:00,15.0,2,under,under,player_games
prizepicks,15196232,2026-09-27T16:05:58+00:00,16.0,2,under,under,player_games
prizepicks,15196242,2026-09-27T16:05:58+00:00,5.0,2,under,under,player_games
prizepicks,15196233,2026-09-27T16:05:58+00:00,24.0,2,under,under,player_games
prizepicks,15196243,2026-09-27T16:05:58+00:00,15.0,2,under,under,player_games
prizepicks,15196234,2026-09-27T16:05:58+00:00,31.0,2,over,over,player_games
prizepicks,15196244,2026-09-27T16:05:58+00:00,17.0,2,over,over,player_games
prizepicks,15196235,2026-09-27T16:05:58+00:00,25.0,2,under,under,player_games
prizepicks,15196245,2026-09-27T16:05:58+00:00,14.0,2,under,under,player_games
prizepicks,15213142,2026-09-27T16:05:58+00:00,19.0,3,over,over,player_games
prizepicks,15213143,2026-09-27T16:05:58+00:00,6.0,3,under,under,player_games
prizepicks,15213144,2026-09-27T16:05:58+00:00,17.0,3,over,over,player_games
prizepicks,15213145,2026-09-27T16:05:58+00:00,14.0,3,under,under,player_games
prizepicks,15213146,2026-09-27T16:05:58+00:00,9.0,3,under,under,player_games
prizepicks,15213147,2026-09-27T16:05:58+00:00,6.0,3,under,under,player_games
prizepicks,15213148,2026-09-27T16:05:58+00:00,2.0,3,under,under,player_games
prizepicks,15213149,2026-09-27T16:05:58+00:00,5.0,3,under,under,player_games
prizepicks,15213150,2026-09-27T16:05:58+00:00,9.0,3,under,under,player_games
prizepicks,15213151,2026-09-27T16:05:58+00:00,6.0,3,under,under,player_games
prizepicks,15213153,2026-09-27T16:05:58+00:00,5.0,3,under,under,player_games
prizepicks,15213154,2026-09-27T16:05:58+00:00,13.0,3,over,over,player_games
prizepicks,15213155,2026-09-27T16:05:58+00:00,7.0,3,under,under,player_games
prizepicks,15213156,2026-09-27T16:05:58+00:00,6.0,3,under,under,player_games
prizepicks,15213157,2026-09-27T16:05:58+00:00,4.0,3,under,under,player_games
prizepicks,15213158,2026-09-27T16:05:58+00:00,1.0,3,under,under,player_games
prizepicks,15213159,2026-09-27T16:05:58+00:00,3.0,3,under,under,player_games
prizepicks,15213160,2026-09-27T16:05:58+00:00,8.0,3,over,over,player_games
prizepicks,15213161,2026-09-27T16:05:58+00:00,5.0,3,over,over,player_games
prizepicks,15201749,2026-09-27T16:05:58+00:00,17.0,2,under,under,player_games
prizepicks,15201750,2026-09-27T16:05:58+00:00,28.0,2,under,under,player_games
prizepicks,15201751,2026-09-27T16:05:58+00:00,45.0,2,over,over,player_games
prizepicks,15201752,2026-09-27T16:05:58+00:00,34.0,2,over,over,player_games
prizepicks,15201754,2026-09-27T16:05:58+00:00,30.0,2,over,over,player_games
prizepicks,15201755,2026-09-27T16:05:58+00:00,32.0,2,over,over,player_games
prizepicks,15201758,2026-09-27T16:05:58+00:00,20.0,2,under,under,player_games
prizepicks,15201759,2026-09-27T16:05:58+00:00,10.0,2,under,under,player_games
prizepicks,15201761,2026-09-27T16:05:58+00:00,24.0,2,over,over,player_games
prizepicks,15201762,2026-09-27T16:05:58+00:00,19.0,2,over,over,player_games
prizepicks,15201764,2026-09-27T16:05:58+00:00,19.0,2,over,over,player_games
prizepicks,15201765,2026-09-27T16:05:58+00:00,18.0,2,over,over,player_games
prizepicks,15201768,2026-09-27T16:05:58+00:00,8.0,2,under,under,player_games
prizepicks,15194610,2026-09-27T16:05:58+00:00,0.0,2,void,void,player_games
prizepicks,15194611,2026-09-27T16:05:58+00:00,0.0,2,void,void,player_games
prizepicks,15194612,2026-09-27T16:05:58+00:00,0.0,2,void,void,player_games
prizepicks,15194613,2026-09-27T16:05:58+00:00,0.0,2,void,void,player_games
prizepicks,15194614,2026-09-27T16:05:58+00:00,0.0,2,void,void,player_games
prizepicks,15194615,2026-09-27T16:05:58+00:00,0.0,2,void,void,player_games
prizepicks,15194616,2026-09-27T16:05:58+00:00,0.0,2,void,void,player_games
prizepicks,15194617,2026-09-27T16:05:58+00:00,0.0,2,void,void,player_games
prizepicks,15194618,2026-09-27T16:05:58+00:00,0.0,2,void,void,player_games
prizepicks,15194619,2026-09-27T16:05:58+00:00,0.0,2,void,void,player_games
prizepicks,15194620,2026-09-27T16:05:58+00:00,0.0,2,void,void,player_games
prizepicks,15194621,2026-09-27T16:05:58+00:00,0.0,2,void,void,player_games
prizepicks,15194622,2026-09-27T16:05:58+00:00,0.0,2,void,void,player_games
prizepicks,15194623,2026-09-27T16:05:58+00:00,0.0,2,void,void,player_games
prizepicks,15194624,2026-09-27T16:05:58+00:00,0.0,2,void,void,player_games
prizepicks,15194625,2026-09-27T16:05:58+00:00,0.0,2,void,void,player_games
prizepicks,15194626,2026-09-27T16:05:58+00:00,0.0,2,void,void,player_games
prizepicks,15194627,2026-09-27T16:05:58+00:00,0.0,2,void,void,player_games
prizepicks,15194628,2026-09-27T16:05:58+00:00,0.0,2,void,void,player_games
prizepicks,15194629,2026-09-27T16:05:58+00:00,0.0,2,void,void,player_games
prizepicks,15195630,2026-09-27T16:05:58+00:00,9.0,3,under,under,player_games
prizepicks,15195632,2026-09-27T16:05:58+00:00,13.0,3,under,under,player_games
prizepicks,15195633,2026-09-27T16:05:58+00:00,23.0,3,over,over,player_games
prizepicks,15195635,2026-09-27T16:05:58+00:00,5.0,3,under,under,player_games
prizepicks,15195637,2026-09-27T16:05:58+00:00,11.0,3,over,over,player_games
prizepicks,15195638,2026-09-27T16:05:58+00:00,6.0,3,under,under,player_games
prizepicks,15195194,2026-09-27T16:05:58+00:00,31.0,2,under,under,player_games
prizepicks,15195199,2026-09-27T16:05:58+00:00,18.0,2,under,under,player_games
prizepicks,15195195,2026-09-27T16:05:58+00:00,31.0,2,over,over,player_games
prizepicks,15195200,2026-09-27T16:05:58+00:00,12.0,2,over,over,player_games
prizepicks,15195196,2026-09-27T16:05:58+00:00,30.0,2,over,over,player_games
prizepicks,15195201,2026-09-27T16:05:58+00:00,11.0,2,under,under,player_games
prizepicks,15195197,2026-09-27T16:05:58+00:00,27.0,2,under,under,player_games
prizepicks,15195202,2026-09-27T16:05:58+00:00,14.0,2,over,over,player_games
prizepicks,15195198,2026-09-27T16:05:58+00:00,13.0,2,under,under,player_games
prizepicks,15195203,2026-09-27T16:05:58+00:00,8.0,2,under,under,player_games
prizepicks,15200440,2026-09-27T16:05:58+00:00,25.0,2,under,under,player_games
prizepicks,15200441,2026-09-27T16:05:58+00:00,33.0,2,over,over,player_games
prizepicks,15200442,2026-09-27T16:05:58+00:00,38.0,2,over,over,player_games
prizepicks,15200444,2026-09-27T16:05:58+00:00,33.0,2,over,over,player_games
prizepicks,15200445,2026-09-27T16:05:58+00:00,24.0,2,under,under,player_games
prizepicks,15200446,2026-09-27T16:05:58+00:00,35.0,2,over,over,player_games
prizepicks,15200447,2026-09-27T16:05:58+00:00,25.0,2,under,under,player_games
prizepicks,15200448,2026-09-27T16:05:58+00:00,16.0,2,under,under,player_games
prizepicks,15200449,2026-09-27T16:05:58+00:00,25.0,2,push,push,player_games
prizepicks,15200450,2026-09-27T16:05:58+00:00,16.0,2,under,under,player_games
prizepicks,15200451,2026-09-27T16:05:58+00:00,6.0,2,under,under,player_games
prizepicks,15200452,2026-09-27T16:05:58+00:00,23.0,2,over,over,player_games
prizepicks,15200454,2026-09-27T16:05:58+00:00,19.0,2,over,over,player_games
prizepicks,15200455,2026-09-27T16:05:58+00:00,7.0,2,under,under,player_games
prizepicks,15200456,2026-09-27T16:05:58+00:00,16.0,2,over,over,player_games
prizepicks,15200457,2026-09-27T16:05:58+00:00,9.0,2,under,under,player_games
prizepicks,15200458,2026-09-27T16:05:58+00:00,8.0,2,under,under,player_games
prizepicks,15200459,2026-09-27T16:05:58+00:00,14.0,2,over,over,player_games
prizepicks,15213092,2026-09-27T16:05:58+00:00,31.0,2,under,under,player_games
prizepicks,15213093,2026-09-27T16:05:58+00:00,23.0,2,under,under,player_games
prizepicks,15213096,2026-09-27T16:05:58+00:00,27.0,2,under,under,player_games
prizepicks,15213097,2026-09-27T16:05:58+00:00,19.0,2,over,over,player_games
prizepicks,15213098,2026-09-27T16:05:58+00:00,12.0,2,under,under,player_games
prizepicks,15213101,2026-09-27T16:05:58+00:00,10.0,2,under,under,player_games
prizepicks,15194506,2026-09-27T16:05:58+00:00,26.0,3,under,under,player_games
prizepicks,15194507,2026-09-27T16:05:58+00:00,19.0,3,under,under,player_games
prizepicks,15194508,2026-09-27T16:05:58+00:00,19.0,3,under,under,player_games
prizepicks,15194509,2026-09-27T16:05:58+00:00,23.0,3,under,under,player_games
prizepicks,15194510,2026-09-27T16:05:58+00:00,21.0,3,under,under,player_games
prizepicks,15194511,2026-09-27T16:05:58+00:00,32.0,3,over,over,player_games
prizepicks,15194512,2026-09-27T16:05:58+00:00,24.0,3,under,under,player_games
prizepicks,15194513,2026-09-27T16:05:58+00:00,27.0,3,under,under,player_games
prizepicks,15194514,2026-09-27T16:05:58+00:00,29.0,3,over,over,player_games
prizepicks,15194515,2026-09-27T16:05:58+00:00,31.0,3,over,over,player_games
prizepicks,15194516,2026-09-27T16:05:58+00:00,13.0,3,under,under,player_games
prizepicks,15194517,2026-09-27T16:05:58+00:00,10.0,3,under,under,player_games
prizepicks,15194518,2026-09-27T16:05:58+00:00,10.0,3,under,under,player_games
prizepicks,15194519,2026-09-27T16:05:58+00:00,17.0,3,under,under,player_games
prizepicks,15194520,2026-09-27T16:05:58+00:00,10.0,3,under,under,player_games
prizepicks,15194521,2026-09-27T16:05:58+00:00,24.0,3,over,over,player_games
prizepicks,15194522,2026-09-27T16:05:58+00:00,11.0,3,under,under,player_games
prizepicks,15194523,2026-09-27T16:05:58+00:00,12.0,3,under,under,player_games
prizepicks,15194524,2026-09-27T16:05:58+00:00,8.0,3,under,under,player_games
prizepicks,15194525,2026-09-27T16:05:58+00:00,14.0,3,push,over,player_games
prizepicks,15196267,2026-09-27T16:05:58+00:00,0.0,2,void,void,player_games
prizepicks,15196277,2026-09-27T16:05:58+00:00,0.0,2,void,void,player_games
prizepicks,15196268,2026-09-27T16:05:58+00:00,0.0,2,void,void,player_games
prizepicks,15196278,2026-09-27T16:05:58+00:00,0.0,2,void,void,player_games
prizepicks,15196269,2026-09-27T16:05:58+00:00,0.0,2,void,void,player_games
prizepicks,15196279,2026-09-27T16:05:58+00:00,0.0,2,void,void,player_games
prizepicks,15196270,2026-09-27T16:05:58+00:00,0.0,2,void,void,player_games
prizepicks,15196280,2026-09-27T16:05:58+00:00,0.0,2,void,void,player_games
prizepicks,15196271,2026-09-27T16:05:58+00:00,0.0,2,void,void,player_games
prizepicks,15196281,2026-09-27T16:05:58+00:00,0.0,2,void,void,player_games
prizepicks,15196273,2026-09-27T16:05:58+00:00,0.0,2,void,void,player_games
prizepicks,15196283,2026-09-27T16:05:58+00:00,0.0,2,void,void,player_games
prizepicks,15196274,2026-09-27T16:05:58+00:00,0.0,2,void,void,player_games
prizepicks,15196284,2026-09-27T16:05:58+00:00,0.0,2,void,void,player_games
prizepicks,15196275,2026-09-27T16:05:58+00:00,0.0,2,void,void,player_games
prizepicks,15196285,2026-09-27T16:05:58+00:00,0.0,2,void,void,player_games
prizepicks,15196276,2026-09-27T16:05:58+00:00,0.0,2,void,void,player_games
prizepicks,15196286,2026-09-27T16:05:58+00:00,0.0,2,void,void,player_games
prizepicks,15192295,2026-09-27T16:05:58+00:00,0.0,2,void,void,player_games
prizepicks,15192296,2026-09-27T16:05:58+00:00,0.0,2,void,void,player_games
prizepicks,15192297,2026-09-27T16:05:58+00:00,0.0,2,void,void,player_games
prizepicks,15192298,2026-09-27T16:05:58+00:00,0.0,2,void,void,player_games
prizepicks,15192299,2026-09-27T16:05:58+00:00,0.0,2,void,void,player_games
prizepicks,15192301,2026-09-27T16:05:58+00:00,0.0,2,void,void,player_games
prizepicks,15192302,2026-09-27T16:05:58+00:00,0.0,2,void,void,player_games
prizepicks,15192304,2026-09-27T16:05:58+00:00,0.0,2,void,void,player_games
prizepicks,15192305,2026-09-27T16:05:58+00:00,0.0,2,void,void,player_games
prizepicks,15192309,2026-09-27T16:05:58+00:00,0.0,2,void,void,player_games
prizepicks,15192310,2026-09-27T16:05:58+00:00,0.0,2,void,void,player_games
prizepicks,15192313,2026-09-27T16:05:58+00:00,0.0,2,void,void,player_games
prizepicks,15192314,2026-09-27T16:05:58+00:00,0.0,2,void,void,player_games
prizepicks,15192315,2026-09-27T16:05:58+00:00,0.0,2,void,void,player_games
prizepicks,15192317,2026-09-27T16:05:58+00:00,0.0,2,void,void,player_games
prizepicks,15192318,2026-09-27T16:05:58+00:00,0.0,2,void,void,player_games
prizepicks,15192319,2026-09-27T16:05:58+00:00,0.0,2,void,void,player_games
prizepicks,15192320,2026-09-27T16:05:58+00:00,0.0,2,void,void,player_games
prizepicks,15192251,2026-09-27T16:05:58+00:00,34.0,2,over,over,player_games
prizepicks,15192252,2026-09-27T16:05:58+00:00,20.0,2,over,over,player_games
prizepicks,15192253,2026-09-27T16:05:58+00:00,8.0,2,under,under,player_games
prizepicks,15192254,2026-09-27T16:05:58+00:00,15.0,2,under,under,player_games
prizepicks,15192255,2026-09-27T16:05:58+00:00,24.0,2,over,over,player_games
prizepicks,15192256,2026-09-27T16:05:58+00:00,24.0,2,over,over,player_games
prizepicks,15192257,2026-09-27T16:05:58+00:00,10.0,2,under,under,player_games
prizepicks,15192258,2026-09-27T16:05:58+00:00,20.0,2,over,over,player_games
prizepicks,15192241,2026-09-27T16:05:58+00:00,47.0,2,over,over,player_games
prizepicks,15192242,2026-09-27T16:05:58+00:00,33.0,2,over,over,player_games
prizepicks,15192243,2026-09-27T16:05:58+00:00,40.0,2,over,over,player_games
prizepicks,15192244,2026-09-27T16:05:58+00:00,29.0,2,over,over,player_games
prizepicks,15192245,2026-09-27T16:05:58+00:00,37.0,2,over,over,player_games
prizepicks,15192246,2026-09-27T16:05:58+00:00,32.0,2,over,over,player_games
prizepicks,15192247,2026-09-27T16:05:58+00:00,29.0,2,over,over,player_games
prizepicks,15192248,2026-09-27T16:05:58+00:00,39.0,2,over,over,player_games
prizepicks,15192249,2026-09-27T16:05:58+00:00,32.0,2,under,under,player_games
prizepicks,15201779,2026-09-27T16:05:58+00:00,0.0,2,void,void,player_games
prizepicks,15201780,2026-09-27T16:05:58+00:00,0.0,2,void,void,player_games
prizepicks,15201781,2026-09-27T16:05:58+00:00,0.0,2,void,void,player_games
prizepicks,15201782,2026-09-27T16:05:58+00:00,0.0,2,void,void,player_games
prizepicks,15201784,2026-09-27T16:05:58+00:00,0.0,2,void,void,player_games
prizepicks,15201785,2026-09-27T16:05:58+00:00,0.0,2,void,void,player_games
prizepicks,15201788,2026-09-27T16:05:58+00:00,0.0,2,void,void,player_games
prizepicks,15201789,2026-09-27T16:05:58+00:00,0.0,2,void,void,player_games
prizepicks,15201791,2026-09-27T16:05:58+00:00,0.0,2,void,void,player_games
prizepicks,15201792,2026-09-27T16:05:58+00:00,0.0,2,void,void,player_games
prizepicks,15201794,2026-09-27T16:05:58+00:00,0.0,2,void,void,player_games
prizepicks,15201795,2026-09-27T16:05:58+00:00,0.0,2,void,void,player_games
prizepicks,15201798,2026-09-27T16:05:58+00:00,0.0,2,void,void,player_games
prizepicks,15195183,2026-09-27T16:05:58+00:00,0.0,2,void,void,player_games
prizepicks,15195189,2026-09-27T16:05:58+00:00,0.0,2,void,void,player_games
prizepicks,15195184,2026-09-27T16:05:58+00:00,0.0,2,void,void,player_games
prizepicks,15195190,2026-09-27T16:05:58+00:00,0.0,2,void,void,player_games
prizepicks,15195186,2026-09-27T16:05:58+00:00,0.0,2,void,void,player_games
prizepicks,15195191,2026-09-27T16:05:58+00:00,0.0,2,void,void,player_games
prizepicks,15195187,2026-09-27T16:05:58+00:00,0.0,2,void,void,player_games
prizepicks,15195192,2026-09-27T16:05:58+00:00,0.0,2,void,void,player_games
prizepicks,15195188,2026-09-27T16:05:58+00:00,0.0,2,void,void,player_games
prizepicks,15195193,2026-09-27T16:05:58+00:00,0.0,2,void,void,player_games
prizepicks,15213162,2026-09-27T16:05:58+00:00,0.0,2,void,void,player_games
prizepicks,15213163,2026-09-27T16:05:58+00:00,0.0,2,void,void,player_games
prizepicks,15213166,2026-09-27T16:05:58+00:00,0.0,2,void,void,player_games
prizepicks,15213167,2026-09-27T16:05:58+00:00,0.0,2,void,void,player_games
prizepicks,15213168,2026-09-27T16:05:58+00:00,0.0,2,void,void,player_games
prizepicks,15213171,2026-09-27T16:05:58+00:00,0.0,2,void,void,player_games
prizepicks,15200481,2026-09-27T16:05:58+00:00,0.0,2,void,void,player_games
prizepicks,15200482,2026-09-27T16:05:58+00:00,0.0,2,void,void,player_games
prizepicks,15200483,2026-09-27T16:05:58+00:00,0.0,2,void,void,player_games
prizepicks,15200485,2026-09-27T16:05:58+00:00,0.0,2,void,void,player_games
prizepicks,15200486,2026-09-27T16:05:58+00:00,0.0,2,void,void,player_games
prizepicks,15200487,2026-09-27T16:05:58+00:00,0.0,2,void,void,player_games
prizepicks,15200488,2026-09-27T16:05:58+00:00,0.0,2,void,void,player_games
prizepicks,15200489,2026-09-27T16:05:58+00:00,0.0,2,void,void,player_games
prizepicks,15200490,2026-09-27T16:05:58+00:00,0.0,2,void,void,player_games
prizepicks,15200491,2026-09-27T16:05:58+00:00,0.0,2,void,void,player_games
prizepicks,15200492,2026-09-27T16:05:58+00:00,0.0,2,void,void,player_games
prizepicks,15200493,2026-09-27T16:05:58+00:00,0.0,2,void,void,player_games
prizepicks,15200495,2026-09-27T16:05:58+00:00,0.0,2,void,void,player_games
prizepicks,15200496,2026-09-27T16:05:58+00:00,0.0,2,void,void,player_games
prizepicks,15200497,2026-09-27T16:05:58+00:00,0.0,2,void,void,player_games
prizepicks,15200498,2026-09-27T16:05:58+00:00,0.0,2,void,void,player_games
prizepicks,15200499,2026-09-27T16:05:58+00:00,0.0,2,void,void,player_games
prizepicks,15200500,2026-09-27T16:05:58+00:00,0.0,2,void,void,player_games
prizepicks,15194630,2026-09-27T16:05:58+00:00,14.0,3,under,under,player_games
prizepicks,15194631,2026-09-27T16:05:58+00:00,21.0,3,over,over,player_games
prizepicks,15194632,2026-09-27T16:05:58+00:00,17.0,3,over,over,player_games
prizepicks,15194633,2026-09-27T16:05:58+00:00,14.0,3,push,push,player_games
prizepicks,15194634,2026-09-27T16:05:58+00:00,9.0,3,under,under,player_games
prizepicks,15194635,2026-09-27T16:05:58+00:00,16.0,3,over,over,player_games
prizepicks,15194636,2026-09-27T16:05:58+00:00,10.0,3,under,under,player_games
prizepicks,15194637,2026-09-27T16:05:58+00:00,17.0,3,over,over,player_games
prizepicks,15194638,2026-09-27T16:05:58+00:00,15.0,3,over,over,player_games
prizepicks,15194639,2026-09-27T16:05:58+00:00,8.0,3,under,under,player_games
prizepicks,15194640,2026-09-27T16:05:58+00:00,6.0,3,under,under,player_games
prizepicks,15194641,2026-09-27T16:05:58+00:00,6.0,3,push,push,player_games
prizepicks,15194642,2026-09-27T16:05:58+00:00,8.0,3,under,under,player_games
prizepicks,15194643,2026-09-27T16:05:58+00:00,10.0,3,over,over,player_games
prizepicks,15194644,2026-09-27T16:05:58+00:00,5.0,3,under,under,player_games
prizepicks,15194645,2026-09-27T16:05:58+00:00,9.0,3,over,over,player_games
prizepicks,15194646,2026-09-27T16:05:58+00:00,5.0,3,under,under,player_games
prizepicks,15194647,2026-09-27T16:05:58+00:00,10.0,3,over,over,player_games
prizepicks,15194648,2026-09-27T16:05:58+00:00,8.0,3,over,over,player_games
prizepicks,15194649,2026-09-27T16:05:58+00:00,4.0,3,under,under,player_games
prizepicks,15200460,2026-09-27T16:05:58+00:00,37.0,2,over,over,player_games
prizepicks,15200461,2026-09-27T16:05:58+00:00,33.0,2,over,over,player_games
prizepicks,15200462,2026-09-27T16:05:58+00:00,32.0,2,over,over,player_games
prizepicks,15200464,2026-09-27T16:05:58+00:00,20.0,2,under,under,player_games
prizepicks,15200465,2026-09-27T16:05:58+00:00,22.0,2,under,under,player_games
prizepicks,15200466,2026-09-27T16:05:58+00:00,29.0,2,over,over,player_games
prizepicks,15200467,2026-09-27T16:05:58+00:00,17.0,2,under,under,player_games
prizepicks,15200468,2026-09-27T16:05:58+00:00,24.0,2,under,under,player_games
prizepicks,15200469,2026-09-27T16:05:58+00:00,18.0,2,under,under,player_games
prizepicks,15200470,2026-09-27T16:05:58+00:00,12.0,2,over,over,player_games
prizepicks,15200471,2026-09-27T16:05:58+00:00,13.0,2,under,under,player_games
prizepicks,15200472,2026-09-27T16:05:58+00:00,21.0,2,over,over,player_games
prizepicks,15200474,2026-09-27T16:05:58+00:00,12.0,2,under,under,player_games
prizepicks,15200475,2026-09-27T16:05:58+00:00,14.0,2,under,under,player_games
prizepicks,15200476,2026-09-27T16:05:58+00:00,20.0,2,over,over,player_games
prizepicks,15200477,2026-09-27T16:05:58+00:00,13.0,2,under,under,player_games
prizepicks,15200478,2026-09-27T16:05:58+00:00,13.0,2,over,over,player_games
prizepicks,15200479,2026-09-27T16:05:58+00:00,8.0,2,under,under,player_games
prizepicks,15198653,2026-09-27T16:05:58+00:00,40.0,2,over,over,player_games
prizepicks,15198663,2026-09-27T16:05:58+00:00,24.0,2,over,over,player_games
prizepicks,15198655,2026-09-27T16:05:58+00:00,36.0,2,over,over,player_games
prizepicks,15198665,2026-09-27T16:05:58+00:00,9.0,2,under,under,player_games
prizepicks,15198656,2026-09-27T16:05:58+00:00,26.0,2,under,under,player_games
prizepicks,15198666,2026-09-27T16:05:58+00:00,15.0,2,under,under,player_games
prizepicks,15198657,2026-09-27T16:05:58+00:00,29.0,2,over,over,player_games
prizepicks,15198667,2026-09-27T16:05:58+00:00,9.0,2,under,under,player_games
prizepicks,15198658,2026-09-27T16:05:58+00:00,25.0,2,under,under,player_games
prizepicks,15198668,2026-09-27T16:05:58+00:00,12.0,2,over,over,player_games
prizepicks,15198659,2026-09-27T16:05:58+00:00,16.0,2,under,under,player_games
prizepicks,15198669,2026-09-27T16:05:58+00:00,6.0,2,under,under,player_games
prizepicks,15198660,2026-09-27T16:05:58+00:00,18.0,2,under,under,player_games
prizepicks,15198670,2026-09-27T16:05:58+00:00,7.0,2,under,under,player_games
prizepicks,15198661,2026-09-27T16:05:58+00:00,39.0,2,over,over,player_games
prizepicks,15198671,2026-09-27T16:05:58+00:00,27.0,2,over,over,player_games
prizepicks,15198662,2026-09-27T16:05:58+00:00,20.0,2,under,under,player_games
prizepicks,15198672,2026-09-27T16:05:58+00:00,7.0,2,under,under,player_games
prizepicks,15194526,2026-09-27T16:05:58+00:00,35.0,2,over,over,player_games
prizepicks,15194527,2026-09-27T16:05:58+00:00,35.0,2,over,over,player_games
prizepicks,15194528,2026-09-27T16:05:58+00:00,32.0,2,over,over,player_games
prizepicks,15194529,2026-09-27T16:05:58+00:00,23.0,2,under,under,player_games
prizepicks,15194530,2026-09-27T16:05:58+00:00,32.0,2,over,over,player_games
prizepicks,15194531,2026-09-27T16:05:58+00:00,32.0,2,over,over,player_games
prizepicks,15194532,2026-09-27T16:05:58+00:00,21.0,2,under,under,player_games
prizepicks,15194533,2026-09-27T16:05:58+00:00,28.0,2,push,push,player_games
prizepicks,15194534,2026-09-27T16:05:58+00:00,30.0,2,over,over,player_games
prizepicks,15194535,2026-09-27T16:05:58+00:00,23.0,2,under,under,player_games
prizepicks,15194538,2026-09-27T16:05:58+00:00,25.0,2,over,over,player_games
prizepicks,15194542,2026-09-27T16:05:58+00:00,21.0,2,over,over,player_games
prizepicks,15194543,2026-09-27T16:05:58+00:00,22.0,2,over,over,player_games
prizepicks,15194545,2026-09-27T16:05:58+00:00,9.0,2,under,under,player_games
prizepicks,15194546,2026-09-27T16:05:58+00:00,11.0,2,under,under,player_games
prizepicks,15194547,2026-09-27T16:05:58+00:00,18.0,2,over,over,player_games
prizepicks,15194548,2026-09-27T16:05:58+00:00,13.0,2,under,under,player_games
prizepicks,15194549,2026-09-27T16:05:58+00:00,5.0,2,under,under,player_games
prizepicks,15194550,2026-09-27T16:05:58+00:00,15.0,2,push,push,player_games
prizepicks,15194551,2026-09-27T16:05:58+00:00,19.0,2,over,over,player_games
prizepicks,15192331,2026-09-27T16:05:58+00:00,0.0,2,void,void,player_games
prizepicks,15192332,2026-09-27T16:05:58+00:00,0.0,2,void,void,player_games
prizepicks,15192333,2026-09-27T16:05:58+00:00,0.0,2,void,void,player_games
prizepicks,15192334,2026-09-27T16:05:58+00:00,0.0,2,void,void,player_games
prizepicks,15192335,2026-09-27T16:05:58+00:00,0.0,2,void,void,player_games
prizepicks,15192336,2026-09-27T16:05:58+00:00,0.0,2,void,void,player_games
prizepicks,15192337,2026-09-27T16:05:58+00:00,0.0,2,void,void,player_games
prizepicks,15192338,2026-09-27T16:05:58+00:00,0.0,2,void,void,player_games
prizepicks,15192321,2026-09-27T16:05:58+00:00,0.0,2,void,void,player_games
prizepicks,15192322,2026-09-27T16:05:58+00:00,0.0,2,void,void,player_games
prizepicks,15192323,2026-09-27T16:05:58+00:00,0.0,2,void,void,player_games
prizepicks,15192324,2026-09-27T16:05:58+00:00,0.0,2,void,void,player_games
prizepicks,15192325,2026-09-27T16:05:58+00:00,0.0,2,void,void,player_games
prizepicks,15192326,2026-09-27T16:05:58+00:00,0.0,2,void,void,player_games
prizepicks,15192327,2026-09-27T16:05:58+00:00,0.0,2,void,void,player_games
prizepicks,15192328,2026-09-27T16:05:58+00:00,0.0,2,void,void,player_games
prizepicks,15192329,2026-09-27T16:05:58+00:00,0.0,2,void,void,player_games
prizepicks,15212932,2026-09-27T16:05:58+00:00,15.0,2,under,under,player_games
prizepicks,15212935,2026-09-27T16:05:58+00:00,21.0,2,over,over,player_games
prizepicks,15212924,2026-09-27T16:05:58+00:00,24.0,2,over,over,player_games
prizepicks,15212931,2026-09-27T16:05:58+00:00,15.0,2,under,under,player_games
prizepicks,15212934,2026-09-27T16:05:58+00:00,21.0,2,over,over,player_games
prizepicks,15212933,2026-09-27T16:05:58+00:00,15.0,2,over,over,player_games
prizepicks,15212936,2026-09-27T16:05:58+00:00,21.0,2,over,over,player_games
prizepicks,15212922,2026-09-27T16:05:58+00:00,13.0,2,under,under,player_games
prizepicks,15212923,2026-09-27T16:05:58+00:00,11.0,2,under,under,player_games
prizepicks,15212905,2026-09-27T16:05:58+00:00,15.0,2,over,over,player_games
prizepicks,15212907,2026-09-27T16:05:58+00:00,9.0,2,under,under,player_games
prizepicks,15212904,2026-09-27T16:05:58+00:00,7.0,2,over,under,player_games
prizepicks,15212906,2026-09-27T16:05:58+00:00,6.0,2,under,under,player_games
prizepicks,15212980,2026-09-27T16:05:58+00:00,12.0,3,under,under,player_games
prizepicks,15212960,2026-09-27T16:05:58+00:00,25.0,3,over,over,player_games
prizepicks,15212974,2026-09-27T16:05:58+00:00,27.0,3,over,over,player_games
prizepicks,15212979,2026-09-27T16:05:58+00:00,12.0,3,under,under,player_games
prizepicks,15212997,2026-09-27T16:05:58+00:00,18.0,3,over,over,player_games
prizepicks,15212959,2026-09-27T16:05:58+00:00,25.0,3,over,over,player_games
prizepicks,15212973,2026-09-27T16:05:58+00:00,27.0,3,over,over,player_games
prizepicks,15212981,2026-09-27T16:05:58+00:00,12.0,3,under,under,player_games
prizepicks,15212996,2026-09-27T16:05:58+00:00,18.0,3,over,over,player_games
prizepicks,15212961,2026-09-27T16:05:58+00:00,25.0,3,over,over,player_games
prizepicks,15212975,2026-09-27T16:05:58+00:00,27.0,3,over,over,player_games
prizepicks,15212992,2026-09-27T16:05:58+00:00,15.0,3,over,over,player_games
prizepicks,15212998,2026-09-27T16:05:58+00:00,18.0,3,over,over,player_games
prizepicks,15212991,2026-09-27T16:05:58+00:00,15.0,3,over,over,player_games
prizepicks,15212993,2026-09-27T16:05:58+00:00,15.0,3,over,over,player_games
prizepicks,15212958,2026-09-27T16:05:58+00:00,12.0,3,over,over,player_games
prizepicks,15215017,2026-09-27T16:05:58+00:00,24.0,2,under,under,player_games
prizepicks,15215022,2026-09-27T16:05:58+00:00,13.0,2,under,under,player_games
prizepicks,15215018,2026-09-27T16:05:58+00:00,24.0,2,under,under,player_games
prizepicks,15215019,2026-09-27T16:05:58+00:00,36.0,2,over,over,player_games
prizepicks,15215024,2026-09-27T16:05:58+00:00,23.0,2,over,over,player_games
prizepicks,15215020,2026-09-27T16:05:58+00:00,44.0,2,over,over,player_games
prizepicks,15215025,2026-09-27T16:05:58+00:00,24.0,2,over,over,player_games
prizepicks,15215272,2026-09-27T16:05:58+00:00,39.0,3,over,over,player_games
prizepicks,15215280,2026-09-27T16:05:58+00:00,23.0,3,over,over,player_games
prizepicks,15215273,2026-09-27T16:05:58+00:00,39.0,3,over,over,player_games
prizepicks,15215281,2026-09-27T16:05:58+00:00,17.0,3,over,over,player_games
prizepicks,15215274,2026-09-27T16:05:58+00:00,30.0,3,over,over,player_games
prizepicks,15215282,2026-09-27T16:05:58+00:00,12.0,3,under,under,player_games
prizepicks,15215275,2026-09-27T16:05:58+00:00,29.0,3,under,under,player_games
prizepicks,15215283,2026-09-27T16:05:58+00:00,12.0,3,under,under,player_games
prizepicks,15215277,2026-09-27T16:05:58+00:00,30.0,3,under,under,player_games
prizepicks,15215285,2026-09-27T16:05:58+00:00,17.0,3,over,over,player_games
prizepicks,15215279,2026-09-27T16:05:58+00:00,28.0,3,over,over,player_games
prizepicks,15215287,2026-09-27T16:05:58+00:00,14.0,3,over,over,player_games
prizepicks,15200501,2026-09-27T16:05:58+00:00,0.0,2,void,void,player_games
prizepicks,15200502,2026-09-27T16:05:58+00:00,0.0,2,void,void,player_games
prizepicks,15200503,2026-09-27T16:05:58+00:00,0.0,2,void,void,player_games
prizepicks,15200505,2026-09-27T16:05:58+00:00,0.0,2,void,void,player_games
prizepicks,15200506,2026-09-27T16:05:58+00:00,0.0,2,void,void,player_games
prizepicks,15200507,2026-09-27T16:05:58+00:00,0.0,2,void,void,player_games
prizepicks,15200508,2026-09-27T16:05:58+00:00,0.0,2,void,void,player_games
prizepicks,15200509,2026-09-27T16:05:58+00:00,0.0,2,void,void,player_games
prizepicks,15200510,2026-09-27T16:05:58+00:00,0.0,2,void,void,player_games
prizepicks,15200511,2026-09-27T16:05:58+00:00,0.0,2,void,void,player_games
prizepicks,15200512,2026-09-27T16:05:58+00:00,0.0,2,void,void,player_games
prizepicks,15200513,2026-09-27T16:05:58+00:00,0.0,2,void,void,player_games
prizepicks,15200515,2026-09-27T16:05:58+00:00,0.0,2,void,void,player_games
prizepicks,15200516,2026-09-27T16:05:58+00:00,0.0,2,void,void,player_games
prizepicks,15200517,2026-09-27T16:05:58+00:00,0.0,2,void,void,player_games
prizepicks,15200518,2026-09-27T16:05:58+00:00,0.0,2,void,void,player_games
prizepicks,15200519,2026-09-27T16:05:58+00:00,0.0,2,void,void,player_games
prizepicks,15200520,2026-09-27T16:05:58+00:00,0.0,2,void,void,player_games
prizepicks,15198633,2026-09-27T16:05:58+00:00,0.0,2,void,void,player_games
prizepicks,15198643,2026-09-27T16:05:58+00:00,0.0,2,void,void,player_games
prizepicks,15198635,2026-09-27T16:05:58+00:00,0.0,2,void,void,player_games
prizepicks,15198645,2026-09-27T16:05:58+00:00,0.0,2,void,void,player_games
prizepicks,15198636,2026-09-27T16:05:58+00:00,0.0,2,void,void,player_games
prizepicks,15198646,2026-09-27T16:05:58+00:00,0.0,2,void,void,player_games
prizepicks,15198637,2026-09-27T16:05:58+00:00,0.0,2,void,void,player_games
prizepicks,15198647,2026-09-27T16:05:58+00:00,0.0,2,void,void,player_games
prizepicks,15198638,2026-09-27T16:05:58+00:00,0.0,2,void,void,player_games
prizepicks,15198648,2026-09-27T16:05:58+00:00,0.0,2,void,void,player_games
prizepicks,15198639,2026-09-27T16:05:58+00:00,0.0,2,void,void,player_games
prizepicks,15198649,2026-09-27T16:05:58+00:00,0.0,2,void,void,player_games
prizepicks,15198640,2026-09-27T16:05:58+00:00,0.0,2,void,void,player_games
prizepicks,15198650,2026-09-27T16:05:58+00:00,0.0,2,void,void,player_games
prizepicks,15198641,2026-09-27T16:05:58+00:00,0.0,2,void,void,player_games
prizepicks,15198651,2026-09-27T16:05:58+00:00,0.0,2,void,void,player_games
prizepicks,15198642,2026-09-27T16:05:58+00:00,0.0,2,void,void,player_games
prizepicks,15198652,2026-09-27T16:05:58+00:00,0.0,2,void,void,player_games
prizepicks,15194650,2026-09-27T16:05:58+00:00,0.0,2,void,void,player_games
prizepicks,15194651,2026-09-27T16:05:58+00:00,0.0,2,void,void,player_games
prizepicks,15194652,2026-09-27T16:05:58+00:00,0.0,2,void,void,player_games
prizepicks,15194653,2026-09-27T16:05:58+00:00,0.0,2,void,void,player_games
prizepicks,15194654,2026-09-27T16:05:58+00:00,0.0,2,void,void,player_games
prizepicks,15194655,2026-09-27T16:05:58+00:00,0.0,2,void,void,player_games
prizepicks,15194656,2026-09-27T16:05:58+00:00,0.0,2,void,void,player_games
prizepicks,15194657,2026-09-27T16:05:58+00:00,0.0,2,void,void,player_games
prizepicks,15194658,2026-09-27T16:05:58+00:00,0.0,2,void,void,player_games
prizepicks,15194659,2026-09-27T16:05:58+00:00,0.0,2,void,void,player_games
prizepicks,15194660,2026-09-27T16:05:58+00:00,0.0,2,void,void,player_games
prizepicks,15194661,2026-09-27T16:05:58+00:00,0.0,2,void,void,player_games
prizepicks,15194662,2026-09-27T16:05:58+00:00,0.0,2,void,void,player_games
prizepicks,15194663,2026-09-27T16:05:58+00:00,0.0,2,void,void,player_games
prizepicks,15194664,2026-09-27T16:05:58+00:00,0.0,2,void,void,player_games
prizepicks,15194665,2026-09-27T16:05:58+00:00,0.0,2,void,void,player_games
prizepicks,15194666,2026-09-27T16:05:58+00:00,0.0,2,void,void,player_games
prizepicks,15194667,2026-09-27T16:05:58+00:00,0.0,2,void,void,player_games
prizepicks,15194668,2026-09-27T16:05:58+00:00,0.0,2,void,void,player_games
prizepicks,15194669,2026-09-27T16:05:58+00:00,0.0,2,void,void,player_games
prizepicks,15215040,2026-09-27T16:05:58+00:00,0.0,2,void,void,player_games
prizepicks,15215045,2026-09-27T16:05:58+00:00,0.0,2,void,void,player_games
prizepicks,15215041,2026-09-27T16:05:58+00:00,0.0,2,void,void,player_games
prizepicks,15215042,2026-09-27T16:05:58+00:00,0.0,2,void,void,player_games
prizepicks,15215047,2026-09-27T16:05:58+00:00,0.0,2,void,void,player_games
prizepicks,15215043,2026-09-27T16:05:58+00:00,0.0,2,void,void,player_games
prizepicks,15215048,2026-09-27T16:05:58+00:00,0.0,2,void,void,player_games
prizepicks,15215529,2026-09-27T16:05:58+00:00,19.0,3,over,over,player_games
prizepicks,15215537,2026-09-27T16:05:58+00:00,7.0,3,under,under,player_games
prizepicks,15215530,2026-09-27T16:05:58+00:00,17.0,3,over,over,player_games
prizepicks,15215538,2026-09-27T16:05:58+00:00,6.0,3,under,under,player_games
prizepicks,15215531,2026-09-27T16:05:58+00:00,14.0,3,over,over,player_games
prizepicks,15215539,2026-09-27T16:05:58+00:00,5.0,3,under,under,player_games
prizepicks,15215532,2026-09-27T16:05:58+00:00,11.0,3,under,under,player_games
prizepicks,15215540,2026-09-27T16:05:58+00:00,8.0,3,push,push,player_games
prizepicks,15215534,2026-09-27T16:05:58+00:00,20.0,3,over,over,player_games
prizepicks,15215542,2026-09-27T16:05:58+00:00,11.0,3,over,over,player_games
prizepicks,15215536,2026-09-27T16:05:58+00:00,13.0,3,push,push,player_games
prizepicks,15215544,2026-09-27T16:05:58+00:00,8.0,3,over,over,player_games
prizepicks,15228548,2026-09-27T16:05:58+00:00,33.0,2,push,push,player_games
prizepicks,15228558,2026-09-27T16:05:58+00:00,14.0,2,under,under,player_games
prizepicks,15228549,2026-09-27T16:05:58+00:00,29.0,2,under,under,player_games
prizepicks,15228559,2026-09-27T16:05:58+00:00,9.0,2,push,push,player_games
prizepicks,15228550,2026-09-27T16:05:58+00:00,27.0,2,under,under,player_games
prizepicks,15228560,2026-09-27T16:05:58+00:00,13.0,2,under,under,player_games
prizepicks,15228551,2026-09-27T16:05:58+00:00,15.0,2,under,under,player_games
prizepicks,15228561,2026-09-27T16:05:58+00:00,8.0,2,under,under,player_games
prizepicks,15228552,2026-09-27T16:05:58+00:00,27.0,2,under,under,player_games
prizepicks,15228562,2026-09-27T16:05:58+00:00,13.0,2,under,under,player_games
prizepicks,15228554,2026-09-27T16:05:58+00:00,22.0,2,under,under,player_games
prizepicks,15228564,2026-09-27T16:05:58+00:00,10.0,2,under,under,player_games
prizepicks,15228555,2026-09-27T16:05:58+00:00,17.0,2,under,under,player_games
prizepicks,15228565,2026-09-27T16:05:58+00:00,8.0,2,under,under,player_games
prizepicks,15228556,2026-09-27T16:05:58+00:00,23.0,2,under,under,player_games
prizepicks,15228566,2026-09-27T16:05:58+00:00,12.0,2,under,under,player_games
prizepicks,15228557,2026-09-27T16:05:58+00:00,10.0,2,under,under,player_games
prizepicks,15228567,2026-09-27T16:05:58+00:00,7.0,2,under,under,player_games
prizepicks,15228679,2026-09-27T16:05:58+00:00,28.0,2,under,under,player_games
prizepicks,15228684,2026-09-27T16:05:58+00:00,13.0,2,under,under,player_games
prizepicks,15228680,2026-09-27T16:05:58+00:00,31.0,2,over,over,player_games
prizepicks,15228685,2026-09-27T16:05:58+00:00,14.0,2,under,under,player_games
prizepicks,15228681,2026-09-27T16:05:58+00:00,22.0,2,under,under,player_games
prizepicks,15228686,2026-09-27T16:05:58+00:00,9.0,2,under,under,player_games
prizepicks,15228682,2026-09-27T16:05:58+00:00,28.0,2,over,over,player_games
prizepicks,15228687,2026-09-27T16:05:58+00:00,17.0,2,over,over,player_games
prizepicks,15191450,2026-09-27T16:05:58+00:00,20.0,2,over,over,player_games
prizepicks,15191452,2026-09-27T16:05:58+00:00,13.0,2,under,under,player_games
prizepicks,15191448,2026-09-27T16:05:58+00:00,20.0,2,over,over,player_games
prizepicks,15191451,2026-09-27T16:05:58+00:00,13.0,2,under,under,player_games
prizepicks,15191449,2026-09-27T16:05:58+00:00,20.0,2,over,over,player_games
prizepicks,15191455,2026-09-27T16:05:58+00:00,15.0,2,under,under,player_games
prizepicks,15191458,2026-09-27T16:05:58+00:00,14.0,2,under,under,player_games
prizepicks,15191453,2026-09-27T16:05:58+00:00,15.0,2,over,over,player_games
prizepicks,15191456,2026-09-27T16:05:58+00:00,14.0,2,under,under,player_games
prizepicks,15191460,2026-09-27T16:05:58+00:00,12.0,2,under,under,player_games
prizepicks,15191463,2026-09-27T16:05:58+00:00,15.0,2,over,over,player_games
prizepicks,15191467,2026-09-27T16:05:58+00:00,14.0,2,under,under,player_games
prizepicks,15191471,2026-09-27T16:05:58+00:00,13.0,2,under,under,player_games
prizepicks,15191472,2026-09-27T16:05:58+00:00,7.0,2,under,under,player_games
prizepicks,15191474,2026-09-27T16:05:58+00:00,8.0,2,under,under,player_games
prizepicks,15191454,2026-09-27T16:05:58+00:00,15.0,2,over,over,player_games
prizepicks,15191457,2026-09-27T16:05:58+00:00,14.0,2,over,over,player_games
prizepicks,15191465,2026-09-27T16:05:58+00:00,14.0,2,over,over,player_games
prizepicks,15191469,2026-09-27T16:05:58+00:00,13.0,2,under,under,player_games
prizepicks,15191466,2026-09-27T16:05:58+00:00,14.0,2,over,over,player_games
prizepicks,15191470,2026-09-27T16:05:58+00:00,13.0,2,over,over,player_games
prizepicks,15191447,2026-09-27T16:05:58+00:00,8.0,2,under,under,player_games
prizepicks,15191459,2026-09-27T16:05:58+00:00,5.0,2,under,under,player_games
prizepicks,15191461,2026-09-27T16:05:58+00:00,8.0,2,over,over,player_games
prizepicks,15191464,2026-09-27T16:05:58+00:00,7.0,2,under,under,player_games
prizepicks,15191468,2026-09-27T16:05:58+00:00,6.0,2,under,under,player_games
prizepicks,15191462,2026-09-27T16:05:58+00:00,15.0,2,over,over,player_games
prizepicks,15191473,2026-09-27T16:05:58+00:00,8.0,2,under,under,player_games
prizepicks,15228528,2026-09-27T16:05:58+00:00,0.0,2,void,void,player_games
prizepicks,15228538,2026-09-27T16:05:58+00:00,0.0,2,void,void,player_games
prizepicks,15228529,2026-09-27T16:05:58+00:00,0.0,2,void,void,player_games
prizepicks,15228539,2026-09-27T16:05:58+00:00,0.0,2,void,void,player_games
prizepicks,15228530,2026-09-27T16:05:58+00:00,0.0,2,void,void,player_games
prizepicks,15228540,2026-09-27T16:05:58+00:00,0.0,2,void,void,player_games
prizepicks,15228531,2026-09-27T16:05:58+00:00,0.0,2,void,void,player_games
prizepicks,15228541,2026-09-27T16:05:58+00:00,0.0,2,void,void,player_games
prizepicks,15228532,2026-09-27T16:05:58+00:00,0.0,2,void,void,player_games
prizepicks,15228542,2026-09-27T16:05:58+00:00,0.0,2,void,void,player_games
prizepicks,15228534,2026-09-27T16:05:58+00:00,0.0,2,void,void,player_games
prizepicks,15228544,2026-09-27T16:05:58+00:00,0.0,2,void,void,player_games
prizepicks,15228535,2026-09-27T16:05:58+00:00,0.0,2,void,void,player_games
prizepicks,15228545,2026-09-27T16:05:58+00:00,0.0,2,void,void,player_games
prizepicks,15228536,2026-09-27T16:05:58+00:00,0.0,2,void,void,player_games
prizepicks,15228546,2026-09-27T16:05:58+00:00,0.0,2,void,void,player_games
prizepicks,15228537,2026-09-27T16:05:58+00:00,0.0,2,void,void,player_games
prizepicks,15228547,2026-09-27T16:05:58+00:00,0.0,2,void,void,player_games
prizepicks,15232834,2026-09-27T16:05:58+00:00,29.0,2,under,under,player_games
prizepicks,15232835,2026-09-27T16:05:58+00:00,34.0,2,over,over,player_games
prizepicks,15232836,2026-09-27T16:05:58+00:00,36.0,2,over,over,player_games
prizepicks,15232837,2026-09-27T16:05:58+00:00,30.0,2,over,over,player_games
prizepicks,15232838,2026-09-27T16:05:58+00:00,31.0,2,over,push,player_games
prizepicks,15232839,2026-09-27T16:05:58+00:00,37.0,2,over,over,player_games
prizepicks,15232840,2026-09-27T16:05:58+00:00,25.0,2,under,under,player_games
prizepicks,15232841,2026-09-27T16:05:58+00:00,33.0,2,over,over,player_games
prizepicks,15232842,2026-09-27T16:05:58+00:00,29.0,2,under,under,player_games
prizepicks,15232844,2026-09-27T16:05:58+00:00,13.0,2,under,under,player_games
prizepicks,15232845,2026-09-27T16:05:58+00:00,19.0,2,over,over,player_games
prizepicks,15232846,2026-09-27T16:05:58+00:00,9.0,2,under,under,player_games
prizepicks,15232847,2026-09-27T16:05:58+00:00,11.0,2,under,under,player_games
prizepicks,15232848,2026-09-27T16:05:58+00:00,19.0,2,over,over,player_games
prizepicks,15232849,2026-09-27T16:05:58+00:00,24.0,2,over,over,player_games
prizepicks,15232850,2026-09-27T16:05:58+00:00,14.0,2,under,under,player_games
prizepicks,15232851,2026-09-27T16:05:58+00:00,23.0,2,over,over,player_games
prizepicks,15232852,2026-09-27T16:05:58+00:00,15.0,2,under,under,player_games
prizepicks,15234792,2026-09-27T16:05:58+00:00,40.0,3,over,over,player_games
prizepicks,15234793,2026-09-27T16:05:58+00:00,20.0,3,under,under,player_games
prizepicks,15234794,2026-09-27T16:05:58+00:00,31.0,3,over,over,player_games
prizepicks,15234795,2026-09-27T16:05:58+00:00,29.0,3,push,push,player_games
prizepicks,15234796,2026-09-27T16:05:58+00:00,28.0,3,over,over,player_games
prizepicks,15234802,2026-09-27T16:05:58+00:00,14.0,3,over,over,player_games
prizepicks,15234803,2026-09-27T16:05:58+00:00,7.0,3,under,under,player_games
prizepicks,15234804,2026-09-27T16:05:58+00:00,22.0,3,over,over,player_games
prizepicks,15234805,2026-09-27T16:05:58+00:00,15.0,3,under,under,player_games
prizepicks,15234806,2026-09-27T16:05:58+00:00,11.0,3,under,under,player_games
prizepicks,15235440,2026-09-27T16:05:58+00:00,21.0,2,under,under,player_games
prizepicks,15235441,2026-09-27T16:05:58+00:00,39.0,2,over,over,player_games
prizepicks,15235442,2026-09-27T16:05:58+00:00,28.0,2,under,under,player_games
prizepicks,15235443,2026-09-27T16:05:58+00:00,32.0,2,over,over,player_games
prizepicks,15235444,2026-09-27T16:05:58+00:00,33.0,2,over,over,player_games
prizepicks,15235446,2026-09-27T16:05:58+00:00,35.0,2,over,over,player_games
prizepicks,15235447,2026-09-27T16:05:58+00:00,31.0,2,over,over,player_games
prizepicks,15235448,2026-09-27T16:05:58+00:00,40.0,2,over,over,player_games
prizepicks,15235449,2026-09-27T16:05:58+00:00,24.0,2,under,under,player_games
prizepicks,15235450,2026-09-27T16:05:58+00:00,10.0,2,under,under,player_games
prizepicks,15235451,2026-09-27T16:05:58+00:00,20.0,2,over,over,player_games
prizepicks,15235453,2026-09-27T16:05:58+00:00,14.0,2,under,under,player_games
prizepicks,15235454,2026-09-27T16:05:58+00:00,20.0,2,over,over,player_games
prizepicks,15235455,2026-09-27T16:05:58+00:00,18.0,2,over,over,player_games
prizepicks,15235458,2026-09-27T16:05:58+00:00,19.0,2,over,over,player_games
prizepicks,15235459,2026-09-27T16:05:58+00:00,14.0,2,under,under,player_games
prizepicks,15235460,2026-09-27T16:05:58+00:00,13.0,2,under,under,player_games
prizepicks,15248460,2026-09-27T16:05:58+00:00,40.0,3,over,over,player_games
prizepicks,15248465,2026-09-27T16:05:58+00:00,14.0,3,over,over,player_games
prizepicks,15248461,2026-09-27T16:05:58+00:00,20.0,3,under,under,player_games
prizepicks,15248466,2026-09-27T16:05:58+00:00,7.0,3,under,under,player_games
prizepicks,15248462,2026-09-27T16:05:58+00:00,29.0,3,over,over,player_games
prizepicks,15248467,2026-09-27T16:05:58+00:00,15.0,3,under,under,player_games
prizepicks,15248463,2026-09-27T16:05:58+00:00,31.0,3,over,over,player_games
prizepicks,15248468,2026-09-27T16:05:58+00:00,22.0,3,over,over,player_games
prizepicks,15248464,2026-09-27T16:05:58+00:00,28.0,3,over,over,player_games
prizepicks,15248469,2026-09-27T16:05:58+00:00,11.0,3,under,under,player_games
prizepicks,15236652,2026-09-27T16:05:58+00:00,27.0,3,under,under,player_games
prizepicks,15236653,2026-09-27T16:05:58+00:00,35.0,3,over,over,player_games
prizepicks,15236654,2026-09-27T16:05:58+00:00,15.0,3,under,under,player_games
prizepicks,15236655,2026-09-27T16:05:58+00:00,21.0,3,under,under,player_games
prizepicks,15236656,2026-09-27T16:05:58+00:00,28.0,3,under,under,player_games
prizepicks,15236657,2026-09-27T16:05:58+00:00,43.0,3,over,over,player_games
prizepicks,15236658,2026-09-27T16:05:58+00:00,18.0,3,under,under,player_games
prizepicks,15236659,2026-09-27T16:05:58+00:00,30.0,3,under,under,player_games
prizepicks,15236660,2026-09-27T16:05:58+00:00,21.0,3,under,under,player_games
prizepicks,15236661,2026-09-27T16:05:58+00:00,20.0,3,under,under,player_games
prizepicks,15236662,2026-09-27T16:05:58+00:00,7.0,3,under,under,player_games
prizepicks,15236663,2026-09-27T16:05:58+00:00,21.0,3,over,over,player_games
prizepicks,15236664,2026-09-27T16:05:58+00:00,5.0,3,under,under,player_games
prizepicks,15236665,2026-09-27T16:05:58+00:00,14.0,3,under,under,player_games
prizepicks,15236666,2026-09-27T16:05:58+00:00,15.0,3,under,under,player_games
prizepicks,15236667,2026-09-27T16:05:58+00:00,8.0,3,under,under,player_games
prizepicks,15236668,2026-09-27T16:05:58+00:00,10.0,3,under,under,player_games
prizepicks,15236669,2026-09-27T16:05:58+00:00,13.0,3,under,under,player_games
prizepicks,15236670,2026-09-27T16:05:58+00:00,17.0,3,under,under,player_games
prizepicks,15236671,2026-09-27T16:05:58+00:00,9.0,3,under,under,player_games
prizepicks,15232874,2026-09-27T16:05:58+00:00,0.0,2,void,void,player_games
prizepicks,15232875,2026-09-27T16:05:58+00:00,0.0,2,void,void,player_games
prizepicks,15232876,2026-09-27T16:05:58+00:00,0.0,2,void,void,player_games
prizepicks,15232877,2026-09-27T16:05:58+00:00,0.0,2,void,void,player_games
prizepicks,15232878,2026-09-27T16:05:58+00:00,0.0,2,void,void,player_games
prizepicks,15232879,2026-09-27T16:05:58+00:00,0.0,2,void,void,player_games
prizepicks,15232880,2026-09-27T16:05:58+00:00,0.0,2,void,void,player_games
prizepicks,15232881,2026-09-27T16:05:58+00:00,0.0,2,void,void,player_games
prizepicks,15232882,2026-09-27T16:05:58+00:00,0.0,2,void,void,player_games
prizepicks,15232884,2026-09-27T16:05:58+00:00,0.0,2,void,void,player_games
prizepicks,15232885,2026-09-27T16:05:58+00:00,0.0,2,void,void,player_games
prizepicks,15232886,2026-09-27T16:05:58+00:00,0.0,2,void,void,player_games
prizepicks,15232887,2026-09-27T16:05:58+00:00,0.0,2,void,void,player_games
prizepicks,15232888,2026-09-27T16:05:58+00:00,0.0,2,void,void,player_games
prizepicks,15232889,2026-09-27T16:05:58+00:00,0.0,2,void,void,player_games
prizepicks,15232890,2026-09-27T16:05:58+00:00,0.0,2,void,void,player_games
prizepicks,15232891,2026-09-27T16:05:58+00:00,0.0,2,void,void,player_games
prizepicks,15232892,2026-09-27T16:05:58+00:00,0.0,2,void,void,player_games
prizepicks,15248450,2026-09-27T16:05:58+00:00,18.0,3,push,push,player_games
prizepicks,15248455,2026-09-27T16:05:58+00:00,11.0,3,over,over,player_games
prizepicks,15235482,2026-09-27T16:05:58+00:00,0.0,2,void,void,player_games
prizepicks,15248451,2026-09-27T16:05:58+00:00,8.0,3,under,under,player_games
prizepicks,15248456,2026-09-27T16:05:58+00:00,4.0,3,under,under,player_games
prizepicks,15235483,2026-09-27T16:05:58+00:00,0.0,2,void,void,player_games
prizepicks,15248452,2026-09-27T16:05:58+00:00,11.0,3,under,under,player_games
prizepicks,15248457,2026-09-27T16:05:58+00:00,9.0,3,over,over,player_games
prizepicks,15235484,2026-09-27T16:05:58+00:00,0.0,2,void,void,player_games
prizepicks,15248453,2026-09-27T16:05:58+00:00,11.0,3,under,under,player_games
prizepicks,15248458,2026-09-27T16:05:58+00:00,3.0,3,under,under,player_games
prizepicks,15235485,2026-09-27T16:05:58+00:00,0.0,2,void,void,player_games
prizepicks,15248454,2026-09-27T16:05:58+00:00,2.0,3,under,under,player_games
prizepicks,15248459,2026-09-27T16:05:58+00:00,0.0,3,under,under,player_games
prizepicks,15235486,2026-09-27T16:05:58+00:00,0.0,2,void,void,player_games
prizepicks,15235488,2026-09-27T16:05:58+00:00,0.0,2,void,void,player_games
prizepicks,15235489,2026-09-27T16:05:58+00:00,0.0,2,void,void,player_games
prizepicks,15235490,2026-09-27T16:05:58+00:00,0.0,2,void,void,player_games
prizepicks,15235491,2026-09-27T16:05:58+00:00,0.0,2,void,void,player_games
prizepicks,15235492,2026-09-27T16:05:58+00:00,0.0,2,void,void,player_games
prizepicks,15235493,2026-09-27T16:05:58+00:00,0.0,2,void,void,player_games
prizepicks,15235494,2026-09-27T16:05:58+00:00,0.0,2,void,void,player_games
prizepicks,15235495,2026-09-27T16:05:58+00:00,0.0,2,void,void,player_games
prizepicks,15235496,2026-09-27T16:05:58+00:00,0.0,2,void,void,player_games
prizepicks,15235499,2026-09-27T16:05:58+00:00,0.0,2,void,void,player_games
prizepicks,15235500,2026-09-27T16:05:58+00:00,0.0,2,void,void,player_games
prizepicks,15235501,2026-09-27T16:05:58+00:00,0.0,2,void,void,player_games
prizepicks,15243117,2026-09-27T16:05:58+00:00,35.0,3,over,over,player_games
prizepicks,15243118,2026-09-27T16:05:58+00:00,30.0,3,over,under,player_games
prizepicks,15243119,2026-09-27T16:05:58+00:00,33.0,3,over,over,player_games
prizepicks,15243120,2026-09-27T16:05:58+00:00,31.0,3,over,over,player_games
prizepicks,15243121,2026-09-27T16:05:58+00:00,29.0,3,under,under,player_games
prizepicks,15243122,2026-09-27T16:05:58+00:00,35.0,3,over,over,player_games
prizepicks,15243123,2026-09-27T16:05:58+00:00,26.0,3,over,over,player_games
prizepicks,15243124,2026-09-27T16:05:58+00:00,26.0,3,under,under,player_games
prizepicks,15243125,2026-09-27T16:05:58+00:00,33.0,3,over,over,player_games
prizepicks,15243126,2026-09-27T16:05:58+00:00,32.0,3,over,over,player_games
prizepicks,15243127,2026-09-27T16:05:58+00:00,13.0,3,over,over,player_games
prizepicks,15243128,2026-09-27T16:05:58+00:00,13.0,3,under,under,player_games
prizepicks,15243129,2026-09-27T16:05:58+00:00,12.0,3,under,under,player_games
prizepicks,15243130,2026-09-27T16:05:58+00:00,19.0,3,over,over,player_games
prizepicks,15243131,2026-09-27T16:05:58+00:00,14.0,3,under,under,player_games
prizepicks,15243132,2026-09-27T16:05:58+00:00,16.0,3,over,over,player_games
prizepicks,15243133,2026-09-27T16:05:58+00:00,9.0,3,under,under,player_games
prizepicks,15243134,2026-09-27T16:05:58+00:00,11.0,3,over,over,player_games
prizepicks,15243135,2026-09-27T16:05:58+00:00,17.0,3,over,over,player_games
prizepicks,15243136,2026-09-27T16:05:58+00:00,15.0,3,under,under,player_games
prizepicks,15236722,2026-09-27T16:05:58+00:00,21.0,3,over,over,player_games
prizepicks,15236723,2026-09-27T16:05:58+00:00,16.0,3,over,over,player_games
prizepicks,15236724,2026-09-27T16:05:58+00:00,24.0,3,over,over,player_games
prizepicks,15236725,2026-09-27T16:05:58+00:00,12.0,3,under,under,player_games
prizepicks,15236726,2026-09-27T16:05:58+00:00,17.0,3,over,over,player_games
prizepicks,15236727,2026-09-27T16:05:58+00:00,14.0,3,under,under,player_games
prizepicks,15236728,2026-09-27T16:05:58+00:00,10.0,3,under,under,player_games
prizepicks,15236729,2026-09-27T16:05:58+00:00,13.0,3,under,under,player_games
prizepicks,15236730,2026-09-27T16:05:58+00:00,18.0,3,over,over,player_games
prizepicks,15236731,2026-09-27T16:05:58+00:00,17.0,3,over,over,player_games
prizepicks,15236732,2026-09-27T16:05:58+00:00,5.0,3,push,push,player_games
prizepicks,15236733,2026-09-27T16:05:58+00:00,11.0,3,over,over,player_games
prizepicks,15236734,2026-09-27T16:05:58+00:00,15.0,3,over,over,player_games
prizepicks,15236735,2026-09-27T16:05:58+00:00,8.0,3,under,under,player_games
prizepicks,15236736,2026-09-27T16:05:58+00:00,8.0,3,push,push,player_games
prizepicks,15236737,2026-09-27T16:05:58+00:00,5.0,3,over,over,player_games
prizepicks,15236738,2026-09-27T16:05:58+00:00,5.0,3,under,under,player_games
prizepicks,15236739,2026-09-27T16:05:58+00:00,7.0,3,under,under,player_games
prizepicks,15236740,2026-09-27T16:05:58+00:00,9.0,3,push,push,player_games
prizepicks,15236741,2026-09-27T16:05:58+00:00,9.0,3,over,over,player_games
prizepicks,15236682,2026-09-27T16:05:58+00:00,22.0,2,under,under,player_games
prizepicks,15236683,2026-09-27T16:05:58+00:00,34.0,2,over,over,player_games
prizepicks,15236684,2026-09-27T16:05:58+00:00,34.0,2,over,over,player_games
prizepicks,15236685,2026-09-27T16:05:58+00:00,33.0,2,over,over,player_games
prizepicks,15236686,2026-09-27T16:05:58+00:00,24.0,2,under,under,player_games
prizepicks,15236692,2026-09-27T16:05:58+00:00,11.0,2,under,under,player_games
prizepicks,15236693,2026-09-27T16:05:58+00:00,10.0,2,under,under,player_games
prizepicks,15236694,2026-09-27T16:05:58+00:00,21.0,2,over,over,player_games
prizepicks,15236695,2026-09-27T16:05:58+00:00,16.0,2,under,under,player_games
prizepicks,15236696,2026-09-27T16:05:58+00:00,15.0,2,under,under,player_games
prizepicks,15236687,2026-09-27T16:05:58+00:00,26.0,2,under,under,player_games
prizepicks,15236688,2026-09-27T16:05:58+00:00,27.0,2,under,over,player_games
prizepicks,15236689,2026-09-27T16:05:58+00:00,22.0,2,under,under,player_games
prizepicks,15236690,2026-09-27T16:05:58+00:00,18.0,2,under,under,player_games
prizepicks,15236691,2026-09-27T16:05:58+00:00,31.0,2,over,over,player_games
prizepicks,15236697,2026-09-27T16:05:58+00:00,16.0,2,under,under,player_games
prizepicks,15236698,2026-09-27T16:05:58+00:00,15.0,2,under,under,player_games
prizepicks,15236699,2026-09-27T16:05:58+00:00,11.0,2,under,under,player_games
prizepicks,15236700,2026-09-27T16:05:58+00:00,12.0,2,under,under,player_games
prizepicks,15236701,2026-09-27T16:05:58+00:00,11.0,2,over,over,player_games
prizepicks,15245520,2026-09-27T16:05:58+00:00,32.0,2,under,under,player_games
prizepicks,15245521,2026-09-27T16:05:58+00:00,28.0,2,under,under,player_games
prizepicks,15245523,2026-09-27T16:05:58+00:00,30.0,2,over,over,player_games
prizepicks,15245524,2026-09-27T16:05:58+00:00,28.0,2,over,over,player_games
prizepicks,15245525,2026-09-27T16:05:58+00:00,21.0,2,over,over,player_games
prizepicks,15245529,2026-09-27T16:05:58+00:00,18.0,2,over,over,player_games
prizepicks,15245501,2026-09-27T16:05:58+00:00,14.0,3,under,under,player_games
prizepicks,15245502,2026-09-27T16:05:58+00:00,23.0,3,under,under,player_games
prizepicks,15245504,2026-09-27T16:05:58+00:00,31.0,3,over,over,player_games
prizepicks,15245505,2026-09-27T16:05:58+00:00,22.0,3,under,under,player_games
prizepicks,15245506,2026-09-27T16:05:58+00:00,28.0,3,under,under,player_games
prizepicks,15245507,2026-09-27T16:05:58+00:00,33.0,3,over,over,player_games
prizepicks,15245508,2026-09-27T16:05:58+00:00,20.0,3,under,under,player_games
prizepicks,15245509,2026-09-27T16:05:58+00:00,27.0,3,over,over,player_games
prizepicks,15245511,2026-09-27T16:05:58+00:00,3.0,3,under,under,player_games
prizepicks,15245512,2026-09-27T16:05:58+00:00,10.0,3,under,under,player_games
prizepicks,15245514,2026-09-27T16:05:58+00:00,20.0,3,over,over,player_games
prizepicks,15245515,2026-09-27T16:05:58+00:00,16.0,3,under,under,player_games
prizepicks,15245516,2026-09-27T16:05:58+00:00,20.0,3,over,over,player_games
prizepicks,15245517,2026-09-27T16:05:58+00:00,25.0,3,over,over,player_games
prizepicks,15245518,2026-09-27T16:05:58+00:00,13.0,3,under,under,player_games
prizepicks,15245519,2026-09-27T16:05:58+00:00,18.0,3,over,over,player_games
prizepicks,15236672,2026-09-27T16:05:58+00:00,35.0,3,over,over,player_games
prizepicks,15236674,2026-09-27T16:05:58+00:00,33.0,3,over,over,player_games
prizepicks,15236675,2026-09-27T16:05:58+00:00,23.0,3,under,under,player_games
prizepicks,15236676,2026-09-27T16:05:58+00:00,23.0,3,under,under,player_games
prizepicks,15236677,2026-09-27T16:05:58+00:00,22.0,3,over,over,player_games
prizepicks,15236679,2026-09-27T16:05:58+00:00,22.0,3,over,over,player_games
prizepicks,15236680,2026-09-27T16:05:58+00:00,10.0,3,under,under,player_games
prizepicks,15236681,2026-09-27T16:05:58+00:00,12.0,3,under,under,player_games
prizepicks,15255076,2026-09-27T16:05:58+00:00,25.0,2,under,under,player_games
prizepicks,15255079,2026-09-27T16:05:58+00:00,18.0,2,under,under,player_games
prizepicks,15255080,2026-09-27T16:05:58+00:00,35.0,2,over,over,player_games
prizepicks,15255081,2026-09-27T16:05:58+00:00,15.0,2,under,under,player_games
prizepicks,15255084,2026-09-27T16:05:58+00:00,12.0,2,under,under,player_games
prizepicks,15255085,2026-09-27T16:05:58+00:00,15.0,2,over,over,player_games
prizepicks,15242356,2026-09-27T16:05:58+00:00,0.0,2,void,void,player_games
prizepicks,15242357,2026-09-27T16:05:58+00:00,0.0,2,void,void,player_games
prizepicks,15242358,2026-09-27T16:05:58+00:00,0.0,2,void,void,player_games
prizepicks,15242359,2026-09-27T16:05:58+00:00,0.0,2,void,void,player_games
prizepicks,15242360,2026-09-27T16:05:58+00:00,0.0,2,void,void,player_games
prizepicks,15242361,2026-09-27T16:05:58+00:00,0.0,2,void,void,player_games
prizepicks,15242362,2026-09-27T16:05:58+00:00,0.0,2,void,void,player_games
prizepicks,15242363,2026-09-27T16:05:58+00:00,0.0,2,void,void,player_games
prizepicks,15242364,2026-09-27T16:05:58+00:00,0.0,2,void,void,player_games
prizepicks,15242365,2026-09-27T16:05:58+00:00,0.0,2,void,void,player_games
prizepicks,15242366,2026-09-27T16:05:58+00:00,0.0,2,void,void,player_games
prizepicks,15242367,2026-09-27T16:05:58+00:00,0.0,2,void,void,player_games
prizepicks,15242368,2026-09-27T16:05:58+00:00,0.0,2,void,void,player_games
prizepicks,15242369,2026-09-27T16:05:58+00:00,0.0,2,void,void,player_games
prizepicks,15242370,2026-09-27T16:05:58+00:00,0.0,2,void,void,player_games
prizepicks,15242371,2026-09-27T16:05:58+00:00,0.0,2,void,void,player_games
prizepicks,15242372,2026-09-27T16:05:58+00:00,0.0,2,void,void,player_games
prizepicks,15242373,2026-09-27T16:05:58+00:00,0.0,2,void,void,player_games
prizepicks,15242374,2026-09-27T16:05:58+00:00,0.0,2,void,void,player_games
prizepicks,15242375,2026-09-27T16:05:58+00:00,0.0,2,void,void,player_games
prizepicks,15243157,2026-09-27T16:05:58+00:00,31.0,3,over,over,player_games
prizepicks,15243158,2026-09-27T16:05:58+00:00,12.0,3,under,under,player_games
prizepicks,15243159,2026-09-27T16:05:58+00:00,20.0,3,over,over,player_games
prizepicks,15243160,2026-09-27T16:05:58+00:00,9.0,3,under,under,player_games
prizepicks,15243161,2026-09-27T16:05:58+00:00,10.0,3,under,under,player_games
prizepicks,15243162,2026-09-27T16:05:58+00:00,13.0,3,push,push,player_games
prizepicks,15243163,2026-09-27T16:05:58+00:00,14.0,3,over,over,player_games
prizepicks,15243164,2026-09-27T16:05:58+00:00,13.0,3,under,under,player_games
prizepicks,15243165,2026-09-27T16:05:58+00:00,9.0,3,under,under,player_games
prizepicks,15243166,2026-09-27T16:05:58+00:00,17.0,3,over,over,player_games
prizepicks,15243167,2026-09-27T16:05:58+00:00,11.0,3,over,over,player_games
prizepicks,15243168,2026-09-27T16:05:58+00:00,4.0,3,under,under,player_games
prizepicks,15243169,2026-09-27T16:05:58+00:00,11.0,3,over,over,player_games
prizepicks,15243170,2026-09-27T16:05:58+00:00,6.0,3,under,under,player_games
prizepicks,15243171,2026-09-27T16:05:58+00:00,5.0,3,under,under,player_games
prizepicks,15243172,2026-09-27T16:05:58+00:00,4.0,3,under,under,player_games
prizepicks,15243173,2026-09-27T16:05:58+00:00,7.0,3,push,push,player_games
prizepicks,15243174,2026-09-27T16:05:58+00:00,5.0,3,over,over,player_games
prizepicks,15243175,2026-09-27T16:05:58+00:00,5.0,3,under,under,player_games
prizepicks,15243176,2026-09-27T16:05:58+00:00,10.0,3,over,over,player_games
prizepicks,15245531,2026-09-27T16:05:58+00:00,14.0,3,under,under,player_games
prizepicks,15245532,2026-09-27T16:05:58+00:00,15.0,3,push,push,player_games
prizepicks,15245534,2026-09-27T16:05:58+00:00,19.0,3,over,over,player_games
prizepicks,15245535,2026-09-27T16:05:58+00:00,12.0,3,under,under,player_games
prizepicks,15245536,2026-09-27T16:05:58+00:00,10.0,3,under,under,player_games
prizepicks,15245537,2026-09-27T16:05:58+00:00,6.0,3,under,under,player_games
prizepicks,15245538,2026-09-27T16:05:58+00:00,14.0,3,over,over,player_games
prizepicks,15245539,2026-09-27T16:05:58+00:00,12.0,3,under,under,player_games
prizepicks,15245541,2026-09-27T16:05:58+00:00,12.0,3,over,over,player_games
prizepicks,15245542,2026-09-27T16:05:58+00:00,7.0,3,under,under,player_games
prizepicks,15245544,2026-09-27T16:05:58+00:00,5.0,3,under,under,player_games
prizepicks,15245545,2026-09-27T16:05:58+00:00,10.0,3,under,under,player_games
prizepicks,15245546,2026-09-27T16:05:58+00:00,6.0,3,under,under,player_games
prizepicks,15245547,2026-09-27T16:05:58+00:00,5.0,3,under,under,player_games
prizepicks,15245548,2026-09-27T16:05:58+00:00,9.0,3,over,over,player_games
prizepicks,15245549,2026-09-27T16:05:58+00:00,9.0,3,over,over,player_games
prizepicks,15232853,2026-09-27T16:05:58+00:00,22.0,3,under,under,player_games
prizepicks,15232854,2026-09-27T16:05:58+00:00,30.0,3,over,over,player_games
prizepicks,15232855,2026-09-27T16:05:58+00:00,27.0,3,under,under,player_games
prizepicks,15232856,2026-09-27T16:05:58+00:00,35.0,3,over,over,player_games
prizepicks,15232857,2026-09-27T16:05:58+00:00,25.0,3,under,under,player_games
prizepicks,15232858,2026-09-27T16:05:58+00:00,24.0,3,under,under,player_games
prizepicks,15232859,2026-09-27T16:05:58+00:00,27.0,3,under,under,player_games
prizepicks,15232860,2026-09-27T16:05:58+00:00,25.0,3,under,under,player_games
prizepicks,15232861,2026-09-27T16:05:58+00:00,19.0,3,under,under,player_games
prizepicks,15232862,2026-09-27T16:05:58+00:00,29.0,3,over,over,player_games
prizepicks,15232863,2026-09-27T16:05:58+00:00,15.0,3,under,under,player_games
prizepicks,15232864,2026-09-27T16:05:58+00:00,11.0,3,over,over,player_games
prizepicks,15232865,2026-09-27T16:05:58+00:00,14.0,3,under,under,player_games
prizepicks,15232866,2026-09-27T16:05:58+00:00,21.0,3,over,over,player_games
prizepicks,15232867,2026-09-27T16:05:58+00:00,11.0,3,under,under,player_games
prizepicks,15232868,2026-09-27T16:05:58+00:00,16.0,3,under,under,player_games
prizepicks,15232869,2026-09-27T16:05:58+00:00,4.0,3,under,under,player_games
prizepicks,15232870,2026-09-27T16:05:58+00:00,13.0,3,under,under,player_games
prizepicks,15232871,2026-09-27T16:05:58+00:00,11.0,3,under,under,player_games
prizepicks,15232872,2026-09-27T16:05:58+00:00,14.0,3,under,under,player_games
prizepicks,15235462,2026-09-27T16:05:58+00:00,25.0,3,under,under,player_games
prizepicks,15235464,2026-09-27T16:05:58+00:00,21.0,3,under,under,player_games
prizepicks,15235466,2026-09-27T16:05:58+00:00,36.0,3,over,over,player_games
prizepicks,15235467,2026-09-27T16:05:58+00:00,21.0,3,under,under,player_games
prizepicks,15235469,2026-09-27T16:05:58+00:00,23.0,3,under,under,player_games
prizepicks,15235470,2026-09-27T16:05:58+00:00,35.0,3,over,over,player_games
prizepicks,15235471,2026-09-27T16:05:58+00:00,20.0,3,under,under,player_games
prizepicks,15235473,2026-09-27T16:05:58+00:00,19.0,3,over,over,player_games
prizepicks,15235475,2026-09-27T16:05:58+00:00,16.0,3,under,under,player_games
prizepicks,15235477,2026-09-27T16:05:58+00:00,15.0,3,under,under,player_games
prizepicks,15235478,2026-09-27T16:05:58+00:00,8.0,3,under,under,player_games
prizepicks,15235479,2026-09-27T16:05:58+00:00,11.0,3,under,under,player_games
prizepicks,15235480,2026-09-27T16:05:58+00:00,26.0,3,over,over,player_games
prizepicks,15235481,2026-09-27T16:05:58+00:00,11.0,3,under,under,player_games
prizepicks,15236742,2026-09-27T16:05:58+00:00,13.0,3,under,under,player_games
prizepicks,15236744,2026-09-27T16:05:58+00:00,14.0,3,under,under,player_games
prizepicks,15236745,2026-09-27T16:05:58+00:00,23.0,3,over,over,player_games
prizepicks,15236746,2026-09-27T16:05:58+00:00,13.0,3,under,under,player_games
prizepicks,15236747,2026-09-27T16:05:58+00:00,6.0,3,under,under,player_games
prizepicks,15236749,2026-09-27T16:05:58+00:00,9.0,3,under,under,player_games
prizepicks,15236750,2026-09-27T16:05:58+00:00,14.0,3,over,over,player_games
prizepicks,15236751,2026-09-27T16:05:58+00:00,8.0,3,over,over,player_games
prizepicks,15236752,2026-09-27T16:05:58+00:00,0.0,2,void,void,player_games
prizepicks,15236753,2026-09-27T16:05:58+00:00,0.0,2,void,void,player_games
prizepicks,15236754,2026-09-27T16:05:58+00:00,0.0,2,void,void,player_games
prizepicks,15236755,2026-09-27T16:05:58+00:00,0.0,2,void,void,player_games
prizepicks,15236756,2026-09-27T16:05:58+00:00,0.0,2,void,void,player_games
prizepicks,15236757,2026-09-27T16:05:58+00:00,0.0,2,void,void,player_games
prizepicks,15236758,2026-09-27T16:05:58+00:00,0.0,2,void,void,player_games
prizepicks,15236759,2026-09-27T16:05:58+00:00,0.0,2,void,void,player_games
prizepicks,15236760,2026-09-27T16:05:58+00:00,0.0,2,void,void,player_games
prizepicks,15236761,2026-09-27T16:05:58+00:00,0.0,2,void,void,player_games
prizepicks,15236762,2026-09-27T16:05:58+00:00,0.0,2,void,void,player_games
prizepicks,15236763,2026-09-27T16:05:58+00:00,0.0,2,void,void,player_games
prizepicks,15236764,2026-09-27T16:05:58+00:00,0.0,2,void,void,player_games
prizepicks,15236765,2026-09-27T16:05:58+00:00,0.0,2,void,void,player_games
prizepicks,15236766,2026-09-27T16:05:58+00:00,0.0,2,void,void,player_games
prizepicks,15236767,2026-09-27T16:05:58+00:00,0.0,2,void,void,player_games
prizepicks,15236768,2026-09-27T16:05:58+00:00,0.0,2,void,void,player_games
prizepicks,15236769,2026-09-27T16:05:58+00:00,0.0,2,void,void,player_games
prizepicks,15236770,2026-09-27T16:05:58+00:00,0.0,2,void,void,player_games
prizepicks,15236771,2026-09-27T16:05:58+00:00,0.0,2,void,void,player_games
prizepicks,15245550,2026-09-27T16:05:58+00:00,0.0,2,void,void,player_games
prizepicks,15245551,2026-09-27T16:05:58+00:00,0.0,2,void,void,player_games
prizepicks,15245553,2026-09-27T16:05:58+00:00,0.0,2,void,void,player_games
prizepicks,15245554,2026-09-27T16:05:58+00:00,0.0,2,void,void,player_games
prizepicks,15245555,2026-09-27T16:05:58+00:00,0.0,2,void,void,player_games
prizepicks,15245559,2026-09-27T16:05:58+00:00,0.0,2,void,void,player_games
prizepicks,15255086,2026-09-27T16:05:58+00:00,0.0,2,void,void,player_games
prizepicks,15255089,2026-09-27T16:05:58+00:00,0.0,2,void,void,player_games
prizepicks,15255090,2026-09-27T16:05:58+00:00,0.0,2,void,void,player_games
prizepicks,15255091,2026-09-27T16:05:58+00:00,0.0,2,void,void,player_games
prizepicks,15255094,2026-09-27T16:05:58+00:00,0.0,2,void,void,player_games
prizepicks,15255095,2026-09-27T16:05:58+00:00,0.0,2,void,void,player_games
prizepicks,15236702,2026-09-27T16:05:58+00:00,35.0,2,over,over,player_games
prizepicks,15236703,2026-09-27T16:05:58+00:00,24.0,2,under,under,player_games
prizepicks,15236704,2026-09-27T16:05:58+00:00,36.0,2,over,over,player_games
prizepicks,15236705,2026-09-27T16:05:58+00:00,25.0,2,under,under,player_games
prizepicks,15236706,2026-09-27T16:05:58+00:00,27.0,2,under,under,player_games
prizepicks,15236707,2026-09-27T16:05:58+00:00,17.0,2,under,under,player_games
prizepicks,15236708,2026-09-27T16:05:58+00:00,28.0,2,over,over,player_games
prizepicks,15236709,2026-09-27T16:05:58+00:00,24.0,2,under,under,player_games
prizepicks,15236710,2026-09-27T16:05:58+00:00,29.0,2,over,over,player_games
prizepicks,15236712,2026-09-27T16:05:58+00:00,25.0,2,over,over,player_games
prizepicks,15236713,2026-09-27T16:05:58+00:00,15.0,2,over,push,player_games
prizepicks,15236714,2026-09-27T16:05:58+00:00,8.0,2,under,under,player_games
prizepicks,15236716,2026-09-27T16:05:58+00:00,12.0,2,under,under,player_games
prizepicks,15236717,2026-09-27T16:05:58+00:00,8.0,2,under,under,player_games
prizepicks,15236718,2026-09-27T16:05:58+00:00,8.0,2,under,under,player_games
prizepicks,15236719,2026-09-27T16:05:58+00:00,13.0,2,under,under,player_games
prizepicks,15236720,2026-09-27T16:05:58+00:00,19.0,2,over,over,player_games
prizepicks,15232893,2026-09-27T16:05:58+00:00,5.0,3,under,under,player_games
prizepicks,15232894,2026-09-27T16:05:58+00:00,5.0,3,under,under,player_games
prizepicks,15232895,2026-09-27T16:05:58+00:00,3.0,3,under,under,player_games
prizepicks,15232896,2026-09-27T16:05:58+00:00,5.0,3,under,under,player_games
prizepicks,15232897,2026-09-27T16:05:58+00:00,5.0,3,under,under,player_games
prizepicks,15232898,2026-09-27T16:05:58+00:00,7.0,3,under,under,player_games
prizepicks,15232899,2026-09-27T16:05:58+00:00,21.0,3,over,over,player_games
prizepicks,15232900,2026-09-27T16:05:58+00:00,10.0,3,under,under,player_games
prizepicks,15232901,2026-09-27T16:05:58+00:00,8.0,3,under,under,player_games
prizepicks,15232902,2026-09-27T16:05:58+00:00,9.0,3,under,under,player_games
prizepicks,15232903,2026-09-27T16:05:58+00:00,2.0,3,under,under,player_games
prizepicks,15232904,2026-09-27T16:05:58+00:00,2.0,3,under,under,player_games
prizepicks,15232905,2026-09-27T16:05:58+00:00,3.0,3,under,under,player_games
prizepicks,15232906,2026-09-27T16:05:58+00:00,4.0,3,under,under,player_games
prizepicks,15232907,2026-09-27T16:05:58+00:00,0.0,3,under,under,player_games
prizepicks,15232908,2026-09-27T16:05:58+00:00,4.0,3,under,under,player_games
prizepicks,15232909,2026-09-27T16:05:58+00:00,10.0,3,over,over,player_games
prizepicks,15232910,2026-09-27T16:05:58+00:00,7.0,3,under,under,player_games
prizepicks,15232911,2026-09-27T16:05:58+00:00,6.0,3,under,under,player_games
prizepicks,15232912,2026-09-27T16:05:58+00:00,5.0,3,under,under,player_games
prizepicks,15235503,2026-09-27T16:05:58+00:00,9.0,3,under,under,player_games
prizepicks,15235505,2026-09-27T16:05:58+00:00,6.0,3,under,under,player_games
prizepicks,15235507,2026-09-27T16:05:58+00:00,20.0,3,over,over,player_games
prizepicks,15235508,2026-09-27T16:05:58+00:00,9.0,3,under,under,player_games
prizepicks,15235509,2026-09-27T16:05:58+00:00,21.0,3,over,over,player_games
prizepicks,15235510,2026-09-27T16:05:58+00:00,8.0,3,under,under,player_games
prizepicks,15235511,2026-09-27T16:05:58+00:00,15.0,3,over,over,player_games
prizepicks,15235513,2026-09-27T16:05:58+00:00,4.0,3,under,under,player_games
prizepicks,15235515,2026-09-27T16:05:58+00:00,5.0,3,under,under,player_games
prizepicks,15235517,2026-09-27T16:05:58+00:00,14.0,3,over,over,player_games
prizepicks,15235518,2026-09-27T16:05:58+00:00,5.0,3,under,under,player_games
prizepicks,15235519,2026-09-27T16:05:58+00:00,10.0,3,over,over,player_games
prizepicks,15235520,2026-09-27T16:05:58+00:00,3.0,3,under,under,player_games
prizepicks,15235521,2026-09-27T16:05:58+00:00,8.0,3,over,over,player_games
prizepicks,15242336,2026-09-27T16:05:58+00:00,29.0,3,over,over,player_games
prizepicks,15242337,2026-09-27T16:05:58+00:00,30.0,3,over,over,player_games
prizepicks,15242338,2026-09-27T16:05:58+00:00,21.0,3,under,under,player_games
prizepicks,15242339,2026-09-27T16:05:58+00:00,28.0,3,under,under,player_games
prizepicks,15242340,2026-09-27T16:05:58+00:00,27.0,3,under,under,player_games
prizepicks,15242341,2026-09-27T16:05:58+00:00,19.0,3,under,under,player_games
prizepicks,15242342,2026-09-27T16:05:58+00:00,24.0,3,under,under,player_games
prizepicks,15242343,2026-09-27T16:05:58+00:00,31.0,3,under,under,player_games
prizepicks,15242344,2026-09-27T16:05:58+00:00,22.0,3,under,under,player_games
prizepicks,15242345,2026-09-27T16:05:58+00:00,27.0,3,over,over,player_games
prizepicks,15242346,2026-09-27T16:05:58+00:00,16.0,3,under,under,player_games
prizepicks,15242347,2026-09-27T16:05:58+00:00,17.0,3,over,over,player_games
prizepicks,15242348,2026-09-27T16:05:58+00:00,12.0,3,under,under,player_games
prizepicks,15242349,2026-09-27T16:05:58+00:00,16.0,3,under,under,player_games
prizepicks,15242350,2026-09-27T16:05:58+00:00,8.0,3,under,under,player_games
prizepicks,15242351,2026-09-27T16:05:58+00:00,12.0,3,under,under,player_games
prizepicks,15242352,2026-09-27T16:05:58+00:00,8.0,3,under,under,player_games
prizepicks,15242354,2026-09-27T16:05:58+00:00,7.0,3,under,under,player_games
prizepicks,15242355,2026-09-27T16:05:58+00:00,18.0,3,over,over,player_games
prizepicks,15243137,2026-09-27T16:05:58+00:00,40.0,2,over,over,player_games
prizepicks,15243138,2026-09-27T16:05:58+00:00,23.0,2,under,under,player_games
prizepicks,15243139,2026-09-27T16:05:58+00:00,26.0,2,under,under,player_games
prizepicks,15243140,2026-09-27T16:05:58+00:00,33.0,2,over,over,player_games
prizepicks,15243141,2026-09-27T16:05:58+00:00,25.0,2,under,under,player_games
prizepicks,15243143,2026-09-27T16:05:58+00:00,30.0,2,over,over,player_games
prizepicks,15243144,2026-09-27T16:05:58+00:00,31.0,2,over,over,player_games
prizepicks,15243145,2026-09-27T16:05:58+00:00,18.0,2,under,under,player_games
prizepicks,15243146,2026-09-27T16:05:58+00:00,36.0,2,over,over,player_games
prizepicks,15243147,2026-09-27T16:05:58+00:00,28.0,2,over,over,player_games
prizepicks,15243148,2026-09-27T16:05:58+00:00,16.0,2,under,under,player_games
prizepicks,15243149,2026-09-27T16:05:58+00:00,4.0,2,under,under,player_games
prizepicks,15243150,2026-09-27T16:05:58+00:00,19.0,2,over,over,player_games
prizepicks,15243151,2026-09-27T16:05:58+00:00,12.0,2,under,under,player_games
prizepicks,15243153,2026-09-27T16:05:58+00:00,6.0,2,under,under,player_games
prizepicks,15243154,2026-09-27T16:05:58+00:00,17.0,2,over,over,player_games
prizepicks,15243155,2026-09-27T16:05:58+00:00,8.0,2,under,under,player_games
prizepicks,15243156,2026-09-27T16:05:58+00:00,22.0,2,over,over,player_games
prizepicks,15236772,2026-09-27T16:05:58+00:00,0.0,2,void,void,player_games
prizepicks,15236773,2026-09-27T16:05:58+00:00,0.0,2,void,void,player_games
prizepicks,15236774,2026-09-27T16:05:58+00:00,0.0,2,void,void,player_games
prizepicks,15236775,2026-09-27T16:05:58+00:00,0.0,2,void,void,player_games
prizepicks,15236776,2026-09-27T16:05:58+00:00,0.0,2,void,void,player_games
prizepicks,15236777,2026-09-27T16:05:58+00:00,0.0,2,void,void,player_games
prizepicks,15236778,2026-09-27T16:05:58+00:00,0.0,2,void,void,player_games
prizepicks,15236779,2026-09-27T16:05:58+00:00,0.0,2,void,void,player_games
prizepicks,15236780,2026-09-27T16:05:58+00:00,0.0,2,void,void,player_games
prizepicks,15236782,2026-09-27T16:05:58+00:00,0.0,2,void,void,player_games
prizepicks,15236783,2026-09-27T16:05:58+00:00,0.0,2,void,void,player_games
prizepicks,15236784,2026-09-27T16:05:58+00:00,0.0,2,void,void,player_games
prizepicks,15236786,2026-09-27T16:05:58+00:00,0.0,2,void,void,player_games
prizepicks,15236787,2026-09-27T16:05:58+00:00,0.0,2,void,void,player_games
prizepicks,15236788,2026-09-27T16:05:58+00:00,0.0,2,void,void,player_games
prizepicks,15236789,2026-09-27T16:05:58+00:00,0.0,2,void,void,player_games
prizepicks,15236790,2026-09-27T16:05:58+00:00,0.0,2,void,void,player_games
prizepicks,15242376,2026-09-27T16:05:58+00:00,24.0,3,over,over,player_games
prizepicks,15242377,2026-09-27T16:05:58+00:00,32.0,3,over,over,player_games
prizepicks,15242378,2026-09-27T16:05:58+00:00,26.0,3,over,over,player_games
prizepicks,15242379,2026-09-27T16:05:58+00:00,18.0,3,over,over,player_games
prizepicks,15242380,2026-09-27T16:05:58+00:00,28.0,3,over,over,player_games
prizepicks,15242381,2026-09-27T16:05:58+00:00,33.0,3,over,over,player_games
prizepicks,15242382,2026-09-27T16:05:58+00:00,18.0,3,over,over,player_games
prizepicks,15242383,2026-09-27T16:05:58+00:00,28.0,3,over,over,player_games
prizepicks,15242384,2026-09-27T16:05:58+00:00,26.0,3,over,over,player_games
prizepicks,15242385,2026-09-27T16:05:58+00:00,21.0,3,over,over,player_games
prizepicks,15242386,2026-09-27T16:05:58+00:00,12.0,3,over,over,player_games
prizepicks,15242387,2026-09-27T16:05:58+00:00,22.0,3,over,over,player_games
prizepicks,15242388,2026-09-27T16:05:58+00:00,10.0,3,over,over,player_games
prizepicks,15242389,2026-09-27T16:05:58+00:00,12.0,3,over,over,player_games
prizepicks,15242390,2026-09-27T16:05:58+00:00,8.0,3,over,over,player_games
prizepicks,15242391,2026-09-27T16:05:58+00:00,19.0,3,over,over,player_games
prizepicks,15242392,2026-09-27T16:05:58+00:00,13.0,3,over,over,player_games
prizepicks,15242394,2026-09-27T16:05:58+00:00,10.0,3,over,over,player_games
prizepicks,15242395,2026-09-27T16:05:58+00:00,10.0,3,over,over,player_games
prizepicks,15243177,2026-09-27T16:05:58+00:00,0.0,2,void,void,player_games
prizepicks,15243178,2026-09-27T16:05:58+00:00,0.0,2,void,void,player_games
prizepicks,15243179,2026-09-27T16:05:58+00:00,0.0,2,void,void,player_games
prizepicks,15243180,2026-09-27T16:05:58+00:00,0.0,2,void,void,player_games
prizepicks,15243181,2026-09-27T16:05:58+00:00,0.0,2,void,void,player_games
prizepicks,15243183,2026-09-27T16:05:58+00:00,0.0,2,void,void,player_games
prizepicks,15243184,2026-09-27T16:05:58+00:00,0.0,2,void,void,player_games
prizepicks,15243185,2026-09-27T16:05:58+00:00,0.0,2,void,void,player_games
prizepicks,15243186,2026-09-27T16:05:58+00:00,0.0,2,void,void,player_games
prizepicks,15243187,2026-09-27T16:05:58+00:00,0.0,2,void,void,player_games
prizepicks,15243188,2026-09-27T16:05:58+00:00,0.0,2,void,void,player_games
prizepicks,15243189,2026-09-27T16:05:58+00:00,0.0,2,void,void,player_games
prizepicks,15243190,2026-09-27T16:05:58+00:00,0.0,2,void,void,player_games
prizepicks,15243191,2026-09-27T16:05:58+00:00,0.0,2,void,void,player_games
prizepicks,15243193,2026-09-27T16:05:58+00:00,0.0,2,void,void,player_games
prizepicks,15243194,2026-09-27T16:05:58+00:00,0.0,2,void,void,player_games
prizepicks,15243195,2026-09-27T16:05:58+00:00,0.0,2,void,void,player_games
prizepicks,15243196,2026-09-27T16:05:58+00:00,0.0,2,void,void,player_games
prizepicks,15267230,2026-09-27T16:05:58+00:00,32.0,3,under,under,player_games
prizepicks,15267232,2026-09-27T16:05:58+00:00,32.0,3,over,over,player_games
prizepicks,15267233,2026-09-27T16:05:58+00:00,20.0,3,under,under,player_games
prizepicks,15267234,2026-09-27T16:05:58+00:00,34.0,3,over,over,player_games
prizepicks,15267235,2026-09-27T16:05:58+00:00,30.0,3,over,over,player_games
prizepicks,15267236,2026-09-27T16:05:58+00:00,31.0,3,over,over,player_games
prizepicks,15267237,2026-09-27T16:05:58+00:00,30.0,3,over,over,player_games
prizepicks,15267238,2026-09-27T16:05:58+00:00,34.0,3,over,over,player_games
prizepicks,15267239,2026-09-27T16:05:58+00:00,31.0,3,over,over,player_games
prizepicks,15267240,2026-09-27T16:05:58+00:00,17.0,3,under,under,player_games
prizepicks,15267242,2026-09-27T16:05:58+00:00,10.0,3,over,over,player_games
prizepicks,15267243,2026-09-27T16:05:58+00:00,11.0,3,under,under,player_games
prizepicks,15267244,2026-09-27T16:05:58+00:00,14.0,3,over,over,player_games
prizepicks,15267245,2026-09-27T16:05:58+00:00,15.0,3,push,over,player_games
prizepicks,15267246,2026-09-27T16:05:58+00:00,10.0,3,over,over,player_games
prizepicks,15267247,2026-09-27T16:05:58+00:00,15.0,3,over,over,player_games
prizepicks,15267248,2026-09-27T16:05:58+00:00,20.0,3,over,over,player_games
prizepicks,15267249,2026-09-27T16:05:58+00:00,12.0,3,under,under,player_games
prizepicks,15267251,2026-09-27T16:05:58+00:00,3.0,3,under,under,player_games
prizepicks,15267253,2026-09-27T16:05:58+00:00,16.0,3,over,over,player_games
prizepicks,15267254,2026-09-27T16:05:58+00:00,18.0,3,over,over,player_games
prizepicks,15267255,2026-09-27T16:05:58+00:00,12.0,3,push,push,player_games
prizepicks,15267256,2026-09-27T16:05:58+00:00,15.0,3,over,over,player_games
prizepicks,15267257,2026-09-27T16:05:58+00:00,15.0,3,over,over,player_games
prizepicks,15267258,2026-09-27T16:05:58+00:00,13.0,3,under,under,player_games
prizepicks,15267259,2026-09-27T16:05:58+00:00,18.0,3,over,over,player_games
prizepicks,15267260,2026-09-27T16:05:58+00:00,13.0,3,over,over,player_games
prizepicks,15267261,2026-09-27T16:05:58+00:00,1.0,3,under,under,player_games
prizepicks,15267263,2026-09-27T16:05:58+00:00,9.0,3,over,over,player_games
prizepicks,15267264,2026-09-27T16:05:58+00:00,12.0,3,over,over,player_games
prizepicks,15267265,2026-09-27T16:05:58+00:00,3.0,3,under,under,player_games
prizepicks,15267266,2026-09-27T16:05:58+00:00,7.0,3,over,over,player_games
prizepicks,15267267,2026-09-27T16:05:58+00:00,6.0,3,over,over,player_games
prizepicks,15267268,2026-09-27T16:05:58+00:00,5.0,3,under,under,player_games
prizepicks,15267269,2026-09-27T16:05:58+00:00,11.0,3,over,over,player_games
prizepicks,15267270,2026-09-27T16:05:58+00:00,5.0,3,under,under,player_games
prizepicks,15262778,2026-09-27T16:05:58+00:00,40.0,3,over,over,player_games
prizepicks,15262788,2026-09-27T16:05:58+00:00,14.0,3,over,over,player_games
prizepicks,15262779,2026-09-27T16:05:58+00:00,31.0,3,over,over,player_games
prizepicks,15262789,2026-09-27T16:05:58+00:00,22.0,3,over,over,player_games
prizepicks,15262780,2026-09-27T16:05:58+00:00,29.0,3,over,over,player_games
prizepicks,15262790,2026-09-27T16:05:58+00:00,15.0,3,over,over,player_games
prizepicks,15262781,2026-09-27T16:05:58+00:00,20.0,3,under,under,player_games
prizepicks,15262791,2026-09-27T16:05:58+00:00,7.0,3,under,under,player_games
prizepicks,15262782,2026-09-27T16:05:58+00:00,28.0,3,over,over,player_games
prizepicks,15262792,2026-09-27T16:05:58+00:00,11.0,3,over,over,player_games
prizepicks,15262783,2026-09-27T16:05:58+00:00,25.0,3,under,under,player_games
prizepicks,15262793,2026-09-27T16:05:58+00:00,17.0,3,under,under,player_games
prizepicks,15262784,2026-09-27T16:05:58+00:00,25.0,3,under,under,player_games
prizepicks,15262785,2026-09-27T16:05:58+00:00,26.0,3,under,under,player_games
prizepicks,15262794,2026-09-27T16:05:58+00:00,17.0,3,over,over,player_games
prizepicks,15262786,2026-09-27T16:05:58+00:00,30.0,3,over,over,player_games
prizepicks,15262795,2026-09-27T16:05:58+00:00,18.0,3,over,over,player_games
prizepicks,15262787,2026-09-27T16:05:58+00:00,30.0,3,under,under,player_games
prizepicks,15262796,2026-09-27T16:05:58+00:00,15.0,3,under,under,player_games
prizepicks,15264224,2026-09-27T16:05:58+00:00,19.0,3,over,over,player_games
prizepicks,15264233,2026-09-27T16:05:58+00:00,16.0,3,under,under,player_games
prizepicks,15264235,2026-09-27T16:05:58+00:00,14.0,3,under,under,player_games
prizepicks,15264225,2026-09-27T16:05:58+00:00,21.0,3,over,over,player_games
prizepicks,15264234,2026-09-27T16:05:58+00:00,16.0,3,under,under,player_games
prizepicks,15264236,2026-09-27T16:05:58+00:00,14.0,3,under,under,player_games
prizepicks,15264237,2026-09-27T16:05:58+00:00,14.0,3,under,under,player_games
prizepicks,15264226,2026-09-27T16:05:58+00:00,4.0,3,under,under,player_games
prizepicks,15264229,2026-09-27T16:05:58+00:00,21.0,3,over,over,player_games
prizepicks,15264227,2026-09-27T16:05:58+00:00,4.0,3,under,under,player_games
prizepicks,15264230,2026-09-27T16:05:58+00:00,21.0,3,over,over,player_games
prizepicks,15264232,2026-09-27T16:05:58+00:00,12.0,3,under,under,player_games
prizepicks,15264228,2026-09-27T16:05:58+00:00,4.0,3,under,under,player_games
prizepicks,15264231,2026-09-27T16:05:58+00:00,21.0,3,over,over,player_games
prizepicks,15264221,2026-09-27T16:05:58+00:00,10.0,3,under,under,player_games
prizepicks,15264223,2026-09-27T16:05:58+00:00,13.0,3,over,over,player_games
prizepicks,15264222,2026-09-27T16:05:58+00:00,10.0,3,over,over,player_games
prizepicks,15268981,2026-09-27T16:05:58+00:00,20.0,2,under,under,player_games
prizepicks,15268983,2026-09-27T16:05:58+00:00,23.0,2,under,under,player_games
prizepicks,15268985,2026-09-27T16:05:58+00:00,25.0,2,under,under,player_games
prizepicks,15268986,2026-09-27T16:05:58+00:00,21.0,2,under,under,player_games
prizepicks,15268987,2026-09-27T16:05:58+00:00,19.0,2,under,under,player_games
prizepicks,15268989,2026-09-27T16:05:58+00:00,28.0,2,under,under,player_games
prizepicks,15268990,2026-09-27T16:05:58+00:00,38.0,2,over,over,player_games
prizepicks,15268991,2026-09-27T16:05:58+00:00,27.0,2,under,under,player_games
prizepicks,15268992,2026-09-27T16:05:58+00:00,29.0,2,over,over,player_games
prizepicks,15268994,2026-09-27T16:05:58+00:00,27.0,2,over,over,player_games
prizepicks,15268995,2026-09-27T16:05:58+00:00,14.0,2,under,under,player_games
prizepicks,15268996,2026-09-27T16:05:58+00:00,9.0,2,under,under,player_games
prizepicks,15268998,2026-09-27T16:05:58+00:00,18.0,2,over,over,player_games
prizepicks,15268999,2026-09-27T16:05:58+00:00,9.0,2,under,under,player_games
prizepicks,15269000,2026-09-27T16:05:58+00:00,16.0,2,under,under,player_games
prizepicks,15269002,2026-09-27T16:05:58+00:00,12.0,2,under,under,player_games
prizepicks,15269003,2026-09-27T16:05:58+00:00,14.0,2,over,over,player_games
prizepicks,15269004,2026-09-27T16:05:58+00:00,11.0,2,under,under,player_games
prizepicks,15269006,2026-09-27T16:05:58+00:00,14.0,2,under,under,player_games
prizepicks,15269007,2026-09-27T16:05:58+00:00,17.0,2,over,over,player_games
prizepicks,15275524,2026-09-27T16:05:58+00:00,40.0,2,over,over,player_games
prizepicks,15275525,2026-09-27T16:05:58+00:00,27.0,2,over,over,player_games
prizepicks,15275527,2026-09-27T16:05:58+00:00,53.0,2,over,over,player_games
prizepicks,15275528,2026-09-27T16:05:58+00:00,36.0,2,over,over,player_games
prizepicks,15275529,2026-09-27T16:05:58+00:00,44.0,2,over,over,player_games
prizepicks,15275530,2026-09-27T16:05:58+00:00,44.0,2,over,over,player_games
prizepicks,15275533,2026-09-27T16:05:58+00:00,41.0,2,over,over,player_games
prizepicks,15275534,2026-09-27T16:05:58+00:00,22.0,2,over,over,player_games
prizepicks,15275535,2026-09-27T16:05:58+00:00,16.0,2,over,over,player_games
prizepicks,15275537,2026-09-27T16:05:58+00:00,20.0,2,over,over,player_games
prizepicks,15275538,2026-09-27T16:05:58+00:00,16.0,2,over,over,player_games
prizepicks,15275539,2026-09-27T16:05:58+00:00,27.0,2,over,over,player_games
prizepicks,15275540,2026-09-27T16:05:58+00:00,15.0,2,under,under,player_games
prizepicks,15275543,2026-09-27T16:05:58+00:00,24.0,2,over,over,player_games
prizepicks,15266349,2026-09-27T16:05:58+00:00,19.0,3,under,under,player_games
prizepicks,15266350,2026-09-27T16:05:58+00:00,20.0,3,under,under,player_games
prizepicks,15266351,2026-09-27T16:05:58+00:00,26.0,3,under,under,player_games
prizepicks,15266352,2026-09-27T16:05:58+00:00,36.0,3,over,over,player_games
prizepicks,15266353,2026-09-27T16:05:58+00:00,23.0,3,under,under,player_games
prizepicks,15266354,2026-09-27T16:05:58+00:00,19.0,3,under,under,player_games
prizepicks,15266355,2026-09-27T16:05:58+00:00,20.0,3,under,under,player_games
prizepicks,15266356,2026-09-27T16:05:58+00:00,28.0,3,under,under,player_games
prizepicks,15266357,2026-09-27T16:05:58+00:00,29.0,3,over,over,player_games
prizepicks,15266358,2026-09-27T16:05:58+00:00,28.0,3,under,under,player_games
prizepicks,15266359,2026-09-27T16:05:58+00:00,9.0,3,under,under,player_games
prizepicks,15266360,2026-09-27T16:05:58+00:00,8.0,3,under,under,player_games
prizepicks,15266361,2026-09-27T16:05:58+00:00,15.0,3,under,under,player_games
prizepicks,15266362,2026-09-27T16:05:58+00:00,19.0,3,over,over,player_games
prizepicks,15266363,2026-09-27T16:05:58+00:00,11.0,3,under,under,player_games
prizepicks,15266364,2026-09-27T16:05:58+00:00,4.0,3,under,under,player_games
prizepicks,15266365,2026-09-27T16:05:58+00:00,14.0,3,under,under,player_games
prizepicks,15266366,2026-09-27T16:05:58+00:00,16.0,3,under,under,player_games
prizepicks,15266367,2026-09-27T16:05:58+00:00,11.0,3,under,under,player_games
prizepicks,15266368,2026-09-27T16:05:58+00:00,13.0,3,under,under,player_games
prizepicks,15269048,2026-09-27T16:05:58+00:00,0.0,2,void,void,player_games
prizepicks,15269049,2026-09-27T16:05:58+00:00,0.0,2,void,void,player_games
prizepicks,15269050,2026-09-27T16:05:58+00:00,0.0,2,void,void,player_games
prizepicks,15269051,2026-09-27T16:05:58+00:00,0.0,2,void,void,player_games
prizepicks,15269052,2026-09-27T16:05:58+00:00,0.0,2,void,void,player_games
prizepicks,15269053,2026-09-27T16:05:58+00:00,0.0,2,void,void,player_games
prizepicks,15269054,2026-09-27T16:05:58+00:00,0.0,2,void,void,player_games
prizepicks,15269055,2026-09-27T16:05:58+00:00,0.0,2,void,void,player_games
prizepicks,15269056,2026-09-27T16:05:58+00:00,0.0,2,void,void,player_games
prizepicks,15269057,2026-09-27T16:05:58+00:00,0.0,2,void,void,player_games
prizepicks,15269058,2026-09-27T16:05:58+00:00,0.0,2,void,void,player_games
prizepicks,15269059,2026-09-27T16:05:58+00:00,0.0,2,void,void,player_games
prizepicks,15269060,2026-09-27T16:05:58+00:00,0.0,2,void,void,player_games
prizepicks,15269061,2026-09-27T16:05:58+00:00,0.0,2,void,void,player_games
prizepicks,15269062,2026-09-27T16:05:58+00:00,0.0,2,void,void,player_games
prizepicks,15269063,2026-09-27T16:05:58+00:00,0.0,2,void,void,player_games
prizepicks,15269064,2026-09-27T16:05:58+00:00,0.0,2,void,void,player_games
prizepicks,15269065,2026-09-27T16:05:58+00:00,0.0,2,void,void,player_games
prizepicks,15269066,2026-09-27T16:05:58+00:00,0.0,2,void,void,player_games
prizepicks,15269067,2026-09-27T16:05:58+00:00,0.0,2,void,void,player_games
prizepicks,15262871,2026-09-27T16:05:58+00:00,18.0,3,over,over,player_games
prizepicks,15262881,2026-09-27T16:05:58+00:00,11.0,3,over,over,player_games
prizepicks,15262872,2026-09-27T16:05:58+00:00,11.0,3,under,under,player_games
prizepicks,15262882,2026-09-27T16:05:58+00:00,3.0,3,under,under,player_games
prizepicks,15262873,2026-09-27T16:05:58+00:00,11.0,3,under,under,player_games
prizepicks,15262883,2026-09-27T16:05:58+00:00,9.0,3,over,over,player_games
prizepicks,15262874,2026-09-27T16:05:58+00:00,8.0,3,under,under,player_games
prizepicks,15262884,2026-09-27T16:05:58+00:00,4.0,3,under,under,player_games
prizepicks,15262875,2026-09-27T16:05:58+00:00,2.0,3,under,under,player_games
prizepicks,15262885,2026-09-27T16:05:58+00:00,0.0,3,under,under,player_games
prizepicks,15262876,2026-09-27T16:05:58+00:00,8.0,3,under,under,player_games
prizepicks,15262886,2026-09-27T16:05:58+00:00,4.0,3,under,under,player_games
prizepicks,15262877,2026-09-27T16:05:58+00:00,15.0,3,over,over,player_games
prizepicks,15262887,2026-09-27T16:05:58+00:00,8.0,3,over,over,player_games
prizepicks,15262878,2026-09-27T16:05:58+00:00,13.0,3,push,push,player_games
prizepicks,15262888,2026-09-27T16:05:58+00:00,7.0,3,under,under,player_games
prizepicks,15262879,2026-09-27T16:05:58+00:00,14.0,3,under,under,player_games
prizepicks,15262889,2026-09-27T16:05:58+00:00,12.0,3,over,over,player_games
prizepicks,15262880,2026-09-27T16:05:58+00:00,16.0,3,under,under,player_games
prizepicks,15262890,2026-09-27T16:05:58+00:00,11.0,3,over,over,player_games
prizepicks,15269028,2026-09-27T16:05:58+00:00,37.0,3,over,over,player_games
prizepicks,15269029,2026-09-27T16:05:58+00:00,34.0,3,over,over,player_games
prizepicks,15269030,2026-09-27T16:05:58+00:00,25.0,3,under,under,player_games
prizepicks,15269031,2026-09-27T16:05:58+00:00,18.0,3,under,under,player_games
prizepicks,15269032,2026-09-27T16:05:58+00:00,27.0,3,over,over,player_games
prizepicks,15269033,2026-09-27T16:05:58+00:00,30.0,3,under,under,player_games
prizepicks,15269034,2026-09-27T16:05:58+00:00,27.0,3,under,under,player_games
prizepicks,15269035,2026-09-27T16:05:58+00:00,27.0,3,under,under,player_games
prizepicks,15269036,2026-09-27T16:05:58+00:00,33.0,3,over,over,player_games
prizepicks,15269037,2026-09-27T16:05:58+00:00,23.0,3,under,under,player_games
prizepicks,15269038,2026-09-27T16:05:58+00:00,27.0,3,over,over,player_games
prizepicks,15269039,2026-09-27T16:05:58+00:00,23.0,3,over,over,player_games
prizepicks,15269040,2026-09-27T16:05:58+00:00,15.0,3,under,under,player_games
prizepicks,15269041,2026-09-27T16:05:58+00:00,4.0,3,under,under,player_games
prizepicks,15269042,2026-09-27T16:05:58+00:00,8.0,3,under,under,player_games
prizepicks,15269043,2026-09-27T16:05:58+00:00,8.0,3,under,under,player_games
prizepicks,15269044,2026-09-27T16:05:58+00:00,17.0,3,under,under,player_games
prizepicks,15269045,2026-09-27T16:05:58+00:00,13.0,3,under,under,player_games
prizepicks,15269046,2026-09-27T16:05:58+00:00,18.0,3,over,over,player_games
prizepicks,15269047,2026-09-27T16:05:58+00:00,17.0,3,over,over,player_games
sleeper,match-2839437:headshots_maps_1_2_over_under_player_1716,2026-09-27T16:07:54+00:00,7.0,3,under,under,player_games
sleeper,match-2839437:kills_maps_1_2_over_under_player_1716,2026-09-27T16:07:54+00:00,20.0,3,under,under,player_games
sleeper,match-2839437:headshots_maps_1_2_over_under_player_1995,2026-09-27T16:07:54+00:00,15.0,3,under,under,player_games
sleeper,match-2839437:kills_maps_1_2_over_under_player_1995,2026-09-27T16:07:54+00:00,29.0,3,under,under,player_games
sleeper,match-2839437:headshots_maps_1_2_over_under_player_2367,2026-09-27T16:07:54+00:00,14.0,3,over,over,player_games
sleeper,match-2839437:kills_maps_1_2_over_under_player_2367,2026-09-27T16:07:54+00:00,40.0,3,over,over,player_games
sleeper,match-2839437:headshots_maps_1_2_over_under_player_2662,2026-09-27T16:07:54+00:00,22.0,3,over,over,player_games
sleeper,match-2839437:kills_maps_1_2_over_under_player_2662,2026-09-27T16:07:54+00:00,31.0,3,over,over,player_games
sleeper,match-2839437:headshots_maps_1_2_over_under_player_77367,2026-09-27T16:07:54+00:00,11.0,3,under,under,player_games
sleeper,match-2839437:kills_maps_1_2_over_under_player_77367,2026-09-27T16:07:54+00:00,28.0,3,over,over,player_games
sleeper,match-2839594:headshots_maps_1_2_over_under_player_1153,2026-09-27T16:07:54+00:00,7.0,3,under,under,player_games
sleeper,match-2839594:kills_maps_1_2_over_under_player_1153,2026-09-27T16:07:54+00:00,27.0,3,under,under,player_games
sleeper,match-2839594:headshots_maps_1_2_over_under_player_1154,2026-09-27T16:07:54+00:00,13.0,3,under,under,player_games
sleeper,match-2839594:kills_maps_1_2_over_under_player_1154,2026-09-27T16:07:54+00:00,30.0,3,under,under,player_games
sleeper,match-2839594:headshots_maps_1_2_over_under_player_1155,2026-09-27T16:07:54+00:00,17.0,3,under,under,player_games
sleeper,match-2839594:kills_maps_1_2_over_under_player_1155,2026-09-27T16:07:54+00:00,21.0,3,under,under,player_games
sleeper,match-2839594:kills_maps_1_2_over_under_player_1514,2026-09-27T16:07:54+00:00,21.0,3,under,under,player_games
sleeper,match-2839594:headshots_maps_1_2_over_under_player_1617,2026-09-27T16:07:54+00:00,10.0,3,under,under,player_games
sleeper,match-2839594:kills_maps_1_2_over_under_player_1617,2026-09-27T16:07:54+00:00,18.0,3,under,under,player_games
sleeper,match-2839594:headshots_maps_1_2_over_under_player_2073,2026-09-27T16:07:54+00:00,5.0,3,under,under,player_games
sleeper,match-2839594:kills_maps_1_2_over_under_player_2073,2026-09-27T16:07:54+00:00,15.0,3,under,under,player_games
sleeper,match-2839594:headshots_maps_1_2_over_under_player_2075,2026-09-27T16:07:54+00:00,9.0,3,under,under,player_games
sleeper,match-2839594:kills_maps_1_2_over_under_player_2075,2026-09-27T16:07:54+00:00,20.0,3,under,under,player_games
sleeper,match-2839594:headshots_maps_1_2_over_under_player_2083,2026-09-27T16:07:54+00:00,15.0,3,under,under,player_games
sleeper,match-2839594:kills_maps_1_2_over_under_player_2083,2026-09-27T16:07:54+00:00,28.0,3,under,under,player_games
sleeper,match-2839594:headshots_maps_1_2_over_under_player_2699,2026-09-27T16:07:54+00:00,8.0,3,under,under,player_games
sleeper,match-2839594:kills_maps_1_2_over_under_player_2699,2026-09-27T16:07:54+00:00,43.0,3,over,over,player_games
sleeper,match-2839594:kills_maps_1_2_over_under_player_51952,2026-09-27T16:07:54+00:00,35.0,3,over,over,player_games
sleeper,match-2839453:headshots_maps_1_2_over_under_player_206662,2026-09-27T16:07:54+00:00,16.0,2,over,over,player_games
sleeper,match-2839453:kills_maps_1_2_over_under_player_206662,2026-09-27T16:07:54+00:00,23.0,2,under,under,player_games
sleeper,match-2839453:headshots_maps_1_2_over_under_player_228855,2026-09-27T16:07:54+00:00,15.0,2,under,under,player_games
sleeper,match-2839453:kills_maps_1_2_over_under_player_228855,2026-09-27T16:07:54+00:00,25.0,2,under,under,player_games
sleeper,match-2839453:headshots_maps_1_2_over_under_player_229388,2026-09-27T16:07:54+00:00,27.0,2,over,over,player_games
sleeper,match-2839453:kills_maps_1_2_over_under_player_229388,2026-09-27T16:07:54+00:00,43.0,2,over,over,player_games
sleeper,match-2839453:headshots_maps_1_2_over_under_player_229968,2026-09-27T16:07:54+00:00,15.0,2,over,over,player_games
sleeper,match-2839453:kills_maps_1_2_over_under_player_229968,2026-09-27T16:07:54+00:00,35.0,2,over,over,player_games
sleeper,match-2839453:headshots_maps_1_2_over_under_player_229970,2026-09-27T16:07:54+00:00,9.0,2,under,under,player_games
sleeper,match-2839453:kills_maps_1_2_over_under_player_229970,2026-09-27T16:07:54+00:00,14.0,2,under,under,player_games
sleeper,match-2839453:headshots_maps_1_2_over_under_player_230779,2026-09-27T16:07:54+00:00,12.0,2,under,under,player_games
sleeper,match-2839453:kills_maps_1_2_over_under_player_230779,2026-09-27T16:07:54+00:00,18.0,2,under,under,player_games
sleeper,match-2839467:headshots_maps_1_2_over_under_player_1486,2026-09-27T16:07:54+00:00,8.0,3,under,under,player_games
sleeper,match-2839467:kills_maps_1_2_over_under_player_1486,2026-09-27T16:07:54+00:00,21.0,3,under,under,player_games
sleeper,match-2839467:headshots_maps_1_2_over_under_player_2146,2026-09-27T16:07:54+00:00,11.0,3,under,under,player_games
sleeper,match-2839467:kills_maps_1_2_over_under_player_2146,2026-09-27T16:07:54+00:00,20.0,3,under,under,player_games
sleeper,match-2839467:headshots_maps_1_2_over_under_player_229933,2026-09-27T16:07:54+00:00,14.0,3,under,under,player_games
sleeper,match-2839467:kills_maps_1_2_over_under_player_229933,2026-09-27T16:07:54+00:00,29.0,3,under,under,player_games
sleeper,match-2839467:headshots_maps_1_2_over_under_player_2396,2026-09-27T16:07:54+00:00,26.0,3,over,over,player_games
sleeper,match-2839467:kills_maps_1_2_over_under_player_2396,2026-09-27T16:07:54+00:00,35.0,3,over,over,player_games
sleeper,match-2839467:headshots_maps_1_2_over_under_player_2757,2026-09-27T16:07:54+00:00,6.0,3,under,under,player_games
sleeper,match-2839467:kills_maps_1_2_over_under_player_2757,2026-09-27T16:07:54+00:00,19.0,3,under,under,player_games
sleeper,match-2839467:headshots_maps_1_2_over_under_player_3948,2026-09-27T16:07:54+00:00,11.0,3,under,under,player_games
sleeper,match-2839467:kills_maps_1_2_over_under_player_3948,2026-09-27T16:07:54+00:00,23.0,3,under,under,player_games
sleeper,match-2839467:headshots_maps_1_2_over_under_player_54909,2026-09-27T16:07:54+00:00,19.0,3,over,over,player_games
sleeper,match-2839467:kills_maps_1_2_over_under_player_54909,2026-09-27T16:07:54+00:00,25.0,3,under,under,player_games
sleeper,match-2839467:kills_maps_1_2_over_under_player_1554,2026-09-27T16:07:54+00:00,21.0,3,under,under,player_games
sleeper,match-2839467:headshots_maps_1_2_over_under_player_7323,2026-09-27T16:07:54+00:00,15.0,3,under,under,player_games
sleeper,match-2839467:kills_maps_1_2_over_under_player_7323,2026-09-27T16:07:54+00:00,36.0,3,over,over,player_games
sleeper,match-2839467:headshots_maps_1_2_over_under_player_1554,2026-09-27T16:07:54+00:00,16.0,3,under,under,player_games
sleeper,match-2839671:headshots_maps_1_2_over_under_player_1527,2026-09-27T16:07:54+00:00,22.0,2,over,over,player_games
sleeper,match-2839671:kills_maps_1_2_over_under_player_1527,2026-09-27T16:07:54+00:00,36.0,2,over,over,player_games
sleeper,match-2839671:headshots_maps_1_2_over_under_player_2129,2026-09-27T16:07:54+00:00,8.0,2,under,under,player_games
sleeper,match-2839671:kills_maps_1_2_over_under_player_2129,2026-09-27T16:07:54+00:00,18.0,2,under,under,player_games
sleeper,match-2839795:headshots_maps_1_2_over_under_player_1036,2026-09-27T16:07:54+00:00,7.0,3,under,under,player_games
sleeper,match-2839795:kills_maps_1_2_over_under_player_1036,2026-09-27T16:07:54+00:00,22.0,3,under,under,player_games
sleeper,match-2839795:headshots_maps_1_2_over_under_player_1246,2026-09-27T16:07:54+00:00,16.0,3,under,under,player_games
sleeper,match-2839795:kills_maps_1_2_over_under_player_1246,2026-09-27T16:07:54+00:00,29.0,3,over,over,player_games
sleeper,match-2839795:kills_maps_1_2_over_under_player_1405,2026-09-27T16:07:54+00:00,21.0,3,under,under,player_games
sleeper,match-2839795:headshots_maps_1_2_over_under_player_1409,2026-09-27T16:07:54+00:00,17.0,3,over,over,player_games
sleeper,match-2839795:kills_maps_1_2_over_under_player_1409,2026-09-27T16:07:54+00:00,30.0,3,over,over,player_games
sleeper,match-2839795:headshots_maps_1_2_over_under_player_1454,2026-09-27T16:07:54+00:00,8.0,3,under,under,player_games
sleeper,match-2839795:kills_maps_1_2_over_under_player_1454,2026-09-27T16:07:54+00:00,24.0,3,under,under,player_games
sleeper,match-2839795:headshots_maps_1_2_over_under_player_1525,2026-09-27T16:07:54+00:00,8.0,3,under,under,player_games
sleeper,match-2839795:kills_maps_1_2_over_under_player_1525,2026-09-27T16:07:54+00:00,27.0,3,under,under,player_games
sleeper,match-2839795:headshots_maps_1_2_over_under_player_1622,2026-09-27T16:07:54+00:00,18.0,3,over,over,player_games
sleeper,match-2839795:kills_maps_1_2_over_under_player_1622,2026-09-27T16:07:54+00:00,27.0,3,over,over,player_games
sleeper,match-2839795:headshots_maps_1_2_over_under_player_1638,2026-09-27T16:07:54+00:00,12.0,3,under,under,player_games
sleeper,match-2839795:kills_maps_1_2_over_under_player_1638,2026-09-27T16:07:54+00:00,19.0,3,under,under,player_games
sleeper,match-2839795:kills_maps_1_2_over_under_player_2148,2026-09-27T16:07:54+00:00,31.0,3,under,under,player_games
sleeper,match-2839795:headshots_maps_1_2_over_under_player_7072,2026-09-27T16:07:54+00:00,16.0,3,under,under,player_games
sleeper,match-2839795:kills_maps_1_2_over_under_player_7072,2026-09-27T16:07:54+00:00,28.0,3,under,under,player_games
sleeper,match-2839795:headshots_maps_1_2_over_under_player_2148,2026-09-27T16:07:54+00:00,17.0,3,over,over,player_games
sleeper,match-2839795:headshots_maps_1_2_over_under_player_1405,2026-09-27T16:07:54+00:00,12.0,3,under,under,player_games
sleeper,match-2839671:headshots_maps_1_2_over_under_player_1185,2026-09-27T16:07:54+00:00,12.0,2,under,under,player_games
sleeper,match-2839671:kills_maps_1_2_over_under_player_1185,2026-09-27T16:07:54+00:00,25.0,2,under,under,player_games
sleeper,match-2839671:headshots_maps_1_2_over_under_player_1861,2026-09-27T16:07:54+00:00,4.0,2,under,under,player_games
sleeper,match-2839671:kills_maps_1_2_over_under_player_1861,2026-09-27T16:07:54+00:00,26.0,2,under,under,player_games
sleeper,match-2839671:headshots_maps_1_2_over_under_player_1864,2026-09-27T16:07:54+00:00,28.0,2,over,over,player_games
sleeper,match-2839671:kills_maps_1_2_over_under_player_1864,2026-09-27T16:07:54+00:00,40.0,2,over,over,player_games
sleeper,match-2839671:headshots_maps_1_2_over_under_player_2531,2026-09-27T16:07:54+00:00,19.0,2,over,over,player_games
sleeper,match-2839671:kills_maps_1_2_over_under_player_2531,2026-09-27T16:07:54+00:00,33.0,2,over,over,player_games
sleeper,match-2839671:headshots_maps_1_2_over_under_player_67330,2026-09-27T16:07:54+00:00,16.0,2,under,under,player_games
sleeper,match-2839671:kills_maps_1_2_over_under_player_67330,2026-09-27T16:07:54+00:00,23.0,2,under,under,player_games
prizepicks,14893785,2026-09-27T16:08:25+00:00,71.0,2,under,under,player_games
prizepicks,14893786,2026-09-27T16:08:25+00:00,96.0,2,over,over,player_games
prizepicks,14893641,2026-09-27T16:08:25+00:00,23.0,2,under,under,player_games
prizepicks,14893642,2026-09-27T16:08:25+00:00,18.0,2,under,under,player_games
prizepicks,14893643,2026-09-27T16:08:25+00:00,26.0,2,under,under,player_games
prizepicks,14893644,2026-09-27T16:08:25+00:00,21.0,2,under,under,player_games
prizepicks,14893645,2026-09-27T16:08:25+00:00,27.0,2,push,push,player_games
prizepicks,14893646,2026-09-27T16:08:25+00:00,32.0,2,over,over,player_games
prizepicks,14893647,2026-09-27T16:08:25+00:00,34.0,2,over,over,player_games
prizepicks,14893648,2026-09-27T16:08:25+00:00,30.0,2,over,over,player_games
prizepicks,14893649,2026-09-27T16:08:25+00:00,25.0,2,under,under,player_games
prizepicks,14893650,2026-09-27T16:08:25+00:00,32.0,2,under,under,player_games
prizepicks,14893787,2026-09-27T16:08:25+00:00,99.0,2,over,over,player_games
prizepicks,14893788,2026-09-27T16:08:25+00:00,33.0,2,under,under,player_games
prizepicks,14893651,2026-09-27T16:08:25+00:00,21.0,2,under,under,player_games
prizepicks,14893652,2026-09-27T16:08:25+00:00,33.0,2,over,over,player_games
prizepicks,14893653,2026-09-27T16:08:25+00:00,20.0,2,under,under,player_games
prizepicks,14893654,2026-09-27T16:08:25+00:00,27.0,2,under,under,player_games
prizepicks,14893655,2026-09-27T16:08:25+00:00,39.0,2,over,over,player_games
prizepicks,14893656,2026-09-27T16:08:25+00:00,15.0,2,under,under,player_games
prizepicks,14893657,2026-09-27T16:08:25+00:00,19.0,2,under,under,player_games
prizepicks,14893658,2026-09-27T16:08:25+00:00,22.0,2,under,under,player_games
prizepicks,14893659,2026-09-27T16:08:25+00:00,18.0,2,under,under,player_games
prizepicks,14893660,2026-09-27T16:08:25+00:00,14.0,2,under,under,player_games
prizepicks,14893731,2026-09-27T16:08:25+00:00,0.0,2,void,void,player_games
prizepicks,14893732,2026-09-27T16:08:25+00:00,0.0,2,void,void,player_games
prizepicks,14893733,2026-09-27T16:08:25+00:00,0.0,2,void,void,player_games
prizepicks,14893734,2026-09-27T16:08:25+00:00,0.0,2,void,void,player_games
prizepicks,14893735,2026-09-27T16:08:25+00:00,0.0,2,void,void,player_games
prizepicks,14893736,2026-09-27T16:08:25+00:00,0.0,2,void,void,player_games
prizepicks,14893737,2026-09-27T16:08:25+00:00,0.0,2,void,void,player_games
prizepicks,14893738,2026-09-27T16:08:25+00:00,0.0,2,void,void,player_games
prizepicks,14893739,2026-09-27T16:08:25+00:00,0.0,2,void,void,player_games
prizepicks,14893740,2026-09-27T16:08:25+00:00,0.0,2,void,void,player_games
prizepicks,14893789,2026-09-27T16:08:25+00:00,100.0,3,over,over,player_games
prizepicks,14893790,2026-09-27T16:08:25+00:00,101.0,3,over,over,player_games
prizepicks,14893661,2026-09-27T16:08:25+00:00,32.0,3,over,over,player_games
prizepicks,14893662,2026-09-27T16:08:25+00:00,33.0,3,over,over,player_games
prizepicks,14893663,2026-09-27T16:08:25+00:00,28.0,3,over,over,player_games
prizepicks,14893664,2026-09-27T16:08:25+00:00,31.0,3,over,over,player_games
prizepicks,14893665,2026-09-27T16:08:25+00:00,36.0,3,over,over,player_games
prizepicks,14893666,2026-09-27T16:08:25+00:00,27.0,3,under,under,player_games
prizepicks,14893667,2026-09-27T16:08:25+00:00,34.0,3,over,push,player_games
prizepicks,14893668,2026-09-27T16:08:25+00:00,36.0,3,over,over,player_games
prizepicks,14893669,2026-09-27T16:08:25+00:00,40.0,3,over,over,player_games
prizepicks,14893670,2026-09-27T16:08:25+00:00,30.0,3,under,under,player_games
prizepicks,14893741,2026-09-27T16:08:25+00:00,11.0,3,under,under,player_games
prizepicks,14893742,2026-09-27T16:08:25+00:00,20.0,3,over,over,player_games
prizepicks,14893743,2026-09-27T16:08:25+00:00,16.0,3,over,over,player_games
prizepicks,14893744,2026-09-27T16:08:25+00:00,23.0,3,over,over,player_games
prizepicks,14893745,2026-09-27T16:08:25+00:00,13.0,3,under,under,player_games
prizepicks,14893746,2026-09-27T16:08:25+00:00,26.0,3,over,over,player_games
prizepicks,14893747,2026-09-27T16:08:25+00:00,22.0,3,over,over,player_games
prizepicks,14893748,2026-09-27T16:08:25+00:00,14.0,3,over,over,player_games
prizepicks,14893749,2026-09-27T16:08:25+00:00,20.0,3,over,over,player_games
prizepicks,14893750,2026-09-27T16:08:25+00:00,13.0,3,under,under,player_games
prizepicks,14893792,2026-09-27T16:08:25+00:00,51.0,2,under,under,player_games
prizepicks,14893672,2026-09-27T16:08:25+00:00,19.0,2,under,under,player_games
prizepicks,14893673,2026-09-27T16:08:25+00:00,26.0,2,under,under,player_games
prizepicks,14893674,2026-09-27T16:08:25+00:00,23.0,2,under,under,player_games
prizepicks,14893675,2026-09-27T16:08:25+00:00,47.0,2,over,over,player_games
prizepicks,14893676,2026-09-27T16:08:25+00:00,23.0,2,under,under,player_games
prizepicks,14893677,2026-09-27T16:08:25+00:00,28.0,2,under,under,player_games
prizepicks,14893678,2026-09-27T16:08:25+00:00,22.0,2,under,under,player_games
prizepicks,14893679,2026-09-27T16:08:25+00:00,17.0,2,under,under,player_games
prizepicks,14893751,2026-09-27T16:08:25+00:00,0.0,2,void,void,player_games
prizepicks,14893752,2026-09-27T16:08:25+00:00,0.0,2,void,void,player_games
prizepicks,14893753,2026-09-27T16:08:25+00:00,0.0,2,void,void,player_games
prizepicks,14893754,2026-09-27T16:08:25+00:00,0.0,2,void,void,player_games
prizepicks,14893755,2026-09-27T16:08:25+00:00,0.0,2,void,void,player_games
prizepicks,14893756,2026-09-27T16:08:25+00:00,0.0,2,void,void,player_games
prizepicks,14893757,2026-09-27T16:08:25+00:00,0.0,2,void,void,player_games
prizepicks,14893758,2026-09-27T16:08:25+00:00,0.0,2,void,void,player_games
prizepicks,14893759,2026-09-27T16:08:25+00:00,0.0,2,void,void,player_games
prizepicks,14893793,2026-09-27T16:08:25+00:00,107.0,2,over,over,player_games
prizepicks,14893794,2026-09-27T16:08:25+00:00,49.0,2,under,under,player_games
prizepicks,14893681,2026-09-27T16:08:25+00:00,29.0,2,under,under,player_games
prizepicks,14893682,2026-09-27T16:08:25+00:00,33.0,2,over,over,player_games
prizepicks,14893683,2026-09-27T16:08:25+00:00,45.0,2,over,over,player_games
prizepicks,14893684,2026-09-27T16:08:25+00:00,25.0,2,under,under,player_games
prizepicks,14893685,2026-09-27T16:08:25+00:00,39.0,2,over,over,player_games
prizepicks,14893686,2026-09-27T16:08:25+00:00,12.0,2,under,under,player_games
prizepicks,14893687,2026-09-27T16:08:25+00:00,18.0,2,under,under,player_games
prizepicks,14893688,2026-09-27T16:08:25+00:00,28.0,2,over,over,player_games
prizepicks,14893689,2026-09-27T16:08:25+00:00,31.0,2,under,under,player_games
prizepicks,14893690,2026-09-27T16:08:25+00:00,26.0,2,under,under,player_games
prizepicks,14893761,2026-09-27T16:08:25+00:00,0.0,2,void,void,player_games
prizepicks,14893762,2026-09-27T16:08:25+00:00,0.0,2,void,void,player_games
prizepicks,14893763,2026-09-27T16:08:25+00:00,0.0,2,void,void,player_games
prizepicks,14893764,2026-09-27T16:08:25+00:00,0.0,2,void,void,player_games
prizepicks,14893765,2026-09-27T16:08:25+00:00,0.0,2,void,void,player_games
prizepicks,14893766,2026-09-27T16:08:25+00:00,0.0,2,void,void,player_games
prizepicks,14893767,2026-09-27T16:08:25+00:00,0.0,2,void,void,player_games
prizepicks,14893768,2026-09-27T16:08:25+00:00,0.0,2,void,void,player_games
prizepicks,14893769,2026-09-27T16:08:25+00:00,0.0,2,void,void,player_games
prizepicks,14893770,2026-09-27T16:08:25+00:00,0.0,2,void,void,player_games
prizepicks,14893795,2026-09-27T16:08:25+00:00,80.0,2,under,under,player_games
prizepicks,14893796,2026-09-27T16:08:25+00:00,40.0,2,under,under,player_games
prizepicks,14893691,2026-09-27T16:08:25+00:00,24.0,2,under,under,player_games
prizepicks,14893692,2026-09-27T16:08:25+00:00,25.0,2,over,over,player_games
prizepicks,14893693,2026-09-27T16:08:25+00:00,15.0,2,under,under,player_games
prizepicks,14893694,2026-09-27T16:08:25+00:00,20.0,2,under,under,player_games
prizepicks,14893695,2026-09-27T16:08:25+00:00,16.0,2,under,under,player_games
prizepicks,14893696,2026-09-27T16:08:25+00:00,21.0,2,under,under,player_games
prizepicks,14893697,2026-09-27T16:08:25+00:00,27.0,2,under,under,player_games
prizepicks,14893698,2026-09-27T16:08:25+00:00,32.0,2,over,push,player_games
prizepicks,14893699,2026-09-27T16:08:25+00:00,34.0,2,over,over,player_games
prizepicks,14893700,2026-09-27T16:08:25+00:00,41.0,2,over,over,player_games
prizepicks,15194837,2026-09-27T16:08:56+00:00,3.0,1,under,under,player_games
prizepicks,15194838,2026-09-27T16:08:56+00:00,1.0,1,under,under,player_games
prizepicks,15194839,2026-09-27T16:08:56+00:00,10.0,1,over,over,player_games
prizepicks,15194840,2026-09-27T16:08:56+00:00,2.0,1,under,under,player_games
prizepicks,15194841,2026-09-27T16:08:56+00:00,3.0,1,push,push,player_games
prizepicks,15194842,2026-09-27T16:08:56+00:00,3.0,1,under,under,player_games
prizepicks,15194843,2026-09-27T16:08:56+00:00,3.0,1,under,under,player_games
prizepicks,15194844,2026-09-27T16:08:56+00:00,9.0,1,over,over,player_games
prizepicks,15194845,2026-09-27T16:08:56+00:00,0.0,1,under,under,player_games
prizepicks,15194846,2026-09-27T16:08:56+00:00,2.0,1,under,under,player_games
prizepicks,15194847,2026-09-27T16:08:56+00:00,1.0,1,under,under,player_games
prizepicks,15194848,2026-09-27T16:08:56+00:00,1.0,1,under,under,player_games
prizepicks,15195110,2026-09-27T16:08:56+00:00,6.0,1,over,over,player_games
prizepicks,15195111,2026-09-27T16:08:56+00:00,3.0,1,under,under,player_games
prizepicks,15195112,2026-09-27T16:08:56+00:00,4.0,1,under,under,player_games
prizepicks,15195113,2026-09-27T16:08:56+00:00,5.0,1,under,under,player_games
prizepicks,15195114,2026-09-27T16:08:56+00:00,3.0,1,under,under,player_games
prizepicks,15195115,2026-09-27T16:08:56+00:00,3.0,1,under,under,player_games
prizepicks,15195116,2026-09-27T16:08:56+00:00,3.0,1,under,under,player_games
prizepicks,15195117,2026-09-27T16:08:56+00:00,9.0,1,over,over,player_games
prizepicks,15195118,2026-09-27T16:08:56+00:00,2.0,1,under,under,player_games
prizepicks,15195119,2026-09-27T16:08:56+00:00,5.0,1,over,over,player_games
prizepicks,15195120,2026-09-27T16:08:56+00:00,14.0,1,over,over,player_games
prizepicks,15195121,2026-09-27T16:08:56+00:00,5.0,1,under,under,player_games
prizepicks,15198016,2026-09-27T16:08:56+00:00,24.0,5,under,under,player_games
prizepicks,15198017,2026-09-27T16:08:56+00:00,19.0,5,under,under,player_games
prizepicks,15198018,2026-09-27T16:08:56+00:00,20.0,5,under,under,player_games
prizepicks,15198019,2026-09-27T16:08:56+00:00,9.0,5,under,under,player_games
prizepicks,15198571,2026-09-27T16:08:56+00:00,7.0,5,under,under,player_games
prizepicks,15197798,2026-09-27T16:08:56+00:00,7.0,5,under,under,player_games
prizepicks,15198572,2026-09-27T16:08:56+00:00,7.0,5,over,over,player_games
prizepicks,15198493,2026-09-27T16:08:56+00:00,8.0,5,under,under,player_games
prizepicks,15197799,2026-09-27T16:08:56+00:00,8.0,5,under,under,player_games
prizepicks,15198494,2026-09-27T16:08:56+00:00,8.0,5,under,under,player_games
prizepicks,15198799,2026-09-27T16:08:56+00:00,9.0,5,under,under,player_games
prizepicks,15197800,2026-09-27T16:08:56+00:00,9.0,5,under,under,player_games
prizepicks,15198800,2026-09-27T16:08:56+00:00,9.0,5,over,over,player_games
prizepicks,15198842,2026-09-27T16:08:56+00:00,10.0,5,under,under,player_games
prizepicks,15197801,2026-09-27T16:08:56+00:00,10.0,5,under,under,player_games
prizepicks,15198843,2026-09-27T16:08:56+00:00,10.0,5,under,under,player_games
prizepicks,15197973,2026-09-27T16:08:56+00:00,3.0,5,over,over,player_games
prizepicks,15198729,2026-09-27T16:08:56+00:00,4.0,5,under,under,player_games
prizepicks,15197803,2026-09-27T16:08:56+00:00,4.0,5,under,under,player_games
prizepicks,15198730,2026-09-27T16:08:56+00:00,4.0,5,under,under,player_games
prizepicks,15198488,2026-09-27T16:08:56+00:00,11.0,5,over,over,player_games
prizepicks,15197804,2026-09-27T16:08:56+00:00,11.0,5,over,over,player_games
prizepicks,15198489,2026-09-27T16:08:56+00:00,11.0,5,over,over,player_games
prizepicks,15198468,2026-09-27T16:08:56+00:00,5.0,5,under,under,player_games
prizepicks,15197805,2026-09-27T16:08:56+00:00,5.0,5,under,under,player_games
prizepicks,15198469,2026-09-27T16:08:56+00:00,5.0,5,under,under,player_games
prizepicks,15198922,2026-09-27T16:08:56+00:00,4.0,5,under,under,player_games
prizepicks,15197806,2026-09-27T16:08:56+00:00,4.0,5,under,under,player_games
prizepicks,15198923,2026-09-27T16:08:56+00:00,4.0,5,under,under,player_games
prizepicks,15197990,2026-09-27T16:08:56+00:00,0.0,5,under,under,player_games
prizepicks,15197784,2026-09-27T16:08:56+00:00,2.0,5,under,under,player_games
prizepicks,15197785,2026-09-27T16:08:56+00:00,1.0,5,under,under,player_games
prizepicks,15197786,2026-09-27T16:08:56+00:00,2.0,5,under,under,player_games
prizepicks,15197787,2026-09-27T16:08:56+00:00,2.0,5,under,under,player_games
prizepicks,15197788,2026-09-27T16:08:56+00:00,0.0,5,under,under,player_games
prizepicks,15197789,2026-09-27T16:08:56+00:00,2.0,5,under,under,player_games
prizepicks,15197790,2026-09-27T16:08:56+00:00,5.0,5,over,over,player_games
prizepicks,15197791,2026-09-27T16:08:56+00:00,3.0,5,over,over,player_games
prizepicks,15197792,2026-09-27T16:08:56+00:00,8.0,5,over,over,player_games
prizepicks,15197793,2026-09-27T16:08:56+00:00,1.0,5,over,over,player_games
prizepicks,15197722,2026-09-27T16:08:56+00:00,1.0,5,under,under,player_games
prizepicks,15197723,2026-09-27T16:08:56+00:00,2.0,5,under,under,player_games
prizepicks,15197724,2026-09-27T16:08:56+00:00,0.0,5,under,under,player_games
prizepicks,15197725,2026-09-27T16:08:56+00:00,1.0,5,under,under,player_games
prizepicks,15197726,2026-09-27T16:08:56+00:00,0.0,5,under,under,player_games
prizepicks,15197727,2026-09-27T16:08:56+00:00,4.0,5,over,over,player_games
prizepicks,15197728,2026-09-27T16:08:56+00:00,7.0,5,over,over,player_games
prizepicks,15197729,2026-09-27T16:08:56+00:00,0.0,5,under,under,player_games
prizepicks,15197730,2026-09-27T16:08:56+00:00,4.0,5,over,over,player_games
prizepicks,15197731,2026-09-27T16:08:56+00:00,1.0,5,over,over,player_games
prizepicks,15232591,2026-09-27T16:08:56+00:00,4.0,1,over,over,player_games
prizepicks,15232583,2026-09-27T16:08:56+00:00,3.0,1,under,under,player_games
prizepicks,15232587,2026-09-27T16:08:56+00:00,2.0,1,under,under,player_games
prizepicks,15232592,2026-09-27T16:08:56+00:00,5.0,1,over,over,player_games
prizepicks,15232584,2026-09-27T16:08:56+00:00,4.0,1,under,under,player_games
prizepicks,15232593,2026-09-27T16:08:56+00:00,5.0,1,push,push,player_games
prizepicks,15232585,2026-09-27T16:08:56+00:00,5.0,1,under,under,player_games
prizepicks,15232594,2026-09-27T16:08:56+00:00,4.0,1,under,under,player_games
prizepicks,15232586,2026-09-27T16:08:56+00:00,4.0,1,under,under,player_games
prizepicks,15232590,2026-09-27T16:08:56+00:00,4.0,1,under,under,player_games
prizepicks,15235404,2026-09-27T16:08:56+00:00,10.0,5,over,over,player_games
prizepicks,15235405,2026-09-27T16:08:56+00:00,10.0,5,under,under,player_games
prizepicks,15235406,2026-09-27T16:08:56+00:00,8.0,5,under,under,player_games
prizepicks,15235407,2026-09-27T16:08:56+00:00,11.0,5,under,under,player_games
prizepicks,15235408,2026-09-27T16:08:56+00:00,6.0,5,under,over,player_games
prizepicks,15235409,2026-09-27T16:08:56+00:00,5.0,5,under,under,player_games
prizepicks,15235410,2026-09-27T16:08:56+00:00,11.0,5,over,over,player_games
prizepicks,15235411,2026-09-27T16:08:56+00:00,14.0,5,over,over,player_games
prizepicks,15232610,2026-09-27T16:08:56+00:00,3.0,1,under,under,player_games
prizepicks,15232606,2026-09-27T16:08:56+00:00,3.0,1,push,push,player_games
prizepicks,15232596,2026-09-27T16:08:56+00:00,5.0,1,over,over,player_games
prizepicks,15232601,2026-09-27T16:08:56+00:00,0.0,1,under,under,player_games
prizepicks,15232611,2026-09-27T16:08:56+00:00,5.0,1,over,over,player_games
prizepicks,15232607,2026-09-27T16:08:56+00:00,2.0,1,under,under,player_games
prizepicks,15232597,2026-09-27T16:08:56+00:00,4.0,1,push,push,player_games
prizepicks,15232602,2026-09-27T16:08:56+00:00,2.0,1,under,under,player_games
prizepicks,15232612,2026-09-27T16:08:56+00:00,3.0,1,under,under,player_games
prizepicks,15232608,2026-09-27T16:08:56+00:00,2.0,1,under,under,player_games
prizepicks,15232598,2026-09-27T16:08:56+00:00,6.0,1,over,over,player_games
prizepicks,15232603,2026-09-27T16:08:56+00:00,1.0,1,under,under,player_games
prizepicks,15232613,2026-09-27T16:08:56+00:00,6.0,1,push,push,player_games
prizepicks,15232609,2026-09-27T16:08:56+00:00,8.0,1,over,over,player_games
prizepicks,15232599,2026-09-27T16:08:56+00:00,7.0,1,over,over,player_games
prizepicks,15232604,2026-09-27T16:08:56+00:00,5.0,1,under,under,player_games
prizepicks,15234205,2026-09-27T16:08:56+00:00,10.0,1,over,over,player_games
prizepicks,15234206,2026-09-27T16:08:56+00:00,2.0,1,under,under,player_games
prizepicks,15234207,2026-09-27T16:08:56+00:00,9.0,1,over,over,player_games
prizepicks,15234208,2026-09-27T16:08:56+00:00,3.0,1,under,under,player_games
prizepicks,15234209,2026-09-27T16:08:56+00:00,17.0,1,over,over,player_games
prizepicks,15234210,2026-09-27T16:08:56+00:00,1.0,1,under,under,player_games
prizepicks,15234211,2026-09-27T16:08:56+00:00,6.0,1,under,push,player_games
prizepicks,15234212,2026-09-27T16:08:56+00:00,2.0,1,under,under,player_games
prizepicks,15234213,2026-09-27T16:08:56+00:00,5.0,1,over,over,player_games
prizepicks,15234214,2026-09-27T16:08:56+00:00,13.0,1,over,over,player_games
prizepicks,15234215,2026-09-27T16:08:56+00:00,3.0,1,under,under,player_games
prizepicks,15234220,2026-09-27T16:08:56+00:00,2.0,1,under,under,player_games
prizepicks,15234221,2026-09-27T16:08:56+00:00,4.0,1,under,under,player_games
prizepicks,15234222,2026-09-27T16:08:56+00:00,1.0,1,under,under,player_games
prizepicks,15234223,2026-09-27T16:08:56+00:00,10.0,1,over,over,player_games
prizepicks,15234224,2026-09-27T16:08:56+00:00,3.0,1,over,over,player_games
prizepicks,15234225,2026-09-27T16:08:56+00:00,4.0,1,over,over,player_games
prizepicks,15234226,2026-09-27T16:08:56+00:00,5.0,1,over,over,player_games
prizepicks,15234227,2026-09-27T16:08:56+00:00,4.0,1,push,push,player_games
prizepicks,15234228,2026-09-27T16:08:56+00:00,8.0,1,over,over,player_games
prizepicks,15234229,2026-09-27T16:08:56+00:00,0.0,1,under,under,player_games
prizepicks,15234230,2026-09-27T16:08:56+00:00,3.0,1,under,under,player_games
prizepicks,15234231,2026-09-27T16:08:56+00:00,10.0,1,over,over,player_games
prizepicks,15234216,2026-09-27T16:08:56+00:00,6.0,1,over,over,player_games
prizepicks,15234217,2026-09-27T16:08:56+00:00,7.0,1,over,over,player_games
prizepicks,15234218,2026-09-27T16:08:56+00:00,8.0,1,over,over,player_games
prizepicks,15234219,2026-09-27T16:08:56+00:00,8.0,1,over,over,player_games
prizepicks,15235412,2026-09-27T16:08:56+00:00,5.0,5,over,over,player_games
prizepicks,15235413,2026-09-27T16:08:56+00:00,3.0,5,under,under,player_games
prizepicks,15235414,2026-09-27T16:08:56+00:00,9.0,5,over,over,player_games
prizepicks,15235415,2026-09-27T16:08:56+00:00,6.0,5,over,over,player_games
prizepicks,15235416,2026-09-27T16:08:56+00:00,1.0,5,under,under,player_games
prizepicks,15235417,2026-09-27T16:08:56+00:00,3.0,5,over,over,player_games
prizepicks,15235418,2026-09-27T16:08:56+00:00,2.0,5,push,push,player_games
prizepicks,15235419,2026-09-27T16:08:56+00:00,3.0,5,push,push,player_games
prizepicks,15244027,2026-09-27T16:08:56+00:00,30.0,4,under,under,player_games
prizepicks,15244028,2026-09-27T16:08:56+00:00,26.0,4,under,under,player_games
prizepicks,15244033,2026-09-27T16:08:56+00:00,14.0,4,under,under,player_games
prizepicks,15244035,2026-09-27T16:08:56+00:00,11.0,4,under,under,player_games
prizepicks,15243996,2026-09-27T16:08:56+00:00,7.0,4,under,under,player_games
prizepicks,15243997,2026-09-27T16:08:56+00:00,8.0,4,under,under,player_games
prizepicks,15243998,2026-09-27T16:08:56+00:00,15.0,4,over,over,player_games
prizepicks,15243999,2026-09-27T16:08:56+00:00,11.0,4,under,under,player_games
prizepicks,15244000,2026-09-27T16:08:56+00:00,1.0,4,under,under,player_games
prizepicks,15244001,2026-09-27T16:08:56+00:00,3.0,4,under,under,player_games
prizepicks,15244002,2026-09-27T16:08:56+00:00,4.0,4,under,under,player_games
prizepicks,15244003,2026-09-27T16:08:56+00:00,7.0,4,under,under,player_games
prizepicks,15244004,2026-09-27T16:08:56+00:00,4.0,4,under,under,player_games
prizepicks,15244005,2026-09-27T16:08:56+00:00,0.0,4,under,under,player_games
prizepicks,15245013,2026-09-27T16:08:56+00:00,7.0,4,under,under,player_games
prizepicks,15245014,2026-09-27T16:08:56+00:00,7.0,4,over,over,player_games
prizepicks,15245054,2026-09-27T16:08:56+00:00,1.0,4,under,under,player_games
prizepicks,15245021,2026-09-27T16:08:56+00:00,3.0,4,under,under,player_games
prizepicks,15245022,2026-09-27T16:08:56+00:00,3.0,4,under,under,player_games
prizepicks,15245063,2026-09-27T16:08:56+00:00,0.0,4,under,under,player_games
prizepicks,15245166,2026-09-27T16:08:56+00:00,8.0,4,under,under,player_games
prizepicks,15245167,2026-09-27T16:08:56+00:00,8.0,4,over,over,player_games
prizepicks,15245188,2026-09-27T16:08:56+00:00,15.0,4,under,under,player_games
prizepicks,15245189,2026-09-27T16:08:56+00:00,15.0,4,over,over,player_games
prizepicks,15245173,2026-09-27T16:08:56+00:00,4.0,4,under,under,player_games
prizepicks,15245174,2026-09-27T16:08:56+00:00,4.0,4,under,under,player_games
prizepicks,15245415,2026-09-27T16:08:56+00:00,7.0,4,under,under,player_games
prizepicks,15245416,2026-09-27T16:08:56+00:00,7.0,4,over,over,player_games
prizepicks,15245628,2026-09-27T16:08:56+00:00,11.0,4,under,under,player_games
prizepicks,15245629,2026-09-27T16:08:56+00:00,11.0,4,under,under,player_games
prizepicks,15245678,2026-09-27T16:08:56+00:00,4.0,4,under,under,player_games
prizepicks,15245679,2026-09-27T16:08:56+00:00,4.0,4,under,under,player_games
prizepicks,15235420,2026-09-27T16:08:56+00:00,7.0,5,over,over,player_games
prizepicks,15235421,2026-09-27T16:08:56+00:00,1.0,5,under,under,player_games
prizepicks,15235422,2026-09-27T16:08:56+00:00,7.0,5,over,over,player_games
prizepicks,15235423,2026-09-27T16:08:56+00:00,5.0,5,push,push,player_games
prizepicks,15235424,2026-09-27T16:08:56+00:00,1.0,5,under,under,player_games
prizepicks,15235425,2026-09-27T16:08:56+00:00,0.0,5,under,under,player_games
prizepicks,15235426,2026-09-27T16:08:56+00:00,1.0,5,under,under,player_games
prizepicks,15235427,2026-09-27T16:08:56+00:00,6.0,5,over,over,player_games
prizepicks,15244040,2026-09-27T16:08:56+00:00,6.0,4,over,over,player_games
prizepicks,15244041,2026-09-27T16:08:56+00:00,3.0,4,push,push,player_games
prizepicks,15244042,2026-09-27T16:08:56+00:00,8.0,4,over,over,player_games
prizepicks,15244043,2026-09-27T16:08:56+00:00,4.0,4,under,under,player_games
prizepicks,15244044,2026-09-27T16:08:56+00:00,3.0,4,over,over,player_games
prizepicks,15244045,2026-09-27T16:08:56+00:00,1.0,4,under,under,player_games
prizepicks,15244046,2026-09-27T16:08:56+00:00,3.0,4,over,over,player_games
prizepicks,15244047,2026-09-27T16:08:56+00:00,1.0,4,under,under,player_games
prizepicks,15244048,2026-09-27T16:08:56+00:00,2.0,4,under,under,player_games
prizepicks,15244049,2026-09-27T16:08:56+00:00,1.0,4,over,over,player_games
prizepicks,15244063,2026-09-27T16:08:56+00:00,0.0,4,void,void,player_games
prizepicks,15244064,2026-09-27T16:08:56+00:00,0.0,4,void,void,player_games
prizepicks,15244065,2026-09-27T16:08:56+00:00,0.0,4,void,void,player_games
prizepicks,15244066,2026-09-27T16:08:56+00:00,0.0,4,void,void,player_games
prizepicks,15244067,2026-09-27T16:08:56+00:00,0.0,4,void,void,player_games
prizepicks,15244068,2026-09-27T16:08:56+00:00,0.0,4,void,void,player_games
prizepicks,15244069,2026-09-27T16:08:56+00:00,0.0,4,void,void,player_games
prizepicks,15244070,2026-09-27T16:08:56+00:00,0.0,4,void,void,player_games
prizepicks,15244071,2026-09-27T16:08:56+00:00,0.0,4,void,void,player_games
prizepicks,15244072,2026-09-27T16:08:56+00:00,0.0,4,void,void,player_games
prizepicks,15261119,2026-09-27T16:08:56+00:00,10.0,4,over,over,player_games
prizepicks,15261120,2026-09-27T16:08:56+00:00,13.0,4,under,under,player_games
prizepicks,15261121,2026-09-27T16:08:56+00:00,14.0,4,over,over,player_games
prizepicks,15261122,2026-09-27T16:08:56+00:00,22.0,4,over,over,player_games
prizepicks,15261123,2026-09-27T16:08:56+00:00,4.0,4,under,under,player_games
prizepicks,15261124,2026-09-27T16:08:56+00:00,17.0,4,over,over,player_games
prizepicks,15261125,2026-09-27T16:08:56+00:00,7.0,4,under,under,player_games
prizepicks,15261126,2026-09-27T16:08:56+00:00,8.0,4,under,under,player_games
prizepicks,15261127,2026-09-27T16:08:56+00:00,7.0,5,under,under,player_games
prizepicks,15261128,2026-09-27T16:08:56+00:00,9.0,5,under,under,player_games
prizepicks,15261129,2026-09-27T16:08:56+00:00,9.0,5,under,under,player_games
prizepicks,15261130,2026-09-27T16:08:56+00:00,10.0,5,under,under,player_games
prizepicks,15261131,2026-09-27T16:08:56+00:00,6.0,5,under,under,player_games
prizepicks,15261132,2026-09-27T16:08:56+00:00,17.0,5,over,over,player_games
prizepicks,15261133,2026-09-27T16:08:56+00:00,23.0,5,over,over,player_games
prizepicks,15261134,2026-09-27T16:08:56+00:00,15.0,5,over,over,player_games
prizepicks,15261143,2026-09-27T16:08:56+00:00,9.0,4,over,over,player_games
prizepicks,15261144,2026-09-27T16:08:56+00:00,4.0,4,under,under,player_games
prizepicks,15261145,2026-09-27T16:08:56+00:00,7.0,4,over,over,player_games
prizepicks,15261146,2026-09-27T16:08:56+00:00,4.0,4,under,under,player_games
prizepicks,15261147,2026-09-27T16:08:56+00:00,0.0,4,under,under,player_games
prizepicks,15261148,2026-09-27T16:08:56+00:00,2.0,4,under,under,player_games
prizepicks,15261149,2026-09-27T16:08:56+00:00,3.0,4,push,push,player_games
prizepicks,15261150,2026-09-27T16:08:56+00:00,2.0,4,under,under,player_games
prizepicks,15261167,2026-09-27T16:08:56+00:00,0.0,4,void,void,player_games
prizepicks,15261168,2026-09-27T16:08:56+00:00,0.0,4,void,void,player_games
prizepicks,15261169,2026-09-27T16:08:56+00:00,0.0,4,void,void,player_games
prizepicks,15261170,2026-09-27T16:08:56+00:00,0.0,4,void,void,player_games
prizepicks,15261171,2026-09-27T16:08:56+00:00,0.0,4,void,void,player_games
prizepicks,15261172,2026-09-27T16:08:56+00:00,0.0,4,void,void,player_games
prizepicks,15261173,2026-09-27T16:08:56+00:00,0.0,4,void,void,player_games
prizepicks,15261174,2026-09-27T16:08:56+00:00,0.0,4,void,void,player_games
prizepicks,15261151,2026-09-27T16:08:56+00:00,4.0,5,over,over,player_games
prizepicks,15261152,2026-09-27T16:08:56+00:00,3.0,5,under,under,player_games
prizepicks,15261153,2026-09-27T16:08:56+00:00,4.0,5,under,under,player_games
prizepicks,15261154,2026-09-27T16:08:56+00:00,4.0,5,under,under,player_games
prizepicks,15261155,2026-09-27T16:08:56+00:00,1.0,5,under,under,player_games
prizepicks,15261156,2026-09-27T16:08:56+00:00,1.0,5,under,under,player_games
prizepicks,15261157,2026-09-27T16:08:56+00:00,6.0,5,over,over,player_games
prizepicks,15261158,2026-09-27T16:08:56+00:00,2.0,5,under,under,player_games
