ticker,fetched_at,event_ticker,sport,team,opponent,map_index,market_kind,close_time,yes_bid,yes_ask,volume,our_p
KXCS2MAP-26SEP262100FAROT-2-OT,2026-09-26T07:34:10+00:00,KXCS2MAP-26SEP262100FAROT-2,cs2,Overtake Sector,FarmVille,2,map,2026-09-29T01:00:00Z,0.44,0.6,,0.5196276523525021
KXCS2MAP-26SEP262100FAROT-2-FAR,2026-09-26T07:34:10+00:00,KXCS2MAP-26SEP262100FAROT-2,cs2,FarmVille,Overtake Sector,2,map,2026-09-29T01:00:00Z,0.4,0.56,,0.4713486187439504
KXCS2MAP-26SEP262100FAROT-1-OT,2026-09-26T07:34:10+00:00,KXCS2MAP-26SEP262100FAROT-1,cs2,Overtake Sector,FarmVille,1,map,2026-09-29T01:00:00Z,0.44,0.6,,0.5184317038881772
KXCS2MAP-26SEP262100FAROT-1-FAR,2026-09-26T07:34:10+00:00,KXCS2MAP-26SEP262100FAROT-1,cs2,FarmVille,Overtake Sector,1,map,2026-09-29T01:00:00Z,0.4,0.56,,0.4782112993691364
KXCS2MAP-26SEP262100DTNMAR-2-MAR,2026-09-26T07:34:10+00:00,KXCS2MAP-26SEP262100DTNMAR-2,cs2,Marsborne,DETONATE,2,map,2026-09-29T01:00:00Z,0.65,0.88,,0.767148725871058
KXCS2MAP-26SEP262100DTNMAR-2-DTN,2026-09-26T07:34:10+00:00,KXCS2MAP-26SEP262100DTNMAR-2,cs2,DETONATE,Marsborne,2,map,2026-09-29T01:00:00Z,0.08,0.35,,0.2390348541729987
KXCS2MAP-26SEP262100DTNMAR-1-MAR,2026-09-26T07:34:10+00:00,KXCS2MAP-26SEP262100DTNMAR-1,cs2,Marsborne,DETONATE,1,map,2026-09-29T01:00:00Z,0.65,0.94,,0.7675643997762491
KXCS2MAP-26SEP262100DTNMAR-1-DTN,2026-09-26T07:34:10+00:00,KXCS2MAP-26SEP262100DTNMAR-1,cs2,DETONATE,Marsborne,1,map,2026-09-29T01:00:00Z,0.06,0.35,,0.24101171728496842
KXCS2MAP-26SEP272100LAGREGAIN-2-REGAIN,2026-09-26T07:34:10+00:00,KXCS2MAP-26SEP272100LAGREGAIN-2,cs2,regain,LAG Gaming,2,map,2026-09-30T01:00:00Z,0.12,0.67,,
KXCS2MAP-26SEP272100LAGREGAIN-2-LAG,2026-09-26T07:34:10+00:00,KXCS2MAP-26SEP272100LAGREGAIN-2,cs2,LAG Gaming,regain,2,map,2026-09-30T01:00:00Z,,,,
KXCS2MAP-26SEP272100LAGREGAIN-1-REGAIN,2026-09-26T07:34:10+00:00,KXCS2MAP-26SEP272100LAGREGAIN-1,cs2,regain,LAG Gaming,1,map,2026-09-30T01:00:00Z,,,,
KXCS2MAP-26SEP272100LAGREGAIN-1-LAG,2026-09-26T07:34:10+00:00,KXCS2MAP-26SEP272100LAGREGAIN-1,cs2,LAG Gaming,regain,1,map,2026-09-30T01:00:00Z,0.32,0.87,,
KXCS2MAP-26SEP271800MIRAALKAA-2-MIRA,2026-09-26T07:34:10+00:00,KXCS2MAP-26SEP271800MIRAALKAA-2,cs2,Mira,ALKA,2,map,2026-09-29T22:00:00Z,0.09,0.64,,0.33454788589066786
KXCS2MAP-26SEP271800MIRAALKAA-2-ALKAA,2026-09-26T07:34:10+00:00,KXCS2MAP-26SEP271800MIRAALKAA-2,cs2,ALKA,Mira,2,map,2026-09-29T22:00:00Z,0.36,0.91,,0.6548964470669552
KXCS2MAP-26SEP271800MIRAALKAA-1-MIRA,2026-09-26T07:34:10+00:00,KXCS2MAP-26SEP271800MIRAALKAA-1,cs2,Mira,ALKA,1,map,2026-09-29T22:00:00Z,0.08,0.63,,0.3346826871585122
KXCS2MAP-26SEP271800MIRAALKAA-1-ALKAA,2026-09-26T07:34:10+00:00,KXCS2MAP-26SEP271800MIRAALKAA-1,cs2,ALKA,Mira,1,map,2026-09-29T22:00:00Z,0.37,0.92,,0.6618330448064628
KXCS2MAP-26SEP271200MIBRMW-2-MW,2026-09-26T07:34:10+00:00,KXCS2MAP-26SEP271200MIBRMW-2,cs2,METANOIA Wolves,MIBR fe,2,map,2026-09-29T16:00:00Z,0.06,0.94,,0.4570278103915659
KXCS2MAP-26SEP271200MIBRMW-2-MIBR,2026-09-26T07:34:10+00:00,KXCS2MAP-26SEP271200MIBRMW-2,cs2,MIBR fe,METANOIA Wolves,2,map,2026-09-29T16:00:00Z,0.06,0.94,,0.5379840093846268
KXCS2MAP-26SEP271200MIBRMW-1-MW,2026-09-26T07:34:10+00:00,KXCS2MAP-26SEP271200MIBRMW-1,cs2,METANOIA Wolves,MIBR fe,1,map,2026-09-29T16:00:00Z,0.06,0.94,,0.45995957820506533
KXCS2MAP-26SEP271200MIBRMW-1-MIBR,2026-09-26T07:34:10+00:00,KXCS2MAP-26SEP271200MIBRMW-1,cs2,MIBR fe,METANOIA Wolves,1,map,2026-09-29T16:00:00Z,0.06,0.94,,0.5427614307072125
KXCS2MAP-26SEP270900SEMCHAMA-2-SEM,2026-09-26T07:34:10+00:00,KXCS2MAP-26SEP270900SEMCHAMA-2,cs2,Semente do Mal,BORRACHEIROS,2,map,2026-09-29T13:00:00Z,0.12,0.67,,
KXCS2MAP-26SEP270900SEMCHAMA-2-CHAMA,2026-09-26T07:34:10+00:00,KXCS2MAP-26SEP270900SEMCHAMA-2,cs2,BORRACHEIROS,Semente do Mal,2,map,2026-09-29T13:00:00Z,0.33,0.88,,
KXCS2MAP-26SEP270900SEMCHAMA-1-SEM,2026-09-26T07:34:10+00:00,KXCS2MAP-26SEP270900SEMCHAMA-1,cs2,Semente do Mal,BORRACHEIROS,1,map,2026-09-29T13:00:00Z,0.11,0.66,,
KXCS2MAP-26SEP270900SEMCHAMA-1-CHAMA,2026-09-26T07:34:10+00:00,KXCS2MAP-26SEP270900SEMCHAMA-1,cs2,BORRACHEIROS,Semente do Mal,1,map,2026-09-29T13:00:00Z,0.34,0.89,,
KXCS2MAP-26SEP261800PLDGRE-2-PLD,2026-09-26T07:34:10+00:00,KXCS2MAP-26SEP261800PLDGRE-2,cs2,Peladona,Gremio Esports,2,map,2026-09-28T22:00:00Z,0.56,0.74,,
KXCS2MAP-26SEP261800PLDGRE-2-GRE,2026-09-26T07:34:10+00:00,KXCS2MAP-26SEP261800PLDGRE-2,cs2,Gremio Esports,Peladona,2,map,2026-09-28T22:00:00Z,0.26,0.44,,
KXCS2MAP-26SEP261800PLDGRE-1-PLD,2026-09-26T07:34:10+00:00,KXCS2MAP-26SEP261800PLDGRE-1,cs2,Peladona,Gremio Esports,1,map,2026-09-28T22:00:00Z,0.56,0.74,,
KXCS2MAP-26SEP261800PLDGRE-1-GRE,2026-09-26T07:34:10+00:00,KXCS2MAP-26SEP261800PLDGRE-1,cs2,Gremio Esports,Peladona,1,map,2026-09-28T22:00:00Z,0.26,0.44,,
KXCS2MAP-26SEP261500MEIQUIN-2-QUIN,2026-09-26T07:34:10+00:00,KXCS2MAP-26SEP261500MEIQUIN-2,cs2,QUINTESSENCIA,MEIA NOITE,2,map,2026-09-28T19:00:00Z,0.46,0.6,,
KXCS2MAP-26SEP261500MEIQUIN-2-MEI,2026-09-26T07:34:10+00:00,KXCS2MAP-26SEP261500MEIQUIN-2,cs2,MEIA NOITE,QUINTESSENCIA,2,map,2026-09-28T19:00:00Z,0.4,0.54,,
KXCS2MAP-26SEP261500MEIQUIN-1-QUIN,2026-09-26T07:34:10+00:00,KXCS2MAP-26SEP261500MEIQUIN-1,cs2,QUINTESSENCIA,MEIA NOITE,1,map,2026-09-28T19:00:00Z,0.46,0.6,,
KXCS2MAP-26SEP261500MEIQUIN-1-MEI,2026-09-26T07:34:10+00:00,KXCS2MAP-26SEP261500MEIQUIN-1,cs2,MEIA NOITE,QUINTESSENCIA,1,map,2026-09-28T19:00:00Z,0.4,0.54,,
KXCS2MAP-26SEP261300M80VOC-2-VOC,2026-09-26T07:34:10+00:00,KXCS2MAP-26SEP261300M80VOC-2,cs2,Voca,M80,2,map,2026-09-28T17:00:00Z,0.34,0.52,,0.46166747670306363
KXCS2MAP-26SEP261300M80VOC-2-M80,2026-09-26T07:34:10+00:00,KXCS2MAP-26SEP261300M80VOC-2,cs2,M80,Voca,2,map,2026-09-28T17:00:00Z,0.61,0.66,,0.5828367195032014
KXCS2MAP-26SEP261300M80VOC-1-VOC,2026-09-26T07:34:10+00:00,KXCS2MAP-26SEP261300M80VOC-1,cs2,Voca,M80,1,map,2026-09-28T17:00:00Z,0.34,0.46,,0.46166747670306363
KXCS2MAP-26SEP261300M80VOC-1-M80,2026-09-26T07:34:10+00:00,KXCS2MAP-26SEP261300M80VOC-1,cs2,M80,Voca,1,map,2026-09-28T17:00:00Z,0.54,0.66,,0.5828367195032014
KXCS2MAP-26SEP261200YOUZET-2-ZET,2026-09-26T07:34:10+00:00,KXCS2MAP-26SEP261200YOUZET-2,cs2,Zetta Games,your end,2,map,2026-09-28T16:00:00Z,0.14,0.69,,
KXCS2MAP-26SEP261200YOUZET-2-YOU,2026-09-26T07:34:10+00:00,KXCS2MAP-26SEP261200YOUZET-2,cs2,your end,Zetta Games,2,map,2026-09-28T16:00:00Z,0.31,0.86,,
KXCS2MAP-26SEP261200YOUZET-1-ZET,2026-09-26T07:34:10+00:00,KXCS2MAP-26SEP261200YOUZET-1,cs2,Zetta Games,your end,1,map,2026-09-28T16:00:00Z,0.14,0.69,,
KXCS2MAP-26SEP261200YOUZET-1-YOU,2026-09-26T07:34:10+00:00,KXCS2MAP-26SEP261200YOUZET-1,cs2,your end,Zetta Games,1,map,2026-09-28T16:00:00Z,0.31,0.86,,
KXCS2MAP-26SEP261700YAWMW-2-YAW,2026-09-26T07:34:10+00:00,KXCS2MAP-26SEP261700YAWMW-2,cs2,Yawara Esports,METANOIA Wolves,2,map,2026-09-28T21:00:00Z,0.64,0.74,,
KXCS2MAP-26SEP261700YAWMW-2-MW,2026-09-26T07:34:10+00:00,KXCS2MAP-26SEP261700YAWMW-2,cs2,METANOIA Wolves,Yawara Esports,2,map,2026-09-28T21:00:00Z,0.26,0.27,,
KXCS2MAP-26SEP261700YAWMW-1-YAW,2026-09-26T07:34:10+00:00,KXCS2MAP-26SEP261700YAWMW-1,cs2,Yawara Esports,METANOIA Wolves,1,map,2026-09-28T21:00:00Z,0.73,0.74,,
KXCS2MAP-26SEP261700YAWMW-1-MW,2026-09-26T07:34:10+00:00,KXCS2MAP-26SEP261700YAWMW-1,cs2,METANOIA Wolves,Yawara Esports,1,map,2026-09-28T21:00:00Z,0.26,0.35,,
KXCS2MAP-26SEP261700ALKAATDP-2-TDP,2026-09-26T07:34:10+00:00,KXCS2MAP-26SEP261700ALKAATDP-2,cs2,Turma do Pagode,ALKA,2,map,2026-09-28T21:00:00Z,0.57,0.65,,0.49025783220626457
KXCS2MAP-26SEP261700ALKAATDP-2-ALKAA,2026-09-26T07:34:10+00:00,KXCS2MAP-26SEP261700ALKAATDP-2,cs2,ALKA,Turma do Pagode,2,map,2026-09-28T21:00:00Z,0.33,0.41,,0.5340474038689966
KXCS2MAP-26SEP261700ALKAATDP-1-TDP,2026-09-26T07:34:10+00:00,KXCS2MAP-26SEP261700ALKAATDP-1,cs2,Turma do Pagode,ALKA,1,map,2026-09-28T21:00:00Z,,,,0.49025783220626457
KXCS2MAP-26SEP261700ALKAATDP-1-ALKAA,2026-09-26T07:34:10+00:00,KXCS2MAP-26SEP261700ALKAATDP-1,cs2,ALKA,Turma do Pagode,1,map,2026-09-28T21:00:00Z,,,,0.5330587051412393
KXCS2MAP-26SEP261300NRGWC-2-WC,2026-09-26T07:34:10+00:00,KXCS2MAP-26SEP261300NRGWC-2,cs2,Wildcard,NRG,2,map,2026-09-28T17:00:00Z,0.35,0.4,,0.38043740254989983
KXCS2MAP-26SEP261300NRGWC-2-NRG,2026-09-26T07:34:10+00:00,KXCS2MAP-26SEP261300NRGWC-2,cs2,NRG,Wildcard,2,map,2026-09-28T17:00:00Z,0.6,0.65,,0.6338338919851675
KXCS2MAP-26SEP261300NRGWC-1-WC,2026-09-26T07:34:10+00:00,KXCS2MAP-26SEP261300NRGWC-1,cs2,Wildcard,NRG,1,map,2026-09-28T17:00:00Z,0.36,0.47,,0.38043740254989983
KXCS2MAP-26SEP261300NRGWC-1-NRG,2026-09-26T07:34:10+00:00,KXCS2MAP-26SEP261300NRGWC-1,cs2,NRG,Wildcard,1,map,2026-09-28T17:00:00Z,0.53,0.64,,0.6327213061749863
KXCS2MAP-26SEP260945FORZERBAN-2-FORZER,2026-09-26T07:34:10+00:00,KXCS2MAP-26SEP260945FORZERBAN-2,cs2,FORZE Reload,Banda LFO,2,map,2026-09-28T13:45:00Z,0.06,0.92,,
KXCS2MAP-26SEP260945FORZERBAN-2-BAN,2026-09-26T07:34:10+00:00,KXCS2MAP-26SEP260945FORZERBAN-2,cs2,Banda LFO,FORZE Reload,2,map,2026-09-28T13:45:00Z,0.1,0.85,,
KXCS2MAP-26SEP260945FORZERBAN-1-FORZER,2026-09-26T07:34:10+00:00,KXCS2MAP-26SEP260945FORZERBAN-1,cs2,FORZE Reload,Banda LFO,1,map,2026-09-28T13:45:00Z,0.06,0.93,,
KXCS2MAP-26SEP260945FORZERBAN-1-BAN,2026-09-26T07:34:10+00:00,KXCS2MAP-26SEP260945FORZERBAN-1,cs2,Banda LFO,FORZE Reload,1,map,2026-09-28T13:45:00Z,0.12,0.87,,
KXCS2MAP-26SEP271700PROGLS-2-PRO,2026-09-26T07:34:10+00:00,KXCS2MAP-26SEP271700PROGLS-2,cs2,Procyon Gaming,Galorys,2,map,2026-09-29T21:00:00Z,0.16,0.72,,
KXCS2MAP-26SEP271700PROGLS-2-GLS,2026-09-26T07:34:10+00:00,KXCS2MAP-26SEP271700PROGLS-2,cs2,Galorys,Procyon Gaming,2,map,2026-09-29T21:00:00Z,0.28,0.84,,
KXCS2MAP-26SEP271700PROGLS-1-PRO,2026-09-26T07:34:10+00:00,KXCS2MAP-26SEP271700PROGLS-1,cs2,Procyon Gaming,Galorys,1,map,2026-09-29T21:00:00Z,0.15,0.7,,
KXCS2MAP-26SEP271700PROGLS-1-GLS,2026-09-26T07:34:10+00:00,KXCS2MAP-26SEP271700PROGLS-1,cs2,Galorys,Procyon Gaming,1,map,2026-09-29T21:00:00Z,0.3,0.85,,
KXCS2MAP-26SEP261400GLMGC-2-MGC,2026-09-26T07:34:10+00:00,KXCS2MAP-26SEP261400GLMGC-2,cs2,magic,GamerLegion,2,map,2026-09-28T18:00:00Z,0.39,0.58,,0.5729629279218365
KXCS2MAP-26SEP261400GLMGC-2-GL,2026-09-26T07:34:10+00:00,KXCS2MAP-26SEP261400GLMGC-2,cs2,GamerLegion,magic,2,map,2026-09-28T18:00:00Z,0.42,0.61,,0.40580187796288525
KXCS2MAP-26SEP261400GLMGC-1-MGC,2026-09-26T07:34:10+00:00,KXCS2MAP-26SEP261400GLMGC-1,cs2,magic,GamerLegion,1,map,2026-09-28T18:00:00Z,0.39,0.58,,0.5762228061417322
KXCS2MAP-26SEP261400GLMGC-1-GL,2026-09-26T07:34:10+00:00,KXCS2MAP-26SEP261400GLMGC-1,cs2,GamerLegion,magic,1,map,2026-09-28T18:00:00Z,0.42,0.61,,0.4074298200225065
KXCS2MAP-26SEP260800K27EYE-2-K27,2026-09-26T07:34:10+00:00,KXCS2MAP-26SEP260800K27EYE-2,cs2,K27,EYEBALLERS,2,map,2026-09-28T12:00:00Z,0.53,0.58,,0.6201600044451135
KXCS2MAP-26SEP260800K27EYE-2-EYE,2026-09-26T07:34:10+00:00,KXCS2MAP-26SEP260800K27EYE-2,cs2,EYEBALLERS,K27,2,map,2026-09-28T12:00:00Z,0.42,0.47,,0.3559025016925329
KXCS2MAP-26SEP260800K27EYE-1-K27,2026-09-26T07:34:10+00:00,KXCS2MAP-26SEP260800K27EYE-1,cs2,K27,EYEBALLERS,1,map,2026-09-28T12:00:00Z,0.59,0.64,,0.619030843381197
KXCS2MAP-26SEP260800K27EYE-1-EYE,2026-09-26T07:34:10+00:00,KXCS2MAP-26SEP260800K27EYE-1,cs2,EYEBALLERS,K27,1,map,2026-09-28T12:00:00Z,0.36,0.41,,0.35839068285629416
KXCS2MAP-26SEP281500QUINBSTA-2-QUIN,2026-09-26T07:34:10+00:00,KXCS2MAP-26SEP281500QUINBSTA-2,cs2,QUINTESSENCIA,BESTIA Academy,2,map,2026-09-30T19:00:00Z,0.34,0.89,,
KXCS2MAP-26SEP281500QUINBSTA-2-BSTA,2026-09-26T07:34:10+00:00,KXCS2MAP-26SEP281500QUINBSTA-2,cs2,BESTIA Academy,QUINTESSENCIA,2,map,2026-09-30T19:00:00Z,0.11,0.66,,
KXCS2MAP-26SEP281500QUINBSTA-1-QUIN,2026-09-26T07:34:10+00:00,KXCS2MAP-26SEP281500QUINBSTA-1,cs2,QUINTESSENCIA,BESTIA Academy,1,map,2026-09-30T19:00:00Z,0.35,0.9,,
KXCS2MAP-26SEP281500QUINBSTA-1-BSTA,2026-09-26T07:34:10+00:00,KXCS2MAP-26SEP281500QUINBSTA-1,cs2,BESTIA Academy,QUINTESSENCIA,1,map,2026-09-30T19:00:00Z,0.1,0.65,,
KXCS2MAP-26SEP281400PANDUCKS-2-PAN,2026-09-26T07:34:10+00:00,KXCS2MAP-26SEP281400PANDUCKS-2,cs2,Pandaric eSports,Playing Ducks,2,map,2026-09-30T18:00:00Z,0.06,0.94,,
KXCS2MAP-26SEP281400PANDUCKS-2-DUCKS,2026-09-26T07:34:10+00:00,KXCS2MAP-26SEP281400PANDUCKS-2,cs2,Playing Ducks,Pandaric eSports,2,map,2026-09-30T18:00:00Z,0.06,0.94,,
KXCS2MAP-26SEP281400PANDUCKS-1-PAN,2026-09-26T07:34:10+00:00,KXCS2MAP-26SEP281400PANDUCKS-1,cs2,Pandaric eSports,Playing Ducks,1,map,2026-09-30T18:00:00Z,0.06,0.94,,
KXCS2MAP-26SEP281400PANDUCKS-1-DUCKS,2026-09-26T07:34:10+00:00,KXCS2MAP-26SEP281400PANDUCKS-1,cs2,Playing Ducks,Pandaric eSports,1,map,2026-09-30T18:00:00Z,0.08,0.92,,
KXCS2MAP-26SEP281400LEIBIGA-2-LEI,2026-09-26T07:34:10+00:00,KXCS2MAP-26SEP281400LEIBIGA-2,cs2,Team LEISURE,BIG Academy,2,map,2026-09-30T18:00:00Z,0.06,0.94,,
KXCS2MAP-26SEP281400LEIBIGA-2-BIGA,2026-09-26T07:34:10+00:00,KXCS2MAP-26SEP281400LEIBIGA-2,cs2,BIG Academy,Team LEISURE,2,map,2026-09-30T18:00:00Z,0.07,0.93,,
KXCS2MAP-26SEP281400LEIBIGA-1-LEI,2026-09-26T07:34:10+00:00,KXCS2MAP-26SEP281400LEIBIGA-1,cs2,Team LEISURE,BIG Academy,1,map,2026-09-30T18:00:00Z,0.06,0.94,,
KXCS2MAP-26SEP281400LEIBIGA-1-BIGA,2026-09-26T07:34:10+00:00,KXCS2MAP-26SEP281400LEIBIGA-1,cs2,BIG Academy,Team LEISURE,1,map,2026-09-30T18:00:00Z,0.07,0.93,,
KXCS2MAP-26SEP281200SSPBLU-2-SSP,2026-09-26T07:34:10+00:00,KXCS2MAP-26SEP281200SSPBLU-2,cs2,Sissi State Punks,BLUEJAYS.de,2,map,2026-09-30T16:00:00Z,0.06,0.94,,
KXCS2MAP-26SEP281200SSPBLU-2-BLU,2026-09-26T07:34:10+00:00,KXCS2MAP-26SEP281200SSPBLU-2,cs2,BLUEJAYS.de,Sissi State Punks,2,map,2026-09-30T16:00:00Z,0.07,0.89,,
KXCS2MAP-26SEP281200SSPBLU-1-SSP,2026-09-26T07:34:10+00:00,KXCS2MAP-26SEP281200SSPBLU-1,cs2,Sissi State Punks,BLUEJAYS.de,1,map,2026-09-30T16:00:00Z,0.06,0.94,,
KXCS2MAP-26SEP281200SSPBLU-1-BLU,2026-09-26T07:34:10+00:00,KXCS2MAP-26SEP281200SSPBLU-1,cs2,BLUEJAYS.de,Sissi State Punks,1,map,2026-09-30T16:00:00Z,0.08,0.87,,
KXCS2MAP-26SEP280630OLDXI-2-XI,2026-09-26T07:34:10+00:00,KXCS2MAP-26SEP280630OLDXI-2,cs2,XI Esport,OldMix,2,map,2026-09-30T10:30:00Z,0.06,0.94,,
KXCS2MAP-26SEP280630OLDXI-2-OLD,2026-09-26T07:34:10+00:00,KXCS2MAP-26SEP280630OLDXI-2,cs2,OldMix,XI Esport,2,map,2026-09-30T10:30:00Z,0.06,0.94,,
KXCS2MAP-26SEP280630OLDXI-1-XI,2026-09-26T07:34:10+00:00,KXCS2MAP-26SEP280630OLDXI-1,cs2,XI Esport,OldMix,1,map,2026-09-30T10:30:00Z,0.06,0.94,,
KXCS2MAP-26SEP280630OLDXI-1-OLD,2026-09-26T07:34:10+00:00,KXCS2MAP-26SEP280630OLDXI-1,cs2,OldMix,XI Esport,1,map,2026-09-30T10:30:00Z,0.06,0.94,,
KXCS2MAP-26SEP280400EFATTBS-2-TTBS,2026-09-26T07:34:10+00:00,KXCS2MAP-26SEP280400EFATTBS-2,cs2,Teletubisie,Eternal Fire Academy,2,map,2026-09-30T08:00:00Z,0.07,0.94,,0.7507587802729035
KXCS2MAP-26SEP280400EFATTBS-2-EFA,2026-09-26T07:34:10+00:00,KXCS2MAP-26SEP280400EFATTBS-2,cs2,Eternal Fire Academy,Teletubisie,2,map,2026-09-30T08:00:00Z,0.06,0.94,,0.22718659242910408
KXCS2MAP-26SEP280400EFATTBS-1-TTBS,2026-09-26T07:34:10+00:00,KXCS2MAP-26SEP280400EFATTBS-1,cs2,Teletubisie,Eternal Fire Academy,1,map,2026-09-30T08:00:00Z,0.08,0.94,,0.7515479906275881
KXCS2MAP-26SEP280400EFATTBS-1-EFA,2026-09-26T07:34:10+00:00,KXCS2MAP-26SEP280400EFATTBS-1,cs2,Eternal Fire Academy,Teletubisie,1,map,2026-09-30T08:00:00Z,0.06,0.94,,0.23096479586194144
KXCS2MAP-26SEP261400OTLILMIX-2-OT,2026-09-26T07:34:10+00:00,KXCS2MAP-26SEP261400OTLILMIX-2,cs2,overTIME,Lilmix,2,map,2026-09-28T18:00:00Z,0.07,0.94,,0.6341751678947884
KXCS2MAP-26SEP261400OTLILMIX-2-LILMIX,2026-09-26T07:34:10+00:00,KXCS2MAP-26SEP261400OTLILMIX-2,cs2,Lilmix,overTIME,2,map,2026-09-28T18:00:00Z,0.06,0.94,,0.3579393603243142
KXCS2MAP-26SEP261400OTLILMIX-1-OT,2026-09-26T07:34:10+00:00,KXCS2MAP-26SEP261400OTLILMIX-1,cs2,overTIME,Lilmix,1,map,2026-09-28T18:00:00Z,0.06,0.88,,0.6411390698419497
KXCS2MAP-26SEP261400OTLILMIX-1-LILMIX,2026-09-26T07:34:10+00:00,KXCS2MAP-26SEP261400OTLILMIX-1,cs2,Lilmix,overTIME,1,map,2026-09-28T18:00:00Z,0.06,0.88,,0.36071467818613834
KXCS2MAP-26SEP261200INFG1-2-INF,2026-09-26T07:34:10+00:00,KXCS2MAP-26SEP261200INFG1-2,cs2,INFINITE,GenOne,2,map,2026-09-28T16:00:00Z,0.4,0.53,,0.37426158012342386
KXCS2MAP-26SEP261200INFG1-2-G1,2026-09-26T07:34:10+00:00,KXCS2MAP-26SEP261200INFG1-2,cs2,GenOne,INFINITE,2,map,2026-09-28T16:00:00Z,0.47,0.6,,0.5943261041629927
KXCS2MAP-26SEP261200INFG1-1-INF,2026-09-26T07:34:10+00:00,KXCS2MAP-26SEP261200INFG1-1,cs2,INFINITE,GenOne,1,map,2026-09-28T16:00:00Z,0.4,0.71,,0.3723664338882411
KXCS2MAP-26SEP261200INFG1-1-G1,2026-09-26T07:34:10+00:00,KXCS2MAP-26SEP261200INFG1-1,cs2,GenOne,INFINITE,1,map,2026-09-28T16:00:00Z,0.23,0.6,,0.5999501224201169
KXCS2MAP-26SEP260800BMBEAC-2-EAC,2026-09-26T07:34:10+00:00,KXCS2MAP-26SEP260800BMBEAC-2,cs2,Esport Academy Copenhagen,BASEMENT BOYS,2,map,2026-09-28T12:00:00Z,0.48,0.59,,
KXCS2MAP-26SEP260800BMBEAC-2-BMB,2026-09-26T07:34:10+00:00,KXCS2MAP-26SEP260800BMBEAC-2,cs2,BASEMENT BOYS,Esport Academy Copenhagen,2,map,2026-09-28T12:00:00Z,0.41,0.44,,
KXCS2MAP-26SEP260800BMBEAC-1-EAC,2026-09-26T07:34:10+00:00,KXCS2MAP-26SEP260800BMBEAC-1,cs2,Esport Academy Copenhagen,BASEMENT BOYS,1,map,2026-09-28T12:00:00Z,0.19,0.59,,
KXCS2MAP-26SEP260800BMBEAC-1-BMB,2026-09-26T07:34:10+00:00,KXCS2MAP-26SEP260800BMBEAC-1,cs2,BASEMENT BOYS,Esport Academy Copenhagen,1,map,2026-09-28T12:00:00Z,0.41,0.57,,
KXCS2MAP-26SEP270945ILLPHAC-2-PHAC,2026-09-26T07:34:10+00:00,KXCS2MAP-26SEP270945ILLPHAC-2,cs2,Phantom Academy,Illyrians,2,map,2026-09-29T13:45:00Z,,,,0.42290020770214815
KXCS2MAP-26SEP270945ILLPHAC-2-ILL,2026-09-26T07:34:10+00:00,KXCS2MAP-26SEP270945ILLPHAC-2,cs2,Illyrians,Phantom Academy,2,map,2026-09-29T13:45:00Z,0.31,0.86,,0.5670786419097462
KXCS2MAP-26SEP270945ILLPHAC-1-PHAC,2026-09-26T07:34:10+00:00,KXCS2MAP-26SEP270945ILLPHAC-1,cs2,Phantom Academy,Illyrians,1,map,2026-09-29T13:45:00Z,0.13,0.68,,0.4250846895188436
KXCS2MAP-26SEP270945ILLPHAC-1-ILL,2026-09-26T07:34:10+00:00,KXCS2MAP-26SEP270945ILLPHAC-1,cs2,Illyrians,Phantom Academy,1,map,2026-09-29T13:45:00Z,0.32,0.87,,0.5681148843343692
KXCS2MAP-26SEP270945BIGAMAI-2-MAI,2026-09-26T07:34:10+00:00,KXCS2MAP-26SEP270945BIGAMAI-2,cs2,Mai Tai,BIG Academy,2,map,2026-09-29T13:45:00Z,0.27,0.83,,0.2414560437039491
KXCS2MAP-26SEP270945BIGAMAI-2-BIGA,2026-09-26T07:34:10+00:00,KXCS2MAP-26SEP270945BIGAMAI-2,cs2,BIG Academy,Mai Tai,2,map,2026-09-29T13:45:00Z,0.18,0.73,,0.7379485501933484
KXCS2MAP-26SEP270945BIGAMAI-1-MAI,2026-09-26T07:34:10+00:00,KXCS2MAP-26SEP270945BIGAMAI-1,cs2,Mai Tai,BIG Academy,1,map,2026-09-29T13:45:00Z,0.28,0.84,,0.2434465245663193
KXCS2MAP-26SEP270945BIGAMAI-1-BIGA,2026-09-26T07:34:10+00:00,KXCS2MAP-26SEP270945BIGAMAI-1,cs2,BIG Academy,Mai Tai,1,map,2026-09-29T13:45:00Z,0.16,0.72,,0.7371738097569751
KXCS2MAP-26SEP270700TRAMEG-2-TRA,2026-09-26T07:34:10+00:00,KXCS2MAP-26SEP270700TRAMEG-2,cs2,train launcher,megoshort,2,map,2026-09-29T11:00:00Z,0.23,0.79,,0.3793817520396786
KXCS2MAP-26SEP270700TRAMEG-2-MEG,2026-09-26T07:34:10+00:00,KXCS2MAP-26SEP270700TRAMEG-2,cs2,megoshort,train launcher,2,map,2026-09-29T11:00:00Z,0.21,0.77,,0.5339635778683215
KXCS2MAP-26SEP270700TRAMEG-1-TRA,2026-09-26T07:34:10+00:00,KXCS2MAP-26SEP270700TRAMEG-1,cs2,train launcher,megoshort,1,map,2026-09-29T11:00:00Z,0.23,0.79,,0.3800389528862005
KXCS2MAP-26SEP270700TRAMEG-1-MEG,2026-09-26T07:34:10+00:00,KXCS2MAP-26SEP270700TRAMEG-1,cs2,megoshort,train launcher,1,map,2026-09-29T11:00:00Z,,,,0.5359921855730155
KXCS2MAP-26SEP270700EPMOR-2-MOR,2026-09-26T07:34:10+00:00,KXCS2MAP-26SEP270700EPMOR-2,cs2,MORROW,eternal premium,2,map,2026-09-29T11:00:00Z,0.14,0.69,,
KXCS2MAP-26SEP270700EPMOR-2-EP,2026-09-26T07:34:10+00:00,KXCS2MAP-26SEP270700EPMOR-2,cs2,eternal premium,MORROW,2,map,2026-09-29T11:00:00Z,0.31,0.86,,
KXCS2MAP-26SEP270700EPMOR-1-MOR,2026-09-26T07:34:10+00:00,KXCS2MAP-26SEP270700EPMOR-1,cs2,MORROW,eternal premium,1,map,2026-09-29T11:00:00Z,0.13,0.68,,
KXCS2MAP-26SEP270700EPMOR-1-EP,2026-09-26T07:34:10+00:00,KXCS2MAP-26SEP270700EPMOR-1,cs2,eternal premium,MORROW,1,map,2026-09-29T11:00:00Z,0.32,0.87,,
KXCS2MAP-26SEP261300AIMMZP-2-MZP,2026-09-26T07:34:10+00:00,KXCS2MAP-26SEP261300AIMMZP-2,cs2,Metizport,aimclub,2,map,2026-09-28T17:00:00Z,0.59,0.73,,0.6279610661454244
KXCS2MAP-26SEP261300AIMMZP-2-AIM,2026-09-26T07:34:10+00:00,KXCS2MAP-26SEP261300AIMMZP-2,cs2,aimclub,Metizport,2,map,2026-09-28T17:00:00Z,0.27,0.41,,0.37678242372366444
KXCS2MAP-26SEP261300AIMMZP-1-MZP,2026-09-26T07:34:10+00:00,KXCS2MAP-26SEP261300AIMMZP-1,cs2,Metizport,aimclub,1,map,2026-09-28T17:00:00Z,0.59,0.73,,0.6273195744539235
KXCS2MAP-26SEP261300AIMMZP-1-AIM,2026-09-26T07:34:10+00:00,KXCS2MAP-26SEP261300AIMMZP-1,cs2,aimclub,Metizport,1,map,2026-09-28T17:00:00Z,0.27,0.41,,0.3831623909405126
KXCS2MAP-26SEP261200MOUZNSAW-2-SAW,2026-09-26T07:34:10+00:00,KXCS2MAP-26SEP261200MOUZNSAW-2,cs2,SAW,MOUZ NXT,2,map,2026-09-28T16:00:00Z,0.6,0.74,,0.5251932452789545
KXCS2MAP-26SEP261200MOUZNSAW-2-MOUZN,2026-09-26T07:34:10+00:00,KXCS2MAP-26SEP261200MOUZNSAW-2,cs2,MOUZ NXT,SAW,2,map,2026-09-28T16:00:00Z,0.26,0.38,,0.45439596775048346
KXCS2MAP-26SEP261200MOUZNSAW-1-SAW,2026-09-26T07:34:10+00:00,KXCS2MAP-26SEP261200MOUZNSAW-1,cs2,SAW,MOUZ NXT,1,map,2026-09-28T16:00:00Z,0.62,0.67,,0.5258132514821873
KXCS2MAP-26SEP261200MOUZNSAW-1-MOUZN,2026-09-26T07:34:10+00:00,KXCS2MAP-26SEP261200MOUZNSAW-1,cs2,MOUZ NXT,SAW,1,map,2026-09-28T16:00:00Z,0.29,0.37,,0.456183803639039
KXCS2MAP-26SEP261000BTFIS-2-IS,2026-09-26T07:34:10+00:00,KXCS2MAP-26SEP261000BTFIS-2,cs2,Iberian Soul,Butterfly,2,map,2026-09-28T14:00:00Z,0.54,0.73,,0.5521384764000599
KXCS2MAP-26SEP261000BTFIS-2-BTF,2026-09-26T07:34:10+00:00,KXCS2MAP-26SEP261000BTFIS-2,cs2,Butterfly,Iberian Soul,2,map,2026-09-28T14:00:00Z,0.27,0.46,,0.43207964599292104
KXCS2MAP-26SEP261000BTFIS-1-IS,2026-09-26T07:34:10+00:00,KXCS2MAP-26SEP261000BTFIS-1,cs2,Iberian Soul,Butterfly,1,map,2026-09-28T14:00:00Z,0.54,0.73,,0.5629343202856044
KXCS2MAP-26SEP261000BTFIS-1-BTF,2026-09-26T07:34:10+00:00,KXCS2MAP-26SEP261000BTFIS-1,cs2,Butterfly,Iberian Soul,1,map,2026-09-28T14:00:00Z,0.27,0.46,,0.4298575186494894
KXCS2MAP-26SEP260945MELPG-2-PG,2026-09-26T07:34:10+00:00,KXCS2MAP-26SEP260945MELPG-2,cs2,Privateer Gaming,mellren,2,map,2026-09-28T13:45:00Z,0.21,0.77,,
KXCS2MAP-26SEP260945MELPG-2-MEL,2026-09-26T07:34:10+00:00,KXCS2MAP-26SEP260945MELPG-2,cs2,mellren,Privateer Gaming,2,map,2026-09-28T13:45:00Z,0.24,0.79,,
KXCS2MAP-26SEP260945MELPG-1-PG,2026-09-26T07:34:10+00:00,KXCS2MAP-26SEP260945MELPG-1,cs2,Privateer Gaming,mellren,1,map,2026-09-28T13:45:00Z,0.21,0.77,,
KXCS2MAP-26SEP260945MELPG-1-MEL,2026-09-26T07:34:10+00:00,KXCS2MAP-26SEP260945MELPG-1,cs2,mellren,Privateer Gaming,1,map,2026-09-28T13:45:00Z,0.24,0.79,,
KXCS2MAP-26SEP260900NPGRBLS-2-RBLS,2026-09-26T07:34:10+00:00,KXCS2MAP-26SEP260900NPGRBLS-2,cs2,Rebels Gaming,Nordic Partners Gaming,2,map,2026-09-28T13:00:00Z,0.55,0.69,,
KXCS2MAP-26SEP260900NPGRBLS-2-NPG,2026-09-26T07:34:10+00:00,KXCS2MAP-26SEP260900NPGRBLS-2,cs2,Nordic Partners Gaming,Rebels Gaming,2,map,2026-09-28T13:00:00Z,0.31,0.45,,
KXCS2MAP-26SEP260900NPGRBLS-1-RBLS,2026-09-26T07:34:10+00:00,KXCS2MAP-26SEP260900NPGRBLS-1,cs2,Rebels Gaming,Nordic Partners Gaming,1,map,2026-09-28T13:00:00Z,0.55,0.69,,
KXCS2MAP-26SEP260900NPGRBLS-1-NPG,2026-09-26T07:34:10+00:00,KXCS2MAP-26SEP260900NPGRBLS-1,cs2,Nordic Partners Gaming,Rebels Gaming,1,map,2026-09-28T13:00:00Z,0.31,0.45,,
KXCS2MAP-26SEP260800SASHINEM-2-SASHI,2026-09-26T07:34:10+00:00,KXCS2MAP-26SEP260800SASHINEM-2,cs2,Sashi Esport,Team Nemesis,2,map,2026-09-28T12:00:00Z,0.34,0.56,,
KXCS2MAP-26SEP260800SASHINEM-2-NEM,2026-09-26T07:34:10+00:00,KXCS2MAP-26SEP260800SASHINEM-2,cs2,Team Nemesis,Sashi Esport,2,map,2026-09-28T12:00:00Z,0.53,0.66,,
KXCS2MAP-26SEP260800SASHINEM-1-SASHI,2026-09-26T07:34:10+00:00,KXCS2MAP-26SEP260800SASHINEM-1,cs2,Sashi Esport,Team Nemesis,1,map,2026-09-28T12:00:00Z,0.36,0.47,,
KXCS2MAP-26SEP260800SASHINEM-1-NEM,2026-09-26T07:34:10+00:00,KXCS2MAP-26SEP260800SASHINEM-1,cs2,Team Nemesis,Sashi Esport,1,map,2026-09-28T12:00:00Z,0.53,0.63,,
KXCS2MAP-26SEP260700RGGFIRE-2-RGG,2026-09-26T07:34:10+00:00,KXCS2MAP-26SEP260700RGGFIRE-2,cs2,RoundsGG,Fire Flux Esports,2,map,2026-09-28T11:00:00Z,0.17,0.34,,
KXCS2MAP-26SEP260700RGGFIRE-2-FIRE,2026-09-26T07:34:10+00:00,KXCS2MAP-26SEP260700RGGFIRE-2,cs2,Fire Flux Esports,RoundsGG,2,map,2026-09-28T11:00:00Z,0.4,0.8,,
KXCS2MAP-26SEP260700RGGFIRE-1-RGG,2026-09-26T07:34:10+00:00,KXCS2MAP-26SEP260700RGGFIRE-1,cs2,RoundsGG,Fire Flux Esports,1,map,2026-09-28T11:00:00Z,0.08,0.4,,
KXCS2MAP-26SEP260700RGGFIRE-1-FIRE,2026-09-26T07:34:10+00:00,KXCS2MAP-26SEP260700RGGFIRE-1,cs2,Fire Flux Esports,RoundsGG,1,map,2026-09-28T11:00:00Z,0.6,0.8,,
KXCS2MAP-26SEP260700MAYTSA-2-TSA,2026-09-26T07:34:10+00:00,KXCS2MAP-26SEP260700MAYTSA-2,cs2,Spirit Academy,MAYBE,2,map,2026-09-28T11:00:00Z,0.59,0.66,,0.7070763109798969
KXCS2MAP-26SEP260700MAYTSA-2-MAY,2026-09-26T07:34:10+00:00,KXCS2MAP-26SEP260700MAYTSA-2,cs2,MAYBE,Spirit Academy,2,map,2026-09-28T11:00:00Z,0.34,0.41,,0.3104221420157941
KXCS2MAP-26SEP260700MAYTSA-1-TSA,2026-09-26T07:34:10+00:00,KXCS2MAP-26SEP260700MAYTSA-1,cs2,Spirit Academy,MAYBE,1,map,2026-09-28T11:00:00Z,0.59,0.69,,0.7079500330177606
KXCS2MAP-26SEP260700MAYTSA-1-MAY,2026-09-26T07:34:10+00:00,KXCS2MAP-26SEP260700MAYTSA-1,cs2,MAYBE,Spirit Academy,1,map,2026-09-28T11:00:00Z,0.16,0.4,,0.3119674062323195
KXCS2MAP-26SEP260600LARGAFLU-2-LARGA,2026-09-26T07:34:10+00:00,KXCS2MAP-26SEP260600LARGAFLU-2,cs2,largadosypelados,Fluxo W7M,2,map,2026-09-28T10:00:00Z,0.36,0.42,,
KXCS2MAP-26SEP260600LARGAFLU-2-FLU,2026-09-26T07:34:10+00:00,KXCS2MAP-26SEP260600LARGAFLU-2,cs2,Fluxo W7M,largadosypelados,2,map,2026-09-28T10:00:00Z,0.61,0.63,,
KXCS2MAP-26SEP260600LARGAFLU-1-LARGA,2026-09-26T07:34:10+00:00,KXCS2MAP-26SEP260600LARGAFLU-1,cs2,largadosypelados,Fluxo W7M,1,map,2026-09-28T10:00:00Z,0.36,0.49,,
KXCS2MAP-26SEP260600LARGAFLU-1-FLU,2026-09-26T07:34:10+00:00,KXCS2MAP-26SEP260600LARGAFLU-1,cs2,Fluxo W7M,largadosypelados,1,map,2026-09-28T10:00:00Z,,,,
KXCS2MAP-26SEP260400THEEACE-2-THE,2026-09-26T07:34:10+00:00,KXCS2MAP-26SEP260400THEEACE-2,cs2,TheChampionGG,EAC EXTRA,2,map,2026-09-28T08:00:00Z,0.06,0.94,,
KXCS2MAP-26SEP260400THEEACE-2-EACE,2026-09-26T07:34:10+00:00,KXCS2MAP-26SEP260400THEEACE-2,cs2,EAC EXTRA,TheChampionGG,2,map,2026-09-28T08:00:00Z,0.07,0.94,,
KXCS2MAP-26SEP260400THEEACE-1-THE,2026-09-26T07:34:10+00:00,KXCS2MAP-26SEP260400THEEACE-1,cs2,TheChampionGG,EAC EXTRA,1,map,2026-09-28T08:00:00Z,0.06,0.94,,
KXCS2MAP-26SEP260400THEEACE-1-EACE,2026-09-26T07:34:10+00:00,KXCS2MAP-26SEP260400THEEACE-1,cs2,EAC EXTRA,TheChampionGG,1,map,2026-09-28T08:00:00Z,0.07,0.8,,
KXCS2MAP-26SEP270400REVCTR-2-REV,2026-09-26T07:34:10+00:00,KXCS2MAP-26SEP270400REVCTR-2,cs2,Revenge,CTRL Esports,2,map,2026-09-29T08:00:00Z,0.25,0.81,,
KXCS2MAP-26SEP270400REVCTR-2-CTR,2026-09-26T07:34:10+00:00,KXCS2MAP-26SEP270400REVCTR-2,cs2,CTRL Esports,Revenge,2,map,2026-09-29T08:00:00Z,0.19,0.75,,
KXCS2MAP-26SEP270400REVCTR-1-REV,2026-09-26T07:34:10+00:00,KXCS2MAP-26SEP270400REVCTR-1,cs2,Revenge,CTRL Esports,1,map,2026-09-29T08:00:00Z,0.25,0.81,,
KXCS2MAP-26SEP270400REVCTR-1-CTR,2026-09-26T07:34:10+00:00,KXCS2MAP-26SEP270400REVCTR-1,cs2,CTRL Esports,Revenge,1,map,2026-09-29T08:00:00Z,0.19,0.75,,
KXCS2MAP-26SEP270630TUPSNA-2-TU,2026-09-26T07:34:10+00:00,KXCS2MAP-26SEP270630TUPSNA-2,cs2,THE UNIT,Passion Academy,2,map,2026-09-29T10:30:00Z,0.08,0.63,,0.6715721982936441
KXCS2MAP-26SEP270630TUPSNA-2-PSNA,2026-09-26T07:34:10+00:00,KXCS2MAP-26SEP270630TUPSNA-2,cs2,Passion Academy,THE UNIT,2,map,2026-09-29T10:30:00Z,0.37,0.92,,0.292990767745309
KXCS2MAP-26SEP270630TUPSNA-1-TU,2026-09-26T07:34:10+00:00,KXCS2MAP-26SEP270630TUPSNA-1,cs2,THE UNIT,Passion Academy,1,map,2026-09-29T10:30:00Z,0.07,0.62,,0.6811516094983447
KXCS2MAP-26SEP270630TUPSNA-1-PSNA,2026-09-26T07:34:10+00:00,KXCS2MAP-26SEP270630TUPSNA-1,cs2,Passion Academy,THE UNIT,1,map,2026-09-29T10:30:00Z,0.38,0.93,,0.29453392057401995
KXCS2MAP-26SEP261330YTIGERESSPI-2-YTIGERES,2026-09-26T07:34:10+00:00,KXCS2MAP-26SEP261330YTIGERESSPI-2,cs2,Young TigeRES,Spirit Academy Green,2,map,2026-09-28T17:30:00Z,0.36,0.5,,0.502095937572416
KXCS2MAP-26SEP261330YTIGERESSPI-2-SPI,2026-09-26T07:34:10+00:00,KXCS2MAP-26SEP261330YTIGERESSPI-2,cs2,Spirit Academy Green,Young TigeRES,2,map,2026-09-28T17:30:00Z,0.5,0.64,,0.4833047221117522
KXCS2MAP-26SEP261330YTIGERESSPI-1-YTIGERES,2026-09-26T07:34:10+00:00,KXCS2MAP-26SEP261330YTIGERESSPI-1,cs2,Young TigeRES,Spirit Academy Green,1,map,2026-09-28T17:30:00Z,0.36,0.5,,0.5032273921642424
KXCS2MAP-26SEP261330YTIGERESSPI-1-SPI,2026-09-26T07:34:10+00:00,KXCS2MAP-26SEP261330YTIGERESSPI-1,cs2,Spirit Academy Green,Young TigeRES,1,map,2026-09-28T17:30:00Z,0.5,0.64,,0.48707370272756945
KXCS2MAP-26SEP261330FSFIRE-2-FS,2026-09-26T07:34:10+00:00,KXCS2MAP-26SEP261330FSFIRE-2,cs2,Fever Squad,Fire Flux Esports,2,map,2026-09-28T17:30:00Z,0.22,0.78,,
KXCS2MAP-26SEP261330FSFIRE-2-FIRE,2026-09-26T07:34:10+00:00,KXCS2MAP-26SEP261330FSFIRE-2,cs2,Fire Flux Esports,Fever Squad,2,map,2026-09-28T17:30:00Z,0.22,0.77,,
KXCS2MAP-26SEP261330FSFIRE-1-FS,2026-09-26T07:34:10+00:00,KXCS2MAP-26SEP261330FSFIRE-1,cs2,Fever Squad,Fire Flux Esports,1,map,2026-09-28T17:30:00Z,0.22,0.78,,
KXCS2MAP-26SEP261330FSFIRE-1-FIRE,2026-09-26T07:34:10+00:00,KXCS2MAP-26SEP261330FSFIRE-1,cs2,Fire Flux Esports,Fever Squad,1,map,2026-09-28T17:30:00Z,0.22,0.77,,
KXCS2MAP-26SEP261300ILLNOI-2-NOI,2026-09-26T07:34:10+00:00,KXCS2MAP-26SEP261300ILLNOI-2,cs2,Noir Verse,Illyrians,2,map,2026-09-28T17:00:00Z,0.41,0.56,,0.444146157611966
KXCS2MAP-26SEP261300ILLNOI-2-ILL,2026-09-26T07:34:10+00:00,KXCS2MAP-26SEP261300ILLNOI-2,cs2,Illyrians,Noir Verse,2,map,2026-09-28T17:00:00Z,0.41,0.59,,0.5603844535972512
KXCS2MAP-26SEP261300ILLNOI-1-NOI,2026-09-26T07:34:10+00:00,KXCS2MAP-26SEP261300ILLNOI-1,cs2,Noir Verse,Illyrians,1,map,2026-09-28T17:00:00Z,0.41,0.58,,0.4472523346029514
KXCS2MAP-26SEP261300ILLNOI-1-ILL,2026-09-26T07:34:10+00:00,KXCS2MAP-26SEP261300ILLNOI-1,cs2,Illyrians,Noir Verse,1,map,2026-09-28T17:00:00Z,0.42,0.59,,0.5592038988101288
KXCS2MAP-26SEP261000BAKSLEO-2-LEO,2026-09-26T07:34:10+00:00,KXCS2MAP-26SEP261000BAKSLEO-2,cs2,Leo Team,BakS eSports,2,map,2026-09-28T14:00:00Z,0.06,0.88,,
KXCS2MAP-26SEP261000BAKSLEO-2-BAKS,2026-09-26T07:34:10+00:00,KXCS2MAP-26SEP261000BAKSLEO-2,cs2,BakS eSports,Leo Team,2,map,2026-09-28T14:00:00Z,0.06,0.93,,
KXCS2MAP-26SEP261000BAKSLEO-1-LEO,2026-09-26T07:34:10+00:00,KXCS2MAP-26SEP261000BAKSLEO-1,cs2,Leo Team,BakS eSports,1,map,2026-09-28T14:00:00Z,0.06,0.94,,
KXCS2MAP-26SEP261000BAKSLEO-1-BAKS,2026-09-26T07:34:10+00:00,KXCS2MAP-26SEP261000BAKSLEO-1,cs2,BakS eSports,Leo Team,1,map,2026-09-28T14:00:00Z,0.06,0.93,,
KXCS2MAP-26SEP260900SNGHERO-2-SNG,2026-09-26T07:34:10+00:00,KXCS2MAP-26SEP260900SNGHERO-2,cs2,Sangal,HEROIC,2,map,2026-09-28T13:00:00Z,0.23,0.28,,0.3125856592591793
KXCS2MAP-26SEP260900SNGHERO-2-HERO,2026-09-26T07:34:10+00:00,KXCS2MAP-26SEP260900SNGHERO-2,cs2,HEROIC,Sangal,2,map,2026-09-28T13:00:00Z,0.72,0.77,,0.6671102007907559
KXCS2MAP-26SEP260900SNGHERO-1-SNG,2026-09-26T07:34:10+00:00,KXCS2MAP-26SEP260900SNGHERO-1,cs2,Sangal,HEROIC,1,map,2026-09-28T13:00:00Z,0.24,0.3,,0.3148773588789178
KXCS2MAP-26SEP260900SNGHERO-1-HERO,2026-09-26T07:34:10+00:00,KXCS2MAP-26SEP260900SNGHERO-1,cs2,HEROIC,Sangal,1,map,2026-09-28T13:00:00Z,0.7,0.74,,0.667241831631001
KXCS2MAP-26SEP260630SINENCEP-2-SIN,2026-09-26T07:34:10+00:00,KXCS2MAP-26SEP260630SINENCEP-2,cs2,SINQU REHTI,ENCE Prospects,2,map,2026-09-28T10:30:00Z,0.48,0.55,,0.6074775695886145
KXCS2MAP-26SEP260630SINENCEP-2-ENCEP,2026-09-26T07:34:10+00:00,KXCS2MAP-26SEP260630SINENCEP-2,cs2,ENCE Prospects,SINQU REHTI,2,map,2026-09-28T10:30:00Z,0.45,0.52,,0.321332058838516
KXCS2MAP-26SEP260630SINENCEP-1-SIN,2026-09-26T07:34:10+00:00,KXCS2MAP-26SEP260630SINENCEP-1,cs2,SINQU REHTI,ENCE Prospects,1,map,2026-09-28T10:30:00Z,0.49,0.56,,0.6116392727405268
KXCS2MAP-26SEP260630SINENCEP-1-ENCEP,2026-09-26T07:34:10+00:00,KXCS2MAP-26SEP260630SINENCEP-1,cs2,ENCE Prospects,SINQU REHTI,1,map,2026-09-28T10:30:00Z,,,,0.3182212064782734
KXCS2MAP-26SEP261400FCFTLR-2-TLR,2026-09-26T07:34:10+00:00,KXCS2MAP-26SEP261400FCFTLR-2,cs2,The Last Resort,FC Famalicao Esports,2,map,2026-09-28T18:00:00Z,0.53,0.68,,
KXCS2MAP-26SEP261400FCFTLR-2-FCF,2026-09-26T07:34:10+00:00,KXCS2MAP-26SEP261400FCFTLR-2,cs2,FC Famalicao Esports,The Last Resort,2,map,2026-09-28T18:00:00Z,0.32,0.47,,
KXCS2MAP-26SEP261400FCFTLR-1-TLR,2026-09-26T07:34:10+00:00,KXCS2MAP-26SEP261400FCFTLR-1,cs2,The Last Resort,FC Famalicao Esports,1,map,2026-09-28T18:00:00Z,,,,
KXCS2MAP-26SEP261400FCFTLR-1-FCF,2026-09-26T07:34:10+00:00,KXCS2MAP-26SEP261400FCFTLR-1,cs2,FC Famalicao Esports,The Last Resort,1,map,2026-09-28T18:00:00Z,0.32,0.47,,
KXCS2MAP-26SEP261330EXRK27-2-K27,2026-09-26T07:34:10+00:00,KXCS2MAP-26SEP261330EXRK27-2,cs2,K27,ex-RUBY,2,map,2026-09-28T17:30:00Z,0.57,0.7,,0.5748147508184338
KXCS2MAP-26SEP261330EXRK27-2-EXR,2026-09-26T07:34:10+00:00,KXCS2MAP-26SEP261330EXRK27-2,cs2,ex-RUBY,K27,2,map,2026-09-28T17:30:00Z,0.3,0.43,,0.45466806059644166
KXCS2MAP-26SEP261330EXRK27-1-K27,2026-09-26T07:34:10+00:00,KXCS2MAP-26SEP261330EXRK27-1,cs2,K27,ex-RUBY,1,map,2026-09-28T17:30:00Z,0.57,0.7,,0.5748147508184338
KXCS2MAP-26SEP261330EXRK27-1-EXR,2026-09-26T07:34:10+00:00,KXCS2MAP-26SEP261330EXRK27-1,cs2,ex-RUBY,K27,1,map,2026-09-28T17:30:00Z,0.3,0.43,,0.45466806059644166
KXCS2MAP-26SEP261230GLSPAIN-2-PAIN,2026-09-26T07:34:10+00:00,KXCS2MAP-26SEP261230GLSPAIN-2,cs2,paiN,Galorys,2,map,2026-09-28T16:30:00Z,0.52,0.58,,0.44034669265206
KXCS2MAP-26SEP261230GLSPAIN-2-GLS,2026-09-26T07:34:10+00:00,KXCS2MAP-26SEP261230GLSPAIN-2,cs2,Galorys,paiN,2,map,2026-09-28T16:30:00Z,0.42,0.48,,0.5640052614843609
KXCS2MAP-26SEP261230GLSPAIN-1-PAIN,2026-09-26T07:34:10+00:00,KXCS2MAP-26SEP261230GLSPAIN-1,cs2,paiN,Galorys,1,map,2026-09-28T16:30:00Z,0.51,0.58,,0.44143592708320056
KXCS2MAP-26SEP261230GLSPAIN-1-GLS,2026-09-26T07:34:10+00:00,KXCS2MAP-26SEP261230GLSPAIN-1,cs2,Galorys,paiN,1,map,2026-09-28T16:30:00Z,0.42,0.49,,0.5628268445758479
KXCS2MAP-26SEP260800STAG2A-2-STA,2026-09-26T07:34:10+00:00,KXCS2MAP-26SEP260800STAG2A-2,cs2,STATE,G2 Ares,2,map,2026-09-28T12:00:00Z,0.52,0.93,,0.5610525355226585
KXCS2MAP-26SEP260800STAG2A-2-G2A,2026-09-26T07:34:10+00:00,KXCS2MAP-26SEP260800STAG2A-2,cs2,G2 Ares,STATE,2,map,2026-09-28T12:00:00Z,0.08,0.48,,0.4384454598563017
KXCS2MAP-26SEP260800STAG2A-1-STA,2026-09-26T07:34:10+00:00,KXCS2MAP-26SEP260800STAG2A-1,cs2,STATE,G2 Ares,1,map,2026-09-28T12:00:00Z,0.06,0.94,,0.5598723657406174
KXCS2MAP-26SEP260800STAG2A-1-G2A,2026-09-26T07:34:10+00:00,KXCS2MAP-26SEP260800STAG2A-1,cs2,G2 Ares,STATE,1,map,2026-09-28T12:00:00Z,0.07,0.84,,0.4384454598563017
KXCS2MAP-26SEP260715INFINN-2-INN,2026-09-26T07:34:10+00:00,KXCS2MAP-26SEP260715INFINN-2,cs2,Inner Circle Academy,INFURITY Gaming,2,map,2026-09-28T11:15:00Z,0.49,0.61,,
KXCS2MAP-26SEP260715INFINN-2-INF,2026-09-26T07:34:10+00:00,KXCS2MAP-26SEP260715INFINN-2,cs2,INFURITY Gaming,Inner Circle Academy,2,map,2026-09-28T11:15:00Z,0.39,0.51,,
KXCS2MAP-26SEP260715INFINN-1-INN,2026-09-26T07:34:10+00:00,KXCS2MAP-26SEP260715INFINN-1,cs2,Inner Circle Academy,INFURITY Gaming,1,map,2026-09-28T11:15:00Z,0.49,0.63,,
KXCS2MAP-26SEP260715INFINN-1-INF,2026-09-26T07:34:10+00:00,KXCS2MAP-26SEP260715INFINN-1,cs2,INFURITY Gaming,Inner Circle Academy,1,map,2026-09-28T11:15:00Z,0.37,0.52,,
KXCS2MAP-26SEP260700EXRENCE-2-EXR,2026-09-26T07:34:10+00:00,KXCS2MAP-26SEP260700EXRENCE-2,cs2,ex-RUSTEC,ENCE,2,map,2026-09-28T11:00:00Z,0.27,0.68,,0.5712152584169993
KXCS2MAP-26SEP260700EXRENCE-2-ENCE,2026-09-26T07:34:10+00:00,KXCS2MAP-26SEP260700EXRENCE-2,cs2,ENCE,ex-RUSTEC,2,map,2026-09-28T11:00:00Z,0.32,0.37,,0.40164105824690743
KXCS2MAP-26SEP260700EXRENCE-1-EXR,2026-09-26T07:34:10+00:00,KXCS2MAP-26SEP260700EXRENCE-1,cs2,ex-RUSTEC,ENCE,1,map,2026-09-28T11:00:00Z,0.62,0.68,,0.5727866569476943
KXCS2MAP-26SEP260700EXRENCE-1-ENCE,2026-09-26T07:34:10+00:00,KXCS2MAP-26SEP260700EXRENCE-1,cs2,ENCE,ex-RUSTEC,1,map,2026-09-28T11:00:00Z,0.33,0.38,,0.40466638217359696
KXCS2MAP-26SEP260600AST100T-2-AST,2026-09-26T07:34:10+00:00,KXCS2MAP-26SEP260600AST100T-2,cs2,Astralis,100 Thieves,2,map,2026-09-28T10:00:00Z,0.57,0.6,,0.47549434823716624
KXCS2MAP-26SEP260600AST100T-2-100T,2026-09-26T07:34:10+00:00,KXCS2MAP-26SEP260600AST100T-2,cs2,100 Thieves,Astralis,2,map,2026-09-28T10:00:00Z,0.4,0.42,,0.5273575460424487
KXCS2MAP-26SEP260600AST100T-1-AST,2026-09-26T07:34:10+00:00,KXCS2MAP-26SEP260600AST100T-1,cs2,Astralis,100 Thieves,1,map,2026-09-28T10:00:00Z,0.47,0.49,,0.47752843353785007
KXCS2MAP-26SEP260600AST100T-1-100T,2026-09-26T07:34:10+00:00,KXCS2MAP-26SEP260600AST100T-1,cs2,100 Thieves,Astralis,1,map,2026-09-28T10:00:00Z,0.5,0.53,,0.528957131078161
KXCS2MAP-26SEP2605003DMAXALL-2-ALL,2026-09-26T07:34:10+00:00,KXCS2MAP-26SEP2605003DMAXALL-2,cs2,Alliance,3DMAX,2,map,2026-09-28T09:00:00Z,0.45,0.55,,0.5917769162303821
KXCS2MAP-26SEP2605003DMAXALL-2-3DMAX,2026-09-26T07:34:10+00:00,KXCS2MAP-26SEP2605003DMAXALL-2,cs2,3DMAX,Alliance,2,map,2026-09-28T09:00:00Z,0.45,0.55,,0.43974578151667876
KXCS2MAP-26SEP2605003DMAXALL-1-ALL,2026-09-26T07:34:10+00:00,KXCS2MAP-26SEP2605003DMAXALL-1,cs2,Alliance,3DMAX,1,map,2026-09-28T09:00:00Z,0.46,0.51,,0.5935533603908468
KXCS2MAP-26SEP2605003DMAXALL-1-3DMAX,2026-09-26T07:34:10+00:00,KXCS2MAP-26SEP2605003DMAXALL-1,cs2,3DMAX,Alliance,1,map,2026-09-28T09:00:00Z,0.49,0.54,,0.4408347003730626
KXCS2MAP-26SEP261100NTREF-2-NTR,2026-09-26T07:34:10+00:00,KXCS2MAP-26SEP261100NTREF-2,cs2,Nuclear TigeRES,Eternal Fire,2,map,2026-09-28T15:00:00Z,0.38,0.47,,0.5768680278311462
KXCS2MAP-26SEP261100NTREF-2-EF,2026-09-26T07:34:10+00:00,KXCS2MAP-26SEP261100NTREF-2,cs2,Eternal Fire,Nuclear TigeRES,2,map,2026-09-28T15:00:00Z,0.53,0.62,,0.4507260429041257
KXCS2MAP-26SEP261100NTREF-1-NTR,2026-09-26T07:34:10+00:00,KXCS2MAP-26SEP261100NTREF-1,cs2,Nuclear TigeRES,Eternal Fire,1,map,2026-09-28T15:00:00Z,0.38,0.48,,0.57569822237054
KXCS2MAP-26SEP261100NTREF-1-EF,2026-09-26T07:34:10+00:00,KXCS2MAP-26SEP261100NTREF-1,cs2,Eternal Fire,Nuclear TigeRES,1,map,2026-09-28T15:00:00Z,0.52,0.62,,0.4507260429041257
KXCS2MAP-26SEP260900RALEG-2-RA,2026-09-26T07:34:10+00:00,KXCS2MAP-26SEP260900RALEG-2,cs2,Rare Atom,Legion,2,map,2026-09-28T13:00:00Z,0.6,0.85,,0.7980264384259363
KXCS2MAP-26SEP260900RALEG-2-LEG,2026-09-26T07:34:10+00:00,KXCS2MAP-26SEP260900RALEG-2,cs2,Legion,Rare Atom,2,map,2026-09-28T13:00:00Z,0.14,0.39,,0.21825406063451733
KXCS2MAP-26SEP260900RALEG-1-RA,2026-09-26T07:34:10+00:00,KXCS2MAP-26SEP260900RALEG-1,cs2,Rare Atom,Legion,1,map,2026-09-28T13:00:00Z,0.61,0.68,,0.7992685291230006
KXCS2MAP-26SEP260900RALEG-1-LEG,2026-09-26T07:34:10+00:00,KXCS2MAP-26SEP260900RALEG-1,cs2,Legion,Rare Atom,1,map,2026-09-28T13:00:00Z,0.32,0.39,,0.21690510661672893
KXCS2MAP-26SEP270900NEXLVG-2-NEX,2026-09-26T07:34:10+00:00,KXCS2MAP-26SEP270900NEXLVG-2,cs2,NEXVOID,Lynn Vision,2,map,2026-09-29T13:00:00Z,0.06,0.6,,0.4234754028328779
KXCS2MAP-26SEP270900NEXLVG-2-LVG,2026-09-26T07:34:10+00:00,KXCS2MAP-26SEP270900NEXLVG-2,cs2,Lynn Vision,NEXVOID,2,map,2026-09-29T13:00:00Z,0.4,0.94,,0.6070160736226912
KXCS2MAP-26SEP270900NEXLVG-1-NEX,2026-09-26T07:34:10+00:00,KXCS2MAP-26SEP270900NEXLVG-1,cs2,NEXVOID,Lynn Vision,1,map,2026-09-29T13:00:00Z,0.06,0.6,,0.42343977007677247
KXCS2MAP-26SEP270900NEXLVG-1-LVG,2026-09-26T07:34:10+00:00,KXCS2MAP-26SEP270900NEXLVG-1,cs2,Lynn Vision,NEXVOID,1,map,2026-09-29T13:00:00Z,0.4,0.94,,0.6058726713144003
KXCS2MAP-26SEP260900THEKAL-2-THE,2026-09-26T07:34:10+00:00,KXCS2MAP-26SEP260900THEKAL-2,cs2,The Huns Esports,Kaleido,2,map,2026-09-28T13:00:00Z,0.39,0.57,,
KXCS2MAP-26SEP260900THEKAL-2-KAL,2026-09-26T07:34:10+00:00,KXCS2MAP-26SEP260900THEKAL-2,cs2,Kaleido,The Huns Esports,2,map,2026-09-28T13:00:00Z,0.43,0.61,,
KXCS2MAP-26SEP260900THEKAL-1-THE,2026-09-26T07:34:10+00:00,KXCS2MAP-26SEP260900THEKAL-1,cs2,The Huns Esports,Kaleido,1,map,2026-09-28T13:00:00Z,0.39,0.56,,
KXCS2MAP-26SEP260900THEKAL-1-KAL,2026-09-26T07:34:10+00:00,KXCS2MAP-26SEP260900THEKAL-1,cs2,Kaleido,The Huns Esports,1,map,2026-09-28T13:00:00Z,0.44,0.61,,
KXCS2MAP-26SEP260900BHEIMP-2-IMP,2026-09-26T07:34:10+00:00,KXCS2MAP-26SEP260900BHEIMP-2,cs2,Imperial,Bounty Hunters Esports,2,map,2026-09-28T13:00:00Z,0.69,0.72,,
KXCS2MAP-26SEP260900BHEIMP-2-BHE,2026-09-26T07:34:10+00:00,KXCS2MAP-26SEP260900BHEIMP-2,cs2,Bounty Hunters Esports,Imperial,2,map,2026-09-28T13:00:00Z,0.28,0.31,,
KXCS2MAP-26SEP260900BHEIMP-1-IMP,2026-09-26T07:34:10+00:00,KXCS2MAP-26SEP260900BHEIMP-1,cs2,Imperial,Bounty Hunters Esports,1,map,2026-09-28T13:00:00Z,0.61,0.67,,
KXCS2MAP-26SEP260900BHEIMP-1-BHE,2026-09-26T07:34:10+00:00,KXCS2MAP-26SEP260900BHEIMP-1,cs2,Bounty Hunters Esports,Imperial,1,map,2026-09-28T13:00:00Z,0.33,0.38,,
KXCS2MAP-26SEP261000EPPHAC-2-PHAC,2026-09-26T07:34:10+00:00,KXCS2MAP-26SEP261000EPPHAC-2,cs2,Phantom Academy,eternal premium,2,map,2026-09-28T14:00:00Z,0.38,0.62,,0.5170972977806144
KXCS2MAP-26SEP261000EPPHAC-2-EP,2026-09-26T07:34:10+00:00,KXCS2MAP-26SEP261000EPPHAC-2,cs2,eternal premium,Phantom Academy,2,map,2026-09-28T14:00:00Z,0.38,0.62,,0.4543887543965167
KXCS2MAP-26SEP261000EPPHAC-1-PHAC,2026-09-26T07:34:10+00:00,KXCS2MAP-26SEP261000EPPHAC-1,cs2,Phantom Academy,eternal premium,1,map,2026-09-28T14:00:00Z,0.38,0.62,,0.5201303957073219
KXCS2MAP-26SEP261000EPPHAC-1-EP,2026-09-26T07:34:10+00:00,KXCS2MAP-26SEP261000EPPHAC-1,cs2,eternal premium,Phantom Academy,1,map,2026-09-28T14:00:00Z,0.38,0.62,,0.45712172476165114
KXCS2MAP-26SEP260500ORGGRO-2-ORG,2026-09-26T07:34:10+00:00,KXCS2MAP-26SEP260500ORGGRO-2,cs2,Orgless,Ground Zero,2,map,2026-09-28T09:00:00Z,0.07,0.55,,0.23540668309847743
KXCS2MAP-26SEP260500ORGGRO-2-GRO,2026-09-26T07:34:10+00:00,KXCS2MAP-26SEP260500ORGGRO-2,cs2,Ground Zero,Orgless,2,map,2026-09-28T09:00:00Z,0.26,0.79,,0.7467674294558674
KXCS2MAP-26SEP260500ORGGRO-1-ORG,2026-09-26T07:34:10+00:00,KXCS2MAP-26SEP260500ORGGRO-1,cs2,Orgless,Ground Zero,1,map,2026-09-28T09:00:00Z,0.07,0.71,,0.2395403568763287
KXCS2MAP-26SEP260500ORGGRO-1-GRO,2026-09-26T07:34:10+00:00,KXCS2MAP-26SEP260500ORGGRO-1,cs2,Ground Zero,Orgless,1,map,2026-09-28T09:00:00Z,0.23,0.94,,0.7467674294558674
KXCS2MAP-26SEP260500ABYRSTR-2-RSTR,2026-09-26T07:34:10+00:00,KXCS2MAP-26SEP260500ABYRSTR-2,cs2,Rooster,Abyssal,2,map,2026-09-28T09:00:00Z,0.26,0.72,,0.4741435544398484
KXCS2MAP-26SEP260500ABYRSTR-2-ABY,2026-09-26T07:34:10+00:00,KXCS2MAP-26SEP260500ABYRSTR-2,cs2,Abyssal,Rooster,2,map,2026-09-28T09:00:00Z,0.26,0.74,,0.5411818731293323
KXCS2MAP-26SEP260500ABYRSTR-1-RSTR,2026-09-26T07:34:10+00:00,KXCS2MAP-26SEP260500ABYRSTR-1,cs2,Rooster,Abyssal,1,map,2026-09-28T09:00:00Z,0.07,0.79,,0.4741435544398484
KXCS2MAP-26SEP260500ABYRSTR-1-ABY,2026-09-26T07:34:10+00:00,KXCS2MAP-26SEP260500ABYRSTR-1,cs2,Abyssal,Rooster,1,map,2026-09-28T09:00:00Z,0.15,0.72,,0.5399920816000587
KXCS2MAP-26SEP270630MELWRA-2-WRA,2026-09-26T07:34:10+00:00,KXCS2MAP-26SEP270630MELWRA-2,cs2,WRAITH PCIFIC,mellren,2,map,2026-09-29T10:30:00Z,0.16,0.72,,
KXCS2MAP-26SEP270630MELWRA-2-MEL,2026-09-26T07:34:10+00:00,KXCS2MAP-26SEP270630MELWRA-2,cs2,mellren,WRAITH PCIFIC,2,map,2026-09-29T10:30:00Z,0.28,0.83,,
KXCS2MAP-26SEP270630MELWRA-1-WRA,2026-09-26T07:34:10+00:00,KXCS2MAP-26SEP270630MELWRA-1,cs2,WRAITH PCIFIC,mellren,1,map,2026-09-29T10:30:00Z,0.15,0.71,,
KXCS2MAP-26SEP270630MELWRA-1-MEL,2026-09-26T07:34:10+00:00,KXCS2MAP-26SEP270630MELWRA-1,cs2,mellren,WRAITH PCIFIC,1,map,2026-09-29T10:30:00Z,,,,
KXCS2MAP-26SEP2607004MOPT-2-OPT,2026-09-26T07:34:10+00:00,KXCS2MAP-26SEP2607004MOPT-2,cs2,Optibet,Four Magic,2,map,2026-09-28T11:00:00Z,0.46,0.53,,0.49915719073200426
KXCS2MAP-26SEP2607004MOPT-2-4M,2026-09-26T07:34:10+00:00,KXCS2MAP-26SEP2607004MOPT-2,cs2,Four Magic,Optibet,2,map,2026-09-28T11:00:00Z,0.47,0.54,,0.5165942610098279
KXCS2MAP-26SEP2607004MOPT-1-OPT,2026-09-26T07:34:10+00:00,KXCS2MAP-26SEP2607004MOPT-1,cs2,Optibet,Four Magic,1,map,2026-09-28T11:00:00Z,0.08,0.53,,0.49727023877801
KXCS2MAP-26SEP2607004MOPT-1-4M,2026-09-26T07:34:10+00:00,KXCS2MAP-26SEP2607004MOPT-1,cs2,Four Magic,Optibet,1,map,2026-09-28T11:00:00Z,0.47,0.72,,0.5135042900143328
KXCS2MAP-26SEP270500FLYTHU-2-THU,2026-09-26T07:34:10+00:00,KXCS2MAP-26SEP270500FLYTHU-2,cs2,THUNDER dOWNUNDER,FlyQuest,2,map,2026-09-29T09:00:00Z,0.08,0.63,,0.4321604336232545
KXCS2MAP-26SEP270500FLYTHU-2-FLY,2026-09-26T07:34:10+00:00,KXCS2MAP-26SEP270500FLYTHU-2,cs2,FlyQuest,THUNDER dOWNUNDER,2,map,2026-09-29T09:00:00Z,0.37,0.92,,0.5751848836374468
KXCS2MAP-26SEP270500FLYTHU-1-THU,2026-09-26T07:34:10+00:00,KXCS2MAP-26SEP270500FLYTHU-1,cs2,THUNDER dOWNUNDER,FlyQuest,1,map,2026-09-29T09:00:00Z,0.08,0.63,,0.43300766585224776
KXCS2MAP-26SEP270500FLYTHU-1-FLY,2026-09-26T07:34:10+00:00,KXCS2MAP-26SEP270500FLYTHU-1,cs2,FlyQuest,THUNDER dOWNUNDER,1,map,2026-09-29T09:00:00Z,0.37,0.92,,0.5740138610950397
KXCS2MAP-26SEP270400BLANXS-2-NXS,2026-09-26T07:34:10+00:00,KXCS2MAP-26SEP270400BLANXS-2,cs2,Nexus,Black Phoenix,2,map,2026-09-29T08:00:00Z,0.06,0.64,,0.4542809491213584
KXCS2MAP-26SEP270400BLANXS-2-BLA,2026-09-26T07:34:10+00:00,KXCS2MAP-26SEP270400BLANXS-2,cs2,Black Phoenix,Nexus,2,map,2026-09-29T08:00:00Z,0.36,0.94,,0.5291683392631363
KXCS2MAP-26SEP270400BLANXS-1-NXS,2026-09-26T07:34:10+00:00,KXCS2MAP-26SEP270400BLANXS-1,cs2,Nexus,Black Phoenix,1,map,2026-09-29T08:00:00Z,0.14,0.69,,0.4573996802988487
KXCS2MAP-26SEP270400BLANXS-1-BLA,2026-09-26T07:34:10+00:00,KXCS2MAP-26SEP270400BLANXS-1,cs2,Black Phoenix,Nexus,1,map,2026-09-29T08:00:00Z,0.31,0.86,,0.5302463845164835
KXCS2MAP-26SEP261300QUASIN-2-SIN,2026-09-26T07:34:10+00:00,KXCS2MAP-26SEP261300QUASIN-2,cs2,SINNERS,QUAZAR,2,map,2026-09-28T17:00:00Z,0.56,0.61,,0.570109290672416
KXCS2MAP-26SEP261300QUASIN-2-QUA,2026-09-26T07:34:10+00:00,KXCS2MAP-26SEP261300QUASIN-2,cs2,QUAZAR,SINNERS,2,map,2026-09-28T17:00:00Z,0.35,0.46,,0.4165054404275105
KXCS2MAP-26SEP261300QUASIN-1-SIN,2026-09-26T07:34:10+00:00,KXCS2MAP-26SEP261300QUASIN-1,cs2,SINNERS,QUAZAR,1,map,2026-09-28T17:00:00Z,0.54,0.59,,0.5689347624860721
KXCS2MAP-26SEP261300QUASIN-1-QUA,2026-09-26T07:34:10+00:00,KXCS2MAP-26SEP261300QUASIN-1,cs2,QUAZAR,SINNERS,1,map,2026-09-28T17:00:00Z,0.35,0.46,,0.4165054404275105
KXCS2MAP-26SEP261000UNKWAL-2-WAL,2026-09-26T07:34:10+00:00,KXCS2MAP-26SEP261000UNKWAL-2,cs2,Walczaki,33,2,map,2026-09-28T14:00:00Z,0.35,0.49,,
KXCS2MAP-26SEP261000UNKWAL-2-UNK,2026-09-26T07:34:10+00:00,KXCS2MAP-26SEP261000UNKWAL-2,cs2,33,Walczaki,2,map,2026-09-28T14:00:00Z,0.51,0.65,,
KXCS2MAP-26SEP261000UNKWAL-1-WAL,2026-09-26T07:34:10+00:00,KXCS2MAP-26SEP261000UNKWAL-1,cs2,Walczaki,33,1,map,2026-09-28T14:00:00Z,,,,
KXCS2MAP-26SEP261000UNKWAL-1-UNK,2026-09-26T07:34:10+00:00,KXCS2MAP-26SEP261000UNKWAL-1,cs2,33,Walczaki,1,map,2026-09-28T14:00:00Z,0.51,0.65,,
KXCS2MAP-26SEP260700SPARTAFOK-2-SPARTA,2026-09-26T07:34:10+00:00,KXCS2MAP-26SEP260700SPARTAFOK-2,cs2,SPARTA,FOKUS,2,map,2026-09-28T11:00:00Z,0.37,0.41,,0.4171136048378479
KXCS2MAP-26SEP260700SPARTAFOK-2-FOK,2026-09-26T07:34:10+00:00,KXCS2MAP-26SEP260700SPARTAFOK-2,cs2,FOKUS,SPARTA,2,map,2026-09-28T11:00:00Z,0.59,0.63,,0.5836293939452707
KXCS2MAP-26SEP260700SPARTAFOK-1-SPARTA,2026-09-26T07:34:10+00:00,KXCS2MAP-26SEP260700SPARTAFOK-1,cs2,SPARTA,FOKUS,1,map,2026-09-28T11:00:00Z,0.4,0.46,,0.4181404910732857
KXCS2MAP-26SEP260700SPARTAFOK-1-FOK,2026-09-26T07:34:10+00:00,KXCS2MAP-26SEP260700SPARTAFOK-1,cs2,FOKUS,SPARTA,1,map,2026-09-28T11:00:00Z,0.54,0.6,,0.5839563021599692
KXCS2MAP-26SEP260500ISFNC-2-IS,2026-09-26T07:34:10+00:00,KXCS2MAP-26SEP260500ISFNC-2,cs2,Iberian Soul,fnatic,2,map,2026-09-28T09:00:00Z,0.39,0.41,,0.4327132165715894
KXCS2MAP-26SEP260500ISFNC-2-FNC,2026-09-26T07:34:10+00:00,KXCS2MAP-26SEP260500ISFNC-2,cs2,fnatic,Iberian Soul,2,map,2026-09-28T09:00:00Z,0.57,0.61,,0.5650751492198116
KXCS2MAP-26SEP260500ISFNC-1-IS,2026-09-26T07:34:10+00:00,KXCS2MAP-26SEP260500ISFNC-1,cs2,Iberian Soul,fnatic,1,map,2026-09-28T09:00:00Z,0.44,0.48,,0.4327132165715894
KXCS2MAP-26SEP260500ISFNC-1-FNC,2026-09-26T07:34:10+00:00,KXCS2MAP-26SEP260500ISFNC-1,cs2,fnatic,Iberian Soul,1,map,2026-09-28T09:00:00Z,0.52,0.58,,0.5638973880824567
KXCS2MAP-26SEP260400COLWW-2-WW,2026-09-26T07:34:10+00:00,KXCS2MAP-26SEP260400COLWW-2,cs2,WW Team,Color,2,map,2026-09-28T08:00:00Z,0.3,0.37,,
KXCS2MAP-26SEP260400COLWW-2-COL,2026-09-26T07:34:10+00:00,KXCS2MAP-26SEP260400COLWW-2,cs2,Color,WW Team,2,map,2026-09-28T08:00:00Z,0.63,0.7,,
KXCS2MAP-26SEP260400COLWW-1-WW,2026-09-26T07:34:10+00:00,KXCS2MAP-26SEP260400COLWW-1,cs2,WW Team,Color,1,map,2026-09-28T08:00:00Z,0.3,0.38,,
KXCS2MAP-26SEP260400COLWW-1-COL,2026-09-26T07:34:10+00:00,KXCS2MAP-26SEP260400COLWW-1,cs2,Color,WW Team,1,map,2026-09-28T08:00:00Z,0.24,0.7,,
KXCS2MAP-26SEP261300BLANEMI-2-NEMI,2026-09-26T07:34:10+00:00,KXCS2MAP-26SEP261300BLANEMI-2,cs2,Nemiga,Black Phoenix,2,map,2026-09-28T17:00:00Z,0.32,0.91,,0.7252801429575698
KXCS2MAP-26SEP261300BLANEMI-2-BLA,2026-09-26T07:34:10+00:00,KXCS2MAP-26SEP261300BLANEMI-2,cs2,Black Phoenix,Nemiga,2,map,2026-09-28T17:00:00Z,0.06,0.74,,0.28602180780730435
KXCS2MAP-26SEP261300BLANEMI-1-NEMI,2026-09-26T07:34:10+00:00,KXCS2MAP-26SEP261300BLANEMI-1,cs2,Nemiga,Black Phoenix,1,map,2026-09-28T17:00:00Z,0.2,0.93,,0.7252801429575698
KXCS2MAP-26SEP261300BLANEMI-1-BLA,2026-09-26T07:34:10+00:00,KXCS2MAP-26SEP261300BLANEMI-1,cs2,Black Phoenix,Nemiga,1,map,2026-09-28T17:00:00Z,0.06,0.72,,0.2870680644538656
KXCS2MAP-26SEP260700MEGMEL-2-MEL,2026-09-26T07:34:10+00:00,KXCS2MAP-26SEP260700MEGMEL-2,cs2,mellren,megoshort,2,map,2026-09-28T11:00:00Z,0.6,0.65,,0.49364615473672563
KXCS2MAP-26SEP260700MEGMEL-2-MEG,2026-09-26T07:34:10+00:00,KXCS2MAP-26SEP260700MEGMEL-2,cs2,megoshort,mellren,2,map,2026-09-28T11:00:00Z,0.36,0.4,,0.48689309589981417
KXCS2MAP-26SEP260700MEGMEL-1-MEL,2026-09-26T07:34:10+00:00,KXCS2MAP-26SEP260700MEGMEL-1,cs2,mellren,megoshort,1,map,2026-09-28T11:00:00Z,0.57,0.61,,0.4937943294553489
KXCS2MAP-26SEP260700MEGMEL-1-MEG,2026-09-26T07:34:10+00:00,KXCS2MAP-26SEP260700MEGMEL-1,cs2,megoshort,mellren,1,map,2026-09-28T11:00:00Z,0.38,0.42,,0.48802387067013614
KXCS2MAP-26SEP260630LEOMIS-2-MIS,2026-09-26T07:34:10+00:00,KXCS2MAP-26SEP260630LEOMIS-2,cs2,Misa Esports,Leo Team,2,map,2026-09-28T10:30:00Z,0.29,0.43,,
KXCS2MAP-26SEP260630LEOMIS-2-LEO,2026-09-26T07:34:10+00:00,KXCS2MAP-26SEP260630LEOMIS-2,cs2,Leo Team,Misa Esports,2,map,2026-09-28T10:30:00Z,0.55,0.68,,
KXCS2MAP-26SEP260630LEOMIS-1-MIS,2026-09-26T07:34:10+00:00,KXCS2MAP-26SEP260630LEOMIS-1,cs2,Misa Esports,Leo Team,1,map,2026-09-28T10:30:00Z,0.39,0.46,,
KXCS2MAP-26SEP260630LEOMIS-1-LEO,2026-09-26T07:34:10+00:00,KXCS2MAP-26SEP260630LEOMIS-1,cs2,Leo Team,Misa Esports,1,map,2026-09-28T10:30:00Z,0.54,0.61,,
KXCS2MAP-26SEP260400MAISSINS-2-SSINS,2026-09-26T07:34:10+00:00,KXCS2MAP-26SEP260400MAISSINS-2,cs2,Saint Sinners,Mai Tai,2,map,2026-09-28T08:00:00Z,0.47,0.62,,0.5107820321602221
KXCS2MAP-26SEP260400MAISSINS-2-MAI,2026-09-26T07:34:10+00:00,KXCS2MAP-26SEP260400MAISSINS-2,cs2,Mai Tai,Saint Sinners,2,map,2026-09-28T08:00:00Z,,,,0.5092457318527011
KXCS2MAP-26SEP260400MAISSINS-1-SSINS,2026-09-26T07:34:10+00:00,KXCS2MAP-26SEP260400MAISSINS-1,cs2,Saint Sinners,Mai Tai,1,map,2026-09-28T08:00:00Z,0.47,0.62,,0.5135349430084045
KXCS2MAP-26SEP260400MAISSINS-1-MAI,2026-09-26T07:34:10+00:00,KXCS2MAP-26SEP260400MAISSINS-1,cs2,Mai Tai,Saint Sinners,1,map,2026-09-28T08:00:00Z,0.38,0.53,,0.51219648581729
KXCS2MAP-26SEP260400BWVEX-2-VEX,2026-09-26T07:34:10+00:00,KXCS2MAP-26SEP260400BWVEX-2,cs2,Vexar,Bushido Wildcats,2,map,2026-09-28T08:00:00Z,0.38,0.71,,0.44338068525797947
KXCS2MAP-26SEP260400BWVEX-2-BW,2026-09-26T07:34:10+00:00,KXCS2MAP-26SEP260400BWVEX-2,cs2,Bushido Wildcats,Vexar,2,map,2026-09-28T08:00:00Z,0.27,0.62,,0.560066684172708
KXCS2MAP-26SEP260400BWVEX-1-VEX,2026-09-26T07:34:10+00:00,KXCS2MAP-26SEP260400BWVEX-1,cs2,Vexar,Bushido Wildcats,1,map,2026-09-28T08:00:00Z,0.28,0.48,,0.4439944238139039
KXCS2MAP-26SEP260400BWVEX-1-BW,2026-09-26T07:34:10+00:00,KXCS2MAP-26SEP260400BWVEX-1,cs2,Bushido Wildcats,Vexar,1,map,2026-09-28T08:00:00Z,0.52,0.72,,0.5611815366738625
KXLOLMAP-26SEP261600SRLY-3-SR,2026-09-26T07:34:10+00:00,KXLOLMAP-26SEP261600SRLY-3,lol,Shopify Rebellion,LYON,3,map,2026-09-28T20:00:00Z,0.28,0.31,,0.18117430231961892
KXLOLMAP-26SEP261600SRLY-3-LY,2026-09-26T07:34:10+00:00,KXLOLMAP-26SEP261600SRLY-3,lol,LYON,Shopify Rebellion,3,map,2026-09-28T20:00:00Z,0.68,0.71,,0.8189463101968848
KXLOLMAP-26SEP261600SRLY-2-SR,2026-09-26T07:34:10+00:00,KXLOLMAP-26SEP261600SRLY-2,lol,Shopify Rebellion,LYON,2,map,2026-09-28T20:00:00Z,0.28,0.31,,0.18750091039374908
KXLOLMAP-26SEP261600SRLY-2-LY,2026-09-26T07:34:10+00:00,KXLOLMAP-26SEP261600SRLY-2,lol,LYON,Shopify Rebellion,2,map,2026-09-28T20:00:00Z,0.69,0.72,,0.8084044557230652
KXLOLMAP-26SEP261600SRLY-1-SR,2026-09-26T07:34:10+00:00,KXLOLMAP-26SEP261600SRLY-1,lol,Shopify Rebellion,LYON,1,map,2026-09-28T20:00:00Z,0.28,0.3,,0.18750091039374908
KXLOLMAP-26SEP261600SRLY-1-LY,2026-09-26T07:34:10+00:00,KXLOLMAP-26SEP261600SRLY-1,lol,LYON,Shopify Rebellion,1,map,2026-09-28T20:00:00Z,0.68,0.72,,0.8084044557230652
KXLOLMAP-26SEP2917009ZEST-3-EST,2026-09-26T07:34:10+00:00,KXLOLMAP-26SEP2917009ZEST-3,lol,Estral Esports,9z Globant,3,map,2026-10-01T21:00:00Z,0.06,0.9,,0.485095266852876
KXLOLMAP-26SEP2917009ZEST-3-9Z,2026-09-26T07:34:10+00:00,KXLOLMAP-26SEP2917009ZEST-3,lol,9z Globant,Estral Esports,3,map,2026-10-01T21:00:00Z,0.06,0.9,,0.4405875454468564
KXLOLMAP-26SEP2917009ZEST-2-EST,2026-09-26T07:34:10+00:00,KXLOLMAP-26SEP2917009ZEST-2,lol,Estral Esports,9z Globant,2,map,2026-10-01T21:00:00Z,0.06,0.9,,0.4888136989733543
KXLOLMAP-26SEP2917009ZEST-2-9Z,2026-09-26T07:34:10+00:00,KXLOLMAP-26SEP2917009ZEST-2,lol,9z Globant,Estral Esports,2,map,2026-10-01T21:00:00Z,0.06,0.8,,0.4449651886940375
KXLOLMAP-26SEP2917009ZEST-1-EST,2026-09-26T07:34:10+00:00,KXLOLMAP-26SEP2917009ZEST-1,lol,Estral Esports,9z Globant,1,map,2026-10-01T21:00:00Z,0.06,0.9,,0.4888136989733543
KXLOLMAP-26SEP2917009ZEST-1-9Z,2026-09-26T07:34:10+00:00,KXLOLMAP-26SEP2917009ZEST-1,lol,9z Globant,Estral Esports,1,map,2026-10-01T21:00:00Z,0.06,0.8,,0.4449651886940375
KXLOLMAP-26SEP280500GALKTC-3-KTC,2026-09-26T07:34:10+00:00,KXLOLMAP-26SEP280500GALKTC-3,lol,KT Rolster Challengers,Galions,3,map,2026-09-30T09:00:00Z,0.07,0.79,,
KXLOLMAP-26SEP280500GALKTC-3-GAL,2026-09-26T07:34:10+00:00,KXLOLMAP-26SEP280500GALKTC-3,lol,Galions,KT Rolster Challengers,3,map,2026-09-30T09:00:00Z,0.09,0.9,,
KXLOLMAP-26SEP280500GALKTC-2-KTC,2026-09-26T07:34:10+00:00,KXLOLMAP-26SEP280500GALKTC-2,lol,KT Rolster Challengers,Galions,2,map,2026-09-30T09:00:00Z,0.2,0.76,,
KXLOLMAP-26SEP280500GALKTC-2-GAL,2026-09-26T07:34:10+00:00,KXLOLMAP-26SEP280500GALKTC-2,lol,Galions,KT Rolster Challengers,2,map,2026-09-30T09:00:00Z,0.24,0.8,,
KXLOLMAP-26SEP280500GALKTC-1-KTC,2026-09-26T07:34:10+00:00,KXLOLMAP-26SEP280500GALKTC-1,lol,KT Rolster Challengers,Galions,1,map,2026-09-30T09:00:00Z,0.21,0.75,,
KXLOLMAP-26SEP280500GALKTC-1-GAL,2026-09-26T07:34:10+00:00,KXLOLMAP-26SEP280500GALKTC-1,lol,Galions,KT Rolster Challengers,1,map,2026-09-30T09:00:00Z,0.25,0.79,,
KXLOLMAP-26SEP280200CPDT1A-3-T1A,2026-09-26T07:34:10+00:00,KXLOLMAP-26SEP280200CPDT1A-3,lol,T1 Academy,Cupid Esports,3,map,2026-09-30T06:00:00Z,0.37,0.89,,
KXLOLMAP-26SEP280200CPDT1A-3-CPD,2026-09-26T07:34:10+00:00,KXLOLMAP-26SEP280200CPDT1A-3,lol,Cupid Esports,T1 Academy,3,map,2026-09-30T06:00:00Z,0.07,0.45,,
KXLOLMAP-26SEP280200CPDT1A-2-T1A,2026-09-26T07:34:10+00:00,KXLOLMAP-26SEP280200CPDT1A-2,lol,T1 Academy,Cupid Esports,2,map,2026-09-30T06:00:00Z,0.22,0.9,,
KXLOLMAP-26SEP280200CPDT1A-2-CPD,2026-09-26T07:34:10+00:00,KXLOLMAP-26SEP280200CPDT1A-2,lol,Cupid Esports,T1 Academy,2,map,2026-09-30T06:00:00Z,0.07,0.35,,
KXLOLMAP-26SEP280200CPDT1A-1-T1A,2026-09-26T07:34:10+00:00,KXLOLMAP-26SEP280200CPDT1A-1,lol,T1 Academy,Cupid Esports,1,map,2026-09-30T06:00:00Z,0.54,0.9,,
KXLOLMAP-26SEP280200CPDT1A-1-CPD,2026-09-26T07:34:10+00:00,KXLOLMAP-26SEP280200CPDT1A-1,lol,Cupid Esports,T1 Academy,1,map,2026-09-30T06:00:00Z,0.07,0.42,,
KXLOLMAP-26SEP270500DNSCDKC-3-DNSC,2026-09-26T07:34:10+00:00,KXLOLMAP-26SEP270500DNSCDKC-3,lol,DN SOOPers Challengers,Dplus KIA Challengers,3,map,2026-09-29T09:00:00Z,0.08,0.79,,
KXLOLMAP-26SEP270500DNSCDKC-3-DKC,2026-09-26T07:34:10+00:00,KXLOLMAP-26SEP270500DNSCDKC-3,lol,Dplus KIA Challengers,DN SOOPers Challengers,3,map,2026-09-29T09:00:00Z,0.24,0.86,,
KXLOLMAP-26SEP270500DNSCDKC-2-DNSC,2026-09-26T07:34:10+00:00,KXLOLMAP-26SEP270500DNSCDKC-2,lol,DN SOOPers Challengers,Dplus KIA Challengers,2,map,2026-09-29T09:00:00Z,0.17,0.75,,
KXLOLMAP-26SEP270500DNSCDKC-2-DKC,2026-09-26T07:34:10+00:00,KXLOLMAP-26SEP270500DNSCDKC-2,lol,Dplus KIA Challengers,DN SOOPers Challengers,2,map,2026-09-29T09:00:00Z,0.25,0.7,,
KXLOLMAP-26SEP270500DNSCDKC-1-DNSC,2026-09-26T07:34:10+00:00,KXLOLMAP-26SEP270500DNSCDKC-1,lol,DN SOOPers Challengers,Dplus KIA Challengers,1,map,2026-09-29T09:00:00Z,0.13,0.66,,
KXLOLMAP-26SEP270500DNSCDKC-1-DKC,2026-09-26T07:34:10+00:00,KXLOLMAP-26SEP270500DNSCDKC-1,lol,Dplus KIA Challengers,DN SOOPers Challengers,1,map,2026-09-29T09:00:00Z,0.34,0.86,,
KXLOLMAP-26SEP270200KOIASLY-3-SLY,2026-09-26T07:34:10+00:00,KXLOLMAP-26SEP270200KOIASLY-3,lol,Solary,Movistar KOI Fénix,3,map,2026-09-29T06:00:00Z,0.33,0.88,,0.6182124143828298
KXLOLMAP-26SEP270200KOIASLY-3-KOIA,2026-09-26T07:34:10+00:00,KXLOLMAP-26SEP270200KOIASLY-3,lol,Movistar KOI Fénix,Solary,3,map,2026-09-29T06:00:00Z,0.07,0.75,,0.35788401968624906
KXLOLMAP-26SEP270200KOIASLY-2-SLY,2026-09-26T07:34:10+00:00,KXLOLMAP-26SEP270200KOIASLY-2,lol,Solary,Movistar KOI Fénix,2,map,2026-09-29T06:00:00Z,0.33,0.86,,0.6198087024901049
KXLOLMAP-26SEP270200KOIASLY-2-KOIA,2026-09-26T07:34:10+00:00,KXLOLMAP-26SEP270200KOIASLY-2,lol,Movistar KOI Fénix,Solary,2,map,2026-09-29T06:00:00Z,0.14,0.67,,0.3556166842732291
KXLOLMAP-26SEP270200KOIASLY-1-SLY,2026-09-26T07:34:10+00:00,KXLOLMAP-26SEP270200KOIASLY-1,lol,Solary,Movistar KOI Fénix,1,map,2026-09-29T06:00:00Z,0.3,0.79,,0.6198087024901049
KXLOLMAP-26SEP270200KOIASLY-1-KOIA,2026-09-26T07:34:10+00:00,KXLOLMAP-26SEP270200KOIASLY-1,lol,Movistar KOI Fénix,Solary,1,map,2026-09-29T06:00:00Z,0.16,0.7,,0.3556166842732291
KXLOLMAP-26SEP281700GLKBM-3-KBM,2026-09-26T07:34:10+00:00,KXLOLMAP-26SEP281700GLKBM-3,lol,KaBuM! Ilha das Lendas,Golden Lions,3,map,2026-09-30T21:00:00Z,0.08,0.9,,
KXLOLMAP-26SEP281700GLKBM-3-GL,2026-09-26T07:34:10+00:00,KXLOLMAP-26SEP281700GLKBM-3,lol,Golden Lions,KaBuM! Ilha das Lendas,3,map,2026-09-30T21:00:00Z,0.06,0.9,,
KXLOLMAP-26SEP281700GLKBM-2-KBM,2026-09-26T07:34:10+00:00,KXLOLMAP-26SEP281700GLKBM-2,lol,KaBuM! Ilha das Lendas,Golden Lions,2,map,2026-09-30T21:00:00Z,0.37,0.9,,
KXLOLMAP-26SEP281700GLKBM-2-GL,2026-09-26T07:34:10+00:00,KXLOLMAP-26SEP281700GLKBM-2,lol,Golden Lions,KaBuM! Ilha das Lendas,2,map,2026-09-30T21:00:00Z,0.08,0.63,,
KXLOLMAP-26SEP281700GLKBM-1-KBM,2026-09-26T07:34:10+00:00,KXLOLMAP-26SEP281700GLKBM-1,lol,KaBuM! Ilha das Lendas,Golden Lions,1,map,2026-09-30T21:00:00Z,0.08,0.9,,
KXLOLMAP-26SEP281700GLKBM-1-GL,2026-09-26T07:34:10+00:00,KXLOLMAP-26SEP281700GLKBM-1,lol,Golden Lions,KaBuM! Ilha das Lendas,1,map,2026-09-30T21:00:00Z,0.07,0.9,,
KXLOLMAP-26SEP260500CBC9G-3-CBC,2026-09-26T07:34:10+00:00,KXLOLMAP-26SEP260500CBC9G-3,lol,CyberCore Esports,9Gaming,3,map,2026-09-28T09:00:00Z,0.06,0.8,,
KXLOLMAP-26SEP260500CBC9G-3-9G,2026-09-26T07:34:10+00:00,KXLOLMAP-26SEP260500CBC9G-3,lol,9Gaming,CyberCore Esports,3,map,2026-09-28T09:00:00Z,0.09,0.77,,
KXLOLMAP-26SEP260500CBC9G-2-CBC,2026-09-26T07:34:10+00:00,KXLOLMAP-26SEP260500CBC9G-2,lol,CyberCore Esports,9Gaming,2,map,2026-09-28T09:00:00Z,0.46,0.67,,
KXLOLMAP-26SEP260500CBC9G-2-9G,2026-09-26T07:34:10+00:00,KXLOLMAP-26SEP260500CBC9G-2,lol,9Gaming,CyberCore Esports,2,map,2026-09-28T09:00:00Z,0.29,0.54,,
KXLOLMAP-26SEP260500CBC9G-1-CBC,2026-09-26T07:34:10+00:00,KXLOLMAP-26SEP260500CBC9G-1,lol,CyberCore Esports,9Gaming,1,map,2026-09-28T09:00:00Z,0.26,0.56,,
KXLOLMAP-26SEP260500CBC9G-1-9G,2026-09-26T07:34:10+00:00,KXLOLMAP-26SEP260500CBC9G-1,lol,9Gaming,CyberCore Esports,1,map,2026-09-28T09:00:00Z,0.44,0.79,,
KXLOLMAP-26SEP271600TLC9-3-TL,2026-09-26T07:34:10+00:00,KXLOLMAP-26SEP271600TLC9-3,lol,Team Liquid Alienware,Cloud9 Kia,3,map,2026-09-29T20:00:00Z,0.08,0.62,,0.5330553712788569
KXLOLMAP-26SEP271600TLC9-3-C9,2026-09-26T07:34:10+00:00,KXLOLMAP-26SEP271600TLC9-3,lol,Cloud9 Kia,Team Liquid Alienware,3,map,2026-09-29T20:00:00Z,0.08,0.43,,0.4746345588664848
KXLOLMAP-26SEP271600TLC9-2-TL,2026-09-26T07:34:10+00:00,KXLOLMAP-26SEP271600TLC9-2,lol,Team Liquid Alienware,Cloud9 Kia,2,map,2026-09-29T20:00:00Z,0.56,0.61,,0.535640139148052
KXLOLMAP-26SEP271600TLC9-2-C9,2026-09-26T07:34:10+00:00,KXLOLMAP-26SEP271600TLC9-2,lol,Cloud9 Kia,Team Liquid Alienware,2,map,2026-09-29T20:00:00Z,0.37,0.43,,0.47017094850008717
KXLOLMAP-26SEP271600TLC9-1-TL,2026-09-26T07:34:10+00:00,KXLOLMAP-26SEP271600TLC9-1,lol,Team Liquid Alienware,Cloud9 Kia,1,map,2026-09-29T20:00:00Z,0.57,0.61,,0.5382929166903075
KXLOLMAP-26SEP271600TLC9-1-C9,2026-09-26T07:34:10+00:00,KXLOLMAP-26SEP271600TLC9-1,lol,Cloud9 Kia,Team Liquid Alienware,1,map,2026-09-29T20:00:00Z,0.35,0.43,,0.47017094850008717
KXLOLMAP-26SEP271200LLLLOS-3-LOS,2026-09-26T07:34:10+00:00,KXLOLMAP-26SEP271200LLLLOS-3,lol,LOS,LOUD,3,map,2026-09-29T16:00:00Z,0.12,0.75,,0.5121379702235886
KXLOLMAP-26SEP271200LLLLOS-3-LLL,2026-09-26T07:34:10+00:00,KXLOLMAP-26SEP271200LLLLOS-3,lol,LOUD,LOS,3,map,2026-09-29T16:00:00Z,0.08,0.49,,0.4450707349741683
KXLOLMAP-26SEP271200LLLLOS-2-LOS,2026-09-26T07:34:10+00:00,KXLOLMAP-26SEP271200LLLLOS-2,lol,LOS,LOUD,2,map,2026-09-29T16:00:00Z,0.49,0.55,,0.5155494110971643
KXLOLMAP-26SEP271200LLLLOS-2-LLL,2026-09-26T07:34:10+00:00,KXLOLMAP-26SEP271200LLLLOS-2,lol,LOUD,LOS,2,map,2026-09-29T16:00:00Z,0.38,0.49,,0.442236980145627
KXLOLMAP-26SEP271200LLLLOS-1-LOS,2026-09-26T07:34:10+00:00,KXLOLMAP-26SEP271200LLLLOS-1,lol,LOS,LOUD,1,map,2026-09-29T16:00:00Z,0.5,0.56,,0.518213728102878
KXLOLMAP-26SEP271200LLLLOS-1-LLL,2026-09-26T07:34:10+00:00,KXLOLMAP-26SEP271200LLLLOS-1,lol,LOUD,LOS,1,map,2026-09-29T16:00:00Z,0.36,0.48,,0.442236980145627
KXLOLMAP-26SEP261200FURRED-3-RED,2026-09-26T07:34:10+00:00,KXLOLMAP-26SEP261200FURRED-3,lol,RED Canids,FURIA Esports,3,map,2026-09-28T16:00:00Z,0.1,0.31,,
KXLOLMAP-26SEP261200FURRED-3-FUR,2026-09-26T07:34:10+00:00,KXLOLMAP-26SEP261200FURRED-3,lol,FURIA Esports,RED Canids,3,map,2026-09-28T16:00:00Z,0.7,0.73,,
KXLOLMAP-26SEP261200FURRED-2-RED,2026-09-26T07:34:10+00:00,KXLOLMAP-26SEP261200FURRED-2,lol,RED Canids,FURIA Esports,2,map,2026-09-28T16:00:00Z,0.28,0.3,,
KXLOLMAP-26SEP261200FURRED-2-FUR,2026-09-26T07:34:10+00:00,KXLOLMAP-26SEP261200FURRED-2,lol,FURIA Esports,RED Canids,2,map,2026-09-28T16:00:00Z,0.7,0.72,,
KXLOLMAP-26SEP261200FURRED-1-RED,2026-09-26T07:34:10+00:00,KXLOLMAP-26SEP261200FURRED-1,lol,RED Canids,FURIA Esports,1,map,2026-09-28T16:00:00Z,0.27,0.31,,
KXLOLMAP-26SEP261200FURRED-1-FUR,2026-09-26T07:34:10+00:00,KXLOLMAP-26SEP261200FURRED-1,lol,FURIA Esports,RED Canids,1,map,2026-09-28T16:00:00Z,0.7,0.73,,
KXDOTA2MAP-26SEP290200IAPYG-2-YG,2026-09-26T07:34:10+00:00,KXDOTA2MAP-26SEP290200IAPYG-2,dota,Yangon Galacticos,InterActive Philippines,2,map,2026-10-01T06:00:00Z,0.06,0.94,,0.5380571128804803
KXDOTA2MAP-26SEP290200IAPYG-2-IAP,2026-09-26T07:34:10+00:00,KXDOTA2MAP-26SEP290200IAPYG-2,dota,InterActive Philippines,Yangon Galacticos,2,map,2026-10-01T06:00:00Z,0.06,0.94,,0.513829009171691
KXDOTA2MAP-26SEP290200IAPYG-1-YG,2026-09-26T07:34:10+00:00,KXDOTA2MAP-26SEP290200IAPYG-1,dota,Yangon Galacticos,InterActive Philippines,1,map,2026-10-01T06:00:00Z,0.06,0.94,,0.5410615503227031
KXDOTA2MAP-26SEP290200IAPYG-1-IAP,2026-09-26T07:34:10+00:00,KXDOTA2MAP-26SEP290200IAPYG-1,dota,InterActive Philippines,Yangon Galacticos,1,map,2026-10-01T06:00:00Z,0.06,0.94,,0.5168495267897605
KXDOTA2MAP-26SEP282300XEKIN-2-XE,2026-09-26T07:34:10+00:00,KXDOTA2MAP-26SEP282300XEKIN-2,dota,Xipto Esports,Team Kinetix,2,map,2026-10-01T03:00:00Z,0.36,0.91,,
KXDOTA2MAP-26SEP282300XEKIN-2-KIN,2026-09-26T07:34:10+00:00,KXDOTA2MAP-26SEP282300XEKIN-2,dota,Team Kinetix,Xipto Esports,2,map,2026-10-01T03:00:00Z,0.09,0.64,,
KXDOTA2MAP-26SEP282300XEKIN-1-XE,2026-09-26T07:34:10+00:00,KXDOTA2MAP-26SEP282300XEKIN-1,dota,Xipto Esports,Team Kinetix,1,map,2026-10-01T03:00:00Z,0.36,0.91,,
KXDOTA2MAP-26SEP282300XEKIN-1-KIN,2026-09-26T07:34:10+00:00,KXDOTA2MAP-26SEP282300XEKIN-1,dota,Team Kinetix,Xipto Esports,1,map,2026-10-01T03:00:00Z,0.09,0.64,,
KXDOTA2MAP-26SEP260200IACYG-2-YG,2026-09-26T07:34:10+00:00,KXDOTA2MAP-26SEP260200IACYG-2,dota,Yangon Galacticos,IaChIo123,2,map,2026-09-28T06:00:00Z,0.73,0.94,,
KXDOTA2MAP-26SEP260200IACYG-2-IAC,2026-09-26T07:34:10+00:00,KXDOTA2MAP-26SEP260200IACYG-2,dota,IaChIo123,Yangon Galacticos,2,map,2026-09-28T06:00:00Z,0.06,0.19,,
KXDOTA2MAP-26SEP261100AVIRT-2-RT,2026-09-26T07:34:10+00:00,KXDOTA2MAP-26SEP261100AVIRT-2,dota,Rostik Team,avice Team,2,map,2026-09-28T15:00:00Z,0.32,0.75,,
KXDOTA2MAP-26SEP261100AVIRT-2-AVI,2026-09-26T07:34:10+00:00,KXDOTA2MAP-26SEP261100AVIRT-2,dota,avice Team,Rostik Team,2,map,2026-09-28T15:00:00Z,0.22,0.68,,
KXDOTA2MAP-26SEP261100AVIRT-1-RT,2026-09-26T07:34:10+00:00,KXDOTA2MAP-26SEP261100AVIRT-1,dota,Rostik Team,avice Team,1,map,2026-09-28T15:00:00Z,0.32,0.75,,
KXDOTA2MAP-26SEP261100AVIRT-1-AVI,2026-09-26T07:34:10+00:00,KXDOTA2MAP-26SEP261100AVIRT-1,dota,avice Team,Rostik Team,1,map,2026-09-28T15:00:00Z,0.22,0.68,,
KXDOTA2MAP-26SEP260800YBNDXK-2-YBN,2026-09-26T07:34:10+00:00,KXDOTA2MAP-26SEP260800YBNDXK-2,dota,YBN Team ,Daxak Team,2,map,2026-09-28T12:00:00Z,0.2,0.63,,
KXDOTA2MAP-26SEP260800YBNDXK-2-DXK,2026-09-26T07:34:10+00:00,KXDOTA2MAP-26SEP260800YBNDXK-2,dota,Daxak Team,YBN Team ,2,map,2026-09-28T12:00:00Z,0.36,0.75,,
KXDOTA2MAP-26SEP260800YBNDXK-1-YBN,2026-09-26T07:34:10+00:00,KXDOTA2MAP-26SEP260800YBNDXK-1,dota,YBN Team ,Daxak Team,1,map,2026-09-28T12:00:00Z,0.08,0.38,,
KXDOTA2MAP-26SEP260800YBNDXK-1-DXK,2026-09-26T07:34:10+00:00,KXDOTA2MAP-26SEP260800YBNDXK-1,dota,Daxak Team,YBN Team ,1,map,2026-09-28T12:00:00Z,0.62,0.92,,
KXDOTA2MAP-26SEP291200YBLIQUID-2-YB,2026-09-26T07:34:10+00:00,KXDOTA2MAP-26SEP291200YBLIQUID-2,dota,Yakult's Brothers,Team Liquid,2,map,2026-10-01T16:00:00Z,0.07,0.91,,
KXDOTA2MAP-26SEP291200YBLIQUID-2-LIQUID,2026-09-26T07:34:10+00:00,KXDOTA2MAP-26SEP291200YBLIQUID-2,dota,Team Liquid,Yakult's Brothers,2,map,2026-10-01T16:00:00Z,0.07,0.92,,
KXDOTA2MAP-26SEP291200YBLIQUID-1-YB,2026-09-26T07:34:10+00:00,KXDOTA2MAP-26SEP291200YBLIQUID-1,dota,Yakult's Brothers,Team Liquid,1,map,2026-10-01T16:00:00Z,0.07,0.93,,
KXDOTA2MAP-26SEP291200YBLIQUID-1-LIQUID,2026-09-26T07:34:10+00:00,KXDOTA2MAP-26SEP291200YBLIQUID-1,dota,Team Liquid,Yakult's Brothers,1,map,2026-10-01T16:00:00Z,0.07,0.93,,
KXDOTA2MAP-26SEP291200GLAUR-2-GL,2026-09-26T07:34:10+00:00,KXDOTA2MAP-26SEP291200GLAUR-2,dota,GamerLegion,Aurora,2,map,2026-10-01T16:00:00Z,0.07,0.91,,
KXDOTA2MAP-26SEP291200GLAUR-2-AUR,2026-09-26T07:34:10+00:00,KXDOTA2MAP-26SEP291200GLAUR-2,dota,Aurora,GamerLegion,2,map,2026-10-01T16:00:00Z,0.07,0.91,,
KXDOTA2MAP-26SEP291200GLAUR-1-GL,2026-09-26T07:34:10+00:00,KXDOTA2MAP-26SEP291200GLAUR-1,dota,GamerLegion,Aurora,1,map,2026-10-01T16:00:00Z,0.07,0.91,,
KXDOTA2MAP-26SEP291200GLAUR-1-AUR,2026-09-26T07:34:10+00:00,KXDOTA2MAP-26SEP291200GLAUR-1,dota,Aurora,GamerLegion,1,map,2026-10-01T16:00:00Z,0.07,0.91,,
KXDOTA2MAP-26SEP290900XTREMELGD-2-XTREME,2026-09-26T07:34:10+00:00,KXDOTA2MAP-26SEP290900XTREMELGD-2,dota,Xtreme Gaming,LGD Gaming,2,map,2026-10-01T13:00:00Z,0.06,0.93,,0.4030214698580773
KXDOTA2MAP-26SEP290900XTREMELGD-2-LGD,2026-09-26T07:34:10+00:00,KXDOTA2MAP-26SEP290900XTREMELGD-2,dota,LGD Gaming,Xtreme Gaming,2,map,2026-10-01T13:00:00Z,0.06,0.93,,0.5878491072353347
KXDOTA2MAP-26SEP290900XTREMELGD-1-XTREME,2026-09-26T07:34:10+00:00,KXDOTA2MAP-26SEP290900XTREMELGD-1,dota,Xtreme Gaming,LGD Gaming,1,map,2026-10-01T13:00:00Z,0.07,0.48,,0.4030214698580773
KXDOTA2MAP-26SEP290900XTREMELGD-1-LGD,2026-09-26T07:34:10+00:00,KXDOTA2MAP-26SEP290900XTREMELGD-1,dota,LGD Gaming,Xtreme Gaming,1,map,2026-10-01T13:00:00Z,0.52,0.91,,0.5878491072353347
KXDOTA2MAP-26SEP290900NAVI1WIN-2-NAVI,2026-09-26T07:34:10+00:00,KXDOTA2MAP-26SEP290900NAVI1WIN-2,dota,Natus Vincere,1win,2,map,2026-10-01T13:00:00Z,0.06,0.94,,
KXDOTA2MAP-26SEP290900NAVI1WIN-2-1WIN,2026-09-26T07:34:10+00:00,KXDOTA2MAP-26SEP290900NAVI1WIN-2,dota,1win,Natus Vincere,2,map,2026-10-01T13:00:00Z,0.06,0.94,,
KXDOTA2MAP-26SEP290900NAVI1WIN-1-NAVI,2026-09-26T07:34:10+00:00,KXDOTA2MAP-26SEP290900NAVI1WIN-1,dota,Natus Vincere,1win,1,map,2026-10-01T13:00:00Z,0.06,0.94,,
KXDOTA2MAP-26SEP290900NAVI1WIN-1-1WIN,2026-09-26T07:34:10+00:00,KXDOTA2MAP-26SEP290900NAVI1WIN-1,dota,1win,Natus Vincere,1,map,2026-10-01T13:00:00Z,0.06,0.94,,
KXDOTA2MAP-26SEP290600NEMTS-2-TS,2026-09-26T07:34:10+00:00,KXDOTA2MAP-26SEP290600NEMTS-2,dota,Team Spirit,Team Nemesis,2,map,2026-10-01T10:00:00Z,0.07,0.91,,0.7724787218785998
KXDOTA2MAP-26SEP290600NEMTS-2-NEM,2026-09-26T07:34:10+00:00,KXDOTA2MAP-26SEP290600NEMTS-2,dota,Team Nemesis,Team Spirit,2,map,2026-10-01T10:00:00Z,0.07,0.92,,0.23733073572032418
KXDOTA2MAP-26SEP290600NEMTS-1-TS,2026-09-26T07:34:10+00:00,KXDOTA2MAP-26SEP290600NEMTS-1,dota,Team Spirit,Team Nemesis,1,map,2026-10-01T10:00:00Z,0.07,0.91,,0.7724787218785998
KXDOTA2MAP-26SEP290600NEMTS-1-NEM,2026-09-26T07:34:10+00:00,KXDOTA2MAP-26SEP290600NEMTS-1,dota,Team Nemesis,Team Spirit,1,map,2026-10-01T10:00:00Z,0.07,0.91,,0.2347735670140946
KXDOTA2MAP-26SEP290600LVLUPPARI-2-PARI,2026-09-26T07:34:10+00:00,KXDOTA2MAP-26SEP290600LVLUPPARI-2,dota,PARIVISION,Level Up,2,map,2026-10-01T10:00:00Z,0.07,0.93,,0.8710532352584349
KXDOTA2MAP-26SEP290600LVLUPPARI-2-LVLUP,2026-09-26T07:34:10+00:00,KXDOTA2MAP-26SEP290600LVLUPPARI-2,dota,Level Up,PARIVISION,2,map,2026-10-01T10:00:00Z,0.07,0.91,,0.1427817601974739
KXDOTA2MAP-26SEP290600LVLUPPARI-1-PARI,2026-09-26T07:34:10+00:00,KXDOTA2MAP-26SEP290600LVLUPPARI-1,dota,PARIVISION,Level Up,1,map,2026-10-01T10:00:00Z,0.07,0.93,,0.8711058731389024
KXDOTA2MAP-26SEP290600LVLUPPARI-1-LVLUP,2026-09-26T07:34:10+00:00,KXDOTA2MAP-26SEP290600LVLUPPARI-1,dota,Level Up,PARIVISION,1,map,2026-10-01T10:00:00Z,0.07,0.91,,0.14118162992568017
KXDOTA2MAP-26SEP260900TYLGD-2-TY,2026-09-26T07:34:10+00:00,KXDOTA2MAP-26SEP260900TYLGD-2,dota,Team Yandex,LGD Gaming,2,map,2026-09-28T13:00:00Z,0.73,0.74,,0.6751419146680674
KXDOTA2MAP-26SEP260900TYLGD-2-LGD,2026-09-26T07:34:10+00:00,KXDOTA2MAP-26SEP260900TYLGD-2,dota,LGD Gaming,Team Yandex,2,map,2026-09-28T13:00:00Z,0.26,0.27,,0.2802902963495253
KXDOTA2MAP-26SEP260900TYLGD-1-TY,2026-09-26T07:34:10+00:00,KXDOTA2MAP-26SEP260900TYLGD-1,dota,Team Yandex,LGD Gaming,1,map,2026-09-28T13:00:00Z,0.73,0.75,,0.6751419146680674
KXDOTA2MAP-26SEP260900TYLGD-1-LGD,2026-09-26T07:34:10+00:00,KXDOTA2MAP-26SEP260900TYLGD-1,dota,LGD Gaming,Team Yandex,1,map,2026-09-28T13:00:00Z,0.26,0.27,,0.2802902963495253
KXDOTA2MAP-26SEP260600NAVIAUR-2-NAVI,2026-09-26T07:34:10+00:00,KXDOTA2MAP-26SEP260600NAVIAUR-2,dota,Natus Vincere,Aurora,2,map,2026-09-28T10:00:00Z,0.47,0.49,,
KXDOTA2MAP-26SEP260600NAVIAUR-2-AUR,2026-09-26T07:34:10+00:00,KXDOTA2MAP-26SEP260600NAVIAUR-2,dota,Aurora,Natus Vincere,2,map,2026-09-28T10:00:00Z,0.51,0.53,,
KXDOTA2MAP-26SEP260600NAVIAUR-1-NAVI,2026-09-26T07:34:10+00:00,KXDOTA2MAP-26SEP260600NAVIAUR-1,dota,Natus Vincere,Aurora,1,map,2026-09-28T10:00:00Z,0.47,0.49,,
KXDOTA2MAP-26SEP260600NAVIAUR-1-AUR,2026-09-26T07:34:10+00:00,KXDOTA2MAP-26SEP260600NAVIAUR-1,dota,Aurora,Natus Vincere,1,map,2026-09-28T10:00:00Z,0.5,0.53,,
KXDOTA2MAP-26SEP260600XTREMEGL-2-XTREME,2026-09-26T07:34:10+00:00,KXDOTA2MAP-26SEP260600XTREMEGL-2,dota,Xtreme Gaming,GamerLegion,2,map,2026-09-28T10:00:00Z,0.58,0.64,,0.5157016443630751
KXDOTA2MAP-26SEP260600XTREMEGL-2-GL,2026-09-26T07:34:10+00:00,KXDOTA2MAP-26SEP260600XTREMEGL-2,dota,GamerLegion,Xtreme Gaming,2,map,2026-09-28T10:00:00Z,0.35,0.42,,0.46797607504960853
KXDOTA2MAP-26SEP260600XTREMEGL-1-XTREME,2026-09-26T07:34:10+00:00,KXDOTA2MAP-26SEP260600XTREMEGL-1,dota,Xtreme Gaming,GamerLegion,1,map,2026-09-28T10:00:00Z,0.94,0.98,,0.5157016443630751
KXDOTA2MAP-26SEP260600XTREMEGL-1-GL,2026-09-26T07:34:10+00:00,KXDOTA2MAP-26SEP260600XTREMEGL-1,dota,GamerLegion,Xtreme Gaming,1,map,2026-09-28T10:00:00Z,,0.06,,0.46797607504960853
KXDOTA2MAP-26SEP260500IVOXE-2-XE,2026-09-26T07:34:10+00:00,KXDOTA2MAP-26SEP260500IVOXE-2,dota,Xipto Esports,Ivory,2,map,2026-09-28T09:00:00Z,0.46,0.66,,
KXDOTA2MAP-26SEP260500IVOXE-2-IVO,2026-09-26T07:34:10+00:00,KXDOTA2MAP-26SEP260500IVOXE-2,dota,Ivory,Xipto Esports,2,map,2026-09-28T09:00:00Z,0.28,0.53,,
KXDOTA2MAP-26SEP260500IVOXE-1-XE,2026-09-26T07:34:10+00:00,KXDOTA2MAP-26SEP260500IVOXE-1,dota,Xipto Esports,Ivory,1,map,2026-09-28T09:00:00Z,0.31,0.71,,
KXDOTA2MAP-26SEP260500IVOXE-1-IVO,2026-09-26T07:34:10+00:00,KXDOTA2MAP-26SEP260500IVOXE-1,dota,Ivory,Xipto Esports,1,map,2026-09-28T09:00:00Z,0.29,0.63,,
KXDOTA2MAP-26SEP280200XEYG-2-YG,2026-09-26T07:34:10+00:00,KXDOTA2MAP-26SEP280200XEYG-2,dota,Yangon Galacticos,Xipto Esports,2,map,2026-09-30T06:00:00Z,0.06,0.53,,
KXDOTA2MAP-26SEP280200XEYG-2-XE,2026-09-26T07:34:10+00:00,KXDOTA2MAP-26SEP280200XEYG-2,dota,Xipto Esports,Yangon Galacticos,2,map,2026-09-30T06:00:00Z,0.47,0.94,,
KXDOTA2MAP-26SEP280200XEYG-1-YG,2026-09-26T07:34:10+00:00,KXDOTA2MAP-26SEP280200XEYG-1,dota,Yangon Galacticos,Xipto Esports,1,map,2026-09-30T06:00:00Z,0.06,0.59,,
KXDOTA2MAP-26SEP280200XEYG-1-XE,2026-09-26T07:34:10+00:00,KXDOTA2MAP-26SEP280200XEYG-1,dota,Xipto Esports,Yangon Galacticos,1,map,2026-09-30T06:00:00Z,0.41,0.94,,
KXDOTA2MAP-26SEP272300KINDB-2-KIN,2026-09-26T07:34:10+00:00,KXDOTA2MAP-26SEP272300KINDB-2,dota,Team Kinetix,DIREBORN,2,map,2026-09-30T03:00:00Z,0.1,0.65,,0.4554760292950974
KXDOTA2MAP-26SEP272300KINDB-2-DB,2026-09-26T07:34:10+00:00,KXDOTA2MAP-26SEP272300KINDB-2,dota,DIREBORN,Team Kinetix,2,map,2026-09-30T03:00:00Z,0.35,0.9,,0.5797013693407522
KXDOTA2MAP-26SEP272300KINDB-1-KIN,2026-09-26T07:34:10+00:00,KXDOTA2MAP-26SEP272300KINDB-1,dota,Team Kinetix,DIREBORN,1,map,2026-09-30T03:00:00Z,0.09,0.64,,0.45240015942949713
KXDOTA2MAP-26SEP272300KINDB-1-DB,2026-09-26T07:34:10+00:00,KXDOTA2MAP-26SEP272300KINDB-1,dota,DIREBORN,Team Kinetix,1,map,2026-09-30T03:00:00Z,0.36,0.91,,0.5789021009429427
KXDOTA2MAP-26SEP262300XECLO-2-XE,2026-09-26T07:34:10+00:00,KXDOTA2MAP-26SEP262300XECLO-2,dota,Xipto Esports,Cloud Dawning,2,map,2026-09-29T03:00:00Z,0.27,0.83,,
KXDOTA2MAP-26SEP262300XECLO-2-CLO,2026-09-26T07:34:10+00:00,KXDOTA2MAP-26SEP262300XECLO-2,dota,Cloud Dawning,Xipto Esports,2,map,2026-09-29T03:00:00Z,0.17,0.73,,
KXDOTA2MAP-26SEP262300XECLO-1-XE,2026-09-26T07:34:10+00:00,KXDOTA2MAP-26SEP262300XECLO-1,dota,Xipto Esports,Cloud Dawning,1,map,2026-09-29T03:00:00Z,0.32,0.87,,
KXDOTA2MAP-26SEP262300XECLO-1-CLO,2026-09-26T07:34:10+00:00,KXDOTA2MAP-26SEP262300XECLO-1,dota,Cloud Dawning,Xipto Esports,1,map,2026-09-29T03:00:00Z,0.13,0.68,,
KXCS2MAP-26SEP262100FAROT-2-OT,2026-09-26T10:01:27+00:00,KXCS2MAP-26SEP262100FAROT-2,cs2,Overtake Sector,FarmVille,2,map,2026-09-29T01:00:00Z,0.28,0.55,,0.5196276523525021
KXCS2MAP-26SEP262100FAROT-2-FAR,2026-09-26T10:01:27+00:00,KXCS2MAP-26SEP262100FAROT-2,cs2,FarmVille,Overtake Sector,2,map,2026-09-29T01:00:00Z,0.45,0.71,,0.4713486187439504
KXCS2MAP-26SEP262100FAROT-1-OT,2026-09-26T10:01:27+00:00,KXCS2MAP-26SEP262100FAROT-1,cs2,Overtake Sector,FarmVille,1,map,2026-09-29T01:00:00Z,0.28,0.55,,0.5184317038881772
KXCS2MAP-26SEP262100FAROT-1-FAR,2026-09-26T10:01:27+00:00,KXCS2MAP-26SEP262100FAROT-1,cs2,FarmVille,Overtake Sector,1,map,2026-09-29T01:00:00Z,0.45,0.73,,0.4782112993691364
KXCS2MAP-26SEP262100DTNMAR-2-MAR,2026-09-26T10:01:27+00:00,KXCS2MAP-26SEP262100DTNMAR-2,cs2,Marsborne,DETONATE,2,map,2026-09-29T01:00:00Z,0.64,0.88,,0.767148725871058
KXCS2MAP-26SEP262100DTNMAR-2-DTN,2026-09-26T10:01:27+00:00,KXCS2MAP-26SEP262100DTNMAR-2,cs2,DETONATE,Marsborne,2,map,2026-09-29T01:00:00Z,0.08,0.36,,0.2390348541729987
KXCS2MAP-26SEP262100DTNMAR-1-MAR,2026-09-26T10:01:27+00:00,KXCS2MAP-26SEP262100DTNMAR-1,cs2,Marsborne,DETONATE,1,map,2026-09-29T01:00:00Z,0.64,0.89,,0.7675643997762491
KXCS2MAP-26SEP262100DTNMAR-1-DTN,2026-09-26T10:01:27+00:00,KXCS2MAP-26SEP262100DTNMAR-1,cs2,DETONATE,Marsborne,1,map,2026-09-29T01:00:00Z,0.11,0.36,,0.24101171728496842
KXCS2MAP-26SEP272100LAGREGAIN-2-REGAIN,2026-09-26T10:01:27+00:00,KXCS2MAP-26SEP272100LAGREGAIN-2,cs2,regain,LAG Gaming,2,map,2026-09-30T01:00:00Z,0.12,0.67,,
KXCS2MAP-26SEP272100LAGREGAIN-2-LAG,2026-09-26T10:01:27+00:00,KXCS2MAP-26SEP272100LAGREGAIN-2,cs2,LAG Gaming,regain,2,map,2026-09-30T01:00:00Z,0.33,0.88,,
KXCS2MAP-26SEP272100LAGREGAIN-1-REGAIN,2026-09-26T10:01:27+00:00,KXCS2MAP-26SEP272100LAGREGAIN-1,cs2,regain,LAG Gaming,1,map,2026-09-30T01:00:00Z,0.13,0.68,,
KXCS2MAP-26SEP272100LAGREGAIN-1-LAG,2026-09-26T10:01:27+00:00,KXCS2MAP-26SEP272100LAGREGAIN-1,cs2,LAG Gaming,regain,1,map,2026-09-30T01:00:00Z,0.32,0.87,,
KXCS2MAP-26SEP271800MIRAALKAA-2-MIRA,2026-09-26T10:01:27+00:00,KXCS2MAP-26SEP271800MIRAALKAA-2,cs2,Mira,ALKA,2,map,2026-09-29T22:00:00Z,0.09,0.64,,0.33454788589066786
KXCS2MAP-26SEP271800MIRAALKAA-2-ALKAA,2026-09-26T10:01:27+00:00,KXCS2MAP-26SEP271800MIRAALKAA-2,cs2,ALKA,Mira,2,map,2026-09-29T22:00:00Z,0.36,0.91,,0.6548964470669552
KXCS2MAP-26SEP271800MIRAALKAA-1-MIRA,2026-09-26T10:01:27+00:00,KXCS2MAP-26SEP271800MIRAALKAA-1,cs2,Mira,ALKA,1,map,2026-09-29T22:00:00Z,0.08,0.63,,0.3346826871585122
KXCS2MAP-26SEP271800MIRAALKAA-1-ALKAA,2026-09-26T10:01:27+00:00,KXCS2MAP-26SEP271800MIRAALKAA-1,cs2,ALKA,Mira,1,map,2026-09-29T22:00:00Z,0.37,0.92,,0.6618330448064628
KXCS2MAP-26SEP271200MIBRMW-2-MW,2026-09-26T10:01:27+00:00,KXCS2MAP-26SEP271200MIBRMW-2,cs2,METANOIA Wolves,MIBR fe,2,map,2026-09-29T16:00:00Z,0.09,0.93,,0.4570278103915659
KXCS2MAP-26SEP271200MIBRMW-2-MIBR,2026-09-26T10:01:27+00:00,KXCS2MAP-26SEP271200MIBRMW-2,cs2,MIBR fe,METANOIA Wolves,2,map,2026-09-29T16:00:00Z,0.06,0.94,,0.5379840093846268
KXCS2MAP-26SEP271200MIBRMW-1-MW,2026-09-26T10:01:27+00:00,KXCS2MAP-26SEP271200MIBRMW-1,cs2,METANOIA Wolves,MIBR fe,1,map,2026-09-29T16:00:00Z,0.06,0.94,,0.45995957820506533
KXCS2MAP-26SEP271200MIBRMW-1-MIBR,2026-09-26T10:01:27+00:00,KXCS2MAP-26SEP271200MIBRMW-1,cs2,MIBR fe,METANOIA Wolves,1,map,2026-09-29T16:00:00Z,0.06,0.94,,0.5427614307072125
KXCS2MAP-26SEP270900SEMCHAMA-2-SEM,2026-09-26T10:01:27+00:00,KXCS2MAP-26SEP270900SEMCHAMA-2,cs2,Semente do Mal,BORRACHEIROS,2,map,2026-09-29T13:00:00Z,0.12,0.67,,
KXCS2MAP-26SEP270900SEMCHAMA-2-CHAMA,2026-09-26T10:01:27+00:00,KXCS2MAP-26SEP270900SEMCHAMA-2,cs2,BORRACHEIROS,Semente do Mal,2,map,2026-09-29T13:00:00Z,0.33,0.88,,
KXCS2MAP-26SEP270900SEMCHAMA-1-SEM,2026-09-26T10:01:27+00:00,KXCS2MAP-26SEP270900SEMCHAMA-1,cs2,Semente do Mal,BORRACHEIROS,1,map,2026-09-29T13:00:00Z,0.11,0.66,,
KXCS2MAP-26SEP270900SEMCHAMA-1-CHAMA,2026-09-26T10:01:27+00:00,KXCS2MAP-26SEP270900SEMCHAMA-1,cs2,BORRACHEIROS,Semente do Mal,1,map,2026-09-29T13:00:00Z,0.34,0.89,,
KXCS2MAP-26SEP261800PLDGRE-2-PLD,2026-09-26T10:01:27+00:00,KXCS2MAP-26SEP261800PLDGRE-2,cs2,Peladona,Gremio Esports,2,map,2026-09-28T22:00:00Z,0.56,0.73,,
KXCS2MAP-26SEP261800PLDGRE-2-GRE,2026-09-26T10:01:27+00:00,KXCS2MAP-26SEP261800PLDGRE-2,cs2,Gremio Esports,Peladona,2,map,2026-09-28T22:00:00Z,0.27,0.43,,
KXCS2MAP-26SEP261800PLDGRE-1-PLD,2026-09-26T10:01:27+00:00,KXCS2MAP-26SEP261800PLDGRE-1,cs2,Peladona,Gremio Esports,1,map,2026-09-28T22:00:00Z,0.56,0.74,,
KXCS2MAP-26SEP261800PLDGRE-1-GRE,2026-09-26T10:01:27+00:00,KXCS2MAP-26SEP261800PLDGRE-1,cs2,Gremio Esports,Peladona,1,map,2026-09-28T22:00:00Z,0.26,0.44,,
KXCS2MAP-26SEP261500MEIQUIN-2-QUIN,2026-09-26T10:01:27+00:00,KXCS2MAP-26SEP261500MEIQUIN-2,cs2,QUINTESSENCIA,MEIA NOITE,2,map,2026-09-28T19:00:00Z,0.46,0.6,,
KXCS2MAP-26SEP261500MEIQUIN-2-MEI,2026-09-26T10:01:27+00:00,KXCS2MAP-26SEP261500MEIQUIN-2,cs2,MEIA NOITE,QUINTESSENCIA,2,map,2026-09-28T19:00:00Z,0.4,0.54,,
KXCS2MAP-26SEP261500MEIQUIN-1-QUIN,2026-09-26T10:01:27+00:00,KXCS2MAP-26SEP261500MEIQUIN-1,cs2,QUINTESSENCIA,MEIA NOITE,1,map,2026-09-28T19:00:00Z,0.46,0.6,,
KXCS2MAP-26SEP261500MEIQUIN-1-MEI,2026-09-26T10:01:27+00:00,KXCS2MAP-26SEP261500MEIQUIN-1,cs2,MEIA NOITE,QUINTESSENCIA,1,map,2026-09-28T19:00:00Z,0.4,0.54,,
KXCS2MAP-26SEP261300M80VOC-2-VOC,2026-09-26T10:01:27+00:00,KXCS2MAP-26SEP261300M80VOC-2,cs2,Voca,M80,2,map,2026-09-28T17:00:00Z,0.35,0.38,,0.46166747670306363
KXCS2MAP-26SEP261300M80VOC-2-M80,2026-09-26T10:01:27+00:00,KXCS2MAP-26SEP261300M80VOC-2,cs2,M80,Voca,2,map,2026-09-28T17:00:00Z,0.64,0.65,,0.5828367195032014
KXCS2MAP-26SEP261300M80VOC-1-VOC,2026-09-26T10:01:27+00:00,KXCS2MAP-26SEP261300M80VOC-1,cs2,Voca,M80,1,map,2026-09-28T17:00:00Z,0.34,0.48,,0.46166747670306363
KXCS2MAP-26SEP261300M80VOC-1-M80,2026-09-26T10:01:27+00:00,KXCS2MAP-26SEP261300M80VOC-1,cs2,M80,Voca,1,map,2026-09-28T17:00:00Z,0.52,0.66,,0.5828367195032014
KXCS2MAP-26SEP261200YOUZET-2-ZET,2026-09-26T10:01:27+00:00,KXCS2MAP-26SEP261200YOUZET-2,cs2,Zetta Games,your end,2,map,2026-09-28T16:00:00Z,0.15,0.8,,
KXCS2MAP-26SEP261200YOUZET-2-YOU,2026-09-26T10:01:27+00:00,KXCS2MAP-26SEP261200YOUZET-2,cs2,your end,Zetta Games,2,map,2026-09-28T16:00:00Z,0.15,0.85,,
KXCS2MAP-26SEP261200YOUZET-1-ZET,2026-09-26T10:01:27+00:00,KXCS2MAP-26SEP261200YOUZET-1,cs2,Zetta Games,your end,1,map,2026-09-28T16:00:00Z,0.15,0.8,,
KXCS2MAP-26SEP261200YOUZET-1-YOU,2026-09-26T10:01:27+00:00,KXCS2MAP-26SEP261200YOUZET-1,cs2,your end,Zetta Games,1,map,2026-09-28T16:00:00Z,0.06,0.85,,
KXCS2MAP-26SEP261700YAWMW-2-YAW,2026-09-26T10:01:27+00:00,KXCS2MAP-26SEP261700YAWMW-2,cs2,Yawara Esports,METANOIA Wolves,2,map,2026-09-28T21:00:00Z,0.61,0.74,,
KXCS2MAP-26SEP261700YAWMW-2-MW,2026-09-26T10:01:27+00:00,KXCS2MAP-26SEP261700YAWMW-2,cs2,METANOIA Wolves,Yawara Esports,2,map,2026-09-28T21:00:00Z,0.26,0.3,,
KXCS2MAP-26SEP261700YAWMW-1-YAW,2026-09-26T10:01:27+00:00,KXCS2MAP-26SEP261700YAWMW-1,cs2,Yawara Esports,METANOIA Wolves,1,map,2026-09-28T21:00:00Z,0.71,0.74,,
KXCS2MAP-26SEP261700YAWMW-1-MW,2026-09-26T10:01:27+00:00,KXCS2MAP-26SEP261700YAWMW-1,cs2,METANOIA Wolves,Yawara Esports,1,map,2026-09-28T21:00:00Z,0.26,0.29,,
KXCS2MAP-26SEP261700ALKAATDP-2-TDP,2026-09-26T10:01:27+00:00,KXCS2MAP-26SEP261700ALKAATDP-2,cs2,Turma do Pagode,ALKA,2,map,2026-09-28T21:00:00Z,0.65,0.69,,0.49025783220626457
KXCS2MAP-26SEP261700ALKAATDP-2-ALKAA,2026-09-26T10:01:27+00:00,KXCS2MAP-26SEP261700ALKAATDP-2,cs2,ALKA,Turma do Pagode,2,map,2026-09-28T21:00:00Z,0.31,0.35,,0.5340474038689966
KXCS2MAP-26SEP261700ALKAATDP-1-TDP,2026-09-26T10:01:27+00:00,KXCS2MAP-26SEP261700ALKAATDP-1,cs2,Turma do Pagode,ALKA,1,map,2026-09-28T21:00:00Z,0.64,0.69,,0.49025783220626457
KXCS2MAP-26SEP261700ALKAATDP-1-ALKAA,2026-09-26T10:01:27+00:00,KXCS2MAP-26SEP261700ALKAATDP-1,cs2,ALKA,Turma do Pagode,1,map,2026-09-28T21:00:00Z,0.31,0.36,,0.5330587051412393
KXCS2MAP-26SEP261300NRGWC-2-WC,2026-09-26T10:01:27+00:00,KXCS2MAP-26SEP261300NRGWC-2,cs2,Wildcard,NRG,2,map,2026-09-28T17:00:00Z,0.36,0.4,,0.38043740254989983
KXCS2MAP-26SEP261300NRGWC-2-NRG,2026-09-26T10:01:27+00:00,KXCS2MAP-26SEP261300NRGWC-2,cs2,NRG,Wildcard,2,map,2026-09-28T17:00:00Z,0.6,0.64,,0.6338338919851675
KXCS2MAP-26SEP261300NRGWC-1-WC,2026-09-26T10:01:27+00:00,KXCS2MAP-26SEP261300NRGWC-1,cs2,Wildcard,NRG,1,map,2026-09-28T17:00:00Z,0.37,0.42,,0.38043740254989983
KXCS2MAP-26SEP261300NRGWC-1-NRG,2026-09-26T10:01:27+00:00,KXCS2MAP-26SEP261300NRGWC-1,cs2,NRG,Wildcard,1,map,2026-09-28T17:00:00Z,0.58,0.63,,0.6327213061749863
KXCS2MAP-26SEP260945FORZERBAN-2-FORZER,2026-09-26T10:01:27+00:00,KXCS2MAP-26SEP260945FORZERBAN-2,cs2,FORZE Reload,Banda LFO,2,map,2026-09-28T13:45:00Z,0.06,0.93,,
KXCS2MAP-26SEP260945FORZERBAN-2-BAN,2026-09-26T10:01:27+00:00,KXCS2MAP-26SEP260945FORZERBAN-2,cs2,Banda LFO,FORZE Reload,2,map,2026-09-28T13:45:00Z,0.1,0.88,,
KXCS2MAP-26SEP260945FORZERBAN-1-FORZER,2026-09-26T10:01:27+00:00,KXCS2MAP-26SEP260945FORZERBAN-1,cs2,FORZE Reload,Banda LFO,1,map,2026-09-28T13:45:00Z,0.06,0.94,,
KXCS2MAP-26SEP260945FORZERBAN-1-BAN,2026-09-26T10:01:27+00:00,KXCS2MAP-26SEP260945FORZERBAN-1,cs2,Banda LFO,FORZE Reload,1,map,2026-09-28T13:45:00Z,0.07,0.92,,
KXCS2MAP-26SEP271700PROGLS-2-PRO,2026-09-26T10:01:27+00:00,KXCS2MAP-26SEP271700PROGLS-2,cs2,Procyon Gaming,Galorys,2,map,2026-09-29T21:00:00Z,0.16,0.72,,
KXCS2MAP-26SEP271700PROGLS-2-GLS,2026-09-26T10:01:27+00:00,KXCS2MAP-26SEP271700PROGLS-2,cs2,Galorys,Procyon Gaming,2,map,2026-09-29T21:00:00Z,0.28,0.83,,
KXCS2MAP-26SEP271700PROGLS-1-PRO,2026-09-26T10:01:27+00:00,KXCS2MAP-26SEP271700PROGLS-1,cs2,Procyon Gaming,Galorys,1,map,2026-09-29T21:00:00Z,0.15,0.7,,
KXCS2MAP-26SEP271700PROGLS-1-GLS,2026-09-26T10:01:27+00:00,KXCS2MAP-26SEP271700PROGLS-1,cs2,Galorys,Procyon Gaming,1,map,2026-09-29T21:00:00Z,0.3,0.85,,
KXCS2MAP-26SEP261400GLMGC-2-MGC,2026-09-26T10:01:27+00:00,KXCS2MAP-26SEP261400GLMGC-2,cs2,magic,GamerLegion,2,map,2026-09-28T18:00:00Z,0.44,0.6,,0.5729629279218365
KXCS2MAP-26SEP261400GLMGC-2-GL,2026-09-26T10:01:27+00:00,KXCS2MAP-26SEP261400GLMGC-2,cs2,GamerLegion,magic,2,map,2026-09-28T18:00:00Z,0.4,0.56,,0.40580187796288525
KXCS2MAP-26SEP261400GLMGC-1-MGC,2026-09-26T10:01:27+00:00,KXCS2MAP-26SEP261400GLMGC-1,cs2,magic,GamerLegion,1,map,2026-09-28T18:00:00Z,0.45,0.6,,0.5762228061417322
KXCS2MAP-26SEP261400GLMGC-1-GL,2026-09-26T10:01:27+00:00,KXCS2MAP-26SEP261400GLMGC-1,cs2,GamerLegion,magic,1,map,2026-09-28T18:00:00Z,0.4,0.55,,0.4074298200225065
KXCS2MAP-26SEP260800K27EYE-2-K27,2026-09-26T10:01:27+00:00,KXCS2MAP-26SEP260800K27EYE-2,cs2,K27,EYEBALLERS,2,map,2026-09-28T12:00:00Z,0.55,0.73,,0.6201600044451135
KXCS2MAP-26SEP260800K27EYE-2-EYE,2026-09-26T10:01:27+00:00,KXCS2MAP-26SEP260800K27EYE-2,cs2,EYEBALLERS,K27,2,map,2026-09-28T12:00:00Z,0.27,0.45,,0.3559025016925329
KXCS2MAP-26SEP260800K27EYE-1-K27,2026-09-26T10:01:27+00:00,KXCS2MAP-26SEP260800K27EYE-1,cs2,K27,EYEBALLERS,1,map,2026-09-28T12:00:00Z,0.61,0.65,,0.619030843381197
KXCS2MAP-26SEP260800K27EYE-1-EYE,2026-09-26T10:01:27+00:00,KXCS2MAP-26SEP260800K27EYE-1,cs2,EYEBALLERS,K27,1,map,2026-09-28T12:00:00Z,0.35,0.39,,0.35839068285629416
KXCS2MAP-26SEP281500QUINBSTA-2-QUIN,2026-09-26T10:01:27+00:00,KXCS2MAP-26SEP281500QUINBSTA-2,cs2,QUINTESSENCIA,BESTIA Academy,2,map,2026-09-30T19:00:00Z,0.34,0.89,,
KXCS2MAP-26SEP281500QUINBSTA-2-BSTA,2026-09-26T10:01:27+00:00,KXCS2MAP-26SEP281500QUINBSTA-2,cs2,BESTIA Academy,QUINTESSENCIA,2,map,2026-09-30T19:00:00Z,0.11,0.66,,
KXCS2MAP-26SEP281500QUINBSTA-1-QUIN,2026-09-26T10:01:27+00:00,KXCS2MAP-26SEP281500QUINBSTA-1,cs2,QUINTESSENCIA,BESTIA Academy,1,map,2026-09-30T19:00:00Z,0.35,0.9,,
KXCS2MAP-26SEP281500QUINBSTA-1-BSTA,2026-09-26T10:01:27+00:00,KXCS2MAP-26SEP281500QUINBSTA-1,cs2,BESTIA Academy,QUINTESSENCIA,1,map,2026-09-30T19:00:00Z,0.1,0.65,,
KXCS2MAP-26SEP281400PANDUCKS-2-PAN,2026-09-26T10:01:27+00:00,KXCS2MAP-26SEP281400PANDUCKS-2,cs2,Pandaric eSports,Playing Ducks,2,map,2026-09-30T18:00:00Z,0.06,0.94,,
KXCS2MAP-26SEP281400PANDUCKS-2-DUCKS,2026-09-26T10:01:27+00:00,KXCS2MAP-26SEP281400PANDUCKS-2,cs2,Playing Ducks,Pandaric eSports,2,map,2026-09-30T18:00:00Z,0.07,0.93,,
KXCS2MAP-26SEP281400PANDUCKS-1-PAN,2026-09-26T10:01:27+00:00,KXCS2MAP-26SEP281400PANDUCKS-1,cs2,Pandaric eSports,Playing Ducks,1,map,2026-09-30T18:00:00Z,0.06,0.94,,
KXCS2MAP-26SEP281400PANDUCKS-1-DUCKS,2026-09-26T10:01:27+00:00,KXCS2MAP-26SEP281400PANDUCKS-1,cs2,Playing Ducks,Pandaric eSports,1,map,2026-09-30T18:00:00Z,0.09,0.93,,
KXCS2MAP-26SEP281400LEIBIGA-2-LEI,2026-09-26T10:01:27+00:00,KXCS2MAP-26SEP281400LEIBIGA-2,cs2,Team LEISURE,BIG Academy,2,map,2026-09-30T18:00:00Z,0.06,0.94,,
KXCS2MAP-26SEP281400LEIBIGA-2-BIGA,2026-09-26T10:01:27+00:00,KXCS2MAP-26SEP281400LEIBIGA-2,cs2,BIG Academy,Team LEISURE,2,map,2026-09-30T18:00:00Z,0.07,0.93,,
KXCS2MAP-26SEP281400LEIBIGA-1-LEI,2026-09-26T10:01:27+00:00,KXCS2MAP-26SEP281400LEIBIGA-1,cs2,Team LEISURE,BIG Academy,1,map,2026-09-30T18:00:00Z,0.06,0.93,,
KXCS2MAP-26SEP281400LEIBIGA-1-BIGA,2026-09-26T10:01:27+00:00,KXCS2MAP-26SEP281400LEIBIGA-1,cs2,BIG Academy,Team LEISURE,1,map,2026-09-30T18:00:00Z,0.1,0.93,,
KXCS2MAP-26SEP281200SSPBLU-2-SSP,2026-09-26T10:01:27+00:00,KXCS2MAP-26SEP281200SSPBLU-2,cs2,Sissi State Punks,BLUEJAYS.de,2,map,2026-09-30T16:00:00Z,0.06,0.94,,
KXCS2MAP-26SEP281200SSPBLU-2-BLU,2026-09-26T10:01:27+00:00,KXCS2MAP-26SEP281200SSPBLU-2,cs2,BLUEJAYS.de,Sissi State Punks,2,map,2026-09-30T16:00:00Z,0.07,0.93,,
KXCS2MAP-26SEP281200SSPBLU-1-SSP,2026-09-26T10:01:27+00:00,KXCS2MAP-26SEP281200SSPBLU-1,cs2,Sissi State Punks,BLUEJAYS.de,1,map,2026-09-30T16:00:00Z,0.06,0.93,,
KXCS2MAP-26SEP281200SSPBLU-1-BLU,2026-09-26T10:01:27+00:00,KXCS2MAP-26SEP281200SSPBLU-1,cs2,BLUEJAYS.de,Sissi State Punks,1,map,2026-09-30T16:00:00Z,0.11,0.86,,
KXCS2MAP-26SEP280630OLDXI-2-XI,2026-09-26T10:01:27+00:00,KXCS2MAP-26SEP280630OLDXI-2,cs2,XI Esport,OldMix,2,map,2026-09-30T10:30:00Z,0.06,0.93,,
KXCS2MAP-26SEP280630OLDXI-2-OLD,2026-09-26T10:01:27+00:00,KXCS2MAP-26SEP280630OLDXI-2,cs2,OldMix,XI Esport,2,map,2026-09-30T10:30:00Z,0.06,0.94,,
KXCS2MAP-26SEP280630OLDXI-1-XI,2026-09-26T10:01:27+00:00,KXCS2MAP-26SEP280630OLDXI-1,cs2,XI Esport,OldMix,1,map,2026-09-30T10:30:00Z,0.06,0.93,,
KXCS2MAP-26SEP280630OLDXI-1-OLD,2026-09-26T10:01:27+00:00,KXCS2MAP-26SEP280630OLDXI-1,cs2,OldMix,XI Esport,1,map,2026-09-30T10:30:00Z,0.06,0.94,,
KXCS2MAP-26SEP280400EFATTBS-2-TTBS,2026-09-26T10:01:27+00:00,KXCS2MAP-26SEP280400EFATTBS-2,cs2,Teletubisie,Eternal Fire Academy,2,map,2026-09-30T08:00:00Z,0.07,0.94,,0.7507587802729035
KXCS2MAP-26SEP280400EFATTBS-2-EFA,2026-09-26T10:01:27+00:00,KXCS2MAP-26SEP280400EFATTBS-2,cs2,Eternal Fire Academy,Teletubisie,2,map,2026-09-30T08:00:00Z,0.06,0.94,,0.22718659242910408
KXCS2MAP-26SEP280400EFATTBS-1-TTBS,2026-09-26T10:01:27+00:00,KXCS2MAP-26SEP280400EFATTBS-1,cs2,Teletubisie,Eternal Fire Academy,1,map,2026-09-30T08:00:00Z,0.08,0.94,,0.7515479906275881
KXCS2MAP-26SEP280400EFATTBS-1-EFA,2026-09-26T10:01:27+00:00,KXCS2MAP-26SEP280400EFATTBS-1,cs2,Eternal Fire Academy,Teletubisie,1,map,2026-09-30T08:00:00Z,0.06,0.94,,0.23096479586194144
KXCS2MAP-26SEP261400OTLILMIX-2-OT,2026-09-26T10:01:27+00:00,KXCS2MAP-26SEP261400OTLILMIX-2,cs2,overTIME,Lilmix,2,map,2026-09-28T18:00:00Z,0.07,0.94,,0.6341751678947884
KXCS2MAP-26SEP261400OTLILMIX-2-LILMIX,2026-09-26T10:01:27+00:00,KXCS2MAP-26SEP261400OTLILMIX-2,cs2,Lilmix,overTIME,2,map,2026-09-28T18:00:00Z,0.07,0.93,,0.3557603571244769
KXCS2MAP-26SEP261400OTLILMIX-1-OT,2026-09-26T10:01:27+00:00,KXCS2MAP-26SEP261400OTLILMIX-1,cs2,overTIME,Lilmix,1,map,2026-09-28T18:00:00Z,0.06,0.88,,0.6411390698419497
KXCS2MAP-26SEP261400OTLILMIX-1-LILMIX,2026-09-26T10:01:27+00:00,KXCS2MAP-26SEP261400OTLILMIX-1,cs2,Lilmix,overTIME,1,map,2026-09-28T18:00:00Z,0.08,0.87,,0.3585282141445715
KXCS2MAP-26SEP261200INFG1-2-INF,2026-09-26T10:01:27+00:00,KXCS2MAP-26SEP261200INFG1-2,cs2,INFINITE,GenOne,2,map,2026-09-28T16:00:00Z,0.4,0.52,,0.37426158012342386
KXCS2MAP-26SEP261200INFG1-2-G1,2026-09-26T10:01:27+00:00,KXCS2MAP-26SEP261200INFG1-2,cs2,GenOne,INFINITE,2,map,2026-09-28T16:00:00Z,0.49,0.6,,0.5943261041629927
KXCS2MAP-26SEP261200INFG1-1-INF,2026-09-26T10:01:27+00:00,KXCS2MAP-26SEP261200INFG1-1,cs2,INFINITE,GenOne,1,map,2026-09-28T16:00:00Z,0.4,0.52,,0.3723664338882411
KXCS2MAP-26SEP261200INFG1-1-G1,2026-09-26T10:01:27+00:00,KXCS2MAP-26SEP261200INFG1-1,cs2,GenOne,INFINITE,1,map,2026-09-28T16:00:00Z,0.49,0.6,,0.5999501224201169
KXCS2MAP-26SEP260800BMBEAC-2-EAC,2026-09-26T10:01:27+00:00,KXCS2MAP-26SEP260800BMBEAC-2,cs2,Esport Academy Copenhagen,BASEMENT BOYS,2,map,2026-09-28T12:00:00Z,0.49,0.58,,
KXCS2MAP-26SEP260800BMBEAC-2-BMB,2026-09-26T10:01:27+00:00,KXCS2MAP-26SEP260800BMBEAC-2,cs2,BASEMENT BOYS,Esport Academy Copenhagen,2,map,2026-09-28T12:00:00Z,0.41,0.51,,
KXCS2MAP-26SEP260800BMBEAC-1-EAC,2026-09-26T10:01:27+00:00,KXCS2MAP-26SEP260800BMBEAC-1,cs2,Esport Academy Copenhagen,BASEMENT BOYS,1,map,2026-09-28T12:00:00Z,0.19,0.6,,
KXCS2MAP-26SEP260800BMBEAC-1-BMB,2026-09-26T10:01:27+00:00,KXCS2MAP-26SEP260800BMBEAC-1,cs2,BASEMENT BOYS,Esport Academy Copenhagen,1,map,2026-09-28T12:00:00Z,0.4,0.57,,
KXCS2MAP-26SEP270945ILLPHAC-2-PHAC,2026-09-26T10:01:27+00:00,KXCS2MAP-26SEP270945ILLPHAC-2,cs2,Phantom Academy,Illyrians,2,map,2026-09-29T13:45:00Z,0.14,0.69,,0.4258311955197277
KXCS2MAP-26SEP270945ILLPHAC-2-ILL,2026-09-26T10:01:27+00:00,KXCS2MAP-26SEP270945ILLPHAC-2,cs2,Illyrians,Phantom Academy,2,map,2026-09-29T13:45:00Z,0.31,0.86,,0.5670786419097462
KXCS2MAP-26SEP270945ILLPHAC-1-PHAC,2026-09-26T10:01:27+00:00,KXCS2MAP-26SEP270945ILLPHAC-1,cs2,Phantom Academy,Illyrians,1,map,2026-09-29T13:45:00Z,0.13,0.68,,0.42801958838859266
KXCS2MAP-26SEP270945ILLPHAC-1-ILL,2026-09-26T10:01:27+00:00,KXCS2MAP-26SEP270945ILLPHAC-1,cs2,Illyrians,Phantom Academy,1,map,2026-09-29T13:45:00Z,0.32,0.87,,0.5681148843343692
KXCS2MAP-26SEP270945BIGAMAI-2-MAI,2026-09-26T10:01:27+00:00,KXCS2MAP-26SEP270945BIGAMAI-2,cs2,Mai Tai,BIG Academy,2,map,2026-09-29T13:45:00Z,0.27,0.83,,0.2414560437039491
KXCS2MAP-26SEP270945BIGAMAI-2-BIGA,2026-09-26T10:01:27+00:00,KXCS2MAP-26SEP270945BIGAMAI-2,cs2,BIG Academy,Mai Tai,2,map,2026-09-29T13:45:00Z,0.18,0.73,,0.7412827840208684
KXCS2MAP-26SEP270945BIGAMAI-1-MAI,2026-09-26T10:01:27+00:00,KXCS2MAP-26SEP270945BIGAMAI-1,cs2,Mai Tai,BIG Academy,1,map,2026-09-29T13:45:00Z,0.28,0.84,,0.2434465245663193
KXCS2MAP-26SEP270945BIGAMAI-1-BIGA,2026-09-26T10:01:27+00:00,KXCS2MAP-26SEP270945BIGAMAI-1,cs2,BIG Academy,Mai Tai,1,map,2026-09-29T13:45:00Z,0.16,0.72,,0.7405144348663752
KXCS2MAP-26SEP270700TRAMEG-2-TRA,2026-09-26T10:01:27+00:00,KXCS2MAP-26SEP270700TRAMEG-2,cs2,train launcher,megoshort,2,map,2026-09-29T11:00:00Z,0.23,0.79,,0.3793817520396786
KXCS2MAP-26SEP270700TRAMEG-2-MEG,2026-09-26T10:01:27+00:00,KXCS2MAP-26SEP270700TRAMEG-2,cs2,megoshort,train launcher,2,map,2026-09-29T11:00:00Z,0.21,0.77,,0.5339635778683215
KXCS2MAP-26SEP270700TRAMEG-1-TRA,2026-09-26T10:01:27+00:00,KXCS2MAP-26SEP270700TRAMEG-1,cs2,train launcher,megoshort,1,map,2026-09-29T11:00:00Z,0.23,0.79,,0.3800389528862005
KXCS2MAP-26SEP270700TRAMEG-1-MEG,2026-09-26T10:01:27+00:00,KXCS2MAP-26SEP270700TRAMEG-1,cs2,megoshort,train launcher,1,map,2026-09-29T11:00:00Z,0.21,0.77,,0.5359921855730155
KXCS2MAP-26SEP270700EPMOR-2-MOR,2026-09-26T10:01:27+00:00,KXCS2MAP-26SEP270700EPMOR-2,cs2,MORROW,eternal premium,2,map,2026-09-29T11:00:00Z,0.14,0.69,,
KXCS2MAP-26SEP270700EPMOR-2-EP,2026-09-26T10:01:27+00:00,KXCS2MAP-26SEP270700EPMOR-2,cs2,eternal premium,MORROW,2,map,2026-09-29T11:00:00Z,0.31,0.86,,
KXCS2MAP-26SEP270700EPMOR-1-MOR,2026-09-26T10:01:27+00:00,KXCS2MAP-26SEP270700EPMOR-1,cs2,MORROW,eternal premium,1,map,2026-09-29T11:00:00Z,0.13,0.68,,
KXCS2MAP-26SEP270700EPMOR-1-EP,2026-09-26T10:01:27+00:00,KXCS2MAP-26SEP270700EPMOR-1,cs2,eternal premium,MORROW,1,map,2026-09-29T11:00:00Z,0.32,0.87,,
KXCS2MAP-26SEP261300AIMMZP-2-MZP,2026-09-26T10:01:27+00:00,KXCS2MAP-26SEP261300AIMMZP-2,cs2,Metizport,aimclub,2,map,2026-09-28T17:00:00Z,0.6,0.73,,0.6279610661454244
KXCS2MAP-26SEP261300AIMMZP-2-AIM,2026-09-26T10:01:27+00:00,KXCS2MAP-26SEP261300AIMMZP-2,cs2,aimclub,Metizport,2,map,2026-09-28T17:00:00Z,0.27,0.4,,0.37678242372366444
KXCS2MAP-26SEP261300AIMMZP-1-MZP,2026-09-26T10:01:27+00:00,KXCS2MAP-26SEP261300AIMMZP-1,cs2,Metizport,aimclub,1,map,2026-09-28T17:00:00Z,0.6,0.72,,0.6273195744539235
KXCS2MAP-26SEP261300AIMMZP-1-AIM,2026-09-26T10:01:27+00:00,KXCS2MAP-26SEP261300AIMMZP-1,cs2,aimclub,Metizport,1,map,2026-09-28T17:00:00Z,0.28,0.4,,0.3831623909405126
KXCS2MAP-26SEP261200MOUZNSAW-2-SAW,2026-09-26T10:01:27+00:00,KXCS2MAP-26SEP261200MOUZNSAW-2,cs2,SAW,MOUZ NXT,2,map,2026-09-28T16:00:00Z,0.71,0.74,,0.5251932452789545
KXCS2MAP-26SEP261200MOUZNSAW-2-MOUZN,2026-09-26T10:01:27+00:00,KXCS2MAP-26SEP261200MOUZNSAW-2,cs2,MOUZ NXT,SAW,2,map,2026-09-28T16:00:00Z,0.26,0.29,,0.4564512369320631
KXCS2MAP-26SEP261200MOUZNSAW-1-SAW,2026-09-26T10:01:27+00:00,KXCS2MAP-26SEP261200MOUZNSAW-1,cs2,SAW,MOUZ NXT,1,map,2026-09-28T16:00:00Z,0.65,0.67,,0.5258132514821873
KXCS2MAP-26SEP261200MOUZNSAW-1-MOUZN,2026-09-26T10:01:27+00:00,KXCS2MAP-26SEP261200MOUZNSAW-1,cs2,MOUZ NXT,SAW,1,map,2026-09-28T16:00:00Z,0.31,0.35,,0.45824036765780607
KXCS2MAP-26SEP261000BTFIS-2-IS,2026-09-26T10:01:27+00:00,KXCS2MAP-26SEP261000BTFIS-2,cs2,Iberian Soul,Butterfly,2,map,2026-09-28T14:00:00Z,0.58,0.73,,0.5521384764000599
KXCS2MAP-26SEP261000BTFIS-2-BTF,2026-09-26T10:01:27+00:00,KXCS2MAP-26SEP261000BTFIS-2,cs2,Butterfly,Iberian Soul,2,map,2026-09-28T14:00:00Z,0.28,0.41,,0.4278913750785611
KXCS2MAP-26SEP261000BTFIS-1-IS,2026-09-26T10:01:27+00:00,KXCS2MAP-26SEP261000BTFIS-1,cs2,Iberian Soul,Butterfly,1,map,2026-09-28T14:00:00Z,0.57,0.65,,0.5629343202856044
KXCS2MAP-26SEP261000BTFIS-1-BTF,2026-09-26T10:01:27+00:00,KXCS2MAP-26SEP261000BTFIS-1,cs2,Butterfly,Iberian Soul,1,map,2026-09-28T14:00:00Z,0.28,0.42,,0.4256746427376033
KXCS2MAP-26SEP260945MELPG-2-PG,2026-09-26T10:01:27+00:00,KXCS2MAP-26SEP260945MELPG-2,cs2,Privateer Gaming,mellren,2,map,2026-09-28T13:45:00Z,0.19,0.58,,
KXCS2MAP-26SEP260945MELPG-2-MEL,2026-09-26T10:01:27+00:00,KXCS2MAP-26SEP260945MELPG-2,cs2,mellren,Privateer Gaming,2,map,2026-09-28T13:45:00Z,0.26,0.8,,
KXCS2MAP-26SEP260945MELPG-1-PG,2026-09-26T10:01:27+00:00,KXCS2MAP-26SEP260945MELPG-1,cs2,Privateer Gaming,mellren,1,map,2026-09-28T13:45:00Z,0.19,0.45,,
KXCS2MAP-26SEP260945MELPG-1-MEL,2026-09-26T10:01:27+00:00,KXCS2MAP-26SEP260945MELPG-1,cs2,mellren,Privateer Gaming,1,map,2026-09-28T13:45:00Z,0.55,0.8,,
KXCS2MAP-26SEP260900NPGRBLS-2-RBLS,2026-09-26T10:01:27+00:00,KXCS2MAP-26SEP260900NPGRBLS-2,cs2,Rebels Gaming,Nordic Partners Gaming,2,map,2026-09-28T13:00:00Z,0.55,0.66,,
KXCS2MAP-26SEP260900NPGRBLS-2-NPG,2026-09-26T10:01:27+00:00,KXCS2MAP-26SEP260900NPGRBLS-2,cs2,Nordic Partners Gaming,Rebels Gaming,2,map,2026-09-28T13:00:00Z,0.32,0.45,,
KXCS2MAP-26SEP260900NPGRBLS-1-RBLS,2026-09-26T10:01:27+00:00,KXCS2MAP-26SEP260900NPGRBLS-1,cs2,Rebels Gaming,Nordic Partners Gaming,1,map,2026-09-28T13:00:00Z,0.56,0.68,,
KXCS2MAP-26SEP260900NPGRBLS-1-NPG,2026-09-26T10:01:27+00:00,KXCS2MAP-26SEP260900NPGRBLS-1,cs2,Nordic Partners Gaming,Rebels Gaming,1,map,2026-09-28T13:00:00Z,0.32,0.45,,
KXCS2MAP-26SEP260800SASHINEM-2-SASHI,2026-09-26T10:01:27+00:00,KXCS2MAP-26SEP260800SASHINEM-2,cs2,Sashi Esport,Team Nemesis,2,map,2026-09-28T12:00:00Z,0.34,0.36,,
KXCS2MAP-26SEP260800SASHINEM-2-NEM,2026-09-26T10:01:27+00:00,KXCS2MAP-26SEP260800SASHINEM-2,cs2,Team Nemesis,Sashi Esport,2,map,2026-09-28T12:00:00Z,0.64,0.66,,
KXCS2MAP-26SEP260800SASHINEM-1-SASHI,2026-09-26T10:01:27+00:00,KXCS2MAP-26SEP260800SASHINEM-1,cs2,Sashi Esport,Team Nemesis,1,map,2026-09-28T12:00:00Z,0.37,0.47,,
KXCS2MAP-26SEP260800SASHINEM-1-NEM,2026-09-26T10:01:27+00:00,KXCS2MAP-26SEP260800SASHINEM-1,cs2,Team Nemesis,Sashi Esport,1,map,2026-09-28T12:00:00Z,0.53,0.62,,
KXCS2MAP-26SEP260700RGGFIRE-2-RGG,2026-09-26T10:01:27+00:00,KXCS2MAP-26SEP260700RGGFIRE-2,cs2,RoundsGG,Fire Flux Esports,2,map,2026-09-28T11:00:00Z,0.16,0.36,,
KXCS2MAP-26SEP260700RGGFIRE-2-FIRE,2026-09-26T10:01:27+00:00,KXCS2MAP-26SEP260700RGGFIRE-2,cs2,Fire Flux Esports,RoundsGG,2,map,2026-09-28T11:00:00Z,0.64,0.8,,
KXCS2MAP-26SEP260700RGGFIRE-1-RGG,2026-09-26T10:01:27+00:00,KXCS2MAP-26SEP260700RGGFIRE-1,cs2,RoundsGG,Fire Flux Esports,1,map,2026-09-28T11:00:00Z,0.08,0.55,,
KXCS2MAP-26SEP260700RGGFIRE-1-FIRE,2026-09-26T10:01:27+00:00,KXCS2MAP-26SEP260700RGGFIRE-1,cs2,Fire Flux Esports,RoundsGG,1,map,2026-09-28T11:00:00Z,0.46,0.8,,
KXCS2MAP-26SEP260700MAYTSA-2-TSA,2026-09-26T10:01:27+00:00,KXCS2MAP-26SEP260700MAYTSA-2,cs2,Spirit Academy,MAYBE,2,map,2026-09-28T11:00:00Z,0.32,0.8,,0.7072693718125944
KXCS2MAP-26SEP260700MAYTSA-2-MAY,2026-09-26T10:01:27+00:00,KXCS2MAP-26SEP260700MAYTSA-2,cs2,MAYBE,Spirit Academy,2,map,2026-09-28T11:00:00Z,0.17,0.5,,0.3104221420157941
KXCS2MAP-26SEP260700MAYTSA-1-TSA,2026-09-26T10:01:27+00:00,KXCS2MAP-26SEP260700MAYTSA-1,cs2,Spirit Academy,MAYBE,1,map,2026-09-28T11:00:00Z,0.68,0.78,,0.7081427556891066
KXCS2MAP-26SEP260700MAYTSA-1-MAY,2026-09-26T10:01:27+00:00,KXCS2MAP-26SEP260700MAYTSA-1,cs2,MAYBE,Spirit Academy,1,map,2026-09-28T11:00:00Z,0.15,0.31,,0.3119674062323195
KXCS2MAP-26SEP260600LARGAFLU-2-LARGA,2026-09-26T10:01:27+00:00,KXCS2MAP-26SEP260600LARGAFLU-2,cs2,largadosypelados,Fluxo W7M,2,map,2026-09-28T10:00:00Z,0.29,0.56,,
KXCS2MAP-26SEP260600LARGAFLU-2-FLU,2026-09-26T10:01:27+00:00,KXCS2MAP-26SEP260600LARGAFLU-2,cs2,Fluxo W7M,largadosypelados,2,map,2026-09-28T10:00:00Z,0.44,0.7,,
KXCS2MAP-26SEP260600LARGAFLU-1-LARGA,2026-09-26T10:01:27+00:00,KXCS2MAP-26SEP260600LARGAFLU-1,cs2,largadosypelados,Fluxo W7M,1,map,2026-09-28T10:00:00Z,0.25,0.49,,
KXCS2MAP-26SEP260600LARGAFLU-1-FLU,2026-09-26T10:01:27+00:00,KXCS2MAP-26SEP260600LARGAFLU-1,cs2,Fluxo W7M,largadosypelados,1,map,2026-09-28T10:00:00Z,0.52,0.77,,
KXCS2MAP-26SEP260400THEEACE-2-THE,2026-09-26T10:01:27+00:00,KXCS2MAP-26SEP260400THEEACE-2,cs2,TheChampionGG,EAC EXTRA,2,map,2026-09-28T08:00:00Z,0.57,0.63,,
KXCS2MAP-26SEP260400THEEACE-2-EACE,2026-09-26T10:01:27+00:00,KXCS2MAP-26SEP260400THEEACE-2,cs2,EAC EXTRA,TheChampionGG,2,map,2026-09-28T08:00:00Z,0.37,0.43,,
KXCS2MAP-26SEP270400REVCTR-2-REV,2026-09-26T10:01:27+00:00,KXCS2MAP-26SEP270400REVCTR-2,cs2,Revenge,CTRL Esports,2,map,2026-09-29T08:00:00Z,0.25,0.76,,
KXCS2MAP-26SEP270400REVCTR-2-CTR,2026-09-26T10:01:27+00:00,KXCS2MAP-26SEP270400REVCTR-2,cs2,CTRL Esports,Revenge,2,map,2026-09-29T08:00:00Z,0.24,0.75,,
KXCS2MAP-26SEP270400REVCTR-1-REV,2026-09-26T10:01:27+00:00,KXCS2MAP-26SEP270400REVCTR-1,cs2,Revenge,CTRL Esports,1,map,2026-09-29T08:00:00Z,0.22,0.76,,
KXCS2MAP-26SEP270400REVCTR-1-CTR,2026-09-26T10:01:27+00:00,KXCS2MAP-26SEP270400REVCTR-1,cs2,CTRL Esports,Revenge,1,map,2026-09-29T08:00:00Z,0.24,0.78,,
KXCS2MAP-26SEP270630TUPSNA-2-TU,2026-09-26T10:01:27+00:00,KXCS2MAP-26SEP270630TUPSNA-2,cs2,THE UNIT,Passion Academy,2,map,2026-09-29T10:30:00Z,0.13,0.68,,0.6720916494369996
KXCS2MAP-26SEP270630TUPSNA-2-PSNA,2026-09-26T10:01:27+00:00,KXCS2MAP-26SEP270630TUPSNA-2,cs2,Passion Academy,THE UNIT,2,map,2026-09-29T10:30:00Z,0.32,0.87,,0.292990767745309
KXCS2MAP-26SEP270630TUPSNA-1-TU,2026-09-26T10:01:27+00:00,KXCS2MAP-26SEP270630TUPSNA-1,cs2,THE UNIT,Passion Academy,1,map,2026-09-29T10:30:00Z,0.13,0.68,,0.681663091436948
KXCS2MAP-26SEP270630TUPSNA-1-PSNA,2026-09-26T10:01:27+00:00,KXCS2MAP-26SEP270630TUPSNA-1,cs2,Passion Academy,THE UNIT,1,map,2026-09-29T10:30:00Z,0.32,0.87,,0.29453392057401995
KXCS2MAP-26SEP261330YTIGERESSPI-2-YTIGERES,2026-09-26T10:01:27+00:00,KXCS2MAP-26SEP261330YTIGERESSPI-2,cs2,Young TigeRES,Spirit Academy Green,2,map,2026-09-28T17:30:00Z,0.36,0.5,,0.502095937572416
KXCS2MAP-26SEP261330YTIGERESSPI-2-SPI,2026-09-26T10:01:27+00:00,KXCS2MAP-26SEP261330YTIGERESSPI-2,cs2,Spirit Academy Green,Young TigeRES,2,map,2026-09-28T17:30:00Z,0.5,0.64,,0.4833047221117522
KXCS2MAP-26SEP261330YTIGERESSPI-1-YTIGERES,2026-09-26T10:01:27+00:00,KXCS2MAP-26SEP261330YTIGERESSPI-1,cs2,Young TigeRES,Spirit Academy Green,1,map,2026-09-28T17:30:00Z,0.36,0.5,,0.5032273921642424
KXCS2MAP-26SEP261330YTIGERESSPI-1-SPI,2026-09-26T10:01:27+00:00,KXCS2MAP-26SEP261330YTIGERESSPI-1,cs2,Spirit Academy Green,Young TigeRES,1,map,2026-09-28T17:30:00Z,0.5,0.64,,0.48707370272756945
KXCS2MAP-26SEP261330FSFIRE-2-FS,2026-09-26T10:01:27+00:00,KXCS2MAP-26SEP261330FSFIRE-2,cs2,Fever Squad,Fire Flux Esports,2,map,2026-09-28T17:30:00Z,0.22,0.78,,
KXCS2MAP-26SEP261330FSFIRE-2-FIRE,2026-09-26T10:01:27+00:00,KXCS2MAP-26SEP261330FSFIRE-2,cs2,Fire Flux Esports,Fever Squad,2,map,2026-09-28T17:30:00Z,0.22,0.77,,
KXCS2MAP-26SEP261330FSFIRE-1-FS,2026-09-26T10:01:27+00:00,KXCS2MAP-26SEP261330FSFIRE-1,cs2,Fever Squad,Fire Flux Esports,1,map,2026-09-28T17:30:00Z,0.22,0.78,,
KXCS2MAP-26SEP261330FSFIRE-1-FIRE,2026-09-26T10:01:27+00:00,KXCS2MAP-26SEP261330FSFIRE-1,cs2,Fire Flux Esports,Fever Squad,1,map,2026-09-28T17:30:00Z,0.22,0.77,,
KXCS2MAP-26SEP261300ILLNOI-2-NOI,2026-09-26T10:01:27+00:00,KXCS2MAP-26SEP261300ILLNOI-2,cs2,Noir Verse,Illyrians,2,map,2026-09-28T17:00:00Z,0.41,0.56,,0.444146157611966
KXCS2MAP-26SEP261300ILLNOI-2-ILL,2026-09-26T10:01:27+00:00,KXCS2MAP-26SEP261300ILLNOI-2,cs2,Illyrians,Noir Verse,2,map,2026-09-28T17:00:00Z,0.41,0.59,,0.5603844535972512
KXCS2MAP-26SEP261300ILLNOI-1-NOI,2026-09-26T10:01:27+00:00,KXCS2MAP-26SEP261300ILLNOI-1,cs2,Noir Verse,Illyrians,1,map,2026-09-28T17:00:00Z,0.41,0.58,,0.4472523346029514
KXCS2MAP-26SEP261300ILLNOI-1-ILL,2026-09-26T10:01:27+00:00,KXCS2MAP-26SEP261300ILLNOI-1,cs2,Illyrians,Noir Verse,1,map,2026-09-28T17:00:00Z,0.42,0.59,,0.5592038988101288
KXCS2MAP-26SEP261000BAKSLEO-2-LEO,2026-09-26T10:01:27+00:00,KXCS2MAP-26SEP261000BAKSLEO-2,cs2,Leo Team,BakS eSports,2,map,2026-09-28T14:00:00Z,0.06,0.87,,
KXCS2MAP-26SEP261000BAKSLEO-2-BAKS,2026-09-26T10:01:27+00:00,KXCS2MAP-26SEP261000BAKSLEO-2,cs2,BakS eSports,Leo Team,2,map,2026-09-28T14:00:00Z,0.06,0.94,,
KXCS2MAP-26SEP261000BAKSLEO-1-LEO,2026-09-26T10:01:27+00:00,KXCS2MAP-26SEP261000BAKSLEO-1,cs2,Leo Team,BakS eSports,1,map,2026-09-28T14:00:00Z,0.06,0.94,,
KXCS2MAP-26SEP261000BAKSLEO-1-BAKS,2026-09-26T10:01:27+00:00,KXCS2MAP-26SEP261000BAKSLEO-1,cs2,BakS eSports,Leo Team,1,map,2026-09-28T14:00:00Z,0.06,0.94,,
KXCS2MAP-26SEP260900SNGHERO-2-SNG,2026-09-26T10:01:27+00:00,KXCS2MAP-26SEP260900SNGHERO-2,cs2,Sangal,HEROIC,2,map,2026-09-28T13:00:00Z,0.23,0.26,,0.3103614076970777
KXCS2MAP-26SEP260900SNGHERO-2-HERO,2026-09-26T10:01:27+00:00,KXCS2MAP-26SEP260900SNGHERO-2,cs2,HEROIC,Sangal,2,map,2026-09-28T13:00:00Z,0.74,0.77,,0.6671102007907559
KXCS2MAP-26SEP260900SNGHERO-1-SNG,2026-09-26T10:01:27+00:00,KXCS2MAP-26SEP260900SNGHERO-1,cs2,Sangal,HEROIC,1,map,2026-09-28T13:00:00Z,0.25,0.31,,0.31264421696553674
KXCS2MAP-26SEP260900SNGHERO-1-HERO,2026-09-26T10:01:27+00:00,KXCS2MAP-26SEP260900SNGHERO-1,cs2,HEROIC,Sangal,1,map,2026-09-28T13:00:00Z,0.69,0.73,,0.667241831631001
KXCS2MAP-26SEP260630SINENCEP-2-SIN,2026-09-26T10:01:27+00:00,KXCS2MAP-26SEP260630SINENCEP-2,cs2,SINQU REHTI,ENCE Prospects,2,map,2026-09-28T10:30:00Z,0.26,0.73,,0.6074775695886145
KXCS2MAP-26SEP260630SINENCEP-2-ENCEP,2026-09-26T10:01:27+00:00,KXCS2MAP-26SEP260630SINENCEP-2,cs2,ENCE Prospects,SINQU REHTI,2,map,2026-09-28T10:30:00Z,0.26,0.69,,0.321332058838516
KXCS2MAP-26SEP260630SINENCEP-1-SIN,2026-09-26T10:01:27+00:00,KXCS2MAP-26SEP260630SINENCEP-1,cs2,SINQU REHTI,ENCE Prospects,1,map,2026-09-28T10:30:00Z,0.17,0.72,,0.6116392727405268
KXCS2MAP-26SEP260630SINENCEP-1-ENCEP,2026-09-26T10:01:27+00:00,KXCS2MAP-26SEP260630SINENCEP-1,cs2,ENCE Prospects,SINQU REHTI,1,map,2026-09-28T10:30:00Z,0.25,0.8,,0.3182212064782734
KXCS2MAP-26SEP261400FCFTLR-2-TLR,2026-09-26T10:01:27+00:00,KXCS2MAP-26SEP261400FCFTLR-2,cs2,The Last Resort,FC Famalicao Esports,2,map,2026-09-28T18:00:00Z,0.52,0.67,,
KXCS2MAP-26SEP261400FCFTLR-2-FCF,2026-09-26T10:01:27+00:00,KXCS2MAP-26SEP261400FCFTLR-2,cs2,FC Famalicao Esports,The Last Resort,2,map,2026-09-28T18:00:00Z,0.33,0.48,,
KXCS2MAP-26SEP261400FCFTLR-1-TLR,2026-09-26T10:01:27+00:00,KXCS2MAP-26SEP261400FCFTLR-1,cs2,The Last Resort,FC Famalicao Esports,1,map,2026-09-28T18:00:00Z,0.52,0.67,,
KXCS2MAP-26SEP261400FCFTLR-1-FCF,2026-09-26T10:01:27+00:00,KXCS2MAP-26SEP261400FCFTLR-1,cs2,FC Famalicao Esports,The Last Resort,1,map,2026-09-28T18:00:00Z,0.33,0.48,,
KXCS2MAP-26SEP261330EXRK27-2-K27,2026-09-26T10:01:27+00:00,KXCS2MAP-26SEP261330EXRK27-2,cs2,K27,ex-RUBY,2,map,2026-09-28T17:30:00Z,0.57,0.68,,0.5748147508184338
KXCS2MAP-26SEP261330EXRK27-2-EXR,2026-09-26T10:01:27+00:00,KXCS2MAP-26SEP261330EXRK27-2,cs2,ex-RUBY,K27,2,map,2026-09-28T17:30:00Z,0.3,0.43,,0.45466806059644166
KXCS2MAP-26SEP261330EXRK27-1-K27,2026-09-26T10:01:27+00:00,KXCS2MAP-26SEP261330EXRK27-1,cs2,K27,ex-RUBY,1,map,2026-09-28T17:30:00Z,0.57,0.7,,0.5748147508184338
KXCS2MAP-26SEP261330EXRK27-1-EXR,2026-09-26T10:01:27+00:00,KXCS2MAP-26SEP261330EXRK27-1,cs2,ex-RUBY,K27,1,map,2026-09-28T17:30:00Z,0.3,0.43,,0.45466806059644166
KXCS2MAP-26SEP261230GLSPAIN-2-PAIN,2026-09-26T10:01:27+00:00,KXCS2MAP-26SEP261230GLSPAIN-2,cs2,paiN,Galorys,2,map,2026-09-28T16:30:00Z,0.54,0.56,,0.44034669265206
KXCS2MAP-26SEP261230GLSPAIN-2-GLS,2026-09-26T10:01:27+00:00,KXCS2MAP-26SEP261230GLSPAIN-2,cs2,Galorys,paiN,2,map,2026-09-28T16:30:00Z,0.44,0.46,,0.5640052614843609
KXCS2MAP-26SEP261230GLSPAIN-1-PAIN,2026-09-26T10:01:27+00:00,KXCS2MAP-26SEP261230GLSPAIN-1,cs2,paiN,Galorys,1,map,2026-09-28T16:30:00Z,0.51,0.55,,0.44143592708320056
KXCS2MAP-26SEP261230GLSPAIN-1-GLS,2026-09-26T10:01:27+00:00,KXCS2MAP-26SEP261230GLSPAIN-1,cs2,Galorys,paiN,1,map,2026-09-28T16:30:00Z,0.45,0.49,,0.5628268445758479
KXCS2MAP-26SEP260800STAG2A-2-STA,2026-09-26T10:01:27+00:00,KXCS2MAP-26SEP260800STAG2A-2,cs2,STATE,G2 Ares,2,map,2026-09-28T12:00:00Z,0.26,0.95,,0.5610525355226585
KXCS2MAP-26SEP260800STAG2A-2-G2A,2026-09-26T10:01:27+00:00,KXCS2MAP-26SEP260800STAG2A-2,cs2,G2 Ares,STATE,2,map,2026-09-28T12:00:00Z,0.04,0.67,,0.4357873386401811
KXCS2MAP-26SEP260715INFINN-2-INN,2026-09-26T10:01:27+00:00,KXCS2MAP-26SEP260715INFINN-2,cs2,Inner Circle Academy,INFURITY Gaming,2,map,2026-09-28T11:15:00Z,0.54,0.6,,
KXCS2MAP-26SEP260715INFINN-2-INF,2026-09-26T10:01:27+00:00,KXCS2MAP-26SEP260715INFINN-2,cs2,INFURITY Gaming,Inner Circle Academy,2,map,2026-09-28T11:15:00Z,0.4,0.44,,
KXCS2MAP-26SEP260715INFINN-1-INN,2026-09-26T10:01:27+00:00,KXCS2MAP-26SEP260715INFINN-1,cs2,Inner Circle Academy,INFURITY Gaming,1,map,2026-09-28T11:15:00Z,0.5,0.54,,
KXCS2MAP-26SEP260715INFINN-1-INF,2026-09-26T10:01:27+00:00,KXCS2MAP-26SEP260715INFINN-1,cs2,INFURITY Gaming,Inner Circle Academy,1,map,2026-09-28T11:15:00Z,0.41,0.49,,
KXCS2MAP-26SEP260600AST100T-2-AST,2026-09-26T10:01:27+00:00,KXCS2MAP-26SEP260600AST100T-2,cs2,Astralis,100 Thieves,2,map,2026-09-28T10:00:00Z,0.42,0.65,,0.47549434823716624
KXCS2MAP-26SEP260600AST100T-2-100T,2026-09-26T10:01:27+00:00,KXCS2MAP-26SEP260600AST100T-2,cs2,100 Thieves,Astralis,2,map,2026-09-28T10:00:00Z,0.36,0.55,,0.5273575460424487
KXCS2MAP-26SEP260600AST100T-1-AST,2026-09-26T10:01:27+00:00,KXCS2MAP-26SEP260600AST100T-1,cs2,Astralis,100 Thieves,1,map,2026-09-28T10:00:00Z,0.35,0.61,,0.47752843353785007
KXCS2MAP-26SEP260600AST100T-1-100T,2026-09-26T10:01:27+00:00,KXCS2MAP-26SEP260600AST100T-1,cs2,100 Thieves,Astralis,1,map,2026-09-28T10:00:00Z,0.41,0.65,,0.528957131078161
KXCS2MAP-26SEP2605003DMAXALL-2-ALL,2026-09-26T10:01:27+00:00,KXCS2MAP-26SEP2605003DMAXALL-2,cs2,Alliance,3DMAX,2,map,2026-09-28T09:00:00Z,0.56,0.58,,0.5917769162303821
KXCS2MAP-26SEP2605003DMAXALL-2-3DMAX,2026-09-26T10:01:27+00:00,KXCS2MAP-26SEP2605003DMAXALL-2,cs2,3DMAX,Alliance,2,map,2026-09-28T09:00:00Z,0.41,0.45,,0.43974578151667876
KXCS2MAP-26SEP261100NTREF-2-NTR,2026-09-26T10:01:27+00:00,KXCS2MAP-26SEP261100NTREF-2,cs2,Nuclear TigeRES,Eternal Fire,2,map,2026-09-28T15:00:00Z,0.43,0.47,,0.580561649115103
KXCS2MAP-26SEP261100NTREF-2-EF,2026-09-26T10:01:27+00:00,KXCS2MAP-26SEP261100NTREF-2,cs2,Eternal Fire,Nuclear TigeRES,2,map,2026-09-28T15:00:00Z,0.52,0.57,,0.44823445668836015
KXCS2MAP-26SEP261100NTREF-1-NTR,2026-09-26T10:01:27+00:00,KXCS2MAP-26SEP261100NTREF-1,cs2,Nuclear TigeRES,Eternal Fire,1,map,2026-09-28T15:00:00Z,0.39,0.45,,0.5793946097606797
KXCS2MAP-26SEP261100NTREF-1-EF,2026-09-26T10:01:27+00:00,KXCS2MAP-26SEP261100NTREF-1,cs2,Eternal Fire,Nuclear TigeRES,1,map,2026-09-28T15:00:00Z,0.55,0.61,,0.44823445668836015
KXCS2MAP-26SEP260900RALEG-2-RA,2026-09-26T10:01:27+00:00,KXCS2MAP-26SEP260900RALEG-2,cs2,Rare Atom,Legion,2,map,2026-09-28T13:00:00Z,0.37,0.88,,0.7980264384259363
KXCS2MAP-26SEP260900RALEG-2-LEG,2026-09-26T10:01:27+00:00,KXCS2MAP-26SEP260900RALEG-2,cs2,Legion,Rare Atom,2,map,2026-09-28T13:00:00Z,0.09,0.39,,0.21825406063451733
KXCS2MAP-26SEP260900RALEG-1-RA,2026-09-26T10:01:27+00:00,KXCS2MAP-26SEP260900RALEG-1,cs2,Rare Atom,Legion,1,map,2026-09-28T13:00:00Z,0.61,0.8,,0.7992685291230006
KXCS2MAP-26SEP260900RALEG-1-LEG,2026-09-26T10:01:27+00:00,KXCS2MAP-26SEP260900RALEG-1,cs2,Legion,Rare Atom,1,map,2026-09-28T13:00:00Z,0.1,0.39,,0.21690510661672893
KXCS2MAP-26SEP270900NEXLVG-2-NEX,2026-09-26T10:01:27+00:00,KXCS2MAP-26SEP270900NEXLVG-2,cs2,NEXVOID,Lynn Vision,2,map,2026-09-29T13:00:00Z,0.06,0.6,,0.4292104563898948
KXCS2MAP-26SEP270900NEXLVG-2-LVG,2026-09-26T10:01:27+00:00,KXCS2MAP-26SEP270900NEXLVG-2,cs2,Lynn Vision,NEXVOID,2,map,2026-09-29T13:00:00Z,0.4,0.94,,0.6070160736226912
KXCS2MAP-26SEP270900NEXLVG-1-NEX,2026-09-26T10:01:27+00:00,KXCS2MAP-26SEP270900NEXLVG-1,cs2,NEXVOID,Lynn Vision,1,map,2026-09-29T13:00:00Z,0.06,0.6,,0.4291747002975511
KXCS2MAP-26SEP270900NEXLVG-1-LVG,2026-09-26T10:01:27+00:00,KXCS2MAP-26SEP270900NEXLVG-1,cs2,Lynn Vision,NEXVOID,1,map,2026-09-29T13:00:00Z,0.4,0.94,,0.6058726713144003
KXCS2MAP-26SEP260900THEKAL-2-THE,2026-09-26T10:01:27+00:00,KXCS2MAP-26SEP260900THEKAL-2,cs2,The Huns Esports,Kaleido,2,map,2026-09-28T13:00:00Z,0.39,0.57,,
KXCS2MAP-26SEP260900THEKAL-2-KAL,2026-09-26T10:01:27+00:00,KXCS2MAP-26SEP260900THEKAL-2,cs2,Kaleido,The Huns Esports,2,map,2026-09-28T13:00:00Z,0.44,0.6,,
KXCS2MAP-26SEP260900THEKAL-1-THE,2026-09-26T10:01:27+00:00,KXCS2MAP-26SEP260900THEKAL-1,cs2,The Huns Esports,Kaleido,1,map,2026-09-28T13:00:00Z,0.39,0.53,,
KXCS2MAP-26SEP260900THEKAL-1-KAL,2026-09-26T10:01:27+00:00,KXCS2MAP-26SEP260900THEKAL-1,cs2,Kaleido,The Huns Esports,1,map,2026-09-28T13:00:00Z,0.47,0.6,,
KXCS2MAP-26SEP260900BHEIMP-2-IMP,2026-09-26T10:01:27+00:00,KXCS2MAP-26SEP260900BHEIMP-2,cs2,Imperial,Bounty Hunters Esports,2,map,2026-09-28T13:00:00Z,0.7,0.72,,
KXCS2MAP-26SEP260900BHEIMP-2-BHE,2026-09-26T10:01:27+00:00,KXCS2MAP-26SEP260900BHEIMP-2,cs2,Bounty Hunters Esports,Imperial,2,map,2026-09-28T13:00:00Z,0.28,0.3,,
KXCS2MAP-26SEP260900BHEIMP-1-IMP,2026-09-26T10:01:27+00:00,KXCS2MAP-26SEP260900BHEIMP-1,cs2,Imperial,Bounty Hunters Esports,1,map,2026-09-28T13:00:00Z,0.63,0.67,,
KXCS2MAP-26SEP260900BHEIMP-1-BHE,2026-09-26T10:01:27+00:00,KXCS2MAP-26SEP260900BHEIMP-1,cs2,Bounty Hunters Esports,Imperial,1,map,2026-09-28T13:00:00Z,0.33,0.37,,
KXCS2MAP-26SEP261000EPPHAC-2-PHAC,2026-09-26T10:01:27+00:00,KXCS2MAP-26SEP261000EPPHAC-2,cs2,Phantom Academy,eternal premium,2,map,2026-09-28T14:00:00Z,0.58,0.62,,0.5180545067613205
KXCS2MAP-26SEP261000EPPHAC-2-EP,2026-09-26T10:01:27+00:00,KXCS2MAP-26SEP261000EPPHAC-2,cs2,eternal premium,Phantom Academy,2,map,2026-09-28T14:00:00Z,0.38,0.41,,0.4543887543965167
KXCS2MAP-26SEP261000EPPHAC-1-PHAC,2026-09-26T10:01:27+00:00,KXCS2MAP-26SEP261000EPPHAC-1,cs2,Phantom Academy,eternal premium,1,map,2026-09-28T14:00:00Z,0.56,0.62,,0.5210871607238508
KXCS2MAP-26SEP261000EPPHAC-1-EP,2026-09-26T10:01:27+00:00,KXCS2MAP-26SEP261000EPPHAC-1,cs2,eternal premium,Phantom Academy,1,map,2026-09-28T14:00:00Z,0.38,0.44,,0.45712172476165114
KXCS2MAP-26SEP260500ORGGRO-2-ORG,2026-09-26T10:01:27+00:00,KXCS2MAP-26SEP260500ORGGRO-2,cs2,Orgless,Ground Zero,2,map,2026-09-28T09:00:00Z,0.04,0.55,,0.23540668309847743
KXCS2MAP-26SEP260500ORGGRO-2-GRO,2026-09-26T10:01:27+00:00,KXCS2MAP-26SEP260500ORGGRO-2,cs2,Ground Zero,Orgless,2,map,2026-09-28T09:00:00Z,0.26,0.79,,0.746794088957906
KXCS2MAP-26SEP260500ORGGRO-1-ORG,2026-09-26T10:01:27+00:00,KXCS2MAP-26SEP260500ORGGRO-1,cs2,Orgless,Ground Zero,1,map,2026-09-28T09:00:00Z,0.03,0.72,,0.2395403568763287
KXCS2MAP-26SEP260500ORGGRO-1-GRO,2026-09-26T10:01:27+00:00,KXCS2MAP-26SEP260500ORGGRO-1,cs2,Ground Zero,Orgless,1,map,2026-09-28T09:00:00Z,0.23,0.95,,0.746794088957906
KXCS2MAP-26SEP260500ABYRSTR-2-RSTR,2026-09-26T10:01:27+00:00,KXCS2MAP-26SEP260500ABYRSTR-2,cs2,Rooster,Abyssal,2,map,2026-09-28T09:00:00Z,0.26,0.72,,0.4741435544398484
KXCS2MAP-26SEP260500ABYRSTR-2-ABY,2026-09-26T10:01:27+00:00,KXCS2MAP-26SEP260500ABYRSTR-2,cs2,Abyssal,Rooster,2,map,2026-09-28T09:00:00Z,0.26,0.74,,0.5411818731293323
KXCS2MAP-26SEP260500ABYRSTR-1-RSTR,2026-09-26T10:01:27+00:00,KXCS2MAP-26SEP260500ABYRSTR-1,cs2,Rooster,Abyssal,1,map,2026-09-28T09:00:00Z,0.04,0.8,,0.4741435544398484
KXCS2MAP-26SEP260500ABYRSTR-1-ABY,2026-09-26T10:01:27+00:00,KXCS2MAP-26SEP260500ABYRSTR-1,cs2,Abyssal,Rooster,1,map,2026-09-28T09:00:00Z,0.15,0.72,,0.5399920816000587
KXCS2MAP-26SEP270630MELWRA-2-WRA,2026-09-26T10:01:27+00:00,KXCS2MAP-26SEP270630MELWRA-2,cs2,WRAITH PCIFIC,mellren,2,map,2026-09-29T10:30:00Z,0.16,0.72,,
KXCS2MAP-26SEP270630MELWRA-2-MEL,2026-09-26T10:01:27+00:00,KXCS2MAP-26SEP270630MELWRA-2,cs2,mellren,WRAITH PCIFIC,2,map,2026-09-29T10:30:00Z,0.28,0.83,,
KXCS2MAP-26SEP270630MELWRA-1-WRA,2026-09-26T10:01:27+00:00,KXCS2MAP-26SEP270630MELWRA-1,cs2,WRAITH PCIFIC,mellren,1,map,2026-09-29T10:30:00Z,0.16,0.73,,
KXCS2MAP-26SEP270630MELWRA-1-MEL,2026-09-26T10:01:27+00:00,KXCS2MAP-26SEP270630MELWRA-1,cs2,mellren,WRAITH PCIFIC,1,map,2026-09-29T10:30:00Z,0.27,0.84,,
KXCS2MAP-26SEP2607004MOPT-2-OPT,2026-09-26T10:01:27+00:00,KXCS2MAP-26SEP2607004MOPT-2,cs2,Optibet,Four Magic,2,map,2026-09-28T11:00:00Z,0.27,0.7,,0.4963871179588214
KXCS2MAP-26SEP2607004MOPT-2-4M,2026-09-26T10:01:27+00:00,KXCS2MAP-26SEP2607004MOPT-2,cs2,Four Magic,Optibet,2,map,2026-09-28T11:00:00Z,0.27,0.74,,0.516936491271812
KXCS2MAP-26SEP2607004MOPT-1-OPT,2026-09-26T10:01:27+00:00,KXCS2MAP-26SEP2607004MOPT-1,cs2,Optibet,Four Magic,1,map,2026-09-28T11:00:00Z,0.16,0.79,,0.49450029861427014
KXCS2MAP-26SEP2607004MOPT-1-4M,2026-09-26T10:01:27+00:00,KXCS2MAP-26SEP2607004MOPT-1,cs2,Four Magic,Optibet,1,map,2026-09-28T11:00:00Z,0.2,0.71,,0.5138466491811104
KXCS2MAP-26SEP270500FLYTHU-2-THU,2026-09-26T10:01:27+00:00,KXCS2MAP-26SEP270500FLYTHU-2,cs2,THUNDER dOWNUNDER,FlyQuest,2,map,2026-09-29T09:00:00Z,0.31,0.52,,0.43016381567660933
KXCS2MAP-26SEP270500FLYTHU-2-FLY,2026-09-26T10:01:27+00:00,KXCS2MAP-26SEP270500FLYTHU-2,cs2,FlyQuest,THUNDER dOWNUNDER,2,map,2026-09-29T09:00:00Z,0.48,0.69,,0.5751848836374468
KXCS2MAP-26SEP270500FLYTHU-1-THU,2026-09-26T10:01:27+00:00,KXCS2MAP-26SEP270500FLYTHU-1,cs2,THUNDER dOWNUNDER,FlyQuest,1,map,2026-09-29T09:00:00Z,0.31,0.52,,0.4310101046999302
KXCS2MAP-26SEP270500FLYTHU-1-FLY,2026-09-26T10:01:27+00:00,KXCS2MAP-26SEP270500FLYTHU-1,cs2,FlyQuest,THUNDER dOWNUNDER,1,map,2026-09-29T09:00:00Z,0.48,0.69,,0.5740138610950397
KXCS2MAP-26SEP270400BLANXS-2-NXS,2026-09-26T10:01:27+00:00,KXCS2MAP-26SEP270400BLANXS-2,cs2,Nexus,Black Phoenix,2,map,2026-09-29T08:00:00Z,0.19,0.75,,0.4542809491213584
KXCS2MAP-26SEP270400BLANXS-2-BLA,2026-09-26T10:01:27+00:00,KXCS2MAP-26SEP270400BLANXS-2,cs2,Black Phoenix,Nexus,2,map,2026-09-29T08:00:00Z,0.25,0.8,,0.5291683392631363
KXCS2MAP-26SEP270400BLANXS-1-NXS,2026-09-26T10:01:27+00:00,KXCS2MAP-26SEP270400BLANXS-1,cs2,Nexus,Black Phoenix,1,map,2026-09-29T08:00:00Z,0.15,0.7,,0.4573996802988487
KXCS2MAP-26SEP270400BLANXS-1-BLA,2026-09-26T10:01:27+00:00,KXCS2MAP-26SEP270400BLANXS-1,cs2,Black Phoenix,Nexus,1,map,2026-09-29T08:00:00Z,0.3,0.85,,0.5302463845164835
KXCS2MAP-26SEP261300QUASIN-2-SIN,2026-09-26T10:01:27+00:00,KXCS2MAP-26SEP261300QUASIN-2,cs2,SINNERS,QUAZAR,2,map,2026-09-28T17:00:00Z,0.55,0.6,,0.570109290672416
KXCS2MAP-26SEP261300QUASIN-2-QUA,2026-09-26T10:01:27+00:00,KXCS2MAP-26SEP261300QUASIN-2,cs2,QUAZAR,SINNERS,2,map,2026-09-28T17:00:00Z,0.4,0.45,,0.4165024309392648
KXCS2MAP-26SEP261300QUASIN-1-SIN,2026-09-26T10:01:27+00:00,KXCS2MAP-26SEP261300QUASIN-1,cs2,SINNERS,QUAZAR,1,map,2026-09-28T17:00:00Z,0.54,0.59,,0.5689347624860721
KXCS2MAP-26SEP261300QUASIN-1-QUA,2026-09-26T10:01:27+00:00,KXCS2MAP-26SEP261300QUASIN-1,cs2,QUAZAR,SINNERS,1,map,2026-09-28T17:00:00Z,0.41,0.46,,0.4165024309392648
KXCS2MAP-26SEP261000UNKWAL-2-WAL,2026-09-26T10:01:27+00:00,KXCS2MAP-26SEP261000UNKWAL-2,cs2,Walczaki,33,2,map,2026-09-28T14:00:00Z,0.38,0.49,,
KXCS2MAP-26SEP261000UNKWAL-2-UNK,2026-09-26T10:01:27+00:00,KXCS2MAP-26SEP261000UNKWAL-2,cs2,33,Walczaki,2,map,2026-09-28T14:00:00Z,0.51,0.65,,
KXCS2MAP-26SEP261000UNKWAL-1-WAL,2026-09-26T10:01:27+00:00,KXCS2MAP-26SEP261000UNKWAL-1,cs2,Walczaki,33,1,map,2026-09-28T14:00:00Z,0.36,0.49,,
KXCS2MAP-26SEP261000UNKWAL-1-UNK,2026-09-26T10:01:27+00:00,KXCS2MAP-26SEP261000UNKWAL-1,cs2,33,Walczaki,1,map,2026-09-28T14:00:00Z,0.51,0.64,,
KXCS2MAP-26SEP260700SPARTAFOK-2-SPARTA,2026-09-26T10:01:27+00:00,KXCS2MAP-26SEP260700SPARTAFOK-2,cs2,SPARTA,FOKUS,2,map,2026-09-28T11:00:00Z,0.37,0.41,,0.41626636732685635
KXCS2MAP-26SEP260700SPARTAFOK-2-FOK,2026-09-26T10:01:27+00:00,KXCS2MAP-26SEP260700SPARTAFOK-2,cs2,FOKUS,SPARTA,2,map,2026-09-28T11:00:00Z,0.59,0.63,,0.5836293939452707
KXCS2MAP-26SEP260700SPARTAFOK-1-SPARTA,2026-09-26T10:01:27+00:00,KXCS2MAP-26SEP260700SPARTAFOK-1,cs2,SPARTA,FOKUS,1,map,2026-09-28T11:00:00Z,0.4,0.43,,0.41729266100119977
KXCS2MAP-26SEP260700SPARTAFOK-1-FOK,2026-09-26T10:01:27+00:00,KXCS2MAP-26SEP260700SPARTAFOK-1,cs2,FOKUS,SPARTA,1,map,2026-09-28T11:00:00Z,0.57,0.6,,0.5839563021599692
KXCS2MAP-26SEP260500ISFNC-2-IS,2026-09-26T10:01:27+00:00,KXCS2MAP-26SEP260500ISFNC-2,cs2,Iberian Soul,fnatic,2,map,2026-09-28T09:00:00Z,0.29,0.37,,0.436438904333115
KXCS2MAP-26SEP260500ISFNC-2-FNC,2026-09-26T10:01:27+00:00,KXCS2MAP-26SEP260500ISFNC-2,cs2,fnatic,Iberian Soul,2,map,2026-09-28T09:00:00Z,0.63,0.69,,0.5650751492198116
KXCS2MAP-26SEP260400COLWW-2-WW,2026-09-26T10:01:27+00:00,KXCS2MAP-26SEP260400COLWW-2,cs2,WW Team,Color,2,map,2026-09-28T08:00:00Z,0.42,0.69,,
KXCS2MAP-26SEP260400COLWW-2-COL,2026-09-26T10:01:27+00:00,KXCS2MAP-26SEP260400COLWW-2,cs2,Color,WW Team,2,map,2026-09-28T08:00:00Z,0.3,0.63,,
KXCS2MAP-26SEP261300BLANEMI-2-NEMI,2026-09-26T10:01:27+00:00,KXCS2MAP-26SEP261300BLANEMI-2,cs2,Nemiga,Black Phoenix,2,map,2026-09-28T17:00:00Z,0.23,0.87,,0.7252801429575698
KXCS2MAP-26SEP261300BLANEMI-2-BLA,2026-09-26T10:01:27+00:00,KXCS2MAP-26SEP261300BLANEMI-2,cs2,Black Phoenix,Nemiga,2,map,2026-09-28T17:00:00Z,0.06,0.74,,0.28570774816482125
KXCS2MAP-26SEP261300BLANEMI-1-NEMI,2026-09-26T10:01:27+00:00,KXCS2MAP-26SEP261300BLANEMI-1,cs2,Nemiga,Black Phoenix,1,map,2026-09-28T17:00:00Z,0.2,0.93,,0.7252801429575698
KXCS2MAP-26SEP261300BLANEMI-1-BLA,2026-09-26T10:01:27+00:00,KXCS2MAP-26SEP261300BLANEMI-1,cs2,Black Phoenix,Nemiga,1,map,2026-09-28T17:00:00Z,0.06,0.72,,0.2867533173903767
KXCS2MAP-26SEP260700MEGMEL-2-MEL,2026-09-26T10:01:27+00:00,KXCS2MAP-26SEP260700MEGMEL-2,cs2,mellren,megoshort,2,map,2026-09-28T11:00:00Z,0.62,0.65,,0.49364615473672563
KXCS2MAP-26SEP260700MEGMEL-2-MEG,2026-09-26T10:01:27+00:00,KXCS2MAP-26SEP260700MEGMEL-2,cs2,megoshort,mellren,2,map,2026-09-28T11:00:00Z,0.36,0.4,,0.48689309589981417
KXCS2MAP-26SEP260700MEGMEL-1-MEL,2026-09-26T10:01:27+00:00,KXCS2MAP-26SEP260700MEGMEL-1,cs2,mellren,megoshort,1,map,2026-09-28T11:00:00Z,0.56,0.6,,0.4937943294553489
KXCS2MAP-26SEP260700MEGMEL-1-MEG,2026-09-26T10:01:27+00:00,KXCS2MAP-26SEP260700MEGMEL-1,cs2,megoshort,mellren,1,map,2026-09-28T11:00:00Z,0.4,0.44,,0.48802387067013614
KXCS2MAP-26SEP260630LEOMIS-2-MIS,2026-09-26T10:01:27+00:00,KXCS2MAP-26SEP260630LEOMIS-2,cs2,Misa Esports,Leo Team,2,map,2026-09-28T10:30:00Z,0.33,0.43,,
KXCS2MAP-26SEP260630LEOMIS-2-LEO,2026-09-26T10:01:27+00:00,KXCS2MAP-26SEP260630LEOMIS-2,cs2,Leo Team,Misa Esports,2,map,2026-09-28T10:30:00Z,0.37,0.69,,
KXCS2MAP-26SEP260630LEOMIS-1-MIS,2026-09-26T10:01:27+00:00,KXCS2MAP-26SEP260630LEOMIS-1,cs2,Misa Esports,Leo Team,1,map,2026-09-28T10:30:00Z,0.2,0.75,,
KXCS2MAP-26SEP260630LEOMIS-1-LEO,2026-09-26T10:01:27+00:00,KXCS2MAP-26SEP260630LEOMIS-1,cs2,Leo Team,Misa Esports,1,map,2026-09-28T10:30:00Z,0.29,0.79,,
KXCS2MAP-26SEP260400BWVEX-2-VEX,2026-09-26T10:01:27+00:00,KXCS2MAP-26SEP260400BWVEX-2,cs2,Vexar,Bushido Wildcats,2,map,2026-09-28T08:00:00Z,0.27,0.47,,0.44338068525797947
KXCS2MAP-26SEP260400BWVEX-2-BW,2026-09-26T10:01:27+00:00,KXCS2MAP-26SEP260400BWVEX-2,cs2,Bushido Wildcats,Vexar,2,map,2026-09-28T08:00:00Z,0.58,0.74,,0.560066684172708
KXVALORANTMAP-26SEP290800KCNRG-2-NRG,2026-09-26T10:01:27+00:00,KXVALORANTMAP-26SEP290800KCNRG-2,val,NRG,Karmine Corp,2,map,2026-10-01T12:00:00Z,0.06,0.93,,0.47942781998686496
KXVALORANTMAP-26SEP290800KCNRG-2-KC,2026-09-26T10:01:27+00:00,KXVALORANTMAP-26SEP290800KCNRG-2,val,Karmine Corp,NRG,2,map,2026-10-01T12:00:00Z,0.06,0.93,,0.49041035381568787
KXVALORANTMAP-26SEP290800KCNRG-1-NRG,2026-09-26T10:01:27+00:00,KXVALORANTMAP-26SEP290800KCNRG-1,val,NRG,Karmine Corp,1,map,2026-10-01T12:00:00Z,0.06,0.93,,0.487884019804639
KXVALORANTMAP-26SEP290800KCNRG-1-KC,2026-09-26T10:01:27+00:00,KXVALORANTMAP-26SEP290800KCNRG-1,val,Karmine Corp,NRG,1,map,2026-10-01T12:00:00Z,0.06,0.93,,0.48693964417079644
KXVALORANTMAP-26SEP290500G2PR-2-PR,2026-09-26T10:01:27+00:00,KXVALORANTMAP-26SEP290500G2PR-2,val,Paper Rex,G2 Esports,2,map,2026-10-01T09:00:00Z,0.09,0.91,,0.4590870282063321
KXVALORANTMAP-26SEP290500G2PR-2-G2,2026-09-26T10:01:27+00:00,KXVALORANTMAP-26SEP290500G2PR-2,val,G2 Esports,Paper Rex,2,map,2026-10-01T09:00:00Z,0.09,0.46,,0.5523143214063451
KXVALORANTMAP-26SEP290500G2PR-1-PR,2026-09-26T10:01:27+00:00,KXVALORANTMAP-26SEP290500G2PR-1,val,Paper Rex,G2 Esports,1,map,2026-10-01T09:00:00Z,0.54,0.91,,0.4590870282063321
KXVALORANTMAP-26SEP290500G2PR-1-G2,2026-09-26T10:01:27+00:00,KXVALORANTMAP-26SEP290500G2PR-1,val,G2 Esports,Paper Rex,1,map,2026-10-01T09:00:00Z,0.09,0.46,,0.5523383541749335
KXVALORANTMAP-26SEP270800FUTJDG-2-JDG,2026-09-26T10:01:27+00:00,KXVALORANTMAP-26SEP270800FUTJDG-2,val,JD Gaming,FUT Esports,2,map,2026-09-29T12:00:00Z,0.14,0.36,,0.5072867469377397
KXVALORANTMAP-26SEP270800FUTJDG-2-FUT,2026-09-26T10:01:27+00:00,KXVALORANTMAP-26SEP270800FUTJDG-2,val,FUT Esports,JD Gaming,2,map,2026-09-29T12:00:00Z,0.55,0.69,,0.5190346895990091
KXVALORANTMAP-26SEP270800FUTJDG-1-JDG,2026-09-26T10:01:27+00:00,KXVALORANTMAP-26SEP270800FUTJDG-1,val,JD Gaming,FUT Esports,1,map,2026-09-29T12:00:00Z,0.09,0.36,,0.49933131517926016
KXVALORANTMAP-26SEP270800FUTJDG-1-FUT,2026-09-26T10:01:27+00:00,KXVALORANTMAP-26SEP270800FUTJDG-1,val,FUT Esports,JD Gaming,1,map,2026-09-29T12:00:00Z,0.22,0.9,,0.5181565577634776
KXVALORANTMAP-26SEP270500T1100T-2-T1,2026-09-26T10:01:27+00:00,KXVALORANTMAP-26SEP270500T1100T-2,val,T1,100 Thieves,2,map,2026-09-29T09:00:00Z,0.36,0.39,,0.4390054744803691
KXVALORANTMAP-26SEP270500T1100T-2-100T,2026-09-26T10:01:27+00:00,KXVALORANTMAP-26SEP270500T1100T-2,val,100 Thieves,T1,2,map,2026-09-29T09:00:00Z,0.59,0.64,,0.6634111410201216
KXVALORANTMAP-26SEP270500T1100T-1-T1,2026-09-26T10:01:27+00:00,KXVALORANTMAP-26SEP270500T1100T-1,val,T1,100 Thieves,1,map,2026-09-29T09:00:00Z,0.29,0.39,,0.4409478872630391
KXVALORANTMAP-26SEP270500T1100T-1-100T,2026-09-26T10:01:27+00:00,KXVALORANTMAP-26SEP270500T1100T-1,val,100 Thieves,T1,1,map,2026-09-29T09:00:00Z,0.61,0.65,,0.6638581156016676
KXVALORANTMAP-26SEP260800EDGLOUD-2-LOUD,2026-09-26T10:01:27+00:00,KXVALORANTMAP-26SEP260800EDGLOUD-2,val,LOUD,EDward Gaming,2,map,2026-09-28T12:00:00Z,0.65,0.66,,0.6165680635543941
KXVALORANTMAP-26SEP260800EDGLOUD-2-EDG,2026-09-26T10:01:27+00:00,KXVALORANTMAP-26SEP260800EDGLOUD-2,val,EDward Gaming,LOUD,2,map,2026-09-28T12:00:00Z,0.33,0.34,,0.3951672227888459
KXVALORANTMAP-26SEP260800EDGLOUD-1-LOUD,2026-09-26T10:01:27+00:00,KXVALORANTMAP-26SEP260800EDGLOUD-1,val,LOUD,EDward Gaming,1,map,2026-09-28T12:00:00Z,0.66,0.67,,0.6170413350645338
KXVALORANTMAP-26SEP260800EDGLOUD-1-EDG,2026-09-26T10:01:27+00:00,KXVALORANTMAP-26SEP260800EDGLOUD-1,val,EDward Gaming,LOUD,1,map,2026-09-28T12:00:00Z,0.33,0.35,,0.38977743507292206
KXVALORANTMAP-26SEP260500VITGE-2-VIT,2026-09-26T10:01:27+00:00,KXVALORANTMAP-26SEP260500VITGE-2,val,Team Vitality,Global Esports,2,map,2026-09-28T09:00:00Z,0.47,0.5,,0.5222087235843561
KXVALORANTMAP-26SEP260500VITGE-2-GE,2026-09-26T10:01:27+00:00,KXVALORANTMAP-26SEP260500VITGE-2,val,Global Esports,Team Vitality,2,map,2026-09-28T09:00:00Z,0.5,0.51,,0.5302453990603125
KXLOLMAP-26SEP261600SRLY-3-SR,2026-09-26T10:01:27+00:00,KXLOLMAP-26SEP261600SRLY-3,lol,Shopify Rebellion,LYON,3,map,2026-09-28T20:00:00Z,0.23,0.25,,0.17237121093529048
KXLOLMAP-26SEP261600SRLY-3-LY,2026-09-26T10:01:27+00:00,KXLOLMAP-26SEP261600SRLY-3,lol,LYON,Shopify Rebellion,3,map,2026-09-28T20:00:00Z,0.75,0.78,,0.8287720311330703
KXLOLMAP-26SEP261600SRLY-2-SR,2026-09-26T10:01:27+00:00,KXLOLMAP-26SEP261600SRLY-2,lol,Shopify Rebellion,LYON,2,map,2026-09-28T20:00:00Z,0.22,0.26,,0.17976848477025834
KXLOLMAP-26SEP261600SRLY-2-LY,2026-09-26T10:01:27+00:00,KXLOLMAP-26SEP261600SRLY-2,lol,LYON,Shopify Rebellion,2,map,2026-09-28T20:00:00Z,0.74,0.77,,0.8263661490724963
KXLOLMAP-26SEP261600SRLY-1-SR,2026-09-26T10:01:27+00:00,KXLOLMAP-26SEP261600SRLY-1,lol,Shopify Rebellion,LYON,1,map,2026-09-28T20:00:00Z,0.23,0.26,,0.17976848477025834
KXLOLMAP-26SEP261600SRLY-1-LY,2026-09-26T10:01:27+00:00,KXLOLMAP-26SEP261600SRLY-1,lol,LYON,Shopify Rebellion,1,map,2026-09-28T20:00:00Z,0.74,0.77,,0.8263661490724963
KXLOLMAP-26SEP2917009ZEST-3-EST,2026-09-26T10:01:27+00:00,KXLOLMAP-26SEP2917009ZEST-3,lol,Estral Esports,9z Globant,3,map,2026-10-01T21:00:00Z,0.06,0.9,,0.5490147703213913
KXLOLMAP-26SEP2917009ZEST-3-9Z,2026-09-26T10:01:27+00:00,KXLOLMAP-26SEP2917009ZEST-3,lol,9z Globant,Estral Esports,3,map,2026-10-01T21:00:00Z,0.06,0.9,,0.44974339991862083
KXLOLMAP-26SEP2917009ZEST-2-EST,2026-09-26T10:01:27+00:00,KXLOLMAP-26SEP2917009ZEST-2,lol,Estral Esports,9z Globant,2,map,2026-10-01T21:00:00Z,0.06,0.9,,0.5522093075147642
KXLOLMAP-26SEP2917009ZEST-2-9Z,2026-09-26T10:01:27+00:00,KXLOLMAP-26SEP2917009ZEST-2,lol,9z Globant,Estral Esports,2,map,2026-10-01T21:00:00Z,0.06,0.8,,0.44845409510067136
KXLOLMAP-26SEP2917009ZEST-1-EST,2026-09-26T10:01:27+00:00,KXLOLMAP-26SEP2917009ZEST-1,lol,Estral Esports,9z Globant,1,map,2026-10-01T21:00:00Z,0.06,0.9,,0.5521187711285241
KXLOLMAP-26SEP2917009ZEST-1-9Z,2026-09-26T10:01:27+00:00,KXLOLMAP-26SEP2917009ZEST-1,lol,9z Globant,Estral Esports,1,map,2026-10-01T21:00:00Z,0.06,0.8,,0.44845409510067136
KXLOLMAP-26SEP280500GALKTC-3-KTC,2026-09-26T10:01:27+00:00,KXLOLMAP-26SEP280500GALKTC-3,lol,KT Rolster Challengers,Galions,3,map,2026-09-30T09:00:00Z,0.1,0.79,,
KXLOLMAP-26SEP280500GALKTC-3-GAL,2026-09-26T10:01:27+00:00,KXLOLMAP-26SEP280500GALKTC-3,lol,Galions,KT Rolster Challengers,3,map,2026-09-30T09:00:00Z,0.09,0.9,,
KXLOLMAP-26SEP280500GALKTC-2-KTC,2026-09-26T10:01:27+00:00,KXLOLMAP-26SEP280500GALKTC-2,lol,KT Rolster Challengers,Galions,2,map,2026-09-30T09:00:00Z,0.2,0.76,,
KXLOLMAP-26SEP280500GALKTC-2-GAL,2026-09-26T10:01:27+00:00,KXLOLMAP-26SEP280500GALKTC-2,lol,Galions,KT Rolster Challengers,2,map,2026-09-30T09:00:00Z,0.24,0.8,,
KXLOLMAP-26SEP280500GALKTC-1-KTC,2026-09-26T10:01:27+00:00,KXLOLMAP-26SEP280500GALKTC-1,lol,KT Rolster Challengers,Galions,1,map,2026-09-30T09:00:00Z,0.21,0.75,,
KXLOLMAP-26SEP280500GALKTC-1-GAL,2026-09-26T10:01:27+00:00,KXLOLMAP-26SEP280500GALKTC-1,lol,Galions,KT Rolster Challengers,1,map,2026-09-30T09:00:00Z,0.25,0.79,,
KXLOLMAP-26SEP280200CPDT1A-3-T1A,2026-09-26T10:01:27+00:00,KXLOLMAP-26SEP280200CPDT1A-3,lol,T1 Academy,Cupid Esports,3,map,2026-09-30T06:00:00Z,0.56,0.9,,
KXLOLMAP-26SEP280200CPDT1A-3-CPD,2026-09-26T10:01:27+00:00,KXLOLMAP-26SEP280200CPDT1A-3,lol,Cupid Esports,T1 Academy,3,map,2026-09-30T06:00:00Z,0.07,0.49,,
KXLOLMAP-26SEP280200CPDT1A-2-T1A,2026-09-26T10:01:27+00:00,KXLOLMAP-26SEP280200CPDT1A-2,lol,T1 Academy,Cupid Esports,2,map,2026-09-30T06:00:00Z,0.24,0.9,,
KXLOLMAP-26SEP280200CPDT1A-2-CPD,2026-09-26T10:01:27+00:00,KXLOLMAP-26SEP280200CPDT1A-2,lol,Cupid Esports,T1 Academy,2,map,2026-09-30T06:00:00Z,0.09,0.3,,
KXLOLMAP-26SEP280200CPDT1A-1-T1A,2026-09-26T10:01:27+00:00,KXLOLMAP-26SEP280200CPDT1A-1,lol,T1 Academy,Cupid Esports,1,map,2026-09-30T06:00:00Z,0.23,0.9,,
KXLOLMAP-26SEP280200CPDT1A-1-CPD,2026-09-26T10:01:27+00:00,KXLOLMAP-26SEP280200CPDT1A-1,lol,Cupid Esports,T1 Academy,1,map,2026-09-30T06:00:00Z,0.09,0.35,,
KXLOLMAP-26SEP270500DNSCDKC-3-DNSC,2026-09-26T10:01:27+00:00,KXLOLMAP-26SEP270500DNSCDKC-3,lol,DN SOOPers Challengers,Dplus KIA Challengers,3,map,2026-09-29T09:00:00Z,0.08,0.77,,
KXLOLMAP-26SEP270500DNSCDKC-3-DKC,2026-09-26T10:01:27+00:00,KXLOLMAP-26SEP270500DNSCDKC-3,lol,Dplus KIA Challengers,DN SOOPers Challengers,3,map,2026-09-29T09:00:00Z,0.34,0.79,,
KXLOLMAP-26SEP270500DNSCDKC-2-DNSC,2026-09-26T10:01:27+00:00,KXLOLMAP-26SEP270500DNSCDKC-2,lol,DN SOOPers Challengers,Dplus KIA Challengers,2,map,2026-09-29T09:00:00Z,0.23,0.44,,
KXLOLMAP-26SEP270500DNSCDKC-2-DKC,2026-09-26T10:01:27+00:00,KXLOLMAP-26SEP270500DNSCDKC-2,lol,Dplus KIA Challengers,DN SOOPers Challengers,2,map,2026-09-29T09:00:00Z,0.57,0.7,,
KXLOLMAP-26SEP270500DNSCDKC-1-DNSC,2026-09-26T10:01:27+00:00,KXLOLMAP-26SEP270500DNSCDKC-1,lol,DN SOOPers Challengers,Dplus KIA Challengers,1,map,2026-09-29T09:00:00Z,0.21,0.66,,
KXLOLMAP-26SEP270500DNSCDKC-1-DKC,2026-09-26T10:01:27+00:00,KXLOLMAP-26SEP270500DNSCDKC-1,lol,Dplus KIA Challengers,DN SOOPers Challengers,1,map,2026-09-29T09:00:00Z,0.34,0.79,,
KXLOLMAP-26SEP270200KOIASLY-3-SLY,2026-09-26T10:01:27+00:00,KXLOLMAP-26SEP270200KOIASLY-3,lol,Solary,Movistar KOI Fénix,3,map,2026-09-29T06:00:00Z,0.33,0.88,,0.6094714374628556
KXLOLMAP-26SEP270200KOIASLY-3-KOIA,2026-09-26T10:01:27+00:00,KXLOLMAP-26SEP270200KOIASLY-3,lol,Movistar KOI Fénix,Solary,3,map,2026-09-29T06:00:00Z,0.07,0.75,,0.38849905084388314
KXLOLMAP-26SEP270200KOIASLY-2-SLY,2026-09-26T10:01:27+00:00,KXLOLMAP-26SEP270200KOIASLY-2,lol,Solary,Movistar KOI Fénix,2,map,2026-09-29T06:00:00Z,0.33,0.86,,0.607439852559353
KXLOLMAP-26SEP270200KOIASLY-2-KOIA,2026-09-26T10:01:27+00:00,KXLOLMAP-26SEP270200KOIASLY-2,lol,Movistar KOI Fénix,Solary,2,map,2026-09-29T06:00:00Z,0.14,0.67,,0.3861845204696532
KXLOLMAP-26SEP270200KOIASLY-1-SLY,2026-09-26T10:01:27+00:00,KXLOLMAP-26SEP270200KOIASLY-1,lol,Solary,Movistar KOI Fénix,1,map,2026-09-29T06:00:00Z,0.3,0.79,,0.607439852559353
KXLOLMAP-26SEP270200KOIASLY-1-KOIA,2026-09-26T10:01:27+00:00,KXLOLMAP-26SEP270200KOIASLY-1,lol,Movistar KOI Fénix,Solary,1,map,2026-09-29T06:00:00Z,0.16,0.7,,0.3861845204696532
KXLOLMAP-26SEP281700GLKBM-3-KBM,2026-09-26T10:01:27+00:00,KXLOLMAP-26SEP281700GLKBM-3,lol,KaBuM! Ilha das Lendas,Golden Lions,3,map,2026-09-30T21:00:00Z,0.08,0.9,,
KXLOLMAP-26SEP281700GLKBM-3-GL,2026-09-26T10:01:27+00:00,KXLOLMAP-26SEP281700GLKBM-3,lol,Golden Lions,KaBuM! Ilha das Lendas,3,map,2026-09-30T21:00:00Z,0.06,0.9,,
KXLOLMAP-26SEP281700GLKBM-2-KBM,2026-09-26T10:01:27+00:00,KXLOLMAP-26SEP281700GLKBM-2,lol,KaBuM! Ilha das Lendas,Golden Lions,2,map,2026-09-30T21:00:00Z,0.37,0.9,,
KXLOLMAP-26SEP281700GLKBM-2-GL,2026-09-26T10:01:27+00:00,KXLOLMAP-26SEP281700GLKBM-2,lol,Golden Lions,KaBuM! Ilha das Lendas,2,map,2026-09-30T21:00:00Z,0.06,0.63,,
KXLOLMAP-26SEP281700GLKBM-1-KBM,2026-09-26T10:01:27+00:00,KXLOLMAP-26SEP281700GLKBM-1,lol,KaBuM! Ilha das Lendas,Golden Lions,1,map,2026-09-30T21:00:00Z,0.08,0.9,,
KXLOLMAP-26SEP281700GLKBM-1-GL,2026-09-26T10:01:27+00:00,KXLOLMAP-26SEP281700GLKBM-1,lol,Golden Lions,KaBuM! Ilha das Lendas,1,map,2026-09-30T21:00:00Z,0.07,0.8,,
KXLOLMAP-26SEP260500CBC9G-3-CBC,2026-09-26T10:01:27+00:00,KXLOLMAP-26SEP260500CBC9G-3,lol,CyberCore Esports,9Gaming,3,map,2026-09-28T09:00:00Z,0.12,0.7,,
KXLOLMAP-26SEP260500CBC9G-3-9G,2026-09-26T10:01:27+00:00,KXLOLMAP-26SEP260500CBC9G-3,lol,9Gaming,CyberCore Esports,3,map,2026-09-28T09:00:00Z,0.29,0.79,,
KXLOLMAP-26SEP260500CBC9G-2-CBC,2026-09-26T10:01:27+00:00,KXLOLMAP-26SEP260500CBC9G-2,lol,CyberCore Esports,9Gaming,2,map,2026-09-28T09:00:00Z,0.52,0.64,,
KXLOLMAP-26SEP260500CBC9G-2-9G,2026-09-26T10:01:27+00:00,KXLOLMAP-26SEP260500CBC9G-2,lol,9Gaming,CyberCore Esports,2,map,2026-09-28T09:00:00Z,0.31,0.43,,
KXLOLMAP-26SEP260500CBC9G-1-CBC,2026-09-26T10:01:27+00:00,KXLOLMAP-26SEP260500CBC9G-1,lol,CyberCore Esports,9Gaming,1,map,2026-09-28T09:00:00Z,,,,
KXLOLMAP-26SEP260500CBC9G-1-9G,2026-09-26T10:01:27+00:00,KXLOLMAP-26SEP260500CBC9G-1,lol,9Gaming,CyberCore Esports,1,map,2026-09-28T09:00:00Z,,,,
KXLOLMAP-26SEP271600TLC9-3-TL,2026-09-26T10:01:27+00:00,KXLOLMAP-26SEP271600TLC9-3,lol,Team Liquid Alienware,Cloud9 Kia,3,map,2026-09-29T20:00:00Z,0.13,0.62,,0.5335092871658551
KXLOLMAP-26SEP271600TLC9-3-C9,2026-09-26T10:01:27+00:00,KXLOLMAP-26SEP271600TLC9-3,lol,Cloud9 Kia,Team Liquid Alienware,3,map,2026-09-29T20:00:00Z,0.12,0.43,,0.45917196088364354
KXLOLMAP-26SEP271600TLC9-2-TL,2026-09-26T10:01:27+00:00,KXLOLMAP-26SEP271600TLC9-2,lol,Team Liquid Alienware,Cloud9 Kia,2,map,2026-09-29T20:00:00Z,0.56,0.61,,0.5327686303446327
KXLOLMAP-26SEP271600TLC9-2-C9,2026-09-26T10:01:27+00:00,KXLOLMAP-26SEP271600TLC9-2,lol,Cloud9 Kia,Team Liquid Alienware,2,map,2026-09-29T20:00:00Z,0.13,0.43,,0.4563052731345944
KXLOLMAP-26SEP271600TLC9-1-TL,2026-09-26T10:01:27+00:00,KXLOLMAP-26SEP271600TLC9-1,lol,Team Liquid Alienware,Cloud9 Kia,1,map,2026-09-29T20:00:00Z,0.57,0.62,,0.5327686303446327
KXLOLMAP-26SEP271600TLC9-1-C9,2026-09-26T10:01:27+00:00,KXLOLMAP-26SEP271600TLC9-1,lol,Cloud9 Kia,Team Liquid Alienware,1,map,2026-09-29T20:00:00Z,0.35,0.43,,0.4538804096458857
KXLOLMAP-26SEP271200LLLLOS-3-LOS,2026-09-26T10:01:27+00:00,KXLOLMAP-26SEP271200LLLLOS-3,lol,LOS,LOUD,3,map,2026-09-29T16:00:00Z,0.11,0.75,,0.5211988390146051
KXLOLMAP-26SEP271200LLLLOS-3-LLL,2026-09-26T10:01:27+00:00,KXLOLMAP-26SEP271200LLLLOS-3,lol,LOUD,LOS,3,map,2026-09-29T16:00:00Z,0.12,0.49,,0.4671112532391004
KXLOLMAP-26SEP271200LLLLOS-2-LOS,2026-09-26T10:01:27+00:00,KXLOLMAP-26SEP271200LLLLOS-2,lol,LOS,LOUD,2,map,2026-09-29T16:00:00Z,0.49,0.55,,0.5280925570746556
KXLOLMAP-26SEP271200LLLLOS-2-LLL,2026-09-26T10:01:27+00:00,KXLOLMAP-26SEP271200LLLLOS-2,lol,LOUD,LOS,2,map,2026-09-29T16:00:00Z,0.37,0.49,,0.46275721911960543
KXLOLMAP-26SEP271200LLLLOS-1-LOS,2026-09-26T10:01:27+00:00,KXLOLMAP-26SEP271200LLLLOS-1,lol,LOS,LOUD,1,map,2026-09-29T16:00:00Z,0.5,0.74,,0.5280925570746556
KXLOLMAP-26SEP271200LLLLOS-1-LLL,2026-09-26T10:01:27+00:00,KXLOLMAP-26SEP271200LLLLOS-1,lol,LOUD,LOS,1,map,2026-09-29T16:00:00Z,0.27,0.48,,0.46032709830551705
KXLOLMAP-26SEP261200FURRED-3-RED,2026-09-26T10:01:27+00:00,KXLOLMAP-26SEP261200FURRED-3,lol,RED Canids,FURIA Esports,3,map,2026-09-28T16:00:00Z,0.3,0.31,,
KXLOLMAP-26SEP261200FURRED-3-FUR,2026-09-26T10:01:27+00:00,KXLOLMAP-26SEP261200FURRED-3,lol,FURIA Esports,RED Canids,3,map,2026-09-28T16:00:00Z,0.68,0.7,,
KXLOLMAP-26SEP261200FURRED-2-RED,2026-09-26T10:01:27+00:00,KXLOLMAP-26SEP261200FURRED-2,lol,RED Canids,FURIA Esports,2,map,2026-09-28T16:00:00Z,0.3,0.32,,
KXLOLMAP-26SEP261200FURRED-2-FUR,2026-09-26T10:01:27+00:00,KXLOLMAP-26SEP261200FURRED-2,lol,FURIA Esports,RED Canids,2,map,2026-09-28T16:00:00Z,0.68,0.7,,
KXLOLMAP-26SEP261200FURRED-1-RED,2026-09-26T10:01:27+00:00,KXLOLMAP-26SEP261200FURRED-1,lol,RED Canids,FURIA Esports,1,map,2026-09-28T16:00:00Z,0.3,0.32,,
KXLOLMAP-26SEP261200FURRED-1-FUR,2026-09-26T10:01:27+00:00,KXLOLMAP-26SEP261200FURRED-1,lol,FURIA Esports,RED Canids,1,map,2026-09-28T16:00:00Z,0.69,0.71,,
KXDOTA2MAP-26SEP290500DBYG-2-YG,2026-09-26T10:01:27+00:00,KXDOTA2MAP-26SEP290500DBYG-2,dota,Yangon Galacticos,DIREBORN,2,map,2026-10-01T09:00:00Z,0.06,0.94,,0.43523630989966067
KXDOTA2MAP-26SEP290500DBYG-2-DB,2026-09-26T10:01:27+00:00,KXDOTA2MAP-26SEP290500DBYG-2,dota,DIREBORN,Yangon Galacticos,2,map,2026-10-01T09:00:00Z,0.06,0.94,,0.5792675395341219
KXDOTA2MAP-26SEP290500DBYG-1-YG,2026-09-26T10:01:27+00:00,KXDOTA2MAP-26SEP290500DBYG-1,dota,Yangon Galacticos,DIREBORN,1,map,2026-10-01T09:00:00Z,0.06,0.94,,0.4383897838019223
KXDOTA2MAP-26SEP290500DBYG-1-DB,2026-09-26T10:01:27+00:00,KXDOTA2MAP-26SEP290500DBYG-1,dota,DIREBORN,Yangon Galacticos,1,map,2026-10-01T09:00:00Z,0.06,0.94,,0.578329556005202
KXDOTA2MAP-26SEP290200IAPYG-2-YG,2026-09-26T10:01:27+00:00,KXDOTA2MAP-26SEP290200IAPYG-2,dota,Yangon Galacticos,InterActive Philippines,2,map,2026-10-01T06:00:00Z,0.06,0.94,,0.5645886886058541
KXDOTA2MAP-26SEP290200IAPYG-2-IAP,2026-09-26T10:01:27+00:00,KXDOTA2MAP-26SEP290200IAPYG-2,dota,InterActive Philippines,Yangon Galacticos,2,map,2026-10-01T06:00:00Z,0.06,0.94,,0.5265183721641651
KXDOTA2MAP-26SEP290200IAPYG-1-YG,2026-09-26T10:01:27+00:00,KXDOTA2MAP-26SEP290200IAPYG-1,dota,Yangon Galacticos,InterActive Philippines,1,map,2026-10-01T06:00:00Z,0.06,0.94,,0.5647337483296657
KXDOTA2MAP-26SEP290200IAPYG-1-IAP,2026-09-26T10:01:27+00:00,KXDOTA2MAP-26SEP290200IAPYG-1,dota,InterActive Philippines,Yangon Galacticos,1,map,2026-10-01T06:00:00Z,,,,0.5296125035747338
KXDOTA2MAP-26SEP282300XEKIN-2-XE,2026-09-26T10:01:27+00:00,KXDOTA2MAP-26SEP282300XEKIN-2,dota,Xipto Esports,Team Kinetix,2,map,2026-10-01T03:00:00Z,0.36,0.91,,
KXDOTA2MAP-26SEP282300XEKIN-2-KIN,2026-09-26T10:01:27+00:00,KXDOTA2MAP-26SEP282300XEKIN-2,dota,Team Kinetix,Xipto Esports,2,map,2026-10-01T03:00:00Z,,,,
KXDOTA2MAP-26SEP282300XEKIN-1-XE,2026-09-26T10:01:27+00:00,KXDOTA2MAP-26SEP282300XEKIN-1,dota,Xipto Esports,Team Kinetix,1,map,2026-10-01T03:00:00Z,0.36,0.91,,
KXDOTA2MAP-26SEP282300XEKIN-1-KIN,2026-09-26T10:01:27+00:00,KXDOTA2MAP-26SEP282300XEKIN-1,dota,Team Kinetix,Xipto Esports,1,map,2026-10-01T03:00:00Z,0.09,0.64,,
KXDOTA2MAP-26SEP261100AVIRT-2-RT,2026-09-26T10:01:27+00:00,KXDOTA2MAP-26SEP261100AVIRT-2,dota,Rostik Team,avice Team,2,map,2026-09-28T15:00:00Z,0.36,0.7,,
KXDOTA2MAP-26SEP261100AVIRT-2-AVI,2026-09-26T10:01:27+00:00,KXDOTA2MAP-26SEP261100AVIRT-2,dota,avice Team,Rostik Team,2,map,2026-09-28T15:00:00Z,0.25,0.64,,
KXDOTA2MAP-26SEP261100AVIRT-1-RT,2026-09-26T10:01:27+00:00,KXDOTA2MAP-26SEP261100AVIRT-1,dota,Rostik Team,avice Team,1,map,2026-09-28T15:00:00Z,0.23,0.77,,
KXDOTA2MAP-26SEP261100AVIRT-1-AVI,2026-09-26T10:01:27+00:00,KXDOTA2MAP-26SEP261100AVIRT-1,dota,avice Team,Rostik Team,1,map,2026-09-28T15:00:00Z,0.14,0.77,,
KXDOTA2MAP-26SEP260800YBNDXK-2-YBN,2026-09-26T10:01:27+00:00,KXDOTA2MAP-26SEP260800YBNDXK-2,dota,YBN Team ,Daxak Team,2,map,2026-09-28T12:00:00Z,0.17,0.62,,
KXDOTA2MAP-26SEP260800YBNDXK-2-DXK,2026-09-26T10:01:27+00:00,KXDOTA2MAP-26SEP260800YBNDXK-2,dota,Daxak Team,YBN Team ,2,map,2026-09-28T12:00:00Z,0.33,0.74,,
KXDOTA2MAP-26SEP260800YBNDXK-1-YBN,2026-09-26T10:01:27+00:00,KXDOTA2MAP-26SEP260800YBNDXK-1,dota,YBN Team ,Daxak Team,1,map,2026-09-28T12:00:00Z,0.08,0.39,,
KXDOTA2MAP-26SEP260800YBNDXK-1-DXK,2026-09-26T10:01:27+00:00,KXDOTA2MAP-26SEP260800YBNDXK-1,dota,Daxak Team,YBN Team ,1,map,2026-09-28T12:00:00Z,0.61,0.88,,
KXDOTA2MAP-26SEP291200YBLIQUID-2-YB,2026-09-26T10:01:27+00:00,KXDOTA2MAP-26SEP291200YBLIQUID-2,dota,Yakult's Brothers,Team Liquid,2,map,2026-10-01T16:00:00Z,0.06,0.93,,
KXDOTA2MAP-26SEP291200YBLIQUID-2-LIQUID,2026-09-26T10:01:27+00:00,KXDOTA2MAP-26SEP291200YBLIQUID-2,dota,Team Liquid,Yakult's Brothers,2,map,2026-10-01T16:00:00Z,0.06,0.92,,
KXDOTA2MAP-26SEP291200YBLIQUID-1-YB,2026-09-26T10:01:27+00:00,KXDOTA2MAP-26SEP291200YBLIQUID-1,dota,Yakult's Brothers,Team Liquid,1,map,2026-10-01T16:00:00Z,0.06,0.93,,
KXDOTA2MAP-26SEP291200YBLIQUID-1-LIQUID,2026-09-26T10:01:27+00:00,KXDOTA2MAP-26SEP291200YBLIQUID-1,dota,Team Liquid,Yakult's Brothers,1,map,2026-10-01T16:00:00Z,0.06,0.94,,
KXDOTA2MAP-26SEP291200GLAUR-2-GL,2026-09-26T10:01:27+00:00,KXDOTA2MAP-26SEP291200GLAUR-2,dota,GamerLegion,Aurora,2,map,2026-10-01T16:00:00Z,0.06,0.92,,
KXDOTA2MAP-26SEP291200GLAUR-2-AUR,2026-09-26T10:01:27+00:00,KXDOTA2MAP-26SEP291200GLAUR-2,dota,Aurora,GamerLegion,2,map,2026-10-01T16:00:00Z,0.06,0.92,,
KXDOTA2MAP-26SEP291200GLAUR-1-GL,2026-09-26T10:01:27+00:00,KXDOTA2MAP-26SEP291200GLAUR-1,dota,GamerLegion,Aurora,1,map,2026-10-01T16:00:00Z,0.06,0.92,,
KXDOTA2MAP-26SEP291200GLAUR-1-AUR,2026-09-26T10:01:27+00:00,KXDOTA2MAP-26SEP291200GLAUR-1,dota,Aurora,GamerLegion,1,map,2026-10-01T16:00:00Z,0.06,0.92,,
KXDOTA2MAP-26SEP290900XTREMELGD-2-XTREME,2026-09-26T10:01:27+00:00,KXDOTA2MAP-26SEP290900XTREMELGD-2,dota,Xtreme Gaming,LGD Gaming,2,map,2026-10-01T13:00:00Z,0.06,0.93,,0.42053375946990684
KXDOTA2MAP-26SEP290900XTREMELGD-2-LGD,2026-09-26T10:01:27+00:00,KXDOTA2MAP-26SEP290900XTREMELGD-2,dota,LGD Gaming,Xtreme Gaming,2,map,2026-10-01T13:00:00Z,0.06,0.93,,0.554960094750901
KXDOTA2MAP-26SEP290900XTREMELGD-1-XTREME,2026-09-26T10:01:27+00:00,KXDOTA2MAP-26SEP290900XTREMELGD-1,dota,Xtreme Gaming,LGD Gaming,1,map,2026-10-01T13:00:00Z,0.06,0.92,,0.42053375946990684
KXDOTA2MAP-26SEP290900XTREMELGD-1-LGD,2026-09-26T10:01:27+00:00,KXDOTA2MAP-26SEP290900XTREMELGD-1,dota,LGD Gaming,Xtreme Gaming,1,map,2026-10-01T13:00:00Z,0.06,0.9,,0.554960094750901
KXDOTA2MAP-26SEP290900NAVI1WIN-2-NAVI,2026-09-26T10:01:27+00:00,KXDOTA2MAP-26SEP290900NAVI1WIN-2,dota,Natus Vincere,1win,2,map,2026-10-01T13:00:00Z,0.06,0.94,,
KXDOTA2MAP-26SEP290900NAVI1WIN-2-1WIN,2026-09-26T10:01:27+00:00,KXDOTA2MAP-26SEP290900NAVI1WIN-2,dota,1win,Natus Vincere,2,map,2026-10-01T13:00:00Z,0.06,0.94,,
KXDOTA2MAP-26SEP290900NAVI1WIN-1-NAVI,2026-09-26T10:01:27+00:00,KXDOTA2MAP-26SEP290900NAVI1WIN-1,dota,Natus Vincere,1win,1,map,2026-10-01T13:00:00Z,0.06,0.93,,
KXDOTA2MAP-26SEP290900NAVI1WIN-1-1WIN,2026-09-26T10:01:27+00:00,KXDOTA2MAP-26SEP290900NAVI1WIN-1,dota,1win,Natus Vincere,1,map,2026-10-01T13:00:00Z,0.06,0.94,,
KXDOTA2MAP-26SEP290600NEMTS-2-TS,2026-09-26T10:01:27+00:00,KXDOTA2MAP-26SEP290600NEMTS-2,dota,Team Spirit,Team Nemesis,2,map,2026-10-01T10:00:00Z,0.06,0.92,,0.7820328736661613
KXDOTA2MAP-26SEP290600NEMTS-2-NEM,2026-09-26T10:01:27+00:00,KXDOTA2MAP-26SEP290600NEMTS-2,dota,Team Nemesis,Team Spirit,2,map,2026-10-01T10:00:00Z,0.06,0.92,,0.23695677059961567
KXDOTA2MAP-26SEP290600NEMTS-1-TS,2026-09-26T10:01:27+00:00,KXDOTA2MAP-26SEP290600NEMTS-1,dota,Team Spirit,Team Nemesis,1,map,2026-10-01T10:00:00Z,0.06,0.92,,0.7820328736661613
KXDOTA2MAP-26SEP290600NEMTS-1-NEM,2026-09-26T10:01:27+00:00,KXDOTA2MAP-26SEP290600NEMTS-1,dota,Team Nemesis,Team Spirit,1,map,2026-10-01T10:00:00Z,0.06,0.93,,0.23133352429392634
KXDOTA2MAP-26SEP290600LVLUPPARI-2-PARI,2026-09-26T10:01:27+00:00,KXDOTA2MAP-26SEP290600LVLUPPARI-2,dota,PARIVISION,Level Up,2,map,2026-10-01T10:00:00Z,0.06,0.94,,0.8666296358819825
KXDOTA2MAP-26SEP290600LVLUPPARI-2-LVLUP,2026-09-26T10:01:27+00:00,KXDOTA2MAP-26SEP290600LVLUPPARI-2,dota,Level Up,PARIVISION,2,map,2026-10-01T10:00:00Z,0.06,0.93,,0.1407042448463545
KXDOTA2MAP-26SEP290600LVLUPPARI-1-PARI,2026-09-26T10:01:27+00:00,KXDOTA2MAP-26SEP290600LVLUPPARI-1,dota,PARIVISION,Level Up,1,map,2026-10-01T10:00:00Z,0.06,0.94,,0.8667118500578425
KXDOTA2MAP-26SEP290600LVLUPPARI-1-LVLUP,2026-09-26T10:01:27+00:00,KXDOTA2MAP-26SEP290600LVLUPPARI-1,dota,Level Up,PARIVISION,1,map,2026-10-01T10:00:00Z,0.06,0.92,,0.1404944520140506
KXDOTA2MAP-26SEP260900TYLGD-2-TY,2026-09-26T10:01:27+00:00,KXDOTA2MAP-26SEP260900TYLGD-2,dota,Team Yandex,LGD Gaming,2,map,2026-09-28T13:00:00Z,0.73,0.74,,0.6828256983213727
KXDOTA2MAP-26SEP260900TYLGD-2-LGD,2026-09-26T10:01:27+00:00,KXDOTA2MAP-26SEP260900TYLGD-2,dota,LGD Gaming,Team Yandex,2,map,2026-09-28T13:00:00Z,0.26,0.28,,0.2796960206961952
KXDOTA2MAP-26SEP260900TYLGD-1-TY,2026-09-26T10:01:27+00:00,KXDOTA2MAP-26SEP260900TYLGD-1,dota,Team Yandex,LGD Gaming,1,map,2026-09-28T13:00:00Z,0.73,0.76,,0.6828256983213727
KXDOTA2MAP-26SEP260900TYLGD-1-LGD,2026-09-26T10:01:27+00:00,KXDOTA2MAP-26SEP260900TYLGD-1,dota,LGD Gaming,Team Yandex,1,map,2026-09-28T13:00:00Z,0.25,0.26,,0.2796960206961952
KXDOTA2MAP-26SEP260600NAVIAUR-2-NAVI,2026-09-26T10:01:27+00:00,KXDOTA2MAP-26SEP260600NAVIAUR-2,dota,Natus Vincere,Aurora,2,map,2026-09-28T10:00:00Z,0.46,0.52,,
KXDOTA2MAP-26SEP260600NAVIAUR-2-AUR,2026-09-26T10:01:27+00:00,KXDOTA2MAP-26SEP260600NAVIAUR-2,dota,Aurora,Natus Vincere,2,map,2026-09-28T10:00:00Z,0.48,0.54,,
KXDOTA2MAP-26SEP260600NAVIAUR-1-NAVI,2026-09-26T10:01:27+00:00,KXDOTA2MAP-26SEP260600NAVIAUR-1,dota,Natus Vincere,Aurora,1,map,2026-09-28T10:00:00Z,0.61,0.62,,
KXDOTA2MAP-26SEP260600NAVIAUR-1-AUR,2026-09-26T10:01:27+00:00,KXDOTA2MAP-26SEP260600NAVIAUR-1,dota,Aurora,Natus Vincere,1,map,2026-09-28T10:00:00Z,0.38,0.43,,
KXDOTA2MAP-26SEP260500IVOXE-2-XE,2026-09-26T10:01:27+00:00,KXDOTA2MAP-26SEP260500IVOXE-2,dota,Xipto Esports,Ivory,2,map,2026-09-28T09:00:00Z,0.74,0.79,,
KXDOTA2MAP-26SEP260500IVOXE-2-IVO,2026-09-26T10:01:27+00:00,KXDOTA2MAP-26SEP260500IVOXE-2,dota,Ivory,Xipto Esports,2,map,2026-09-28T09:00:00Z,0.24,0.26,,
KXDOTA2MAP-26SEP260500IVOXE-1-XE,2026-09-26T10:01:27+00:00,KXDOTA2MAP-26SEP260500IVOXE-1,dota,Xipto Esports,Ivory,1,map,2026-09-28T09:00:00Z,0.94,0.96,,
KXDOTA2MAP-26SEP260500IVOXE-1-IVO,2026-09-26T10:01:27+00:00,KXDOTA2MAP-26SEP260500IVOXE-1,dota,Ivory,Xipto Esports,1,map,2026-09-28T09:00:00Z,0.05,0.06,,
KXDOTA2MAP-26SEP280200XEYG-2-YG,2026-09-26T10:01:27+00:00,KXDOTA2MAP-26SEP280200XEYG-2,dota,Yangon Galacticos,Xipto Esports,2,map,2026-09-30T06:00:00Z,0.1,0.65,,
KXDOTA2MAP-26SEP280200XEYG-2-XE,2026-09-26T10:01:27+00:00,KXDOTA2MAP-26SEP280200XEYG-2,dota,Xipto Esports,Yangon Galacticos,2,map,2026-09-30T06:00:00Z,0.35,0.9,,
KXDOTA2MAP-26SEP280200XEYG-1-YG,2026-09-26T10:01:27+00:00,KXDOTA2MAP-26SEP280200XEYG-1,dota,Yangon Galacticos,Xipto Esports,1,map,2026-09-30T06:00:00Z,0.06,0.59,,
KXDOTA2MAP-26SEP280200XEYG-1-XE,2026-09-26T10:01:27+00:00,KXDOTA2MAP-26SEP280200XEYG-1,dota,Xipto Esports,Yangon Galacticos,1,map,2026-09-30T06:00:00Z,0.41,0.94,,
KXDOTA2MAP-26SEP272300KINDB-2-KIN,2026-09-26T10:01:27+00:00,KXDOTA2MAP-26SEP272300KINDB-2,dota,Team Kinetix,DIREBORN,2,map,2026-09-30T03:00:00Z,0.1,0.65,,0.4573793125594256
KXDOTA2MAP-26SEP272300KINDB-2-DB,2026-09-26T10:01:27+00:00,KXDOTA2MAP-26SEP272300KINDB-2,dota,DIREBORN,Team Kinetix,2,map,2026-09-30T03:00:00Z,0.35,0.9,,0.593447646940941
KXDOTA2MAP-26SEP272300KINDB-1-KIN,2026-09-26T10:01:27+00:00,KXDOTA2MAP-26SEP272300KINDB-1,dota,Team Kinetix,DIREBORN,1,map,2026-09-30T03:00:00Z,0.09,0.64,,0.45341094371082985
KXDOTA2MAP-26SEP272300KINDB-1-DB,2026-09-26T10:01:27+00:00,KXDOTA2MAP-26SEP272300KINDB-1,dota,DIREBORN,Team Kinetix,1,map,2026-09-30T03:00:00Z,0.36,0.91,,0.5867169532695884
KXDOTA2MAP-26SEP262300XECLO-2-XE,2026-09-26T10:01:27+00:00,KXDOTA2MAP-26SEP262300XECLO-2,dota,Xipto Esports,Cloud Dawning,2,map,2026-09-29T03:00:00Z,0.35,0.81,,
KXDOTA2MAP-26SEP262300XECLO-2-CLO,2026-09-26T10:01:27+00:00,KXDOTA2MAP-26SEP262300XECLO-2,dota,Cloud Dawning,Xipto Esports,2,map,2026-09-29T03:00:00Z,0.19,0.65,,
KXDOTA2MAP-26SEP262300XECLO-1-XE,2026-09-26T10:01:27+00:00,KXDOTA2MAP-26SEP262300XECLO-1,dota,Xipto Esports,Cloud Dawning,1,map,2026-09-29T03:00:00Z,0.39,0.85,,
KXDOTA2MAP-26SEP262300XECLO-1-CLO,2026-09-26T10:01:27+00:00,KXDOTA2MAP-26SEP262300XECLO-1,dota,Cloud Dawning,Xipto Esports,1,map,2026-09-29T03:00:00Z,0.15,0.61,,
KXCS2MAP-26SEP271000COLNEMI-2-NEMI,2026-09-26T13:00:29+00:00,KXCS2MAP-26SEP271000COLNEMI-2,cs2,Nemiga,Color,2,map,2026-09-29T14:00:00Z,0.1,0.87,,0.640168634996948
KXCS2MAP-26SEP271000COLNEMI-2-COL,2026-09-26T13:00:29+00:00,KXCS2MAP-26SEP271000COLNEMI-2,cs2,Color,Nemiga,2,map,2026-09-29T14:00:00Z,0.06,0.88,,0.3731087544077968
KXCS2MAP-26SEP271000COLNEMI-1-NEMI,2026-09-26T13:00:29+00:00,KXCS2MAP-26SEP271000COLNEMI-1,cs2,Nemiga,Color,1,map,2026-09-29T14:00:00Z,0.07,0.9,,0.6391115636903664
KXCS2MAP-26SEP271000COLNEMI-1-COL,2026-09-26T13:00:29+00:00,KXCS2MAP-26SEP271000COLNEMI-1,cs2,Color,Nemiga,1,map,2026-09-29T14:00:00Z,0.06,0.94,,0.37342571871529856
KXCS2MAP-26SEP262100FAROT-2-OT,2026-09-26T13:00:29+00:00,KXCS2MAP-26SEP262100FAROT-2,cs2,Overtake Sector,FarmVille,2,map,2026-09-29T01:00:00Z,0.07,0.87,,0.5005006441826486
KXCS2MAP-26SEP262100FAROT-2-FAR,2026-09-26T13:00:29+00:00,KXCS2MAP-26SEP262100FAROT-2,cs2,FarmVille,Overtake Sector,2,map,2026-09-29T01:00:00Z,0.07,0.91,,0.45139298475785156
KXCS2MAP-26SEP262100FAROT-1-OT,2026-09-26T13:00:29+00:00,KXCS2MAP-26SEP262100FAROT-1,cs2,Overtake Sector,FarmVille,1,map,2026-09-29T01:00:00Z,0.07,0.91,,0.5005006441826486
KXCS2MAP-26SEP262100FAROT-1-FAR,2026-09-26T13:00:29+00:00,KXCS2MAP-26SEP262100FAROT-1,cs2,FarmVille,Overtake Sector,1,map,2026-09-29T01:00:00Z,0.07,0.85,,0.46124545464035066
KXCS2MAP-26SEP262100DTNMAR-2-MAR,2026-09-26T13:00:29+00:00,KXCS2MAP-26SEP262100DTNMAR-2,cs2,Marsborne,DETONATE,2,map,2026-09-29T01:00:00Z,0.55,0.64,,0.760139624499648
KXCS2MAP-26SEP262100DTNMAR-2-DTN,2026-09-26T13:00:29+00:00,KXCS2MAP-26SEP262100DTNMAR-2,cs2,DETONATE,Marsborne,2,map,2026-09-29T01:00:00Z,0.09,0.58,,0.24436457107530754
KXCS2MAP-26SEP262100DTNMAR-1-MAR,2026-09-26T13:00:29+00:00,KXCS2MAP-26SEP262100DTNMAR-1,cs2,Marsborne,DETONATE,1,map,2026-09-29T01:00:00Z,0.26,0.87,,0.7612718698423838
KXCS2MAP-26SEP262100DTNMAR-1-DTN,2026-09-26T13:00:29+00:00,KXCS2MAP-26SEP262100DTNMAR-1,cs2,DETONATE,Marsborne,1,map,2026-09-29T01:00:00Z,0.07,0.94,,0.2445689562111443
KXCS2MAP-26SEP272100LAGREGAIN-2-REGAIN,2026-09-26T13:00:29+00:00,KXCS2MAP-26SEP272100LAGREGAIN-2,cs2,regain,LAG Gaming,2,map,2026-09-30T01:00:00Z,0.1,0.69,,
KXCS2MAP-26SEP272100LAGREGAIN-2-LAG,2026-09-26T13:00:29+00:00,KXCS2MAP-26SEP272100LAGREGAIN-2,cs2,LAG Gaming,regain,2,map,2026-09-30T01:00:00Z,0.29,0.92,,
KXCS2MAP-26SEP272100LAGREGAIN-1-REGAIN,2026-09-26T13:00:29+00:00,KXCS2MAP-26SEP272100LAGREGAIN-1,cs2,regain,LAG Gaming,1,map,2026-09-30T01:00:00Z,0.11,0.69,,
KXCS2MAP-26SEP272100LAGREGAIN-1-LAG,2026-09-26T13:00:29+00:00,KXCS2MAP-26SEP272100LAGREGAIN-1,cs2,LAG Gaming,regain,1,map,2026-09-30T01:00:00Z,0.28,0.91,,
KXCS2MAP-26SEP271800MIRAALKAA-2-MIRA,2026-09-26T13:00:29+00:00,KXCS2MAP-26SEP271800MIRAALKAA-2,cs2,Mira,ALKA,2,map,2026-09-29T22:00:00Z,0.07,0.68,,0.3542648725373432
KXCS2MAP-26SEP271800MIRAALKAA-2-ALKAA,2026-09-26T13:00:29+00:00,KXCS2MAP-26SEP271800MIRAALKAA-2,cs2,ALKA,Mira,2,map,2026-09-29T22:00:00Z,0.34,0.92,,0.6470986350997175
KXCS2MAP-26SEP271800MIRAALKAA-1-MIRA,2026-09-26T13:00:29+00:00,KXCS2MAP-26SEP271800MIRAALKAA-1,cs2,Mira,ALKA,1,map,2026-09-29T22:00:00Z,0.07,0.67,,0.3520515590966905
KXCS2MAP-26SEP271800MIRAALKAA-1-ALKAA,2026-09-26T13:00:29+00:00,KXCS2MAP-26SEP271800MIRAALKAA-1,cs2,ALKA,Mira,1,map,2026-09-29T22:00:00Z,0.35,0.93,,0.6540272267503806
KXCS2MAP-26SEP271200MIBRMW-2-MW,2026-09-26T13:00:29+00:00,KXCS2MAP-26SEP271200MIBRMW-2,cs2,METANOIA Wolves,MIBR fe,2,map,2026-09-29T16:00:00Z,0.11,0.85,,0.45576427948885967
KXCS2MAP-26SEP271200MIBRMW-2-MIBR,2026-09-26T13:00:29+00:00,KXCS2MAP-26SEP271200MIBRMW-2,cs2,MIBR fe,METANOIA Wolves,2,map,2026-09-29T16:00:00Z,0.07,0.93,,0.5405928546612256
KXCS2MAP-26SEP271200MIBRMW-1-MW,2026-09-26T13:00:29+00:00,KXCS2MAP-26SEP271200MIBRMW-1,cs2,METANOIA Wolves,MIBR fe,1,map,2026-09-29T16:00:00Z,0.11,0.93,,0.457255339710939
KXCS2MAP-26SEP271200MIBRMW-1-MIBR,2026-09-26T13:00:29+00:00,KXCS2MAP-26SEP271200MIBRMW-1,cs2,MIBR fe,METANOIA Wolves,1,map,2026-09-29T16:00:00Z,0.07,0.93,,0.5420391615859902
KXCS2MAP-26SEP270900SEMCHAMA-2-SEM,2026-09-26T13:00:29+00:00,KXCS2MAP-26SEP270900SEMCHAMA-2,cs2,Semente do Mal,BORRACHEIROS,2,map,2026-09-29T13:00:00Z,0.09,0.72,,
KXCS2MAP-26SEP270900SEMCHAMA-2-CHAMA,2026-09-26T13:00:29+00:00,KXCS2MAP-26SEP270900SEMCHAMA-2,cs2,BORRACHEIROS,Semente do Mal,2,map,2026-09-29T13:00:00Z,0.2,0.89,,
KXCS2MAP-26SEP270900SEMCHAMA-1-SEM,2026-09-26T13:00:29+00:00,KXCS2MAP-26SEP270900SEMCHAMA-1,cs2,Semente do Mal,BORRACHEIROS,1,map,2026-09-29T13:00:00Z,0.06,0.9,,
KXCS2MAP-26SEP270900SEMCHAMA-1-CHAMA,2026-09-26T13:00:29+00:00,KXCS2MAP-26SEP270900SEMCHAMA-1,cs2,BORRACHEIROS,Semente do Mal,1,map,2026-09-29T13:00:00Z,0.32,0.91,,
KXCS2MAP-26SEP261800PLDGRE-2-PLD,2026-09-26T13:00:29+00:00,KXCS2MAP-26SEP261800PLDGRE-2,cs2,Peladona,Gremio Esports,2,map,2026-09-28T22:00:00Z,0.27,0.84,,
KXCS2MAP-26SEP261800PLDGRE-2-GRE,2026-09-26T13:00:29+00:00,KXCS2MAP-26SEP261800PLDGRE-2,cs2,Gremio Esports,Peladona,2,map,2026-09-28T22:00:00Z,0.07,0.58,,
KXCS2MAP-26SEP261800PLDGRE-1-PLD,2026-09-26T13:00:29+00:00,KXCS2MAP-26SEP261800PLDGRE-1,cs2,Peladona,Gremio Esports,1,map,2026-09-28T22:00:00Z,0.18,0.88,,
KXCS2MAP-26SEP261800PLDGRE-1-GRE,2026-09-26T13:00:29+00:00,KXCS2MAP-26SEP261800PLDGRE-1,cs2,Gremio Esports,Peladona,1,map,2026-09-28T22:00:00Z,0.07,0.93,,
KXCS2MAP-26SEP261500MEIQUIN-2-QUIN,2026-09-26T13:00:29+00:00,KXCS2MAP-26SEP261500MEIQUIN-2,cs2,QUINTESSENCIA,MEIA NOITE,2,map,2026-09-28T19:00:00Z,0.4,0.69,,
KXCS2MAP-26SEP261500MEIQUIN-2-MEI,2026-09-26T13:00:29+00:00,KXCS2MAP-26SEP261500MEIQUIN-2,cs2,MEIA NOITE,QUINTESSENCIA,2,map,2026-09-28T19:00:00Z,0.26,0.63,,
KXCS2MAP-26SEP261500MEIQUIN-1-QUIN,2026-09-26T13:00:29+00:00,KXCS2MAP-26SEP261500MEIQUIN-1,cs2,QUINTESSENCIA,MEIA NOITE,1,map,2026-09-28T19:00:00Z,0.39,0.68,,
KXCS2MAP-26SEP261500MEIQUIN-1-MEI,2026-09-26T13:00:29+00:00,KXCS2MAP-26SEP261500MEIQUIN-1,cs2,MEIA NOITE,QUINTESSENCIA,1,map,2026-09-28T19:00:00Z,0.09,0.71,,
KXCS2MAP-26SEP261300M80VOC-2-VOC,2026-09-26T13:00:29+00:00,KXCS2MAP-26SEP261300M80VOC-2,cs2,Voca,M80,2,map,2026-09-28T17:00:00Z,0.26,0.32,,0.43872165069757946
KXCS2MAP-26SEP261300M80VOC-2-M80,2026-09-26T13:00:29+00:00,KXCS2MAP-26SEP261300M80VOC-2,cs2,M80,Voca,2,map,2026-09-28T17:00:00Z,0.61,0.77,,0.5754958814384716
KXCS2MAP-26SEP261300M80VOC-1-VOC,2026-09-26T13:00:29+00:00,KXCS2MAP-26SEP261300M80VOC-1,cs2,Voca,M80,1,map,2026-09-28T17:00:00Z,0.34,0.4,,0.4362290488303395
KXCS2MAP-26SEP261300M80VOC-1-M80,2026-09-26T13:00:29+00:00,KXCS2MAP-26SEP261300M80VOC-1,cs2,M80,Voca,1,map,2026-09-28T17:00:00Z,0.61,0.7,,0.5754958814384716
KXCS2MAP-26SEP261200YOUZET-2-ZET,2026-09-26T13:00:29+00:00,KXCS2MAP-26SEP261200YOUZET-2,cs2,Zetta Games,your end,2,map,2026-09-28T16:00:00Z,0.06,0.81,,
KXCS2MAP-26SEP261200YOUZET-2-YOU,2026-09-26T13:00:29+00:00,KXCS2MAP-26SEP261200YOUZET-2,cs2,your end,Zetta Games,2,map,2026-09-28T16:00:00Z,0.15,0.94,,
KXCS2MAP-26SEP261200YOUZET-1-ZET,2026-09-26T13:00:29+00:00,KXCS2MAP-26SEP261200YOUZET-1,cs2,Zetta Games,your end,1,map,2026-09-28T16:00:00Z,0.06,0.94,,
KXCS2MAP-26SEP261200YOUZET-1-YOU,2026-09-26T13:00:29+00:00,KXCS2MAP-26SEP261200YOUZET-1,cs2,your end,Zetta Games,1,map,2026-09-28T16:00:00Z,0.06,0.94,,
KXCS2MAP-26SEP261700YAWMW-2-YAW,2026-09-26T13:00:29+00:00,KXCS2MAP-26SEP261700YAWMW-2,cs2,Yawara Esports,METANOIA Wolves,2,map,2026-09-28T21:00:00Z,0.27,0.79,,
KXCS2MAP-26SEP261700YAWMW-2-MW,2026-09-26T13:00:29+00:00,KXCS2MAP-26SEP261700YAWMW-2,cs2,METANOIA Wolves,Yawara Esports,2,map,2026-09-28T21:00:00Z,0.21,0.3,,
KXCS2MAP-26SEP261700YAWMW-1-YAW,2026-09-26T13:00:29+00:00,KXCS2MAP-26SEP261700YAWMW-1,cs2,Yawara Esports,METANOIA Wolves,1,map,2026-09-28T21:00:00Z,0.71,0.76,,
KXCS2MAP-26SEP261700YAWMW-1-MW,2026-09-26T13:00:29+00:00,KXCS2MAP-26SEP261700YAWMW-1,cs2,METANOIA Wolves,Yawara Esports,1,map,2026-09-28T21:00:00Z,0.21,0.38,,
KXCS2MAP-26SEP261700ALKAATDP-2-TDP,2026-09-26T13:00:29+00:00,KXCS2MAP-26SEP261700ALKAATDP-2,cs2,Turma do Pagode,ALKA,2,map,2026-09-28T21:00:00Z,0.65,0.7,,0.4824010539002149
KXCS2MAP-26SEP261700ALKAATDP-2-ALKAA,2026-09-26T13:00:29+00:00,KXCS2MAP-26SEP261700ALKAATDP-2,cs2,ALKA,Turma do Pagode,2,map,2026-09-28T21:00:00Z,0.22,0.36,,0.5326328039185354
KXCS2MAP-26SEP261700ALKAATDP-1-TDP,2026-09-26T13:00:29+00:00,KXCS2MAP-26SEP261700ALKAATDP-1,cs2,Turma do Pagode,ALKA,1,map,2026-09-28T21:00:00Z,0.61,0.69,,0.4824010539002149
KXCS2MAP-26SEP261700ALKAATDP-1-ALKAA,2026-09-26T13:00:29+00:00,KXCS2MAP-26SEP261700ALKAATDP-1,cs2,ALKA,Turma do Pagode,1,map,2026-09-28T21:00:00Z,0.31,0.39,,0.5295699073494305
KXCS2MAP-26SEP261300NRGWC-2-WC,2026-09-26T13:00:29+00:00,KXCS2MAP-26SEP261300NRGWC-2,cs2,Wildcard,NRG,2,map,2026-09-28T17:00:00Z,0.35,0.4,,0.397446545961165
KXCS2MAP-26SEP261300NRGWC-2-NRG,2026-09-26T13:00:29+00:00,KXCS2MAP-26SEP261300NRGWC-2,cs2,NRG,Wildcard,2,map,2026-09-28T17:00:00Z,0.6,0.65,,0.6319151658608619
KXCS2MAP-26SEP261300NRGWC-1-WC,2026-09-26T13:00:29+00:00,KXCS2MAP-26SEP261300NRGWC-1,cs2,Wildcard,NRG,1,map,2026-09-28T17:00:00Z,0.36,0.75,,0.397446545961165
KXCS2MAP-26SEP261300NRGWC-1-NRG,2026-09-26T13:00:29+00:00,KXCS2MAP-26SEP261300NRGWC-1,cs2,NRG,Wildcard,1,map,2026-09-28T17:00:00Z,0.26,0.63,,0.6319151658608619
KXCS2MAP-26SEP260945FORZERBAN-2-FORZER,2026-09-26T13:00:29+00:00,KXCS2MAP-26SEP260945FORZERBAN-2,cs2,FORZE Reload,Banda LFO,2,map,2026-09-28T13:45:00Z,0.06,0.94,,
KXCS2MAP-26SEP260945FORZERBAN-2-BAN,2026-09-26T13:00:29+00:00,KXCS2MAP-26SEP260945FORZERBAN-2,cs2,Banda LFO,FORZE Reload,2,map,2026-09-28T13:45:00Z,0.07,0.9,,
KXCS2MAP-26SEP260945FORZERBAN-1-FORZER,2026-09-26T13:00:29+00:00,KXCS2MAP-26SEP260945FORZERBAN-1,cs2,FORZE Reload,Banda LFO,1,map,2026-09-28T13:45:00Z,0.06,0.93,,
KXCS2MAP-26SEP260945FORZERBAN-1-BAN,2026-09-26T13:00:29+00:00,KXCS2MAP-26SEP260945FORZERBAN-1,cs2,Banda LFO,FORZE Reload,1,map,2026-09-28T13:45:00Z,0.1,0.93,,
KXCS2MAP-26SEP271700PROGLS-2-PRO,2026-09-26T13:00:29+00:00,KXCS2MAP-26SEP271700PROGLS-2,cs2,Procyon Gaming,Galorys,2,map,2026-09-29T21:00:00Z,0.29,0.87,,
KXCS2MAP-26SEP271700PROGLS-2-GLS,2026-09-26T13:00:29+00:00,KXCS2MAP-26SEP271700PROGLS-2,cs2,Galorys,Procyon Gaming,2,map,2026-09-29T21:00:00Z,0.07,0.71,,
KXCS2MAP-26SEP271700PROGLS-1-PRO,2026-09-26T13:00:29+00:00,KXCS2MAP-26SEP271700PROGLS-1,cs2,Procyon Gaming,Galorys,1,map,2026-09-29T21:00:00Z,0.07,0.89,,
KXCS2MAP-26SEP271700PROGLS-1-GLS,2026-09-26T13:00:29+00:00,KXCS2MAP-26SEP271700PROGLS-1,cs2,Galorys,Procyon Gaming,1,map,2026-09-29T21:00:00Z,0.17,0.92,,
KXCS2MAP-26SEP261400GLMGC-2-MGC,2026-09-26T13:00:29+00:00,KXCS2MAP-26SEP261400GLMGC-2,cs2,magic,GamerLegion,2,map,2026-09-28T18:00:00Z,0.41,0.49,,0.5709462836289171
KXCS2MAP-26SEP261400GLMGC-2-GL,2026-09-26T13:00:29+00:00,KXCS2MAP-26SEP261400GLMGC-2,cs2,GamerLegion,magic,2,map,2026-09-28T18:00:00Z,0.51,0.61,,0.42961155416358127
KXCS2MAP-26SEP261400GLMGC-1-MGC,2026-09-26T13:00:29+00:00,KXCS2MAP-26SEP261400GLMGC-1,cs2,magic,GamerLegion,1,map,2026-09-28T18:00:00Z,0.49,0.55,,0.5747743765124163
KXCS2MAP-26SEP261400GLMGC-1-GL,2026-09-26T13:00:29+00:00,KXCS2MAP-26SEP261400GLMGC-1,cs2,GamerLegion,magic,1,map,2026-09-28T18:00:00Z,0.45,0.51,,0.43144103777574333
KXCS2MAP-26SEP260800K27EYE-2-K27,2026-09-26T13:00:29+00:00,KXCS2MAP-26SEP260800K27EYE-2,cs2,K27,EYEBALLERS,2,map,2026-09-28T12:00:00Z,0.38,0.59,,0.6176651473901235
KXCS2MAP-26SEP260800K27EYE-2-EYE,2026-09-26T13:00:29+00:00,KXCS2MAP-26SEP260800K27EYE-2,cs2,EYEBALLERS,K27,2,map,2026-09-28T12:00:00Z,0.4,0.47,,0.3710359792431552
KXCS2MAP-26SEP260800K27EYE-1-K27,2026-09-26T13:00:29+00:00,KXCS2MAP-26SEP260800K27EYE-1,cs2,K27,EYEBALLERS,1,map,2026-09-28T12:00:00Z,0.67,0.88,,0.6165815623130522
KXCS2MAP-26SEP260800K27EYE-1-EYE,2026-09-26T13:00:29+00:00,KXCS2MAP-26SEP260800K27EYE-1,cs2,EYEBALLERS,K27,1,map,2026-09-28T12:00:00Z,0.13,0.29,,0.3723802827989957
KXCS2MAP-26SEP281500QUINBSTA-2-QUIN,2026-09-26T13:00:29+00:00,KXCS2MAP-26SEP281500QUINBSTA-2,cs2,QUINTESSENCIA,BESTIA Academy,2,map,2026-09-30T19:00:00Z,0.3,0.93,,
KXCS2MAP-26SEP281500QUINBSTA-2-BSTA,2026-09-26T13:00:29+00:00,KXCS2MAP-26SEP281500QUINBSTA-2,cs2,BESTIA Academy,QUINTESSENCIA,2,map,2026-09-30T19:00:00Z,0.1,0.68,,
KXCS2MAP-26SEP281500QUINBSTA-1-QUIN,2026-09-26T13:00:29+00:00,KXCS2MAP-26SEP281500QUINBSTA-1,cs2,QUINTESSENCIA,BESTIA Academy,1,map,2026-09-30T19:00:00Z,0.31,0.93,,
KXCS2MAP-26SEP281500QUINBSTA-1-BSTA,2026-09-26T13:00:29+00:00,KXCS2MAP-26SEP281500QUINBSTA-1,cs2,BESTIA Academy,QUINTESSENCIA,1,map,2026-09-30T19:00:00Z,0.08,0.66,,
KXCS2MAP-26SEP281400PANDUCKS-2-PAN,2026-09-26T13:00:29+00:00,KXCS2MAP-26SEP281400PANDUCKS-2,cs2,Pandaric eSports,Playing Ducks,2,map,2026-09-30T18:00:00Z,0.06,0.94,,
KXCS2MAP-26SEP281400PANDUCKS-2-DUCKS,2026-09-26T13:00:29+00:00,KXCS2MAP-26SEP281400PANDUCKS-2,cs2,Playing Ducks,Pandaric eSports,2,map,2026-09-30T18:00:00Z,0.06,0.94,,
KXCS2MAP-26SEP281400PANDUCKS-1-PAN,2026-09-26T13:00:29+00:00,KXCS2MAP-26SEP281400PANDUCKS-1,cs2,Pandaric eSports,Playing Ducks,1,map,2026-09-30T18:00:00Z,0.06,0.93,,
KXCS2MAP-26SEP281400PANDUCKS-1-DUCKS,2026-09-26T13:00:29+00:00,KXCS2MAP-26SEP281400PANDUCKS-1,cs2,Playing Ducks,Pandaric eSports,1,map,2026-09-30T18:00:00Z,0.15,0.91,,
KXCS2MAP-26SEP281400LEIBIGA-2-LEI,2026-09-26T13:00:29+00:00,KXCS2MAP-26SEP281400LEIBIGA-2,cs2,Team LEISURE,BIG Academy,2,map,2026-09-30T18:00:00Z,0.06,0.94,,
KXCS2MAP-26SEP281400LEIBIGA-2-BIGA,2026-09-26T13:00:29+00:00,KXCS2MAP-26SEP281400LEIBIGA-2,cs2,BIG Academy,Team LEISURE,2,map,2026-09-30T18:00:00Z,0.06,0.94,,
KXCS2MAP-26SEP281400LEIBIGA-1-LEI,2026-09-26T13:00:29+00:00,KXCS2MAP-26SEP281400LEIBIGA-1,cs2,Team LEISURE,BIG Academy,1,map,2026-09-30T18:00:00Z,0.06,0.94,,
KXCS2MAP-26SEP281400LEIBIGA-1-BIGA,2026-09-26T13:00:29+00:00,KXCS2MAP-26SEP281400LEIBIGA-1,cs2,BIG Academy,Team LEISURE,1,map,2026-09-30T18:00:00Z,0.07,0.92,,
KXCS2MAP-26SEP281200SSPBLU-2-SSP,2026-09-26T13:00:29+00:00,KXCS2MAP-26SEP281200SSPBLU-2,cs2,Sissi State Punks,BLUEJAYS.de,2,map,2026-09-30T16:00:00Z,0.06,0.94,,
KXCS2MAP-26SEP281200SSPBLU-2-BLU,2026-09-26T13:00:29+00:00,KXCS2MAP-26SEP281200SSPBLU-2,cs2,BLUEJAYS.de,Sissi State Punks,2,map,2026-09-30T16:00:00Z,0.08,0.91,,
KXCS2MAP-26SEP281200SSPBLU-1-SSP,2026-09-26T13:00:29+00:00,KXCS2MAP-26SEP281200SSPBLU-1,cs2,Sissi State Punks,BLUEJAYS.de,1,map,2026-09-30T16:00:00Z,0.06,0.94,,
KXCS2MAP-26SEP281200SSPBLU-1-BLU,2026-09-26T13:00:29+00:00,KXCS2MAP-26SEP281200SSPBLU-1,cs2,BLUEJAYS.de,Sissi State Punks,1,map,2026-09-30T16:00:00Z,0.07,0.85,,
KXCS2MAP-26SEP280630OLDXI-2-XI,2026-09-26T13:00:29+00:00,KXCS2MAP-26SEP280630OLDXI-2,cs2,XI Esport,OldMix,2,map,2026-09-30T10:30:00Z,0.06,0.94,,
KXCS2MAP-26SEP280630OLDXI-2-OLD,2026-09-26T13:00:29+00:00,KXCS2MAP-26SEP280630OLDXI-2,cs2,OldMix,XI Esport,2,map,2026-09-30T10:30:00Z,0.06,0.94,,
KXCS2MAP-26SEP280630OLDXI-1-XI,2026-09-26T13:00:29+00:00,KXCS2MAP-26SEP280630OLDXI-1,cs2,XI Esport,OldMix,1,map,2026-09-30T10:30:00Z,0.06,0.94,,
KXCS2MAP-26SEP280630OLDXI-1-OLD,2026-09-26T13:00:29+00:00,KXCS2MAP-26SEP280630OLDXI-1,cs2,OldMix,XI Esport,1,map,2026-09-30T10:30:00Z,0.06,0.94,,
KXCS2MAP-26SEP280400EFATTBS-2-TTBS,2026-09-26T13:00:29+00:00,KXCS2MAP-26SEP280400EFATTBS-2,cs2,Teletubisie,Eternal Fire Academy,2,map,2026-09-30T08:00:00Z,0.08,0.94,,0.7472974237965254
KXCS2MAP-26SEP280400EFATTBS-2-EFA,2026-09-26T13:00:29+00:00,KXCS2MAP-26SEP280400EFATTBS-2,cs2,Eternal Fire Academy,Teletubisie,2,map,2026-09-30T08:00:00Z,0.06,0.94,,0.22782837843458187
KXCS2MAP-26SEP280400EFATTBS-1-TTBS,2026-09-26T13:00:29+00:00,KXCS2MAP-26SEP280400EFATTBS-1,cs2,Teletubisie,Eternal Fire Academy,1,map,2026-09-30T08:00:00Z,0.09,0.94,,0.7478401575179047
KXCS2MAP-26SEP280400EFATTBS-1-EFA,2026-09-26T13:00:29+00:00,KXCS2MAP-26SEP280400EFATTBS-1,cs2,Eternal Fire Academy,Teletubisie,1,map,2026-09-30T08:00:00Z,0.06,0.94,,0.23055036179385408
KXCS2MAP-26SEP261400OTLILMIX-2-OT,2026-09-26T13:00:29+00:00,KXCS2MAP-26SEP261400OTLILMIX-2,cs2,overTIME,Lilmix,2,map,2026-09-28T18:00:00Z,0.06,0.93,,0.6515005607234834
KXCS2MAP-26SEP261400OTLILMIX-2-LILMIX,2026-09-26T13:00:29+00:00,KXCS2MAP-26SEP261400OTLILMIX-2,cs2,Lilmix,overTIME,2,map,2026-09-28T18:00:00Z,0.07,0.93,,0.34526033300493647
KXCS2MAP-26SEP261400OTLILMIX-1-OT,2026-09-26T13:00:29+00:00,KXCS2MAP-26SEP261400OTLILMIX-1,cs2,overTIME,Lilmix,1,map,2026-09-28T18:00:00Z,0.06,0.88,,0.6564382983817306
KXCS2MAP-26SEP261400OTLILMIX-1-LILMIX,2026-09-26T13:00:29+00:00,KXCS2MAP-26SEP261400OTLILMIX-1,cs2,Lilmix,overTIME,1,map,2026-09-28T18:00:00Z,0.09,0.87,,0.34874426389148233
KXCS2MAP-26SEP261200INFG1-2-INF,2026-09-26T13:00:29+00:00,KXCS2MAP-26SEP261200INFG1-2,cs2,INFINITE,GenOne,2,map,2026-09-28T16:00:00Z,0.27,0.53,,0.3743581093189124
KXCS2MAP-26SEP261200INFG1-2-G1,2026-09-26T13:00:29+00:00,KXCS2MAP-26SEP261200INFG1-2,cs2,GenOne,INFINITE,2,map,2026-09-28T16:00:00Z,0.29,0.6,,0.6070600908950481
KXCS2MAP-26SEP261200INFG1-1-INF,2026-09-26T13:00:29+00:00,KXCS2MAP-26SEP261200INFG1-1,cs2,INFINITE,GenOne,1,map,2026-09-28T16:00:00Z,0.07,0.71,,0.36873405180835384
KXCS2MAP-26SEP261200INFG1-1-G1,2026-09-26T13:00:29+00:00,KXCS2MAP-26SEP261200INFG1-1,cs2,GenOne,INFINITE,1,map,2026-09-28T16:00:00Z,0.25,0.62,,0.6122426571287694
KXCS2MAP-26SEP260800BMBEAC-2-EAC,2026-09-26T13:00:29+00:00,KXCS2MAP-26SEP260800BMBEAC-2,cs2,Esport Academy Copenhagen,BASEMENT BOYS,2,map,2026-09-28T12:00:00Z,0.27,0.72,,
KXCS2MAP-26SEP260800BMBEAC-2-BMB,2026-09-26T13:00:29+00:00,KXCS2MAP-26SEP260800BMBEAC-2,cs2,BASEMENT BOYS,Esport Academy Copenhagen,2,map,2026-09-28T12:00:00Z,0.26,0.66,,
KXCS2MAP-26SEP260800BMBEAC-1-EAC,2026-09-26T13:00:29+00:00,KXCS2MAP-26SEP260800BMBEAC-1,cs2,Esport Academy Copenhagen,BASEMENT BOYS,1,map,2026-09-28T12:00:00Z,0.17,0.89,,
KXCS2MAP-26SEP260800BMBEAC-1-BMB,2026-09-26T13:00:29+00:00,KXCS2MAP-26SEP260800BMBEAC-1,cs2,BASEMENT BOYS,Esport Academy Copenhagen,1,map,2026-09-28T12:00:00Z,0.03,0.26,,
KXCS2MAP-26SEP270945ILLPHAC-2-PHAC,2026-09-26T13:00:29+00:00,KXCS2MAP-26SEP270945ILLPHAC-2,cs2,Phantom Academy,Illyrians,2,map,2026-09-29T13:45:00Z,0.12,0.7,,0.4328640429979945
KXCS2MAP-26SEP270945ILLPHAC-2-ILL,2026-09-26T13:00:29+00:00,KXCS2MAP-26SEP270945ILLPHAC-2,cs2,Illyrians,Phantom Academy,2,map,2026-09-29T13:45:00Z,0.27,0.88,,0.5682359890470923
KXCS2MAP-26SEP270945ILLPHAC-1-PHAC,2026-09-26T13:00:29+00:00,KXCS2MAP-26SEP270945ILLPHAC-1,cs2,Phantom Academy,Illyrians,1,map,2026-09-29T13:45:00Z,0.17,0.74,,0.43433997496968074
KXCS2MAP-26SEP270945ILLPHAC-1-ILL,2026-09-26T13:00:29+00:00,KXCS2MAP-26SEP270945ILLPHAC-1,cs2,Illyrians,Phantom Academy,1,map,2026-09-29T13:45:00Z,0.23,0.85,,0.5689414652700386
KXCS2MAP-26SEP270945BIGAMAI-2-MAI,2026-09-26T13:00:29+00:00,KXCS2MAP-26SEP270945BIGAMAI-2,cs2,Mai Tai,BIG Academy,2,map,2026-09-29T13:45:00Z,0.21,0.83,,0.23992989766092274
KXCS2MAP-26SEP270945BIGAMAI-2-BIGA,2026-09-26T13:00:29+00:00,KXCS2MAP-26SEP270945BIGAMAI-2,cs2,BIG Academy,Mai Tai,2,map,2026-09-29T13:45:00Z,0.19,0.79,,0.7438126437587049
KXCS2MAP-26SEP270945BIGAMAI-1-MAI,2026-09-26T13:00:29+00:00,KXCS2MAP-26SEP270945BIGAMAI-1,cs2,Mai Tai,BIG Academy,1,map,2026-09-29T13:45:00Z,0.25,0.83,,0.24098118553108172
KXCS2MAP-26SEP270945BIGAMAI-1-BIGA,2026-09-26T13:00:29+00:00,KXCS2MAP-26SEP270945BIGAMAI-1,cs2,BIG Academy,Mai Tai,1,map,2026-09-29T13:45:00Z,0.18,0.75,,0.7449220164732798
KXCS2MAP-26SEP270700TRAMEG-2-TRA,2026-09-26T13:00:29+00:00,KXCS2MAP-26SEP270700TRAMEG-2,cs2,train launcher,megoshort,2,map,2026-09-29T11:00:00Z,0.22,0.86,,0.3907926865761208
KXCS2MAP-26SEP270700TRAMEG-2-MEG,2026-09-26T13:00:29+00:00,KXCS2MAP-26SEP270700TRAMEG-2,cs2,megoshort,train launcher,2,map,2026-09-29T11:00:00Z,0.16,0.78,,0.5488012530388442
KXCS2MAP-26SEP270700TRAMEG-1-TRA,2026-09-26T13:00:29+00:00,KXCS2MAP-26SEP270700TRAMEG-1,cs2,train launcher,megoshort,1,map,2026-09-29T11:00:00Z,0.22,0.82,,0.39111530104757075
KXCS2MAP-26SEP270700TRAMEG-1-MEG,2026-09-26T13:00:29+00:00,KXCS2MAP-26SEP270700TRAMEG-1,cs2,megoshort,train launcher,1,map,2026-09-29T11:00:00Z,0.19,0.78,,0.5506483025699296
KXCS2MAP-26SEP270700EPMOR-2-MOR,2026-09-26T13:00:29+00:00,KXCS2MAP-26SEP270700EPMOR-2,cs2,MORROW,eternal premium,2,map,2026-09-29T11:00:00Z,0.36,0.87,,
KXCS2MAP-26SEP270700EPMOR-2-EP,2026-09-26T13:00:29+00:00,KXCS2MAP-26SEP270700EPMOR-2,cs2,eternal premium,MORROW,2,map,2026-09-29T11:00:00Z,0.14,0.66,,
KXCS2MAP-26SEP270700EPMOR-1-MOR,2026-09-26T13:00:29+00:00,KXCS2MAP-26SEP270700EPMOR-1,cs2,MORROW,eternal premium,1,map,2026-09-29T11:00:00Z,0.3,0.89,,
KXCS2MAP-26SEP270700EPMOR-1-EP,2026-09-26T13:00:29+00:00,KXCS2MAP-26SEP270700EPMOR-1,cs2,eternal premium,MORROW,1,map,2026-09-29T11:00:00Z,0.09,0.68,,
KXCS2MAP-26SEP261300AIMMZP-2-MZP,2026-09-26T13:00:29+00:00,KXCS2MAP-26SEP261300AIMMZP-2,cs2,Metizport,aimclub,2,map,2026-09-28T17:00:00Z,0.72,0.79,,0.637476288159006
KXCS2MAP-26SEP261300AIMMZP-2-AIM,2026-09-26T13:00:29+00:00,KXCS2MAP-26SEP261300AIMMZP-2,cs2,aimclub,Metizport,2,map,2026-09-28T17:00:00Z,0.23,0.27,,0.37990687536725665
KXCS2MAP-26SEP261300AIMMZP-1-MZP,2026-09-26T13:00:29+00:00,KXCS2MAP-26SEP261300AIMMZP-1,cs2,Metizport,aimclub,1,map,2026-09-28T17:00:00Z,0.41,0.72,,0.6353317818264858
KXCS2MAP-26SEP261300AIMMZP-1-AIM,2026-09-26T13:00:29+00:00,KXCS2MAP-26SEP261300AIMMZP-1,cs2,aimclub,Metizport,1,map,2026-09-28T17:00:00Z,0.28,0.59,,0.3839047887598913
KXCS2MAP-26SEP261200MOUZNSAW-2-SAW,2026-09-26T13:00:29+00:00,KXCS2MAP-26SEP261200MOUZNSAW-2,cs2,SAW,MOUZ NXT,2,map,2026-09-28T16:00:00Z,0.72,0.77,,0.5217503476219242
KXCS2MAP-26SEP261200MOUZNSAW-2-MOUZN,2026-09-26T13:00:29+00:00,KXCS2MAP-26SEP261200MOUZNSAW-2,cs2,MOUZ NXT,SAW,2,map,2026-09-28T16:00:00Z,0.23,0.29,,0.45814442009362866
KXCS2MAP-26SEP261200MOUZNSAW-1-SAW,2026-09-26T13:00:29+00:00,KXCS2MAP-26SEP261200MOUZNSAW-1,cs2,SAW,MOUZ NXT,1,map,2026-09-28T16:00:00Z,0.66,0.71,,0.522042335445342
KXCS2MAP-26SEP261200MOUZNSAW-1-MOUZN,2026-09-26T13:00:29+00:00,KXCS2MAP-26SEP261200MOUZNSAW-1,cs2,MOUZ NXT,SAW,1,map,2026-09-28T16:00:00Z,0.29,0.35,,0.4584807911541841
KXCS2MAP-26SEP261000BTFIS-2-IS,2026-09-26T13:00:29+00:00,KXCS2MAP-26SEP261000BTFIS-2,cs2,Iberian Soul,Butterfly,2,map,2026-09-28T14:00:00Z,0.59,0.7,,0.5662201187165585
KXCS2MAP-26SEP261000BTFIS-2-BTF,2026-09-26T13:00:29+00:00,KXCS2MAP-26SEP261000BTFIS-2,cs2,Butterfly,Iberian Soul,2,map,2026-09-28T14:00:00Z,0.29,0.41,,0.4255934174934436
KXCS2MAP-26SEP261000BTFIS-1-IS,2026-09-26T13:00:29+00:00,KXCS2MAP-26SEP261000BTFIS-1,cs2,Iberian Soul,Butterfly,1,map,2026-09-28T14:00:00Z,0.17,0.72,,0.572349902771115
KXCS2MAP-26SEP261000BTFIS-1-BTF,2026-09-26T13:00:29+00:00,KXCS2MAP-26SEP261000BTFIS-1,cs2,Butterfly,Iberian Soul,1,map,2026-09-28T14:00:00Z,0.07,0.6,,0.4259246753129425
KXCS2MAP-26SEP260945MELPG-2-PG,2026-09-26T13:00:29+00:00,KXCS2MAP-26SEP260945MELPG-2,cs2,Privateer Gaming,mellren,2,map,2026-09-28T13:45:00Z,0.17,0.66,,
KXCS2MAP-26SEP260945MELPG-2-MEL,2026-09-26T13:00:29+00:00,KXCS2MAP-26SEP260945MELPG-2,cs2,mellren,Privateer Gaming,2,map,2026-09-28T13:45:00Z,0.26,0.86,,
KXCS2MAP-26SEP260945MELPG-1-PG,2026-09-26T13:00:29+00:00,KXCS2MAP-26SEP260945MELPG-1,cs2,Privateer Gaming,mellren,1,map,2026-09-28T13:45:00Z,0.09,0.65,,
KXCS2MAP-26SEP260945MELPG-1-MEL,2026-09-26T13:00:29+00:00,KXCS2MAP-26SEP260945MELPG-1,cs2,mellren,Privateer Gaming,1,map,2026-09-28T13:45:00Z,0.17,0.87,,
KXCS2MAP-26SEP260900NPGRBLS-2-RBLS,2026-09-26T13:00:29+00:00,KXCS2MAP-26SEP260900NPGRBLS-2,cs2,Rebels Gaming,Nordic Partners Gaming,2,map,2026-09-28T13:00:00Z,0.26,0.81,,
KXCS2MAP-26SEP260900NPGRBLS-2-NPG,2026-09-26T13:00:29+00:00,KXCS2MAP-26SEP260900NPGRBLS-2,cs2,Nordic Partners Gaming,Rebels Gaming,2,map,2026-09-28T13:00:00Z,0.16,0.74,,
KXCS2MAP-26SEP260900NPGRBLS-1-RBLS,2026-09-26T13:00:29+00:00,KXCS2MAP-26SEP260900NPGRBLS-1,cs2,Rebels Gaming,Nordic Partners Gaming,1,map,2026-09-28T13:00:00Z,0.2,0.84,,
KXCS2MAP-26SEP260900NPGRBLS-1-NPG,2026-09-26T13:00:29+00:00,KXCS2MAP-26SEP260900NPGRBLS-1,cs2,Nordic Partners Gaming,Rebels Gaming,1,map,2026-09-28T13:00:00Z,0.08,0.62,,
KXCS2MAP-26SEP260800SASHINEM-2-SASHI,2026-09-26T13:00:29+00:00,KXCS2MAP-26SEP260800SASHINEM-2,cs2,Sashi Esport,Team Nemesis,2,map,2026-09-28T12:00:00Z,0.25,0.4,,
KXCS2MAP-26SEP260800SASHINEM-2-NEM,2026-09-26T13:00:29+00:00,KXCS2MAP-26SEP260800SASHINEM-2,cs2,Team Nemesis,Sashi Esport,2,map,2026-09-28T12:00:00Z,0.64,0.7,,
KXCS2MAP-26SEP260800SASHINEM-1-SASHI,2026-09-26T13:00:29+00:00,KXCS2MAP-26SEP260800SASHINEM-1,cs2,Sashi Esport,Team Nemesis,1,map,2026-09-28T12:00:00Z,,,,
KXCS2MAP-26SEP260800SASHINEM-1-NEM,2026-09-26T13:00:29+00:00,KXCS2MAP-26SEP260800SASHINEM-1,cs2,Team Nemesis,Sashi Esport,1,map,2026-09-28T12:00:00Z,,,,
KXCS2MAP-26SEP260700MAYTSA-2-TSA,2026-09-26T13:00:29+00:00,KXCS2MAP-26SEP260700MAYTSA-2,cs2,Spirit Academy,MAYBE,2,map,2026-09-28T11:00:00Z,0.99,,,0.6957726105091314
KXCS2MAP-26SEP260700MAYTSA-2-MAY,2026-09-26T13:00:29+00:00,KXCS2MAP-26SEP260700MAYTSA-2,cs2,MAYBE,Spirit Academy,2,map,2026-09-28T11:00:00Z,,0.01,,0.3164819986870053
KXCS2MAP-26SEP270400REVCTR-2-REV,2026-09-26T13:00:29+00:00,KXCS2MAP-26SEP270400REVCTR-2,cs2,Revenge,CTRL Esports,2,map,2026-09-29T08:00:00Z,0.21,0.8,,
KXCS2MAP-26SEP270400REVCTR-2-CTR,2026-09-26T13:00:29+00:00,KXCS2MAP-26SEP270400REVCTR-2,cs2,CTRL Esports,Revenge,2,map,2026-09-29T08:00:00Z,0.22,0.77,,
KXCS2MAP-26SEP270400REVCTR-1-REV,2026-09-26T13:00:29+00:00,KXCS2MAP-26SEP270400REVCTR-1,cs2,Revenge,CTRL Esports,1,map,2026-09-29T08:00:00Z,0.18,0.8,,
KXCS2MAP-26SEP270400REVCTR-1-CTR,2026-09-26T13:00:29+00:00,KXCS2MAP-26SEP270400REVCTR-1,cs2,CTRL Esports,Revenge,1,map,2026-09-29T08:00:00Z,0.22,0.8,,
KXCS2MAP-26SEP270630TUPSNA-2-TU,2026-09-26T13:00:29+00:00,KXCS2MAP-26SEP270630TUPSNA-2,cs2,THE UNIT,Passion Academy,2,map,2026-09-29T10:30:00Z,0.1,0.73,,0.6739738584064631
KXCS2MAP-26SEP270630TUPSNA-2-PSNA,2026-09-26T13:00:29+00:00,KXCS2MAP-26SEP270630TUPSNA-2,cs2,Passion Academy,THE UNIT,2,map,2026-09-29T10:30:00Z,0.31,0.9,,0.28117492211287265
KXCS2MAP-26SEP270630TUPSNA-1-TU,2026-09-26T13:00:29+00:00,KXCS2MAP-26SEP270630TUPSNA-1,cs2,THE UNIT,Passion Academy,1,map,2026-09-29T10:30:00Z,0.17,0.65,,0.6802017481140776
KXCS2MAP-26SEP270630TUPSNA-1-PSNA,2026-09-26T13:00:29+00:00,KXCS2MAP-26SEP270630TUPSNA-1,cs2,Passion Academy,THE UNIT,1,map,2026-09-29T10:30:00Z,0.37,0.81,,0.28328883498792645
KXCS2MAP-26SEP261330YTIGERESSPI-2-YTIGERES,2026-09-26T13:00:29+00:00,KXCS2MAP-26SEP261330YTIGERESSPI-2,cs2,Young TigeRES,Spirit Academy Green,2,map,2026-09-28T17:30:00Z,0.32,0.59,,0.5075054000372231
KXCS2MAP-26SEP261330YTIGERESSPI-2-SPI,2026-09-26T13:00:29+00:00,KXCS2MAP-26SEP261330YTIGERESSPI-2,cs2,Spirit Academy Green,Young TigeRES,2,map,2026-09-28T17:30:00Z,0.29,0.66,,0.47637719920297933
KXCS2MAP-26SEP261330YTIGERESSPI-1-YTIGERES,2026-09-26T13:00:29+00:00,KXCS2MAP-26SEP261330YTIGERESSPI-1,cs2,Young TigeRES,Spirit Academy Green,1,map,2026-09-28T17:30:00Z,0.36,0.69,,0.5082703926111858
KXCS2MAP-26SEP261330YTIGERESSPI-1-SPI,2026-09-26T13:00:29+00:00,KXCS2MAP-26SEP261330YTIGERESSPI-1,cs2,Spirit Academy Green,Young TigeRES,1,map,2026-09-28T17:30:00Z,0.26,0.62,,0.4839666926368156
KXCS2MAP-26SEP261330FSFIRE-2-FS,2026-09-26T13:00:29+00:00,KXCS2MAP-26SEP261330FSFIRE-2,cs2,Fever Squad,Fire Flux Esports,2,map,2026-09-28T17:30:00Z,0.23,0.76,,
KXCS2MAP-26SEP261330FSFIRE-2-FIRE,2026-09-26T13:00:29+00:00,KXCS2MAP-26SEP261330FSFIRE-2,cs2,Fire Flux Esports,Fever Squad,2,map,2026-09-28T17:30:00Z,0.24,0.73,,
KXCS2MAP-26SEP261330FSFIRE-1-FS,2026-09-26T13:00:29+00:00,KXCS2MAP-26SEP261330FSFIRE-1,cs2,Fever Squad,Fire Flux Esports,1,map,2026-09-28T17:30:00Z,0.22,0.75,,
KXCS2MAP-26SEP261330FSFIRE-1-FIRE,2026-09-26T13:00:29+00:00,KXCS2MAP-26SEP261330FSFIRE-1,cs2,Fire Flux Esports,Fever Squad,1,map,2026-09-28T17:30:00Z,0.26,0.75,,
KXCS2MAP-26SEP261300ILLNOI-2-NOI,2026-09-26T13:00:29+00:00,KXCS2MAP-26SEP261300ILLNOI-2,cs2,Noir Verse,Illyrians,2,map,2026-09-28T17:00:00Z,0.32,0.39,,0.43551516963251513
KXCS2MAP-26SEP261300ILLNOI-2-ILL,2026-09-26T13:00:29+00:00,KXCS2MAP-26SEP261300ILLNOI-2,cs2,Illyrians,Noir Verse,2,map,2026-09-28T17:00:00Z,0.54,0.7,,0.5577718317283202
KXCS2MAP-26SEP261300ILLNOI-1-NOI,2026-09-26T13:00:29+00:00,KXCS2MAP-26SEP261300ILLNOI-1,cs2,Noir Verse,Illyrians,1,map,2026-09-28T17:00:00Z,0.08,0.43,,0.43620669793363587
KXCS2MAP-26SEP261300ILLNOI-1-ILL,2026-09-26T13:00:29+00:00,KXCS2MAP-26SEP261300ILLNOI-1,cs2,Illyrians,Noir Verse,1,map,2026-09-28T17:00:00Z,0.09,0.71,,0.5566403444515678
KXCS2MAP-26SEP261000BAKSLEO-2-LEO,2026-09-26T13:00:29+00:00,KXCS2MAP-26SEP261000BAKSLEO-2,cs2,Leo Team,BakS eSports,2,map,2026-09-28T14:00:00Z,0.06,0.88,,
KXCS2MAP-26SEP261000BAKSLEO-2-BAKS,2026-09-26T13:00:29+00:00,KXCS2MAP-26SEP261000BAKSLEO-2,cs2,BakS eSports,Leo Team,2,map,2026-09-28T14:00:00Z,0.06,0.93,,
KXCS2MAP-26SEP261000BAKSLEO-1-LEO,2026-09-26T13:00:29+00:00,KXCS2MAP-26SEP261000BAKSLEO-1,cs2,Leo Team,BakS eSports,1,map,2026-09-28T14:00:00Z,0.07,0.93,,
KXCS2MAP-26SEP261000BAKSLEO-1-BAKS,2026-09-26T13:00:29+00:00,KXCS2MAP-26SEP261000BAKSLEO-1,cs2,BakS eSports,Leo Team,1,map,2026-09-28T14:00:00Z,0.07,0.91,,
KXCS2MAP-26SEP260900SNGHERO-2-SNG,2026-09-26T13:00:29+00:00,KXCS2MAP-26SEP260900SNGHERO-2,cs2,Sangal,HEROIC,2,map,2026-09-28T13:00:00Z,0.1,0.33,,0.31577862883005725
KXCS2MAP-26SEP260900SNGHERO-2-HERO,2026-09-26T13:00:29+00:00,KXCS2MAP-26SEP260900SNGHERO-2,cs2,HEROIC,Sangal,2,map,2026-09-28T13:00:00Z,0.37,0.78,,0.6753631422757951
KXCS2MAP-26SEP260900SNGHERO-1-SNG,2026-09-26T13:00:29+00:00,KXCS2MAP-26SEP260900SNGHERO-1,cs2,Sangal,HEROIC,1,map,2026-09-28T13:00:00Z,0.26,0.33,,0.31582973071828524
KXCS2MAP-26SEP260900SNGHERO-1-HERO,2026-09-26T13:00:29+00:00,KXCS2MAP-26SEP260900SNGHERO-1,cs2,HEROIC,Sangal,1,map,2026-09-28T13:00:00Z,0.67,0.74,,0.673722332539527
KXCS2MAP-26SEP260630SINENCEP-2-SIN,2026-09-26T13:00:29+00:00,KXCS2MAP-26SEP260630SINENCEP-2,cs2,SINQU REHTI,ENCE Prospects,2,map,2026-09-28T10:30:00Z,,,,0.6101144696838308
KXCS2MAP-26SEP260630SINENCEP-2-ENCEP,2026-09-26T13:00:29+00:00,KXCS2MAP-26SEP260630SINENCEP-2,cs2,ENCE Prospects,SINQU REHTI,2,map,2026-09-28T10:30:00Z,,,,0.32547510662945817
KXCS2MAP-26SEP261400FCFTLR-2-TLR,2026-09-26T13:00:29+00:00,KXCS2MAP-26SEP261400FCFTLR-2,cs2,The Last Resort,FC Famalicao Esports,2,map,2026-09-28T18:00:00Z,0.27,0.75,,
KXCS2MAP-26SEP261400FCFTLR-2-FCF,2026-09-26T13:00:29+00:00,KXCS2MAP-26SEP261400FCFTLR-2,cs2,FC Famalicao Esports,The Last Resort,2,map,2026-09-28T18:00:00Z,0.15,0.59,,
KXCS2MAP-26SEP261400FCFTLR-1-TLR,2026-09-26T13:00:29+00:00,KXCS2MAP-26SEP261400FCFTLR-1,cs2,The Last Resort,FC Famalicao Esports,1,map,2026-09-28T18:00:00Z,0.07,0.83,,
KXCS2MAP-26SEP261400FCFTLR-1-FCF,2026-09-26T13:00:29+00:00,KXCS2MAP-26SEP261400FCFTLR-1,cs2,FC Famalicao Esports,The Last Resort,1,map,2026-09-28T18:00:00Z,0.06,0.72,,
KXCS2MAP-26SEP261330EXRK27-2-K27,2026-09-26T13:00:29+00:00,KXCS2MAP-26SEP261330EXRK27-2,cs2,K27,ex-RUBY,2,map,2026-09-28T17:30:00Z,0.27,0.78,,0.5730600552849868
KXCS2MAP-26SEP261330EXRK27-2-EXR,2026-09-26T13:00:29+00:00,KXCS2MAP-26SEP261330EXRK27-2,cs2,ex-RUBY,K27,2,map,2026-09-28T17:30:00Z,0.16,0.56,,0.441497732035627
KXCS2MAP-26SEP261330EXRK27-1-K27,2026-09-26T13:00:29+00:00,KXCS2MAP-26SEP261330EXRK27-1,cs2,K27,ex-RUBY,1,map,2026-09-28T17:30:00Z,0.27,0.82,,0.5730600552849868
KXCS2MAP-26SEP261330EXRK27-1-EXR,2026-09-26T13:00:29+00:00,KXCS2MAP-26SEP261330EXRK27-1,cs2,ex-RUBY,K27,1,map,2026-09-28T17:30:00Z,0.09,0.61,,0.441497732035627
KXCS2MAP-26SEP261230GLSPAIN-2-PAIN,2026-09-26T13:00:29+00:00,KXCS2MAP-26SEP261230GLSPAIN-2,cs2,paiN,Galorys,2,map,2026-09-28T16:30:00Z,0.54,0.59,,0.4392962086946289
KXCS2MAP-26SEP261230GLSPAIN-2-GLS,2026-09-26T13:00:29+00:00,KXCS2MAP-26SEP261230GLSPAIN-2,cs2,Galorys,paiN,2,map,2026-09-28T16:30:00Z,0.41,0.46,,0.5715641920013267
KXCS2MAP-26SEP261230GLSPAIN-1-PAIN,2026-09-26T13:00:29+00:00,KXCS2MAP-26SEP261230GLSPAIN-1,cs2,paiN,Galorys,1,map,2026-09-28T16:30:00Z,0.51,0.55,,0.4392962086946289
KXCS2MAP-26SEP261230GLSPAIN-1-GLS,2026-09-26T13:00:29+00:00,KXCS2MAP-26SEP261230GLSPAIN-1,cs2,Galorys,paiN,1,map,2026-09-28T16:30:00Z,0.43,0.49,,0.5704408165044752
KXCS2MAP-26SEP261100NTREF-2-NTR,2026-09-26T13:00:29+00:00,KXCS2MAP-26SEP261100NTREF-2,cs2,Nuclear TigeRES,Eternal Fire,2,map,2026-09-28T15:00:00Z,0.43,0.47,,0.5915066994357387
KXCS2MAP-26SEP261100NTREF-2-EF,2026-09-26T13:00:29+00:00,KXCS2MAP-26SEP261100NTREF-2,cs2,Eternal Fire,Nuclear TigeRES,2,map,2026-09-28T15:00:00Z,0.52,0.6,,0.45509447485860743
KXCS2MAP-26SEP261100NTREF-1-NTR,2026-09-26T13:00:29+00:00,KXCS2MAP-26SEP261100NTREF-1,cs2,Nuclear TigeRES,Eternal Fire,1,map,2026-09-28T15:00:00Z,0.39,0.45,,0.5915066994357387
KXCS2MAP-26SEP261100NTREF-1-EF,2026-09-26T13:00:29+00:00,KXCS2MAP-26SEP261100NTREF-1,cs2,Eternal Fire,Nuclear TigeRES,1,map,2026-09-28T15:00:00Z,0.55,0.61,,0.45509447485860743
KXCS2MAP-26SEP260900RALEG-2-RA,2026-09-26T13:00:29+00:00,KXCS2MAP-26SEP260900RALEG-2,cs2,Rare Atom,Legion,2,map,2026-09-28T13:00:00Z,0.47,0.87,,0.8052571866943046
KXCS2MAP-26SEP260900RALEG-2-LEG,2026-09-26T13:00:29+00:00,KXCS2MAP-26SEP260900RALEG-2,cs2,Legion,Rare Atom,2,map,2026-09-28T13:00:00Z,0.04,0.57,,0.21247850308020544
KXCS2MAP-26SEP260900RALEG-1-RA,2026-09-26T13:00:29+00:00,KXCS2MAP-26SEP260900RALEG-1,cs2,Rare Atom,Legion,1,map,2026-09-28T13:00:00Z,0.29,0.88,,0.8054783452570052
KXCS2MAP-26SEP260900RALEG-1-LEG,2026-09-26T13:00:29+00:00,KXCS2MAP-26SEP260900RALEG-1,cs2,Legion,Rare Atom,1,map,2026-09-28T13:00:00Z,0.04,0.72,,0.2083966742995328
KXCS2MAP-26SEP270900NEXLVG-2-NEX,2026-09-26T13:00:29+00:00,KXCS2MAP-26SEP270900NEXLVG-2,cs2,NEXVOID,Lynn Vision,2,map,2026-09-29T13:00:00Z,0.06,0.64,,0.4187846747294273
KXCS2MAP-26SEP270900NEXLVG-2-LVG,2026-09-26T13:00:29+00:00,KXCS2MAP-26SEP270900NEXLVG-2,cs2,Lynn Vision,NEXVOID,2,map,2026-09-29T13:00:00Z,0.38,0.94,,0.6083776605396264
KXCS2MAP-26SEP270900NEXLVG-1-NEX,2026-09-26T13:00:29+00:00,KXCS2MAP-26SEP270900NEXLVG-1,cs2,NEXVOID,Lynn Vision,1,map,2026-09-29T13:00:00Z,0.06,0.64,,0.41890173872839964
KXCS2MAP-26SEP270900NEXLVG-1-LVG,2026-09-26T13:00:29+00:00,KXCS2MAP-26SEP270900NEXLVG-1,cs2,Lynn Vision,NEXVOID,1,map,2026-09-29T13:00:00Z,0.24,0.94,,0.6072844891951817
KXCS2MAP-26SEP260900THEKAL-2-THE,2026-09-26T13:00:29+00:00,KXCS2MAP-26SEP260900THEKAL-2,cs2,The Huns Esports,Kaleido,2,map,2026-09-28T13:00:00Z,0.26,0.73,,
KXCS2MAP-26SEP260900THEKAL-2-KAL,2026-09-26T13:00:29+00:00,KXCS2MAP-26SEP260900THEKAL-2,cs2,Kaleido,The Huns Esports,2,map,2026-09-28T13:00:00Z,0.26,0.74,,
KXCS2MAP-26SEP260900THEKAL-1-THE,2026-09-26T13:00:29+00:00,KXCS2MAP-26SEP260900THEKAL-1,cs2,The Huns Esports,Kaleido,1,map,2026-09-28T13:00:00Z,0.04,0.72,,
KXCS2MAP-26SEP260900THEKAL-1-KAL,2026-09-26T13:00:29+00:00,KXCS2MAP-26SEP260900THEKAL-1,cs2,Kaleido,The Huns Esports,1,map,2026-09-28T13:00:00Z,0.03,0.84,,
KXCS2MAP-26SEP260900BHEIMP-2-IMP,2026-09-26T13:00:29+00:00,KXCS2MAP-26SEP260900BHEIMP-2,cs2,Imperial,Bounty Hunters Esports,2,map,2026-09-28T13:00:00Z,0.36,0.81,,
KXCS2MAP-26SEP260900BHEIMP-2-BHE,2026-09-26T13:00:29+00:00,KXCS2MAP-26SEP260900BHEIMP-2,cs2,Bounty Hunters Esports,Imperial,2,map,2026-09-28T13:00:00Z,0.04,0.64,,
KXCS2MAP-26SEP260900BHEIMP-1-IMP,2026-09-26T13:00:29+00:00,KXCS2MAP-26SEP260900BHEIMP-1,cs2,Imperial,Bounty Hunters Esports,1,map,2026-09-28T13:00:00Z,0.31,0.84,,
KXCS2MAP-26SEP260900BHEIMP-1-BHE,2026-09-26T13:00:29+00:00,KXCS2MAP-26SEP260900BHEIMP-1,cs2,Bounty Hunters Esports,Imperial,1,map,2026-09-28T13:00:00Z,0.03,0.43,,
KXCS2MAP-26SEP261000EPPHAC-2-PHAC,2026-09-26T13:00:29+00:00,KXCS2MAP-26SEP261000EPPHAC-2,cs2,Phantom Academy,eternal premium,2,map,2026-09-28T14:00:00Z,0.55,0.66,,0.5261383262098404
KXCS2MAP-26SEP261000EPPHAC-2-EP,2026-09-26T13:00:29+00:00,KXCS2MAP-26SEP261000EPPHAC-2,cs2,eternal premium,Phantom Academy,2,map,2026-09-28T14:00:00Z,0.24,0.71,,0.46303011987289117
KXCS2MAP-26SEP261000EPPHAC-1-PHAC,2026-09-26T13:00:29+00:00,KXCS2MAP-26SEP261000EPPHAC-1,cs2,Phantom Academy,eternal premium,1,map,2026-09-28T14:00:00Z,0.22,0.65,,0.5261383262098404
KXCS2MAP-26SEP261000EPPHAC-1-EP,2026-09-26T13:00:29+00:00,KXCS2MAP-26SEP261000EPPHAC-1,cs2,eternal premium,Phantom Academy,1,map,2026-09-28T14:00:00Z,0.09,0.69,,0.46561961062540397
KXCS2MAP-26SEP260500ORGGRO-2-ORG,2026-09-26T13:00:29+00:00,KXCS2MAP-26SEP260500ORGGRO-2,cs2,Orgless,Ground Zero,2,map,2026-09-28T09:00:00Z,0.1,0.99,,0.2507875507624698
KXCS2MAP-26SEP260500ORGGRO-2-GRO,2026-09-26T13:00:29+00:00,KXCS2MAP-26SEP260500ORGGRO-2,cs2,Ground Zero,Orgless,2,map,2026-09-28T09:00:00Z,0.02,0.79,,0.747213209770975
KXCS2MAP-26SEP260500ORGGRO-1-ORG,2026-09-26T13:00:29+00:00,KXCS2MAP-26SEP260500ORGGRO-1,cs2,Orgless,Ground Zero,1,map,2026-09-28T09:00:00Z,,0.72,,0.25658730598251067
KXCS2MAP-26SEP260500ORGGRO-1-GRO,2026-09-26T13:00:29+00:00,KXCS2MAP-26SEP260500ORGGRO-1,cs2,Ground Zero,Orgless,1,map,2026-09-28T09:00:00Z,0.23,,,0.7463460019642433
KXCS2MAP-26SEP260500ABYRSTR-2-RSTR,2026-09-26T13:00:29+00:00,KXCS2MAP-26SEP260500ABYRSTR-2,cs2,Rooster,Abyssal,2,map,2026-09-28T09:00:00Z,0.26,0.72,,0.46917083467022813
KXCS2MAP-26SEP260500ABYRSTR-2-ABY,2026-09-26T13:00:29+00:00,KXCS2MAP-26SEP260500ABYRSTR-2,cs2,Abyssal,Rooster,2,map,2026-09-28T09:00:00Z,0.26,0.74,,0.5272184034350025
KXCS2MAP-26SEP260500ABYRSTR-1-RSTR,2026-09-26T13:00:29+00:00,KXCS2MAP-26SEP260500ABYRSTR-1,cs2,Rooster,Abyssal,1,map,2026-09-28T09:00:00Z,0.03,0.97,,0.46917083467022813
KXCS2MAP-26SEP260500ABYRSTR-1-ABY,2026-09-26T13:00:29+00:00,KXCS2MAP-26SEP260500ABYRSTR-1,cs2,Abyssal,Rooster,1,map,2026-09-28T09:00:00Z,0.03,0.72,,0.5272184034350025
KXCS2MAP-26SEP270630MELWRA-2-WRA,2026-09-26T13:00:29+00:00,KXCS2MAP-26SEP270630MELWRA-2,cs2,WRAITH PCIFIC,mellren,2,map,2026-09-29T10:30:00Z,0.27,0.93,,
KXCS2MAP-26SEP270630MELWRA-2-MEL,2026-09-26T13:00:29+00:00,KXCS2MAP-26SEP270630MELWRA-2,cs2,mellren,WRAITH PCIFIC,2,map,2026-09-29T10:30:00Z,0.07,0.75,,
KXCS2MAP-26SEP270630MELWRA-1-WRA,2026-09-26T13:00:29+00:00,KXCS2MAP-26SEP270630MELWRA-1,cs2,WRAITH PCIFIC,mellren,1,map,2026-09-29T10:30:00Z,0.28,0.62,,
KXCS2MAP-26SEP270630MELWRA-1-MEL,2026-09-26T13:00:29+00:00,KXCS2MAP-26SEP270630MELWRA-1,cs2,mellren,WRAITH PCIFIC,1,map,2026-09-29T10:30:00Z,0.36,0.72,,
KXCS2MAP-26SEP270500FLYTHU-2-THU,2026-09-26T13:00:29+00:00,KXCS2MAP-26SEP270500FLYTHU-2,cs2,THUNDER dOWNUNDER,FlyQuest,2,map,2026-09-29T09:00:00Z,0.07,0.55,,0.4109759447334015
KXCS2MAP-26SEP270500FLYTHU-2-FLY,2026-09-26T13:00:29+00:00,KXCS2MAP-26SEP270500FLYTHU-2,cs2,FlyQuest,THUNDER dOWNUNDER,2,map,2026-09-29T09:00:00Z,0.47,0.85,,0.5830199201595844
KXCS2MAP-26SEP270500FLYTHU-1-THU,2026-09-26T13:00:29+00:00,KXCS2MAP-26SEP270500FLYTHU-1,cs2,THUNDER dOWNUNDER,FlyQuest,1,map,2026-09-29T09:00:00Z,0.07,0.57,,0.40921923432951174
KXCS2MAP-26SEP270500FLYTHU-1-FLY,2026-09-26T13:00:29+00:00,KXCS2MAP-26SEP270500FLYTHU-1,cs2,FlyQuest,THUNDER dOWNUNDER,1,map,2026-09-29T09:00:00Z,0.46,0.84,,0.5830199201595844
KXCS2MAP-26SEP270400BLANXS-2-NXS,2026-09-26T13:00:29+00:00,KXCS2MAP-26SEP270400BLANXS-2,cs2,Nexus,Black Phoenix,2,map,2026-09-29T08:00:00Z,0.17,0.77,,0.46219835605547144
KXCS2MAP-26SEP270400BLANXS-2-BLA,2026-09-26T13:00:29+00:00,KXCS2MAP-26SEP270400BLANXS-2,cs2,Black Phoenix,Nexus,2,map,2026-09-29T08:00:00Z,0.21,0.85,,0.5338840556683159
KXCS2MAP-26SEP270400BLANXS-1-NXS,2026-09-26T13:00:29+00:00,KXCS2MAP-26SEP270400BLANXS-1,cs2,Nexus,Black Phoenix,1,map,2026-09-29T08:00:00Z,0.13,0.72,,0.4638294587758944
KXCS2MAP-26SEP270400BLANXS-1-BLA,2026-09-26T13:00:29+00:00,KXCS2MAP-26SEP270400BLANXS-1,cs2,Black Phoenix,Nexus,1,map,2026-09-29T08:00:00Z,0.26,0.89,,0.5333958683050668
KXCS2MAP-26SEP261300QUASIN-2-SIN,2026-09-26T13:00:29+00:00,KXCS2MAP-26SEP261300QUASIN-2,cs2,SINNERS,QUAZAR,2,map,2026-09-28T17:00:00Z,0.57,0.6,,0.5704917124284709
KXCS2MAP-26SEP261300QUASIN-2-QUA,2026-09-26T13:00:29+00:00,KXCS2MAP-26SEP261300QUASIN-2,cs2,QUAZAR,SINNERS,2,map,2026-09-28T17:00:00Z,0.4,0.44,,0.42189290947075553
KXCS2MAP-26SEP261300QUASIN-1-SIN,2026-09-26T13:00:29+00:00,KXCS2MAP-26SEP261300QUASIN-1,cs2,SINNERS,QUAZAR,1,map,2026-09-28T17:00:00Z,0.54,0.56,,0.5704917124284709
KXCS2MAP-26SEP261300QUASIN-1-QUA,2026-09-26T13:00:29+00:00,KXCS2MAP-26SEP261300QUASIN-1,cs2,QUAZAR,SINNERS,1,map,2026-09-28T17:00:00Z,0.44,0.46,,0.42189290947075553
KXCS2MAP-26SEP261000UNKWAL-2-WAL,2026-09-26T13:00:29+00:00,KXCS2MAP-26SEP261000UNKWAL-2,cs2,Walczaki,33,2,map,2026-09-28T14:00:00Z,0.23,0.65,,
KXCS2MAP-26SEP261000UNKWAL-2-UNK,2026-09-26T13:00:29+00:00,KXCS2MAP-26SEP261000UNKWAL-2,cs2,33,Walczaki,2,map,2026-09-28T14:00:00Z,0.26,0.84,,
KXCS2MAP-26SEP261000UNKWAL-1-WAL,2026-09-26T13:00:29+00:00,KXCS2MAP-26SEP261000UNKWAL-1,cs2,Walczaki,33,1,map,2026-09-28T14:00:00Z,0.08,0.46,,
KXCS2MAP-26SEP261000UNKWAL-1-UNK,2026-09-26T13:00:29+00:00,KXCS2MAP-26SEP261000UNKWAL-1,cs2,33,Walczaki,1,map,2026-09-28T14:00:00Z,0.52,0.8,,
KXCS2MAP-26SEP260700SPARTAFOK-2-SPARTA,2026-09-26T13:00:29+00:00,KXCS2MAP-26SEP260700SPARTAFOK-2,cs2,SPARTA,FOKUS,2,map,2026-09-28T11:00:00Z,0.39,0.56,,0.42280471264668723
KXCS2MAP-26SEP260700SPARTAFOK-2-FOK,2026-09-26T13:00:29+00:00,KXCS2MAP-26SEP260700SPARTAFOK-2,cs2,FOKUS,SPARTA,2,map,2026-09-28T11:00:00Z,0.44,0.58,,0.5845839101936404
KXCS2MAP-26SEP261300BLANEMI-2-NEMI,2026-09-26T13:00:29+00:00,KXCS2MAP-26SEP261300BLANEMI-2,cs2,Nemiga,Black Phoenix,2,map,2026-09-28T17:00:00Z,,,,0.705836087715094
KXCS2MAP-26SEP261300BLANEMI-2-BLA,2026-09-26T13:00:29+00:00,KXCS2MAP-26SEP261300BLANEMI-2,cs2,Black Phoenix,Nemiga,2,map,2026-09-28T17:00:00Z,,,,0.291527234039747
KXCS2MAP-26SEP260630LEOMIS-2-MIS,2026-09-26T13:00:29+00:00,KXCS2MAP-26SEP260630LEOMIS-2,cs2,Misa Esports,Leo Team,2,map,2026-09-28T10:30:00Z,0.26,0.52,,
KXCS2MAP-26SEP260630LEOMIS-2-LEO,2026-09-26T13:00:29+00:00,KXCS2MAP-26SEP260630LEOMIS-2,cs2,Leo Team,Misa Esports,2,map,2026-09-28T10:30:00Z,0.33,0.69,,
KXVALORANTMAP-26SEP290800KCNRG-2-NRG,2026-09-26T13:00:29+00:00,KXVALORANTMAP-26SEP290800KCNRG-2,val,NRG,Karmine Corp,2,map,2026-10-01T12:00:00Z,0.08,0.92,,0.4942290693933256
KXVALORANTMAP-26SEP290800KCNRG-2-KC,2026-09-26T13:00:29+00:00,KXVALORANTMAP-26SEP290800KCNRG-2,val,Karmine Corp,NRG,2,map,2026-10-01T12:00:00Z,0.08,0.92,,0.5000191599283185
KXVALORANTMAP-26SEP290800KCNRG-1-NRG,2026-09-26T13:00:29+00:00,KXVALORANTMAP-26SEP290800KCNRG-1,val,NRG,Karmine Corp,1,map,2026-10-01T12:00:00Z,0.08,0.92,,0.4968870793798115
KXVALORANTMAP-26SEP290800KCNRG-1-KC,2026-09-26T13:00:29+00:00,KXVALORANTMAP-26SEP290800KCNRG-1,val,Karmine Corp,NRG,1,map,2026-10-01T12:00:00Z,0.08,0.92,,0.4920136587771426
KXVALORANTMAP-26SEP290500G2PR-2-PR,2026-09-26T13:00:29+00:00,KXVALORANTMAP-26SEP290500G2PR-2,val,Paper Rex,G2 Esports,2,map,2026-10-01T09:00:00Z,0.53,0.91,,0.45781643541472
KXVALORANTMAP-26SEP290500G2PR-2-G2,2026-09-26T13:00:29+00:00,KXVALORANTMAP-26SEP290500G2PR-2,val,G2 Esports,Paper Rex,2,map,2026-10-01T09:00:00Z,0.09,0.47,,0.566894473461972
KXVALORANTMAP-26SEP290500G2PR-1-PR,2026-09-26T13:00:29+00:00,KXVALORANTMAP-26SEP290500G2PR-1,val,Paper Rex,G2 Esports,1,map,2026-10-01T09:00:00Z,0.54,0.91,,0.45781643541472
KXVALORANTMAP-26SEP290500G2PR-1-G2,2026-09-26T13:00:29+00:00,KXVALORANTMAP-26SEP290500G2PR-1,val,G2 Esports,Paper Rex,1,map,2026-10-01T09:00:00Z,0.09,0.46,,0.5602878162864272
KXVALORANTMAP-26SEP270800FUTJDG-2-JDG,2026-09-26T13:00:29+00:00,KXVALORANTMAP-26SEP270800FUTJDG-2,val,JD Gaming,FUT Esports,2,map,2026-09-29T12:00:00Z,0.29,0.36,,0.5147317621879686
KXVALORANTMAP-26SEP270800FUTJDG-2-FUT,2026-09-26T13:00:29+00:00,KXVALORANTMAP-26SEP270800FUTJDG-2,val,FUT Esports,JD Gaming,2,map,2026-09-29T12:00:00Z,0.59,0.68,,0.4834691674381186
KXVALORANTMAP-26SEP270800FUTJDG-1-JDG,2026-09-26T13:00:29+00:00,KXVALORANTMAP-26SEP270800FUTJDG-1,val,JD Gaming,FUT Esports,1,map,2026-09-29T12:00:00Z,0.26,0.36,,0.5062957990260646
KXVALORANTMAP-26SEP270800FUTJDG-1-FUT,2026-09-26T13:00:29+00:00,KXVALORANTMAP-26SEP270800FUTJDG-1,val,FUT Esports,JD Gaming,1,map,2026-09-29T12:00:00Z,0.14,0.69,,0.48454258862329574
KXVALORANTMAP-26SEP270500T1100T-2-T1,2026-09-26T13:00:29+00:00,KXVALORANTMAP-26SEP270500T1100T-2,val,T1,100 Thieves,2,map,2026-09-29T09:00:00Z,0.36,0.39,,0.4118184398254255
KXVALORANTMAP-26SEP270500T1100T-2-100T,2026-09-26T13:00:29+00:00,KXVALORANTMAP-26SEP270500T1100T-2,val,100 Thieves,T1,2,map,2026-09-29T09:00:00Z,0.59,0.64,,0.6413665024450472
KXVALORANTMAP-26SEP270500T1100T-1-T1,2026-09-26T13:00:29+00:00,KXVALORANTMAP-26SEP270500T1100T-1,val,T1,100 Thieves,1,map,2026-09-29T09:00:00Z,0.29,0.4,,0.41263329728874215
KXVALORANTMAP-26SEP270500T1100T-1-100T,2026-09-26T13:00:29+00:00,KXVALORANTMAP-26SEP270500T1100T-1,val,100 Thieves,T1,1,map,2026-09-29T09:00:00Z,0.6,0.63,,0.6364722478924895
KXVALORANTMAP-26SEP260800EDGLOUD-2-LOUD,2026-09-26T13:00:29+00:00,KXVALORANTMAP-26SEP260800EDGLOUD-2,val,LOUD,EDward Gaming,2,map,2026-09-28T12:00:00Z,0.68,0.72,,0.6214257706958349
KXVALORANTMAP-26SEP260800EDGLOUD-2-EDG,2026-09-26T13:00:29+00:00,KXVALORANTMAP-26SEP260800EDGLOUD-2,val,EDward Gaming,LOUD,2,map,2026-09-28T12:00:00Z,0.26,0.29,,0.38478028291761973
KXVALORANTMAP-26SEP260800EDGLOUD-1-LOUD,2026-09-26T13:00:29+00:00,KXVALORANTMAP-26SEP260800EDGLOUD-1,val,LOUD,EDward Gaming,1,map,2026-09-28T12:00:00Z,0.97,,,0.6227908572718739
KXVALORANTMAP-26SEP260800EDGLOUD-1-EDG,2026-09-26T13:00:29+00:00,KXVALORANTMAP-26SEP260800EDGLOUD-1,val,EDward Gaming,LOUD,1,map,2026-09-28T12:00:00Z,,0.03,,0.38260908748141365
KXLOLMAP-26SEP261600SRLY-3-SR,2026-09-26T13:00:29+00:00,KXLOLMAP-26SEP261600SRLY-3,lol,Shopify Rebellion,LYON,3,map,2026-09-28T20:00:00Z,0.22,0.26,,0.17237121093529048
KXLOLMAP-26SEP261600SRLY-3-LY,2026-09-26T13:00:29+00:00,KXLOLMAP-26SEP261600SRLY-3,lol,LYON,Shopify Rebellion,3,map,2026-09-28T20:00:00Z,0.75,0.78,,0.8287720311330703
KXLOLMAP-26SEP261600SRLY-2-SR,2026-09-26T13:00:29+00:00,KXLOLMAP-26SEP261600SRLY-2,lol,Shopify Rebellion,LYON,2,map,2026-09-28T20:00:00Z,0.23,0.26,,0.17976848477025834
KXLOLMAP-26SEP261600SRLY-2-LY,2026-09-26T13:00:29+00:00,KXLOLMAP-26SEP261600SRLY-2,lol,LYON,Shopify Rebellion,2,map,2026-09-28T20:00:00Z,0.74,0.78,,0.8263661490724963
KXLOLMAP-26SEP261600SRLY-1-SR,2026-09-26T13:00:29+00:00,KXLOLMAP-26SEP261600SRLY-1,lol,Shopify Rebellion,LYON,1,map,2026-09-28T20:00:00Z,0.23,0.25,,0.17976848477025834
KXLOLMAP-26SEP261600SRLY-1-LY,2026-09-26T13:00:29+00:00,KXLOLMAP-26SEP261600SRLY-1,lol,LYON,Shopify Rebellion,1,map,2026-09-28T20:00:00Z,0.75,0.77,,0.8263661490724963
KXLOLMAP-26SEP2917009ZEST-3-EST,2026-09-26T13:00:29+00:00,KXLOLMAP-26SEP2917009ZEST-3,lol,Estral Esports,9z Globant,3,map,2026-10-01T21:00:00Z,0.06,0.9,,0.5490147703213913
KXLOLMAP-26SEP2917009ZEST-3-9Z,2026-09-26T13:00:29+00:00,KXLOLMAP-26SEP2917009ZEST-3,lol,9z Globant,Estral Esports,3,map,2026-10-01T21:00:00Z,0.06,0.9,,0.44974339991862083
KXLOLMAP-26SEP2917009ZEST-2-EST,2026-09-26T13:00:29+00:00,KXLOLMAP-26SEP2917009ZEST-2,lol,Estral Esports,9z Globant,2,map,2026-10-01T21:00:00Z,0.88,0.9,,0.5522093075147642
KXLOLMAP-26SEP2917009ZEST-2-9Z,2026-09-26T13:00:29+00:00,KXLOLMAP-26SEP2917009ZEST-2,lol,9z Globant,Estral Esports,2,map,2026-10-01T21:00:00Z,0.06,0.12,,0.44845409510067136
KXLOLMAP-26SEP2917009ZEST-1-EST,2026-09-26T13:00:29+00:00,KXLOLMAP-26SEP2917009ZEST-1,lol,Estral Esports,9z Globant,1,map,2026-10-01T21:00:00Z,0.88,0.9,,0.5521187711285241
KXLOLMAP-26SEP2917009ZEST-1-9Z,2026-09-26T13:00:29+00:00,KXLOLMAP-26SEP2917009ZEST-1,lol,9z Globant,Estral Esports,1,map,2026-10-01T21:00:00Z,0.06,0.12,,0.44845409510067136
KXLOLMAP-26SEP280500GALKTC-3-KTC,2026-09-26T13:00:29+00:00,KXLOLMAP-26SEP280500GALKTC-3,lol,KT Rolster Challengers,Galions,3,map,2026-09-30T09:00:00Z,0.16,0.79,,
KXLOLMAP-26SEP280500GALKTC-3-GAL,2026-09-26T13:00:29+00:00,KXLOLMAP-26SEP280500GALKTC-3,lol,Galions,KT Rolster Challengers,3,map,2026-09-30T09:00:00Z,0.09,0.89,,
KXLOLMAP-26SEP280500GALKTC-2-KTC,2026-09-26T13:00:29+00:00,KXLOLMAP-26SEP280500GALKTC-2,lol,KT Rolster Challengers,Galions,2,map,2026-09-30T09:00:00Z,0.21,0.65,,
KXLOLMAP-26SEP280500GALKTC-2-GAL,2026-09-26T13:00:29+00:00,KXLOLMAP-26SEP280500GALKTC-2,lol,Galions,KT Rolster Challengers,2,map,2026-09-30T09:00:00Z,0.35,0.79,,
KXLOLMAP-26SEP280500GALKTC-1-KTC,2026-09-26T13:00:29+00:00,KXLOLMAP-26SEP280500GALKTC-1,lol,KT Rolster Challengers,Galions,1,map,2026-09-30T09:00:00Z,0.4,0.65,,
KXLOLMAP-26SEP280500GALKTC-1-GAL,2026-09-26T13:00:29+00:00,KXLOLMAP-26SEP280500GALKTC-1,lol,Galions,KT Rolster Challengers,1,map,2026-09-30T09:00:00Z,0.35,0.75,,
KXLOLMAP-26SEP280200CPDT1A-3-T1A,2026-09-26T13:00:29+00:00,KXLOLMAP-26SEP280200CPDT1A-3,lol,T1 Academy,Cupid Esports,3,map,2026-09-30T06:00:00Z,0.69,0.8,,
KXLOLMAP-26SEP280200CPDT1A-3-CPD,2026-09-26T13:00:29+00:00,KXLOLMAP-26SEP280200CPDT1A-3,lol,Cupid Esports,T1 Academy,3,map,2026-09-30T06:00:00Z,0.07,0.42,,
KXLOLMAP-26SEP280200CPDT1A-2-T1A,2026-09-26T13:00:29+00:00,KXLOLMAP-26SEP280200CPDT1A-2,lol,T1 Academy,Cupid Esports,2,map,2026-09-30T06:00:00Z,0.64,0.8,,
KXLOLMAP-26SEP280200CPDT1A-2-CPD,2026-09-26T13:00:29+00:00,KXLOLMAP-26SEP280200CPDT1A-2,lol,Cupid Esports,T1 Academy,2,map,2026-09-30T06:00:00Z,0.08,0.3,,
KXLOLMAP-26SEP280200CPDT1A-1-T1A,2026-09-26T13:00:29+00:00,KXLOLMAP-26SEP280200CPDT1A-1,lol,T1 Academy,Cupid Esports,1,map,2026-09-30T06:00:00Z,0.68,0.8,,
KXLOLMAP-26SEP280200CPDT1A-1-CPD,2026-09-26T13:00:29+00:00,KXLOLMAP-26SEP280200CPDT1A-1,lol,Cupid Esports,T1 Academy,1,map,2026-09-30T06:00:00Z,0.07,0.34,,
KXLOLMAP-26SEP270500DNSCDKC-3-DNSC,2026-09-26T13:00:29+00:00,KXLOLMAP-26SEP270500DNSCDKC-3,lol,DN SOOPers Challengers,Dplus KIA Challengers,3,map,2026-09-29T09:00:00Z,0.12,0.75,,
KXLOLMAP-26SEP270500DNSCDKC-3-DKC,2026-09-26T13:00:29+00:00,KXLOLMAP-26SEP270500DNSCDKC-3,lol,Dplus KIA Challengers,DN SOOPers Challengers,3,map,2026-09-29T09:00:00Z,0.28,0.79,,
KXLOLMAP-26SEP270500DNSCDKC-2-DNSC,2026-09-26T13:00:29+00:00,KXLOLMAP-26SEP270500DNSCDKC-2,lol,DN SOOPers Challengers,Dplus KIA Challengers,2,map,2026-09-29T09:00:00Z,0.13,0.44,,
KXLOLMAP-26SEP270500DNSCDKC-2-DKC,2026-09-26T13:00:29+00:00,KXLOLMAP-26SEP270500DNSCDKC-2,lol,Dplus KIA Challengers,DN SOOPers Challengers,2,map,2026-09-29T09:00:00Z,0.44,0.7,,
KXLOLMAP-26SEP270500DNSCDKC-1-DNSC,2026-09-26T13:00:29+00:00,KXLOLMAP-26SEP270500DNSCDKC-1,lol,DN SOOPers Challengers,Dplus KIA Challengers,1,map,2026-09-29T09:00:00Z,0.12,0.75,,
KXLOLMAP-26SEP270500DNSCDKC-1-DKC,2026-09-26T13:00:29+00:00,KXLOLMAP-26SEP270500DNSCDKC-1,lol,Dplus KIA Challengers,DN SOOPers Challengers,1,map,2026-09-29T09:00:00Z,0.34,0.79,,
KXLOLMAP-26SEP270200KOIASLY-3-SLY,2026-09-26T13:00:29+00:00,KXLOLMAP-26SEP270200KOIASLY-3,lol,Solary,Movistar KOI Fénix,3,map,2026-09-29T06:00:00Z,0.47,0.73,,0.6078256825962517
KXLOLMAP-26SEP270200KOIASLY-3-KOIA,2026-09-26T13:00:29+00:00,KXLOLMAP-26SEP270200KOIASLY-3,lol,Movistar KOI Fénix,Solary,3,map,2026-09-29T06:00:00Z,0.11,0.55,,0.3831300603213529
KXLOLMAP-26SEP270200KOIASLY-2-SLY,2026-09-26T13:00:29+00:00,KXLOLMAP-26SEP270200KOIASLY-2,lol,Solary,Movistar KOI Fénix,2,map,2026-09-29T06:00:00Z,0.28,0.79,,0.6057910738279655
KXLOLMAP-26SEP270200KOIASLY-2-KOIA,2026-09-26T13:00:29+00:00,KXLOLMAP-26SEP270200KOIASLY-2,lol,Movistar KOI Fénix,Solary,2,map,2026-09-29T06:00:00Z,0.22,0.71,,0.38082759601747007
KXLOLMAP-26SEP270200KOIASLY-1-SLY,2026-09-26T13:00:29+00:00,KXLOLMAP-26SEP270200KOIASLY-1,lol,Solary,Movistar KOI Fénix,1,map,2026-09-29T06:00:00Z,0.58,0.73,,0.6057910738279655
KXLOLMAP-26SEP270200KOIASLY-1-KOIA,2026-09-26T13:00:29+00:00,KXLOLMAP-26SEP270200KOIASLY-1,lol,Movistar KOI Fénix,Solary,1,map,2026-09-29T06:00:00Z,0.08,0.72,,0.38082759601747007
KXLOLMAP-26SEP281700GLKBM-3-KBM,2026-09-26T13:00:29+00:00,KXLOLMAP-26SEP281700GLKBM-3,lol,KaBuM! Ilha das Lendas,Golden Lions,3,map,2026-09-30T21:00:00Z,0.08,0.9,,
KXLOLMAP-26SEP281700GLKBM-3-GL,2026-09-26T13:00:29+00:00,KXLOLMAP-26SEP281700GLKBM-3,lol,Golden Lions,KaBuM! Ilha das Lendas,3,map,2026-09-30T21:00:00Z,0.06,0.9,,
KXLOLMAP-26SEP281700GLKBM-2-KBM,2026-09-26T13:00:29+00:00,KXLOLMAP-26SEP281700GLKBM-2,lol,KaBuM! Ilha das Lendas,Golden Lions,2,map,2026-09-30T21:00:00Z,0.11,0.9,,
KXLOLMAP-26SEP281700GLKBM-2-GL,2026-09-26T13:00:29+00:00,KXLOLMAP-26SEP281700GLKBM-2,lol,Golden Lions,KaBuM! Ilha das Lendas,2,map,2026-09-30T21:00:00Z,0.07,0.79,,
KXLOLMAP-26SEP281700GLKBM-1-KBM,2026-09-26T13:00:29+00:00,KXLOLMAP-26SEP281700GLKBM-1,lol,KaBuM! Ilha das Lendas,Golden Lions,1,map,2026-09-30T21:00:00Z,0.12,0.9,,
KXLOLMAP-26SEP281700GLKBM-1-GL,2026-09-26T13:00:29+00:00,KXLOLMAP-26SEP281700GLKBM-1,lol,Golden Lions,KaBuM! Ilha das Lendas,1,map,2026-09-30T21:00:00Z,0.07,0.8,,
KXLOLMAP-26SEP271600TLC9-3-TL,2026-09-26T13:00:29+00:00,KXLOLMAP-26SEP271600TLC9-3,lol,Team Liquid Alienware,Cloud9 Kia,3,map,2026-09-29T20:00:00Z,0.39,0.6,,0.5335092871658551
KXLOLMAP-26SEP271600TLC9-3-C9,2026-09-26T13:00:29+00:00,KXLOLMAP-26SEP271600TLC9-3,lol,Cloud9 Kia,Team Liquid Alienware,3,map,2026-09-29T20:00:00Z,0.33,0.46,,0.45917196088364354
KXLOLMAP-26SEP271600TLC9-2-TL,2026-09-26T13:00:29+00:00,KXLOLMAP-26SEP271600TLC9-2,lol,Team Liquid Alienware,Cloud9 Kia,2,map,2026-09-29T20:00:00Z,0.55,0.61,,0.5327686303446327
KXLOLMAP-26SEP271600TLC9-2-C9,2026-09-26T13:00:29+00:00,KXLOLMAP-26SEP271600TLC9-2,lol,Cloud9 Kia,Team Liquid Alienware,2,map,2026-09-29T20:00:00Z,0.36,0.44,,0.4563052731345944
KXLOLMAP-26SEP271600TLC9-1-TL,2026-09-26T13:00:29+00:00,KXLOLMAP-26SEP271600TLC9-1,lol,Team Liquid Alienware,Cloud9 Kia,1,map,2026-09-29T20:00:00Z,0.57,0.62,,0.5327686303446327
KXLOLMAP-26SEP271600TLC9-1-C9,2026-09-26T13:00:29+00:00,KXLOLMAP-26SEP271600TLC9-1,lol,Cloud9 Kia,Team Liquid Alienware,1,map,2026-09-29T20:00:00Z,0.35,0.43,,0.4538804096458857
KXLOLMAP-26SEP271200LLLLOS-3-LOS,2026-09-26T13:00:29+00:00,KXLOLMAP-26SEP271200LLLLOS-3,lol,LOS,LOUD,3,map,2026-09-29T16:00:00Z,0.07,0.75,,0.5211988390146051
KXLOLMAP-26SEP271200LLLLOS-3-LLL,2026-09-26T13:00:29+00:00,KXLOLMAP-26SEP271200LLLLOS-3,lol,LOUD,LOS,3,map,2026-09-29T16:00:00Z,0.17,0.49,,0.4671112532391004
KXLOLMAP-26SEP271200LLLLOS-2-LOS,2026-09-26T13:00:29+00:00,KXLOLMAP-26SEP271200LLLLOS-2,lol,LOS,LOUD,2,map,2026-09-29T16:00:00Z,0.49,0.55,,0.5280925570746556
KXLOLMAP-26SEP271200LLLLOS-2-LLL,2026-09-26T13:00:29+00:00,KXLOLMAP-26SEP271200LLLLOS-2,lol,LOUD,LOS,2,map,2026-09-29T16:00:00Z,0.39,0.49,,0.46275721911960543
KXLOLMAP-26SEP271200LLLLOS-1-LOS,2026-09-26T13:00:29+00:00,KXLOLMAP-26SEP271200LLLLOS-1,lol,LOS,LOUD,1,map,2026-09-29T16:00:00Z,0.45,0.72,,0.5280925570746556
KXLOLMAP-26SEP271200LLLLOS-1-LLL,2026-09-26T13:00:29+00:00,KXLOLMAP-26SEP271200LLLLOS-1,lol,LOUD,LOS,1,map,2026-09-29T16:00:00Z,0.27,0.46,,0.46032709830551705
KXLOLMAP-26SEP261200FURRED-3-RED,2026-09-26T13:00:29+00:00,KXLOLMAP-26SEP261200FURRED-3,lol,RED Canids,FURIA Esports,3,map,2026-09-28T16:00:00Z,0.3,0.31,,
KXLOLMAP-26SEP261200FURRED-3-FUR,2026-09-26T13:00:29+00:00,KXLOLMAP-26SEP261200FURRED-3,lol,FURIA Esports,RED Canids,3,map,2026-09-28T16:00:00Z,0.69,0.7,,
KXLOLMAP-26SEP261200FURRED-2-RED,2026-09-26T13:00:29+00:00,KXLOLMAP-26SEP261200FURRED-2,lol,RED Canids,FURIA Esports,2,map,2026-09-28T16:00:00Z,0.3,0.31,,
KXLOLMAP-26SEP261200FURRED-2-FUR,2026-09-26T13:00:29+00:00,KXLOLMAP-26SEP261200FURRED-2,lol,FURIA Esports,RED Canids,2,map,2026-09-28T16:00:00Z,0.69,0.71,,
KXLOLMAP-26SEP261200FURRED-1-RED,2026-09-26T13:00:29+00:00,KXLOLMAP-26SEP261200FURRED-1,lol,RED Canids,FURIA Esports,1,map,2026-09-28T16:00:00Z,0.3,0.31,,
KXLOLMAP-26SEP261200FURRED-1-FUR,2026-09-26T13:00:29+00:00,KXLOLMAP-26SEP261200FURRED-1,lol,FURIA Esports,RED Canids,1,map,2026-09-28T16:00:00Z,0.7,0.71,,
KXDOTA2MAP-26SEP290500DBYG-2-YG,2026-09-26T13:00:29+00:00,KXDOTA2MAP-26SEP290500DBYG-2,dota,Yangon Galacticos,DIREBORN,2,map,2026-10-01T09:00:00Z,0.06,0.94,,0.44528822167347676
KXDOTA2MAP-26SEP290500DBYG-2-DB,2026-09-26T13:00:29+00:00,KXDOTA2MAP-26SEP290500DBYG-2,dota,DIREBORN,Yangon Galacticos,2,map,2026-10-01T09:00:00Z,0.06,0.94,,0.616404363647797
KXDOTA2MAP-26SEP290500DBYG-1-YG,2026-09-26T13:00:29+00:00,KXDOTA2MAP-26SEP290500DBYG-1,dota,Yangon Galacticos,DIREBORN,1,map,2026-10-01T09:00:00Z,0.06,0.94,,0.44528822167347676
KXDOTA2MAP-26SEP290500DBYG-1-DB,2026-09-26T13:00:29+00:00,KXDOTA2MAP-26SEP290500DBYG-1,dota,DIREBORN,Yangon Galacticos,1,map,2026-10-01T09:00:00Z,0.06,0.94,,0.615318959791125
KXDOTA2MAP-26SEP290200IAPYG-2-YG,2026-09-26T13:00:29+00:00,KXDOTA2MAP-26SEP290200IAPYG-2,dota,Yangon Galacticos,InterActive Philippines,2,map,2026-10-01T06:00:00Z,0.06,0.94,,0.5559180968435463
KXDOTA2MAP-26SEP290200IAPYG-2-IAP,2026-09-26T13:00:29+00:00,KXDOTA2MAP-26SEP290200IAPYG-2,dota,InterActive Philippines,Yangon Galacticos,2,map,2026-10-01T06:00:00Z,0.06,0.94,,0.5099543859203057
KXDOTA2MAP-26SEP290200IAPYG-1-YG,2026-09-26T13:00:29+00:00,KXDOTA2MAP-26SEP290200IAPYG-1,dota,Yangon Galacticos,InterActive Philippines,1,map,2026-10-01T06:00:00Z,0.06,0.94,,0.5559180968435463
KXDOTA2MAP-26SEP290200IAPYG-1-IAP,2026-09-26T13:00:29+00:00,KXDOTA2MAP-26SEP290200IAPYG-1,dota,InterActive Philippines,Yangon Galacticos,1,map,2026-10-01T06:00:00Z,0.06,0.94,,0.5099543859203057
KXDOTA2MAP-26SEP282300XEKIN-2-XE,2026-09-26T13:00:29+00:00,KXDOTA2MAP-26SEP282300XEKIN-2,dota,Xipto Esports,Team Kinetix,2,map,2026-10-01T03:00:00Z,0.32,0.93,,
KXDOTA2MAP-26SEP282300XEKIN-2-KIN,2026-09-26T13:00:29+00:00,KXDOTA2MAP-26SEP282300XEKIN-2,dota,Team Kinetix,Xipto Esports,2,map,2026-10-01T03:00:00Z,0.07,0.68,,
KXDOTA2MAP-26SEP282300XEKIN-1-XE,2026-09-26T13:00:29+00:00,KXDOTA2MAP-26SEP282300XEKIN-1,dota,Xipto Esports,Team Kinetix,1,map,2026-10-01T03:00:00Z,0.32,0.93,,
KXDOTA2MAP-26SEP282300XEKIN-1-KIN,2026-09-26T13:00:29+00:00,KXDOTA2MAP-26SEP282300XEKIN-1,dota,Team Kinetix,Xipto Esports,1,map,2026-10-01T03:00:00Z,0.07,0.68,,
KXDOTA2MAP-26SEP261100AVIRT-2-RT,2026-09-26T13:00:29+00:00,KXDOTA2MAP-26SEP261100AVIRT-2,dota,Rostik Team,avice Team,2,map,2026-09-28T15:00:00Z,0.24,0.71,,
KXDOTA2MAP-26SEP261100AVIRT-2-AVI,2026-09-26T13:00:29+00:00,KXDOTA2MAP-26SEP261100AVIRT-2,dota,avice Team,Rostik Team,2,map,2026-09-28T15:00:00Z,0.12,0.69,,
KXDOTA2MAP-26SEP261100AVIRT-1-RT,2026-09-26T13:00:29+00:00,KXDOTA2MAP-26SEP261100AVIRT-1,dota,Rostik Team,avice Team,1,map,2026-09-28T15:00:00Z,0.26,0.78,,
KXDOTA2MAP-26SEP261100AVIRT-1-AVI,2026-09-26T13:00:29+00:00,KXDOTA2MAP-26SEP261100AVIRT-1,dota,avice Team,Rostik Team,1,map,2026-09-28T15:00:00Z,0.08,0.76,,
KXDOTA2MAP-26SEP260800YBNDXK-2-YBN,2026-09-26T13:00:29+00:00,KXDOTA2MAP-26SEP260800YBNDXK-2,dota,YBN Team ,Daxak Team,2,map,2026-09-28T12:00:00Z,0.33,0.42,,
KXDOTA2MAP-26SEP260800YBNDXK-2-DXK,2026-09-26T13:00:29+00:00,KXDOTA2MAP-26SEP260800YBNDXK-2,dota,Daxak Team,YBN Team ,2,map,2026-09-28T12:00:00Z,0.31,0.67,,
KXDOTA2MAP-26SEP260800YBNDXK-1-YBN,2026-09-26T13:00:29+00:00,KXDOTA2MAP-26SEP260800YBNDXK-1,dota,YBN Team ,Daxak Team,1,map,2026-09-28T12:00:00Z,0.29,0.45,,
KXDOTA2MAP-26SEP260800YBNDXK-1-DXK,2026-09-26T13:00:29+00:00,KXDOTA2MAP-26SEP260800YBNDXK-1,dota,Daxak Team,YBN Team ,1,map,2026-09-28T12:00:00Z,0.61,0.72,,
KXDOTA2MAP-26SEP291200YBLIQUID-2-YB,2026-09-26T13:00:29+00:00,KXDOTA2MAP-26SEP291200YBLIQUID-2,dota,Yakult's Brothers,Team Liquid,2,map,2026-10-01T16:00:00Z,0.07,0.91,,
KXDOTA2MAP-26SEP291200YBLIQUID-2-LIQUID,2026-09-26T13:00:29+00:00,KXDOTA2MAP-26SEP291200YBLIQUID-2,dota,Team Liquid,Yakult's Brothers,2,map,2026-10-01T16:00:00Z,0.07,0.92,,
KXDOTA2MAP-26SEP291200YBLIQUID-1-YB,2026-09-26T13:00:29+00:00,KXDOTA2MAP-26SEP291200YBLIQUID-1,dota,Yakult's Brothers,Team Liquid,1,map,2026-10-01T16:00:00Z,0.07,0.93,,
KXDOTA2MAP-26SEP291200YBLIQUID-1-LIQUID,2026-09-26T13:00:29+00:00,KXDOTA2MAP-26SEP291200YBLIQUID-1,dota,Team Liquid,Yakult's Brothers,1,map,2026-10-01T16:00:00Z,0.07,0.93,,
KXDOTA2MAP-26SEP291200GLAUR-2-GL,2026-09-26T13:00:29+00:00,KXDOTA2MAP-26SEP291200GLAUR-2,dota,GamerLegion,Aurora,2,map,2026-10-01T16:00:00Z,0.07,0.91,,
KXDOTA2MAP-26SEP291200GLAUR-2-AUR,2026-09-26T13:00:29+00:00,KXDOTA2MAP-26SEP291200GLAUR-2,dota,Aurora,GamerLegion,2,map,2026-10-01T16:00:00Z,0.07,0.91,,
KXDOTA2MAP-26SEP291200GLAUR-1-GL,2026-09-26T13:00:29+00:00,KXDOTA2MAP-26SEP291200GLAUR-1,dota,GamerLegion,Aurora,1,map,2026-10-01T16:00:00Z,0.07,0.91,,
KXDOTA2MAP-26SEP291200GLAUR-1-AUR,2026-09-26T13:00:29+00:00,KXDOTA2MAP-26SEP291200GLAUR-1,dota,Aurora,GamerLegion,1,map,2026-10-01T16:00:00Z,0.07,0.91,,
KXDOTA2MAP-26SEP290900XTREMELGD-2-XTREME,2026-09-26T13:00:29+00:00,KXDOTA2MAP-26SEP290900XTREMELGD-2,dota,Xtreme Gaming,LGD Gaming,2,map,2026-10-01T13:00:00Z,0.06,0.93,,0.4374845369860432
KXDOTA2MAP-26SEP290900XTREMELGD-2-LGD,2026-09-26T13:00:29+00:00,KXDOTA2MAP-26SEP290900XTREMELGD-2,dota,LGD Gaming,Xtreme Gaming,2,map,2026-10-01T13:00:00Z,0.06,0.93,,0.5464432346850362
KXDOTA2MAP-26SEP290900XTREMELGD-1-XTREME,2026-09-26T13:00:29+00:00,KXDOTA2MAP-26SEP290900XTREMELGD-1,dota,Xtreme Gaming,LGD Gaming,1,map,2026-10-01T13:00:00Z,0.07,0.48,,0.4374845369860432
KXDOTA2MAP-26SEP290900XTREMELGD-1-LGD,2026-09-26T13:00:29+00:00,KXDOTA2MAP-26SEP290900XTREMELGD-1,dota,LGD Gaming,Xtreme Gaming,1,map,2026-10-01T13:00:00Z,0.52,0.89,,0.5464432346850362
KXDOTA2MAP-26SEP290900NAVI1WIN-2-NAVI,2026-09-26T13:00:29+00:00,KXDOTA2MAP-26SEP290900NAVI1WIN-2,dota,Natus Vincere,1win,2,map,2026-10-01T13:00:00Z,0.06,0.94,,
KXDOTA2MAP-26SEP290900NAVI1WIN-2-1WIN,2026-09-26T13:00:29+00:00,KXDOTA2MAP-26SEP290900NAVI1WIN-2,dota,1win,Natus Vincere,2,map,2026-10-01T13:00:00Z,0.06,0.94,,
KXDOTA2MAP-26SEP290900NAVI1WIN-1-NAVI,2026-09-26T13:00:29+00:00,KXDOTA2MAP-26SEP290900NAVI1WIN-1,dota,Natus Vincere,1win,1,map,2026-10-01T13:00:00Z,0.06,0.94,,
KXDOTA2MAP-26SEP290900NAVI1WIN-1-1WIN,2026-09-26T13:00:29+00:00,KXDOTA2MAP-26SEP290900NAVI1WIN-1,dota,1win,Natus Vincere,1,map,2026-10-01T13:00:00Z,0.06,0.94,,
KXDOTA2MAP-26SEP290600NEMTS-2-TS,2026-09-26T13:00:29+00:00,KXDOTA2MAP-26SEP290600NEMTS-2,dota,Team Spirit,Team Nemesis,2,map,2026-10-01T10:00:00Z,0.07,0.91,,0.7885790887822849
KXDOTA2MAP-26SEP290600NEMTS-2-NEM,2026-09-26T13:00:29+00:00,KXDOTA2MAP-26SEP290600NEMTS-2,dota,Team Nemesis,Team Spirit,2,map,2026-10-01T10:00:00Z,0.07,0.92,,0.24091487743195822
KXDOTA2MAP-26SEP290600NEMTS-1-TS,2026-09-26T13:00:29+00:00,KXDOTA2MAP-26SEP290600NEMTS-1,dota,Team Spirit,Team Nemesis,1,map,2026-10-01T10:00:00Z,0.07,0.91,,0.7885790887822849
KXDOTA2MAP-26SEP290600NEMTS-1-NEM,2026-09-26T13:00:29+00:00,KXDOTA2MAP-26SEP290600NEMTS-1,dota,Team Nemesis,Team Spirit,1,map,2026-10-01T10:00:00Z,0.07,0.92,,0.2388227834090452
KXDOTA2MAP-26SEP290600LVLUPPARI-2-PARI,2026-09-26T13:00:29+00:00,KXDOTA2MAP-26SEP290600LVLUPPARI-2,dota,PARIVISION,Level Up,2,map,2026-10-01T10:00:00Z,0.07,0.93,,0.8721583463208441
KXDOTA2MAP-26SEP290600LVLUPPARI-2-LVLUP,2026-09-26T13:00:29+00:00,KXDOTA2MAP-26SEP290600LVLUPPARI-2,dota,Level Up,PARIVISION,2,map,2026-10-01T10:00:00Z,0.07,0.91,,0.14874361557796317
KXDOTA2MAP-26SEP290600LVLUPPARI-1-PARI,2026-09-26T13:00:29+00:00,KXDOTA2MAP-26SEP290600LVLUPPARI-1,dota,PARIVISION,Level Up,1,map,2026-10-01T10:00:00Z,0.07,0.93,,0.8716459218192433
KXDOTA2MAP-26SEP290600LVLUPPARI-1-LVLUP,2026-09-26T13:00:29+00:00,KXDOTA2MAP-26SEP290600LVLUPPARI-1,dota,Level Up,PARIVISION,1,map,2026-10-01T10:00:00Z,0.07,0.91,,0.14920039274291855
KXDOTA2MAP-26SEP260900TYLGD-2-TY,2026-09-26T13:00:29+00:00,KXDOTA2MAP-26SEP260900TYLGD-2,dota,Team Yandex,LGD Gaming,2,map,2026-09-28T13:00:00Z,0.68,0.74,,0.6910618878382316
KXDOTA2MAP-26SEP260900TYLGD-2-LGD,2026-09-26T13:00:29+00:00,KXDOTA2MAP-26SEP260900TYLGD-2,dota,LGD Gaming,Team Yandex,2,map,2026-09-28T13:00:00Z,0.26,0.31,,0.2792134052568174
KXDOTA2MAP-26SEP260900TYLGD-1-TY,2026-09-26T13:00:29+00:00,KXDOTA2MAP-26SEP260900TYLGD-1,dota,Team Yandex,LGD Gaming,1,map,2026-09-28T13:00:00Z,,,,0.6910618878382316
KXDOTA2MAP-26SEP260900TYLGD-1-LGD,2026-09-26T13:00:29+00:00,KXDOTA2MAP-26SEP260900TYLGD-1,dota,LGD Gaming,Team Yandex,1,map,2026-09-28T13:00:00Z,,,,0.2792134052568174
KXDOTA2MAP-26SEP280200XEYG-2-YG,2026-09-26T13:00:29+00:00,KXDOTA2MAP-26SEP280200XEYG-2,dota,Yangon Galacticos,Xipto Esports,2,map,2026-09-30T06:00:00Z,0.07,0.69,,
KXDOTA2MAP-26SEP280200XEYG-2-XE,2026-09-26T13:00:29+00:00,KXDOTA2MAP-26SEP280200XEYG-2,dota,Xipto Esports,Yangon Galacticos,2,map,2026-09-30T06:00:00Z,0.31,0.93,,
KXDOTA2MAP-26SEP280200XEYG-1-YG,2026-09-26T13:00:29+00:00,KXDOTA2MAP-26SEP280200XEYG-1,dota,Yangon Galacticos,Xipto Esports,1,map,2026-09-30T06:00:00Z,0.06,0.63,,
KXDOTA2MAP-26SEP280200XEYG-1-XE,2026-09-26T13:00:29+00:00,KXDOTA2MAP-26SEP280200XEYG-1,dota,Xipto Esports,Yangon Galacticos,1,map,2026-09-30T06:00:00Z,0.37,0.94,,
KXDOTA2MAP-26SEP272300KINDB-2-KIN,2026-09-26T13:00:29+00:00,KXDOTA2MAP-26SEP272300KINDB-2,dota,Team Kinetix,DIREBORN,2,map,2026-09-30T03:00:00Z,0.07,0.69,,0.47134756222786206
KXDOTA2MAP-26SEP272300KINDB-2-DB,2026-09-26T13:00:29+00:00,KXDOTA2MAP-26SEP272300KINDB-2,dota,DIREBORN,Team Kinetix,2,map,2026-09-30T03:00:00Z,0.31,0.93,,0.5911504411951936
KXDOTA2MAP-26SEP272300KINDB-1-KIN,2026-09-26T13:00:29+00:00,KXDOTA2MAP-26SEP272300KINDB-1,dota,Team Kinetix,DIREBORN,1,map,2026-09-30T03:00:00Z,0.07,0.68,,0.46741057092307425
KXDOTA2MAP-26SEP272300KINDB-1-DB,2026-09-26T13:00:29+00:00,KXDOTA2MAP-26SEP272300KINDB-1,dota,DIREBORN,Team Kinetix,1,map,2026-09-30T03:00:00Z,0.32,0.93,,0.5873245083436955
KXDOTA2MAP-26SEP262300XECLO-2-XE,2026-09-26T13:00:29+00:00,KXDOTA2MAP-26SEP262300XECLO-2,dota,Xipto Esports,Cloud Dawning,2,map,2026-09-29T03:00:00Z,0.35,0.82,,
KXDOTA2MAP-26SEP262300XECLO-2-CLO,2026-09-26T13:00:29+00:00,KXDOTA2MAP-26SEP262300XECLO-2,dota,Cloud Dawning,Xipto Esports,2,map,2026-09-29T03:00:00Z,0.18,0.65,,
KXDOTA2MAP-26SEP262300XECLO-1-XE,2026-09-26T13:00:29+00:00,KXDOTA2MAP-26SEP262300XECLO-1,dota,Xipto Esports,Cloud Dawning,1,map,2026-09-29T03:00:00Z,0.39,0.86,,
KXDOTA2MAP-26SEP262300XECLO-1-CLO,2026-09-26T13:00:29+00:00,KXDOTA2MAP-26SEP262300XECLO-1,dota,Cloud Dawning,Xipto Esports,1,map,2026-09-29T03:00:00Z,0.14,0.61,,
KXCS2MAP-26SEP280400LEOBW-2-LEO,2026-09-26T16:00:39+00:00,KXCS2MAP-26SEP280400LEOBW-2,cs2,Leo Team,Bushido Wildcats,2,map,2026-09-30T08:00:00Z,0.06,0.94,,
KXCS2MAP-26SEP280400LEOBW-2-BW,2026-09-26T16:00:39+00:00,KXCS2MAP-26SEP280400LEOBW-2,cs2,Bushido Wildcats,Leo Team,2,map,2026-09-30T08:00:00Z,0.07,0.93,,
KXCS2MAP-26SEP280400LEOBW-1-LEO,2026-09-26T16:00:39+00:00,KXCS2MAP-26SEP280400LEOBW-1,cs2,Leo Team,Bushido Wildcats,1,map,2026-09-30T08:00:00Z,0.06,0.94,,
KXCS2MAP-26SEP280400LEOBW-1-BW,2026-09-26T16:00:39+00:00,KXCS2MAP-26SEP280400LEOBW-1,cs2,Bushido Wildcats,Leo Team,1,map,2026-09-30T08:00:00Z,,,,
KXCS2MAP-26SEP271000COLNEMI-2-NEMI,2026-09-26T16:00:39+00:00,KXCS2MAP-26SEP271000COLNEMI-2,cs2,Nemiga,Color,2,map,2026-09-29T14:00:00Z,0.1,0.85,,0.6396924272909668
KXCS2MAP-26SEP271000COLNEMI-2-COL,2026-09-26T16:00:39+00:00,KXCS2MAP-26SEP271000COLNEMI-2,cs2,Color,Nemiga,2,map,2026-09-29T14:00:00Z,0.06,0.88,,0.3902180366763063
KXCS2MAP-26SEP271000COLNEMI-1-NEMI,2026-09-26T16:00:39+00:00,KXCS2MAP-26SEP271000COLNEMI-1,cs2,Nemiga,Color,1,map,2026-09-29T14:00:00Z,0.07,0.82,,0.6386194096889695
KXCS2MAP-26SEP271000COLNEMI-1-COL,2026-09-26T16:00:39+00:00,KXCS2MAP-26SEP271000COLNEMI-1,cs2,Color,Nemiga,1,map,2026-09-29T14:00:00Z,0.06,0.93,,0.3884617946215416
KXCS2MAP-26SEP262100FAROT-2-OT,2026-09-26T16:00:39+00:00,KXCS2MAP-26SEP262100FAROT-2,cs2,Overtake Sector,FarmVille,2,map,2026-09-29T01:00:00Z,0.07,0.85,,0.5098716692548269
KXCS2MAP-26SEP262100FAROT-2-FAR,2026-09-26T16:00:39+00:00,KXCS2MAP-26SEP262100FAROT-2,cs2,FarmVille,Overtake Sector,2,map,2026-09-29T01:00:00Z,0.07,0.91,,0.4642300924222897
KXCS2MAP-26SEP262100FAROT-1-OT,2026-09-26T16:00:39+00:00,KXCS2MAP-26SEP262100FAROT-1,cs2,Overtake Sector,FarmVille,1,map,2026-09-29T01:00:00Z,0.07,0.93,,0.5098716692548269
KXCS2MAP-26SEP262100FAROT-1-FAR,2026-09-26T16:00:39+00:00,KXCS2MAP-26SEP262100FAROT-1,cs2,FarmVille,Overtake Sector,1,map,2026-09-29T01:00:00Z,0.07,0.87,,0.4655930372669563
KXCS2MAP-26SEP262100DTNMAR-2-MAR,2026-09-26T16:00:39+00:00,KXCS2MAP-26SEP262100DTNMAR-2,cs2,Marsborne,DETONATE,2,map,2026-09-29T01:00:00Z,0.55,0.65,,0.7620515150153827
KXCS2MAP-26SEP262100DTNMAR-2-DTN,2026-09-26T16:00:39+00:00,KXCS2MAP-26SEP262100DTNMAR-2,cs2,DETONATE,Marsborne,2,map,2026-09-29T01:00:00Z,0.13,0.44,,0.23844325686997153
KXCS2MAP-26SEP262100DTNMAR-1-MAR,2026-09-26T16:00:39+00:00,KXCS2MAP-26SEP262100DTNMAR-1,cs2,Marsborne,DETONATE,1,map,2026-09-29T01:00:00Z,0.6,0.68,,0.7591235384899921
KXCS2MAP-26SEP262100DTNMAR-1-DTN,2026-09-26T16:00:39+00:00,KXCS2MAP-26SEP262100DTNMAR-1,cs2,DETONATE,Marsborne,1,map,2026-09-29T01:00:00Z,0.08,0.38,,0.23844442865749296
KXCS2MAP-26SEP272100LAGREGAIN-2-REGAIN,2026-09-26T16:00:39+00:00,KXCS2MAP-26SEP272100LAGREGAIN-2,cs2,regain,LAG Gaming,2,map,2026-09-30T01:00:00Z,0.11,0.69,,
KXCS2MAP-26SEP272100LAGREGAIN-2-LAG,2026-09-26T16:00:39+00:00,KXCS2MAP-26SEP272100LAGREGAIN-2,cs2,LAG Gaming,regain,2,map,2026-09-30T01:00:00Z,0.29,0.92,,
KXCS2MAP-26SEP272100LAGREGAIN-1-REGAIN,2026-09-26T16:00:39+00:00,KXCS2MAP-26SEP272100LAGREGAIN-1,cs2,regain,LAG Gaming,1,map,2026-09-30T01:00:00Z,0.12,0.7,,
KXCS2MAP-26SEP272100LAGREGAIN-1-LAG,2026-09-26T16:00:39+00:00,KXCS2MAP-26SEP272100LAGREGAIN-1,cs2,LAG Gaming,regain,1,map,2026-09-30T01:00:00Z,0.28,0.91,,
KXCS2MAP-26SEP271800MIRAALKAA-2-MIRA,2026-09-26T16:00:39+00:00,KXCS2MAP-26SEP271800MIRAALKAA-2,cs2,Mira,ALKA,2,map,2026-09-29T22:00:00Z,0.07,0.68,,0.353331566477834
KXCS2MAP-26SEP271800MIRAALKAA-2-ALKAA,2026-09-26T16:00:39+00:00,KXCS2MAP-26SEP271800MIRAALKAA-2,cs2,ALKA,Mira,2,map,2026-09-29T22:00:00Z,0.34,0.93,,0.6422777602697232
KXCS2MAP-26SEP271800MIRAALKAA-1-MIRA,2026-09-26T16:00:39+00:00,KXCS2MAP-26SEP271800MIRAALKAA-1,cs2,Mira,ALKA,1,map,2026-09-29T22:00:00Z,0.07,0.67,,0.3521632506569273
KXCS2MAP-26SEP271800MIRAALKAA-1-ALKAA,2026-09-26T16:00:39+00:00,KXCS2MAP-26SEP271800MIRAALKAA-1,cs2,ALKA,Mira,1,map,2026-09-29T22:00:00Z,0.35,0.93,,0.644606876821976
KXCS2MAP-26SEP271200MIBRMW-2-MW,2026-09-26T16:00:39+00:00,KXCS2MAP-26SEP271200MIBRMW-2,cs2,METANOIA Wolves,MIBR fe,2,map,2026-09-29T16:00:00Z,0.14,0.93,,0.4504737183650064
KXCS2MAP-26SEP271200MIBRMW-2-MIBR,2026-09-26T16:00:39+00:00,KXCS2MAP-26SEP271200MIBRMW-2,cs2,MIBR fe,METANOIA Wolves,2,map,2026-09-29T16:00:00Z,0.07,0.93,,0.5346905162680378
KXCS2MAP-26SEP271200MIBRMW-1-MW,2026-09-26T16:00:39+00:00,KXCS2MAP-26SEP271200MIBRMW-1,cs2,METANOIA Wolves,MIBR fe,1,map,2026-09-29T16:00:00Z,0.11,0.93,,0.45122658397695553
KXCS2MAP-26SEP271200MIBRMW-1-MIBR,2026-09-26T16:00:39+00:00,KXCS2MAP-26SEP271200MIBRMW-1,cs2,MIBR fe,METANOIA Wolves,1,map,2026-09-29T16:00:00Z,0.07,0.93,,0.5335229070464848
KXCS2MAP-26SEP270900SEMCHAMA-2-SEM,2026-09-26T16:00:39+00:00,KXCS2MAP-26SEP270900SEMCHAMA-2,cs2,Semente do Mal,BORRACHEIROS,2,map,2026-09-29T13:00:00Z,0.09,0.72,,
KXCS2MAP-26SEP270900SEMCHAMA-2-CHAMA,2026-09-26T16:00:39+00:00,KXCS2MAP-26SEP270900SEMCHAMA-2,cs2,BORRACHEIROS,Semente do Mal,2,map,2026-09-29T13:00:00Z,0.3,0.88,,
KXCS2MAP-26SEP270900SEMCHAMA-1-SEM,2026-09-26T16:00:39+00:00,KXCS2MAP-26SEP270900SEMCHAMA-1,cs2,Semente do Mal,BORRACHEIROS,1,map,2026-09-29T13:00:00Z,0.09,0.71,,
KXCS2MAP-26SEP270900SEMCHAMA-1-CHAMA,2026-09-26T16:00:39+00:00,KXCS2MAP-26SEP270900SEMCHAMA-1,cs2,BORRACHEIROS,Semente do Mal,1,map,2026-09-29T13:00:00Z,0.32,0.88,,
KXCS2MAP-26SEP261800PLDGRE-2-PLD,2026-09-26T16:00:39+00:00,KXCS2MAP-26SEP261800PLDGRE-2,cs2,Peladona,Gremio Esports,2,map,2026-09-28T22:00:00Z,0.5,0.84,,
KXCS2MAP-26SEP261800PLDGRE-2-GRE,2026-09-26T16:00:39+00:00,KXCS2MAP-26SEP261800PLDGRE-2,cs2,Gremio Esports,Peladona,2,map,2026-09-28T22:00:00Z,0.08,0.4,,
KXCS2MAP-26SEP261800PLDGRE-1-PLD,2026-09-26T16:00:39+00:00,KXCS2MAP-26SEP261800PLDGRE-1,cs2,Peladona,Gremio Esports,1,map,2026-09-28T22:00:00Z,0.18,0.88,,
KXCS2MAP-26SEP261800PLDGRE-1-GRE,2026-09-26T16:00:39+00:00,KXCS2MAP-26SEP261800PLDGRE-1,cs2,Gremio Esports,Peladona,1,map,2026-09-28T22:00:00Z,0.15,0.92,,
KXCS2MAP-26SEP261500MEIQUIN-2-QUIN,2026-09-26T16:00:39+00:00,KXCS2MAP-26SEP261500MEIQUIN-2,cs2,QUINTESSENCIA,MEIA NOITE,2,map,2026-09-28T19:00:00Z,0.46,0.52,,
KXCS2MAP-26SEP261500MEIQUIN-2-MEI,2026-09-26T16:00:39+00:00,KXCS2MAP-26SEP261500MEIQUIN-2,cs2,MEIA NOITE,QUINTESSENCIA,2,map,2026-09-28T19:00:00Z,0.51,0.58,,
KXCS2MAP-26SEP261500MEIQUIN-1-QUIN,2026-09-26T16:00:39+00:00,KXCS2MAP-26SEP261500MEIQUIN-1,cs2,QUINTESSENCIA,MEIA NOITE,1,map,2026-09-28T19:00:00Z,0.49,0.55,,
KXCS2MAP-26SEP261500MEIQUIN-1-MEI,2026-09-26T16:00:39+00:00,KXCS2MAP-26SEP261500MEIQUIN-1,cs2,MEIA NOITE,QUINTESSENCIA,1,map,2026-09-28T19:00:00Z,0.07,0.5,,
KXCS2MAP-26SEP261300M80VOC-2-VOC,2026-09-26T16:00:39+00:00,KXCS2MAP-26SEP261300M80VOC-2,cs2,Voca,M80,2,map,2026-09-28T17:00:00Z,,,,0.4615125748736246
KXCS2MAP-26SEP261300M80VOC-2-M80,2026-09-26T16:00:39+00:00,KXCS2MAP-26SEP261300M80VOC-2,cs2,M80,Voca,2,map,2026-09-28T17:00:00Z,0.69,0.8,,0.5794335685906822
KXCS2MAP-26SEP261300M80VOC-1-VOC,2026-09-26T16:00:39+00:00,KXCS2MAP-26SEP261300M80VOC-1,cs2,Voca,M80,1,map,2026-09-28T17:00:00Z,0.34,0.37,,0.4615125748736246
KXCS2MAP-26SEP261300M80VOC-1-M80,2026-09-26T16:00:39+00:00,KXCS2MAP-26SEP261300M80VOC-1,cs2,M80,Voca,1,map,2026-09-28T17:00:00Z,0.63,0.78,,0.5794335685906822
KXCS2MAP-26SEP261200YOUZET-2-ZET,2026-09-26T16:00:39+00:00,KXCS2MAP-26SEP261200YOUZET-2,cs2,Zetta Games,your end,2,map,2026-09-28T16:00:00Z,0.04,0.81,,
KXCS2MAP-26SEP261200YOUZET-2-YOU,2026-09-26T16:00:39+00:00,KXCS2MAP-26SEP261200YOUZET-2,cs2,your end,Zetta Games,2,map,2026-09-28T16:00:00Z,0.15,0.95,,
KXCS2MAP-26SEP261200YOUZET-1-ZET,2026-09-26T16:00:39+00:00,KXCS2MAP-26SEP261200YOUZET-1,cs2,Zetta Games,your end,1,map,2026-09-28T16:00:00Z,0.03,0.96,,
KXCS2MAP-26SEP261200YOUZET-1-YOU,2026-09-26T16:00:39+00:00,KXCS2MAP-26SEP261200YOUZET-1,cs2,your end,Zetta Games,1,map,2026-09-28T16:00:00Z,0.03,0.89,,
KXCS2MAP-26SEP261700YAWMW-2-YAW,2026-09-26T16:00:39+00:00,KXCS2MAP-26SEP261700YAWMW-2,cs2,Yawara Esports,METANOIA Wolves,2,map,2026-09-28T21:00:00Z,0.27,0.78,,
KXCS2MAP-26SEP261700YAWMW-2-MW,2026-09-26T16:00:39+00:00,KXCS2MAP-26SEP261700YAWMW-2,cs2,METANOIA Wolves,Yawara Esports,2,map,2026-09-28T21:00:00Z,0.22,0.3,,
KXCS2MAP-26SEP261700YAWMW-1-YAW,2026-09-26T16:00:39+00:00,KXCS2MAP-26SEP261700YAWMW-1,cs2,Yawara Esports,METANOIA Wolves,1,map,2026-09-28T21:00:00Z,0.71,0.75,,
KXCS2MAP-26SEP261700YAWMW-1-MW,2026-09-26T16:00:39+00:00,KXCS2MAP-26SEP261700YAWMW-1,cs2,METANOIA Wolves,Yawara Esports,1,map,2026-09-28T21:00:00Z,,,,
KXCS2MAP-26SEP261700ALKAATDP-2-TDP,2026-09-26T16:00:39+00:00,KXCS2MAP-26SEP261700ALKAATDP-2,cs2,Turma do Pagode,ALKA,2,map,2026-09-28T21:00:00Z,0.65,0.7,,0.49034301626932897
KXCS2MAP-26SEP261700ALKAATDP-2-ALKAA,2026-09-26T16:00:39+00:00,KXCS2MAP-26SEP261700ALKAATDP-2,cs2,ALKA,Turma do Pagode,2,map,2026-09-28T21:00:00Z,0.18,0.36,,0.5391027092214944
KXCS2MAP-26SEP261700ALKAATDP-1-TDP,2026-09-26T16:00:39+00:00,KXCS2MAP-26SEP261700ALKAATDP-1,cs2,Turma do Pagode,ALKA,1,map,2026-09-28T21:00:00Z,0.62,0.69,,0.49034301626932897
KXCS2MAP-26SEP261700ALKAATDP-1-ALKAA,2026-09-26T16:00:39+00:00,KXCS2MAP-26SEP261700ALKAATDP-1,cs2,ALKA,Turma do Pagode,1,map,2026-09-28T21:00:00Z,0.31,0.35,,0.5391027092214944
KXCS2MAP-26SEP261300NRGWC-2-WC,2026-09-26T16:00:39+00:00,KXCS2MAP-26SEP261300NRGWC-2,cs2,Wildcard,NRG,2,map,2026-09-28T17:00:00Z,0.35,0.38,,0.39107947149555716
KXCS2MAP-26SEP261300NRGWC-2-NRG,2026-09-26T16:00:39+00:00,KXCS2MAP-26SEP261300NRGWC-2,cs2,NRG,Wildcard,2,map,2026-09-28T17:00:00Z,0.62,0.65,,0.6425832635758448
KXCS2MAP-26SEP261300NRGWC-1-WC,2026-09-26T16:00:39+00:00,KXCS2MAP-26SEP261300NRGWC-1,cs2,Wildcard,NRG,1,map,2026-09-28T17:00:00Z,0.38,0.52,,0.39107947149555716
KXCS2MAP-26SEP261300NRGWC-1-NRG,2026-09-26T16:00:39+00:00,KXCS2MAP-26SEP261300NRGWC-1,cs2,NRG,Wildcard,1,map,2026-09-28T17:00:00Z,0.49,0.64,,0.6425832635758448
KXCS2MAP-26SEP271700PROGLS-2-PRO,2026-09-26T16:00:39+00:00,KXCS2MAP-26SEP271700PROGLS-2,cs2,Procyon Gaming,Galorys,2,map,2026-09-29T21:00:00Z,0.28,0.87,,
KXCS2MAP-26SEP271700PROGLS-2-GLS,2026-09-26T16:00:39+00:00,KXCS2MAP-26SEP271700PROGLS-2,cs2,Galorys,Procyon Gaming,2,map,2026-09-29T21:00:00Z,0.11,0.72,,
KXCS2MAP-26SEP271700PROGLS-1-PRO,2026-09-26T16:00:39+00:00,KXCS2MAP-26SEP271700PROGLS-1,cs2,Procyon Gaming,Galorys,1,map,2026-09-29T21:00:00Z,0.07,0.87,,
KXCS2MAP-26SEP271700PROGLS-1-GLS,2026-09-26T16:00:39+00:00,KXCS2MAP-26SEP271700PROGLS-1,cs2,Galorys,Procyon Gaming,1,map,2026-09-29T21:00:00Z,0.15,0.91,,
KXCS2MAP-26SEP261400GLMGC-2-MGC,2026-09-26T16:00:39+00:00,KXCS2MAP-26SEP261400GLMGC-2,cs2,magic,GamerLegion,2,map,2026-09-28T18:00:00Z,0.29,0.59,,0.5815870446383825
KXCS2MAP-26SEP261400GLMGC-2-GL,2026-09-26T16:00:39+00:00,KXCS2MAP-26SEP261400GLMGC-2,cs2,GamerLegion,magic,2,map,2026-09-28T18:00:00Z,0.27,0.69,,0.4220595575180509
KXCS2MAP-26SEP261400GLMGC-1-MGC,2026-09-26T16:00:39+00:00,KXCS2MAP-26SEP261400GLMGC-1,cs2,magic,GamerLegion,1,map,2026-09-28T18:00:00Z,0.11,0.69,,0.5863249801365945
KXCS2MAP-26SEP261400GLMGC-1-GL,2026-09-26T16:00:39+00:00,KXCS2MAP-26SEP261400GLMGC-1,cs2,GamerLegion,magic,1,map,2026-09-28T18:00:00Z,0.08,0.55,,0.42204984113813454
KXCS2MAP-26SEP281500QUINBSTA-2-QUIN,2026-09-26T16:00:39+00:00,KXCS2MAP-26SEP281500QUINBSTA-2,cs2,QUINTESSENCIA,BESTIA Academy,2,map,2026-09-30T19:00:00Z,0.07,0.91,,
KXCS2MAP-26SEP281500QUINBSTA-2-BSTA,2026-09-26T16:00:39+00:00,KXCS2MAP-26SEP281500QUINBSTA-2,cs2,BESTIA Academy,QUINTESSENCIA,2,map,2026-09-30T19:00:00Z,0.15,0.93,,
KXCS2MAP-26SEP281500QUINBSTA-1-QUIN,2026-09-26T16:00:39+00:00,KXCS2MAP-26SEP281500QUINBSTA-1,cs2,QUINTESSENCIA,BESTIA Academy,1,map,2026-09-30T19:00:00Z,0.07,0.87,,
KXCS2MAP-26SEP281500QUINBSTA-1-BSTA,2026-09-26T16:00:39+00:00,KXCS2MAP-26SEP281500QUINBSTA-1,cs2,BESTIA Academy,QUINTESSENCIA,1,map,2026-09-30T19:00:00Z,0.15,0.93,,
KXCS2MAP-26SEP281400PANDUCKS-2-PAN,2026-09-26T16:00:39+00:00,KXCS2MAP-26SEP281400PANDUCKS-2,cs2,Pandaric eSports,Playing Ducks,2,map,2026-09-30T18:00:00Z,0.06,0.94,,
KXCS2MAP-26SEP281400PANDUCKS-2-DUCKS,2026-09-26T16:00:39+00:00,KXCS2MAP-26SEP281400PANDUCKS-2,cs2,Playing Ducks,Pandaric eSports,2,map,2026-09-30T18:00:00Z,0.07,0.93,,
KXCS2MAP-26SEP281400PANDUCKS-1-PAN,2026-09-26T16:00:39+00:00,KXCS2MAP-26SEP281400PANDUCKS-1,cs2,Pandaric eSports,Playing Ducks,1,map,2026-09-30T18:00:00Z,0.06,0.94,,
KXCS2MAP-26SEP281400PANDUCKS-1-DUCKS,2026-09-26T16:00:39+00:00,KXCS2MAP-26SEP281400PANDUCKS-1,cs2,Playing Ducks,Pandaric eSports,1,map,2026-09-30T18:00:00Z,0.07,0.93,,
KXCS2MAP-26SEP281400LEIBIGA-2-LEI,2026-09-26T16:00:39+00:00,KXCS2MAP-26SEP281400LEIBIGA-2,cs2,Team LEISURE,BIG Academy,2,map,2026-09-30T18:00:00Z,0.06,0.94,,
KXCS2MAP-26SEP281400LEIBIGA-2-BIGA,2026-09-26T16:00:39+00:00,KXCS2MAP-26SEP281400LEIBIGA-2,cs2,BIG Academy,Team LEISURE,2,map,2026-09-30T18:00:00Z,0.07,0.93,,
KXCS2MAP-26SEP281400LEIBIGA-1-LEI,2026-09-26T16:00:39+00:00,KXCS2MAP-26SEP281400LEIBIGA-1,cs2,Team LEISURE,BIG Academy,1,map,2026-09-30T18:00:00Z,0.06,0.94,,
KXCS2MAP-26SEP281400LEIBIGA-1-BIGA,2026-09-26T16:00:39+00:00,KXCS2MAP-26SEP281400LEIBIGA-1,cs2,BIG Academy,Team LEISURE,1,map,2026-09-30T18:00:00Z,0.07,0.93,,
KXCS2MAP-26SEP281200SSPBLU-2-SSP,2026-09-26T16:00:39+00:00,KXCS2MAP-26SEP281200SSPBLU-2,cs2,Sissi State Punks,BLUEJAYS.de,2,map,2026-09-30T16:00:00Z,0.06,0.94,,
KXCS2MAP-26SEP281200SSPBLU-2-BLU,2026-09-26T16:00:39+00:00,KXCS2MAP-26SEP281200SSPBLU-2,cs2,BLUEJAYS.de,Sissi State Punks,2,map,2026-09-30T16:00:00Z,0.07,0.89,,
KXCS2MAP-26SEP281200SSPBLU-1-SSP,2026-09-26T16:00:39+00:00,KXCS2MAP-26SEP281200SSPBLU-1,cs2,Sissi State Punks,BLUEJAYS.de,1,map,2026-09-30T16:00:00Z,0.06,0.94,,
KXCS2MAP-26SEP281200SSPBLU-1-BLU,2026-09-26T16:00:39+00:00,KXCS2MAP-26SEP281200SSPBLU-1,cs2,BLUEJAYS.de,Sissi State Punks,1,map,2026-09-30T16:00:00Z,0.07,0.87,,
KXCS2MAP-26SEP280630OLDXI-2-XI,2026-09-26T16:00:39+00:00,KXCS2MAP-26SEP280630OLDXI-2,cs2,XI Esport,OldMix,2,map,2026-09-30T10:30:00Z,0.06,0.93,,
KXCS2MAP-26SEP280630OLDXI-2-OLD,2026-09-26T16:00:39+00:00,KXCS2MAP-26SEP280630OLDXI-2,cs2,OldMix,XI Esport,2,map,2026-09-30T10:30:00Z,0.06,0.94,,
KXCS2MAP-26SEP280630OLDXI-1-XI,2026-09-26T16:00:39+00:00,KXCS2MAP-26SEP280630OLDXI-1,cs2,XI Esport,OldMix,1,map,2026-09-30T10:30:00Z,0.06,0.91,,
KXCS2MAP-26SEP280630OLDXI-1-OLD,2026-09-26T16:00:39+00:00,KXCS2MAP-26SEP280630OLDXI-1,cs2,OldMix,XI Esport,1,map,2026-09-30T10:30:00Z,0.06,0.94,,
KXCS2MAP-26SEP280400EFATTBS-2-TTBS,2026-09-26T16:00:39+00:00,KXCS2MAP-26SEP280400EFATTBS-2,cs2,Teletubisie,Eternal Fire Academy,2,map,2026-09-30T08:00:00Z,0.09,0.94,,0.7462023549265763
KXCS2MAP-26SEP280400EFATTBS-2-EFA,2026-09-26T16:00:39+00:00,KXCS2MAP-26SEP280400EFATTBS-2,cs2,Eternal Fire Academy,Teletubisie,2,map,2026-09-30T08:00:00Z,0.06,0.94,,0.22654440261027672
KXCS2MAP-26SEP280400EFATTBS-1-TTBS,2026-09-26T16:00:39+00:00,KXCS2MAP-26SEP280400EFATTBS-1,cs2,Teletubisie,Eternal Fire Academy,1,map,2026-09-30T08:00:00Z,,,,0.745312685548744
KXCS2MAP-26SEP280400EFATTBS-1-EFA,2026-09-26T16:00:39+00:00,KXCS2MAP-26SEP280400EFATTBS-1,cs2,Eternal Fire Academy,Teletubisie,1,map,2026-09-30T08:00:00Z,0.06,0.94,,0.22707766889746708
KXCS2MAP-26SEP261400OTLILMIX-2-OT,2026-09-26T16:00:39+00:00,KXCS2MAP-26SEP261400OTLILMIX-2,cs2,overTIME,Lilmix,2,map,2026-09-28T18:00:00Z,0.06,0.94,,0.6411106786353169
KXCS2MAP-26SEP261400OTLILMIX-2-LILMIX,2026-09-26T16:00:39+00:00,KXCS2MAP-26SEP261400OTLILMIX-2,cs2,Lilmix,overTIME,2,map,2026-09-28T18:00:00Z,0.07,0.93,,0.361905578987154
KXCS2MAP-26SEP261400OTLILMIX-1-OT,2026-09-26T16:00:39+00:00,KXCS2MAP-26SEP261400OTLILMIX-1,cs2,overTIME,Lilmix,1,map,2026-09-28T18:00:00Z,0.06,0.88,,0.6392222984770113
KXCS2MAP-26SEP261400OTLILMIX-1-LILMIX,2026-09-26T16:00:39+00:00,KXCS2MAP-26SEP261400OTLILMIX-1,cs2,Lilmix,overTIME,1,map,2026-09-28T18:00:00Z,0.1,0.84,,0.3618963802788537
KXCS2MAP-26SEP261200INFG1-2-INF,2026-09-26T16:00:39+00:00,KXCS2MAP-26SEP261200INFG1-2,cs2,INFINITE,GenOne,2,map,2026-09-28T16:00:00Z,0.26,0.74,,0.37180919051643546
KXCS2MAP-26SEP261200INFG1-2-G1,2026-09-26T16:00:39+00:00,KXCS2MAP-26SEP261200INFG1-2,cs2,GenOne,INFINITE,2,map,2026-09-28T16:00:00Z,0.26,0.72,,0.6013929347644789
KXCS2MAP-26SEP261200INFG1-1-INF,2026-09-26T16:00:39+00:00,KXCS2MAP-26SEP261200INFG1-1,cs2,INFINITE,GenOne,1,map,2026-09-28T16:00:00Z,0.03,0.71,,0.3688420396132178
KXCS2MAP-26SEP261200INFG1-1-G1,2026-09-26T16:00:39+00:00,KXCS2MAP-26SEP261200INFG1-1,cs2,GenOne,INFINITE,1,map,2026-09-28T16:00:00Z,0.29,0.97,,0.6027698352631794
KXCS2MAP-26SEP270945ILLPHAC-2-PHAC,2026-09-26T16:00:39+00:00,KXCS2MAP-26SEP270945ILLPHAC-2,cs2,Phantom Academy,Illyrians,2,map,2026-09-29T13:45:00Z,0.16,0.66,,0.42117447356871096
KXCS2MAP-26SEP270945ILLPHAC-2-ILL,2026-09-26T16:00:39+00:00,KXCS2MAP-26SEP270945ILLPHAC-2,cs2,Illyrians,Phantom Academy,2,map,2026-09-29T13:45:00Z,0.32,0.86,,0.5753925608385414
KXCS2MAP-26SEP270945ILLPHAC-1-PHAC,2026-09-26T16:00:39+00:00,KXCS2MAP-26SEP270945ILLPHAC-1,cs2,Phantom Academy,Illyrians,1,map,2026-09-29T13:45:00Z,0.18,0.75,,0.4219159681000954
KXCS2MAP-26SEP270945ILLPHAC-1-ILL,2026-09-26T16:00:39+00:00,KXCS2MAP-26SEP270945ILLPHAC-1,cs2,Illyrians,Phantom Academy,1,map,2026-09-29T13:45:00Z,0.23,0.86,,0.5742457601700843
KXCS2MAP-26SEP270945BIGAMAI-2-MAI,2026-09-26T16:00:39+00:00,KXCS2MAP-26SEP270945BIGAMAI-2,cs2,Mai Tai,BIG Academy,2,map,2026-09-29T13:45:00Z,0.21,0.84,,0.2280969380075928
KXCS2MAP-26SEP270945BIGAMAI-2-BIGA,2026-09-26T16:00:39+00:00,KXCS2MAP-26SEP270945BIGAMAI-2,cs2,BIG Academy,Mai Tai,2,map,2026-09-29T13:45:00Z,0.16,0.79,,0.747507497798674
KXCS2MAP-26SEP270945BIGAMAI-1-MAI,2026-09-26T16:00:39+00:00,KXCS2MAP-26SEP270945BIGAMAI-1,cs2,Mai Tai,BIG Academy,1,map,2026-09-29T13:45:00Z,,,,0.22755611531200842
KXCS2MAP-26SEP270945BIGAMAI-1-BIGA,2026-09-26T16:00:39+00:00,KXCS2MAP-26SEP270945BIGAMAI-1,cs2,BIG Academy,Mai Tai,1,map,2026-09-29T13:45:00Z,0.15,0.74,,0.7466208499976867
KXCS2MAP-26SEP270700TRAMEG-2-TRA,2026-09-26T16:00:39+00:00,KXCS2MAP-26SEP270700TRAMEG-2,cs2,train launcher,megoshort,2,map,2026-09-29T11:00:00Z,0.22,0.86,,0.38261264527447686
KXCS2MAP-26SEP270700TRAMEG-2-MEG,2026-09-26T16:00:39+00:00,KXCS2MAP-26SEP270700TRAMEG-2,cs2,megoshort,train launcher,2,map,2026-09-29T11:00:00Z,0.14,0.78,,0.5473914979255042
KXCS2MAP-26SEP270700TRAMEG-1-TRA,2026-09-26T16:00:39+00:00,KXCS2MAP-26SEP270700TRAMEG-1,cs2,train launcher,megoshort,1,map,2026-09-29T11:00:00Z,0.22,0.86,,0.38492055284784876
KXCS2MAP-26SEP270700TRAMEG-1-MEG,2026-09-26T16:00:39+00:00,KXCS2MAP-26SEP270700TRAMEG-1,cs2,megoshort,train launcher,1,map,2026-09-29T11:00:00Z,0.14,0.78,,0.5473816289837493
KXCS2MAP-26SEP270700EPMOR-2-MOR,2026-09-26T16:00:39+00:00,KXCS2MAP-26SEP270700EPMOR-2,cs2,MORROW,eternal premium,2,map,2026-09-29T11:00:00Z,0.36,0.88,,
KXCS2MAP-26SEP270700EPMOR-2-EP,2026-09-26T16:00:39+00:00,KXCS2MAP-26SEP270700EPMOR-2,cs2,eternal premium,MORROW,2,map,2026-09-29T11:00:00Z,0.1,0.66,,
KXCS2MAP-26SEP270700EPMOR-1-MOR,2026-09-26T16:00:39+00:00,KXCS2MAP-26SEP270700EPMOR-1,cs2,MORROW,eternal premium,1,map,2026-09-29T11:00:00Z,0.3,0.88,,
KXCS2MAP-26SEP270700EPMOR-1-EP,2026-09-26T16:00:39+00:00,KXCS2MAP-26SEP270700EPMOR-1,cs2,eternal premium,MORROW,1,map,2026-09-29T11:00:00Z,0.09,0.72,,
KXCS2MAP-26SEP261300AIMMZP-2-MZP,2026-09-26T16:00:39+00:00,KXCS2MAP-26SEP261300AIMMZP-2,cs2,Metizport,aimclub,2,map,2026-09-28T17:00:00Z,0.7,0.79,,0.6256759864953734
KXCS2MAP-26SEP261300AIMMZP-2-AIM,2026-09-26T16:00:39+00:00,KXCS2MAP-26SEP261300AIMMZP-2,cs2,aimclub,Metizport,2,map,2026-09-28T17:00:00Z,0.09,0.27,,0.3894928196894122
KXCS2MAP-26SEP261300AIMMZP-1-MZP,2026-09-26T16:00:39+00:00,KXCS2MAP-26SEP261300AIMMZP-1,cs2,Metizport,aimclub,1,map,2026-09-28T17:00:00Z,0.67,0.88,,0.621902505356197
KXCS2MAP-26SEP261300AIMMZP-1-AIM,2026-09-26T16:00:39+00:00,KXCS2MAP-26SEP261300AIMMZP-1,cs2,aimclub,Metizport,1,map,2026-09-28T17:00:00Z,0.07,0.33,,0.39146359586872403
KXCS2MAP-26SEP261200MOUZNSAW-2-SAW,2026-09-26T16:00:39+00:00,KXCS2MAP-26SEP261200MOUZNSAW-2,cs2,SAW,MOUZ NXT,2,map,2026-09-28T16:00:00Z,0.36,0.81,,0.5315961254419875
KXCS2MAP-26SEP261200MOUZNSAW-2-MOUZN,2026-09-26T16:00:39+00:00,KXCS2MAP-26SEP261200MOUZNSAW-2,cs2,MOUZ NXT,SAW,2,map,2026-09-28T16:00:00Z,0.04,0.64,,0.44354373946526904
KXCS2MAP-26SEP261200MOUZNSAW-1-SAW,2026-09-26T16:00:39+00:00,KXCS2MAP-26SEP261200MOUZNSAW-1,cs2,SAW,MOUZ NXT,1,map,2026-09-28T16:00:00Z,0.28,0.97,,0.5296717124076072
KXCS2MAP-26SEP261200MOUZNSAW-1-MOUZN,2026-09-26T16:00:39+00:00,KXCS2MAP-26SEP261200MOUZNSAW-1,cs2,MOUZ NXT,SAW,1,map,2026-09-28T16:00:00Z,0.03,0.62,,0.4435453321450528
KXCS2MAP-26SEP261000BTFIS-2-IS,2026-09-26T16:00:39+00:00,KXCS2MAP-26SEP261000BTFIS-2,cs2,Iberian Soul,Butterfly,2,map,2026-09-28T14:00:00Z,0.55,0.94,,0.6018198545938277
KXCS2MAP-26SEP261000BTFIS-2-BTF,2026-09-26T16:00:39+00:00,KXCS2MAP-26SEP261000BTFIS-2,cs2,Butterfly,Iberian Soul,2,map,2026-09-28T14:00:00Z,0.07,0.25,,0.3934618008356191
KXCS2MAP-26SEP270400REVCTR-2-REV,2026-09-26T16:00:39+00:00,KXCS2MAP-26SEP270400REVCTR-2,cs2,Revenge,CTRL Esports,2,map,2026-09-29T08:00:00Z,0.21,0.8,,
KXCS2MAP-26SEP270400REVCTR-2-CTR,2026-09-26T16:00:39+00:00,KXCS2MAP-26SEP270400REVCTR-2,cs2,CTRL Esports,Revenge,2,map,2026-09-29T08:00:00Z,0.22,0.77,,
KXCS2MAP-26SEP270400REVCTR-1-REV,2026-09-26T16:00:39+00:00,KXCS2MAP-26SEP270400REVCTR-1,cs2,Revenge,CTRL Esports,1,map,2026-09-29T08:00:00Z,0.18,0.8,,
KXCS2MAP-26SEP270400REVCTR-1-CTR,2026-09-26T16:00:39+00:00,KXCS2MAP-26SEP270400REVCTR-1,cs2,CTRL Esports,Revenge,1,map,2026-09-29T08:00:00Z,0.23,0.8,,
KXCS2MAP-26SEP270630TUPSNA-2-TU,2026-09-26T16:00:39+00:00,KXCS2MAP-26SEP270630TUPSNA-2,cs2,THE UNIT,Passion Academy,2,map,2026-09-29T10:30:00Z,0.1,0.73,,0.6817070805717435
KXCS2MAP-26SEP270630TUPSNA-2-PSNA,2026-09-26T16:00:39+00:00,KXCS2MAP-26SEP270630TUPSNA-2,cs2,Passion Academy,THE UNIT,2,map,2026-09-29T10:30:00Z,0.29,0.87,,0.2971481733189982
KXCS2MAP-26SEP270630TUPSNA-1-TU,2026-09-26T16:00:39+00:00,KXCS2MAP-26SEP270630TUPSNA-1,cs2,THE UNIT,Passion Academy,1,map,2026-09-29T10:30:00Z,0.15,0.65,,0.6828946915446165
KXCS2MAP-26SEP270630TUPSNA-1-PSNA,2026-09-26T16:00:39+00:00,KXCS2MAP-26SEP270630TUPSNA-1,cs2,Passion Academy,THE UNIT,1,map,2026-09-29T10:30:00Z,0.38,0.81,,0.29829368977186826
KXCS2MAP-26SEP261330YTIGERESSPI-2-YTIGERES,2026-09-26T16:00:39+00:00,KXCS2MAP-26SEP261330YTIGERESSPI-2,cs2,Young TigeRES,Spirit Academy Green,2,map,2026-09-28T17:30:00Z,,,,0.4987373463252426
KXCS2MAP-26SEP261330YTIGERESSPI-2-SPI,2026-09-26T16:00:39+00:00,KXCS2MAP-26SEP261330YTIGERESSPI-2,cs2,Spirit Academy Green,Young TigeRES,2,map,2026-09-28T17:30:00Z,,,,0.4903575462454113
KXCS2MAP-26SEP261330YTIGERESSPI-1-YTIGERES,2026-09-26T16:00:39+00:00,KXCS2MAP-26SEP261330YTIGERESSPI-1,cs2,Young TigeRES,Spirit Academy Green,1,map,2026-09-28T17:30:00Z,0.42,0.45,,0.49949755536694757
KXCS2MAP-26SEP261330YTIGERESSPI-1-SPI,2026-09-26T16:00:39+00:00,KXCS2MAP-26SEP261330YTIGERESSPI-1,cs2,Spirit Academy Green,Young TigeRES,1,map,2026-09-28T17:30:00Z,0.54,0.58,,0.4949873655099425
KXCS2MAP-26SEP261330FSFIRE-2-FS,2026-09-26T16:00:39+00:00,KXCS2MAP-26SEP261330FSFIRE-2,cs2,Fever Squad,Fire Flux Esports,2,map,2026-09-28T17:30:00Z,0.06,0.74,,
KXCS2MAP-26SEP261330FSFIRE-2-FIRE,2026-09-26T16:00:39+00:00,KXCS2MAP-26SEP261330FSFIRE-2,cs2,Fire Flux Esports,Fever Squad,2,map,2026-09-28T17:30:00Z,0.07,0.71,,
KXCS2MAP-26SEP261330FSFIRE-1-FS,2026-09-26T16:00:39+00:00,KXCS2MAP-26SEP261330FSFIRE-1,cs2,Fever Squad,Fire Flux Esports,1,map,2026-09-28T17:30:00Z,0.06,0.72,,
KXCS2MAP-26SEP261330FSFIRE-1-FIRE,2026-09-26T16:00:39+00:00,KXCS2MAP-26SEP261330FSFIRE-1,cs2,Fire Flux Esports,Fever Squad,1,map,2026-09-28T17:30:00Z,0.07,0.86,,
KXCS2MAP-26SEP261300ILLNOI-2-NOI,2026-09-26T16:00:39+00:00,KXCS2MAP-26SEP261300ILLNOI-2,cs2,Noir Verse,Illyrians,2,map,2026-09-28T17:00:00Z,0.27,0.43,,0.44371653841028147
KXCS2MAP-26SEP261300ILLNOI-2-ILL,2026-09-26T16:00:39+00:00,KXCS2MAP-26SEP261300ILLNOI-2,cs2,Illyrians,Noir Verse,2,map,2026-09-28T17:00:00Z,0.27,0.72,,0.5417666978927247
KXCS2MAP-26SEP261300ILLNOI-1-NOI,2026-09-26T16:00:39+00:00,KXCS2MAP-26SEP261300ILLNOI-1,cs2,Noir Verse,Illyrians,1,map,2026-09-28T17:00:00Z,0.06,0.43,,0.44446724499343987
KXCS2MAP-26SEP261300ILLNOI-1-ILL,2026-09-26T16:00:39+00:00,KXCS2MAP-26SEP261300ILLNOI-1,cs2,Illyrians,Noir Verse,1,map,2026-09-28T17:00:00Z,0.08,0.71,,0.540611481731697
KXCS2MAP-26SEP261000BAKSLEO-2-LEO,2026-09-26T16:00:39+00:00,KXCS2MAP-26SEP261000BAKSLEO-2,cs2,Leo Team,BakS eSports,2,map,2026-09-28T14:00:00Z,0.03,0.88,,
KXCS2MAP-26SEP261000BAKSLEO-2-BAKS,2026-09-26T16:00:39+00:00,KXCS2MAP-26SEP261000BAKSLEO-2,cs2,BakS eSports,Leo Team,2,map,2026-09-28T14:00:00Z,0.03,0.94,,
KXCS2MAP-26SEP261000BAKSLEO-1-LEO,2026-09-26T16:00:39+00:00,KXCS2MAP-26SEP261000BAKSLEO-1,cs2,Leo Team,BakS eSports,1,map,2026-09-28T14:00:00Z,0.03,0.96,,
KXCS2MAP-26SEP261000BAKSLEO-1-BAKS,2026-09-26T16:00:39+00:00,KXCS2MAP-26SEP261000BAKSLEO-1,cs2,BakS eSports,Leo Team,1,map,2026-09-28T14:00:00Z,0.03,0.95,,
KXCS2MAP-26SEP261400FCFTLR-2-TLR,2026-09-26T16:00:39+00:00,KXCS2MAP-26SEP261400FCFTLR-2,cs2,The Last Resort,FC Famalicao Esports,2,map,2026-09-28T18:00:00Z,0.27,0.81,,
KXCS2MAP-26SEP261400FCFTLR-2-FCF,2026-09-26T16:00:39+00:00,KXCS2MAP-26SEP261400FCFTLR-2,cs2,FC Famalicao Esports,The Last Resort,2,map,2026-09-28T18:00:00Z,0.15,0.59,,
KXCS2MAP-26SEP261400FCFTLR-1-TLR,2026-09-26T16:00:39+00:00,KXCS2MAP-26SEP261400FCFTLR-1,cs2,The Last Resort,FC Famalicao Esports,1,map,2026-09-28T18:00:00Z,,0.83,,
KXCS2MAP-26SEP261400FCFTLR-1-FCF,2026-09-26T16:00:39+00:00,KXCS2MAP-26SEP261400FCFTLR-1,cs2,FC Famalicao Esports,The Last Resort,1,map,2026-09-28T18:00:00Z,0.63,0.99,,
KXCS2MAP-26SEP261330EXRK27-2-K27,2026-09-26T16:00:39+00:00,KXCS2MAP-26SEP261330EXRK27-2,cs2,K27,ex-RUBY,2,map,2026-09-28T17:30:00Z,0.27,0.78,,0.5874527461182413
KXCS2MAP-26SEP261330EXRK27-2-EXR,2026-09-26T16:00:39+00:00,KXCS2MAP-26SEP261330EXRK27-2,cs2,ex-RUBY,K27,2,map,2026-09-28T17:30:00Z,0.16,0.58,,0.44718347346452547
KXCS2MAP-26SEP261330EXRK27-1-K27,2026-09-26T16:00:39+00:00,KXCS2MAP-26SEP261330EXRK27-1,cs2,K27,ex-RUBY,1,map,2026-09-28T17:30:00Z,0.26,0.82,,0.5874527461182413
KXCS2MAP-26SEP261330EXRK27-1-EXR,2026-09-26T16:00:39+00:00,KXCS2MAP-26SEP261330EXRK27-1,cs2,ex-RUBY,K27,1,map,2026-09-28T17:30:00Z,0.06,0.62,,0.44718347346452547
KXCS2MAP-26SEP261230GLSPAIN-2-PAIN,2026-09-26T16:00:39+00:00,KXCS2MAP-26SEP261230GLSPAIN-2,cs2,paiN,Galorys,2,map,2026-09-28T16:30:00Z,0.55,0.64,,0.43142329478827207
KXCS2MAP-26SEP261230GLSPAIN-2-GLS,2026-09-26T16:00:39+00:00,KXCS2MAP-26SEP261230GLSPAIN-2,cs2,Galorys,paiN,2,map,2026-09-28T16:30:00Z,0.32,0.45,,0.5655972448962566
KXCS2MAP-26SEP261230GLSPAIN-1-PAIN,2026-09-26T16:00:39+00:00,KXCS2MAP-26SEP261230GLSPAIN-1,cs2,paiN,Galorys,1,map,2026-09-28T16:30:00Z,0.49,0.54,,0.43142329478827207
KXCS2MAP-26SEP261230GLSPAIN-1-GLS,2026-09-26T16:00:39+00:00,KXCS2MAP-26SEP261230GLSPAIN-1,cs2,Galorys,paiN,1,map,2026-09-28T16:30:00Z,0.43,0.57,,0.5627137184032737
KXCS2MAP-26SEP261100NTREF-2-NTR,2026-09-26T16:00:39+00:00,KXCS2MAP-26SEP261100NTREF-2,cs2,Nuclear TigeRES,Eternal Fire,2,map,2026-09-28T15:00:00Z,0.27,0.42,,0.5819761558008617
KXCS2MAP-26SEP261100NTREF-2-EF,2026-09-26T16:00:39+00:00,KXCS2MAP-26SEP261100NTREF-2,cs2,Eternal Fire,Nuclear TigeRES,2,map,2026-09-28T15:00:00Z,0.45,0.63,,0.4457680766876596
KXCS2MAP-26SEP261100NTREF-1-NTR,2026-09-26T16:00:39+00:00,KXCS2MAP-26SEP261100NTREF-1,cs2,Nuclear TigeRES,Eternal Fire,1,map,2026-09-28T15:00:00Z,0.89,0.95,,0.5819761558008617
KXCS2MAP-26SEP261100NTREF-1-EF,2026-09-26T16:00:39+00:00,KXCS2MAP-26SEP261100NTREF-1,cs2,Eternal Fire,Nuclear TigeRES,1,map,2026-09-28T15:00:00Z,0.05,0.09,,0.4457680766876596
KXCS2MAP-26SEP270900NEXLVG-2-NEX,2026-09-26T16:00:39+00:00,KXCS2MAP-26SEP270900NEXLVG-2,cs2,NEXVOID,Lynn Vision,2,map,2026-09-29T13:00:00Z,0.06,0.64,,0.4254163111570795
KXCS2MAP-26SEP270900NEXLVG-2-LVG,2026-09-26T16:00:39+00:00,KXCS2MAP-26SEP270900NEXLVG-2,cs2,Lynn Vision,NEXVOID,2,map,2026-09-29T13:00:00Z,0.39,0.94,,0.5985667692674892
KXCS2MAP-26SEP270900NEXLVG-1-NEX,2026-09-26T16:00:39+00:00,KXCS2MAP-26SEP270900NEXLVG-1,cs2,NEXVOID,Lynn Vision,1,map,2026-09-29T13:00:00Z,0.06,0.64,,0.4236117037744008
KXCS2MAP-26SEP270900NEXLVG-1-LVG,2026-09-26T16:00:39+00:00,KXCS2MAP-26SEP270900NEXLVG-1,cs2,Lynn Vision,NEXVOID,1,map,2026-09-29T13:00:00Z,0.38,0.94,,0.5957456718171886
KXCS2MAP-26SEP270630MELWRA-2-WRA,2026-09-26T16:00:39+00:00,KXCS2MAP-26SEP270630MELWRA-2,cs2,WRAITH PCIFIC,mellren,2,map,2026-09-29T10:30:00Z,0.24,0.93,,
KXCS2MAP-26SEP270630MELWRA-2-MEL,2026-09-26T16:00:39+00:00,KXCS2MAP-26SEP270630MELWRA-2,cs2,mellren,WRAITH PCIFIC,2,map,2026-09-29T10:30:00Z,0.1,0.87,,
KXCS2MAP-26SEP270630MELWRA-1-WRA,2026-09-26T16:00:39+00:00,KXCS2MAP-26SEP270630MELWRA-1,cs2,WRAITH PCIFIC,mellren,1,map,2026-09-29T10:30:00Z,0.35,0.82,,
KXCS2MAP-26SEP270630MELWRA-1-MEL,2026-09-26T16:00:39+00:00,KXCS2MAP-26SEP270630MELWRA-1,cs2,mellren,WRAITH PCIFIC,1,map,2026-09-29T10:30:00Z,0.09,0.74,,
KXCS2MAP-26SEP270500FLYTHU-2-THU,2026-09-26T16:00:39+00:00,KXCS2MAP-26SEP270500FLYTHU-2,cs2,THUNDER dOWNUNDER,FlyQuest,2,map,2026-09-29T09:00:00Z,0.08,0.53,,0.42029642975991544
KXCS2MAP-26SEP270500FLYTHU-2-FLY,2026-09-26T16:00:39+00:00,KXCS2MAP-26SEP270500FLYTHU-2,cs2,FlyQuest,THUNDER dOWNUNDER,2,map,2026-09-29T09:00:00Z,0.1,0.88,,0.5645333052958934
KXCS2MAP-26SEP270500FLYTHU-1-THU,2026-09-26T16:00:39+00:00,KXCS2MAP-26SEP270500FLYTHU-1,cs2,THUNDER dOWNUNDER,FlyQuest,1,map,2026-09-29T09:00:00Z,0.07,0.56,,0.4184977222012613
KXCS2MAP-26SEP270500FLYTHU-1-FLY,2026-09-26T16:00:39+00:00,KXCS2MAP-26SEP270500FLYTHU-1,cs2,FlyQuest,THUNDER dOWNUNDER,1,map,2026-09-29T09:00:00Z,0.46,0.9,,0.5645333052958934
KXCS2MAP-26SEP270400BLANXS-2-NXS,2026-09-26T16:00:39+00:00,KXCS2MAP-26SEP270400BLANXS-2,cs2,Nexus,Black Phoenix,2,map,2026-09-29T08:00:00Z,0.17,0.77,,0.45720894826860603
KXCS2MAP-26SEP270400BLANXS-2-BLA,2026-09-26T16:00:39+00:00,KXCS2MAP-26SEP270400BLANXS-2,cs2,Black Phoenix,Nexus,2,map,2026-09-29T08:00:00Z,0.21,0.85,,0.5438042509010833
KXCS2MAP-26SEP270400BLANXS-1-NXS,2026-09-26T16:00:39+00:00,KXCS2MAP-26SEP270400BLANXS-1,cs2,Nexus,Black Phoenix,1,map,2026-09-29T08:00:00Z,0.14,0.71,,0.45796368943656723
KXCS2MAP-26SEP270400BLANXS-1-BLA,2026-09-26T16:00:39+00:00,KXCS2MAP-26SEP270400BLANXS-1,cs2,Black Phoenix,Nexus,1,map,2026-09-29T08:00:00Z,0.28,0.89,,0.5426514366367438
KXCS2MAP-26SEP261300QUASIN-2-SIN,2026-09-26T16:00:39+00:00,KXCS2MAP-26SEP261300QUASIN-2,cs2,SINNERS,QUAZAR,2,map,2026-09-28T17:00:00Z,0.57,0.61,,0.5839353413870982
KXCS2MAP-26SEP261300QUASIN-2-QUA,2026-09-26T16:00:39+00:00,KXCS2MAP-26SEP261300QUASIN-2,cs2,QUAZAR,SINNERS,2,map,2026-09-28T17:00:00Z,0.4,0.43,,0.4323521255460655
KXCS2MAP-26SEP261300QUASIN-1-SIN,2026-09-26T16:00:39+00:00,KXCS2MAP-26SEP261300QUASIN-1,cs2,SINNERS,QUAZAR,1,map,2026-09-28T17:00:00Z,0.54,0.57,,0.5839353413870982
KXCS2MAP-26SEP261300QUASIN-1-QUA,2026-09-26T16:00:39+00:00,KXCS2MAP-26SEP261300QUASIN-1,cs2,QUAZAR,SINNERS,1,map,2026-09-28T17:00:00Z,0.41,0.46,,0.4323521255460655
KXVALORANTMAP-26SEP290800KCNRG-2-NRG,2026-09-26T16:00:39+00:00,KXVALORANTMAP-26SEP290800KCNRG-2,val,NRG,Karmine Corp,2,map,2026-10-01T12:00:00Z,0.08,0.92,,0.4942290693933256
KXVALORANTMAP-26SEP290800KCNRG-2-KC,2026-09-26T16:00:39+00:00,KXVALORANTMAP-26SEP290800KCNRG-2,val,Karmine Corp,NRG,2,map,2026-10-01T12:00:00Z,0.08,0.92,,0.5000191599283185
KXVALORANTMAP-26SEP290800KCNRG-1-NRG,2026-09-26T16:00:39+00:00,KXVALORANTMAP-26SEP290800KCNRG-1,val,NRG,Karmine Corp,1,map,2026-10-01T12:00:00Z,0.08,0.92,,0.4968870793798115
KXVALORANTMAP-26SEP290800KCNRG-1-KC,2026-09-26T16:00:39+00:00,KXVALORANTMAP-26SEP290800KCNRG-1,val,Karmine Corp,NRG,1,map,2026-10-01T12:00:00Z,0.08,0.92,,0.4920136587771426
KXVALORANTMAP-26SEP290500G2PR-2-PR,2026-09-26T16:00:39+00:00,KXVALORANTMAP-26SEP290500G2PR-2,val,Paper Rex,G2 Esports,2,map,2026-10-01T09:00:00Z,0.53,0.91,,0.45781643541472
KXVALORANTMAP-26SEP290500G2PR-2-G2,2026-09-26T16:00:39+00:00,KXVALORANTMAP-26SEP290500G2PR-2,val,G2 Esports,Paper Rex,2,map,2026-10-01T09:00:00Z,,,,0.566894473461972
KXVALORANTMAP-26SEP290500G2PR-1-PR,2026-09-26T16:00:39+00:00,KXVALORANTMAP-26SEP290500G2PR-1,val,Paper Rex,G2 Esports,1,map,2026-10-01T09:00:00Z,0.54,0.91,,0.45781643541472
KXVALORANTMAP-26SEP290500G2PR-1-G2,2026-09-26T16:00:39+00:00,KXVALORANTMAP-26SEP290500G2PR-1,val,G2 Esports,Paper Rex,1,map,2026-10-01T09:00:00Z,0.09,0.46,,0.5602878162864272
KXVALORANTMAP-26SEP270800FUTJDG-2-JDG,2026-09-26T16:00:39+00:00,KXVALORANTMAP-26SEP270800FUTJDG-2,val,JD Gaming,FUT Esports,2,map,2026-09-29T12:00:00Z,0.31,0.36,,0.5152610281506729
KXVALORANTMAP-26SEP270800FUTJDG-2-FUT,2026-09-26T16:00:39+00:00,KXVALORANTMAP-26SEP270800FUTJDG-2,val,FUT Esports,JD Gaming,2,map,2026-09-29T12:00:00Z,0.64,0.69,,0.4834691674381186
KXVALORANTMAP-26SEP270800FUTJDG-1-JDG,2026-09-26T16:00:39+00:00,KXVALORANTMAP-26SEP270800FUTJDG-1,val,JD Gaming,FUT Esports,1,map,2026-09-29T12:00:00Z,0.25,0.35,,0.5068254503237253
KXVALORANTMAP-26SEP270800FUTJDG-1-FUT,2026-09-26T16:00:39+00:00,KXVALORANTMAP-26SEP270800FUTJDG-1,val,FUT Esports,JD Gaming,1,map,2026-09-29T12:00:00Z,0.65,0.69,,0.48454258862329574
KXVALORANTMAP-26SEP270500T1100T-2-T1,2026-09-26T16:00:39+00:00,KXVALORANTMAP-26SEP270500T1100T-2,val,T1,100 Thieves,2,map,2026-09-29T09:00:00Z,0.36,0.39,,0.4118184398254255
KXVALORANTMAP-26SEP270500T1100T-2-100T,2026-09-26T16:00:39+00:00,KXVALORANTMAP-26SEP270500T1100T-2,val,100 Thieves,T1,2,map,2026-09-29T09:00:00Z,0.6,0.64,,0.6413665024450472
KXVALORANTMAP-26SEP270500T1100T-1-T1,2026-09-26T16:00:39+00:00,KXVALORANTMAP-26SEP270500T1100T-1,val,T1,100 Thieves,1,map,2026-09-29T09:00:00Z,0.31,0.38,,0.41263329728874215
KXVALORANTMAP-26SEP270500T1100T-1-100T,2026-09-26T16:00:39+00:00,KXVALORANTMAP-26SEP270500T1100T-1,val,100 Thieves,T1,1,map,2026-09-29T09:00:00Z,0.61,0.66,,0.6364722478924895
KXLOLMAP-26SEP270500CBCMVKA-3-MVKA,2026-09-26T16:00:39+00:00,KXLOLMAP-26SEP270500CBCMVKA-3,lol,MVK Academy,CyberCore Esports,3,map,2026-09-29T09:00:00Z,0.07,0.89,,
KXLOLMAP-26SEP270500CBCMVKA-3-CBC,2026-09-26T16:00:39+00:00,KXLOLMAP-26SEP270500CBCMVKA-3,lol,CyberCore Esports,MVK Academy,3,map,2026-09-29T09:00:00Z,0.06,0.9,,
KXLOLMAP-26SEP270500CBCMVKA-2-MVKA,2026-09-26T16:00:39+00:00,KXLOLMAP-26SEP270500CBCMVKA-2,lol,MVK Academy,CyberCore Esports,2,map,2026-09-29T09:00:00Z,0.07,0.8,,
KXLOLMAP-26SEP270500CBCMVKA-2-CBC,2026-09-26T16:00:39+00:00,KXLOLMAP-26SEP270500CBCMVKA-2,lol,CyberCore Esports,MVK Academy,2,map,2026-09-29T09:00:00Z,0.06,0.9,,
KXLOLMAP-26SEP270500CBCMVKA-1-MVKA,2026-09-26T16:00:39+00:00,KXLOLMAP-26SEP270500CBCMVKA-1,lol,MVK Academy,CyberCore Esports,1,map,2026-09-29T09:00:00Z,0.07,0.8,,
KXLOLMAP-26SEP270500CBCMVKA-1-CBC,2026-09-26T16:00:39+00:00,KXLOLMAP-26SEP270500CBCMVKA-1,lol,CyberCore Esports,MVK Academy,1,map,2026-09-29T09:00:00Z,0.06,0.9,,
KXLOLMAP-26SEP261600SRLY-3-SR,2026-09-26T16:00:39+00:00,KXLOLMAP-26SEP261600SRLY-3,lol,Shopify Rebellion,LYON,3,map,2026-09-28T20:00:00Z,0.22,0.24,,0.17237121093529048
KXLOLMAP-26SEP261600SRLY-3-LY,2026-09-26T16:00:39+00:00,KXLOLMAP-26SEP261600SRLY-3,lol,LYON,Shopify Rebellion,3,map,2026-09-28T20:00:00Z,0.76,0.78,,0.8287720311330703
KXLOLMAP-26SEP261600SRLY-2-SR,2026-09-26T16:00:39+00:00,KXLOLMAP-26SEP261600SRLY-2,lol,Shopify Rebellion,LYON,2,map,2026-09-28T20:00:00Z,0.23,0.24,,0.17976848477025834
KXLOLMAP-26SEP261600SRLY-2-LY,2026-09-26T16:00:39+00:00,KXLOLMAP-26SEP261600SRLY-2,lol,LYON,Shopify Rebellion,2,map,2026-09-28T20:00:00Z,0.76,0.78,,0.8263661490724963
KXLOLMAP-26SEP261600SRLY-1-SR,2026-09-26T16:00:39+00:00,KXLOLMAP-26SEP261600SRLY-1,lol,Shopify Rebellion,LYON,1,map,2026-09-28T20:00:00Z,0.24,0.25,,0.17976848477025834
KXLOLMAP-26SEP261600SRLY-1-LY,2026-09-26T16:00:39+00:00,KXLOLMAP-26SEP261600SRLY-1,lol,LYON,Shopify Rebellion,1,map,2026-09-28T20:00:00Z,0.76,0.77,,0.8263661490724963
KXLOLMAP-26SEP2917009ZEST-3-EST,2026-09-26T16:00:39+00:00,KXLOLMAP-26SEP2917009ZEST-3,lol,Estral Esports,9z Globant,3,map,2026-10-01T21:00:00Z,0.06,0.9,,0.5490147703213913
KXLOLMAP-26SEP2917009ZEST-3-9Z,2026-09-26T16:00:39+00:00,KXLOLMAP-26SEP2917009ZEST-3,lol,9z Globant,Estral Esports,3,map,2026-10-01T21:00:00Z,0.06,0.9,,0.44974339991862083
KXLOLMAP-26SEP2917009ZEST-2-EST,2026-09-26T16:00:39+00:00,KXLOLMAP-26SEP2917009ZEST-2,lol,Estral Esports,9z Globant,2,map,2026-10-01T21:00:00Z,0.88,0.9,,0.5522093075147642
KXLOLMAP-26SEP2917009ZEST-2-9Z,2026-09-26T16:00:39+00:00,KXLOLMAP-26SEP2917009ZEST-2,lol,9z Globant,Estral Esports,2,map,2026-10-01T21:00:00Z,0.06,0.12,,0.44845409510067136
KXLOLMAP-26SEP2917009ZEST-1-EST,2026-09-26T16:00:39+00:00,KXLOLMAP-26SEP2917009ZEST-1,lol,Estral Esports,9z Globant,1,map,2026-10-01T21:00:00Z,0.88,0.9,,0.5521187711285241
KXLOLMAP-26SEP2917009ZEST-1-9Z,2026-09-26T16:00:39+00:00,KXLOLMAP-26SEP2917009ZEST-1,lol,9z Globant,Estral Esports,1,map,2026-10-01T21:00:00Z,0.06,0.12,,0.44845409510067136
KXLOLMAP-26SEP280500GALKTC-3-KTC,2026-09-26T16:00:39+00:00,KXLOLMAP-26SEP280500GALKTC-3,lol,KT Rolster Challengers,Galions,3,map,2026-09-30T09:00:00Z,0.07,0.79,,
KXLOLMAP-26SEP280500GALKTC-3-GAL,2026-09-26T16:00:39+00:00,KXLOLMAP-26SEP280500GALKTC-3,lol,Galions,KT Rolster Challengers,3,map,2026-09-30T09:00:00Z,0.09,0.9,,
KXLOLMAP-26SEP280500GALKTC-2-KTC,2026-09-26T16:00:39+00:00,KXLOLMAP-26SEP280500GALKTC-2,lol,KT Rolster Challengers,Galions,2,map,2026-09-30T09:00:00Z,0.2,0.65,,
KXLOLMAP-26SEP280500GALKTC-2-GAL,2026-09-26T16:00:39+00:00,KXLOLMAP-26SEP280500GALKTC-2,lol,Galions,KT Rolster Challengers,2,map,2026-09-30T09:00:00Z,0.35,0.79,,
KXLOLMAP-26SEP280500GALKTC-1-KTC,2026-09-26T16:00:39+00:00,KXLOLMAP-26SEP280500GALKTC-1,lol,KT Rolster Challengers,Galions,1,map,2026-09-30T09:00:00Z,0.07,0.65,,
KXLOLMAP-26SEP280500GALKTC-1-GAL,2026-09-26T16:00:39+00:00,KXLOLMAP-26SEP280500GALKTC-1,lol,Galions,KT Rolster Challengers,1,map,2026-09-30T09:00:00Z,0.35,0.79,,
KXLOLMAP-26SEP280200CPDT1A-3-T1A,2026-09-26T16:00:39+00:00,KXLOLMAP-26SEP280200CPDT1A-3,lol,T1 Academy,Cupid Esports,3,map,2026-09-30T06:00:00Z,0.69,0.8,,
KXLOLMAP-26SEP280200CPDT1A-3-CPD,2026-09-26T16:00:39+00:00,KXLOLMAP-26SEP280200CPDT1A-3,lol,Cupid Esports,T1 Academy,3,map,2026-09-30T06:00:00Z,0.07,0.29,,
KXLOLMAP-26SEP280200CPDT1A-2-T1A,2026-09-26T16:00:39+00:00,KXLOLMAP-26SEP280200CPDT1A-2,lol,T1 Academy,Cupid Esports,2,map,2026-09-30T06:00:00Z,0.62,0.8,,
KXLOLMAP-26SEP280200CPDT1A-2-CPD,2026-09-26T16:00:39+00:00,KXLOLMAP-26SEP280200CPDT1A-2,lol,Cupid Esports,T1 Academy,2,map,2026-09-30T06:00:00Z,0.08,0.34,,
KXLOLMAP-26SEP280200CPDT1A-1-T1A,2026-09-26T16:00:39+00:00,KXLOLMAP-26SEP280200CPDT1A-1,lol,T1 Academy,Cupid Esports,1,map,2026-09-30T06:00:00Z,0.68,0.8,,
KXLOLMAP-26SEP280200CPDT1A-1-CPD,2026-09-26T16:00:39+00:00,KXLOLMAP-26SEP280200CPDT1A-1,lol,Cupid Esports,T1 Academy,1,map,2026-09-30T06:00:00Z,0.07,0.46,,
KXLOLMAP-26SEP270500DNSCDKC-3-DNSC,2026-09-26T16:00:39+00:00,KXLOLMAP-26SEP270500DNSCDKC-3,lol,DN SOOPers Challengers,Dplus KIA Challengers,3,map,2026-09-29T09:00:00Z,0.08,0.66,,
KXLOLMAP-26SEP270500DNSCDKC-3-DKC,2026-09-26T16:00:39+00:00,KXLOLMAP-26SEP270500DNSCDKC-3,lol,Dplus KIA Challengers,DN SOOPers Challengers,3,map,2026-09-29T09:00:00Z,0.35,0.77,,
KXLOLMAP-26SEP270500DNSCDKC-2-DNSC,2026-09-26T16:00:39+00:00,KXLOLMAP-26SEP270500DNSCDKC-2,lol,DN SOOPers Challengers,Dplus KIA Challengers,2,map,2026-09-29T09:00:00Z,0.09,0.67,,
KXLOLMAP-26SEP270500DNSCDKC-2-DKC,2026-09-26T16:00:39+00:00,KXLOLMAP-26SEP270500DNSCDKC-2,lol,Dplus KIA Challengers,DN SOOPers Challengers,2,map,2026-09-29T09:00:00Z,0.35,0.69,,
KXLOLMAP-26SEP270500DNSCDKC-1-DNSC,2026-09-26T16:00:39+00:00,KXLOLMAP-26SEP270500DNSCDKC-1,lol,DN SOOPers Challengers,Dplus KIA Challengers,1,map,2026-09-29T09:00:00Z,0.08,0.7,,
KXLOLMAP-26SEP270500DNSCDKC-1-DKC,2026-09-26T16:00:39+00:00,KXLOLMAP-26SEP270500DNSCDKC-1,lol,Dplus KIA Challengers,DN SOOPers Challengers,1,map,2026-09-29T09:00:00Z,0.4,0.76,,
KXLOLMAP-26SEP270200KOIASLY-3-SLY,2026-09-26T16:00:39+00:00,KXLOLMAP-26SEP270200KOIASLY-3,lol,Solary,Movistar KOI Fénix,3,map,2026-09-29T06:00:00Z,0.35,0.73,,0.6078256825962517
KXLOLMAP-26SEP270200KOIASLY-3-KOIA,2026-09-26T16:00:39+00:00,KXLOLMAP-26SEP270200KOIASLY-3,lol,Movistar KOI Fénix,Solary,3,map,2026-09-29T06:00:00Z,0.11,0.73,,0.3831300603213529
KXLOLMAP-26SEP270200KOIASLY-2-SLY,2026-09-26T16:00:39+00:00,KXLOLMAP-26SEP270200KOIASLY-2,lol,Solary,Movistar KOI Fénix,2,map,2026-09-29T06:00:00Z,0.23,0.79,,0.6057910738279655
KXLOLMAP-26SEP270200KOIASLY-2-KOIA,2026-09-26T16:00:39+00:00,KXLOLMAP-26SEP270200KOIASLY-2,lol,Movistar KOI Fénix,Solary,2,map,2026-09-29T06:00:00Z,0.14,0.71,,0.38082759601747007
KXLOLMAP-26SEP270200KOIASLY-1-SLY,2026-09-26T16:00:39+00:00,KXLOLMAP-26SEP270200KOIASLY-1,lol,Solary,Movistar KOI Fénix,1,map,2026-09-29T06:00:00Z,0.17,0.79,,0.6057910738279655
KXLOLMAP-26SEP270200KOIASLY-1-KOIA,2026-09-26T16:00:39+00:00,KXLOLMAP-26SEP270200KOIASLY-1,lol,Movistar KOI Fénix,Solary,1,map,2026-09-29T06:00:00Z,0.12,0.63,,0.38082759601747007
KXLOLMAP-26SEP281700GLKBM-3-KBM,2026-09-26T16:00:39+00:00,KXLOLMAP-26SEP281700GLKBM-3,lol,KaBuM! Ilha das Lendas,Golden Lions,3,map,2026-09-30T21:00:00Z,0.08,0.9,,
KXLOLMAP-26SEP281700GLKBM-3-GL,2026-09-26T16:00:39+00:00,KXLOLMAP-26SEP281700GLKBM-3,lol,Golden Lions,KaBuM! Ilha das Lendas,3,map,2026-09-30T21:00:00Z,0.06,0.9,,
KXLOLMAP-26SEP281700GLKBM-2-KBM,2026-09-26T16:00:39+00:00,KXLOLMAP-26SEP281700GLKBM-2,lol,KaBuM! Ilha das Lendas,Golden Lions,2,map,2026-09-30T21:00:00Z,0.09,0.9,,
KXLOLMAP-26SEP281700GLKBM-2-GL,2026-09-26T16:00:39+00:00,KXLOLMAP-26SEP281700GLKBM-2,lol,Golden Lions,KaBuM! Ilha das Lendas,2,map,2026-09-30T21:00:00Z,0.07,0.79,,
KXLOLMAP-26SEP281700GLKBM-1-KBM,2026-09-26T16:00:39+00:00,KXLOLMAP-26SEP281700GLKBM-1,lol,KaBuM! Ilha das Lendas,Golden Lions,1,map,2026-09-30T21:00:00Z,0.08,0.9,,
KXLOLMAP-26SEP281700GLKBM-1-GL,2026-09-26T16:00:39+00:00,KXLOLMAP-26SEP281700GLKBM-1,lol,Golden Lions,KaBuM! Ilha das Lendas,1,map,2026-09-30T21:00:00Z,0.07,0.8,,
KXLOLMAP-26SEP271600TLC9-3-TL,2026-09-26T16:00:39+00:00,KXLOLMAP-26SEP271600TLC9-3,lol,Team Liquid Alienware,Cloud9 Kia,3,map,2026-09-29T20:00:00Z,0.54,0.6,,0.5335092871658551
KXLOLMAP-26SEP271600TLC9-3-C9,2026-09-26T16:00:39+00:00,KXLOLMAP-26SEP271600TLC9-3,lol,Cloud9 Kia,Team Liquid Alienware,3,map,2026-09-29T20:00:00Z,0.4,0.45,,0.45917196088364354
KXLOLMAP-26SEP271600TLC9-2-TL,2026-09-26T16:00:39+00:00,KXLOLMAP-26SEP271600TLC9-2,lol,Team Liquid Alienware,Cloud9 Kia,2,map,2026-09-29T20:00:00Z,0.55,0.59,,0.5327686303446327
KXLOLMAP-26SEP271600TLC9-2-C9,2026-09-26T16:00:39+00:00,KXLOLMAP-26SEP271600TLC9-2,lol,Cloud9 Kia,Team Liquid Alienware,2,map,2026-09-29T20:00:00Z,0.38,0.44,,0.4563052731345944
KXLOLMAP-26SEP271600TLC9-1-TL,2026-09-26T16:00:39+00:00,KXLOLMAP-26SEP271600TLC9-1,lol,Team Liquid Alienware,Cloud9 Kia,1,map,2026-09-29T20:00:00Z,0.57,0.62,,0.5327686303446327
KXLOLMAP-26SEP271600TLC9-1-C9,2026-09-26T16:00:39+00:00,KXLOLMAP-26SEP271600TLC9-1,lol,Cloud9 Kia,Team Liquid Alienware,1,map,2026-09-29T20:00:00Z,0.35,0.43,,0.4538804096458857
KXLOLMAP-26SEP271200LLLLOS-3-LOS,2026-09-26T16:00:39+00:00,KXLOLMAP-26SEP271200LLLLOS-3,lol,LOS,LOUD,3,map,2026-09-29T16:00:00Z,0.5,0.75,,0.5237353234378697
KXLOLMAP-26SEP271200LLLLOS-3-LLL,2026-09-26T16:00:39+00:00,KXLOLMAP-26SEP271200LLLLOS-3,lol,LOUD,LOS,3,map,2026-09-29T16:00:00Z,0.28,0.49,,0.46478163979565246
KXLOLMAP-26SEP271200LLLLOS-2-LOS,2026-09-26T16:00:39+00:00,KXLOLMAP-26SEP271200LLLLOS-2,lol,LOS,LOUD,2,map,2026-09-29T16:00:00Z,0.5,0.55,,0.5306254102148736
KXLOLMAP-26SEP271200LLLLOS-2-LLL,2026-09-26T16:00:39+00:00,KXLOLMAP-26SEP271200LLLLOS-2,lol,LOUD,LOS,2,map,2026-09-29T16:00:00Z,0.42,0.5,,0.4604305582875058
KXLOLMAP-26SEP271200LLLLOS-1-LOS,2026-09-26T16:00:39+00:00,KXLOLMAP-26SEP271200LLLLOS-1,lol,LOS,LOUD,1,map,2026-09-29T16:00:00Z,0.59,0.63,,0.5306254102148736
KXLOLMAP-26SEP271200LLLLOS-1-LLL,2026-09-26T16:00:39+00:00,KXLOLMAP-26SEP271200LLLLOS-1,lol,LOUD,LOS,1,map,2026-09-29T16:00:00Z,0.36,0.37,,0.458002239597069
KXLOLMAP-26SEP261200FURRED-3-RED,2026-09-26T16:00:39+00:00,KXLOLMAP-26SEP261200FURRED-3,lol,RED Canids,FURIA Esports,3,map,2026-09-28T16:00:00Z,0.21,0.27,,
KXLOLMAP-26SEP261200FURRED-3-FUR,2026-09-26T16:00:39+00:00,KXLOLMAP-26SEP261200FURRED-3,lol,FURIA Esports,RED Canids,3,map,2026-09-28T16:00:00Z,0.67,0.75,,
KXLOLMAP-26SEP261200FURRED-2-RED,2026-09-26T16:00:39+00:00,KXLOLMAP-26SEP261200FURRED-2,lol,RED Canids,FURIA Esports,2,map,2026-09-28T16:00:00Z,0.27,0.33,,
KXLOLMAP-26SEP261200FURRED-2-FUR,2026-09-26T16:00:39+00:00,KXLOLMAP-26SEP261200FURRED-2,lol,FURIA Esports,RED Canids,2,map,2026-09-28T16:00:00Z,0.67,0.74,,
KXLOLMAP-26SEP261200FURRED-1-RED,2026-09-26T16:00:39+00:00,KXLOLMAP-26SEP261200FURRED-1,lol,RED Canids,FURIA Esports,1,map,2026-09-28T16:00:00Z,0.22,0.37,,
KXLOLMAP-26SEP261200FURRED-1-FUR,2026-09-26T16:00:39+00:00,KXLOLMAP-26SEP261200FURRED-1,lol,FURIA Esports,RED Canids,1,map,2026-09-28T16:00:00Z,0.64,0.75,,
KXDOTA2MAP-26SEP261200XTREMENAVI-2-XTREME,2026-09-26T16:00:39+00:00,KXDOTA2MAP-26SEP261200XTREMENAVI-2,dota,Xtreme Gaming,Natus Vincere,2,map,2026-09-28T16:00:00Z,0.39,0.41,,0.29479164648180434
KXDOTA2MAP-26SEP261200XTREMENAVI-2-NAVI,2026-09-26T16:00:39+00:00,KXDOTA2MAP-26SEP261200XTREMENAVI-2,dota,Natus Vincere,Xtreme Gaming,2,map,2026-09-28T16:00:00Z,0.57,0.61,,0.704058772745473
KXDOTA2MAP-26SEP290500DBYG-2-YG,2026-09-26T16:00:39+00:00,KXDOTA2MAP-26SEP290500DBYG-2,dota,Yangon Galacticos,DIREBORN,2,map,2026-10-01T09:00:00Z,0.06,0.94,,0.4591192248752741
KXDOTA2MAP-26SEP290500DBYG-2-DB,2026-09-26T16:00:39+00:00,KXDOTA2MAP-26SEP290500DBYG-2,dota,DIREBORN,Yangon Galacticos,2,map,2026-10-01T09:00:00Z,0.06,0.94,,0.606708852425584
KXDOTA2MAP-26SEP290500DBYG-1-YG,2026-09-26T16:00:39+00:00,KXDOTA2MAP-26SEP290500DBYG-1,dota,Yangon Galacticos,DIREBORN,1,map,2026-10-01T09:00:00Z,0.06,0.94,,0.4598665391407699
KXDOTA2MAP-26SEP290500DBYG-1-DB,2026-09-26T16:00:39+00:00,KXDOTA2MAP-26SEP290500DBYG-1,dota,DIREBORN,Yangon Galacticos,1,map,2026-10-01T09:00:00Z,0.06,0.94,,0.6060423136806954
KXDOTA2MAP-26SEP290200IAPYG-2-YG,2026-09-26T16:00:39+00:00,KXDOTA2MAP-26SEP290200IAPYG-2,dota,Yangon Galacticos,InterActive Philippines,2,map,2026-10-01T06:00:00Z,0.06,0.94,,0.5394624812948388
KXDOTA2MAP-26SEP290200IAPYG-2-IAP,2026-09-26T16:00:39+00:00,KXDOTA2MAP-26SEP290200IAPYG-2,dota,InterActive Philippines,Yangon Galacticos,2,map,2026-10-01T06:00:00Z,0.06,0.94,,0.5189022420293455
KXDOTA2MAP-26SEP290200IAPYG-1-YG,2026-09-26T16:00:39+00:00,KXDOTA2MAP-26SEP290200IAPYG-1,dota,Yangon Galacticos,InterActive Philippines,1,map,2026-10-01T06:00:00Z,0.06,0.94,,0.5394624812948388
KXDOTA2MAP-26SEP290200IAPYG-1-IAP,2026-09-26T16:00:39+00:00,KXDOTA2MAP-26SEP290200IAPYG-1,dota,InterActive Philippines,Yangon Galacticos,1,map,2026-10-01T06:00:00Z,0.06,0.94,,0.5189022420293455
KXDOTA2MAP-26SEP282300XEKIN-2-XE,2026-09-26T16:00:39+00:00,KXDOTA2MAP-26SEP282300XEKIN-2,dota,Xipto Esports,Team Kinetix,2,map,2026-10-01T03:00:00Z,0.32,0.93,,
KXDOTA2MAP-26SEP282300XEKIN-2-KIN,2026-09-26T16:00:39+00:00,KXDOTA2MAP-26SEP282300XEKIN-2,dota,Team Kinetix,Xipto Esports,2,map,2026-10-01T03:00:00Z,0.07,0.68,,
KXDOTA2MAP-26SEP282300XEKIN-1-XE,2026-09-26T16:00:39+00:00,KXDOTA2MAP-26SEP282300XEKIN-1,dota,Xipto Esports,Team Kinetix,1,map,2026-10-01T03:00:00Z,0.32,0.93,,
KXDOTA2MAP-26SEP282300XEKIN-1-KIN,2026-09-26T16:00:39+00:00,KXDOTA2MAP-26SEP282300XEKIN-1,dota,Team Kinetix,Xipto Esports,1,map,2026-10-01T03:00:00Z,0.07,0.68,,
KXDOTA2MAP-26SEP261100AVIRT-2-RT,2026-09-26T16:00:39+00:00,KXDOTA2MAP-26SEP261100AVIRT-2,dota,Rostik Team,avice Team,2,map,2026-09-28T15:00:00Z,0.3,0.68,,
KXDOTA2MAP-26SEP261100AVIRT-2-AVI,2026-09-26T16:00:39+00:00,KXDOTA2MAP-26SEP261100AVIRT-2,dota,avice Team,Rostik Team,2,map,2026-09-28T15:00:00Z,0.03,0.7,,
KXDOTA2MAP-26SEP261100AVIRT-1-RT,2026-09-26T16:00:39+00:00,KXDOTA2MAP-26SEP261100AVIRT-1,dota,Rostik Team,avice Team,1,map,2026-09-28T15:00:00Z,0.64,0.65,,
KXDOTA2MAP-26SEP261100AVIRT-1-AVI,2026-09-26T16:00:39+00:00,KXDOTA2MAP-26SEP261100AVIRT-1,dota,avice Team,Rostik Team,1,map,2026-09-28T15:00:00Z,0.29,0.42,,
KXDOTA2MAP-26SEP291200YBLIQUID-2-YB,2026-09-26T16:00:39+00:00,KXDOTA2MAP-26SEP291200YBLIQUID-2,dota,Yakult's Brothers,Team Liquid,2,map,2026-10-01T16:00:00Z,0.07,0.93,,
KXDOTA2MAP-26SEP291200YBLIQUID-2-LIQUID,2026-09-26T16:00:39+00:00,KXDOTA2MAP-26SEP291200YBLIQUID-2,dota,Team Liquid,Yakult's Brothers,2,map,2026-10-01T16:00:00Z,0.07,0.93,,
KXDOTA2MAP-26SEP291200YBLIQUID-1-YB,2026-09-26T16:00:39+00:00,KXDOTA2MAP-26SEP291200YBLIQUID-1,dota,Yakult's Brothers,Team Liquid,1,map,2026-10-01T16:00:00Z,0.07,0.93,,
KXDOTA2MAP-26SEP291200YBLIQUID-1-LIQUID,2026-09-26T16:00:39+00:00,KXDOTA2MAP-26SEP291200YBLIQUID-1,dota,Team Liquid,Yakult's Brothers,1,map,2026-10-01T16:00:00Z,0.07,0.91,,
KXDOTA2MAP-26SEP291200GLAUR-2-GL,2026-09-26T16:00:39+00:00,KXDOTA2MAP-26SEP291200GLAUR-2,dota,GamerLegion,Aurora,2,map,2026-10-01T16:00:00Z,0.07,0.91,,
KXDOTA2MAP-26SEP291200GLAUR-2-AUR,2026-09-26T16:00:39+00:00,KXDOTA2MAP-26SEP291200GLAUR-2,dota,Aurora,GamerLegion,2,map,2026-10-01T16:00:00Z,0.07,0.91,,
KXDOTA2MAP-26SEP291200GLAUR-1-GL,2026-09-26T16:00:39+00:00,KXDOTA2MAP-26SEP291200GLAUR-1,dota,GamerLegion,Aurora,1,map,2026-10-01T16:00:00Z,0.07,0.91,,
KXDOTA2MAP-26SEP291200GLAUR-1-AUR,2026-09-26T16:00:39+00:00,KXDOTA2MAP-26SEP291200GLAUR-1,dota,Aurora,GamerLegion,1,map,2026-10-01T16:00:00Z,0.07,0.91,,
KXDOTA2MAP-26SEP290900XTREMELGD-2-XTREME,2026-09-26T16:00:39+00:00,KXDOTA2MAP-26SEP290900XTREMELGD-2,dota,Xtreme Gaming,LGD Gaming,2,map,2026-10-01T13:00:00Z,0.07,0.92,,0.40909006426413136
KXDOTA2MAP-26SEP290900XTREMELGD-2-LGD,2026-09-26T16:00:39+00:00,KXDOTA2MAP-26SEP290900XTREMELGD-2,dota,LGD Gaming,Xtreme Gaming,2,map,2026-10-01T13:00:00Z,0.07,0.92,,0.5857535458668857
KXDOTA2MAP-26SEP290900XTREMELGD-1-XTREME,2026-09-26T16:00:39+00:00,KXDOTA2MAP-26SEP290900XTREMELGD-1,dota,Xtreme Gaming,LGD Gaming,1,map,2026-10-01T13:00:00Z,0.07,0.48,,0.40909006426413136
KXDOTA2MAP-26SEP290900XTREMELGD-1-LGD,2026-09-26T16:00:39+00:00,KXDOTA2MAP-26SEP290900XTREMELGD-1,dota,LGD Gaming,Xtreme Gaming,1,map,2026-10-01T13:00:00Z,0.52,0.89,,0.5857535458668857
KXDOTA2MAP-26SEP290900NAVI1WIN-2-NAVI,2026-09-26T16:00:39+00:00,KXDOTA2MAP-26SEP290900NAVI1WIN-2,dota,Natus Vincere,1win,2,map,2026-10-01T13:00:00Z,0.07,0.93,,
KXDOTA2MAP-26SEP290900NAVI1WIN-2-1WIN,2026-09-26T16:00:39+00:00,KXDOTA2MAP-26SEP290900NAVI1WIN-2,dota,1win,Natus Vincere,2,map,2026-10-01T13:00:00Z,0.07,0.93,,
KXDOTA2MAP-26SEP290900NAVI1WIN-1-NAVI,2026-09-26T16:00:39+00:00,KXDOTA2MAP-26SEP290900NAVI1WIN-1,dota,Natus Vincere,1win,1,map,2026-10-01T13:00:00Z,0.06,0.94,,
KXDOTA2MAP-26SEP290900NAVI1WIN-1-1WIN,2026-09-26T16:00:39+00:00,KXDOTA2MAP-26SEP290900NAVI1WIN-1,dota,1win,Natus Vincere,1,map,2026-10-01T13:00:00Z,0.06,0.93,,
KXDOTA2MAP-26SEP290600NEMTS-2-TS,2026-09-26T16:00:39+00:00,KXDOTA2MAP-26SEP290600NEMTS-2,dota,Team Spirit,Team Nemesis,2,map,2026-10-01T10:00:00Z,0.07,0.91,,0.7775848727453474
KXDOTA2MAP-26SEP290600NEMTS-2-NEM,2026-09-26T16:00:39+00:00,KXDOTA2MAP-26SEP290600NEMTS-2,dota,Team Nemesis,Team Spirit,2,map,2026-10-01T10:00:00Z,0.07,0.92,,0.2430773894850512
KXDOTA2MAP-26SEP290600NEMTS-1-TS,2026-09-26T16:00:39+00:00,KXDOTA2MAP-26SEP290600NEMTS-1,dota,Team Spirit,Team Nemesis,1,map,2026-10-01T10:00:00Z,0.07,0.91,,0.7800618412870233
KXDOTA2MAP-26SEP290600NEMTS-1-NEM,2026-09-26T16:00:39+00:00,KXDOTA2MAP-26SEP290600NEMTS-1,dota,Team Nemesis,Team Spirit,1,map,2026-10-01T10:00:00Z,0.07,0.92,,0.2384559198497293
KXDOTA2MAP-26SEP290600LVLUPPARI-2-PARI,2026-09-26T16:00:39+00:00,KXDOTA2MAP-26SEP290600LVLUPPARI-2,dota,PARIVISION,Level Up,2,map,2026-10-01T10:00:00Z,0.07,0.93,,0.8736975767365612
KXDOTA2MAP-26SEP290600LVLUPPARI-2-LVLUP,2026-09-26T16:00:39+00:00,KXDOTA2MAP-26SEP290600LVLUPPARI-2,dota,Level Up,PARIVISION,2,map,2026-10-01T10:00:00Z,0.07,0.91,,0.1522141034580608
KXDOTA2MAP-26SEP290600LVLUPPARI-1-PARI,2026-09-26T16:00:39+00:00,KXDOTA2MAP-26SEP290600LVLUPPARI-1,dota,PARIVISION,Level Up,1,map,2026-10-01T10:00:00Z,0.07,0.93,,0.875859211623681
KXDOTA2MAP-26SEP290600LVLUPPARI-1-LVLUP,2026-09-26T16:00:39+00:00,KXDOTA2MAP-26SEP290600LVLUPPARI-1,dota,Level Up,PARIVISION,1,map,2026-10-01T10:00:00Z,0.07,0.91,,0.15047259243179326
KXDOTA2MAP-26SEP280200XEYG-2-YG,2026-09-26T16:00:39+00:00,KXDOTA2MAP-26SEP280200XEYG-2,dota,Yangon Galacticos,Xipto Esports,2,map,2026-09-30T06:00:00Z,0.07,0.69,,
KXDOTA2MAP-26SEP280200XEYG-2-XE,2026-09-26T16:00:39+00:00,KXDOTA2MAP-26SEP280200XEYG-2,dota,Xipto Esports,Yangon Galacticos,2,map,2026-09-30T06:00:00Z,0.31,0.93,,
KXDOTA2MAP-26SEP280200XEYG-1-YG,2026-09-26T16:00:39+00:00,KXDOTA2MAP-26SEP280200XEYG-1,dota,Yangon Galacticos,Xipto Esports,1,map,2026-09-30T06:00:00Z,0.06,0.63,,
KXDOTA2MAP-26SEP280200XEYG-1-XE,2026-09-26T16:00:39+00:00,KXDOTA2MAP-26SEP280200XEYG-1,dota,Xipto Esports,Yangon Galacticos,1,map,2026-09-30T06:00:00Z,0.37,0.94,,
KXDOTA2MAP-26SEP272300KINDB-2-KIN,2026-09-26T16:00:39+00:00,KXDOTA2MAP-26SEP272300KINDB-2,dota,Team Kinetix,DIREBORN,2,map,2026-09-30T03:00:00Z,0.07,0.69,,0.4732228592345543
KXDOTA2MAP-26SEP272300KINDB-2-DB,2026-09-26T16:00:39+00:00,KXDOTA2MAP-26SEP272300KINDB-2,dota,DIREBORN,Team Kinetix,2,map,2026-09-30T03:00:00Z,0.31,0.93,,0.5881995203795205
KXDOTA2MAP-26SEP272300KINDB-1-KIN,2026-09-26T16:00:39+00:00,KXDOTA2MAP-26SEP272300KINDB-1,dota,Team Kinetix,DIREBORN,1,map,2026-09-30T03:00:00Z,0.07,0.68,,0.4681292807969753
KXDOTA2MAP-26SEP272300KINDB-1-DB,2026-09-26T16:00:39+00:00,KXDOTA2MAP-26SEP272300KINDB-1,dota,DIREBORN,Team Kinetix,1,map,2026-09-30T03:00:00Z,0.32,0.93,,0.5846790542889903
KXDOTA2MAP-26SEP262300XECLO-2-XE,2026-09-26T16:00:39+00:00,KXDOTA2MAP-26SEP262300XECLO-2,dota,Xipto Esports,Cloud Dawning,2,map,2026-09-29T03:00:00Z,0.33,0.87,,
KXDOTA2MAP-26SEP262300XECLO-2-CLO,2026-09-26T16:00:39+00:00,KXDOTA2MAP-26SEP262300XECLO-2,dota,Cloud Dawning,Xipto Esports,2,map,2026-09-29T03:00:00Z,0.13,0.67,,
KXDOTA2MAP-26SEP262300XECLO-1-XE,2026-09-26T16:00:39+00:00,KXDOTA2MAP-26SEP262300XECLO-1,dota,Xipto Esports,Cloud Dawning,1,map,2026-09-29T03:00:00Z,0.34,0.91,,
KXDOTA2MAP-26SEP262300XECLO-1-CLO,2026-09-26T16:00:39+00:00,KXDOTA2MAP-26SEP262300XECLO-1,dota,Cloud Dawning,Xipto Esports,1,map,2026-09-29T03:00:00Z,0.09,0.66,,
