id,book,projection_id,fetched_at,line,odds_type,status,updated_at
1,prizepicks,15194837,2026-09-25T05:34:18+00:00,4.0,standard,pre_game,2026-09-24T22:48:00.984-04:00
2,prizepicks,15194838,2026-09-25T05:34:18+00:00,4.0,standard,pre_game,2026-09-24T17:09:09.779-04:00
3,prizepicks,15194839,2026-09-25T05:34:18+00:00,5.0,standard,pre_game,2026-09-24T14:03:12.908-04:00
4,prizepicks,15194840,2026-09-25T05:34:18+00:00,6.0,standard,pre_game,2026-09-24T14:03:12.908-04:00
5,prizepicks,15194841,2026-09-25T05:34:18+00:00,3.0,standard,pre_game,2026-09-24T14:03:16.308-04:00
6,prizepicks,15194842,2026-09-25T05:34:18+00:00,4.5,standard,pre_game,2026-09-24T17:21:36.421-04:00
7,prizepicks,15194843,2026-09-25T05:34:18+00:00,4.5,standard,pre_game,2026-09-24T14:03:16.308-04:00
8,prizepicks,15194844,2026-09-25T05:34:18+00:00,4.5,standard,pre_game,2026-09-24T14:03:16.308-04:00
9,prizepicks,15194845,2026-09-25T05:34:18+00:00,3.5,standard,pre_game,2026-09-24T14:05:09.824-04:00
10,prizepicks,15194846,2026-09-25T05:34:18+00:00,4.0,standard,pre_game,2026-09-24T14:05:09.824-04:00
11,prizepicks,15194847,2026-09-25T05:34:18+00:00,4.5,standard,pre_game,2026-09-24T14:05:09.824-04:00
12,prizepicks,15194848,2026-09-25T05:34:18+00:00,5.0,standard,pre_game,2026-09-24T14:05:09.824-04:00
13,prizepicks,15195110,2026-09-25T05:34:18+00:00,4.5,standard,pre_game,2026-09-24T14:05:13.207-04:00
14,prizepicks,15195111,2026-09-25T05:34:18+00:00,5.0,standard,pre_game,2026-09-24T14:05:13.207-04:00
15,prizepicks,15195112,2026-09-25T05:34:18+00:00,5.5,standard,pre_game,2026-09-24T14:05:13.207-04:00
16,prizepicks,15195113,2026-09-25T05:34:18+00:00,6.5,standard,pre_game,2026-09-24T14:05:13.207-04:00
17,prizepicks,15195114,2026-09-25T05:34:18+00:00,3.5,standard,pre_game,2026-09-24T14:05:26.409-04:00
18,prizepicks,15195115,2026-09-25T05:34:18+00:00,5.5,standard,pre_game,2026-09-25T00:51:49.619-04:00
19,prizepicks,15195116,2026-09-25T05:34:18+00:00,5.5,standard,pre_game,2026-09-24T14:05:26.409-04:00
20,prizepicks,15195117,2026-09-25T05:34:18+00:00,5.5,standard,pre_game,2026-09-24T14:05:26.409-04:00
21,prizepicks,15195118,2026-09-25T05:34:18+00:00,4.5,standard,pre_game,2026-09-25T01:31:47.629-04:00
22,prizepicks,15195119,2026-09-25T05:34:18+00:00,4.5,standard,pre_game,2026-09-24T14:05:22.406-04:00
23,prizepicks,15195120,2026-09-25T05:34:18+00:00,5.5,standard,pre_game,2026-09-24T14:05:22.406-04:00
24,prizepicks,15195121,2026-09-25T05:34:18+00:00,6.5,standard,pre_game,2026-09-24T14:05:22.406-04:00
25,prizepicks,15198016,2026-09-25T05:34:18+00:00,32.5,standard,pre_game,2026-09-24T14:44:03.407-04:00
26,prizepicks,15198017,2026-09-25T05:34:18+00:00,27.5,standard,pre_game,2026-09-24T14:44:03.407-04:00
27,prizepicks,15198018,2026-09-25T05:34:18+00:00,22.5,standard,pre_game,2026-09-24T22:27:48.005-04:00
28,prizepicks,15198019,2026-09-25T05:34:18+00:00,18.5,standard,pre_game,2026-09-24T22:27:11.430-04:00
29,prizepicks,15198571,2026-09-25T05:34:18+00:00,10.5,demon,pre_game,2026-09-24T14:57:03.486-04:00
30,prizepicks,15197798,2026-09-25T05:34:18+00:00,8.5,standard,pre_game,2026-09-24T14:44:03.407-04:00
31,prizepicks,15198572,2026-09-25T05:34:18+00:00,6.5,goblin,pre_game,2026-09-24T14:57:03.740-04:00
32,prizepicks,15198493,2026-09-25T05:34:18+00:00,14.5,demon,pre_game,2026-09-24T14:52:23.507-04:00
33,prizepicks,15197799,2026-09-25T05:34:18+00:00,12.5,standard,pre_game,2026-09-24T14:44:03.407-04:00
34,prizepicks,15198494,2026-09-25T05:34:18+00:00,10.5,goblin,pre_game,2026-09-24T14:52:23.597-04:00
35,prizepicks,15198799,2026-09-25T05:34:18+00:00,14.5,demon,pre_game,2026-09-24T15:04:31.551-04:00
36,prizepicks,15197800,2026-09-25T05:34:18+00:00,11.5,standard,pre_game,2026-09-24T14:44:03.407-04:00
37,prizepicks,15198800,2026-09-25T05:34:18+00:00,8.5,goblin,pre_game,2026-09-24T15:04:31.614-04:00
38,prizepicks,15198842,2026-09-25T05:34:18+00:00,18.5,demon,pre_game,2026-09-24T15:06:07.578-04:00
39,prizepicks,15197801,2026-09-25T05:34:18+00:00,15.5,standard,pre_game,2026-09-24T14:44:03.407-04:00
40,prizepicks,15198843,2026-09-25T05:34:18+00:00,12.5,goblin,pre_game,2026-09-24T15:06:07.652-04:00
41,prizepicks,15197973,2026-09-25T05:34:18+00:00,2.5,demon,pre_game,2026-09-24T14:44:03.407-04:00
42,prizepicks,15198729,2026-09-25T05:34:18+00:00,9.5,demon,pre_game,2026-09-24T15:01:02.182-04:00
43,prizepicks,15197803,2026-09-25T05:34:18+00:00,7.0,standard,pre_game,2026-09-24T17:10:44.778-04:00
44,prizepicks,15198730,2026-09-25T05:34:18+00:00,5.5,goblin,pre_game,2026-09-24T15:01:02.257-04:00
45,prizepicks,15198488,2026-09-25T05:34:18+00:00,9.5,demon,pre_game,2026-09-24T14:51:33.359-04:00
46,prizepicks,15197804,2026-09-25T05:34:18+00:00,7.0,standard,pre_game,2026-09-24T22:27:40.342-04:00
47,prizepicks,15198489,2026-09-25T05:34:18+00:00,5.5,goblin,pre_game,2026-09-24T14:51:33.416-04:00
48,prizepicks,15198468,2026-09-25T05:34:18+00:00,11.5,demon,pre_game,2026-09-24T15:52:25.506-04:00
49,prizepicks,15197805,2026-09-25T05:34:18+00:00,8.5,standard,pre_game,2026-09-24T15:48:00.789-04:00
50,prizepicks,15198469,2026-09-25T05:34:18+00:00,5.5,goblin,pre_game,2026-09-24T15:52:28.245-04:00
51,prizepicks,15198922,2026-09-25T05:34:18+00:00,13.5,demon,pre_game,2026-09-24T15:07:35.389-04:00
52,prizepicks,15197806,2026-09-25T05:34:18+00:00,10.0,standard,pre_game,2026-09-24T22:27:11.373-04:00
53,prizepicks,15198923,2026-09-25T05:34:18+00:00,7.5,goblin,pre_game,2026-09-24T15:07:35.441-04:00
54,prizepicks,15197990,2026-09-25T05:34:18+00:00,1.5,goblin,pre_game,2026-09-24T14:43:54.424-04:00
55,prizepicks,15213032,2026-09-25T05:34:20+00:00,30.5,standard,pre_game,2026-09-25T00:16:59.021-04:00
56,prizepicks,15213033,2026-09-25T05:34:20+00:00,31.5,standard,pre_game,2026-09-25T00:16:59.021-04:00
57,prizepicks,15213034,2026-09-25T05:34:20+00:00,32.5,standard,pre_game,2026-09-25T00:16:59.021-04:00
58,prizepicks,15213035,2026-09-25T05:34:20+00:00,27.5,standard,pre_game,2026-09-25T00:16:59.021-04:00
59,prizepicks,15213036,2026-09-25T05:34:20+00:00,27.5,standard,pre_game,2026-09-25T00:16:59.021-04:00
60,prizepicks,15213037,2026-09-25T05:34:20+00:00,23.5,standard,pre_game,2026-09-25T00:17:04.630-04:00
61,prizepicks,15213038,2026-09-25T05:34:20+00:00,31.5,standard,pre_game,2026-09-25T00:17:04.630-04:00
62,prizepicks,15213039,2026-09-25T05:34:20+00:00,28.5,standard,pre_game,2026-09-25T00:17:04.630-04:00
63,prizepicks,15213040,2026-09-25T05:34:20+00:00,28.5,standard,pre_game,2026-09-25T00:17:04.630-04:00
64,prizepicks,15213041,2026-09-25T05:34:20+00:00,25.5,standard,pre_game,2026-09-25T00:17:04.630-04:00
65,prizepicks,15213042,2026-09-25T05:34:20+00:00,17.5,standard,pre_game,2026-09-25T00:16:59.021-04:00
66,prizepicks,15213043,2026-09-25T05:34:20+00:00,12.5,standard,pre_game,2026-09-25T00:16:59.021-04:00
67,prizepicks,15213044,2026-09-25T05:34:20+00:00,19.5,standard,pre_game,2026-09-25T00:16:59.021-04:00
68,prizepicks,15213045,2026-09-25T05:34:20+00:00,15.5,standard,pre_game,2026-09-25T00:16:59.021-04:00
69,prizepicks,15213046,2026-09-25T05:34:20+00:00,15.5,standard,pre_game,2026-09-25T00:16:59.021-04:00
70,prizepicks,15213047,2026-09-25T05:34:20+00:00,11.5,standard,pre_game,2026-09-25T00:17:04.630-04:00
71,prizepicks,15213048,2026-09-25T05:34:20+00:00,12.5,standard,pre_game,2026-09-25T00:17:04.630-04:00
72,prizepicks,15213049,2026-09-25T05:34:20+00:00,16.5,standard,pre_game,2026-09-25T00:17:04.630-04:00
73,prizepicks,15213050,2026-09-25T05:34:20+00:00,15.5,standard,pre_game,2026-09-25T00:17:04.630-04:00
74,prizepicks,15213051,2026-09-25T05:34:20+00:00,14.5,standard,pre_game,2026-09-25T00:51:22.576-04:00
75,prizepicks,15195529,2026-09-25T05:34:20+00:00,26.5,standard,pre_game,2026-09-24T16:04:27.016-04:00
76,prizepicks,15195530,2026-09-25T05:34:20+00:00,32.5,standard,pre_game,2026-09-24T16:04:27.016-04:00
77,prizepicks,15195531,2026-09-25T05:34:20+00:00,31.5,standard,pre_game,2026-09-24T16:04:27.016-04:00
78,prizepicks,15195532,2026-09-25T05:34:20+00:00,28.5,standard,pre_game,2026-09-24T16:04:27.016-04:00
79,prizepicks,15195533,2026-09-25T05:34:20+00:00,27.5,standard,pre_game,2026-09-24T16:04:27.016-04:00
80,prizepicks,15195535,2026-09-25T05:34:20+00:00,26.5,standard,pre_game,2026-09-24T16:04:32.324-04:00
81,prizepicks,15195537,2026-09-25T05:34:20+00:00,31.5,standard,pre_game,2026-09-24T16:04:32.324-04:00
82,prizepicks,15195538,2026-09-25T05:34:20+00:00,28.5,standard,pre_game,2026-09-24T16:04:32.324-04:00
83,prizepicks,15195539,2026-09-25T05:34:20+00:00,28.0,standard,pre_game,2026-09-24T21:14:48.832-04:00
84,prizepicks,15195540,2026-09-25T05:34:20+00:00,16.5,standard,pre_game,2026-09-24T16:04:27.016-04:00
85,prizepicks,15195541,2026-09-25T05:34:20+00:00,9.5,standard,pre_game,2026-09-24T16:04:27.016-04:00
86,prizepicks,15195542,2026-09-25T05:34:20+00:00,15.5,standard,pre_game,2026-09-24T16:04:27.016-04:00
87,prizepicks,15195544,2026-09-25T05:34:20+00:00,17.0,standard,pre_game,2026-09-24T22:56:36.645-04:00
88,prizepicks,15195545,2026-09-25T05:34:20+00:00,17.5,standard,pre_game,2026-09-24T16:04:27.016-04:00
89,prizepicks,15195547,2026-09-25T05:34:20+00:00,16.5,standard,pre_game,2026-09-24T16:04:32.324-04:00
90,prizepicks,15195548,2026-09-25T05:34:20+00:00,11.5,standard,pre_game,2026-09-24T16:04:32.324-04:00
91,prizepicks,15195549,2026-09-25T05:34:20+00:00,16.5,standard,pre_game,2026-09-24T16:04:32.324-04:00
92,prizepicks,15195550,2026-09-25T05:34:20+00:00,15.5,standard,pre_game,2026-09-24T16:04:32.324-04:00
93,prizepicks,15195553,2026-09-25T05:34:20+00:00,30.5,standard,pre_game,2026-09-24T16:05:49.970-04:00
94,prizepicks,15195554,2026-09-25T05:34:20+00:00,28.5,standard,pre_game,2026-09-24T16:05:49.970-04:00
95,prizepicks,15195555,2026-09-25T05:34:20+00:00,29.5,standard,pre_game,2026-09-24T16:05:49.970-04:00
96,prizepicks,15195556,2026-09-25T05:34:20+00:00,33.5,standard,pre_game,2026-09-24T16:05:49.970-04:00
97,prizepicks,15195557,2026-09-25T05:34:20+00:00,28.5,standard,pre_game,2026-09-24T16:05:45.828-04:00
98,prizepicks,15195558,2026-09-25T05:34:20+00:00,28.0,standard,pre_game,2026-09-24T21:17:15.671-04:00
99,prizepicks,15195559,2026-09-25T05:34:20+00:00,25.5,standard,pre_game,2026-09-24T16:05:45.828-04:00
100,prizepicks,15195561,2026-09-25T05:34:20+00:00,29.5,standard,pre_game,2026-09-24T16:05:45.828-04:00
101,prizepicks,15195562,2026-09-25T05:34:20+00:00,29.5,standard,pre_game,2026-09-24T16:05:45.828-04:00
102,prizepicks,15195564,2026-09-25T05:34:20+00:00,12.5,standard,pre_game,2026-09-24T16:05:49.970-04:00
103,prizepicks,15195565,2026-09-25T05:34:20+00:00,15.5,standard,pre_game,2026-09-24T16:05:49.970-04:00
104,prizepicks,15195566,2026-09-25T05:34:20+00:00,14.5,standard,pre_game,2026-09-24T16:05:49.970-04:00
105,prizepicks,15195567,2026-09-25T05:34:20+00:00,14.5,standard,pre_game,2026-09-24T16:05:49.970-04:00
106,prizepicks,15195568,2026-09-25T05:34:20+00:00,15.5,standard,pre_game,2026-09-24T16:05:45.828-04:00
107,prizepicks,15195570,2026-09-25T05:34:20+00:00,17.0,standard,pre_game,2026-09-24T22:56:59.593-04:00
108,prizepicks,15195571,2026-09-25T05:34:20+00:00,15.5,standard,pre_game,2026-09-24T16:05:45.828-04:00
109,prizepicks,15195572,2026-09-25T05:34:20+00:00,9.5,standard,pre_game,2026-09-24T16:05:45.828-04:00
110,prizepicks,15195573,2026-09-25T05:34:20+00:00,15.5,standard,pre_game,2026-09-24T16:05:45.828-04:00
111,prizepicks,15145674,2026-09-25T05:34:20+00:00,16.5,demon,pre_game,2026-09-24T16:04:44.107-04:00
112,prizepicks,15145678,2026-09-25T05:34:20+00:00,16.5,demon,pre_game,2026-09-24T16:04:49.535-04:00
113,prizepicks,15145673,2026-09-25T05:34:20+00:00,15.5,standard,pre_game,2026-09-24T16:04:44.107-04:00
114,prizepicks,15145677,2026-09-25T05:34:20+00:00,15.5,standard,pre_game,2026-09-24T16:04:49.535-04:00
115,prizepicks,15145666,2026-09-25T05:34:20+00:00,14.5,demon,pre_game,2026-09-24T16:04:44.107-04:00
116,prizepicks,15145670,2026-09-25T05:34:20+00:00,14.5,demon,pre_game,2026-09-24T16:04:49.535-04:00
117,prizepicks,15145675,2026-09-25T05:34:20+00:00,14.5,goblin,pre_game,2026-09-24T16:04:44.107-04:00
118,prizepicks,15145679,2026-09-25T05:34:20+00:00,14.5,goblin,pre_game,2026-09-24T16:04:49.535-04:00
119,prizepicks,15145681,2026-09-25T05:34:20+00:00,14.5,demon,pre_game,2026-09-24T16:04:44.107-04:00
120,prizepicks,15145684,2026-09-25T05:34:20+00:00,14.5,demon,pre_game,2026-09-24T16:04:49.535-04:00
121,prizepicks,15145665,2026-09-25T05:34:20+00:00,13.5,standard,pre_game,2026-09-24T16:04:44.107-04:00
122,prizepicks,15145669,2026-09-25T05:34:20+00:00,13.5,standard,pre_game,2026-09-24T16:04:49.535-04:00
123,prizepicks,15145680,2026-09-25T05:34:20+00:00,13.5,standard,pre_game,2026-09-24T16:04:44.107-04:00
124,prizepicks,15145683,2026-09-25T05:34:20+00:00,13.5,standard,pre_game,2026-09-24T16:04:49.535-04:00
125,prizepicks,15145667,2026-09-25T05:34:20+00:00,12.5,goblin,pre_game,2026-09-24T16:04:44.107-04:00
126,prizepicks,15145671,2026-09-25T05:34:20+00:00,12.5,goblin,pre_game,2026-09-24T16:04:49.535-04:00
127,prizepicks,15145682,2026-09-25T05:34:20+00:00,12.5,goblin,pre_game,2026-09-24T16:04:44.107-04:00
128,prizepicks,15145685,2026-09-25T05:34:20+00:00,12.5,goblin,pre_game,2026-09-24T16:04:49.535-04:00
129,prizepicks,15145664,2026-09-25T05:34:20+00:00,7.5,standard,pre_game,2026-09-24T16:04:44.107-04:00
130,prizepicks,15145668,2026-09-25T05:34:20+00:00,7.5,standard,pre_game,2026-09-24T16:04:49.535-04:00
131,prizepicks,15145672,2026-09-25T05:34:20+00:00,5.5,standard,pre_game,2026-09-24T16:04:44.107-04:00
132,prizepicks,15145676,2026-09-25T05:34:20+00:00,5.5,standard,pre_game,2026-09-24T16:04:49.535-04:00
133,prizepicks,15194466,2026-09-25T05:34:20+00:00,33.5,standard,pre_game,2026-09-24T23:08:22.387-04:00
134,prizepicks,15194467,2026-09-25T05:34:20+00:00,32.0,standard,pre_game,2026-09-24T14:05:10.112-04:00
135,prizepicks,15194468,2026-09-25T05:34:20+00:00,26.5,standard,pre_game,2026-09-24T18:33:58.826-04:00
136,prizepicks,15194469,2026-09-25T05:34:20+00:00,29.0,standard,pre_game,2026-09-24T21:16:30.854-04:00
137,prizepicks,15194470,2026-09-25T05:34:20+00:00,25.5,standard,pre_game,2026-09-24T23:12:59.527-04:00
138,prizepicks,15194471,2026-09-25T05:34:20+00:00,31.0,standard,pre_game,2026-09-24T12:03:58.390-04:00
139,prizepicks,15194472,2026-09-25T05:34:20+00:00,29.5,standard,pre_game,2026-09-24T12:03:58.390-04:00
140,prizepicks,15194473,2026-09-25T05:34:20+00:00,29.5,standard,pre_game,2026-09-24T22:56:42.869-04:00
141,prizepicks,15194474,2026-09-25T05:34:20+00:00,26.5,standard,pre_game,2026-09-24T12:03:58.390-04:00
142,prizepicks,15194475,2026-09-25T05:34:20+00:00,26.0,standard,pre_game,2026-09-24T12:03:58.390-04:00
143,prizepicks,15194476,2026-09-25T05:34:20+00:00,11.5,standard,pre_game,2026-09-24T12:03:54.737-04:00
144,prizepicks,15194477,2026-09-25T05:34:20+00:00,20.0,standard,pre_game,2026-09-24T12:03:54.737-04:00
145,prizepicks,15194478,2026-09-25T05:34:20+00:00,14.5,standard,pre_game,2026-09-24T12:03:54.737-04:00
146,prizepicks,15194479,2026-09-25T05:34:20+00:00,16.5,standard,pre_game,2026-09-24T12:22:48.184-04:00
147,prizepicks,15194480,2026-09-25T05:34:20+00:00,16.0,standard,pre_game,2026-09-24T12:03:54.737-04:00
148,prizepicks,15194481,2026-09-25T05:34:20+00:00,16.5,standard,pre_game,2026-09-24T12:03:58.390-04:00
149,prizepicks,15194482,2026-09-25T05:34:20+00:00,9.0,standard,pre_game,2026-09-24T12:03:58.390-04:00
150,prizepicks,15194483,2026-09-25T05:34:20+00:00,17.0,standard,pre_game,2026-09-24T12:03:58.390-04:00
151,prizepicks,15194484,2026-09-25T05:34:20+00:00,16.5,standard,pre_game,2026-09-24T12:03:58.390-04:00
152,prizepicks,15194485,2026-09-25T05:34:20+00:00,15.0,standard,pre_game,2026-09-24T17:26:33.802-04:00
153,prizepicks,15201345,2026-09-25T05:34:20+00:00,31.5,standard,pre_game,2026-09-24T17:11:49.002-04:00
154,prizepicks,15201346,2026-09-25T05:34:20+00:00,27.5,standard,pre_game,2026-09-24T17:11:49.002-04:00
155,prizepicks,15201347,2026-09-25T05:34:20+00:00,32.5,standard,pre_game,2026-09-24T17:11:49.002-04:00
156,prizepicks,15201348,2026-09-25T05:34:20+00:00,27.5,standard,pre_game,2026-09-24T17:11:49.002-04:00
157,prizepicks,15201349,2026-09-25T05:34:20+00:00,28.5,standard,pre_game,2026-09-24T17:11:49.002-04:00
158,prizepicks,15201350,2026-09-25T05:34:20+00:00,19.5,standard,pre_game,2026-09-24T17:11:49.002-04:00
159,prizepicks,15201351,2026-09-25T05:34:20+00:00,14.5,standard,pre_game,2026-09-24T17:11:49.002-04:00
160,prizepicks,15201352,2026-09-25T05:34:20+00:00,19.0,standard,pre_game,2026-09-24T22:41:54.777-04:00
161,prizepicks,15201353,2026-09-25T05:34:20+00:00,16.5,standard,pre_game,2026-09-24T17:11:49.002-04:00
162,prizepicks,15201354,2026-09-25T05:34:20+00:00,9.5,standard,pre_game,2026-09-24T17:11:49.002-04:00
163,prizepicks,15201355,2026-09-25T05:34:20+00:00,26.5,standard,pre_game,2026-09-24T17:12:05.951-04:00
164,prizepicks,15201356,2026-09-25T05:34:20+00:00,28.5,standard,pre_game,2026-09-24T18:10:01.747-04:00
165,prizepicks,15201357,2026-09-25T05:34:20+00:00,30.5,standard,pre_game,2026-09-24T17:12:05.951-04:00
166,prizepicks,15201358,2026-09-25T05:34:20+00:00,29.5,standard,pre_game,2026-09-24T17:12:05.951-04:00
167,prizepicks,15201359,2026-09-25T05:34:20+00:00,31.5,standard,pre_game,2026-09-24T18:16:02.021-04:00
168,prizepicks,15201360,2026-09-25T05:34:20+00:00,26.5,standard,pre_game,2026-09-24T17:12:09.717-04:00
169,prizepicks,15201361,2026-09-25T05:34:20+00:00,25.0,standard,pre_game,2026-09-24T21:15:18.744-04:00
170,prizepicks,15201362,2026-09-25T05:34:20+00:00,25.5,standard,pre_game,2026-09-24T17:12:09.717-04:00
171,prizepicks,15201363,2026-09-25T05:34:20+00:00,26.5,standard,pre_game,2026-09-24T17:12:09.717-04:00
172,prizepicks,15201364,2026-09-25T05:34:20+00:00,31.0,standard,pre_game,2026-09-24T21:16:48.374-04:00
173,prizepicks,15201366,2026-09-25T05:34:20+00:00,16.0,standard,pre_game,2026-09-24T23:10:41.603-04:00
174,prizepicks,15201367,2026-09-25T05:34:20+00:00,17.5,standard,pre_game,2026-09-24T17:12:05.951-04:00
175,prizepicks,15201369,2026-09-25T05:34:20+00:00,16.5,standard,pre_game,2026-09-24T17:12:05.951-04:00
176,prizepicks,15201370,2026-09-25T05:34:20+00:00,16.5,standard,pre_game,2026-09-24T17:12:09.717-04:00
177,prizepicks,15201372,2026-09-25T05:34:20+00:00,14.5,standard,pre_game,2026-09-24T17:12:09.717-04:00
178,prizepicks,15201373,2026-09-25T05:34:20+00:00,15.5,standard,pre_game,2026-09-24T17:12:09.717-04:00
179,prizepicks,15201374,2026-09-25T05:34:20+00:00,17.5,standard,pre_game,2026-09-24T17:12:09.717-04:00
180,prizepicks,15192191,2026-09-25T05:34:20+00:00,22.5,standard,pre_game,2026-09-24T11:18:03.077-04:00
181,prizepicks,15192192,2026-09-25T05:34:20+00:00,25.0,standard,pre_game,2026-09-24T11:18:03.077-04:00
182,prizepicks,15192193,2026-09-25T05:34:20+00:00,27.0,standard,pre_game,2026-09-24T11:18:03.077-04:00
183,prizepicks,15192194,2026-09-25T05:34:20+00:00,27.5,standard,pre_game,2026-09-24T13:38:03.105-04:00
184,prizepicks,15192195,2026-09-25T05:34:20+00:00,26.5,standard,pre_game,2026-09-24T11:18:03.077-04:00
185,prizepicks,15192196,2026-09-25T05:34:20+00:00,29.5,standard,pre_game,2026-09-24T12:17:33.062-04:00
186,prizepicks,15192197,2026-09-25T05:34:20+00:00,29.5,standard,pre_game,2026-09-24T11:18:10.428-04:00
187,prizepicks,15192198,2026-09-25T05:34:20+00:00,32.0,standard,pre_game,2026-09-24T23:54:40.795-04:00
188,prizepicks,15192199,2026-09-25T05:34:20+00:00,31.5,standard,pre_game,2026-09-24T12:18:41.745-04:00
189,prizepicks,15192200,2026-09-25T05:34:20+00:00,25.5,standard,pre_game,2026-09-24T11:18:10.428-04:00
190,prizepicks,15192201,2026-09-25T05:34:20+00:00,12.5,standard,pre_game,2026-09-24T11:18:03.077-04:00
191,prizepicks,15192202,2026-09-25T05:34:20+00:00,12.5,standard,pre_game,2026-09-24T16:33:19.725-04:00
192,prizepicks,15192203,2026-09-25T05:34:20+00:00,9.5,standard,pre_game,2026-09-24T11:18:03.077-04:00
193,prizepicks,15192204,2026-09-25T05:34:20+00:00,14.0,standard,pre_game,2026-09-24T21:32:39.710-04:00
194,prizepicks,15192205,2026-09-25T05:34:20+00:00,14.0,standard,pre_game,2026-09-24T23:19:00.405-04:00
195,prizepicks,15192206,2026-09-25T05:34:20+00:00,16.5,standard,pre_game,2026-09-24T11:18:10.428-04:00
196,prizepicks,15192207,2026-09-25T05:34:20+00:00,11.5,standard,pre_game,2026-09-24T11:18:10.428-04:00
197,prizepicks,15192208,2026-09-25T05:34:20+00:00,19.0,standard,pre_game,2026-09-24T11:18:10.428-04:00
198,prizepicks,15192209,2026-09-25T05:34:20+00:00,19.0,standard,pre_game,2026-09-24T22:56:54.281-04:00
199,prizepicks,15192210,2026-09-25T05:34:20+00:00,14.5,standard,pre_game,2026-09-24T11:18:10.428-04:00
200,prizepicks,15213052,2026-09-25T05:34:20+00:00,30.5,standard,pre_game,2026-09-25T00:17:45.256-04:00
201,prizepicks,15213053,2026-09-25T05:34:20+00:00,30.5,standard,pre_game,2026-09-25T00:17:45.256-04:00
202,prizepicks,15213054,2026-09-25T05:34:20+00:00,27.5,standard,pre_game,2026-09-25T00:17:45.256-04:00
203,prizepicks,15213055,2026-09-25T05:34:20+00:00,31.5,standard,pre_game,2026-09-25T00:17:45.256-04:00
204,prizepicks,15213056,2026-09-25T05:34:20+00:00,28.5,standard,pre_game,2026-09-25T00:17:45.256-04:00
205,prizepicks,15213057,2026-09-25T05:34:20+00:00,32.5,standard,pre_game,2026-09-25T00:17:51.435-04:00
206,prizepicks,15213058,2026-09-25T05:34:20+00:00,26.5,standard,pre_game,2026-09-25T00:17:51.435-04:00
207,prizepicks,15213059,2026-09-25T05:34:20+00:00,28.5,standard,pre_game,2026-09-25T00:17:51.435-04:00
208,prizepicks,15213060,2026-09-25T05:34:20+00:00,27.5,standard,pre_game,2026-09-25T00:17:51.435-04:00
209,prizepicks,15213062,2026-09-25T05:34:20+00:00,9.5,standard,pre_game,2026-09-25T00:17:45.256-04:00
210,prizepicks,15213063,2026-09-25T05:34:20+00:00,17.5,standard,pre_game,2026-09-25T00:17:45.256-04:00
211,prizepicks,15213064,2026-09-25T05:34:20+00:00,15.5,standard,pre_game,2026-09-25T00:17:45.256-04:00
212,prizepicks,15213065,2026-09-25T05:34:20+00:00,18.5,standard,pre_game,2026-09-25T00:17:45.256-04:00
213,prizepicks,15213066,2026-09-25T05:34:20+00:00,16.5,standard,pre_game,2026-09-25T00:17:45.256-04:00
214,prizepicks,15213067,2026-09-25T05:34:20+00:00,18.5,standard,pre_game,2026-09-25T00:17:51.435-04:00
215,prizepicks,15213068,2026-09-25T05:34:20+00:00,10.5,standard,pre_game,2026-09-25T00:17:51.435-04:00
216,prizepicks,15213069,2026-09-25T05:34:20+00:00,15.5,standard,pre_game,2026-09-25T00:17:51.435-04:00
217,prizepicks,15213070,2026-09-25T05:34:20+00:00,14.5,standard,pre_game,2026-09-25T00:17:51.435-04:00
218,prizepicks,15194486,2026-09-25T05:34:20+00:00,31.0,standard,pre_game,2026-09-24T12:06:06.472-04:00
219,prizepicks,15194487,2026-09-25T05:34:20+00:00,30.0,standard,pre_game,2026-09-24T23:11:05.417-04:00
220,prizepicks,15194488,2026-09-25T05:34:20+00:00,29.0,standard,pre_game,2026-09-24T22:55:53.717-04:00
221,prizepicks,15194489,2026-09-25T05:34:20+00:00,28.5,standard,pre_game,2026-09-24T21:17:23.853-04:00
222,prizepicks,15194490,2026-09-25T05:34:20+00:00,27.0,standard,pre_game,2026-09-24T12:06:06.472-04:00
223,prizepicks,15194491,2026-09-25T05:34:20+00:00,30.0,standard,pre_game,2026-09-24T12:26:10.464-04:00
224,prizepicks,15194492,2026-09-25T05:34:20+00:00,30.0,standard,pre_game,2026-09-24T12:06:09.872-04:00
225,prizepicks,15194493,2026-09-25T05:34:20+00:00,28.5,standard,pre_game,2026-09-24T20:45:40.925-04:00
226,prizepicks,15194494,2026-09-25T05:34:20+00:00,29.0,standard,pre_game,2026-09-24T12:06:09.872-04:00
227,prizepicks,15194495,2026-09-25T05:34:20+00:00,27.5,standard,pre_game,2026-09-24T12:06:09.872-04:00
228,prizepicks,15194496,2026-09-25T05:34:20+00:00,9.5,standard,pre_game,2026-09-24T12:06:06.472-04:00
229,prizepicks,15194497,2026-09-25T05:34:20+00:00,17.0,standard,pre_game,2026-09-24T23:25:06.000-04:00
230,prizepicks,15194498,2026-09-25T05:34:20+00:00,16.5,standard,pre_game,2026-09-24T12:39:53.020-04:00
231,prizepicks,15194499,2026-09-25T05:34:20+00:00,16.5,standard,pre_game,2026-09-24T12:06:06.472-04:00
232,prizepicks,15194500,2026-09-25T05:34:20+00:00,15.5,standard,pre_game,2026-09-24T12:06:06.472-04:00
233,prizepicks,15194501,2026-09-25T05:34:20+00:00,12.5,standard,pre_game,2026-09-24T13:34:24.919-04:00
234,prizepicks,15194502,2026-09-25T05:34:20+00:00,18.0,standard,pre_game,2026-09-24T17:26:12.350-04:00
235,prizepicks,15194503,2026-09-25T05:34:20+00:00,14.5,standard,pre_game,2026-09-24T16:06:41.568-04:00
236,prizepicks,15194504,2026-09-25T05:34:20+00:00,17.5,standard,pre_game,2026-09-24T12:06:09.872-04:00
237,prizepicks,15194505,2026-09-25T05:34:20+00:00,16.5,standard,pre_game,2026-09-24T12:06:09.872-04:00
238,prizepicks,15192211,2026-09-25T05:34:20+00:00,24.5,standard,pre_game,2026-09-24T15:03:23.759-04:00
239,prizepicks,15192212,2026-09-25T05:34:20+00:00,32.5,standard,pre_game,2026-09-24T21:18:22.627-04:00
240,prizepicks,15192213,2026-09-25T05:34:20+00:00,29.5,standard,pre_game,2026-09-24T11:18:28.928-04:00
241,prizepicks,15192214,2026-09-25T05:34:20+00:00,32.5,standard,pre_game,2026-09-24T11:18:28.928-04:00
242,prizepicks,15192216,2026-09-25T05:34:20+00:00,13.5,standard,pre_game,2026-09-24T13:35:32.682-04:00
243,prizepicks,15192217,2026-09-25T05:34:20+00:00,18.0,standard,pre_game,2026-09-24T21:17:41.819-04:00
244,prizepicks,15192218,2026-09-25T05:34:20+00:00,17.5,standard,pre_game,2026-09-24T23:55:14.173-04:00
245,prizepicks,15192219,2026-09-25T05:34:20+00:00,19.5,standard,pre_game,2026-09-24T11:18:28.928-04:00
246,prizepicks,15213661,2026-09-25T05:34:20+00:00,31.5,standard,pre_game,2026-09-25T00:48:23.327-04:00
247,prizepicks,15213666,2026-09-25T05:34:20+00:00,18.5,standard,pre_game,2026-09-25T00:48:23.327-04:00
248,prizepicks,15201739,2026-09-25T05:34:20+00:00,31.5,standard,pre_game,2026-09-24T17:11:16.067-04:00
249,prizepicks,15213662,2026-09-25T05:34:20+00:00,26.5,standard,pre_game,2026-09-25T00:48:23.327-04:00
250,prizepicks,15213667,2026-09-25T05:34:20+00:00,16.5,standard,pre_game,2026-09-25T00:48:23.327-04:00
251,prizepicks,15201740,2026-09-25T05:34:20+00:00,30.5,standard,pre_game,2026-09-24T18:31:04.846-04:00
252,prizepicks,15213663,2026-09-25T05:34:20+00:00,27.5,standard,pre_game,2026-09-25T00:48:23.327-04:00
253,prizepicks,15213668,2026-09-25T05:34:20+00:00,15.5,standard,pre_game,2026-09-25T00:48:23.327-04:00
254,prizepicks,15201741,2026-09-25T05:34:20+00:00,26.5,standard,pre_game,2026-09-24T18:17:59.977-04:00
255,prizepicks,15213664,2026-09-25T05:34:20+00:00,32.5,standard,pre_game,2026-09-25T00:48:23.327-04:00
256,prizepicks,15213669,2026-09-25T05:34:20+00:00,11.5,standard,pre_game,2026-09-25T00:48:23.327-04:00
257,prizepicks,15201742,2026-09-25T05:34:20+00:00,29.5,standard,pre_game,2026-09-24T17:11:16.067-04:00
258,prizepicks,15213665,2026-09-25T05:34:20+00:00,29.5,standard,pre_game,2026-09-25T00:48:23.327-04:00
259,prizepicks,15213670,2026-09-25T05:34:20+00:00,18.5,standard,pre_game,2026-09-25T00:48:23.327-04:00
260,prizepicks,15201743,2026-09-25T05:34:20+00:00,29.5,standard,pre_game,2026-09-24T17:11:16.067-04:00
261,prizepicks,15201744,2026-09-25T05:34:20+00:00,19.5,standard,pre_game,2026-09-24T17:11:16.067-04:00
262,prizepicks,15201745,2026-09-25T05:34:20+00:00,18.5,standard,pre_game,2026-09-24T17:11:16.067-04:00
263,prizepicks,15201746,2026-09-25T05:34:20+00:00,16.5,standard,pre_game,2026-09-24T18:52:25.380-04:00
264,prizepicks,15201747,2026-09-25T05:34:20+00:00,15.5,standard,pre_game,2026-09-24T23:22:47.356-04:00
265,prizepicks,15201748,2026-09-25T05:34:20+00:00,12.0,standard,pre_game,2026-09-24T17:11:16.067-04:00
266,prizepicks,15214351,2026-09-25T05:34:20+00:00,29.5,standard,pre_game,2026-09-25T00:50:19.443-04:00
267,prizepicks,15214355,2026-09-25T05:34:20+00:00,10.5,standard,pre_game,2026-09-25T00:50:19.443-04:00
268,prizepicks,15214352,2026-09-25T05:34:20+00:00,29.5,standard,pre_game,2026-09-25T00:50:19.443-04:00
269,prizepicks,15214356,2026-09-25T05:34:20+00:00,16.5,standard,pre_game,2026-09-25T00:50:19.443-04:00
270,prizepicks,15214353,2026-09-25T05:34:20+00:00,28.5,standard,pre_game,2026-09-25T00:50:19.443-04:00
271,prizepicks,15214357,2026-09-25T05:34:20+00:00,14.5,standard,pre_game,2026-09-25T00:50:19.443-04:00
272,prizepicks,15214354,2026-09-25T05:34:20+00:00,28.5,standard,pre_game,2026-09-25T00:50:19.443-04:00
273,prizepicks,15214358,2026-09-25T05:34:20+00:00,18.5,standard,pre_game,2026-09-25T00:50:19.443-04:00
274,prizepicks,15200556,2026-09-25T05:34:20+00:00,28.5,standard,pre_game,2026-09-24T16:06:16.219-04:00
275,prizepicks,15200557,2026-09-25T05:34:20+00:00,32.5,standard,pre_game,2026-09-24T16:06:16.219-04:00
276,prizepicks,15200558,2026-09-25T05:34:20+00:00,27.5,standard,pre_game,2026-09-24T16:06:16.219-04:00
277,prizepicks,15200559,2026-09-25T05:34:20+00:00,30.5,standard,pre_game,2026-09-24T16:06:16.219-04:00
278,prizepicks,15200560,2026-09-25T05:34:20+00:00,28.5,standard,pre_game,2026-09-24T16:06:16.219-04:00
279,prizepicks,15200561,2026-09-25T05:34:20+00:00,9.5,standard,pre_game,2026-09-24T16:06:16.219-04:00
280,prizepicks,15200562,2026-09-25T05:34:20+00:00,16.5,standard,pre_game,2026-09-24T16:06:16.219-04:00
281,prizepicks,15200563,2026-09-25T05:34:20+00:00,15.5,standard,pre_game,2026-09-24T16:06:16.219-04:00
282,prizepicks,15200564,2026-09-25T05:34:20+00:00,17.5,standard,pre_game,2026-09-24T16:06:16.219-04:00
283,prizepicks,15213072,2026-09-25T05:34:20+00:00,29.5,standard,pre_game,2026-09-25T00:18:42.669-04:00
284,prizepicks,15213073,2026-09-25T05:34:20+00:00,24.5,standard,pre_game,2026-09-25T00:18:42.669-04:00
285,prizepicks,15213074,2026-09-25T05:34:20+00:00,31.5,standard,pre_game,2026-09-25T00:18:42.669-04:00
286,prizepicks,15213075,2026-09-25T05:34:20+00:00,32.5,standard,pre_game,2026-09-25T00:18:42.669-04:00
287,prizepicks,15213076,2026-09-25T05:34:20+00:00,30.5,standard,pre_game,2026-09-25T00:18:42.669-04:00
288,prizepicks,15213077,2026-09-25T05:34:20+00:00,24.5,standard,pre_game,2026-09-25T00:18:48.803-04:00
289,prizepicks,15213078,2026-09-25T05:34:20+00:00,27.5,standard,pre_game,2026-09-25T00:18:48.803-04:00
290,prizepicks,15213079,2026-09-25T05:34:20+00:00,30.5,standard,pre_game,2026-09-25T00:18:48.803-04:00
291,prizepicks,15213080,2026-09-25T05:34:20+00:00,27.5,standard,pre_game,2026-09-25T00:18:48.803-04:00
292,prizepicks,15213081,2026-09-25T05:34:20+00:00,27.5,standard,pre_game,2026-09-25T00:18:48.803-04:00
293,prizepicks,15213083,2026-09-25T05:34:20+00:00,13.0,standard,pre_game,2026-09-25T00:18:42.669-04:00
294,prizepicks,15213084,2026-09-25T05:34:20+00:00,21.5,standard,pre_game,2026-09-25T00:18:42.669-04:00
295,prizepicks,15213085,2026-09-25T05:34:20+00:00,18.5,standard,pre_game,2026-09-25T00:18:42.669-04:00
296,prizepicks,15213086,2026-09-25T05:34:20+00:00,16.5,standard,pre_game,2026-09-25T00:18:42.669-04:00
297,prizepicks,15213087,2026-09-25T05:34:20+00:00,11.5,standard,pre_game,2026-09-25T00:18:48.803-04:00
298,prizepicks,15213088,2026-09-25T05:34:20+00:00,13.5,standard,pre_game,2026-09-25T00:18:48.803-04:00
299,prizepicks,15213089,2026-09-25T05:34:20+00:00,16.5,standard,pre_game,2026-09-25T00:18:48.803-04:00
300,prizepicks,15213090,2026-09-25T05:34:20+00:00,14.5,standard,pre_game,2026-09-25T00:18:48.803-04:00
301,prizepicks,15213091,2026-09-25T05:34:20+00:00,9.5,standard,pre_game,2026-09-25T00:18:48.803-04:00
302,prizepicks,15195574,2026-09-25T05:34:20+00:00,28.5,standard,pre_game,2026-09-25T01:25:12.318-04:00
303,prizepicks,15195575,2026-09-25T05:34:20+00:00,31.5,standard,pre_game,2026-09-25T01:25:12.318-04:00
304,prizepicks,15195576,2026-09-25T05:34:20+00:00,31.5,standard,pre_game,2026-09-25T01:25:12.318-04:00
305,prizepicks,15195577,2026-09-25T05:34:20+00:00,31.5,standard,pre_game,2026-09-25T01:25:12.318-04:00
306,prizepicks,15195579,2026-09-25T05:34:20+00:00,25.5,standard,pre_game,2026-09-25T01:25:12.318-04:00
307,prizepicks,15195580,2026-09-25T05:34:20+00:00,16.5,standard,pre_game,2026-09-25T01:25:12.318-04:00
308,prizepicks,15195581,2026-09-25T05:34:20+00:00,10.5,standard,pre_game,2026-09-25T01:25:12.318-04:00
309,prizepicks,15195582,2026-09-25T05:34:20+00:00,21.5,standard,pre_game,2026-09-25T01:25:12.318-04:00
310,prizepicks,15195583,2026-09-25T05:34:20+00:00,18.5,standard,pre_game,2026-09-25T01:25:12.318-04:00
311,prizepicks,15195584,2026-09-25T05:34:20+00:00,13.5,standard,pre_game,2026-09-25T01:25:12.318-04:00
312,prizepicks,15194506,2026-09-25T05:34:20+00:00,33.0,standard,pre_game,2026-09-24T21:16:16.533-04:00
313,prizepicks,15194507,2026-09-25T05:34:20+00:00,29.5,standard,pre_game,2026-09-24T16:09:56.865-04:00
314,prizepicks,15194508,2026-09-25T05:34:20+00:00,28.5,standard,pre_game,2026-09-24T16:11:56.746-04:00
315,prizepicks,15194509,2026-09-25T05:34:20+00:00,28.5,standard,pre_game,2026-09-24T17:26:47.170-04:00
316,prizepicks,15194510,2026-09-25T05:34:20+00:00,27.0,standard,pre_game,2026-09-24T12:06:24.571-04:00
317,prizepicks,15194511,2026-09-25T05:34:20+00:00,29.0,standard,pre_game,2026-09-24T12:06:27.494-04:00
318,prizepicks,15194512,2026-09-25T05:34:20+00:00,27.5,standard,pre_game,2026-09-24T16:12:10.455-04:00
319,prizepicks,15194513,2026-09-25T05:34:20+00:00,27.5,standard,pre_game,2026-09-24T12:06:27.494-04:00
320,prizepicks,15194514,2026-09-25T05:34:20+00:00,26.5,standard,pre_game,2026-09-24T12:06:27.494-04:00
321,prizepicks,15194515,2026-09-25T05:34:20+00:00,25.0,standard,pre_game,2026-09-24T12:06:27.494-04:00
322,prizepicks,15194516,2026-09-25T05:34:20+00:00,21.0,standard,pre_game,2026-09-24T23:09:23.770-04:00
323,prizepicks,15194517,2026-09-25T05:34:20+00:00,12.5,standard,pre_game,2026-09-24T12:06:24.571-04:00
324,prizepicks,15194518,2026-09-25T05:34:20+00:00,17.5,standard,pre_game,2026-09-24T12:06:24.571-04:00
325,prizepicks,15194519,2026-09-25T05:34:20+00:00,18.0,standard,pre_game,2026-09-25T00:54:52.330-04:00
326,prizepicks,15194520,2026-09-25T05:34:20+00:00,16.0,standard,pre_game,2026-09-24T12:06:24.571-04:00
327,prizepicks,15194521,2026-09-25T05:34:20+00:00,17.0,standard,pre_game,2026-09-24T12:06:27.494-04:00
328,prizepicks,15194522,2026-09-25T05:34:20+00:00,13.5,standard,pre_game,2026-09-24T16:36:01.498-04:00
329,prizepicks,15194523,2026-09-25T05:34:20+00:00,14.5,standard,pre_game,2026-09-24T16:09:55.491-04:00
330,prizepicks,15194524,2026-09-25T05:34:20+00:00,9.5,standard,pre_game,2026-09-24T12:06:27.494-04:00
331,prizepicks,15194525,2026-09-25T05:34:20+00:00,14.0,standard,pre_game,2026-09-24T12:06:27.494-04:00
332,prizepicks,15192221,2026-09-25T05:34:20+00:00,27.5,standard,pre_game,2026-09-24T11:19:10.065-04:00
333,prizepicks,15192222,2026-09-25T05:34:20+00:00,29.5,standard,pre_game,2026-09-24T11:19:10.065-04:00
334,prizepicks,15192223,2026-09-25T05:34:20+00:00,30.5,standard,pre_game,2026-09-24T23:28:19.626-04:00
335,prizepicks,15192224,2026-09-25T05:34:20+00:00,26.5,standard,pre_game,2026-09-24T12:52:28.448-04:00
336,prizepicks,15192225,2026-09-25T05:34:20+00:00,31.5,standard,pre_game,2026-09-24T11:19:10.065-04:00
337,prizepicks,15192226,2026-09-25T05:34:20+00:00,28.0,standard,pre_game,2026-09-24T11:19:18.441-04:00
338,prizepicks,15192227,2026-09-25T05:34:20+00:00,29.5,standard,pre_game,2026-09-24T23:08:57.151-04:00
339,prizepicks,15192228,2026-09-25T05:34:20+00:00,30.5,standard,pre_game,2026-09-24T23:05:16.219-04:00
340,prizepicks,15192229,2026-09-25T05:34:20+00:00,24.0,standard,pre_game,2026-09-24T11:19:18.441-04:00
341,prizepicks,15192230,2026-09-25T05:34:20+00:00,27.0,standard,pre_game,2026-09-24T11:19:18.441-04:00
342,prizepicks,15192231,2026-09-25T05:34:20+00:00,16.5,standard,pre_game,2026-09-24T11:19:10.065-04:00
343,prizepicks,15192232,2026-09-25T05:34:20+00:00,10.5,standard,pre_game,2026-09-24T11:19:10.065-04:00
344,prizepicks,15192233,2026-09-25T05:34:20+00:00,17.5,standard,pre_game,2026-09-24T23:05:49.951-04:00
345,prizepicks,15192234,2026-09-25T05:34:20+00:00,15.5,standard,pre_game,2026-09-24T18:26:20.292-04:00
346,prizepicks,15192235,2026-09-25T05:34:20+00:00,16.5,standard,pre_game,2026-09-24T11:19:10.065-04:00
347,prizepicks,15192236,2026-09-25T05:34:20+00:00,16.5,standard,pre_game,2026-09-24T11:19:18.441-04:00
348,prizepicks,15192237,2026-09-25T05:34:20+00:00,9.0,standard,pre_game,2026-09-24T11:19:18.441-04:00
349,prizepicks,15192238,2026-09-25T05:34:20+00:00,16.0,standard,pre_game,2026-09-24T11:19:18.441-04:00
350,prizepicks,15192239,2026-09-25T05:34:20+00:00,12.0,standard,pre_game,2026-09-24T11:19:18.441-04:00
351,prizepicks,15192240,2026-09-25T05:34:20+00:00,15.5,standard,pre_game,2026-09-24T11:19:18.441-04:00
352,prizepicks,15196226,2026-09-25T05:34:20+00:00,29.5,standard,pre_game,2026-09-24T16:03:46.847-04:00
353,prizepicks,15196236,2026-09-25T05:34:20+00:00,15.0,standard,pre_game,2026-09-24T23:27:26.581-04:00
354,prizepicks,15196227,2026-09-25T05:34:20+00:00,29.5,standard,pre_game,2026-09-24T16:03:46.847-04:00
355,prizepicks,15196237,2026-09-25T05:34:20+00:00,14.5,standard,pre_game,2026-09-24T16:03:46.847-04:00
356,prizepicks,15196228,2026-09-25T05:34:20+00:00,25.0,standard,pre_game,2026-09-24T21:17:53.545-04:00
357,prizepicks,15196238,2026-09-25T05:34:20+00:00,14.5,standard,pre_game,2026-09-24T23:06:44.332-04:00
358,prizepicks,15196229,2026-09-25T05:34:20+00:00,29.5,standard,pre_game,2026-09-24T16:03:46.847-04:00
359,prizepicks,15196239,2026-09-25T05:34:20+00:00,16.5,standard,pre_game,2026-09-24T16:03:46.847-04:00
360,prizepicks,15196231,2026-09-25T05:34:20+00:00,28.5,standard,pre_game,2026-09-24T16:03:50.769-04:00
361,prizepicks,15196232,2026-09-25T05:34:20+00:00,28.5,standard,pre_game,2026-09-24T16:03:50.769-04:00
362,prizepicks,15196242,2026-09-25T05:34:20+00:00,9.5,standard,pre_game,2026-09-24T16:03:50.769-04:00
363,prizepicks,15196233,2026-09-25T05:34:20+00:00,26.5,standard,pre_game,2026-09-24T16:03:50.769-04:00
364,prizepicks,15196243,2026-09-25T05:34:20+00:00,16.5,standard,pre_game,2026-09-24T16:03:50.769-04:00
365,prizepicks,15196234,2026-09-25T05:34:20+00:00,28.5,standard,pre_game,2026-09-24T16:03:50.769-04:00
366,prizepicks,15196244,2026-09-25T05:34:20+00:00,15.5,standard,pre_game,2026-09-24T21:17:32.959-04:00
367,prizepicks,15196235,2026-09-25T05:34:20+00:00,27.5,standard,pre_game,2026-09-24T16:03:50.769-04:00
368,prizepicks,15196245,2026-09-25T05:34:20+00:00,15.5,standard,pre_game,2026-09-24T23:12:05.005-04:00
369,prizepicks,15201749,2026-09-25T05:34:20+00:00,25.5,standard,pre_game,2026-09-24T17:10:38.524-04:00
370,prizepicks,15201750,2026-09-25T05:34:20+00:00,28.5,standard,pre_game,2026-09-24T17:10:38.524-04:00
371,prizepicks,15201751,2026-09-25T05:34:20+00:00,31.5,standard,pre_game,2026-09-24T17:10:38.524-04:00
372,prizepicks,15201752,2026-09-25T05:34:20+00:00,30.5,standard,pre_game,2026-09-24T17:10:38.524-04:00
373,prizepicks,15201753,2026-09-25T05:34:20+00:00,30.5,standard,pre_game,2026-09-24T23:25:28.973-04:00
374,prizepicks,15201754,2026-09-25T05:34:20+00:00,27.5,standard,pre_game,2026-09-24T22:24:25.329-04:00
375,prizepicks,15201755,2026-09-25T05:34:20+00:00,29.5,standard,pre_game,2026-09-24T17:10:43.484-04:00
376,prizepicks,15201756,2026-09-25T05:34:20+00:00,28.5,standard,pre_game,2026-09-24T17:10:43.484-04:00
377,prizepicks,15201757,2026-09-25T05:34:20+00:00,23.5,standard,pre_game,2026-09-24T17:10:43.484-04:00
378,prizepicks,15201758,2026-09-25T05:34:20+00:00,27.5,standard,pre_game,2026-09-24T23:13:21.402-04:00
379,prizepicks,15201759,2026-09-25T05:34:20+00:00,15.0,standard,pre_game,2026-09-24T23:06:16.395-04:00
380,prizepicks,15201761,2026-09-25T05:34:20+00:00,16.5,standard,pre_game,2026-09-24T17:10:38.524-04:00
381,prizepicks,15201762,2026-09-25T05:34:20+00:00,15.5,standard,pre_game,2026-09-24T17:10:38.524-04:00
382,prizepicks,15201763,2026-09-25T05:34:20+00:00,15.0,standard,pre_game,2026-09-24T17:10:38.524-04:00
383,prizepicks,15201764,2026-09-25T05:34:20+00:00,16.5,standard,pre_game,2026-09-24T23:24:46.106-04:00
384,prizepicks,15201765,2026-09-25T05:34:20+00:00,16.5,standard,pre_game,2026-09-24T17:10:43.484-04:00
385,prizepicks,15201766,2026-09-25T05:34:20+00:00,17.5,standard,pre_game,2026-09-24T17:10:43.484-04:00
386,prizepicks,15201767,2026-09-25T05:34:20+00:00,11.5,standard,pre_game,2026-09-24T17:10:43.484-04:00
387,prizepicks,15201768,2026-09-25T05:34:20+00:00,10.5,standard,pre_game,2026-09-24T23:24:04.107-04:00
388,prizepicks,15195194,2026-09-25T05:34:20+00:00,33.5,standard,pre_game,2026-09-24T16:00:17.608-04:00
389,prizepicks,15195199,2026-09-25T05:34:20+00:00,18.5,standard,pre_game,2026-09-24T16:03:39.591-04:00
390,prizepicks,15195195,2026-09-25T05:34:20+00:00,30.0,standard,pre_game,2026-09-24T16:00:17.643-04:00
391,prizepicks,15195200,2026-09-25T05:34:20+00:00,10.5,standard,pre_game,2026-09-24T16:03:50.068-04:00
392,prizepicks,15195196,2026-09-25T05:34:20+00:00,29.0,standard,pre_game,2026-09-24T16:00:17.673-04:00
393,prizepicks,15195201,2026-09-25T05:34:20+00:00,19.5,standard,pre_game,2026-09-24T16:03:44.540-04:00
394,prizepicks,15195197,2026-09-25T05:34:20+00:00,28.5,standard,pre_game,2026-09-24T16:03:25.772-04:00
395,prizepicks,15195202,2026-09-25T05:34:20+00:00,12.5,standard,pre_game,2026-09-24T16:03:25.821-04:00
396,prizepicks,15195198,2026-09-25T05:34:20+00:00,26.5,standard,pre_game,2026-09-24T16:03:34.024-04:00
397,prizepicks,15195203,2026-09-25T05:34:20+00:00,14.5,standard,pre_game,2026-09-24T16:03:34.066-04:00
398,prizepicks,15200440,2026-09-25T05:34:20+00:00,31.0,standard,pre_game,2026-09-24T15:56:45.350-04:00
399,prizepicks,15200441,2026-09-25T05:34:20+00:00,30.5,standard,pre_game,2026-09-24T23:25:56.856-04:00
400,prizepicks,15200442,2026-09-25T05:34:20+00:00,31.5,standard,pre_game,2026-09-24T21:15:57.398-04:00
401,prizepicks,15200443,2026-09-25T05:34:20+00:00,28.0,standard,pre_game,2026-09-24T15:56:45.350-04:00
402,prizepicks,15200444,2026-09-25T05:34:20+00:00,27.5,standard,pre_game,2026-09-24T15:56:45.350-04:00
403,prizepicks,15200445,2026-09-25T05:34:20+00:00,29.0,standard,pre_game,2026-09-25T00:54:13.968-04:00
404,prizepicks,15200446,2026-09-25T05:34:20+00:00,29.0,standard,pre_game,2026-09-24T15:56:49.989-04:00
405,prizepicks,15200447,2026-09-25T05:34:20+00:00,28.5,standard,pre_game,2026-09-24T15:56:49.989-04:00
406,prizepicks,15200448,2026-09-25T05:34:20+00:00,27.0,standard,pre_game,2026-09-24T15:56:49.989-04:00
407,prizepicks,15200449,2026-09-25T05:34:20+00:00,25.0,standard,pre_game,2026-09-25T00:52:09.885-04:00
408,prizepicks,15200450,2026-09-25T05:34:20+00:00,18.5,standard,pre_game,2026-09-24T15:56:45.350-04:00
409,prizepicks,15200451,2026-09-25T05:34:20+00:00,12.0,standard,pre_game,2026-09-24T23:26:21.751-04:00
410,prizepicks,15200452,2026-09-25T05:34:20+00:00,18.0,standard,pre_game,2026-09-24T15:56:45.350-04:00
411,prizepicks,15200453,2026-09-25T05:34:20+00:00,15.5,standard,pre_game,2026-09-24T21:17:00.442-04:00
412,prizepicks,15200454,2026-09-25T05:34:20+00:00,15.0,standard,pre_game,2026-09-24T15:56:45.350-04:00
413,prizepicks,15200455,2026-09-25T05:34:20+00:00,11.0,standard,pre_game,2026-09-24T15:56:49.989-04:00
414,prizepicks,15200456,2026-09-25T05:34:20+00:00,14.0,standard,pre_game,2026-09-24T15:56:49.989-04:00
415,prizepicks,15200457,2026-09-25T05:34:20+00:00,14.5,standard,pre_game,2026-09-24T15:56:49.989-04:00
416,prizepicks,15200458,2026-09-25T05:34:20+00:00,14.5,standard,pre_game,2026-09-24T15:56:49.989-04:00
417,prizepicks,15200459,2026-09-25T05:34:20+00:00,13.0,standard,pre_game,2026-09-24T23:38:48.109-04:00
418,prizepicks,15213092,2026-09-25T05:34:20+00:00,32.5,standard,pre_game,2026-09-25T00:19:28.750-04:00
419,prizepicks,15213093,2026-09-25T05:34:20+00:00,28.5,standard,pre_game,2026-09-25T00:19:28.750-04:00
420,prizepicks,15213095,2026-09-25T05:34:20+00:00,32.5,standard,pre_game,2026-09-25T00:19:28.750-04:00
421,prizepicks,15213096,2026-09-25T05:34:20+00:00,27.5,standard,pre_game,2026-09-25T00:19:28.750-04:00
422,prizepicks,15213097,2026-09-25T05:34:20+00:00,17.5,standard,pre_game,2026-09-25T00:19:28.750-04:00
423,prizepicks,15213098,2026-09-25T05:34:20+00:00,16.5,standard,pre_game,2026-09-25T00:19:28.750-04:00
424,prizepicks,15213100,2026-09-25T05:34:20+00:00,10.5,standard,pre_game,2026-09-25T00:19:28.750-04:00
425,prizepicks,15213101,2026-09-25T05:34:20+00:00,15.5,standard,pre_game,2026-09-25T00:19:28.750-04:00
426,prizepicks,15192251,2026-09-25T05:34:20+00:00,12.5,standard,pre_game,2026-09-24T11:19:41.642-04:00
427,prizepicks,15192252,2026-09-25T05:34:20+00:00,15.5,standard,pre_game,2026-09-24T11:19:41.642-04:00
428,prizepicks,15192253,2026-09-25T05:34:20+00:00,11.5,standard,pre_game,2026-09-24T11:19:41.642-04:00
429,prizepicks,15192254,2026-09-25T05:34:20+00:00,15.5,standard,pre_game,2026-09-24T11:19:41.642-04:00
430,prizepicks,15192255,2026-09-25T05:34:20+00:00,17.5,standard,pre_game,2026-09-24T11:19:41.642-04:00
431,prizepicks,15192256,2026-09-25T05:34:20+00:00,17.0,standard,pre_game,2026-09-24T11:19:54.746-04:00
432,prizepicks,15192257,2026-09-25T05:34:20+00:00,13.5,standard,pre_game,2026-09-24T11:19:54.746-04:00
433,prizepicks,15192258,2026-09-25T05:34:20+00:00,16.5,standard,pre_game,2026-09-24T11:19:54.746-04:00
434,prizepicks,15192260,2026-09-25T05:34:20+00:00,17.0,standard,pre_game,2026-09-24T11:19:54.746-04:00
435,prizepicks,15192241,2026-09-25T05:34:20+00:00,27.0,standard,pre_game,2026-09-24T11:19:41.642-04:00
436,prizepicks,15192242,2026-09-25T05:34:20+00:00,28.0,standard,pre_game,2026-09-24T11:19:41.642-04:00
437,prizepicks,15192243,2026-09-25T05:34:20+00:00,31.5,standard,pre_game,2026-09-24T11:19:41.642-04:00
438,prizepicks,15192244,2026-09-25T05:34:20+00:00,27.5,standard,pre_game,2026-09-24T14:52:25.785-04:00
439,prizepicks,15192245,2026-09-25T05:34:20+00:00,30.0,standard,pre_game,2026-09-24T17:26:02.563-04:00
440,prizepicks,15192246,2026-09-25T05:34:20+00:00,27.0,standard,pre_game,2026-09-24T11:19:54.746-04:00
441,prizepicks,15192247,2026-09-25T05:34:20+00:00,27.0,standard,pre_game,2026-09-24T11:19:54.746-04:00
442,prizepicks,15192248,2026-09-25T05:34:20+00:00,31.5,standard,pre_game,2026-09-24T11:19:54.746-04:00
443,prizepicks,15192249,2026-09-25T05:34:20+00:00,33.0,standard,pre_game,2026-09-24T17:25:31.089-04:00
444,prizepicks,15192250,2026-09-25T05:34:20+00:00,29.5,standard,pre_game,2026-09-24T11:19:54.746-04:00
445,prizepicks,15194526,2026-09-25T05:34:20+00:00,33.0,standard,pre_game,2026-09-24T12:06:53.570-04:00
446,prizepicks,15194527,2026-09-25T05:34:20+00:00,32.0,standard,pre_game,2026-09-24T12:06:53.570-04:00
447,prizepicks,15194528,2026-09-25T05:34:20+00:00,28.0,standard,pre_game,2026-09-24T12:06:53.570-04:00
448,prizepicks,15194529,2026-09-25T05:34:20+00:00,28.0,standard,pre_game,2026-09-24T12:06:53.570-04:00
449,prizepicks,15194530,2026-09-25T05:34:20+00:00,25.0,standard,pre_game,2026-09-24T14:08:32.752-04:00
450,prizepicks,15194531,2026-09-25T05:34:20+00:00,30.5,standard,pre_game,2026-09-24T17:25:53.231-04:00
451,prizepicks,15194532,2026-09-25T05:34:20+00:00,28.0,standard,pre_game,2026-09-24T12:06:59.211-04:00
452,prizepicks,15194533,2026-09-25T05:34:20+00:00,28.0,standard,pre_game,2026-09-24T12:06:59.211-04:00
453,prizepicks,15194534,2026-09-25T05:34:20+00:00,27.5,standard,pre_game,2026-09-24T12:06:59.211-04:00
454,prizepicks,15194535,2026-09-25T05:34:20+00:00,27.0,standard,pre_game,2026-09-24T12:06:59.211-04:00
455,prizepicks,15194538,2026-09-25T05:34:20+00:00,20.0,standard,pre_game,2026-09-24T12:06:53.570-04:00
456,prizepicks,15194542,2026-09-25T05:34:20+00:00,17.0,standard,pre_game,2026-09-24T23:55:45.816-04:00
457,prizepicks,15194543,2026-09-25T05:34:20+00:00,15.5,standard,pre_game,2026-09-24T12:06:53.570-04:00
458,prizepicks,15194545,2026-09-25T05:34:20+00:00,10.0,standard,pre_game,2026-09-24T12:06:53.570-04:00
459,prizepicks,15194546,2026-09-25T05:34:20+00:00,11.5,standard,pre_game,2026-09-24T17:25:11.251-04:00
460,prizepicks,15194547,2026-09-25T05:34:20+00:00,16.5,standard,pre_game,2026-09-24T15:27:03.304-04:00
461,prizepicks,15194548,2026-09-25T05:34:20+00:00,15.0,standard,pre_game,2026-09-24T12:06:59.211-04:00
462,prizepicks,15194549,2026-09-25T05:34:20+00:00,9.5,standard,pre_game,2026-09-24T12:06:59.211-04:00
463,prizepicks,15194550,2026-09-25T05:34:20+00:00,15.0,standard,pre_game,2026-09-24T12:06:59.211-04:00
464,prizepicks,15194551,2026-09-25T05:34:20+00:00,17.0,standard,pre_game,2026-09-24T12:06:59.211-04:00
465,prizepicks,15200460,2026-09-25T05:34:20+00:00,32.0,standard,pre_game,2026-09-24T15:57:19.856-04:00
466,prizepicks,15200461,2026-09-25T05:34:20+00:00,32.0,standard,pre_game,2026-09-24T15:57:19.856-04:00
467,prizepicks,15200462,2026-09-25T05:34:20+00:00,29.5,standard,pre_game,2026-09-24T15:57:19.856-04:00
468,prizepicks,15200463,2026-09-25T05:34:20+00:00,27.0,standard,pre_game,2026-09-24T15:57:19.856-04:00
469,prizepicks,15200464,2026-09-25T05:34:20+00:00,27.0,standard,pre_game,2026-09-24T15:57:19.856-04:00
470,prizepicks,15200465,2026-09-25T05:34:20+00:00,24.0,standard,pre_game,2026-09-24T16:15:19.996-04:00
471,prizepicks,15200466,2026-09-25T05:34:20+00:00,25.0,standard,pre_game,2026-09-24T16:15:15.959-04:00
472,prizepicks,15200467,2026-09-25T05:34:20+00:00,24.5,standard,pre_game,2026-09-24T23:12:21.975-04:00
473,prizepicks,15200468,2026-09-25T05:34:20+00:00,25.5,standard,pre_game,2026-09-24T15:57:24.152-04:00
474,prizepicks,15200469,2026-09-25T05:34:20+00:00,24.0,standard,pre_game,2026-09-24T15:57:24.152-04:00
475,prizepicks,15200470,2026-09-25T05:34:20+00:00,11.0,standard,pre_game,2026-09-24T15:57:19.856-04:00
476,prizepicks,15200471,2026-09-25T05:34:20+00:00,15.5,standard,pre_game,2026-09-24T15:57:19.856-04:00
477,prizepicks,15200472,2026-09-25T05:34:20+00:00,17.5,standard,pre_game,2026-09-24T15:57:19.856-04:00
478,prizepicks,15200473,2026-09-25T05:34:20+00:00,14.5,standard,pre_game,2026-09-24T15:57:19.856-04:00
479,prizepicks,15200474,2026-09-25T05:34:20+00:00,13.5,standard,pre_game,2026-09-24T15:57:19.856-04:00
480,prizepicks,15200475,2026-09-25T05:34:20+00:00,15.0,standard,pre_game,2026-09-24T22:41:32.110-04:00
481,prizepicks,15200476,2026-09-25T05:34:20+00:00,14.5,standard,pre_game,2026-09-24T15:57:24.152-04:00
482,prizepicks,15200477,2026-09-25T05:34:20+00:00,16.0,standard,pre_game,2026-09-24T15:57:24.152-04:00
483,prizepicks,15200478,2026-09-25T05:34:20+00:00,9.5,standard,pre_game,2026-09-24T15:57:24.152-04:00
484,prizepicks,15200479,2026-09-25T05:34:20+00:00,12.0,standard,pre_game,2026-09-24T15:57:24.152-04:00
485,prizepicks,15198653,2026-09-25T05:34:20+00:00,32.5,standard,pre_game,2026-09-24T15:14:09.253-04:00
486,prizepicks,15198663,2026-09-25T05:34:20+00:00,19.0,standard,pre_game,2026-09-24T21:14:41.428-04:00
487,prizepicks,15198654,2026-09-25T05:34:20+00:00,30.5,standard,pre_game,2026-09-24T15:09:32.851-04:00
488,prizepicks,15198664,2026-09-25T05:34:20+00:00,14.5,standard,pre_game,2026-09-24T15:09:32.851-04:00
489,prizepicks,15198655,2026-09-25T05:34:20+00:00,29.0,standard,pre_game,2026-09-24T15:09:32.851-04:00
490,prizepicks,15198665,2026-09-25T05:34:20+00:00,10.5,standard,pre_game,2026-09-24T15:09:32.851-04:00
491,prizepicks,15198656,2026-09-25T05:34:20+00:00,29.0,standard,pre_game,2026-09-24T15:09:32.851-04:00
492,prizepicks,15198666,2026-09-25T05:34:20+00:00,16.5,standard,pre_game,2026-09-24T15:09:32.851-04:00
493,prizepicks,15198657,2026-09-25T05:34:20+00:00,26.0,standard,pre_game,2026-09-24T15:09:32.851-04:00
494,prizepicks,15198667,2026-09-25T05:34:20+00:00,13.0,standard,pre_game,2026-09-24T15:09:32.851-04:00
495,prizepicks,15198658,2026-09-25T05:34:20+00:00,27.5,standard,pre_game,2026-09-24T15:09:38.410-04:00
496,prizepicks,15198668,2026-09-25T05:34:20+00:00,9.5,standard,pre_game,2026-09-24T15:09:38.410-04:00
497,prizepicks,15198659,2026-09-25T05:34:20+00:00,27.5,standard,pre_game,2026-09-24T15:09:38.410-04:00
498,prizepicks,15198669,2026-09-25T05:34:20+00:00,13.0,standard,pre_game,2026-09-24T23:11:22.405-04:00
499,prizepicks,15198660,2026-09-25T05:34:20+00:00,26.0,standard,pre_game,2026-09-24T15:09:38.410-04:00
500,prizepicks,15198670,2026-09-25T05:34:20+00:00,13.0,standard,pre_game,2026-09-24T15:09:38.410-04:00
501,prizepicks,15198661,2026-09-25T05:34:20+00:00,26.0,standard,pre_game,2026-09-24T15:09:38.410-04:00
502,prizepicks,15198671,2026-09-25T05:34:20+00:00,15.5,standard,pre_game,2026-09-24T15:09:38.410-04:00
503,prizepicks,15198662,2026-09-25T05:34:20+00:00,24.0,standard,pre_game,2026-09-24T23:12:39.431-04:00
504,prizepicks,15198672,2026-09-25T05:34:20+00:00,12.5,standard,pre_game,2026-09-24T16:16:44.278-04:00
505,prizepicks,14889441,2026-09-25T05:35:23+00:00,6.5,standard,pre_game,2026-09-15T16:42:45.410-04:00
506,prizepicks,14893785,2026-09-25T05:35:23+00:00,95.5,standard,pre_game,2026-09-23T23:20:58.384-04:00
507,prizepicks,14889442,2026-09-25T05:35:23+00:00,7.0,standard,pre_game,2026-09-22T10:21:45.891-04:00
508,prizepicks,14893786,2026-09-25T05:35:23+00:00,94.5,standard,pre_game,2026-09-24T17:24:01.783-04:00
509,prizepicks,14893641,2026-09-25T05:35:23+00:00,25.5,standard,pre_game,2026-09-15T19:44:48.493-04:00
510,prizepicks,14893642,2026-09-25T05:35:23+00:00,32.5,standard,pre_game,2026-09-25T00:55:25.620-04:00
511,prizepicks,14893643,2026-09-25T05:35:23+00:00,32.5,standard,pre_game,2026-09-24T17:24:17.835-04:00
512,prizepicks,14893644,2026-09-25T05:35:23+00:00,27.5,standard,pre_game,2026-09-18T22:39:46.277-04:00
513,prizepicks,14893645,2026-09-25T05:35:23+00:00,27.0,standard,pre_game,2026-09-24T21:19:48.895-04:00
514,prizepicks,14893646,2026-09-25T05:35:23+00:00,29.5,standard,pre_game,2026-09-15T16:43:30.696-04:00
515,prizepicks,14893647,2026-09-25T05:35:23+00:00,33.0,standard,pre_game,2026-09-24T17:24:01.873-04:00
516,prizepicks,14893648,2026-09-25T05:35:23+00:00,28.5,standard,pre_game,2026-09-15T16:43:30.696-04:00
517,prizepicks,14893649,2026-09-25T05:35:23+00:00,26.5,standard,pre_game,2026-09-23T18:57:30.420-04:00
518,prizepicks,14893650,2026-09-25T05:35:23+00:00,33.0,standard,pre_game,2026-09-24T17:24:28.402-04:00
519,prizepicks,14889443,2026-09-25T05:35:23+00:00,6.5,standard,pre_game,2026-09-25T00:55:33.590-04:00
520,prizepicks,14893787,2026-09-25T05:35:23+00:00,95.0,standard,pre_game,2026-09-15T16:43:38.576-04:00
521,prizepicks,14893788,2026-09-25T05:35:23+00:00,54.0,standard,pre_game,2026-09-15T16:43:45.411-04:00
522,prizepicks,14893651,2026-09-25T05:35:23+00:00,28.0,standard,pre_game,2026-09-25T01:16:34.319-04:00
523,prizepicks,14893652,2026-09-25T05:35:23+00:00,27.5,standard,pre_game,2026-09-15T16:43:38.576-04:00
524,prizepicks,14893653,2026-09-25T05:35:23+00:00,28.5,standard,pre_game,2026-09-15T19:39:49.144-04:00
525,prizepicks,14893654,2026-09-25T05:35:23+00:00,33.5,standard,pre_game,2026-09-15T16:43:38.576-04:00
526,prizepicks,14893655,2026-09-25T05:35:23+00:00,34.0,standard,pre_game,2026-09-24T22:57:51.052-04:00
527,prizepicks,14893656,2026-09-25T05:35:23+00:00,26.5,standard,pre_game,2026-09-15T16:43:45.411-04:00
528,prizepicks,14893657,2026-09-25T05:35:23+00:00,30.0,standard,pre_game,2026-09-24T17:23:33.393-04:00
529,prizepicks,14893658,2026-09-25T05:35:23+00:00,24.5,standard,pre_game,2026-09-15T16:43:45.411-04:00
530,prizepicks,14893659,2026-09-25T05:35:23+00:00,27.5,standard,pre_game,2026-09-15T16:43:45.411-04:00
531,prizepicks,14893660,2026-09-25T05:35:23+00:00,28.5,standard,pre_game,2026-09-15T16:43:45.411-04:00
532,prizepicks,14889444,2026-09-25T05:35:23+00:00,7.5,standard,pre_game,2026-09-23T23:18:35.181-04:00
533,prizepicks,14893789,2026-09-25T05:35:23+00:00,90.5,standard,pre_game,2026-09-22T10:30:37.173-04:00
534,prizepicks,14893790,2026-09-25T05:35:23+00:00,94.5,standard,pre_game,2026-09-20T20:06:51.078-04:00
535,prizepicks,14893661,2026-09-25T05:35:23+00:00,29.5,standard,pre_game,2026-09-15T19:46:42.682-04:00
536,prizepicks,14893662,2026-09-25T05:35:23+00:00,31.5,standard,pre_game,2026-09-15T19:45:18.094-04:00
537,prizepicks,14893663,2026-09-25T05:35:23+00:00,26.5,standard,pre_game,2026-09-15T16:44:07.102-04:00
538,prizepicks,14893664,2026-09-25T05:35:23+00:00,28.5,standard,pre_game,2026-09-15T16:44:07.102-04:00
539,prizepicks,14893665,2026-09-25T05:35:23+00:00,31.0,standard,pre_game,2026-09-22T17:33:48.439-04:00
540,prizepicks,14893666,2026-09-25T05:35:23+00:00,31.0,standard,pre_game,2026-09-16T20:06:33.663-04:00
541,prizepicks,14893667,2026-09-25T05:35:23+00:00,33.5,standard,pre_game,2026-09-20T20:06:51.038-04:00
542,prizepicks,14893668,2026-09-25T05:35:23+00:00,26.5,standard,pre_game,2026-09-15T16:43:58.006-04:00
543,prizepicks,14893669,2026-09-25T05:35:23+00:00,29.5,standard,pre_game,2026-09-15T16:43:58.006-04:00
544,prizepicks,14893670,2026-09-25T05:35:23+00:00,31.5,standard,pre_game,2026-09-15T16:43:58.006-04:00
545,prizepicks,14889445,2026-09-25T05:35:23+00:00,7.5,standard,pre_game,2026-09-15T16:44:20.483-04:00
546,prizepicks,14893792,2026-09-25T05:35:23+00:00,59.5,standard,pre_game,2026-09-24T23:29:52.674-04:00
547,prizepicks,14893672,2026-09-25T05:35:23+00:00,31.5,standard,pre_game,2026-09-23T23:59:58.956-04:00
548,prizepicks,14893673,2026-09-25T05:35:23+00:00,35.5,standard,pre_game,2026-09-15T19:40:42.526-04:00
549,prizepicks,14893674,2026-09-25T05:35:23+00:00,29.0,standard,pre_game,2026-09-22T20:26:53.680-04:00
550,prizepicks,14893675,2026-09-25T05:35:23+00:00,32.5,standard,pre_game,2026-09-15T16:44:20.483-04:00
551,prizepicks,14893676,2026-09-25T05:35:23+00:00,25.5,standard,pre_game,2026-09-15T19:44:24.606-04:00
552,prizepicks,14893677,2026-09-25T05:35:23+00:00,34.5,standard,pre_game,2026-09-15T16:49:04.005-04:00
553,prizepicks,14893678,2026-09-25T05:35:23+00:00,28.0,standard,pre_game,2026-09-15T19:41:03.824-04:00
554,prizepicks,14893679,2026-09-25T05:35:23+00:00,28.5,standard,pre_game,2026-09-15T19:45:36.562-04:00
555,prizepicks,14893680,2026-09-25T05:35:23+00:00,25.5,standard,pre_game,2026-09-15T16:48:36.355-04:00
556,prizepicks,14889446,2026-09-25T05:35:23+00:00,8.5,standard,pre_game,2026-09-15T16:44:41.745-04:00
557,prizepicks,14893793,2026-09-25T05:35:23+00:00,90.5,standard,pre_game,2026-09-15T16:44:41.745-04:00
558,prizepicks,14893794,2026-09-25T05:35:23+00:00,62.5,standard,pre_game,2026-09-22T10:30:59.953-04:00
559,prizepicks,14893681,2026-09-25T05:35:23+00:00,31.0,standard,pre_game,2026-09-24T23:29:08.801-04:00
560,prizepicks,14893682,2026-09-25T05:35:23+00:00,28.5,standard,pre_game,2026-09-15T19:41:39.730-04:00
561,prizepicks,14893683,2026-09-25T05:35:23+00:00,31.5,standard,pre_game,2026-09-15T16:44:41.745-04:00
562,prizepicks,14893684,2026-09-25T05:35:23+00:00,28.0,standard,pre_game,2026-09-15T16:44:41.745-04:00
563,prizepicks,14893685,2026-09-25T05:35:23+00:00,32.0,standard,pre_game,2026-09-16T20:05:48.179-04:00
564,prizepicks,14893686,2026-09-25T05:35:23+00:00,24.5,standard,pre_game,2026-09-16T20:04:56.117-04:00
565,prizepicks,14893687,2026-09-25T05:35:23+00:00,32.0,standard,pre_game,2026-09-22T17:33:27.384-04:00
566,prizepicks,14893688,2026-09-25T05:35:23+00:00,25.5,standard,pre_game,2026-09-15T16:44:48.797-04:00
567,prizepicks,14893689,2026-09-25T05:35:23+00:00,32.0,standard,pre_game,2026-09-24T17:24:42.042-04:00
568,prizepicks,14893690,2026-09-25T05:35:23+00:00,27.5,standard,pre_game,2026-09-15T16:48:12.189-04:00
569,prizepicks,14889447,2026-09-25T05:35:23+00:00,7.5,standard,pre_game,2026-09-15T16:45:43.494-04:00
570,prizepicks,14893795,2026-09-25T05:35:23+00:00,88.0,standard,pre_game,2026-09-21T02:33:55.383-04:00
571,prizepicks,14893796,2026-09-25T05:35:23+00:00,54.0,standard,pre_game,2026-09-15T16:45:28.279-04:00
572,prizepicks,14893691,2026-09-25T05:35:23+00:00,28.5,standard,pre_game,2026-09-15T19:42:02.481-04:00
573,prizepicks,14893692,2026-09-25T05:35:23+00:00,24.0,standard,pre_game,2026-09-22T17:34:17.243-04:00
574,prizepicks,14893693,2026-09-25T05:35:23+00:00,27.5,standard,pre_game,2026-09-15T16:45:28.279-04:00
575,prizepicks,14893694,2026-09-25T05:35:23+00:00,31.5,standard,pre_game,2026-09-15T16:45:28.279-04:00
576,prizepicks,14893695,2026-09-25T05:35:23+00:00,26.5,standard,pre_game,2026-09-15T16:45:28.279-04:00
577,prizepicks,14893696,2026-09-25T05:35:23+00:00,27.5,standard,pre_game,2026-09-15T16:45:43.494-04:00
578,prizepicks,14893697,2026-09-25T05:35:23+00:00,29.5,standard,pre_game,2026-09-15T16:45:43.494-04:00
579,prizepicks,14893698,2026-09-25T05:35:23+00:00,31.0,standard,pre_game,2026-09-21T02:33:55.336-04:00
580,prizepicks,14893699,2026-09-25T05:35:23+00:00,26.5,standard,pre_game,2026-09-15T16:45:43.494-04:00
581,prizepicks,14893700,2026-09-25T05:35:23+00:00,33.5,standard,pre_game,2026-09-15T16:45:43.494-04:00
582,prizepicks,15193939,2026-09-25T05:35:23+00:00,91.0,standard,pre_game,2026-09-24T11:52:08.332-04:00
583,prizepicks,15193940,2026-09-25T05:35:23+00:00,61.0,standard,pre_game,2026-09-24T11:52:08.332-04:00
584,prizepicks,15193848,2026-09-25T05:35:23+00:00,29.5,standard,pre_game,2026-09-24T11:52:08.332-04:00
585,prizepicks,15193851,2026-09-25T05:35:23+00:00,29.5,standard,pre_game,2026-09-24T11:52:08.332-04:00
586,prizepicks,15193853,2026-09-25T05:35:23+00:00,30.5,standard,pre_game,2026-09-24T11:52:08.332-04:00
587,prizepicks,15193854,2026-09-25T05:35:23+00:00,31.5,standard,pre_game,2026-09-24T11:52:08.332-04:00
588,prizepicks,15193855,2026-09-25T05:35:23+00:00,29.5,standard,pre_game,2026-09-24T12:09:43.359-04:00
589,prizepicks,15193856,2026-09-25T05:35:23+00:00,32.0,standard,pre_game,2026-09-24T11:52:08.332-04:00
590,prizepicks,15193857,2026-09-25T05:35:23+00:00,28.5,standard,pre_game,2026-09-24T11:52:08.332-04:00
591,prizepicks,15193858,2026-09-25T05:35:23+00:00,29.5,standard,pre_game,2026-09-24T11:52:08.332-04:00
592,prizepicks,15193859,2026-09-25T05:35:23+00:00,29.5,standard,pre_game,2026-09-24T11:52:08.332-04:00
593,prizepicks,15193860,2026-09-25T05:35:23+00:00,32.5,standard,pre_game,2026-09-24T12:13:30.387-04:00
594,prizepicks,15193941,2026-09-25T05:35:23+00:00,93.0,standard,pre_game,2026-09-24T11:52:08.332-04:00
595,prizepicks,15193861,2026-09-25T05:35:23+00:00,23.5,standard,pre_game,2026-09-24T11:52:08.332-04:00
596,prizepicks,15193862,2026-09-25T05:35:23+00:00,32.5,standard,pre_game,2026-09-24T23:30:31.801-04:00
597,prizepicks,15193863,2026-09-25T05:35:23+00:00,26.0,standard,pre_game,2026-09-24T11:52:08.332-04:00
598,prizepicks,15193864,2026-09-25T05:35:23+00:00,30.5,standard,pre_game,2026-09-24T11:52:08.332-04:00
599,prizepicks,15193865,2026-09-25T05:35:23+00:00,24.5,standard,pre_game,2026-09-24T11:52:08.332-04:00
600,prizepicks,15193866,2026-09-25T05:35:23+00:00,31.5,standard,pre_game,2026-09-24T11:52:08.332-04:00
601,prizepicks,15193867,2026-09-25T05:35:23+00:00,27.5,standard,pre_game,2026-09-24T11:52:08.332-04:00
602,prizepicks,15193868,2026-09-25T05:35:23+00:00,25.5,standard,pre_game,2026-09-24T11:52:08.332-04:00
603,prizepicks,15193869,2026-09-25T05:35:23+00:00,34.0,standard,pre_game,2026-09-24T11:52:08.332-04:00
604,prizepicks,15199438,2026-09-25T05:36:52+00:00,11.5,standard,pre_game,2026-09-24T15:30:05.637-04:00
605,prizepicks,15199439,2026-09-25T05:36:52+00:00,11.0,standard,pre_game,2026-09-24T15:30:05.637-04:00
606,prizepicks,15199440,2026-09-25T05:36:52+00:00,7.5,standard,pre_game,2026-09-24T15:30:05.637-04:00
607,prizepicks,15199441,2026-09-25T05:36:52+00:00,4.0,standard,pre_game,2026-09-24T15:30:05.637-04:00
608,prizepicks,15199442,2026-09-25T05:36:52+00:00,4.5,standard,pre_game,2026-09-24T15:30:05.637-04:00
609,prizepicks,15199443,2026-09-25T05:36:52+00:00,17.0,standard,pre_game,2026-09-24T17:22:01.049-04:00
610,prizepicks,15199444,2026-09-25T05:36:52+00:00,16.5,standard,pre_game,2026-09-24T15:30:10.635-04:00
611,prizepicks,15199445,2026-09-25T05:36:52+00:00,11.5,standard,pre_game,2026-09-24T15:30:10.635-04:00
612,prizepicks,15199446,2026-09-25T05:36:52+00:00,7.5,standard,pre_game,2026-09-24T15:30:10.635-04:00
613,prizepicks,15199447,2026-09-25T05:36:52+00:00,7.0,standard,pre_game,2026-09-24T21:21:29.454-04:00
614,prizepicks,15199448,2026-09-25T05:36:52+00:00,13.0,standard,pre_game,2026-09-24T15:30:24.732-04:00
615,prizepicks,15199449,2026-09-25T05:36:52+00:00,14.0,standard,pre_game,2026-09-24T15:30:24.732-04:00
616,prizepicks,15199450,2026-09-25T05:36:52+00:00,7.5,standard,pre_game,2026-09-24T15:30:24.732-04:00
617,prizepicks,15199451,2026-09-25T05:36:52+00:00,6.0,standard,pre_game,2026-09-24T15:30:24.732-04:00
618,prizepicks,15199452,2026-09-25T05:36:52+00:00,5.5,standard,pre_game,2026-09-24T15:30:24.732-04:00
619,prizepicks,15199453,2026-09-25T05:36:52+00:00,15.5,standard,pre_game,2026-09-24T15:30:28.479-04:00
620,prizepicks,15199454,2026-09-25T05:36:52+00:00,17.0,standard,pre_game,2026-09-24T15:30:28.479-04:00
621,prizepicks,15199455,2026-09-25T05:36:52+00:00,11.5,standard,pre_game,2026-09-24T21:21:09.227-04:00
622,prizepicks,15199456,2026-09-25T05:36:52+00:00,7.0,standard,pre_game,2026-09-24T16:22:39.246-04:00
623,prizepicks,15199457,2026-09-25T05:36:52+00:00,7.0,standard,pre_game,2026-09-24T15:30:28.479-04:00
624,prizepicks,15199458,2026-09-25T05:36:52+00:00,15.5,standard,pre_game,2026-09-25T00:51:03.259-04:00
625,prizepicks,15199459,2026-09-25T05:36:52+00:00,14.0,standard,pre_game,2026-09-25T01:31:03.783-04:00
626,prizepicks,15199460,2026-09-25T05:36:52+00:00,9.5,standard,pre_game,2026-09-24T15:31:21.574-04:00
627,prizepicks,15199461,2026-09-25T05:36:52+00:00,7.0,standard,pre_game,2026-09-24T17:22:28.729-04:00
628,prizepicks,15199462,2026-09-25T05:36:52+00:00,6.0,standard,pre_game,2026-09-24T15:31:21.574-04:00
629,prizepicks,15199463,2026-09-25T05:36:52+00:00,13.5,standard,pre_game,2026-09-24T15:31:26.439-04:00
630,prizepicks,15199464,2026-09-25T05:36:52+00:00,13.5,standard,pre_game,2026-09-24T15:31:26.439-04:00
631,prizepicks,15199465,2026-09-25T05:36:52+00:00,8.0,standard,pre_game,2026-09-24T15:31:26.439-04:00
632,prizepicks,15199466,2026-09-25T05:36:52+00:00,5.0,standard,pre_game,2026-09-24T15:31:26.439-04:00
633,prizepicks,15199467,2026-09-25T05:36:52+00:00,4.5,standard,pre_game,2026-09-24T15:31:26.439-04:00
634,prizepicks,15199468,2026-09-25T05:36:52+00:00,17.0,standard,pre_game,2026-09-24T22:10:31.020-04:00
635,prizepicks,15199469,2026-09-25T05:36:52+00:00,16.5,standard,pre_game,2026-09-25T01:31:15.503-04:00
636,prizepicks,15199470,2026-09-25T05:36:52+00:00,13.5,standard,pre_game,2026-09-24T22:10:31.020-04:00
637,prizepicks,15199471,2026-09-25T05:36:52+00:00,7.0,standard,pre_game,2026-09-24T22:10:31.020-04:00
638,prizepicks,15199472,2026-09-25T05:36:52+00:00,5.5,standard,pre_game,2026-09-24T22:10:31.020-04:00
639,prizepicks,15199473,2026-09-25T05:36:52+00:00,13.5,standard,pre_game,2026-09-24T15:31:30.651-04:00
640,prizepicks,15199474,2026-09-25T05:36:52+00:00,14.0,standard,pre_game,2026-09-24T16:03:03.191-04:00
641,prizepicks,15199475,2026-09-25T05:36:52+00:00,11.5,standard,pre_game,2026-09-24T16:07:01.830-04:00
642,prizepicks,15199476,2026-09-25T05:36:52+00:00,6.0,standard,pre_game,2026-09-24T15:31:30.651-04:00
643,prizepicks,15199477,2026-09-25T05:36:52+00:00,5.0,standard,pre_game,2026-09-24T15:31:30.651-04:00
644,prizepicks,15198016,2026-09-25T12:41:46+00:00,32.5,standard,pre_game,2026-09-24T14:44:03.407-04:00
645,prizepicks,15198017,2026-09-25T12:41:46+00:00,27.5,standard,pre_game,2026-09-24T14:44:03.407-04:00
646,prizepicks,15198018,2026-09-25T12:41:46+00:00,22.5,standard,pre_game,2026-09-24T22:27:48.005-04:00
647,prizepicks,15198019,2026-09-25T12:41:46+00:00,18.5,standard,pre_game,2026-09-24T22:27:11.430-04:00
648,prizepicks,15198571,2026-09-25T12:41:46+00:00,10.5,demon,pre_game,2026-09-24T14:57:03.486-04:00
649,prizepicks,15197798,2026-09-25T12:41:46+00:00,8.5,standard,pre_game,2026-09-24T14:44:03.407-04:00
650,prizepicks,15198572,2026-09-25T12:41:46+00:00,6.5,goblin,pre_game,2026-09-24T14:57:03.740-04:00
651,prizepicks,15198493,2026-09-25T12:41:46+00:00,14.5,demon,pre_game,2026-09-24T14:52:23.507-04:00
652,prizepicks,15197799,2026-09-25T12:41:46+00:00,12.5,standard,pre_game,2026-09-24T14:44:03.407-04:00
653,prizepicks,15198494,2026-09-25T12:41:46+00:00,10.5,goblin,pre_game,2026-09-24T14:52:23.597-04:00
654,prizepicks,15198799,2026-09-25T12:41:46+00:00,14.5,demon,pre_game,2026-09-24T15:04:31.551-04:00
655,prizepicks,15197800,2026-09-25T12:41:46+00:00,11.5,standard,pre_game,2026-09-24T14:44:03.407-04:00
656,prizepicks,15198800,2026-09-25T12:41:46+00:00,8.5,goblin,pre_game,2026-09-24T15:04:31.614-04:00
657,prizepicks,15198842,2026-09-25T12:41:46+00:00,18.5,demon,pre_game,2026-09-24T15:06:07.578-04:00
658,prizepicks,15197801,2026-09-25T12:41:46+00:00,15.5,standard,pre_game,2026-09-24T14:44:03.407-04:00
659,prizepicks,15198843,2026-09-25T12:41:46+00:00,12.5,goblin,pre_game,2026-09-24T15:06:07.652-04:00
660,prizepicks,15197973,2026-09-25T12:41:46+00:00,2.5,demon,pre_game,2026-09-24T14:44:03.407-04:00
661,prizepicks,15198729,2026-09-25T12:41:46+00:00,9.5,demon,pre_game,2026-09-24T15:01:02.182-04:00
662,prizepicks,15197803,2026-09-25T12:41:46+00:00,7.0,standard,pre_game,2026-09-24T17:10:44.778-04:00
663,prizepicks,15198730,2026-09-25T12:41:46+00:00,5.5,goblin,pre_game,2026-09-24T15:01:02.257-04:00
664,prizepicks,15198488,2026-09-25T12:41:46+00:00,9.5,demon,pre_game,2026-09-24T14:51:33.359-04:00
665,prizepicks,15197804,2026-09-25T12:41:46+00:00,7.0,standard,pre_game,2026-09-24T22:27:40.342-04:00
666,prizepicks,15198489,2026-09-25T12:41:46+00:00,5.5,goblin,pre_game,2026-09-24T14:51:33.416-04:00
667,prizepicks,15198468,2026-09-25T12:41:46+00:00,11.5,demon,pre_game,2026-09-24T15:52:25.506-04:00
668,prizepicks,15197805,2026-09-25T12:41:46+00:00,8.5,standard,pre_game,2026-09-24T15:48:00.789-04:00
669,prizepicks,15198469,2026-09-25T12:41:46+00:00,5.5,goblin,pre_game,2026-09-24T15:52:28.245-04:00
670,prizepicks,15198922,2026-09-25T12:41:46+00:00,13.5,demon,pre_game,2026-09-24T15:07:35.389-04:00
671,prizepicks,15197806,2026-09-25T12:41:46+00:00,10.0,standard,pre_game,2026-09-24T22:27:11.373-04:00
672,prizepicks,15198923,2026-09-25T12:41:46+00:00,7.5,goblin,pre_game,2026-09-24T15:07:35.441-04:00
673,prizepicks,15197990,2026-09-25T12:41:46+00:00,1.5,goblin,pre_game,2026-09-24T14:43:54.424-04:00
674,prizepicks,15213122,2026-09-25T12:41:59+00:00,15.0,standard,pre_game,2026-09-25T00:03:14.793-04:00
675,prizepicks,15213123,2026-09-25T12:41:59+00:00,15.0,standard,pre_game,2026-09-25T00:03:14.816-04:00
676,prizepicks,15213124,2026-09-25T12:41:59+00:00,13.5,standard,pre_game,2026-09-25T00:03:14.834-04:00
677,prizepicks,15213125,2026-09-25T12:41:59+00:00,15.5,standard,pre_game,2026-09-25T00:03:14.853-04:00
678,prizepicks,15213126,2026-09-25T12:41:59+00:00,14.0,standard,pre_game,2026-09-25T00:03:14.872-04:00
679,prizepicks,15213127,2026-09-25T12:41:59+00:00,16.0,standard,pre_game,2026-09-25T00:03:14.890-04:00
680,prizepicks,15213128,2026-09-25T12:41:59+00:00,13.0,standard,pre_game,2026-09-25T00:03:14.908-04:00
681,prizepicks,15213129,2026-09-25T12:41:59+00:00,14.0,standard,pre_game,2026-09-25T00:03:14.926-04:00
682,prizepicks,15213130,2026-09-25T12:41:59+00:00,13.5,standard,pre_game,2026-09-25T00:03:14.943-04:00
683,prizepicks,15213132,2026-09-25T12:41:59+00:00,4.5,standard,pre_game,2026-09-25T00:03:14.985-04:00
684,prizepicks,15213133,2026-09-25T12:41:59+00:00,8.5,standard,pre_game,2026-09-25T00:03:15.004-04:00
685,prizepicks,15213134,2026-09-25T12:41:59+00:00,7.5,standard,pre_game,2026-09-25T00:03:15.025-04:00
686,prizepicks,15213135,2026-09-25T12:41:59+00:00,9.0,standard,pre_game,2026-09-25T00:03:15.045-04:00
687,prizepicks,15213136,2026-09-25T12:41:59+00:00,8.0,standard,pre_game,2026-09-25T00:03:15.063-04:00
688,prizepicks,15213137,2026-09-25T12:41:59+00:00,9.0,standard,pre_game,2026-09-25T00:03:15.081-04:00
689,prizepicks,15213138,2026-09-25T12:41:59+00:00,5.0,standard,pre_game,2026-09-25T00:03:15.100-04:00
690,prizepicks,15213139,2026-09-25T12:41:59+00:00,7.5,standard,pre_game,2026-09-25T00:03:15.117-04:00
691,prizepicks,15213140,2026-09-25T12:41:59+00:00,7.0,standard,pre_game,2026-09-25T00:03:15.135-04:00
692,prizepicks,15213661,2026-09-25T12:41:59+00:00,30.5,standard,pre_game,2026-09-25T01:51:07.944-04:00
693,prizepicks,15213666,2026-09-25T12:41:59+00:00,18.5,standard,pre_game,2026-09-25T00:48:23.327-04:00
694,prizepicks,15201739,2026-09-25T12:41:59+00:00,31.5,standard,pre_game,2026-09-24T17:11:16.067-04:00
695,prizepicks,15213662,2026-09-25T12:41:59+00:00,26.5,standard,pre_game,2026-09-25T00:48:23.327-04:00
696,prizepicks,15213667,2026-09-25T12:41:59+00:00,16.5,standard,pre_game,2026-09-25T00:48:23.327-04:00
697,prizepicks,15201740,2026-09-25T12:41:59+00:00,30.5,standard,pre_game,2026-09-24T18:31:04.846-04:00
698,prizepicks,15213663,2026-09-25T12:41:59+00:00,27.5,standard,pre_game,2026-09-25T00:48:23.327-04:00
699,prizepicks,15213668,2026-09-25T12:41:59+00:00,15.5,standard,pre_game,2026-09-25T00:48:23.327-04:00
700,prizepicks,15201741,2026-09-25T12:41:59+00:00,26.5,standard,pre_game,2026-09-24T18:17:59.977-04:00
701,prizepicks,15213664,2026-09-25T12:41:59+00:00,32.5,standard,pre_game,2026-09-25T00:48:23.327-04:00
702,prizepicks,15213669,2026-09-25T12:41:59+00:00,11.5,standard,pre_game,2026-09-25T00:48:23.327-04:00
703,prizepicks,15201742,2026-09-25T12:41:59+00:00,29.5,standard,pre_game,2026-09-24T17:11:16.067-04:00
704,prizepicks,15213665,2026-09-25T12:41:59+00:00,29.5,standard,pre_game,2026-09-25T00:48:23.327-04:00
705,prizepicks,15213670,2026-09-25T12:41:59+00:00,18.5,standard,pre_game,2026-09-25T00:48:23.327-04:00
706,prizepicks,15201743,2026-09-25T12:41:59+00:00,29.5,standard,pre_game,2026-09-24T17:11:16.067-04:00
707,prizepicks,15201744,2026-09-25T12:41:59+00:00,19.5,standard,pre_game,2026-09-24T17:11:16.067-04:00
708,prizepicks,15201745,2026-09-25T12:41:59+00:00,18.5,standard,pre_game,2026-09-24T17:11:16.067-04:00
709,prizepicks,15201746,2026-09-25T12:41:59+00:00,15.5,standard,pre_game,2026-09-25T07:47:18.362-04:00
710,prizepicks,15201747,2026-09-25T12:41:59+00:00,15.5,standard,pre_game,2026-09-24T23:22:47.356-04:00
711,prizepicks,15201748,2026-09-25T12:41:59+00:00,12.0,standard,pre_game,2026-09-24T17:11:16.067-04:00
712,prizepicks,15214351,2026-09-25T12:41:59+00:00,29.5,standard,pre_game,2026-09-25T00:50:19.443-04:00
713,prizepicks,15214355,2026-09-25T12:41:59+00:00,10.5,standard,pre_game,2026-09-25T00:50:19.443-04:00
714,prizepicks,15214352,2026-09-25T12:41:59+00:00,29.5,standard,pre_game,2026-09-25T00:50:19.443-04:00
715,prizepicks,15214356,2026-09-25T12:41:59+00:00,16.5,standard,pre_game,2026-09-25T00:50:19.443-04:00
716,prizepicks,15214353,2026-09-25T12:41:59+00:00,28.5,standard,pre_game,2026-09-25T00:50:19.443-04:00
717,prizepicks,15214357,2026-09-25T12:41:59+00:00,14.5,standard,pre_game,2026-09-25T00:50:19.443-04:00
718,prizepicks,15214354,2026-09-25T12:41:59+00:00,28.5,standard,pre_game,2026-09-25T00:50:19.443-04:00
719,prizepicks,15214358,2026-09-25T12:41:59+00:00,18.5,standard,pre_game,2026-09-25T00:50:19.443-04:00
720,prizepicks,15200556,2026-09-25T12:41:59+00:00,28.5,standard,pre_game,2026-09-24T16:06:16.219-04:00
721,prizepicks,15200557,2026-09-25T12:41:59+00:00,32.5,standard,pre_game,2026-09-24T16:06:16.219-04:00
722,prizepicks,15200558,2026-09-25T12:41:59+00:00,27.5,standard,pre_game,2026-09-24T16:06:16.219-04:00
723,prizepicks,15200559,2026-09-25T12:41:59+00:00,30.5,standard,pre_game,2026-09-24T16:06:16.219-04:00
724,prizepicks,15200560,2026-09-25T12:41:59+00:00,28.5,standard,pre_game,2026-09-24T16:06:16.219-04:00
725,prizepicks,15200561,2026-09-25T12:41:59+00:00,9.5,standard,pre_game,2026-09-24T16:06:16.219-04:00
726,prizepicks,15200562,2026-09-25T12:41:59+00:00,16.5,standard,pre_game,2026-09-24T16:06:16.219-04:00
727,prizepicks,15200563,2026-09-25T12:41:59+00:00,15.5,standard,pre_game,2026-09-24T16:06:16.219-04:00
728,prizepicks,15200564,2026-09-25T12:41:59+00:00,17.5,standard,pre_game,2026-09-24T16:06:16.219-04:00
729,prizepicks,15194486,2026-09-25T12:41:59+00:00,31.0,standard,pre_game,2026-09-25T08:41:22.337-04:00
730,prizepicks,15194487,2026-09-25T12:41:59+00:00,30.0,standard,pre_game,2026-09-25T08:41:22.337-04:00
731,prizepicks,15194488,2026-09-25T12:41:59+00:00,29.0,standard,pre_game,2026-09-25T08:41:22.337-04:00
732,prizepicks,15194489,2026-09-25T12:41:59+00:00,28.5,standard,pre_game,2026-09-25T08:41:22.337-04:00
733,prizepicks,15194490,2026-09-25T12:41:59+00:00,27.0,standard,pre_game,2026-09-25T08:41:22.337-04:00
734,prizepicks,15194491,2026-09-25T12:41:59+00:00,30.0,standard,pre_game,2026-09-25T08:41:22.337-04:00
735,prizepicks,15194492,2026-09-25T12:41:59+00:00,30.0,standard,pre_game,2026-09-25T08:41:22.337-04:00
736,prizepicks,15194493,2026-09-25T12:41:59+00:00,28.5,standard,pre_game,2026-09-25T08:41:22.337-04:00
737,prizepicks,15194494,2026-09-25T12:41:59+00:00,29.0,standard,pre_game,2026-09-25T08:41:22.337-04:00
738,prizepicks,15194495,2026-09-25T12:41:59+00:00,26.5,standard,pre_game,2026-09-25T08:41:22.337-04:00
739,prizepicks,15194496,2026-09-25T12:41:59+00:00,9.5,standard,pre_game,2026-09-25T08:41:22.337-04:00
740,prizepicks,15194497,2026-09-25T12:41:59+00:00,17.0,standard,pre_game,2026-09-25T08:41:22.337-04:00
741,prizepicks,15194498,2026-09-25T12:41:59+00:00,16.5,standard,pre_game,2026-09-25T08:41:22.337-04:00
742,prizepicks,15194499,2026-09-25T12:41:59+00:00,16.5,standard,pre_game,2026-09-25T08:41:22.337-04:00
743,prizepicks,15194500,2026-09-25T12:41:59+00:00,15.5,standard,pre_game,2026-09-25T08:41:22.337-04:00
744,prizepicks,15194501,2026-09-25T12:41:59+00:00,11.5,standard,pre_game,2026-09-25T08:41:22.337-04:00
745,prizepicks,15194502,2026-09-25T12:41:59+00:00,18.0,standard,pre_game,2026-09-25T08:41:22.337-04:00
746,prizepicks,15194503,2026-09-25T12:41:59+00:00,14.5,standard,pre_game,2026-09-25T08:41:22.337-04:00
747,prizepicks,15194504,2026-09-25T12:41:59+00:00,17.5,standard,pre_game,2026-09-25T08:41:22.337-04:00
748,prizepicks,15194505,2026-09-25T12:41:59+00:00,16.5,standard,pre_game,2026-09-25T08:41:22.337-04:00
749,prizepicks,15213072,2026-09-25T12:41:59+00:00,29.5,standard,pre_game,2026-09-25T00:18:42.669-04:00
750,prizepicks,15213073,2026-09-25T12:41:59+00:00,24.5,standard,pre_game,2026-09-25T00:18:42.669-04:00
751,prizepicks,15213074,2026-09-25T12:41:59+00:00,31.5,standard,pre_game,2026-09-25T00:18:42.669-04:00
752,prizepicks,15213075,2026-09-25T12:41:59+00:00,32.5,standard,pre_game,2026-09-25T00:18:42.669-04:00
753,prizepicks,15213076,2026-09-25T12:41:59+00:00,30.5,standard,pre_game,2026-09-25T00:18:42.669-04:00
754,prizepicks,15213077,2026-09-25T12:41:59+00:00,24.5,standard,pre_game,2026-09-25T00:18:48.803-04:00
755,prizepicks,15213078,2026-09-25T12:41:59+00:00,27.5,standard,pre_game,2026-09-25T00:18:48.803-04:00
756,prizepicks,15213079,2026-09-25T12:41:59+00:00,29.5,standard,pre_game,2026-09-25T01:53:34.052-04:00
757,prizepicks,15213080,2026-09-25T12:41:59+00:00,27.5,standard,pre_game,2026-09-25T00:18:48.803-04:00
758,prizepicks,15213081,2026-09-25T12:41:59+00:00,27.5,standard,pre_game,2026-09-25T00:18:48.803-04:00
759,prizepicks,15213083,2026-09-25T12:41:59+00:00,14.0,standard,pre_game,2026-09-25T01:42:35.045-04:00
760,prizepicks,15213084,2026-09-25T12:41:59+00:00,21.5,standard,pre_game,2026-09-25T00:18:42.669-04:00
761,prizepicks,15213085,2026-09-25T12:41:59+00:00,18.5,standard,pre_game,2026-09-25T00:18:42.669-04:00
762,prizepicks,15213086,2026-09-25T12:41:59+00:00,16.5,standard,pre_game,2026-09-25T00:18:42.669-04:00
763,prizepicks,15213087,2026-09-25T12:41:59+00:00,11.5,standard,pre_game,2026-09-25T00:18:48.803-04:00
764,prizepicks,15213088,2026-09-25T12:41:59+00:00,13.5,standard,pre_game,2026-09-25T00:18:48.803-04:00
765,prizepicks,15213089,2026-09-25T12:41:59+00:00,15.5,standard,pre_game,2026-09-25T08:39:45.516-04:00
766,prizepicks,15213090,2026-09-25T12:41:59+00:00,14.5,standard,pre_game,2026-09-25T00:18:48.803-04:00
767,prizepicks,15213091,2026-09-25T12:41:59+00:00,9.5,standard,pre_game,2026-09-25T00:18:48.803-04:00
768,prizepicks,15195574,2026-09-25T12:41:59+00:00,28.5,standard,pre_game,2026-09-25T01:25:12.318-04:00
769,prizepicks,15195575,2026-09-25T12:41:59+00:00,31.5,standard,pre_game,2026-09-25T01:25:12.318-04:00
770,prizepicks,15195576,2026-09-25T12:41:59+00:00,31.5,standard,pre_game,2026-09-25T01:25:12.318-04:00
771,prizepicks,15195577,2026-09-25T12:41:59+00:00,31.5,standard,pre_game,2026-09-25T01:25:12.318-04:00
772,prizepicks,15195579,2026-09-25T12:41:59+00:00,25.5,standard,pre_game,2026-09-25T01:25:12.318-04:00
773,prizepicks,15195580,2026-09-25T12:41:59+00:00,16.5,standard,pre_game,2026-09-25T01:25:12.318-04:00
774,prizepicks,15195581,2026-09-25T12:41:59+00:00,10.5,standard,pre_game,2026-09-25T01:25:12.318-04:00
775,prizepicks,15195582,2026-09-25T12:41:59+00:00,21.5,standard,pre_game,2026-09-25T01:25:12.318-04:00
776,prizepicks,15195583,2026-09-25T12:41:59+00:00,18.5,standard,pre_game,2026-09-25T01:25:12.318-04:00
777,prizepicks,15195584,2026-09-25T12:41:59+00:00,13.5,standard,pre_game,2026-09-25T01:25:12.318-04:00
778,prizepicks,15192285,2026-09-25T12:41:59+00:00,12.5,standard,pre_game,2026-09-25T08:31:05.301-04:00
779,prizepicks,15192286,2026-09-25T12:41:59+00:00,16.0,standard,pre_game,2026-09-25T08:31:05.301-04:00
780,prizepicks,15192287,2026-09-25T12:41:59+00:00,14.5,standard,pre_game,2026-09-25T08:31:05.301-04:00
781,prizepicks,15192288,2026-09-25T12:41:59+00:00,16.0,standard,pre_game,2026-09-25T08:31:05.301-04:00
782,prizepicks,15192289,2026-09-25T12:41:59+00:00,13.5,standard,pre_game,2026-09-25T08:31:05.301-04:00
783,prizepicks,15192290,2026-09-25T12:41:59+00:00,6.5,standard,pre_game,2026-09-25T08:31:05.301-04:00
784,prizepicks,15192291,2026-09-25T12:41:59+00:00,8.5,standard,pre_game,2026-09-25T08:31:05.301-04:00
785,prizepicks,15192292,2026-09-25T12:41:59+00:00,8.0,standard,pre_game,2026-09-25T08:31:05.301-04:00
786,prizepicks,15192293,2026-09-25T12:41:59+00:00,9.5,standard,pre_game,2026-09-25T08:31:05.301-04:00
787,prizepicks,15192294,2026-09-25T12:41:59+00:00,5.5,standard,pre_game,2026-09-25T08:31:05.301-04:00
788,prizepicks,15194506,2026-09-25T12:41:59+00:00,33.0,standard,pre_game,2026-09-25T02:22:15.489-04:00
789,prizepicks,15194507,2026-09-25T12:41:59+00:00,29.5,standard,pre_game,2026-09-24T16:09:56.865-04:00
790,prizepicks,15194508,2026-09-25T12:41:59+00:00,28.5,standard,pre_game,2026-09-24T16:11:56.746-04:00
791,prizepicks,15194509,2026-09-25T12:41:59+00:00,28.5,standard,pre_game,2026-09-24T17:26:47.170-04:00
792,prizepicks,15194510,2026-09-25T12:41:59+00:00,27.0,standard,pre_game,2026-09-24T12:06:24.571-04:00
793,prizepicks,15194511,2026-09-25T12:41:59+00:00,29.0,standard,pre_game,2026-09-24T12:06:27.494-04:00
794,prizepicks,15194512,2026-09-25T12:41:59+00:00,27.5,standard,pre_game,2026-09-24T16:12:10.455-04:00
795,prizepicks,15194513,2026-09-25T12:41:59+00:00,27.5,standard,pre_game,2026-09-24T12:06:27.494-04:00
796,prizepicks,15194514,2026-09-25T12:41:59+00:00,26.5,standard,pre_game,2026-09-24T12:06:27.494-04:00
797,prizepicks,15194515,2026-09-25T12:41:59+00:00,25.0,standard,pre_game,2026-09-24T12:06:27.494-04:00
798,prizepicks,15194516,2026-09-25T12:41:59+00:00,21.0,standard,pre_game,2026-09-24T23:09:23.770-04:00
799,prizepicks,15194517,2026-09-25T12:41:59+00:00,12.5,standard,pre_game,2026-09-24T12:06:24.571-04:00
800,prizepicks,15194518,2026-09-25T12:41:59+00:00,17.5,standard,pre_game,2026-09-24T12:06:24.571-04:00
801,prizepicks,15194519,2026-09-25T12:41:59+00:00,18.0,standard,pre_game,2026-09-25T00:54:52.330-04:00
802,prizepicks,15194520,2026-09-25T12:41:59+00:00,16.0,standard,pre_game,2026-09-24T12:06:24.571-04:00
803,prizepicks,15194521,2026-09-25T12:41:59+00:00,16.0,standard,pre_game,2026-09-25T01:54:44.158-04:00
804,prizepicks,15194522,2026-09-25T12:41:59+00:00,13.5,standard,pre_game,2026-09-24T16:36:01.498-04:00
805,prizepicks,15194523,2026-09-25T12:41:59+00:00,14.5,standard,pre_game,2026-09-24T16:09:55.491-04:00
806,prizepicks,15194524,2026-09-25T12:41:59+00:00,9.5,standard,pre_game,2026-09-24T12:06:27.494-04:00
807,prizepicks,15194525,2026-09-25T12:41:59+00:00,13.0,standard,pre_game,2026-09-25T01:52:24.261-04:00
808,prizepicks,15192221,2026-09-25T12:41:59+00:00,27.5,standard,pre_game,2026-09-24T11:19:10.065-04:00
809,prizepicks,15192222,2026-09-25T12:41:59+00:00,29.5,standard,pre_game,2026-09-24T11:19:10.065-04:00
810,prizepicks,15192223,2026-09-25T12:41:59+00:00,30.5,standard,pre_game,2026-09-24T23:28:19.626-04:00
811,prizepicks,15192224,2026-09-25T12:41:59+00:00,26.5,standard,pre_game,2026-09-24T12:52:28.448-04:00
812,prizepicks,15192225,2026-09-25T12:41:59+00:00,31.5,standard,pre_game,2026-09-24T11:19:10.065-04:00
813,prizepicks,15192226,2026-09-25T12:41:59+00:00,28.0,standard,pre_game,2026-09-24T11:19:18.441-04:00
814,prizepicks,15192227,2026-09-25T12:41:59+00:00,29.5,standard,pre_game,2026-09-24T23:08:57.151-04:00
815,prizepicks,15192228,2026-09-25T12:41:59+00:00,30.5,standard,pre_game,2026-09-24T23:05:16.219-04:00
816,prizepicks,15192229,2026-09-25T12:41:59+00:00,24.0,standard,pre_game,2026-09-24T11:19:18.441-04:00
817,prizepicks,15192230,2026-09-25T12:41:59+00:00,27.0,standard,pre_game,2026-09-24T11:19:18.441-04:00
818,prizepicks,15192231,2026-09-25T12:41:59+00:00,16.5,standard,pre_game,2026-09-24T11:19:10.065-04:00
819,prizepicks,15192232,2026-09-25T12:41:59+00:00,10.5,standard,pre_game,2026-09-24T11:19:10.065-04:00
820,prizepicks,15192233,2026-09-25T12:41:59+00:00,17.5,standard,pre_game,2026-09-24T23:05:49.951-04:00
821,prizepicks,15192234,2026-09-25T12:41:59+00:00,15.5,standard,pre_game,2026-09-24T18:26:20.292-04:00
822,prizepicks,15192235,2026-09-25T12:41:59+00:00,16.5,standard,pre_game,2026-09-24T11:19:10.065-04:00
823,prizepicks,15192236,2026-09-25T12:41:59+00:00,16.5,standard,pre_game,2026-09-24T11:19:18.441-04:00
824,prizepicks,15192237,2026-09-25T12:41:59+00:00,9.0,standard,pre_game,2026-09-24T11:19:18.441-04:00
825,prizepicks,15192238,2026-09-25T12:41:59+00:00,16.0,standard,pre_game,2026-09-24T11:19:18.441-04:00
826,prizepicks,15192239,2026-09-25T12:41:59+00:00,12.0,standard,pre_game,2026-09-24T11:19:18.441-04:00
827,prizepicks,15192240,2026-09-25T12:41:59+00:00,15.5,standard,pre_game,2026-09-24T11:19:18.441-04:00
828,prizepicks,15194610,2026-09-25T12:41:59+00:00,15.5,standard,pre_game,2026-09-25T08:41:42.047-04:00
829,prizepicks,15194611,2026-09-25T12:41:59+00:00,15.0,standard,pre_game,2026-09-25T08:41:42.047-04:00
830,prizepicks,15194612,2026-09-25T12:41:59+00:00,14.0,standard,pre_game,2026-09-25T08:41:42.047-04:00
831,prizepicks,15194613,2026-09-25T12:41:59+00:00,14.0,standard,pre_game,2026-09-25T08:41:42.047-04:00
832,prizepicks,15194614,2026-09-25T12:41:59+00:00,13.5,standard,pre_game,2026-09-25T08:41:42.047-04:00
833,prizepicks,15194615,2026-09-25T12:41:59+00:00,15.0,standard,pre_game,2026-09-25T08:41:42.047-04:00
834,prizepicks,15194616,2026-09-25T12:41:59+00:00,15.0,standard,pre_game,2026-09-25T08:41:42.047-04:00
835,prizepicks,15194617,2026-09-25T12:41:59+00:00,14.5,standard,pre_game,2026-09-25T08:41:42.047-04:00
836,prizepicks,15194618,2026-09-25T12:41:59+00:00,14.5,standard,pre_game,2026-09-25T08:41:42.047-04:00
837,prizepicks,15194619,2026-09-25T12:41:59+00:00,13.5,standard,pre_game,2026-09-25T08:41:42.047-04:00
838,prizepicks,15194620,2026-09-25T12:41:59+00:00,4.5,standard,pre_game,2026-09-25T08:41:42.047-04:00
839,prizepicks,15194621,2026-09-25T12:41:59+00:00,9.0,standard,pre_game,2026-09-25T08:41:42.047-04:00
840,prizepicks,15194622,2026-09-25T12:41:59+00:00,8.0,standard,pre_game,2026-09-25T08:41:42.047-04:00
841,prizepicks,15194623,2026-09-25T12:41:59+00:00,8.0,standard,pre_game,2026-09-25T08:41:42.047-04:00
842,prizepicks,15194624,2026-09-25T12:41:59+00:00,7.5,standard,pre_game,2026-09-25T08:41:42.047-04:00
843,prizepicks,15194625,2026-09-25T12:41:59+00:00,6.0,standard,pre_game,2026-09-25T08:41:42.047-04:00
844,prizepicks,15194626,2026-09-25T12:41:59+00:00,8.5,standard,pre_game,2026-09-25T08:41:42.047-04:00
845,prizepicks,15194627,2026-09-25T12:41:59+00:00,7.5,standard,pre_game,2026-09-25T08:41:42.047-04:00
846,prizepicks,15194628,2026-09-25T12:41:59+00:00,8.5,standard,pre_game,2026-09-25T08:41:42.047-04:00
847,prizepicks,15194629,2026-09-25T12:41:59+00:00,8.0,standard,pre_game,2026-09-25T08:41:42.047-04:00
848,prizepicks,15196226,2026-09-25T12:41:59+00:00,29.5,standard,pre_game,2026-09-24T16:03:46.847-04:00
849,prizepicks,15196236,2026-09-25T12:41:59+00:00,15.0,standard,pre_game,2026-09-24T23:27:26.581-04:00
850,prizepicks,15196227,2026-09-25T12:41:59+00:00,29.5,standard,pre_game,2026-09-24T16:03:46.847-04:00
851,prizepicks,15196237,2026-09-25T12:41:59+00:00,14.5,standard,pre_game,2026-09-24T16:03:46.847-04:00
852,prizepicks,15196228,2026-09-25T12:41:59+00:00,25.0,standard,pre_game,2026-09-24T21:17:53.545-04:00
853,prizepicks,15196238,2026-09-25T12:41:59+00:00,14.5,standard,pre_game,2026-09-24T23:06:44.332-04:00
854,prizepicks,15196229,2026-09-25T12:41:59+00:00,29.5,standard,pre_game,2026-09-24T16:03:46.847-04:00
855,prizepicks,15196239,2026-09-25T12:41:59+00:00,16.5,standard,pre_game,2026-09-24T16:03:46.847-04:00
856,prizepicks,15196231,2026-09-25T12:41:59+00:00,28.5,standard,pre_game,2026-09-24T16:03:50.769-04:00
857,prizepicks,15196232,2026-09-25T12:41:59+00:00,28.5,standard,pre_game,2026-09-24T16:03:50.769-04:00
858,prizepicks,15196242,2026-09-25T12:41:59+00:00,9.0,standard,pre_game,2026-09-25T01:55:52.468-04:00
859,prizepicks,15196233,2026-09-25T12:41:59+00:00,26.5,standard,pre_game,2026-09-24T16:03:50.769-04:00
860,prizepicks,15196243,2026-09-25T12:41:59+00:00,16.5,standard,pre_game,2026-09-24T16:03:50.769-04:00
861,prizepicks,15196234,2026-09-25T12:41:59+00:00,28.5,standard,pre_game,2026-09-24T16:03:50.769-04:00
862,prizepicks,15196244,2026-09-25T12:41:59+00:00,15.5,standard,pre_game,2026-09-24T21:17:32.959-04:00
863,prizepicks,15196235,2026-09-25T12:41:59+00:00,27.5,standard,pre_game,2026-09-24T16:03:50.769-04:00
864,prizepicks,15196245,2026-09-25T12:41:59+00:00,15.5,standard,pre_game,2026-09-24T23:12:05.005-04:00
865,prizepicks,15201749,2026-09-25T12:41:59+00:00,25.5,standard,pre_game,2026-09-24T17:10:38.524-04:00
866,prizepicks,15201750,2026-09-25T12:41:59+00:00,28.5,standard,pre_game,2026-09-24T17:10:38.524-04:00
867,prizepicks,15201751,2026-09-25T12:41:59+00:00,31.5,standard,pre_game,2026-09-24T17:10:38.524-04:00
868,prizepicks,15201752,2026-09-25T12:41:59+00:00,30.5,standard,pre_game,2026-09-24T17:10:38.524-04:00
869,prizepicks,15201753,2026-09-25T12:41:59+00:00,30.5,standard,pre_game,2026-09-24T23:25:28.973-04:00
870,prizepicks,15201754,2026-09-25T12:41:59+00:00,27.5,standard,pre_game,2026-09-24T22:24:25.329-04:00
871,prizepicks,15201755,2026-09-25T12:41:59+00:00,29.5,standard,pre_game,2026-09-24T17:10:43.484-04:00
872,prizepicks,15201756,2026-09-25T12:41:59+00:00,28.5,standard,pre_game,2026-09-24T17:10:43.484-04:00
873,prizepicks,15201757,2026-09-25T12:41:59+00:00,23.5,standard,pre_game,2026-09-24T17:10:43.484-04:00
874,prizepicks,15201758,2026-09-25T12:41:59+00:00,27.5,standard,pre_game,2026-09-24T23:13:21.402-04:00
875,prizepicks,15201759,2026-09-25T12:41:59+00:00,15.0,standard,pre_game,2026-09-24T23:06:16.395-04:00
876,prizepicks,15201761,2026-09-25T12:41:59+00:00,16.5,standard,pre_game,2026-09-24T17:10:38.524-04:00
877,prizepicks,15201762,2026-09-25T12:41:59+00:00,15.5,standard,pre_game,2026-09-24T17:10:38.524-04:00
878,prizepicks,15201763,2026-09-25T12:41:59+00:00,15.0,standard,pre_game,2026-09-24T17:10:38.524-04:00
879,prizepicks,15201764,2026-09-25T12:41:59+00:00,16.5,standard,pre_game,2026-09-24T23:24:46.106-04:00
880,prizepicks,15201765,2026-09-25T12:41:59+00:00,16.5,standard,pre_game,2026-09-24T17:10:43.484-04:00
881,prizepicks,15201766,2026-09-25T12:41:59+00:00,17.5,standard,pre_game,2026-09-24T17:10:43.484-04:00
882,prizepicks,15201767,2026-09-25T12:41:59+00:00,11.5,standard,pre_game,2026-09-24T17:10:43.484-04:00
883,prizepicks,15201768,2026-09-25T12:41:59+00:00,10.5,standard,pre_game,2026-09-24T23:24:04.107-04:00
884,prizepicks,15195194,2026-09-25T12:41:59+00:00,33.5,standard,pre_game,2026-09-24T16:00:17.608-04:00
885,prizepicks,15195199,2026-09-25T12:41:59+00:00,18.5,standard,pre_game,2026-09-24T16:03:39.591-04:00
886,prizepicks,15195195,2026-09-25T12:41:59+00:00,30.0,standard,pre_game,2026-09-24T16:00:17.643-04:00
887,prizepicks,15195200,2026-09-25T12:41:59+00:00,10.5,standard,pre_game,2026-09-24T16:03:50.068-04:00
888,prizepicks,15195196,2026-09-25T12:41:59+00:00,29.0,standard,pre_game,2026-09-24T16:00:17.673-04:00
889,prizepicks,15195201,2026-09-25T12:41:59+00:00,19.5,standard,pre_game,2026-09-24T16:03:44.540-04:00
890,prizepicks,15195197,2026-09-25T12:41:59+00:00,28.5,standard,pre_game,2026-09-24T16:03:25.772-04:00
891,prizepicks,15195202,2026-09-25T12:41:59+00:00,12.5,standard,pre_game,2026-09-24T16:03:25.821-04:00
892,prizepicks,15195198,2026-09-25T12:41:59+00:00,26.5,standard,pre_game,2026-09-24T16:03:34.024-04:00
893,prizepicks,15195203,2026-09-25T12:41:59+00:00,14.5,standard,pre_game,2026-09-24T16:03:34.066-04:00
894,prizepicks,15200440,2026-09-25T12:41:59+00:00,31.0,standard,pre_game,2026-09-24T15:56:45.350-04:00
895,prizepicks,15200441,2026-09-25T12:41:59+00:00,30.5,standard,pre_game,2026-09-24T23:25:56.856-04:00
896,prizepicks,15200442,2026-09-25T12:41:59+00:00,31.5,standard,pre_game,2026-09-24T21:15:57.398-04:00
897,prizepicks,15200443,2026-09-25T12:41:59+00:00,28.0,standard,pre_game,2026-09-24T15:56:45.350-04:00
898,prizepicks,15200444,2026-09-25T12:41:59+00:00,27.5,standard,pre_game,2026-09-24T15:56:45.350-04:00
899,prizepicks,15200445,2026-09-25T12:41:59+00:00,29.0,standard,pre_game,2026-09-25T00:54:13.968-04:00
900,prizepicks,15200446,2026-09-25T12:41:59+00:00,29.0,standard,pre_game,2026-09-24T15:56:49.989-04:00
901,prizepicks,15200447,2026-09-25T12:41:59+00:00,28.5,standard,pre_game,2026-09-24T15:56:49.989-04:00
902,prizepicks,15200448,2026-09-25T12:41:59+00:00,27.0,standard,pre_game,2026-09-24T15:56:49.989-04:00
903,prizepicks,15200449,2026-09-25T12:41:59+00:00,25.0,standard,pre_game,2026-09-25T00:52:09.885-04:00
904,prizepicks,15200450,2026-09-25T12:41:59+00:00,18.5,standard,pre_game,2026-09-24T15:56:45.350-04:00
905,prizepicks,15200451,2026-09-25T12:41:59+00:00,12.0,standard,pre_game,2026-09-24T23:26:21.751-04:00
906,prizepicks,15200452,2026-09-25T12:41:59+00:00,18.0,standard,pre_game,2026-09-24T15:56:45.350-04:00
907,prizepicks,15200453,2026-09-25T12:41:59+00:00,15.5,standard,pre_game,2026-09-24T21:17:00.442-04:00
908,prizepicks,15200454,2026-09-25T12:41:59+00:00,15.0,standard,pre_game,2026-09-24T15:56:45.350-04:00
909,prizepicks,15200455,2026-09-25T12:41:59+00:00,11.0,standard,pre_game,2026-09-24T15:56:49.989-04:00
910,prizepicks,15200456,2026-09-25T12:41:59+00:00,14.0,standard,pre_game,2026-09-24T15:56:49.989-04:00
911,prizepicks,15200457,2026-09-25T12:41:59+00:00,14.5,standard,pre_game,2026-09-24T15:56:49.989-04:00
912,prizepicks,15200458,2026-09-25T12:41:59+00:00,14.5,standard,pre_game,2026-09-24T15:56:49.989-04:00
913,prizepicks,15200459,2026-09-25T12:41:59+00:00,13.0,standard,pre_game,2026-09-24T23:38:48.109-04:00
914,prizepicks,15213092,2026-09-25T12:41:59+00:00,32.5,standard,pre_game,2026-09-25T00:19:28.750-04:00
915,prizepicks,15213093,2026-09-25T12:41:59+00:00,28.5,standard,pre_game,2026-09-25T00:19:28.750-04:00
916,prizepicks,15213095,2026-09-25T12:41:59+00:00,32.5,standard,pre_game,2026-09-25T00:19:28.750-04:00
917,prizepicks,15213096,2026-09-25T12:41:59+00:00,28.5,standard,pre_game,2026-09-25T01:41:45.351-04:00
918,prizepicks,15213097,2026-09-25T12:41:59+00:00,17.5,standard,pre_game,2026-09-25T00:19:28.750-04:00
919,prizepicks,15213098,2026-09-25T12:41:59+00:00,16.5,standard,pre_game,2026-09-25T00:19:28.750-04:00
920,prizepicks,15213100,2026-09-25T12:41:59+00:00,10.5,standard,pre_game,2026-09-25T00:19:28.750-04:00
921,prizepicks,15213101,2026-09-25T12:41:59+00:00,15.5,standard,pre_game,2026-09-25T00:19:28.750-04:00
922,prizepicks,15192251,2026-09-25T12:41:59+00:00,12.5,standard,pre_game,2026-09-24T11:19:41.642-04:00
923,prizepicks,15192252,2026-09-25T12:41:59+00:00,15.5,standard,pre_game,2026-09-24T11:19:41.642-04:00
924,prizepicks,15192253,2026-09-25T12:41:59+00:00,11.5,standard,pre_game,2026-09-24T11:19:41.642-04:00
925,prizepicks,15192254,2026-09-25T12:41:59+00:00,15.5,standard,pre_game,2026-09-24T11:19:41.642-04:00
926,prizepicks,15192255,2026-09-25T12:41:59+00:00,17.5,standard,pre_game,2026-09-24T11:19:41.642-04:00
927,prizepicks,15192256,2026-09-25T12:41:59+00:00,17.0,standard,pre_game,2026-09-24T11:19:54.746-04:00
928,prizepicks,15192257,2026-09-25T12:41:59+00:00,13.5,standard,pre_game,2026-09-24T11:19:54.746-04:00
929,prizepicks,15192258,2026-09-25T12:41:59+00:00,16.5,standard,pre_game,2026-09-24T11:19:54.746-04:00
930,prizepicks,15192260,2026-09-25T12:41:59+00:00,17.0,standard,pre_game,2026-09-24T11:19:54.746-04:00
931,prizepicks,15192241,2026-09-25T12:41:59+00:00,27.0,standard,pre_game,2026-09-24T11:19:41.642-04:00
932,prizepicks,15192242,2026-09-25T12:41:59+00:00,28.0,standard,pre_game,2026-09-24T11:19:41.642-04:00
933,prizepicks,15192243,2026-09-25T12:41:59+00:00,31.5,standard,pre_game,2026-09-24T11:19:41.642-04:00
934,prizepicks,15192244,2026-09-25T12:41:59+00:00,27.5,standard,pre_game,2026-09-24T14:52:25.785-04:00
935,prizepicks,15192245,2026-09-25T12:41:59+00:00,30.0,standard,pre_game,2026-09-24T17:26:02.563-04:00
936,prizepicks,15192246,2026-09-25T12:41:59+00:00,27.0,standard,pre_game,2026-09-24T11:19:54.746-04:00
937,prizepicks,15192247,2026-09-25T12:41:59+00:00,27.0,standard,pre_game,2026-09-24T11:19:54.746-04:00
938,prizepicks,15192248,2026-09-25T12:41:59+00:00,31.5,standard,pre_game,2026-09-24T11:19:54.746-04:00
939,prizepicks,15192249,2026-09-25T12:41:59+00:00,33.0,standard,pre_game,2026-09-24T17:25:31.089-04:00
940,prizepicks,15192250,2026-09-25T12:41:59+00:00,29.5,standard,pre_game,2026-09-24T11:19:54.746-04:00
941,prizepicks,15194526,2026-09-25T12:41:59+00:00,33.0,standard,pre_game,2026-09-24T12:06:53.570-04:00
942,prizepicks,15194527,2026-09-25T12:41:59+00:00,32.0,standard,pre_game,2026-09-24T12:06:53.570-04:00
943,prizepicks,15194528,2026-09-25T12:41:59+00:00,28.0,standard,pre_game,2026-09-24T12:06:53.570-04:00
944,prizepicks,15194529,2026-09-25T12:41:59+00:00,28.0,standard,pre_game,2026-09-24T12:06:53.570-04:00
945,prizepicks,15194530,2026-09-25T12:41:59+00:00,25.0,standard,pre_game,2026-09-24T14:08:32.752-04:00
946,prizepicks,15194531,2026-09-25T12:41:59+00:00,31.5,standard,pre_game,2026-09-25T03:58:36.251-04:00
947,prizepicks,15194532,2026-09-25T12:41:59+00:00,28.0,standard,pre_game,2026-09-24T12:06:59.211-04:00
948,prizepicks,15194533,2026-09-25T12:41:59+00:00,28.0,standard,pre_game,2026-09-24T12:06:59.211-04:00
949,prizepicks,15194534,2026-09-25T12:41:59+00:00,27.5,standard,pre_game,2026-09-24T12:06:59.211-04:00
950,prizepicks,15194535,2026-09-25T12:41:59+00:00,27.0,standard,pre_game,2026-09-24T12:06:59.211-04:00
951,prizepicks,15194538,2026-09-25T12:41:59+00:00,20.0,standard,pre_game,2026-09-24T12:06:53.570-04:00
952,prizepicks,15194542,2026-09-25T12:41:59+00:00,17.0,standard,pre_game,2026-09-24T23:55:45.816-04:00
953,prizepicks,15194543,2026-09-25T12:41:59+00:00,15.5,standard,pre_game,2026-09-24T12:06:53.570-04:00
954,prizepicks,15194545,2026-09-25T12:41:59+00:00,10.0,standard,pre_game,2026-09-24T12:06:53.570-04:00
955,prizepicks,15194546,2026-09-25T12:41:59+00:00,11.5,standard,pre_game,2026-09-24T17:25:11.251-04:00
956,prizepicks,15194547,2026-09-25T12:41:59+00:00,16.5,standard,pre_game,2026-09-24T15:27:03.304-04:00
957,prizepicks,15194548,2026-09-25T12:41:59+00:00,15.0,standard,pre_game,2026-09-24T12:06:59.211-04:00
958,prizepicks,15194549,2026-09-25T12:41:59+00:00,9.5,standard,pre_game,2026-09-24T12:06:59.211-04:00
959,prizepicks,15194550,2026-09-25T12:41:59+00:00,15.0,standard,pre_game,2026-09-24T12:06:59.211-04:00
960,prizepicks,15194551,2026-09-25T12:41:59+00:00,17.0,standard,pre_game,2026-09-24T12:06:59.211-04:00
961,prizepicks,15200460,2026-09-25T12:41:59+00:00,32.0,standard,pre_game,2026-09-24T15:57:19.856-04:00
962,prizepicks,15200461,2026-09-25T12:41:59+00:00,32.0,standard,pre_game,2026-09-24T15:57:19.856-04:00
963,prizepicks,15200462,2026-09-25T12:41:59+00:00,29.5,standard,pre_game,2026-09-24T15:57:19.856-04:00
964,prizepicks,15200463,2026-09-25T12:41:59+00:00,27.0,standard,pre_game,2026-09-24T15:57:19.856-04:00
965,prizepicks,15200464,2026-09-25T12:41:59+00:00,27.0,standard,pre_game,2026-09-24T15:57:19.856-04:00
966,prizepicks,15200465,2026-09-25T12:41:59+00:00,24.0,standard,pre_game,2026-09-24T16:15:19.996-04:00
967,prizepicks,15200466,2026-09-25T12:41:59+00:00,25.0,standard,pre_game,2026-09-24T16:15:15.959-04:00
968,prizepicks,15200467,2026-09-25T12:41:59+00:00,24.5,standard,pre_game,2026-09-24T23:12:21.975-04:00
969,prizepicks,15200468,2026-09-25T12:41:59+00:00,25.5,standard,pre_game,2026-09-24T15:57:24.152-04:00
970,prizepicks,15200469,2026-09-25T12:41:59+00:00,24.0,standard,pre_game,2026-09-24T15:57:24.152-04:00
971,prizepicks,15200470,2026-09-25T12:41:59+00:00,11.0,standard,pre_game,2026-09-24T15:57:19.856-04:00
972,prizepicks,15200471,2026-09-25T12:41:59+00:00,15.5,standard,pre_game,2026-09-24T15:57:19.856-04:00
973,prizepicks,15200472,2026-09-25T12:41:59+00:00,17.5,standard,pre_game,2026-09-24T15:57:19.856-04:00
974,prizepicks,15200473,2026-09-25T12:41:59+00:00,14.5,standard,pre_game,2026-09-24T15:57:19.856-04:00
975,prizepicks,15200474,2026-09-25T12:41:59+00:00,13.5,standard,pre_game,2026-09-24T15:57:19.856-04:00
976,prizepicks,15200475,2026-09-25T12:41:59+00:00,15.0,standard,pre_game,2026-09-24T22:41:32.110-04:00
977,prizepicks,15200476,2026-09-25T12:41:59+00:00,14.5,standard,pre_game,2026-09-24T15:57:24.152-04:00
978,prizepicks,15200477,2026-09-25T12:41:59+00:00,16.0,standard,pre_game,2026-09-24T15:57:24.152-04:00
979,prizepicks,15200478,2026-09-25T12:41:59+00:00,9.5,standard,pre_game,2026-09-24T15:57:24.152-04:00
980,prizepicks,15200479,2026-09-25T12:41:59+00:00,12.0,standard,pre_game,2026-09-24T15:57:24.152-04:00
981,prizepicks,15198653,2026-09-25T12:41:59+00:00,32.5,standard,pre_game,2026-09-24T15:14:09.253-04:00
982,prizepicks,15198663,2026-09-25T12:41:59+00:00,19.0,standard,pre_game,2026-09-24T21:14:41.428-04:00
983,prizepicks,15198654,2026-09-25T12:41:59+00:00,30.5,standard,pre_game,2026-09-24T15:09:32.851-04:00
984,prizepicks,15198664,2026-09-25T12:41:59+00:00,14.5,standard,pre_game,2026-09-24T15:09:32.851-04:00
985,prizepicks,15198655,2026-09-25T12:41:59+00:00,29.0,standard,pre_game,2026-09-24T15:09:32.851-04:00
986,prizepicks,15198665,2026-09-25T12:41:59+00:00,10.5,standard,pre_game,2026-09-24T15:09:32.851-04:00
987,prizepicks,15198656,2026-09-25T12:41:59+00:00,29.0,standard,pre_game,2026-09-24T15:09:32.851-04:00
988,prizepicks,15198666,2026-09-25T12:41:59+00:00,16.5,standard,pre_game,2026-09-24T15:09:32.851-04:00
989,prizepicks,15198657,2026-09-25T12:41:59+00:00,26.0,standard,pre_game,2026-09-24T15:09:32.851-04:00
990,prizepicks,15198667,2026-09-25T12:41:59+00:00,13.0,standard,pre_game,2026-09-24T15:09:32.851-04:00
991,prizepicks,15198658,2026-09-25T12:41:59+00:00,27.5,standard,pre_game,2026-09-24T15:09:38.410-04:00
992,prizepicks,15198668,2026-09-25T12:41:59+00:00,9.5,standard,pre_game,2026-09-24T15:09:38.410-04:00
993,prizepicks,15198659,2026-09-25T12:41:59+00:00,26.5,standard,pre_game,2026-09-25T01:53:52.670-04:00
994,prizepicks,15198669,2026-09-25T12:41:59+00:00,13.0,standard,pre_game,2026-09-24T23:11:22.405-04:00
995,prizepicks,15198660,2026-09-25T12:41:59+00:00,26.0,standard,pre_game,2026-09-24T15:09:38.410-04:00
996,prizepicks,15198670,2026-09-25T12:41:59+00:00,13.0,standard,pre_game,2026-09-24T15:09:38.410-04:00
997,prizepicks,15198661,2026-09-25T12:41:59+00:00,26.0,standard,pre_game,2026-09-24T15:09:38.410-04:00
998,prizepicks,15198671,2026-09-25T12:41:59+00:00,15.5,standard,pre_game,2026-09-24T15:09:38.410-04:00
999,prizepicks,15198662,2026-09-25T12:41:59+00:00,24.0,standard,pre_game,2026-09-24T23:12:39.431-04:00
1000,prizepicks,15198672,2026-09-25T12:41:59+00:00,12.5,standard,pre_game,2026-09-24T16:16:44.278-04:00
1001,prizepicks,15212932,2026-09-25T12:41:59+00:00,16.5,demon,pre_game,2026-09-25T01:38:38.517-04:00
1002,prizepicks,15212935,2026-09-25T12:41:59+00:00,16.5,demon,pre_game,2026-09-25T01:38:30.160-04:00
1003,prizepicks,15212917,2026-09-25T12:41:59+00:00,15.5,demon,pre_game,2026-09-25T01:38:38.517-04:00
1004,prizepicks,15212920,2026-09-25T12:41:59+00:00,15.5,demon,pre_game,2026-09-25T01:38:30.160-04:00
1005,prizepicks,15212924,2026-09-25T12:41:59+00:00,15.5,demon,pre_game,2026-09-25T01:38:30.160-04:00
1006,prizepicks,15212931,2026-09-25T12:41:59+00:00,15.5,standard,pre_game,2026-09-25T01:38:38.517-04:00
1007,prizepicks,15212934,2026-09-25T12:41:59+00:00,15.5,standard,pre_game,2026-09-25T01:38:30.160-04:00
1008,prizepicks,15212916,2026-09-25T12:41:59+00:00,14.5,standard,pre_game,2026-09-25T01:38:38.517-04:00
1009,prizepicks,15212919,2026-09-25T12:41:59+00:00,14.5,standard,pre_game,2026-09-25T01:38:30.160-04:00
1010,prizepicks,15212933,2026-09-25T12:41:59+00:00,14.5,goblin,pre_game,2026-09-25T01:38:38.517-04:00
1011,prizepicks,15212936,2026-09-25T12:41:59+00:00,14.5,goblin,pre_game,2026-09-25T01:38:30.160-04:00
1012,prizepicks,15212918,2026-09-25T12:41:59+00:00,13.5,goblin,pre_game,2026-09-25T01:38:38.517-04:00
1013,prizepicks,15212921,2026-09-25T12:41:59+00:00,13.5,goblin,pre_game,2026-09-25T01:38:30.160-04:00
1014,prizepicks,15212922,2026-09-25T12:41:59+00:00,13.5,goblin,pre_game,2026-09-25T01:38:38.517-04:00
1015,prizepicks,15212923,2026-09-25T12:41:59+00:00,13.5,goblin,pre_game,2026-09-25T01:38:30.160-04:00
1016,prizepicks,15212905,2026-09-25T12:41:59+00:00,11.5,goblin,pre_game,2026-09-25T01:38:38.517-04:00
1017,prizepicks,15212907,2026-09-25T12:41:59+00:00,11.5,goblin,pre_game,2026-09-25T01:38:30.160-04:00
1018,prizepicks,15212904,2026-09-25T12:41:59+00:00,6.5,standard,pre_game,2026-09-25T01:38:38.517-04:00
1019,prizepicks,15212906,2026-09-25T12:41:59+00:00,6.5,standard,pre_game,2026-09-25T01:38:30.160-04:00
1020,prizepicks,15212980,2026-09-25T12:41:59+00:00,16.5,demon,pre_game,2026-09-25T01:43:27.356-04:00
1021,prizepicks,15212953,2026-09-25T12:41:59+00:00,15.5,demon,pre_game,2026-09-25T01:43:27.356-04:00
1022,prizepicks,15212960,2026-09-25T12:41:59+00:00,15.5,demon,pre_game,2026-09-25T01:40:48.704-04:00
1023,prizepicks,15212968,2026-09-25T12:41:59+00:00,15.5,demon,pre_game,2026-09-25T01:43:27.356-04:00
1024,prizepicks,15212974,2026-09-25T12:41:59+00:00,15.5,demon,pre_game,2026-09-25T01:40:48.704-04:00
1025,prizepicks,15212979,2026-09-25T12:41:59+00:00,15.5,standard,pre_game,2026-09-25T01:43:27.356-04:00
1026,prizepicks,15212997,2026-09-25T12:41:59+00:00,15.5,demon,pre_game,2026-09-25T01:40:48.704-04:00
1027,prizepicks,15212959,2026-09-25T12:41:59+00:00,14.5,standard,pre_game,2026-09-25T01:40:48.704-04:00
1028,prizepicks,15212967,2026-09-25T12:41:59+00:00,14.5,standard,pre_game,2026-09-25T01:43:27.356-04:00
1029,prizepicks,15212973,2026-09-25T12:41:59+00:00,14.5,standard,pre_game,2026-09-25T01:40:48.704-04:00
1030,prizepicks,15212981,2026-09-25T12:41:59+00:00,14.5,goblin,pre_game,2026-09-25T01:43:27.356-04:00
1031,prizepicks,15212996,2026-09-25T12:41:59+00:00,14.5,standard,pre_game,2026-09-25T01:40:48.704-04:00
1032,prizepicks,15212961,2026-09-25T12:41:59+00:00,13.5,goblin,pre_game,2026-09-25T01:40:48.704-04:00
1033,prizepicks,15212969,2026-09-25T12:41:59+00:00,13.5,goblin,pre_game,2026-09-25T01:43:27.356-04:00
1034,prizepicks,15212975,2026-09-25T12:41:59+00:00,13.5,goblin,pre_game,2026-09-25T01:40:48.704-04:00
1035,prizepicks,15212992,2026-09-25T12:41:59+00:00,13.5,demon,pre_game,2026-09-25T01:40:48.704-04:00
1036,prizepicks,15212998,2026-09-25T12:41:59+00:00,13.5,goblin,pre_game,2026-09-25T01:40:48.704-04:00
1037,prizepicks,15212991,2026-09-25T12:41:59+00:00,12.5,standard,pre_game,2026-09-25T01:40:48.704-04:00
1038,prizepicks,15212993,2026-09-25T12:41:59+00:00,11.5,goblin,pre_game,2026-09-25T01:40:48.704-04:00
1039,prizepicks,15212952,2026-09-25T12:41:59+00:00,7.5,standard,pre_game,2026-09-25T01:43:27.356-04:00
1040,prizepicks,15212958,2026-09-25T12:41:59+00:00,7.5,standard,pre_game,2026-09-25T01:40:48.704-04:00
1041,prizepicks,15212966,2026-09-25T12:41:59+00:00,4.5,standard,pre_game,2026-09-25T01:43:27.356-04:00
1042,prizepicks,15215017,2026-09-25T12:41:59+00:00,25.5,standard,pre_game,2026-09-25T01:38:38.517-04:00
1043,prizepicks,15215022,2026-09-25T12:41:59+00:00,14.5,standard,pre_game,2026-09-25T01:38:38.517-04:00
1044,prizepicks,15215018,2026-09-25T12:41:59+00:00,29.5,standard,pre_game,2026-09-25T01:38:38.517-04:00
1045,prizepicks,15215019,2026-09-25T12:41:59+00:00,31.5,standard,pre_game,2026-09-25T01:38:38.517-04:00
1046,prizepicks,15215024,2026-09-25T12:41:59+00:00,16.5,standard,pre_game,2026-09-25T01:38:38.517-04:00
1047,prizepicks,15215020,2026-09-25T12:41:59+00:00,31.5,standard,pre_game,2026-09-25T01:38:38.517-04:00
1048,prizepicks,15215025,2026-09-25T12:41:59+00:00,15.5,standard,pre_game,2026-09-25T01:38:38.517-04:00
1049,prizepicks,15215021,2026-09-25T12:41:59+00:00,29.5,standard,pre_game,2026-09-25T01:38:38.517-04:00
1050,prizepicks,15215026,2026-09-25T12:41:59+00:00,14.5,standard,pre_game,2026-09-25T01:38:38.517-04:00
1051,prizepicks,15215272,2026-09-25T12:41:59+00:00,29.5,standard,pre_game,2026-09-25T01:42:28.810-04:00
1052,prizepicks,15215280,2026-09-25T12:41:59+00:00,15.5,standard,pre_game,2026-09-25T01:42:28.689-04:00
1053,prizepicks,15215273,2026-09-25T12:41:59+00:00,30.5,standard,pre_game,2026-09-25T01:42:28.840-04:00
1054,prizepicks,15215281,2026-09-25T12:41:59+00:00,15.5,standard,pre_game,2026-09-25T01:42:28.723-04:00
1055,prizepicks,15215274,2026-09-25T12:41:59+00:00,24.5,standard,pre_game,2026-09-25T01:42:28.782-04:00
1056,prizepicks,15215282,2026-09-25T12:41:59+00:00,13.5,standard,pre_game,2026-09-25T01:42:28.751-04:00
1057,prizepicks,15215275,2026-09-25T12:41:59+00:00,30.5,standard,pre_game,2026-09-25T01:42:28.640-04:00
1058,prizepicks,15215283,2026-09-25T12:41:59+00:00,16.5,standard,pre_game,2026-09-25T01:42:28.870-04:00
1059,prizepicks,15215276,2026-09-25T12:41:59+00:00,29.5,standard,pre_game,2026-09-25T01:41:18.689-04:00
1060,prizepicks,15215284,2026-09-25T12:41:59+00:00,15.5,standard,pre_game,2026-09-25T01:41:18.689-04:00
1061,prizepicks,15215277,2026-09-25T12:41:59+00:00,31.5,standard,pre_game,2026-09-25T01:41:18.689-04:00
1062,prizepicks,15215285,2026-09-25T12:41:59+00:00,14.5,standard,pre_game,2026-09-25T01:41:18.689-04:00
1063,prizepicks,15215278,2026-09-25T12:41:59+00:00,29.5,standard,pre_game,2026-09-25T01:41:18.689-04:00
1064,prizepicks,15215286,2026-09-25T12:41:59+00:00,10.5,standard,pre_game,2026-09-25T01:41:18.689-04:00
1065,prizepicks,15215279,2026-09-25T12:41:59+00:00,26.5,standard,pre_game,2026-09-25T01:41:18.689-04:00
1066,prizepicks,15215287,2026-09-25T12:41:59+00:00,13.5,standard,pre_game,2026-09-25T01:41:18.689-04:00
1067,prizepicks,14893731,2026-09-25T12:42:11+00:00,13.5,standard,pre_game,2026-09-25T07:10:33.402-04:00
1068,prizepicks,14893732,2026-09-25T12:42:11+00:00,13.5,standard,pre_game,2026-09-25T07:10:33.402-04:00
1069,prizepicks,14893733,2026-09-25T12:42:11+00:00,13.5,standard,pre_game,2026-09-25T07:10:33.402-04:00
1070,prizepicks,14893734,2026-09-25T12:42:11+00:00,16.5,standard,pre_game,2026-09-25T07:10:33.402-04:00
1071,prizepicks,14893735,2026-09-25T12:42:11+00:00,17.0,standard,pre_game,2026-09-25T07:10:33.402-04:00
1072,prizepicks,14893736,2026-09-25T12:42:11+00:00,13.0,standard,pre_game,2026-09-25T07:10:46.298-04:00
1073,prizepicks,14893737,2026-09-25T12:42:11+00:00,15.0,standard,pre_game,2026-09-25T07:10:46.298-04:00
1074,prizepicks,14893738,2026-09-25T12:42:11+00:00,12.0,standard,pre_game,2026-09-25T07:10:46.298-04:00
1075,prizepicks,14893739,2026-09-25T12:42:11+00:00,13.5,standard,pre_game,2026-09-25T07:10:46.298-04:00
1076,prizepicks,14893740,2026-09-25T12:42:11+00:00,14.0,standard,pre_game,2026-09-25T07:10:46.298-04:00
1077,prizepicks,14889444,2026-09-25T12:42:11+00:00,7.5,standard,pre_game,2026-09-23T23:18:35.181-04:00
1078,prizepicks,14893789,2026-09-25T12:42:11+00:00,90.5,standard,pre_game,2026-09-22T10:30:37.173-04:00
1079,prizepicks,14893790,2026-09-25T12:42:11+00:00,94.5,standard,pre_game,2026-09-20T20:06:51.078-04:00
1080,prizepicks,14893661,2026-09-25T12:42:11+00:00,29.5,standard,pre_game,2026-09-15T19:46:42.682-04:00
1081,prizepicks,14893662,2026-09-25T12:42:11+00:00,31.5,standard,pre_game,2026-09-15T19:45:18.094-04:00
1082,prizepicks,14893663,2026-09-25T12:42:11+00:00,26.5,standard,pre_game,2026-09-15T16:44:07.102-04:00
1083,prizepicks,14893664,2026-09-25T12:42:11+00:00,28.5,standard,pre_game,2026-09-15T16:44:07.102-04:00
1084,prizepicks,14893665,2026-09-25T12:42:11+00:00,31.0,standard,pre_game,2026-09-22T17:33:48.439-04:00
1085,prizepicks,14893666,2026-09-25T12:42:11+00:00,31.0,standard,pre_game,2026-09-16T20:06:33.663-04:00
1086,prizepicks,14893667,2026-09-25T12:42:11+00:00,33.5,standard,pre_game,2026-09-20T20:06:51.038-04:00
1087,prizepicks,14893668,2026-09-25T12:42:11+00:00,26.5,standard,pre_game,2026-09-15T16:43:58.006-04:00
1088,prizepicks,14893669,2026-09-25T12:42:11+00:00,29.5,standard,pre_game,2026-09-15T16:43:58.006-04:00
1089,prizepicks,14893670,2026-09-25T12:42:11+00:00,31.5,standard,pre_game,2026-09-15T16:43:58.006-04:00
1090,prizepicks,14889445,2026-09-25T12:42:11+00:00,7.5,standard,pre_game,2026-09-15T16:44:20.483-04:00
1091,prizepicks,14893792,2026-09-25T12:42:11+00:00,59.5,standard,pre_game,2026-09-24T23:29:52.674-04:00
1092,prizepicks,14893672,2026-09-25T12:42:11+00:00,31.5,standard,pre_game,2026-09-23T23:59:58.956-04:00
1093,prizepicks,14893673,2026-09-25T12:42:11+00:00,35.5,standard,pre_game,2026-09-15T19:40:42.526-04:00
1094,prizepicks,14893674,2026-09-25T12:42:11+00:00,29.0,standard,pre_game,2026-09-22T20:26:53.680-04:00
1095,prizepicks,14893675,2026-09-25T12:42:11+00:00,32.5,standard,pre_game,2026-09-15T16:44:20.483-04:00
1096,prizepicks,14893676,2026-09-25T12:42:11+00:00,25.5,standard,pre_game,2026-09-15T19:44:24.606-04:00
1097,prizepicks,14893677,2026-09-25T12:42:11+00:00,34.5,standard,pre_game,2026-09-15T16:49:04.005-04:00
1098,prizepicks,14893678,2026-09-25T12:42:11+00:00,28.0,standard,pre_game,2026-09-15T19:41:03.824-04:00
1099,prizepicks,14893679,2026-09-25T12:42:11+00:00,28.5,standard,pre_game,2026-09-15T19:45:36.562-04:00
1100,prizepicks,14893680,2026-09-25T12:42:11+00:00,25.5,standard,pre_game,2026-09-15T16:48:36.355-04:00
1101,prizepicks,14889446,2026-09-25T12:42:11+00:00,8.5,standard,pre_game,2026-09-15T16:44:41.745-04:00
1102,prizepicks,14893793,2026-09-25T12:42:11+00:00,90.5,standard,pre_game,2026-09-15T16:44:41.745-04:00
1103,prizepicks,14893794,2026-09-25T12:42:11+00:00,62.5,standard,pre_game,2026-09-22T10:30:59.953-04:00
1104,prizepicks,14893681,2026-09-25T12:42:11+00:00,31.0,standard,pre_game,2026-09-24T23:29:08.801-04:00
1105,prizepicks,14893682,2026-09-25T12:42:11+00:00,28.5,standard,pre_game,2026-09-15T19:41:39.730-04:00
1106,prizepicks,14893683,2026-09-25T12:42:11+00:00,31.5,standard,pre_game,2026-09-15T16:44:41.745-04:00
1107,prizepicks,14893684,2026-09-25T12:42:11+00:00,28.0,standard,pre_game,2026-09-15T16:44:41.745-04:00
1108,prizepicks,14893685,2026-09-25T12:42:11+00:00,32.0,standard,pre_game,2026-09-16T20:05:48.179-04:00
1109,prizepicks,14893686,2026-09-25T12:42:11+00:00,24.5,standard,pre_game,2026-09-16T20:04:56.117-04:00
1110,prizepicks,14893687,2026-09-25T12:42:11+00:00,32.0,standard,pre_game,2026-09-22T17:33:27.384-04:00
1111,prizepicks,14893688,2026-09-25T12:42:11+00:00,25.5,standard,pre_game,2026-09-15T16:44:48.797-04:00
1112,prizepicks,14893689,2026-09-25T12:42:11+00:00,32.0,standard,pre_game,2026-09-24T17:24:42.042-04:00
1113,prizepicks,14893690,2026-09-25T12:42:11+00:00,27.5,standard,pre_game,2026-09-15T16:48:12.189-04:00
1114,prizepicks,14889447,2026-09-25T12:42:11+00:00,7.5,standard,pre_game,2026-09-15T16:45:43.494-04:00
1115,prizepicks,14893795,2026-09-25T12:42:11+00:00,88.0,standard,pre_game,2026-09-21T02:33:55.383-04:00
1116,prizepicks,14893796,2026-09-25T12:42:11+00:00,54.0,standard,pre_game,2026-09-15T16:45:28.279-04:00
1117,prizepicks,14893691,2026-09-25T12:42:11+00:00,28.5,standard,pre_game,2026-09-15T19:42:02.481-04:00
1118,prizepicks,14893692,2026-09-25T12:42:11+00:00,24.0,standard,pre_game,2026-09-22T17:34:17.243-04:00
1119,prizepicks,14893693,2026-09-25T12:42:11+00:00,27.5,standard,pre_game,2026-09-15T16:45:28.279-04:00
1120,prizepicks,14893694,2026-09-25T12:42:11+00:00,31.5,standard,pre_game,2026-09-15T16:45:28.279-04:00
1121,prizepicks,14893695,2026-09-25T12:42:11+00:00,26.5,standard,pre_game,2026-09-15T16:45:28.279-04:00
1122,prizepicks,14893696,2026-09-25T12:42:11+00:00,27.5,standard,pre_game,2026-09-15T16:45:43.494-04:00
1123,prizepicks,14893697,2026-09-25T12:42:11+00:00,29.5,standard,pre_game,2026-09-15T16:45:43.494-04:00
1124,prizepicks,14893698,2026-09-25T12:42:11+00:00,31.0,standard,pre_game,2026-09-21T02:33:55.336-04:00
1125,prizepicks,14893699,2026-09-25T12:42:11+00:00,26.5,standard,pre_game,2026-09-15T16:45:43.494-04:00
1126,prizepicks,14893700,2026-09-25T12:42:11+00:00,33.5,standard,pre_game,2026-09-15T16:45:43.494-04:00
1127,prizepicks,15193939,2026-09-25T12:42:11+00:00,91.0,standard,pre_game,2026-09-24T11:52:08.332-04:00
1128,prizepicks,15193940,2026-09-25T12:42:11+00:00,61.0,standard,pre_game,2026-09-24T11:52:08.332-04:00
1129,prizepicks,15193848,2026-09-25T12:42:11+00:00,29.5,standard,pre_game,2026-09-24T11:52:08.332-04:00
1130,prizepicks,15193851,2026-09-25T12:42:11+00:00,29.5,standard,pre_game,2026-09-24T11:52:08.332-04:00
1131,prizepicks,15193853,2026-09-25T12:42:11+00:00,30.5,standard,pre_game,2026-09-24T11:52:08.332-04:00
1132,prizepicks,15193854,2026-09-25T12:42:11+00:00,31.5,standard,pre_game,2026-09-24T11:52:08.332-04:00
1133,prizepicks,15193855,2026-09-25T12:42:11+00:00,29.5,standard,pre_game,2026-09-24T12:09:43.359-04:00
1134,prizepicks,15193856,2026-09-25T12:42:11+00:00,32.0,standard,pre_game,2026-09-24T11:52:08.332-04:00
1135,prizepicks,15193857,2026-09-25T12:42:11+00:00,28.5,standard,pre_game,2026-09-24T11:52:08.332-04:00
1136,prizepicks,15193858,2026-09-25T12:42:11+00:00,29.5,standard,pre_game,2026-09-24T11:52:08.332-04:00
1137,prizepicks,15193859,2026-09-25T12:42:11+00:00,29.5,standard,pre_game,2026-09-24T11:52:08.332-04:00
1138,prizepicks,15193860,2026-09-25T12:42:11+00:00,32.5,standard,pre_game,2026-09-24T12:13:30.387-04:00
1139,prizepicks,15193941,2026-09-25T12:42:11+00:00,93.0,standard,pre_game,2026-09-24T11:52:08.332-04:00
1140,prizepicks,15193861,2026-09-25T12:42:11+00:00,23.5,standard,pre_game,2026-09-24T11:52:08.332-04:00
1141,prizepicks,15193862,2026-09-25T12:42:11+00:00,32.5,standard,pre_game,2026-09-24T23:30:31.801-04:00
1142,prizepicks,15193863,2026-09-25T12:42:11+00:00,26.0,standard,pre_game,2026-09-24T11:52:08.332-04:00
1143,prizepicks,15193864,2026-09-25T12:42:11+00:00,30.5,standard,pre_game,2026-09-24T11:52:08.332-04:00
1144,prizepicks,15193865,2026-09-25T12:42:11+00:00,24.5,standard,pre_game,2026-09-24T11:52:08.332-04:00
1145,prizepicks,15193866,2026-09-25T12:42:11+00:00,31.5,standard,pre_game,2026-09-24T11:52:08.332-04:00
1146,prizepicks,15193867,2026-09-25T12:42:11+00:00,27.5,standard,pre_game,2026-09-24T11:52:08.332-04:00
1147,prizepicks,15193868,2026-09-25T12:42:11+00:00,25.5,standard,pre_game,2026-09-24T11:52:08.332-04:00
1148,prizepicks,15193869,2026-09-25T12:42:11+00:00,34.0,standard,pre_game,2026-09-24T11:52:08.332-04:00
1149,prizepicks,15198016,2026-09-25T13:21:03+00:00,32.5,standard,pre_game,2026-09-24T14:44:03.407-04:00
1150,prizepicks,15198017,2026-09-25T13:21:03+00:00,27.5,standard,pre_game,2026-09-24T14:44:03.407-04:00
1151,prizepicks,15198018,2026-09-25T13:21:03+00:00,22.5,standard,pre_game,2026-09-24T22:27:48.005-04:00
1152,prizepicks,15198019,2026-09-25T13:21:03+00:00,18.5,standard,pre_game,2026-09-24T22:27:11.430-04:00
1153,prizepicks,15198571,2026-09-25T13:21:03+00:00,10.5,demon,pre_game,2026-09-24T14:57:03.486-04:00
1154,prizepicks,15197798,2026-09-25T13:21:03+00:00,8.5,standard,pre_game,2026-09-24T14:44:03.407-04:00
1155,prizepicks,15198572,2026-09-25T13:21:03+00:00,6.5,goblin,pre_game,2026-09-24T14:57:03.740-04:00
1156,prizepicks,15198493,2026-09-25T13:21:03+00:00,14.5,demon,pre_game,2026-09-24T14:52:23.507-04:00
1157,prizepicks,15197799,2026-09-25T13:21:03+00:00,12.5,standard,pre_game,2026-09-24T14:44:03.407-04:00
1158,prizepicks,15198494,2026-09-25T13:21:03+00:00,10.5,goblin,pre_game,2026-09-24T14:52:23.597-04:00
1159,prizepicks,15198799,2026-09-25T13:21:03+00:00,14.5,demon,pre_game,2026-09-24T15:04:31.551-04:00
1160,prizepicks,15197800,2026-09-25T13:21:03+00:00,11.5,standard,pre_game,2026-09-24T14:44:03.407-04:00
1161,prizepicks,15198800,2026-09-25T13:21:03+00:00,8.5,goblin,pre_game,2026-09-24T15:04:31.614-04:00
1162,prizepicks,15198842,2026-09-25T13:21:03+00:00,18.5,demon,pre_game,2026-09-24T15:06:07.578-04:00
1163,prizepicks,15197801,2026-09-25T13:21:03+00:00,15.5,standard,pre_game,2026-09-24T14:44:03.407-04:00
1164,prizepicks,15198843,2026-09-25T13:21:03+00:00,12.5,goblin,pre_game,2026-09-24T15:06:07.652-04:00
1165,prizepicks,15197973,2026-09-25T13:21:03+00:00,2.5,demon,pre_game,2026-09-24T14:44:03.407-04:00
1166,prizepicks,15198729,2026-09-25T13:21:03+00:00,9.5,demon,pre_game,2026-09-24T15:01:02.182-04:00
1167,prizepicks,15197803,2026-09-25T13:21:03+00:00,7.0,standard,pre_game,2026-09-24T17:10:44.778-04:00
1168,prizepicks,15198730,2026-09-25T13:21:03+00:00,5.5,goblin,pre_game,2026-09-24T15:01:02.257-04:00
1169,prizepicks,15198488,2026-09-25T13:21:03+00:00,9.5,demon,pre_game,2026-09-24T14:51:33.359-04:00
1170,prizepicks,15197804,2026-09-25T13:21:03+00:00,7.0,standard,pre_game,2026-09-24T22:27:40.342-04:00
1171,prizepicks,15198489,2026-09-25T13:21:03+00:00,5.5,goblin,pre_game,2026-09-24T14:51:33.416-04:00
1172,prizepicks,15198468,2026-09-25T13:21:03+00:00,11.5,demon,pre_game,2026-09-24T15:52:25.506-04:00
1173,prizepicks,15197805,2026-09-25T13:21:03+00:00,8.5,standard,pre_game,2026-09-24T15:48:00.789-04:00
1174,prizepicks,15198469,2026-09-25T13:21:03+00:00,5.5,goblin,pre_game,2026-09-24T15:52:28.245-04:00
1175,prizepicks,15198922,2026-09-25T13:21:03+00:00,13.5,demon,pre_game,2026-09-24T15:07:35.389-04:00
1176,prizepicks,15197806,2026-09-25T13:21:03+00:00,10.0,standard,pre_game,2026-09-24T22:27:11.373-04:00
1177,prizepicks,15198923,2026-09-25T13:21:03+00:00,7.5,goblin,pre_game,2026-09-24T15:07:35.441-04:00
1178,prizepicks,15197990,2026-09-25T13:21:03+00:00,1.5,goblin,pre_game,2026-09-24T14:43:54.424-04:00
1179,prizepicks,15194486,2026-09-25T13:21:15+00:00,31.0,standard,pre_game,2026-09-25T08:41:22.337-04:00
1180,prizepicks,15194487,2026-09-25T13:21:15+00:00,30.0,standard,pre_game,2026-09-25T08:41:22.337-04:00
1181,prizepicks,15194488,2026-09-25T13:21:15+00:00,29.0,standard,pre_game,2026-09-25T08:41:22.337-04:00
1182,prizepicks,15194489,2026-09-25T13:21:15+00:00,28.5,standard,pre_game,2026-09-25T08:41:22.337-04:00
1183,prizepicks,15194490,2026-09-25T13:21:15+00:00,27.0,standard,pre_game,2026-09-25T08:41:22.337-04:00
1184,prizepicks,15194491,2026-09-25T13:21:15+00:00,30.0,standard,pre_game,2026-09-25T08:41:22.337-04:00
1185,prizepicks,15194492,2026-09-25T13:21:15+00:00,30.0,standard,pre_game,2026-09-25T08:41:22.337-04:00
1186,prizepicks,15194493,2026-09-25T13:21:15+00:00,28.5,standard,pre_game,2026-09-25T08:41:22.337-04:00
1187,prizepicks,15194494,2026-09-25T13:21:15+00:00,29.0,standard,pre_game,2026-09-25T08:41:22.337-04:00
1188,prizepicks,15194495,2026-09-25T13:21:15+00:00,26.5,standard,pre_game,2026-09-25T08:41:22.337-04:00
1189,prizepicks,15194496,2026-09-25T13:21:15+00:00,9.5,standard,pre_game,2026-09-25T08:41:22.337-04:00
1190,prizepicks,15194497,2026-09-25T13:21:15+00:00,17.0,standard,pre_game,2026-09-25T08:41:22.337-04:00
1191,prizepicks,15194498,2026-09-25T13:21:15+00:00,16.5,standard,pre_game,2026-09-25T08:41:22.337-04:00
1192,prizepicks,15194499,2026-09-25T13:21:15+00:00,16.5,standard,pre_game,2026-09-25T08:41:22.337-04:00
1193,prizepicks,15194500,2026-09-25T13:21:15+00:00,15.5,standard,pre_game,2026-09-25T08:41:22.337-04:00
1194,prizepicks,15194501,2026-09-25T13:21:15+00:00,11.5,standard,pre_game,2026-09-25T08:41:22.337-04:00
1195,prizepicks,15194502,2026-09-25T13:21:15+00:00,18.0,standard,pre_game,2026-09-25T08:41:22.337-04:00
1196,prizepicks,15194503,2026-09-25T13:21:15+00:00,14.5,standard,pre_game,2026-09-25T08:41:22.337-04:00
1197,prizepicks,15194504,2026-09-25T13:21:15+00:00,17.5,standard,pre_game,2026-09-25T08:41:22.337-04:00
1198,prizepicks,15194505,2026-09-25T13:21:15+00:00,16.5,standard,pre_game,2026-09-25T08:41:22.337-04:00
1199,prizepicks,15213072,2026-09-25T13:21:15+00:00,29.5,standard,pre_game,2026-09-25T00:18:42.669-04:00
1200,prizepicks,15213073,2026-09-25T13:21:15+00:00,24.5,standard,pre_game,2026-09-25T00:18:42.669-04:00
1201,prizepicks,15213074,2026-09-25T13:21:15+00:00,31.5,standard,pre_game,2026-09-25T00:18:42.669-04:00
1202,prizepicks,15213075,2026-09-25T13:21:15+00:00,32.5,standard,pre_game,2026-09-25T00:18:42.669-04:00
1203,prizepicks,15213076,2026-09-25T13:21:15+00:00,30.5,standard,pre_game,2026-09-25T00:18:42.669-04:00
1204,prizepicks,15213077,2026-09-25T13:21:15+00:00,24.5,standard,pre_game,2026-09-25T00:18:48.803-04:00
1205,prizepicks,15213078,2026-09-25T13:21:15+00:00,27.5,standard,pre_game,2026-09-25T00:18:48.803-04:00
1206,prizepicks,15213079,2026-09-25T13:21:15+00:00,29.5,standard,pre_game,2026-09-25T01:53:34.052-04:00
1207,prizepicks,15213080,2026-09-25T13:21:15+00:00,27.5,standard,pre_game,2026-09-25T00:18:48.803-04:00
1208,prizepicks,15213081,2026-09-25T13:21:15+00:00,27.5,standard,pre_game,2026-09-25T00:18:48.803-04:00
1209,prizepicks,15213083,2026-09-25T13:21:15+00:00,14.0,standard,pre_game,2026-09-25T01:42:35.045-04:00
1210,prizepicks,15213084,2026-09-25T13:21:15+00:00,21.5,standard,pre_game,2026-09-25T00:18:42.669-04:00
1211,prizepicks,15213085,2026-09-25T13:21:15+00:00,18.5,standard,pre_game,2026-09-25T00:18:42.669-04:00
1212,prizepicks,15213086,2026-09-25T13:21:15+00:00,16.5,standard,pre_game,2026-09-25T00:18:42.669-04:00
1213,prizepicks,15213087,2026-09-25T13:21:15+00:00,11.5,standard,pre_game,2026-09-25T00:18:48.803-04:00
1214,prizepicks,15213088,2026-09-25T13:21:15+00:00,13.5,standard,pre_game,2026-09-25T00:18:48.803-04:00
1215,prizepicks,15213089,2026-09-25T13:21:15+00:00,15.5,standard,pre_game,2026-09-25T08:39:45.516-04:00
1216,prizepicks,15213090,2026-09-25T13:21:15+00:00,14.5,standard,pre_game,2026-09-25T00:18:48.803-04:00
1217,prizepicks,15213091,2026-09-25T13:21:15+00:00,9.5,standard,pre_game,2026-09-25T00:18:48.803-04:00
1218,prizepicks,15195574,2026-09-25T13:21:15+00:00,28.5,standard,pre_game,2026-09-25T01:25:12.318-04:00
1219,prizepicks,15195575,2026-09-25T13:21:15+00:00,31.5,standard,pre_game,2026-09-25T01:25:12.318-04:00
1220,prizepicks,15195576,2026-09-25T13:21:15+00:00,31.5,standard,pre_game,2026-09-25T01:25:12.318-04:00
1221,prizepicks,15195577,2026-09-25T13:21:15+00:00,31.5,standard,pre_game,2026-09-25T01:25:12.318-04:00
1222,prizepicks,15195579,2026-09-25T13:21:15+00:00,25.5,standard,pre_game,2026-09-25T01:25:12.318-04:00
1223,prizepicks,15195580,2026-09-25T13:21:15+00:00,16.5,standard,pre_game,2026-09-25T01:25:12.318-04:00
1224,prizepicks,15195581,2026-09-25T13:21:15+00:00,10.5,standard,pre_game,2026-09-25T01:25:12.318-04:00
1225,prizepicks,15195582,2026-09-25T13:21:15+00:00,21.5,standard,pre_game,2026-09-25T01:25:12.318-04:00
1226,prizepicks,15195583,2026-09-25T13:21:15+00:00,18.5,standard,pre_game,2026-09-25T01:25:12.318-04:00
1227,prizepicks,15195584,2026-09-25T13:21:15+00:00,13.5,standard,pre_game,2026-09-25T01:25:12.318-04:00
1228,prizepicks,15192285,2026-09-25T13:21:15+00:00,12.5,standard,pre_game,2026-09-25T08:31:05.301-04:00
1229,prizepicks,15192286,2026-09-25T13:21:15+00:00,16.0,standard,pre_game,2026-09-25T08:31:05.301-04:00
1230,prizepicks,15192287,2026-09-25T13:21:15+00:00,14.5,standard,pre_game,2026-09-25T08:31:05.301-04:00
1231,prizepicks,15192288,2026-09-25T13:21:15+00:00,16.0,standard,pre_game,2026-09-25T08:31:05.301-04:00
1232,prizepicks,15192289,2026-09-25T13:21:15+00:00,13.5,standard,pre_game,2026-09-25T08:31:05.301-04:00
1233,prizepicks,15192290,2026-09-25T13:21:15+00:00,6.5,standard,pre_game,2026-09-25T08:31:05.301-04:00
1234,prizepicks,15192291,2026-09-25T13:21:15+00:00,8.5,standard,pre_game,2026-09-25T08:31:05.301-04:00
1235,prizepicks,15192292,2026-09-25T13:21:15+00:00,8.0,standard,pre_game,2026-09-25T08:31:05.301-04:00
1236,prizepicks,15192293,2026-09-25T13:21:15+00:00,9.5,standard,pre_game,2026-09-25T08:31:05.301-04:00
1237,prizepicks,15192294,2026-09-25T13:21:15+00:00,5.5,standard,pre_game,2026-09-25T08:31:05.301-04:00
1238,prizepicks,15192221,2026-09-25T13:21:15+00:00,27.5,standard,pre_game,2026-09-24T11:19:10.065-04:00
1239,prizepicks,15192222,2026-09-25T13:21:15+00:00,29.5,standard,pre_game,2026-09-24T11:19:10.065-04:00
1240,prizepicks,15192223,2026-09-25T13:21:15+00:00,30.5,standard,pre_game,2026-09-24T23:28:19.626-04:00
1241,prizepicks,15192224,2026-09-25T13:21:15+00:00,26.5,standard,pre_game,2026-09-24T12:52:28.448-04:00
1242,prizepicks,15192225,2026-09-25T13:21:15+00:00,31.5,standard,pre_game,2026-09-24T11:19:10.065-04:00
1243,prizepicks,15192226,2026-09-25T13:21:15+00:00,28.0,standard,pre_game,2026-09-24T11:19:18.441-04:00
1244,prizepicks,15192227,2026-09-25T13:21:15+00:00,29.5,standard,pre_game,2026-09-24T23:08:57.151-04:00
1245,prizepicks,15192228,2026-09-25T13:21:15+00:00,30.5,standard,pre_game,2026-09-24T23:05:16.219-04:00
1246,prizepicks,15192229,2026-09-25T13:21:15+00:00,24.0,standard,pre_game,2026-09-24T11:19:18.441-04:00
1247,prizepicks,15192230,2026-09-25T13:21:15+00:00,27.0,standard,pre_game,2026-09-24T11:19:18.441-04:00
1248,prizepicks,15192231,2026-09-25T13:21:15+00:00,16.5,standard,pre_game,2026-09-24T11:19:10.065-04:00
1249,prizepicks,15192232,2026-09-25T13:21:15+00:00,10.5,standard,pre_game,2026-09-24T11:19:10.065-04:00
1250,prizepicks,15192233,2026-09-25T13:21:15+00:00,17.5,standard,pre_game,2026-09-24T23:05:49.951-04:00
1251,prizepicks,15192234,2026-09-25T13:21:15+00:00,15.5,standard,pre_game,2026-09-24T18:26:20.292-04:00
1252,prizepicks,15192235,2026-09-25T13:21:15+00:00,16.5,standard,pre_game,2026-09-24T11:19:10.065-04:00
1253,prizepicks,15192236,2026-09-25T13:21:15+00:00,16.5,standard,pre_game,2026-09-24T11:19:18.441-04:00
1254,prizepicks,15192237,2026-09-25T13:21:15+00:00,9.0,standard,pre_game,2026-09-24T11:19:18.441-04:00
1255,prizepicks,15192238,2026-09-25T13:21:15+00:00,16.0,standard,pre_game,2026-09-24T11:19:18.441-04:00
1256,prizepicks,15192239,2026-09-25T13:21:15+00:00,12.0,standard,pre_game,2026-09-24T11:19:18.441-04:00
1257,prizepicks,15192240,2026-09-25T13:21:15+00:00,15.5,standard,pre_game,2026-09-24T11:19:18.441-04:00
1258,prizepicks,15194610,2026-09-25T13:21:15+00:00,15.5,standard,pre_game,2026-09-25T08:41:42.047-04:00
1259,prizepicks,15194611,2026-09-25T13:21:15+00:00,15.0,standard,pre_game,2026-09-25T08:41:42.047-04:00
1260,prizepicks,15194612,2026-09-25T13:21:15+00:00,14.0,standard,pre_game,2026-09-25T08:41:42.047-04:00
1261,prizepicks,15194613,2026-09-25T13:21:15+00:00,14.0,standard,pre_game,2026-09-25T08:41:42.047-04:00
1262,prizepicks,15194614,2026-09-25T13:21:15+00:00,13.5,standard,pre_game,2026-09-25T08:41:42.047-04:00
1263,prizepicks,15194615,2026-09-25T13:21:15+00:00,15.0,standard,pre_game,2026-09-25T08:41:42.047-04:00
1264,prizepicks,15194616,2026-09-25T13:21:15+00:00,15.0,standard,pre_game,2026-09-25T08:41:42.047-04:00
1265,prizepicks,15194617,2026-09-25T13:21:15+00:00,14.5,standard,pre_game,2026-09-25T08:41:42.047-04:00
1266,prizepicks,15194618,2026-09-25T13:21:15+00:00,14.5,standard,pre_game,2026-09-25T08:41:42.047-04:00
1267,prizepicks,15194619,2026-09-25T13:21:15+00:00,13.5,standard,pre_game,2026-09-25T08:41:42.047-04:00
1268,prizepicks,15194620,2026-09-25T13:21:15+00:00,4.5,standard,pre_game,2026-09-25T08:41:42.047-04:00
1269,prizepicks,15194621,2026-09-25T13:21:15+00:00,9.0,standard,pre_game,2026-09-25T08:41:42.047-04:00
1270,prizepicks,15194622,2026-09-25T13:21:15+00:00,8.0,standard,pre_game,2026-09-25T08:41:42.047-04:00
1271,prizepicks,15194623,2026-09-25T13:21:15+00:00,8.0,standard,pre_game,2026-09-25T08:41:42.047-04:00
1272,prizepicks,15194624,2026-09-25T13:21:15+00:00,7.5,standard,pre_game,2026-09-25T08:41:42.047-04:00
1273,prizepicks,15194625,2026-09-25T13:21:15+00:00,6.0,standard,pre_game,2026-09-25T08:41:42.047-04:00
1274,prizepicks,15194626,2026-09-25T13:21:15+00:00,8.5,standard,pre_game,2026-09-25T08:41:42.047-04:00
1275,prizepicks,15194627,2026-09-25T13:21:15+00:00,7.5,standard,pre_game,2026-09-25T08:41:42.047-04:00
1276,prizepicks,15194628,2026-09-25T13:21:15+00:00,8.5,standard,pre_game,2026-09-25T08:41:42.047-04:00
1277,prizepicks,15194629,2026-09-25T13:21:15+00:00,8.0,standard,pre_game,2026-09-25T08:41:42.047-04:00
1278,prizepicks,15196226,2026-09-25T13:21:15+00:00,29.5,standard,pre_game,2026-09-24T16:03:46.847-04:00
1279,prizepicks,15196236,2026-09-25T13:21:15+00:00,15.0,standard,pre_game,2026-09-24T23:27:26.581-04:00
1280,prizepicks,15196227,2026-09-25T13:21:15+00:00,29.5,standard,pre_game,2026-09-24T16:03:46.847-04:00
1281,prizepicks,15196237,2026-09-25T13:21:15+00:00,14.5,standard,pre_game,2026-09-24T16:03:46.847-04:00
1282,prizepicks,15196228,2026-09-25T13:21:15+00:00,25.0,standard,pre_game,2026-09-24T21:17:53.545-04:00
1283,prizepicks,15196238,2026-09-25T13:21:15+00:00,14.5,standard,pre_game,2026-09-24T23:06:44.332-04:00
1284,prizepicks,15196229,2026-09-25T13:21:15+00:00,29.5,standard,pre_game,2026-09-24T16:03:46.847-04:00
1285,prizepicks,15196239,2026-09-25T13:21:15+00:00,16.5,standard,pre_game,2026-09-24T16:03:46.847-04:00
1286,prizepicks,15196231,2026-09-25T13:21:15+00:00,28.5,standard,pre_game,2026-09-24T16:03:50.769-04:00
1287,prizepicks,15196232,2026-09-25T13:21:15+00:00,28.5,standard,pre_game,2026-09-24T16:03:50.769-04:00
1288,prizepicks,15196242,2026-09-25T13:21:15+00:00,9.0,standard,pre_game,2026-09-25T01:55:52.468-04:00
1289,prizepicks,15196233,2026-09-25T13:21:15+00:00,26.5,standard,pre_game,2026-09-24T16:03:50.769-04:00
1290,prizepicks,15196243,2026-09-25T13:21:15+00:00,16.5,standard,pre_game,2026-09-24T16:03:50.769-04:00
1291,prizepicks,15196234,2026-09-25T13:21:15+00:00,28.5,standard,pre_game,2026-09-24T16:03:50.769-04:00
1292,prizepicks,15196244,2026-09-25T13:21:15+00:00,15.5,standard,pre_game,2026-09-24T21:17:32.959-04:00
1293,prizepicks,15196235,2026-09-25T13:21:15+00:00,27.5,standard,pre_game,2026-09-24T16:03:50.769-04:00
1294,prizepicks,15196245,2026-09-25T13:21:15+00:00,15.5,standard,pre_game,2026-09-24T23:12:05.005-04:00
1295,prizepicks,15201749,2026-09-25T13:21:15+00:00,25.5,standard,pre_game,2026-09-24T17:10:38.524-04:00
1296,prizepicks,15201750,2026-09-25T13:21:15+00:00,28.5,standard,pre_game,2026-09-24T17:10:38.524-04:00
1297,prizepicks,15201751,2026-09-25T13:21:15+00:00,31.5,standard,pre_game,2026-09-24T17:10:38.524-04:00
1298,prizepicks,15201752,2026-09-25T13:21:15+00:00,30.5,standard,pre_game,2026-09-24T17:10:38.524-04:00
1299,prizepicks,15201753,2026-09-25T13:21:15+00:00,30.5,standard,pre_game,2026-09-24T23:25:28.973-04:00
1300,prizepicks,15201754,2026-09-25T13:21:15+00:00,27.5,standard,pre_game,2026-09-24T22:24:25.329-04:00
1301,prizepicks,15201755,2026-09-25T13:21:15+00:00,29.5,standard,pre_game,2026-09-24T17:10:43.484-04:00
1302,prizepicks,15201756,2026-09-25T13:21:15+00:00,28.5,standard,pre_game,2026-09-24T17:10:43.484-04:00
1303,prizepicks,15201757,2026-09-25T13:21:15+00:00,23.5,standard,pre_game,2026-09-24T17:10:43.484-04:00
1304,prizepicks,15201758,2026-09-25T13:21:15+00:00,27.5,standard,pre_game,2026-09-24T23:13:21.402-04:00
1305,prizepicks,15201759,2026-09-25T13:21:15+00:00,15.5,standard,pre_game,2026-09-25T08:56:39.753-04:00
1306,prizepicks,15201761,2026-09-25T13:21:15+00:00,16.5,standard,pre_game,2026-09-24T17:10:38.524-04:00
1307,prizepicks,15201762,2026-09-25T13:21:15+00:00,15.5,standard,pre_game,2026-09-24T17:10:38.524-04:00
1308,prizepicks,15201763,2026-09-25T13:21:15+00:00,15.0,standard,pre_game,2026-09-24T17:10:38.524-04:00
1309,prizepicks,15201764,2026-09-25T13:21:15+00:00,16.5,standard,pre_game,2026-09-24T23:24:46.106-04:00
1310,prizepicks,15201765,2026-09-25T13:21:15+00:00,16.5,standard,pre_game,2026-09-24T17:10:43.484-04:00
1311,prizepicks,15201766,2026-09-25T13:21:15+00:00,17.5,standard,pre_game,2026-09-24T17:10:43.484-04:00
1312,prizepicks,15201767,2026-09-25T13:21:15+00:00,11.5,standard,pre_game,2026-09-24T17:10:43.484-04:00
1313,prizepicks,15201768,2026-09-25T13:21:15+00:00,10.5,standard,pre_game,2026-09-24T23:24:04.107-04:00
1314,prizepicks,15195194,2026-09-25T13:21:15+00:00,33.5,standard,pre_game,2026-09-24T16:00:17.608-04:00
1315,prizepicks,15195199,2026-09-25T13:21:15+00:00,18.5,standard,pre_game,2026-09-24T16:03:39.591-04:00
1316,prizepicks,15195195,2026-09-25T13:21:15+00:00,30.0,standard,pre_game,2026-09-24T16:00:17.643-04:00
1317,prizepicks,15195200,2026-09-25T13:21:15+00:00,10.5,standard,pre_game,2026-09-24T16:03:50.068-04:00
1318,prizepicks,15195196,2026-09-25T13:21:15+00:00,29.0,standard,pre_game,2026-09-24T16:00:17.673-04:00
1319,prizepicks,15195201,2026-09-25T13:21:15+00:00,19.5,standard,pre_game,2026-09-24T16:03:44.540-04:00
1320,prizepicks,15195197,2026-09-25T13:21:15+00:00,28.5,standard,pre_game,2026-09-24T16:03:25.772-04:00
1321,prizepicks,15195202,2026-09-25T13:21:15+00:00,12.5,standard,pre_game,2026-09-24T16:03:25.821-04:00
1322,prizepicks,15195198,2026-09-25T13:21:15+00:00,26.5,standard,pre_game,2026-09-24T16:03:34.024-04:00
1323,prizepicks,15195203,2026-09-25T13:21:15+00:00,14.5,standard,pre_game,2026-09-24T16:03:34.066-04:00
1324,prizepicks,15200440,2026-09-25T13:21:15+00:00,31.0,standard,pre_game,2026-09-24T15:56:45.350-04:00
1325,prizepicks,15200441,2026-09-25T13:21:15+00:00,30.5,standard,pre_game,2026-09-24T23:25:56.856-04:00
1326,prizepicks,15200442,2026-09-25T13:21:15+00:00,31.5,standard,pre_game,2026-09-24T21:15:57.398-04:00
1327,prizepicks,15200443,2026-09-25T13:21:15+00:00,28.0,standard,pre_game,2026-09-24T15:56:45.350-04:00
1328,prizepicks,15200444,2026-09-25T13:21:15+00:00,27.5,standard,pre_game,2026-09-24T15:56:45.350-04:00
1329,prizepicks,15200445,2026-09-25T13:21:15+00:00,29.0,standard,pre_game,2026-09-25T00:54:13.968-04:00
1330,prizepicks,15200446,2026-09-25T13:21:15+00:00,29.0,standard,pre_game,2026-09-24T15:56:49.989-04:00
1331,prizepicks,15200447,2026-09-25T13:21:15+00:00,28.5,standard,pre_game,2026-09-24T15:56:49.989-04:00
1332,prizepicks,15200448,2026-09-25T13:21:15+00:00,27.0,standard,pre_game,2026-09-24T15:56:49.989-04:00
1333,prizepicks,15200449,2026-09-25T13:21:15+00:00,25.0,standard,pre_game,2026-09-25T00:52:09.885-04:00
1334,prizepicks,15200450,2026-09-25T13:21:15+00:00,18.5,standard,pre_game,2026-09-24T15:56:45.350-04:00
1335,prizepicks,15200451,2026-09-25T13:21:15+00:00,12.0,standard,pre_game,2026-09-24T23:26:21.751-04:00
1336,prizepicks,15200452,2026-09-25T13:21:15+00:00,18.0,standard,pre_game,2026-09-24T15:56:45.350-04:00
1337,prizepicks,15200453,2026-09-25T13:21:15+00:00,15.5,standard,pre_game,2026-09-24T21:17:00.442-04:00
1338,prizepicks,15200454,2026-09-25T13:21:15+00:00,15.0,standard,pre_game,2026-09-24T15:56:45.350-04:00
1339,prizepicks,15200455,2026-09-25T13:21:15+00:00,11.0,standard,pre_game,2026-09-24T15:56:49.989-04:00
1340,prizepicks,15200456,2026-09-25T13:21:15+00:00,14.0,standard,pre_game,2026-09-24T15:56:49.989-04:00
1341,prizepicks,15200457,2026-09-25T13:21:15+00:00,14.5,standard,pre_game,2026-09-24T15:56:49.989-04:00
1342,prizepicks,15200458,2026-09-25T13:21:15+00:00,14.5,standard,pre_game,2026-09-24T15:56:49.989-04:00
1343,prizepicks,15200459,2026-09-25T13:21:15+00:00,13.0,standard,pre_game,2026-09-24T23:38:48.109-04:00
1344,prizepicks,15194506,2026-09-25T13:21:15+00:00,33.0,standard,pre_game,2026-09-25T08:51:26.150-04:00
1345,prizepicks,15194507,2026-09-25T13:21:15+00:00,29.5,standard,pre_game,2026-09-25T08:51:26.150-04:00
1346,prizepicks,15194508,2026-09-25T13:21:15+00:00,28.5,standard,pre_game,2026-09-25T08:51:26.150-04:00
1347,prizepicks,15194509,2026-09-25T13:21:15+00:00,28.5,standard,pre_game,2026-09-25T08:51:26.150-04:00
1348,prizepicks,15194510,2026-09-25T13:21:15+00:00,27.0,standard,pre_game,2026-09-25T08:51:26.150-04:00
1349,prizepicks,15194511,2026-09-25T13:21:15+00:00,29.0,standard,pre_game,2026-09-25T08:51:26.150-04:00
1350,prizepicks,15194512,2026-09-25T13:21:15+00:00,27.5,standard,pre_game,2026-09-25T08:51:26.150-04:00
1351,prizepicks,15194513,2026-09-25T13:21:15+00:00,27.5,standard,pre_game,2026-09-25T08:51:26.150-04:00
1352,prizepicks,15194514,2026-09-25T13:21:15+00:00,26.5,standard,pre_game,2026-09-25T08:51:26.150-04:00
1353,prizepicks,15194515,2026-09-25T13:21:15+00:00,25.0,standard,pre_game,2026-09-25T08:51:26.150-04:00
1354,prizepicks,15194516,2026-09-25T13:21:15+00:00,21.0,standard,pre_game,2026-09-25T08:51:26.150-04:00
1355,prizepicks,15194517,2026-09-25T13:21:15+00:00,12.5,standard,pre_game,2026-09-25T08:51:26.150-04:00
1356,prizepicks,15194518,2026-09-25T13:21:15+00:00,17.5,standard,pre_game,2026-09-25T08:51:26.150-04:00
1357,prizepicks,15194519,2026-09-25T13:21:15+00:00,18.0,standard,pre_game,2026-09-25T08:51:26.150-04:00
1358,prizepicks,15194520,2026-09-25T13:21:15+00:00,16.0,standard,pre_game,2026-09-25T08:51:26.150-04:00
1359,prizepicks,15194521,2026-09-25T13:21:15+00:00,16.0,standard,pre_game,2026-09-25T08:51:26.150-04:00
1360,prizepicks,15194522,2026-09-25T13:21:15+00:00,13.5,standard,pre_game,2026-09-25T08:51:26.150-04:00
1361,prizepicks,15194523,2026-09-25T13:21:15+00:00,14.5,standard,pre_game,2026-09-25T08:51:26.150-04:00
1362,prizepicks,15194524,2026-09-25T13:21:15+00:00,9.5,standard,pre_game,2026-09-25T08:51:26.150-04:00
1363,prizepicks,15194525,2026-09-25T13:21:15+00:00,13.0,standard,pre_game,2026-09-25T08:51:26.150-04:00
1364,prizepicks,15213092,2026-09-25T13:21:15+00:00,32.5,standard,pre_game,2026-09-25T00:19:28.750-04:00
1365,prizepicks,15213093,2026-09-25T13:21:15+00:00,28.5,standard,pre_game,2026-09-25T00:19:28.750-04:00
1366,prizepicks,15213095,2026-09-25T13:21:15+00:00,32.5,standard,pre_game,2026-09-25T00:19:28.750-04:00
1367,prizepicks,15213096,2026-09-25T13:21:15+00:00,28.5,standard,pre_game,2026-09-25T01:41:45.351-04:00
1368,prizepicks,15213097,2026-09-25T13:21:15+00:00,17.5,standard,pre_game,2026-09-25T00:19:28.750-04:00
1369,prizepicks,15213098,2026-09-25T13:21:15+00:00,16.5,standard,pre_game,2026-09-25T00:19:28.750-04:00
1370,prizepicks,15213100,2026-09-25T13:21:15+00:00,10.5,standard,pre_game,2026-09-25T00:19:28.750-04:00
1371,prizepicks,15213101,2026-09-25T13:21:15+00:00,15.5,standard,pre_game,2026-09-25T00:19:28.750-04:00
1372,prizepicks,15192251,2026-09-25T13:21:15+00:00,12.5,standard,pre_game,2026-09-24T11:19:41.642-04:00
1373,prizepicks,15192252,2026-09-25T13:21:15+00:00,15.5,standard,pre_game,2026-09-24T11:19:41.642-04:00
1374,prizepicks,15192253,2026-09-25T13:21:15+00:00,11.5,standard,pre_game,2026-09-24T11:19:41.642-04:00
1375,prizepicks,15192254,2026-09-25T13:21:15+00:00,15.5,standard,pre_game,2026-09-24T11:19:41.642-04:00
1376,prizepicks,15192255,2026-09-25T13:21:15+00:00,17.5,standard,pre_game,2026-09-24T11:19:41.642-04:00
1377,prizepicks,15192256,2026-09-25T13:21:15+00:00,17.0,standard,pre_game,2026-09-24T11:19:54.746-04:00
1378,prizepicks,15192257,2026-09-25T13:21:15+00:00,13.5,standard,pre_game,2026-09-24T11:19:54.746-04:00
1379,prizepicks,15192258,2026-09-25T13:21:15+00:00,16.5,standard,pre_game,2026-09-24T11:19:54.746-04:00
1380,prizepicks,15192260,2026-09-25T13:21:15+00:00,17.0,standard,pre_game,2026-09-24T11:19:54.746-04:00
1381,prizepicks,15192241,2026-09-25T13:21:15+00:00,27.0,standard,pre_game,2026-09-24T11:19:41.642-04:00
1382,prizepicks,15192242,2026-09-25T13:21:15+00:00,28.0,standard,pre_game,2026-09-24T11:19:41.642-04:00
1383,prizepicks,15192243,2026-09-25T13:21:15+00:00,31.5,standard,pre_game,2026-09-24T11:19:41.642-04:00
1384,prizepicks,15192244,2026-09-25T13:21:15+00:00,27.5,standard,pre_game,2026-09-24T14:52:25.785-04:00
1385,prizepicks,15192245,2026-09-25T13:21:15+00:00,30.0,standard,pre_game,2026-09-24T17:26:02.563-04:00
1386,prizepicks,15192246,2026-09-25T13:21:15+00:00,27.0,standard,pre_game,2026-09-24T11:19:54.746-04:00
1387,prizepicks,15192247,2026-09-25T13:21:15+00:00,27.0,standard,pre_game,2026-09-24T11:19:54.746-04:00
1388,prizepicks,15192248,2026-09-25T13:21:15+00:00,31.5,standard,pre_game,2026-09-24T11:19:54.746-04:00
1389,prizepicks,15192249,2026-09-25T13:21:15+00:00,33.0,standard,pre_game,2026-09-24T17:25:31.089-04:00
1390,prizepicks,15192250,2026-09-25T13:21:15+00:00,29.5,standard,pre_game,2026-09-24T11:19:54.746-04:00
1391,prizepicks,15194526,2026-09-25T13:21:15+00:00,33.0,standard,pre_game,2026-09-24T12:06:53.570-04:00
1392,prizepicks,15194527,2026-09-25T13:21:15+00:00,32.0,standard,pre_game,2026-09-24T12:06:53.570-04:00
1393,prizepicks,15194528,2026-09-25T13:21:15+00:00,28.0,standard,pre_game,2026-09-24T12:06:53.570-04:00
1394,prizepicks,15194529,2026-09-25T13:21:15+00:00,28.0,standard,pre_game,2026-09-24T12:06:53.570-04:00
1395,prizepicks,15194530,2026-09-25T13:21:15+00:00,25.0,standard,pre_game,2026-09-24T14:08:32.752-04:00
1396,prizepicks,15194531,2026-09-25T13:21:15+00:00,31.5,standard,pre_game,2026-09-25T03:58:36.251-04:00
1397,prizepicks,15194532,2026-09-25T13:21:15+00:00,28.0,standard,pre_game,2026-09-24T12:06:59.211-04:00
1398,prizepicks,15194533,2026-09-25T13:21:15+00:00,28.0,standard,pre_game,2026-09-24T12:06:59.211-04:00
1399,prizepicks,15194534,2026-09-25T13:21:15+00:00,27.5,standard,pre_game,2026-09-24T12:06:59.211-04:00
1400,prizepicks,15194535,2026-09-25T13:21:15+00:00,27.0,standard,pre_game,2026-09-24T12:06:59.211-04:00
1401,prizepicks,15194538,2026-09-25T13:21:15+00:00,20.0,standard,pre_game,2026-09-24T12:06:53.570-04:00
1402,prizepicks,15194542,2026-09-25T13:21:15+00:00,17.0,standard,pre_game,2026-09-24T23:55:45.816-04:00
1403,prizepicks,15194543,2026-09-25T13:21:15+00:00,15.5,standard,pre_game,2026-09-24T12:06:53.570-04:00
1404,prizepicks,15194545,2026-09-25T13:21:15+00:00,10.0,standard,pre_game,2026-09-24T12:06:53.570-04:00
1405,prizepicks,15194546,2026-09-25T13:21:15+00:00,11.5,standard,pre_game,2026-09-24T17:25:11.251-04:00
1406,prizepicks,15194547,2026-09-25T13:21:15+00:00,16.5,standard,pre_game,2026-09-24T15:27:03.304-04:00
1407,prizepicks,15194548,2026-09-25T13:21:15+00:00,15.0,standard,pre_game,2026-09-24T12:06:59.211-04:00
1408,prizepicks,15194549,2026-09-25T13:21:15+00:00,9.5,standard,pre_game,2026-09-24T12:06:59.211-04:00
1409,prizepicks,15194550,2026-09-25T13:21:15+00:00,15.0,standard,pre_game,2026-09-24T12:06:59.211-04:00
1410,prizepicks,15194551,2026-09-25T13:21:15+00:00,17.0,standard,pre_game,2026-09-24T12:06:59.211-04:00
1411,prizepicks,15200460,2026-09-25T13:21:15+00:00,32.0,standard,pre_game,2026-09-24T15:57:19.856-04:00
1412,prizepicks,15200461,2026-09-25T13:21:15+00:00,32.0,standard,pre_game,2026-09-24T15:57:19.856-04:00
1413,prizepicks,15200462,2026-09-25T13:21:15+00:00,29.5,standard,pre_game,2026-09-24T15:57:19.856-04:00
1414,prizepicks,15200463,2026-09-25T13:21:15+00:00,27.0,standard,pre_game,2026-09-24T15:57:19.856-04:00
1415,prizepicks,15200464,2026-09-25T13:21:15+00:00,27.0,standard,pre_game,2026-09-24T15:57:19.856-04:00
1416,prizepicks,15200465,2026-09-25T13:21:15+00:00,24.0,standard,pre_game,2026-09-24T16:15:19.996-04:00
1417,prizepicks,15200466,2026-09-25T13:21:15+00:00,25.0,standard,pre_game,2026-09-24T16:15:15.959-04:00
1418,prizepicks,15200467,2026-09-25T13:21:15+00:00,24.5,standard,pre_game,2026-09-24T23:12:21.975-04:00
1419,prizepicks,15200468,2026-09-25T13:21:15+00:00,25.5,standard,pre_game,2026-09-24T15:57:24.152-04:00
1420,prizepicks,15200469,2026-09-25T13:21:15+00:00,24.0,standard,pre_game,2026-09-24T15:57:24.152-04:00
1421,prizepicks,15200470,2026-09-25T13:21:15+00:00,11.0,standard,pre_game,2026-09-24T15:57:19.856-04:00
1422,prizepicks,15200471,2026-09-25T13:21:15+00:00,15.5,standard,pre_game,2026-09-24T15:57:19.856-04:00
1423,prizepicks,15200472,2026-09-25T13:21:15+00:00,17.5,standard,pre_game,2026-09-24T15:57:19.856-04:00
1424,prizepicks,15200473,2026-09-25T13:21:15+00:00,14.5,standard,pre_game,2026-09-24T15:57:19.856-04:00
1425,prizepicks,15200474,2026-09-25T13:21:15+00:00,13.5,standard,pre_game,2026-09-24T15:57:19.856-04:00
1426,prizepicks,15200475,2026-09-25T13:21:15+00:00,15.0,standard,pre_game,2026-09-24T22:41:32.110-04:00
1427,prizepicks,15200476,2026-09-25T13:21:15+00:00,14.5,standard,pre_game,2026-09-24T15:57:24.152-04:00
1428,prizepicks,15200477,2026-09-25T13:21:15+00:00,16.0,standard,pre_game,2026-09-24T15:57:24.152-04:00
1429,prizepicks,15200478,2026-09-25T13:21:15+00:00,9.5,standard,pre_game,2026-09-24T15:57:24.152-04:00
1430,prizepicks,15200479,2026-09-25T13:21:15+00:00,12.0,standard,pre_game,2026-09-24T15:57:24.152-04:00
1431,prizepicks,15198653,2026-09-25T13:21:15+00:00,32.5,standard,pre_game,2026-09-24T15:14:09.253-04:00
1432,prizepicks,15198663,2026-09-25T13:21:15+00:00,19.0,standard,pre_game,2026-09-24T21:14:41.428-04:00
1433,prizepicks,15198654,2026-09-25T13:21:15+00:00,30.5,standard,pre_game,2026-09-24T15:09:32.851-04:00
1434,prizepicks,15198664,2026-09-25T13:21:15+00:00,14.5,standard,pre_game,2026-09-24T15:09:32.851-04:00
1435,prizepicks,15198655,2026-09-25T13:21:15+00:00,29.0,standard,pre_game,2026-09-24T15:09:32.851-04:00
1436,prizepicks,15198665,2026-09-25T13:21:15+00:00,10.5,standard,pre_game,2026-09-24T15:09:32.851-04:00
1437,prizepicks,15198656,2026-09-25T13:21:15+00:00,29.0,standard,pre_game,2026-09-24T15:09:32.851-04:00
1438,prizepicks,15198666,2026-09-25T13:21:15+00:00,16.5,standard,pre_game,2026-09-24T15:09:32.851-04:00
1439,prizepicks,15198657,2026-09-25T13:21:15+00:00,26.0,standard,pre_game,2026-09-24T15:09:32.851-04:00
1440,prizepicks,15198667,2026-09-25T13:21:15+00:00,13.0,standard,pre_game,2026-09-24T15:09:32.851-04:00
1441,prizepicks,15198658,2026-09-25T13:21:15+00:00,27.5,standard,pre_game,2026-09-24T15:09:38.410-04:00
1442,prizepicks,15198668,2026-09-25T13:21:15+00:00,9.5,standard,pre_game,2026-09-24T15:09:38.410-04:00
1443,prizepicks,15198659,2026-09-25T13:21:15+00:00,26.5,standard,pre_game,2026-09-25T01:53:52.670-04:00
1444,prizepicks,15198669,2026-09-25T13:21:15+00:00,13.0,standard,pre_game,2026-09-24T23:11:22.405-04:00
1445,prizepicks,15198660,2026-09-25T13:21:15+00:00,26.0,standard,pre_game,2026-09-24T15:09:38.410-04:00
1446,prizepicks,15198670,2026-09-25T13:21:15+00:00,13.0,standard,pre_game,2026-09-24T15:09:38.410-04:00
1447,prizepicks,15198661,2026-09-25T13:21:15+00:00,26.0,standard,pre_game,2026-09-24T15:09:38.410-04:00
1448,prizepicks,15198671,2026-09-25T13:21:15+00:00,15.5,standard,pre_game,2026-09-24T15:09:38.410-04:00
1449,prizepicks,15198662,2026-09-25T13:21:15+00:00,24.0,standard,pre_game,2026-09-24T23:12:39.431-04:00
1450,prizepicks,15198672,2026-09-25T13:21:15+00:00,12.5,standard,pre_game,2026-09-24T16:16:44.278-04:00
1451,prizepicks,15212932,2026-09-25T13:21:15+00:00,16.5,demon,pre_game,2026-09-25T01:38:38.517-04:00
1452,prizepicks,15212935,2026-09-25T13:21:15+00:00,16.5,demon,pre_game,2026-09-25T01:38:30.160-04:00
1453,prizepicks,15212917,2026-09-25T13:21:15+00:00,15.5,demon,pre_game,2026-09-25T01:38:38.517-04:00
1454,prizepicks,15212920,2026-09-25T13:21:15+00:00,15.5,demon,pre_game,2026-09-25T01:38:30.160-04:00
1455,prizepicks,15212924,2026-09-25T13:21:15+00:00,15.5,demon,pre_game,2026-09-25T01:38:30.160-04:00
1456,prizepicks,15212931,2026-09-25T13:21:15+00:00,15.5,standard,pre_game,2026-09-25T01:38:38.517-04:00
1457,prizepicks,15212934,2026-09-25T13:21:15+00:00,15.5,standard,pre_game,2026-09-25T01:38:30.160-04:00
1458,prizepicks,15212916,2026-09-25T13:21:15+00:00,14.5,standard,pre_game,2026-09-25T01:38:38.517-04:00
1459,prizepicks,15212919,2026-09-25T13:21:15+00:00,14.5,standard,pre_game,2026-09-25T01:38:30.160-04:00
1460,prizepicks,15212933,2026-09-25T13:21:15+00:00,14.5,goblin,pre_game,2026-09-25T01:38:38.517-04:00
1461,prizepicks,15212936,2026-09-25T13:21:15+00:00,14.5,goblin,pre_game,2026-09-25T01:38:30.160-04:00
1462,prizepicks,15212918,2026-09-25T13:21:15+00:00,13.5,goblin,pre_game,2026-09-25T01:38:38.517-04:00
1463,prizepicks,15212921,2026-09-25T13:21:15+00:00,13.5,goblin,pre_game,2026-09-25T01:38:30.160-04:00
1464,prizepicks,15212922,2026-09-25T13:21:15+00:00,13.5,goblin,pre_game,2026-09-25T01:38:38.517-04:00
1465,prizepicks,15212923,2026-09-25T13:21:15+00:00,13.5,goblin,pre_game,2026-09-25T01:38:30.160-04:00
1466,prizepicks,15212905,2026-09-25T13:21:15+00:00,11.5,goblin,pre_game,2026-09-25T01:38:38.517-04:00
1467,prizepicks,15212907,2026-09-25T13:21:15+00:00,11.5,goblin,pre_game,2026-09-25T01:38:30.160-04:00
1468,prizepicks,15212904,2026-09-25T13:21:15+00:00,7.5,standard,pre_game,2026-09-25T08:56:27.543-04:00
1469,prizepicks,15212906,2026-09-25T13:21:15+00:00,7.5,standard,pre_game,2026-09-25T08:56:27.504-04:00
1470,prizepicks,15212980,2026-09-25T13:21:15+00:00,16.5,demon,pre_game,2026-09-25T01:43:27.356-04:00
1471,prizepicks,15212953,2026-09-25T13:21:15+00:00,15.5,demon,pre_game,2026-09-25T01:43:27.356-04:00
1472,prizepicks,15212960,2026-09-25T13:21:15+00:00,15.5,demon,pre_game,2026-09-25T01:40:48.704-04:00
1473,prizepicks,15212968,2026-09-25T13:21:15+00:00,15.5,demon,pre_game,2026-09-25T01:43:27.356-04:00
1474,prizepicks,15212974,2026-09-25T13:21:15+00:00,15.5,demon,pre_game,2026-09-25T01:40:48.704-04:00
1475,prizepicks,15212979,2026-09-25T13:21:15+00:00,15.5,standard,pre_game,2026-09-25T01:43:27.356-04:00
1476,prizepicks,15212997,2026-09-25T13:21:15+00:00,15.5,demon,pre_game,2026-09-25T01:40:48.704-04:00
1477,prizepicks,15212959,2026-09-25T13:21:15+00:00,14.5,standard,pre_game,2026-09-25T01:40:48.704-04:00
1478,prizepicks,15212967,2026-09-25T13:21:15+00:00,14.5,standard,pre_game,2026-09-25T01:43:27.356-04:00
1479,prizepicks,15212973,2026-09-25T13:21:15+00:00,14.5,standard,pre_game,2026-09-25T01:40:48.704-04:00
1480,prizepicks,15212981,2026-09-25T13:21:15+00:00,14.5,goblin,pre_game,2026-09-25T01:43:27.356-04:00
1481,prizepicks,15212996,2026-09-25T13:21:15+00:00,14.5,standard,pre_game,2026-09-25T01:40:48.704-04:00
1482,prizepicks,15212961,2026-09-25T13:21:15+00:00,13.5,goblin,pre_game,2026-09-25T01:40:48.704-04:00
1483,prizepicks,15212969,2026-09-25T13:21:15+00:00,13.5,goblin,pre_game,2026-09-25T01:43:27.356-04:00
1484,prizepicks,15212975,2026-09-25T13:21:15+00:00,13.5,goblin,pre_game,2026-09-25T01:40:48.704-04:00
1485,prizepicks,15212992,2026-09-25T13:21:15+00:00,13.5,demon,pre_game,2026-09-25T01:40:48.704-04:00
1486,prizepicks,15212998,2026-09-25T13:21:15+00:00,13.5,goblin,pre_game,2026-09-25T01:40:48.704-04:00
1487,prizepicks,15212991,2026-09-25T13:21:15+00:00,12.5,standard,pre_game,2026-09-25T01:40:48.704-04:00
1488,prizepicks,15212993,2026-09-25T13:21:15+00:00,11.5,goblin,pre_game,2026-09-25T01:40:48.704-04:00
1489,prizepicks,15212952,2026-09-25T13:21:15+00:00,7.5,standard,pre_game,2026-09-25T01:43:27.356-04:00
1490,prizepicks,15212958,2026-09-25T13:21:15+00:00,7.5,standard,pre_game,2026-09-25T01:40:48.704-04:00
1491,prizepicks,15212966,2026-09-25T13:21:15+00:00,4.5,standard,pre_game,2026-09-25T01:43:27.356-04:00
1492,prizepicks,15215017,2026-09-25T13:21:15+00:00,25.5,standard,pre_game,2026-09-25T01:38:38.517-04:00
1493,prizepicks,15215022,2026-09-25T13:21:15+00:00,14.5,standard,pre_game,2026-09-25T01:38:38.517-04:00
1494,prizepicks,15215018,2026-09-25T13:21:15+00:00,29.5,standard,pre_game,2026-09-25T01:38:38.517-04:00
1495,prizepicks,15215019,2026-09-25T13:21:15+00:00,31.5,standard,pre_game,2026-09-25T01:38:38.517-04:00
1496,prizepicks,15215024,2026-09-25T13:21:15+00:00,16.5,standard,pre_game,2026-09-25T01:38:38.517-04:00
1497,prizepicks,15215020,2026-09-25T13:21:15+00:00,31.5,standard,pre_game,2026-09-25T01:38:38.517-04:00
1498,prizepicks,15215025,2026-09-25T13:21:15+00:00,15.5,standard,pre_game,2026-09-25T01:38:38.517-04:00
1499,prizepicks,15215021,2026-09-25T13:21:15+00:00,29.5,standard,pre_game,2026-09-25T01:38:38.517-04:00
1500,prizepicks,15215026,2026-09-25T13:21:15+00:00,14.5,standard,pre_game,2026-09-25T01:38:38.517-04:00
1501,prizepicks,15215272,2026-09-25T13:21:15+00:00,29.5,standard,pre_game,2026-09-25T01:42:28.810-04:00
1502,prizepicks,15215280,2026-09-25T13:21:15+00:00,15.5,standard,pre_game,2026-09-25T01:42:28.689-04:00
1503,prizepicks,15215273,2026-09-25T13:21:15+00:00,30.5,standard,pre_game,2026-09-25T01:42:28.840-04:00
1504,prizepicks,15215281,2026-09-25T13:21:15+00:00,15.5,standard,pre_game,2026-09-25T01:42:28.723-04:00
1505,prizepicks,15215274,2026-09-25T13:21:15+00:00,24.5,standard,pre_game,2026-09-25T01:42:28.782-04:00
1506,prizepicks,15215282,2026-09-25T13:21:15+00:00,13.5,standard,pre_game,2026-09-25T01:42:28.751-04:00
1507,prizepicks,15215275,2026-09-25T13:21:15+00:00,30.5,standard,pre_game,2026-09-25T01:42:28.640-04:00
1508,prizepicks,15215283,2026-09-25T13:21:15+00:00,16.5,standard,pre_game,2026-09-25T01:42:28.870-04:00
1509,prizepicks,15215276,2026-09-25T13:21:15+00:00,29.5,standard,pre_game,2026-09-25T01:41:18.689-04:00
1510,prizepicks,15215284,2026-09-25T13:21:15+00:00,15.5,standard,pre_game,2026-09-25T01:41:18.689-04:00
1511,prizepicks,15215277,2026-09-25T13:21:15+00:00,31.5,standard,pre_game,2026-09-25T01:41:18.689-04:00
1512,prizepicks,15215285,2026-09-25T13:21:15+00:00,14.5,standard,pre_game,2026-09-25T01:41:18.689-04:00
1513,prizepicks,15215278,2026-09-25T13:21:15+00:00,29.5,standard,pre_game,2026-09-25T01:41:18.689-04:00
1514,prizepicks,15215286,2026-09-25T13:21:15+00:00,10.5,standard,pre_game,2026-09-25T01:41:18.689-04:00
1515,prizepicks,15215279,2026-09-25T13:21:15+00:00,26.5,standard,pre_game,2026-09-25T01:41:18.689-04:00
1516,prizepicks,15215287,2026-09-25T13:21:15+00:00,13.5,standard,pre_game,2026-09-25T01:41:18.689-04:00
1517,prizepicks,14889444,2026-09-25T13:22:27+00:00,7.5,standard,pre_game,2026-09-23T23:18:35.181-04:00
1518,prizepicks,14893789,2026-09-25T13:22:27+00:00,90.5,standard,pre_game,2026-09-22T10:30:37.173-04:00
1519,prizepicks,14893790,2026-09-25T13:22:27+00:00,94.5,standard,pre_game,2026-09-20T20:06:51.078-04:00
1520,prizepicks,14893661,2026-09-25T13:22:27+00:00,29.5,standard,pre_game,2026-09-15T19:46:42.682-04:00
1521,prizepicks,14893662,2026-09-25T13:22:27+00:00,31.5,standard,pre_game,2026-09-15T19:45:18.094-04:00
1522,prizepicks,14893663,2026-09-25T13:22:27+00:00,26.5,standard,pre_game,2026-09-15T16:44:07.102-04:00
1523,prizepicks,14893664,2026-09-25T13:22:27+00:00,28.5,standard,pre_game,2026-09-15T16:44:07.102-04:00
1524,prizepicks,14893665,2026-09-25T13:22:27+00:00,31.0,standard,pre_game,2026-09-22T17:33:48.439-04:00
1525,prizepicks,14893666,2026-09-25T13:22:27+00:00,31.0,standard,pre_game,2026-09-16T20:06:33.663-04:00
1526,prizepicks,14893667,2026-09-25T13:22:27+00:00,33.5,standard,pre_game,2026-09-20T20:06:51.038-04:00
1527,prizepicks,14893668,2026-09-25T13:22:27+00:00,26.5,standard,pre_game,2026-09-15T16:43:58.006-04:00
1528,prizepicks,14893669,2026-09-25T13:22:27+00:00,29.5,standard,pre_game,2026-09-15T16:43:58.006-04:00
1529,prizepicks,14893670,2026-09-25T13:22:27+00:00,31.5,standard,pre_game,2026-09-15T16:43:58.006-04:00
1530,prizepicks,14889445,2026-09-25T13:22:27+00:00,7.5,standard,pre_game,2026-09-15T16:44:20.483-04:00
1531,prizepicks,14893792,2026-09-25T13:22:27+00:00,59.5,standard,pre_game,2026-09-24T23:29:52.674-04:00
1532,prizepicks,14893672,2026-09-25T13:22:27+00:00,31.5,standard,pre_game,2026-09-23T23:59:58.956-04:00
1533,prizepicks,14893673,2026-09-25T13:22:27+00:00,35.5,standard,pre_game,2026-09-15T19:40:42.526-04:00
1534,prizepicks,14893674,2026-09-25T13:22:27+00:00,29.0,standard,pre_game,2026-09-22T20:26:53.680-04:00
1535,prizepicks,14893675,2026-09-25T13:22:27+00:00,32.5,standard,pre_game,2026-09-15T16:44:20.483-04:00
1536,prizepicks,14893676,2026-09-25T13:22:27+00:00,25.5,standard,pre_game,2026-09-15T19:44:24.606-04:00
1537,prizepicks,14893677,2026-09-25T13:22:27+00:00,34.5,standard,pre_game,2026-09-15T16:49:04.005-04:00
1538,prizepicks,14893678,2026-09-25T13:22:27+00:00,28.0,standard,pre_game,2026-09-15T19:41:03.824-04:00
1539,prizepicks,14893679,2026-09-25T13:22:27+00:00,28.5,standard,pre_game,2026-09-15T19:45:36.562-04:00
1540,prizepicks,14893680,2026-09-25T13:22:27+00:00,25.5,standard,pre_game,2026-09-15T16:48:36.355-04:00
1541,prizepicks,14889446,2026-09-25T13:22:27+00:00,8.5,standard,pre_game,2026-09-15T16:44:41.745-04:00
1542,prizepicks,14893793,2026-09-25T13:22:27+00:00,90.5,standard,pre_game,2026-09-15T16:44:41.745-04:00
1543,prizepicks,14893794,2026-09-25T13:22:27+00:00,62.5,standard,pre_game,2026-09-22T10:30:59.953-04:00
1544,prizepicks,14893681,2026-09-25T13:22:27+00:00,31.0,standard,pre_game,2026-09-24T23:29:08.801-04:00
1545,prizepicks,14893682,2026-09-25T13:22:27+00:00,28.5,standard,pre_game,2026-09-15T19:41:39.730-04:00
1546,prizepicks,14893683,2026-09-25T13:22:27+00:00,31.5,standard,pre_game,2026-09-15T16:44:41.745-04:00
1547,prizepicks,14893684,2026-09-25T13:22:27+00:00,28.0,standard,pre_game,2026-09-15T16:44:41.745-04:00
1548,prizepicks,14893685,2026-09-25T13:22:27+00:00,32.0,standard,pre_game,2026-09-16T20:05:48.179-04:00
1549,prizepicks,14893686,2026-09-25T13:22:27+00:00,24.5,standard,pre_game,2026-09-16T20:04:56.117-04:00
1550,prizepicks,14893687,2026-09-25T13:22:27+00:00,32.0,standard,pre_game,2026-09-22T17:33:27.384-04:00
1551,prizepicks,14893688,2026-09-25T13:22:27+00:00,25.5,standard,pre_game,2026-09-15T16:44:48.797-04:00
1552,prizepicks,14893689,2026-09-25T13:22:27+00:00,32.0,standard,pre_game,2026-09-24T17:24:42.042-04:00
1553,prizepicks,14893690,2026-09-25T13:22:27+00:00,27.5,standard,pre_game,2026-09-15T16:48:12.189-04:00
1554,prizepicks,14889447,2026-09-25T13:22:27+00:00,7.5,standard,pre_game,2026-09-15T16:45:43.494-04:00
1555,prizepicks,14893795,2026-09-25T13:22:27+00:00,88.0,standard,pre_game,2026-09-21T02:33:55.383-04:00
1556,prizepicks,14893796,2026-09-25T13:22:27+00:00,54.0,standard,pre_game,2026-09-15T16:45:28.279-04:00
1557,prizepicks,14893691,2026-09-25T13:22:27+00:00,28.5,standard,pre_game,2026-09-15T19:42:02.481-04:00
1558,prizepicks,14893692,2026-09-25T13:22:27+00:00,24.0,standard,pre_game,2026-09-22T17:34:17.243-04:00
1559,prizepicks,14893693,2026-09-25T13:22:27+00:00,27.5,standard,pre_game,2026-09-15T16:45:28.279-04:00
1560,prizepicks,14893694,2026-09-25T13:22:27+00:00,31.5,standard,pre_game,2026-09-15T16:45:28.279-04:00
1561,prizepicks,14893695,2026-09-25T13:22:27+00:00,26.5,standard,pre_game,2026-09-15T16:45:28.279-04:00
1562,prizepicks,14893696,2026-09-25T13:22:27+00:00,27.5,standard,pre_game,2026-09-15T16:45:43.494-04:00
1563,prizepicks,14893697,2026-09-25T13:22:27+00:00,29.5,standard,pre_game,2026-09-15T16:45:43.494-04:00
1564,prizepicks,14893698,2026-09-25T13:22:27+00:00,31.0,standard,pre_game,2026-09-21T02:33:55.336-04:00
1565,prizepicks,14893699,2026-09-25T13:22:27+00:00,26.5,standard,pre_game,2026-09-15T16:45:43.494-04:00
1566,prizepicks,14893700,2026-09-25T13:22:27+00:00,33.5,standard,pre_game,2026-09-15T16:45:43.494-04:00
1567,prizepicks,15193939,2026-09-25T13:22:27+00:00,91.0,standard,pre_game,2026-09-24T11:52:08.332-04:00
1568,prizepicks,15193940,2026-09-25T13:22:27+00:00,61.0,standard,pre_game,2026-09-24T11:52:08.332-04:00
1569,prizepicks,15193848,2026-09-25T13:22:27+00:00,29.5,standard,pre_game,2026-09-24T11:52:08.332-04:00
1570,prizepicks,15193851,2026-09-25T13:22:27+00:00,29.5,standard,pre_game,2026-09-24T11:52:08.332-04:00
1571,prizepicks,15193853,2026-09-25T13:22:27+00:00,30.5,standard,pre_game,2026-09-24T11:52:08.332-04:00
1572,prizepicks,15193854,2026-09-25T13:22:27+00:00,31.5,standard,pre_game,2026-09-24T11:52:08.332-04:00
1573,prizepicks,15193855,2026-09-25T13:22:27+00:00,29.5,standard,pre_game,2026-09-24T12:09:43.359-04:00
1574,prizepicks,15193856,2026-09-25T13:22:27+00:00,32.0,standard,pre_game,2026-09-24T11:52:08.332-04:00
1575,prizepicks,15193857,2026-09-25T13:22:27+00:00,28.5,standard,pre_game,2026-09-24T11:52:08.332-04:00
1576,prizepicks,15193858,2026-09-25T13:22:27+00:00,29.5,standard,pre_game,2026-09-24T11:52:08.332-04:00
1577,prizepicks,15193859,2026-09-25T13:22:27+00:00,29.5,standard,pre_game,2026-09-24T11:52:08.332-04:00
1578,prizepicks,15193860,2026-09-25T13:22:27+00:00,32.5,standard,pre_game,2026-09-24T12:13:30.387-04:00
1579,prizepicks,15193941,2026-09-25T13:22:27+00:00,93.0,standard,pre_game,2026-09-24T11:52:08.332-04:00
1580,prizepicks,15193861,2026-09-25T13:22:27+00:00,23.5,standard,pre_game,2026-09-24T11:52:08.332-04:00
1581,prizepicks,15193862,2026-09-25T13:22:27+00:00,32.5,standard,pre_game,2026-09-24T23:30:31.801-04:00
1582,prizepicks,15193863,2026-09-25T13:22:27+00:00,26.0,standard,pre_game,2026-09-24T11:52:08.332-04:00
1583,prizepicks,15193864,2026-09-25T13:22:27+00:00,30.5,standard,pre_game,2026-09-24T11:52:08.332-04:00
1584,prizepicks,15193865,2026-09-25T13:22:27+00:00,24.5,standard,pre_game,2026-09-24T11:52:08.332-04:00
1585,prizepicks,15193866,2026-09-25T13:22:27+00:00,31.5,standard,pre_game,2026-09-24T11:52:08.332-04:00
1586,prizepicks,15193867,2026-09-25T13:22:27+00:00,27.5,standard,pre_game,2026-09-24T11:52:08.332-04:00
1587,prizepicks,15193868,2026-09-25T13:22:27+00:00,25.5,standard,pre_game,2026-09-24T11:52:08.332-04:00
1588,prizepicks,15193869,2026-09-25T13:22:27+00:00,34.0,standard,pre_game,2026-09-24T11:52:08.332-04:00
1589,prizepicks,15199491,2026-09-25T13:22:39+00:00,6.5,standard,pre_game,2026-09-25T09:02:33.304-04:00
1590,prizepicks,15199492,2026-09-25T13:22:39+00:00,7.0,standard,pre_game,2026-09-25T09:02:33.304-04:00
1591,prizepicks,15199493,2026-09-25T13:22:39+00:00,3.5,standard,pre_game,2026-09-25T09:02:33.304-04:00
1592,prizepicks,15199494,2026-09-25T13:22:39+00:00,3.0,standard,pre_game,2026-09-25T09:02:33.304-04:00
1593,prizepicks,15199495,2026-09-25T13:22:39+00:00,2.5,standard,pre_game,2026-09-25T09:02:33.304-04:00
1594,prizepicks,15199496,2026-09-25T13:22:39+00:00,7.5,standard,pre_game,2026-09-25T09:02:33.304-04:00
1595,prizepicks,15199497,2026-09-25T13:22:39+00:00,8.5,standard,pre_game,2026-09-25T09:02:33.304-04:00
1596,prizepicks,15199498,2026-09-25T13:22:39+00:00,5.5,standard,pre_game,2026-09-25T09:02:33.304-04:00
1597,prizepicks,15199499,2026-09-25T13:22:39+00:00,3.0,standard,pre_game,2026-09-25T09:02:33.304-04:00
1598,prizepicks,15199500,2026-09-25T13:22:39+00:00,3.5,standard,pre_game,2026-09-25T09:02:33.304-04:00
1599,prizepicks,15199459,2026-09-25T13:22:39+00:00,14.0,standard,pre_game,2026-09-25T09:14:17.530-04:00
1600,prizepicks,15199460,2026-09-25T13:22:39+00:00,9.5,standard,pre_game,2026-09-25T09:14:17.530-04:00
1601,prizepicks,15199461,2026-09-25T13:22:39+00:00,7.0,standard,pre_game,2026-09-25T09:14:17.530-04:00
1602,prizepicks,15199462,2026-09-25T13:22:39+00:00,6.0,standard,pre_game,2026-09-25T09:14:17.530-04:00
1603,prizepicks,15199463,2026-09-25T13:22:39+00:00,13.5,standard,pre_game,2026-09-25T09:14:17.530-04:00
1604,prizepicks,15199464,2026-09-25T13:22:39+00:00,13.5,standard,pre_game,2026-09-25T09:14:17.530-04:00
1605,prizepicks,15199465,2026-09-25T13:22:39+00:00,8.0,standard,pre_game,2026-09-25T09:14:17.530-04:00
1606,prizepicks,15199466,2026-09-25T13:22:39+00:00,5.0,standard,pre_game,2026-09-25T09:14:17.530-04:00
1607,prizepicks,15199467,2026-09-25T13:22:39+00:00,4.5,standard,pre_game,2026-09-25T09:14:17.530-04:00
1608,prizepicks,15199468,2026-09-25T13:22:39+00:00,17.0,standard,pre_game,2026-09-24T22:10:31.020-04:00
1609,prizepicks,15199469,2026-09-25T13:22:39+00:00,16.5,standard,pre_game,2026-09-25T01:31:15.503-04:00
1610,prizepicks,15199470,2026-09-25T13:22:39+00:00,13.5,standard,pre_game,2026-09-24T22:10:31.020-04:00
1611,prizepicks,15199471,2026-09-25T13:22:39+00:00,7.0,standard,pre_game,2026-09-24T22:10:31.020-04:00
1612,prizepicks,15199472,2026-09-25T13:22:39+00:00,5.5,standard,pre_game,2026-09-24T22:10:31.020-04:00
1613,prizepicks,15199473,2026-09-25T13:22:39+00:00,13.5,standard,pre_game,2026-09-24T15:31:30.651-04:00
1614,prizepicks,15199474,2026-09-25T13:22:39+00:00,13.5,standard,pre_game,2026-09-25T03:16:12.421-04:00
1615,prizepicks,15199475,2026-09-25T13:22:39+00:00,11.5,standard,pre_game,2026-09-24T16:07:01.830-04:00
1616,prizepicks,15199476,2026-09-25T13:22:39+00:00,6.0,standard,pre_game,2026-09-24T15:31:30.651-04:00
1617,prizepicks,15199477,2026-09-25T13:22:39+00:00,5.0,standard,pre_game,2026-09-24T15:31:30.651-04:00
1618,prizepicks,15198016,2026-09-25T15:30:55+00:00,33.5,standard,pre_game,2026-09-25T10:58:53.581-04:00
1619,prizepicks,15198017,2026-09-25T15:30:55+00:00,28.5,standard,pre_game,2026-09-25T10:58:53.525-04:00
1620,prizepicks,15198018,2026-09-25T15:30:55+00:00,22.5,standard,pre_game,2026-09-24T22:27:48.005-04:00
1621,prizepicks,15198019,2026-09-25T15:30:55+00:00,18.5,standard,pre_game,2026-09-24T22:27:11.430-04:00
1622,prizepicks,15198571,2026-09-25T15:30:55+00:00,10.5,demon,pre_game,2026-09-24T14:57:03.486-04:00
1623,prizepicks,15197798,2026-09-25T15:30:55+00:00,8.5,standard,pre_game,2026-09-24T14:44:03.407-04:00
1624,prizepicks,15198572,2026-09-25T15:30:55+00:00,6.5,goblin,pre_game,2026-09-24T14:57:03.740-04:00
1625,prizepicks,15198493,2026-09-25T15:30:55+00:00,14.5,demon,pre_game,2026-09-24T14:52:23.507-04:00
1626,prizepicks,15197799,2026-09-25T15:30:55+00:00,12.5,standard,pre_game,2026-09-24T14:44:03.407-04:00
1627,prizepicks,15198494,2026-09-25T15:30:55+00:00,10.5,goblin,pre_game,2026-09-24T14:52:23.597-04:00
1628,prizepicks,15198799,2026-09-25T15:30:55+00:00,14.5,demon,pre_game,2026-09-24T15:04:31.551-04:00
1629,prizepicks,15197800,2026-09-25T15:30:55+00:00,12.5,standard,pre_game,2026-09-25T10:58:49.887-04:00
1630,prizepicks,15198800,2026-09-25T15:30:55+00:00,8.5,goblin,pre_game,2026-09-24T15:04:31.614-04:00
1631,prizepicks,15198842,2026-09-25T15:30:55+00:00,18.5,demon,pre_game,2026-09-24T15:06:07.578-04:00
1632,prizepicks,15197801,2026-09-25T15:30:55+00:00,15.5,standard,pre_game,2026-09-24T14:44:03.407-04:00
1633,prizepicks,15198843,2026-09-25T15:30:55+00:00,12.5,goblin,pre_game,2026-09-24T15:06:07.652-04:00
1634,prizepicks,15197973,2026-09-25T15:30:55+00:00,2.5,demon,pre_game,2026-09-24T14:44:03.407-04:00
1635,prizepicks,15198729,2026-09-25T15:30:55+00:00,9.5,demon,pre_game,2026-09-24T15:01:02.182-04:00
1636,prizepicks,15197803,2026-09-25T15:30:55+00:00,7.0,standard,pre_game,2026-09-24T17:10:44.778-04:00
1637,prizepicks,15198730,2026-09-25T15:30:55+00:00,5.5,goblin,pre_game,2026-09-24T15:01:02.257-04:00
1638,prizepicks,15198488,2026-09-25T15:30:55+00:00,9.5,demon,pre_game,2026-09-24T14:51:33.359-04:00
1639,prizepicks,15197804,2026-09-25T15:30:55+00:00,7.0,standard,pre_game,2026-09-24T22:27:40.342-04:00
1640,prizepicks,15198489,2026-09-25T15:30:55+00:00,5.5,goblin,pre_game,2026-09-24T14:51:33.416-04:00
1641,prizepicks,15198468,2026-09-25T15:30:55+00:00,11.5,demon,pre_game,2026-09-24T15:52:25.506-04:00
1642,prizepicks,15197805,2026-09-25T15:30:55+00:00,8.5,standard,pre_game,2026-09-24T15:48:00.789-04:00
1643,prizepicks,15198469,2026-09-25T15:30:55+00:00,5.5,goblin,pre_game,2026-09-24T15:52:28.245-04:00
1644,prizepicks,15198922,2026-09-25T15:30:55+00:00,13.5,demon,pre_game,2026-09-24T15:07:35.389-04:00
1645,prizepicks,15197806,2026-09-25T15:30:55+00:00,10.0,standard,pre_game,2026-09-24T22:27:11.373-04:00
1646,prizepicks,15198923,2026-09-25T15:30:55+00:00,7.5,goblin,pre_game,2026-09-24T15:07:35.441-04:00
1647,prizepicks,15197990,2026-09-25T15:30:55+00:00,1.5,goblin,pre_game,2026-09-24T14:43:54.424-04:00
1648,prizepicks,15192221,2026-09-25T15:31:07+00:00,27.5,standard,pre_game,2026-09-25T10:36:18.459-04:00
1649,prizepicks,15192222,2026-09-25T15:31:07+00:00,29.5,standard,pre_game,2026-09-25T10:36:18.459-04:00
1650,prizepicks,15192223,2026-09-25T15:31:07+00:00,30.5,standard,pre_game,2026-09-25T10:36:18.459-04:00
1651,prizepicks,15192224,2026-09-25T15:31:07+00:00,26.5,standard,pre_game,2026-09-25T10:36:18.459-04:00
1652,prizepicks,15192225,2026-09-25T15:31:07+00:00,31.5,standard,pre_game,2026-09-25T10:36:18.459-04:00
1653,prizepicks,15192226,2026-09-25T15:31:07+00:00,28.0,standard,pre_game,2026-09-25T10:36:18.459-04:00
1654,prizepicks,15192227,2026-09-25T15:31:07+00:00,29.5,standard,pre_game,2026-09-25T10:36:18.459-04:00
1655,prizepicks,15192228,2026-09-25T15:31:07+00:00,30.5,standard,pre_game,2026-09-25T10:36:18.459-04:00
1656,prizepicks,15192229,2026-09-25T15:31:07+00:00,24.0,standard,pre_game,2026-09-25T10:36:18.459-04:00
1657,prizepicks,15192230,2026-09-25T15:31:07+00:00,27.0,standard,pre_game,2026-09-25T10:36:18.459-04:00
1658,prizepicks,15192231,2026-09-25T15:31:07+00:00,16.5,standard,pre_game,2026-09-25T10:36:18.459-04:00
1659,prizepicks,15192232,2026-09-25T15:31:07+00:00,10.5,standard,pre_game,2026-09-25T10:36:18.459-04:00
1660,prizepicks,15192233,2026-09-25T15:31:07+00:00,17.5,standard,pre_game,2026-09-25T10:36:18.459-04:00
1661,prizepicks,15192234,2026-09-25T15:31:07+00:00,15.5,standard,pre_game,2026-09-25T10:36:18.459-04:00
1662,prizepicks,15192235,2026-09-25T15:31:07+00:00,16.5,standard,pre_game,2026-09-25T10:36:18.459-04:00
1663,prizepicks,15192236,2026-09-25T15:31:07+00:00,16.5,standard,pre_game,2026-09-25T10:36:18.459-04:00
1664,prizepicks,15192237,2026-09-25T15:31:07+00:00,9.0,standard,pre_game,2026-09-25T10:36:18.459-04:00
1665,prizepicks,15192238,2026-09-25T15:31:07+00:00,16.0,standard,pre_game,2026-09-25T10:36:18.459-04:00
1666,prizepicks,15192239,2026-09-25T15:31:07+00:00,12.0,standard,pre_game,2026-09-25T10:36:18.459-04:00
1667,prizepicks,15192240,2026-09-25T15:31:07+00:00,15.5,standard,pre_game,2026-09-25T10:36:18.459-04:00
1668,prizepicks,15194610,2026-09-25T15:31:07+00:00,15.5,standard,pre_game,2026-09-25T08:41:42.047-04:00
1669,prizepicks,15194611,2026-09-25T15:31:07+00:00,15.0,standard,pre_game,2026-09-25T08:41:42.047-04:00
1670,prizepicks,15194612,2026-09-25T15:31:07+00:00,14.0,standard,pre_game,2026-09-25T08:41:42.047-04:00
1671,prizepicks,15194613,2026-09-25T15:31:07+00:00,14.0,standard,pre_game,2026-09-25T08:41:42.047-04:00
1672,prizepicks,15194614,2026-09-25T15:31:07+00:00,13.5,standard,pre_game,2026-09-25T08:41:42.047-04:00
1673,prizepicks,15194615,2026-09-25T15:31:07+00:00,15.0,standard,pre_game,2026-09-25T08:41:42.047-04:00
1674,prizepicks,15194616,2026-09-25T15:31:07+00:00,15.0,standard,pre_game,2026-09-25T08:41:42.047-04:00
1675,prizepicks,15194617,2026-09-25T15:31:07+00:00,14.5,standard,pre_game,2026-09-25T08:41:42.047-04:00
1676,prizepicks,15194618,2026-09-25T15:31:07+00:00,14.5,standard,pre_game,2026-09-25T08:41:42.047-04:00
1677,prizepicks,15194619,2026-09-25T15:31:07+00:00,13.5,standard,pre_game,2026-09-25T08:41:42.047-04:00
1678,prizepicks,15194620,2026-09-25T15:31:07+00:00,4.5,standard,pre_game,2026-09-25T08:41:42.047-04:00
1679,prizepicks,15194621,2026-09-25T15:31:07+00:00,9.0,standard,pre_game,2026-09-25T08:41:42.047-04:00
1680,prizepicks,15194622,2026-09-25T15:31:07+00:00,8.0,standard,pre_game,2026-09-25T08:41:42.047-04:00
1681,prizepicks,15194623,2026-09-25T15:31:07+00:00,8.0,standard,pre_game,2026-09-25T08:41:42.047-04:00
1682,prizepicks,15194624,2026-09-25T15:31:07+00:00,7.5,standard,pre_game,2026-09-25T08:41:42.047-04:00
1683,prizepicks,15194625,2026-09-25T15:31:07+00:00,6.0,standard,pre_game,2026-09-25T08:41:42.047-04:00
1684,prizepicks,15194626,2026-09-25T15:31:07+00:00,8.5,standard,pre_game,2026-09-25T08:41:42.047-04:00
1685,prizepicks,15194627,2026-09-25T15:31:07+00:00,7.5,standard,pre_game,2026-09-25T08:41:42.047-04:00
1686,prizepicks,15194628,2026-09-25T15:31:07+00:00,8.5,standard,pre_game,2026-09-25T08:41:42.047-04:00
1687,prizepicks,15194629,2026-09-25T15:31:07+00:00,8.0,standard,pre_game,2026-09-25T08:41:42.047-04:00
1688,prizepicks,15196226,2026-09-25T15:31:07+00:00,29.5,standard,pre_game,2026-09-24T16:03:46.847-04:00
1689,prizepicks,15196236,2026-09-25T15:31:07+00:00,15.0,standard,pre_game,2026-09-24T23:27:26.581-04:00
1690,prizepicks,15196227,2026-09-25T15:31:07+00:00,29.5,standard,pre_game,2026-09-24T16:03:46.847-04:00
1691,prizepicks,15196237,2026-09-25T15:31:07+00:00,14.5,standard,pre_game,2026-09-24T16:03:46.847-04:00
1692,prizepicks,15196228,2026-09-25T15:31:07+00:00,25.0,standard,pre_game,2026-09-24T21:17:53.545-04:00
1693,prizepicks,15196238,2026-09-25T15:31:07+00:00,14.5,standard,pre_game,2026-09-24T23:06:44.332-04:00
1694,prizepicks,15196229,2026-09-25T15:31:07+00:00,29.5,standard,pre_game,2026-09-24T16:03:46.847-04:00
1695,prizepicks,15196239,2026-09-25T15:31:07+00:00,16.5,standard,pre_game,2026-09-24T16:03:46.847-04:00
1696,prizepicks,15196231,2026-09-25T15:31:07+00:00,28.5,standard,pre_game,2026-09-24T16:03:50.769-04:00
1697,prizepicks,15196232,2026-09-25T15:31:07+00:00,28.5,standard,pre_game,2026-09-24T16:03:50.769-04:00
1698,prizepicks,15196242,2026-09-25T15:31:07+00:00,9.0,standard,pre_game,2026-09-25T01:55:52.468-04:00
1699,prizepicks,15196233,2026-09-25T15:31:07+00:00,26.5,standard,pre_game,2026-09-24T16:03:50.769-04:00
1700,prizepicks,15196243,2026-09-25T15:31:07+00:00,16.5,standard,pre_game,2026-09-24T16:03:50.769-04:00
1701,prizepicks,15196234,2026-09-25T15:31:07+00:00,28.5,standard,pre_game,2026-09-24T16:03:50.769-04:00
1702,prizepicks,15196244,2026-09-25T15:31:07+00:00,15.5,standard,pre_game,2026-09-24T21:17:32.959-04:00
1703,prizepicks,15196235,2026-09-25T15:31:07+00:00,27.5,standard,pre_game,2026-09-24T16:03:50.769-04:00
1704,prizepicks,15196245,2026-09-25T15:31:07+00:00,15.5,standard,pre_game,2026-09-24T23:12:05.005-04:00
1705,prizepicks,15213142,2026-09-25T15:31:07+00:00,14.5,standard,pre_game,2026-09-25T11:07:20.804-04:00
1706,prizepicks,15213143,2026-09-25T15:31:07+00:00,12.0,standard,pre_game,2026-09-25T11:07:20.804-04:00
1707,prizepicks,15213144,2026-09-25T15:31:07+00:00,15.5,standard,pre_game,2026-09-25T11:07:20.804-04:00
1708,prizepicks,15213145,2026-09-25T15:31:07+00:00,16.0,standard,pre_game,2026-09-25T11:07:20.804-04:00
1709,prizepicks,15213146,2026-09-25T15:31:07+00:00,15.0,standard,pre_game,2026-09-25T11:07:20.804-04:00
1710,prizepicks,15213147,2026-09-25T15:31:07+00:00,12.0,standard,pre_game,2026-09-25T11:07:20.804-04:00
1711,prizepicks,15213148,2026-09-25T15:31:07+00:00,13.5,standard,pre_game,2026-09-25T11:07:20.804-04:00
1712,prizepicks,15213149,2026-09-25T15:31:07+00:00,15.0,standard,pre_game,2026-09-25T11:07:20.804-04:00
1713,prizepicks,15213150,2026-09-25T15:31:07+00:00,13.5,standard,pre_game,2026-09-25T11:07:20.804-04:00
1714,prizepicks,15213151,2026-09-25T15:31:07+00:00,13.5,standard,pre_game,2026-09-25T11:07:20.804-04:00
1715,prizepicks,15213153,2026-09-25T15:31:07+00:00,6.5,standard,pre_game,2026-09-25T11:07:20.804-04:00
1716,prizepicks,15213154,2026-09-25T15:31:07+00:00,10.5,standard,pre_game,2026-09-25T11:07:20.804-04:00
1717,prizepicks,15213155,2026-09-25T15:31:07+00:00,9.0,standard,pre_game,2026-09-25T11:07:20.804-04:00
1718,prizepicks,15213156,2026-09-25T15:31:07+00:00,8.0,standard,pre_game,2026-09-25T11:07:20.804-04:00
1719,prizepicks,15213157,2026-09-25T15:31:07+00:00,5.5,standard,pre_game,2026-09-25T11:07:20.804-04:00
1720,prizepicks,15213158,2026-09-25T15:31:07+00:00,6.5,standard,pre_game,2026-09-25T11:07:20.804-04:00
1721,prizepicks,15213159,2026-09-25T15:31:07+00:00,8.0,standard,pre_game,2026-09-25T11:07:20.804-04:00
1722,prizepicks,15213160,2026-09-25T15:31:07+00:00,7.0,standard,pre_game,2026-09-25T11:07:20.804-04:00
1723,prizepicks,15213161,2026-09-25T15:31:07+00:00,4.5,standard,pre_game,2026-09-25T11:07:20.804-04:00
1724,prizepicks,15195630,2026-09-25T15:31:07+00:00,14.0,standard,pre_game,2026-09-25T10:24:56.720-04:00
1725,prizepicks,15195631,2026-09-25T15:31:07+00:00,15.5,standard,pre_game,2026-09-25T10:24:56.720-04:00
1726,prizepicks,15195632,2026-09-25T15:31:07+00:00,15.5,standard,pre_game,2026-09-25T10:24:56.720-04:00
1727,prizepicks,15195633,2026-09-25T15:31:07+00:00,15.5,standard,pre_game,2026-09-25T10:24:56.720-04:00
1728,prizepicks,15195634,2026-09-25T15:31:07+00:00,12.5,standard,pre_game,2026-09-25T10:24:56.720-04:00
1729,prizepicks,15195635,2026-09-25T15:31:07+00:00,8.0,standard,pre_game,2026-09-25T10:24:56.720-04:00
1730,prizepicks,15195636,2026-09-25T15:31:07+00:00,5.0,standard,pre_game,2026-09-25T10:24:56.720-04:00
1731,prizepicks,15195637,2026-09-25T15:31:07+00:00,10.5,standard,pre_game,2026-09-25T10:24:56.720-04:00
1732,prizepicks,15195638,2026-09-25T15:31:07+00:00,9.0,standard,pre_game,2026-09-25T10:24:56.720-04:00
1733,prizepicks,15195639,2026-09-25T15:31:07+00:00,6.5,standard,pre_game,2026-09-25T10:24:56.720-04:00
1734,prizepicks,15201749,2026-09-25T15:31:07+00:00,25.5,standard,pre_game,2026-09-24T17:10:38.524-04:00
1735,prizepicks,15201750,2026-09-25T15:31:07+00:00,28.5,standard,pre_game,2026-09-24T17:10:38.524-04:00
1736,prizepicks,15201751,2026-09-25T15:31:07+00:00,31.5,standard,pre_game,2026-09-24T17:10:38.524-04:00
1737,prizepicks,15201752,2026-09-25T15:31:07+00:00,31.0,standard,pre_game,2026-09-25T10:22:11.669-04:00
1738,prizepicks,15201753,2026-09-25T15:31:07+00:00,30.5,standard,pre_game,2026-09-24T23:25:28.973-04:00
1739,prizepicks,15201754,2026-09-25T15:31:07+00:00,26.5,standard,pre_game,2026-09-25T10:37:39.364-04:00
1740,prizepicks,15201755,2026-09-25T15:31:07+00:00,29.5,standard,pre_game,2026-09-24T17:10:43.484-04:00
1741,prizepicks,15201756,2026-09-25T15:31:07+00:00,28.5,standard,pre_game,2026-09-24T17:10:43.484-04:00
1742,prizepicks,15201757,2026-09-25T15:31:07+00:00,23.5,standard,pre_game,2026-09-24T17:10:43.484-04:00
1743,prizepicks,15201758,2026-09-25T15:31:07+00:00,27.5,standard,pre_game,2026-09-24T23:13:21.402-04:00
1744,prizepicks,15201759,2026-09-25T15:31:07+00:00,15.5,standard,pre_game,2026-09-25T08:56:39.753-04:00
1745,prizepicks,15201761,2026-09-25T15:31:07+00:00,16.5,standard,pre_game,2026-09-24T17:10:38.524-04:00
1746,prizepicks,15201762,2026-09-25T15:31:07+00:00,16.0,standard,pre_game,2026-09-25T10:22:11.602-04:00
1747,prizepicks,15201763,2026-09-25T15:31:07+00:00,15.0,standard,pre_game,2026-09-24T17:10:38.524-04:00
1748,prizepicks,15201764,2026-09-25T15:31:07+00:00,16.5,standard,pre_game,2026-09-24T23:24:46.106-04:00
1749,prizepicks,15201765,2026-09-25T15:31:07+00:00,16.5,standard,pre_game,2026-09-24T17:10:43.484-04:00
1750,prizepicks,15201766,2026-09-25T15:31:07+00:00,17.5,standard,pre_game,2026-09-24T17:10:43.484-04:00
1751,prizepicks,15201767,2026-09-25T15:31:07+00:00,11.5,standard,pre_game,2026-09-24T17:10:43.484-04:00
1752,prizepicks,15201768,2026-09-25T15:31:07+00:00,10.5,standard,pre_game,2026-09-24T23:24:04.107-04:00
1753,prizepicks,15195194,2026-09-25T15:31:07+00:00,32.5,standard,pre_game,2026-09-25T10:37:27.068-04:00
1754,prizepicks,15195199,2026-09-25T15:31:07+00:00,18.5,standard,pre_game,2026-09-24T16:03:39.591-04:00
1755,prizepicks,15195195,2026-09-25T15:31:07+00:00,29.5,standard,pre_game,2026-09-25T10:38:00.614-04:00
1756,prizepicks,15195200,2026-09-25T15:31:07+00:00,10.5,standard,pre_game,2026-09-24T16:03:50.068-04:00
1757,prizepicks,15195196,2026-09-25T15:31:07+00:00,29.0,standard,pre_game,2026-09-24T16:00:17.673-04:00
1758,prizepicks,15195201,2026-09-25T15:31:07+00:00,19.5,standard,pre_game,2026-09-24T16:03:44.540-04:00
1759,prizepicks,15195197,2026-09-25T15:31:07+00:00,28.5,standard,pre_game,2026-09-24T16:03:25.772-04:00
1760,prizepicks,15195202,2026-09-25T15:31:07+00:00,12.5,standard,pre_game,2026-09-24T16:03:25.821-04:00
1761,prizepicks,15195198,2026-09-25T15:31:07+00:00,26.5,standard,pre_game,2026-09-24T16:03:34.024-04:00
1762,prizepicks,15195203,2026-09-25T15:31:07+00:00,14.5,standard,pre_game,2026-09-24T16:03:34.066-04:00
1763,prizepicks,15200440,2026-09-25T15:31:07+00:00,31.0,standard,pre_game,2026-09-24T15:56:45.350-04:00
1764,prizepicks,15200441,2026-09-25T15:31:07+00:00,30.5,standard,pre_game,2026-09-24T23:25:56.856-04:00
1765,prizepicks,15200442,2026-09-25T15:31:07+00:00,31.5,standard,pre_game,2026-09-24T21:15:57.398-04:00
1766,prizepicks,15200443,2026-09-25T15:31:07+00:00,28.0,standard,pre_game,2026-09-24T15:56:45.350-04:00
1767,prizepicks,15200444,2026-09-25T15:31:07+00:00,27.5,standard,pre_game,2026-09-24T15:56:45.350-04:00
1768,prizepicks,15200445,2026-09-25T15:31:07+00:00,29.0,standard,pre_game,2026-09-25T00:54:13.968-04:00
1769,prizepicks,15200446,2026-09-25T15:31:07+00:00,28.5,standard,pre_game,2026-09-25T10:38:10.875-04:00
1770,prizepicks,15200447,2026-09-25T15:31:07+00:00,28.5,standard,pre_game,2026-09-24T15:56:49.989-04:00
1771,prizepicks,15200448,2026-09-25T15:31:07+00:00,27.0,standard,pre_game,2026-09-24T15:56:49.989-04:00
1772,prizepicks,15200449,2026-09-25T15:31:07+00:00,25.0,standard,pre_game,2026-09-25T00:52:09.885-04:00
1773,prizepicks,15200450,2026-09-25T15:31:07+00:00,18.5,standard,pre_game,2026-09-24T15:56:45.350-04:00
1774,prizepicks,15200451,2026-09-25T15:31:07+00:00,12.0,standard,pre_game,2026-09-24T23:26:21.751-04:00
1775,prizepicks,15200452,2026-09-25T15:31:07+00:00,18.0,standard,pre_game,2026-09-24T15:56:45.350-04:00
1776,prizepicks,15200453,2026-09-25T15:31:07+00:00,15.5,standard,pre_game,2026-09-24T21:17:00.442-04:00
1777,prizepicks,15200454,2026-09-25T15:31:07+00:00,15.0,standard,pre_game,2026-09-24T15:56:45.350-04:00
1778,prizepicks,15200455,2026-09-25T15:31:07+00:00,11.0,standard,pre_game,2026-09-24T15:56:49.989-04:00
1779,prizepicks,15200456,2026-09-25T15:31:07+00:00,14.0,standard,pre_game,2026-09-24T15:56:49.989-04:00
1780,prizepicks,15200457,2026-09-25T15:31:07+00:00,14.5,standard,pre_game,2026-09-24T15:56:49.989-04:00
1781,prizepicks,15200458,2026-09-25T15:31:07+00:00,14.5,standard,pre_game,2026-09-24T15:56:49.989-04:00
1782,prizepicks,15200459,2026-09-25T15:31:07+00:00,13.0,standard,pre_game,2026-09-24T23:38:48.109-04:00
1783,prizepicks,15194506,2026-09-25T15:31:07+00:00,32.5,standard,pre_game,2026-09-25T10:37:47.460-04:00
1784,prizepicks,15194507,2026-09-25T15:31:07+00:00,30.5,standard,pre_game,2026-09-25T10:41:55.817-04:00
1785,prizepicks,15194508,2026-09-25T15:31:07+00:00,28.5,standard,pre_game,2026-09-25T08:51:26.150-04:00
1786,prizepicks,15194509,2026-09-25T15:31:07+00:00,28.5,standard,pre_game,2026-09-25T08:51:26.150-04:00
1787,prizepicks,15194510,2026-09-25T15:31:07+00:00,27.0,standard,pre_game,2026-09-25T08:51:26.150-04:00
1788,prizepicks,15194511,2026-09-25T15:31:07+00:00,29.0,standard,pre_game,2026-09-25T08:51:26.150-04:00
1789,prizepicks,15194512,2026-09-25T15:31:07+00:00,27.5,standard,pre_game,2026-09-25T08:51:26.150-04:00
1790,prizepicks,15194513,2026-09-25T15:31:07+00:00,27.5,standard,pre_game,2026-09-25T08:51:26.150-04:00
1791,prizepicks,15194514,2026-09-25T15:31:07+00:00,26.5,standard,pre_game,2026-09-25T08:51:26.150-04:00
1792,prizepicks,15194515,2026-09-25T15:31:07+00:00,25.0,standard,pre_game,2026-09-25T08:51:26.150-04:00
1793,prizepicks,15194516,2026-09-25T15:31:07+00:00,21.0,standard,pre_game,2026-09-25T08:51:26.150-04:00
1794,prizepicks,15194517,2026-09-25T15:31:07+00:00,12.5,standard,pre_game,2026-09-25T08:51:26.150-04:00
1795,prizepicks,15194518,2026-09-25T15:31:07+00:00,17.5,standard,pre_game,2026-09-25T08:51:26.150-04:00
1796,prizepicks,15194519,2026-09-25T15:31:07+00:00,18.0,standard,pre_game,2026-09-25T08:51:26.150-04:00
1797,prizepicks,15194520,2026-09-25T15:31:07+00:00,16.0,standard,pre_game,2026-09-25T08:51:26.150-04:00
1798,prizepicks,15194521,2026-09-25T15:31:07+00:00,16.0,standard,pre_game,2026-09-25T08:51:26.150-04:00
1799,prizepicks,15194522,2026-09-25T15:31:07+00:00,13.5,standard,pre_game,2026-09-25T08:51:26.150-04:00
1800,prizepicks,15194523,2026-09-25T15:31:07+00:00,14.5,standard,pre_game,2026-09-25T08:51:26.150-04:00
1801,prizepicks,15194524,2026-09-25T15:31:07+00:00,9.5,standard,pre_game,2026-09-25T08:51:26.150-04:00
1802,prizepicks,15194525,2026-09-25T15:31:07+00:00,13.0,standard,pre_game,2026-09-25T08:51:26.150-04:00
1803,prizepicks,15213092,2026-09-25T15:31:07+00:00,32.5,standard,pre_game,2026-09-25T00:19:28.750-04:00
1804,prizepicks,15213093,2026-09-25T15:31:07+00:00,28.5,standard,pre_game,2026-09-25T00:19:28.750-04:00
1805,prizepicks,15213095,2026-09-25T15:31:07+00:00,32.5,standard,pre_game,2026-09-25T00:19:28.750-04:00
1806,prizepicks,15213096,2026-09-25T15:31:07+00:00,28.5,standard,pre_game,2026-09-25T01:41:45.351-04:00
1807,prizepicks,15213097,2026-09-25T15:31:07+00:00,17.5,standard,pre_game,2026-09-25T00:19:28.750-04:00
1808,prizepicks,15213098,2026-09-25T15:31:07+00:00,16.5,standard,pre_game,2026-09-25T00:19:28.750-04:00
1809,prizepicks,15213100,2026-09-25T15:31:07+00:00,10.5,standard,pre_game,2026-09-25T00:19:28.750-04:00
1810,prizepicks,15213101,2026-09-25T15:31:07+00:00,15.5,standard,pre_game,2026-09-25T00:19:28.750-04:00
1811,prizepicks,15192251,2026-09-25T15:31:07+00:00,12.5,standard,pre_game,2026-09-24T11:19:41.642-04:00
1812,prizepicks,15192252,2026-09-25T15:31:07+00:00,15.5,standard,pre_game,2026-09-24T11:19:41.642-04:00
1813,prizepicks,15192253,2026-09-25T15:31:07+00:00,11.5,standard,pre_game,2026-09-24T11:19:41.642-04:00
1814,prizepicks,15192254,2026-09-25T15:31:07+00:00,15.5,standard,pre_game,2026-09-24T11:19:41.642-04:00
1815,prizepicks,15192255,2026-09-25T15:31:07+00:00,17.5,standard,pre_game,2026-09-24T11:19:41.642-04:00
1816,prizepicks,15192256,2026-09-25T15:31:07+00:00,17.0,standard,pre_game,2026-09-24T11:19:54.746-04:00
1817,prizepicks,15192257,2026-09-25T15:31:07+00:00,13.5,standard,pre_game,2026-09-24T11:19:54.746-04:00
1818,prizepicks,15192258,2026-09-25T15:31:07+00:00,16.5,standard,pre_game,2026-09-24T11:19:54.746-04:00
1819,prizepicks,15192260,2026-09-25T15:31:07+00:00,17.0,standard,pre_game,2026-09-24T11:19:54.746-04:00
1820,prizepicks,15192241,2026-09-25T15:31:07+00:00,27.0,standard,pre_game,2026-09-24T11:19:41.642-04:00
1821,prizepicks,15192242,2026-09-25T15:31:07+00:00,28.0,standard,pre_game,2026-09-24T11:19:41.642-04:00
1822,prizepicks,15192243,2026-09-25T15:31:07+00:00,31.5,standard,pre_game,2026-09-24T11:19:41.642-04:00
1823,prizepicks,15192244,2026-09-25T15:31:07+00:00,27.5,standard,pre_game,2026-09-24T14:52:25.785-04:00
1824,prizepicks,15192245,2026-09-25T15:31:07+00:00,30.0,standard,pre_game,2026-09-24T17:26:02.563-04:00
1825,prizepicks,15192246,2026-09-25T15:31:07+00:00,27.0,standard,pre_game,2026-09-24T11:19:54.746-04:00
1826,prizepicks,15192247,2026-09-25T15:31:07+00:00,27.0,standard,pre_game,2026-09-24T11:19:54.746-04:00
1827,prizepicks,15192248,2026-09-25T15:31:07+00:00,31.5,standard,pre_game,2026-09-24T11:19:54.746-04:00
1828,prizepicks,15192249,2026-09-25T15:31:07+00:00,33.0,standard,pre_game,2026-09-24T17:25:31.089-04:00
1829,prizepicks,15192250,2026-09-25T15:31:07+00:00,29.5,standard,pre_game,2026-09-24T11:19:54.746-04:00
1830,prizepicks,15194526,2026-09-25T15:31:07+00:00,33.0,standard,pre_game,2026-09-24T12:06:53.570-04:00
1831,prizepicks,15194527,2026-09-25T15:31:07+00:00,32.0,standard,pre_game,2026-09-24T12:06:53.570-04:00
1832,prizepicks,15194528,2026-09-25T15:31:07+00:00,28.0,standard,pre_game,2026-09-24T12:06:53.570-04:00
1833,prizepicks,15194529,2026-09-25T15:31:07+00:00,28.0,standard,pre_game,2026-09-24T12:06:53.570-04:00
1834,prizepicks,15194530,2026-09-25T15:31:07+00:00,25.0,standard,pre_game,2026-09-24T14:08:32.752-04:00
1835,prizepicks,15194531,2026-09-25T15:31:07+00:00,31.5,standard,pre_game,2026-09-25T03:58:36.251-04:00
1836,prizepicks,15194532,2026-09-25T15:31:07+00:00,28.0,standard,pre_game,2026-09-24T12:06:59.211-04:00
1837,prizepicks,15194533,2026-09-25T15:31:07+00:00,28.0,standard,pre_game,2026-09-24T12:06:59.211-04:00
1838,prizepicks,15194534,2026-09-25T15:31:07+00:00,27.5,standard,pre_game,2026-09-24T12:06:59.211-04:00
1839,prizepicks,15194535,2026-09-25T15:31:07+00:00,27.0,standard,pre_game,2026-09-24T12:06:59.211-04:00
1840,prizepicks,15194538,2026-09-25T15:31:07+00:00,20.0,standard,pre_game,2026-09-24T12:06:53.570-04:00
1841,prizepicks,15194542,2026-09-25T15:31:07+00:00,17.0,standard,pre_game,2026-09-24T23:55:45.816-04:00
1842,prizepicks,15194543,2026-09-25T15:31:07+00:00,15.5,standard,pre_game,2026-09-24T12:06:53.570-04:00
1843,prizepicks,15194545,2026-09-25T15:31:07+00:00,10.0,standard,pre_game,2026-09-24T12:06:53.570-04:00
1844,prizepicks,15194546,2026-09-25T15:31:07+00:00,11.5,standard,pre_game,2026-09-24T17:25:11.251-04:00
1845,prizepicks,15194547,2026-09-25T15:31:07+00:00,16.5,standard,pre_game,2026-09-24T15:27:03.304-04:00
1846,prizepicks,15194548,2026-09-25T15:31:07+00:00,15.0,standard,pre_game,2026-09-24T12:06:59.211-04:00
1847,prizepicks,15194549,2026-09-25T15:31:07+00:00,9.5,standard,pre_game,2026-09-24T12:06:59.211-04:00
1848,prizepicks,15194550,2026-09-25T15:31:07+00:00,15.0,standard,pre_game,2026-09-24T12:06:59.211-04:00
1849,prizepicks,15194551,2026-09-25T15:31:07+00:00,17.0,standard,pre_game,2026-09-24T12:06:59.211-04:00
1850,prizepicks,15194630,2026-09-25T15:31:07+00:00,16.0,standard,pre_game,2026-09-25T08:51:34.506-04:00
1851,prizepicks,15194631,2026-09-25T15:31:07+00:00,15.0,standard,pre_game,2026-09-25T10:41:53.569-04:00
1852,prizepicks,15194632,2026-09-25T15:31:07+00:00,14.5,standard,pre_game,2026-09-25T08:51:34.506-04:00
1853,prizepicks,15194633,2026-09-25T15:31:07+00:00,14.0,standard,pre_game,2026-09-25T08:51:34.506-04:00
1854,prizepicks,15194634,2026-09-25T15:31:07+00:00,13.5,standard,pre_game,2026-09-25T08:51:34.506-04:00
1855,prizepicks,15194635,2026-09-25T15:31:07+00:00,14.5,standard,pre_game,2026-09-25T08:51:34.506-04:00
1856,prizepicks,15194636,2026-09-25T15:31:07+00:00,13.5,standard,pre_game,2026-09-25T08:51:34.506-04:00
1857,prizepicks,15194637,2026-09-25T15:31:07+00:00,13.5,standard,pre_game,2026-09-25T08:51:34.506-04:00
1858,prizepicks,15194638,2026-09-25T15:31:07+00:00,13.0,standard,pre_game,2026-09-25T08:51:34.506-04:00
1859,prizepicks,15194639,2026-09-25T15:31:07+00:00,12.5,standard,pre_game,2026-09-25T08:51:34.506-04:00
1860,prizepicks,15194640,2026-09-25T15:31:07+00:00,10.0,standard,pre_game,2026-09-25T08:51:34.506-04:00
1861,prizepicks,15194641,2026-09-25T15:31:07+00:00,6.0,standard,pre_game,2026-09-25T08:51:34.506-04:00
1862,prizepicks,15194642,2026-09-25T15:31:07+00:00,8.5,standard,pre_game,2026-09-25T08:51:34.506-04:00
1863,prizepicks,15194643,2026-09-25T15:31:07+00:00,8.0,standard,pre_game,2026-09-25T08:51:34.506-04:00
1864,prizepicks,15194644,2026-09-25T15:31:07+00:00,8.0,standard,pre_game,2026-09-25T08:51:34.506-04:00
1865,prizepicks,15194645,2026-09-25T15:31:07+00:00,8.5,standard,pre_game,2026-09-25T08:51:34.506-04:00
1866,prizepicks,15194646,2026-09-25T15:31:07+00:00,6.5,standard,pre_game,2026-09-25T08:51:34.506-04:00
1867,prizepicks,15194647,2026-09-25T15:31:07+00:00,7.0,standard,pre_game,2026-09-25T08:51:34.506-04:00
1868,prizepicks,15194648,2026-09-25T15:31:07+00:00,4.5,standard,pre_game,2026-09-25T08:51:34.506-04:00
1869,prizepicks,15194649,2026-09-25T15:31:07+00:00,7.0,standard,pre_game,2026-09-25T08:51:34.506-04:00
1870,prizepicks,15200460,2026-09-25T15:31:07+00:00,32.0,standard,pre_game,2026-09-24T15:57:19.856-04:00
1871,prizepicks,15200461,2026-09-25T15:31:07+00:00,32.0,standard,pre_game,2026-09-24T15:57:19.856-04:00
1872,prizepicks,15200462,2026-09-25T15:31:07+00:00,29.5,standard,pre_game,2026-09-24T15:57:19.856-04:00
1873,prizepicks,15200463,2026-09-25T15:31:07+00:00,27.0,standard,pre_game,2026-09-24T15:57:19.856-04:00
1874,prizepicks,15200464,2026-09-25T15:31:07+00:00,27.0,standard,pre_game,2026-09-24T15:57:19.856-04:00
1875,prizepicks,15200465,2026-09-25T15:31:07+00:00,24.0,standard,pre_game,2026-09-24T16:15:19.996-04:00
1876,prizepicks,15200466,2026-09-25T15:31:07+00:00,25.0,standard,pre_game,2026-09-24T16:15:15.959-04:00
1877,prizepicks,15200467,2026-09-25T15:31:07+00:00,24.5,standard,pre_game,2026-09-24T23:12:21.975-04:00
1878,prizepicks,15200468,2026-09-25T15:31:07+00:00,25.5,standard,pre_game,2026-09-24T15:57:24.152-04:00
1879,prizepicks,15200469,2026-09-25T15:31:07+00:00,24.0,standard,pre_game,2026-09-24T15:57:24.152-04:00
1880,prizepicks,15200470,2026-09-25T15:31:07+00:00,11.0,standard,pre_game,2026-09-24T15:57:19.856-04:00
1881,prizepicks,15200471,2026-09-25T15:31:07+00:00,15.5,standard,pre_game,2026-09-24T15:57:19.856-04:00
1882,prizepicks,15200472,2026-09-25T15:31:07+00:00,17.5,standard,pre_game,2026-09-24T15:57:19.856-04:00
1883,prizepicks,15200473,2026-09-25T15:31:07+00:00,14.5,standard,pre_game,2026-09-24T15:57:19.856-04:00
1884,prizepicks,15200474,2026-09-25T15:31:07+00:00,13.5,standard,pre_game,2026-09-24T15:57:19.856-04:00
1885,prizepicks,15200475,2026-09-25T15:31:07+00:00,15.0,standard,pre_game,2026-09-24T22:41:32.110-04:00
1886,prizepicks,15200476,2026-09-25T15:31:07+00:00,14.5,standard,pre_game,2026-09-24T15:57:24.152-04:00
1887,prizepicks,15200477,2026-09-25T15:31:07+00:00,15.5,standard,pre_game,2026-09-25T11:18:38.932-04:00
1888,prizepicks,15200478,2026-09-25T15:31:07+00:00,9.5,standard,pre_game,2026-09-24T15:57:24.152-04:00
1889,prizepicks,15200479,2026-09-25T15:31:07+00:00,12.0,standard,pre_game,2026-09-24T15:57:24.152-04:00
1890,prizepicks,15198653,2026-09-25T15:31:07+00:00,32.5,standard,pre_game,2026-09-24T15:14:09.253-04:00
1891,prizepicks,15198663,2026-09-25T15:31:07+00:00,19.0,standard,pre_game,2026-09-24T21:14:41.428-04:00
1892,prizepicks,15198654,2026-09-25T15:31:07+00:00,30.5,standard,pre_game,2026-09-24T15:09:32.851-04:00
1893,prizepicks,15198664,2026-09-25T15:31:07+00:00,14.5,standard,pre_game,2026-09-24T15:09:32.851-04:00
1894,prizepicks,15198655,2026-09-25T15:31:07+00:00,29.0,standard,pre_game,2026-09-24T15:09:32.851-04:00
1895,prizepicks,15198665,2026-09-25T15:31:07+00:00,10.5,standard,pre_game,2026-09-24T15:09:32.851-04:00
1896,prizepicks,15198656,2026-09-25T15:31:07+00:00,29.0,standard,pre_game,2026-09-24T15:09:32.851-04:00
1897,prizepicks,15198666,2026-09-25T15:31:07+00:00,16.5,standard,pre_game,2026-09-24T15:09:32.851-04:00
1898,prizepicks,15198657,2026-09-25T15:31:07+00:00,26.0,standard,pre_game,2026-09-24T15:09:32.851-04:00
1899,prizepicks,15198667,2026-09-25T15:31:07+00:00,13.0,standard,pre_game,2026-09-24T15:09:32.851-04:00
1900,prizepicks,15198658,2026-09-25T15:31:07+00:00,27.5,standard,pre_game,2026-09-24T15:09:38.410-04:00
1901,prizepicks,15198668,2026-09-25T15:31:07+00:00,9.5,standard,pre_game,2026-09-24T15:09:38.410-04:00
1902,prizepicks,15198659,2026-09-25T15:31:07+00:00,26.5,standard,pre_game,2026-09-25T01:53:52.670-04:00
1903,prizepicks,15198669,2026-09-25T15:31:07+00:00,13.0,standard,pre_game,2026-09-24T23:11:22.405-04:00
1904,prizepicks,15198660,2026-09-25T15:31:07+00:00,26.0,standard,pre_game,2026-09-24T15:09:38.410-04:00
1905,prizepicks,15198670,2026-09-25T15:31:07+00:00,13.0,standard,pre_game,2026-09-24T15:09:38.410-04:00
1906,prizepicks,15198661,2026-09-25T15:31:07+00:00,26.0,standard,pre_game,2026-09-24T15:09:38.410-04:00
1907,prizepicks,15198671,2026-09-25T15:31:07+00:00,15.5,standard,pre_game,2026-09-24T15:09:38.410-04:00
1908,prizepicks,15198662,2026-09-25T15:31:07+00:00,24.0,standard,pre_game,2026-09-24T23:12:39.431-04:00
1909,prizepicks,15198672,2026-09-25T15:31:07+00:00,12.5,standard,pre_game,2026-09-24T16:16:44.278-04:00
1910,prizepicks,15212932,2026-09-25T15:31:07+00:00,16.5,demon,pre_game,2026-09-25T01:38:38.517-04:00
1911,prizepicks,15212935,2026-09-25T15:31:07+00:00,16.5,demon,pre_game,2026-09-25T01:38:30.160-04:00
1912,prizepicks,15212917,2026-09-25T15:31:07+00:00,15.5,demon,pre_game,2026-09-25T01:38:38.517-04:00
1913,prizepicks,15212920,2026-09-25T15:31:07+00:00,15.5,demon,pre_game,2026-09-25T01:38:30.160-04:00
1914,prizepicks,15212924,2026-09-25T15:31:07+00:00,15.5,demon,pre_game,2026-09-25T01:38:30.160-04:00
1915,prizepicks,15212931,2026-09-25T15:31:07+00:00,15.5,standard,pre_game,2026-09-25T01:38:38.517-04:00
1916,prizepicks,15212934,2026-09-25T15:31:07+00:00,15.5,standard,pre_game,2026-09-25T01:38:30.160-04:00
1917,prizepicks,15212916,2026-09-25T15:31:07+00:00,14.5,standard,pre_game,2026-09-25T01:38:38.517-04:00
1918,prizepicks,15212919,2026-09-25T15:31:07+00:00,14.5,standard,pre_game,2026-09-25T01:38:30.160-04:00
1919,prizepicks,15212933,2026-09-25T15:31:07+00:00,14.5,goblin,pre_game,2026-09-25T01:38:38.517-04:00
1920,prizepicks,15212936,2026-09-25T15:31:07+00:00,14.5,goblin,pre_game,2026-09-25T01:38:30.160-04:00
1921,prizepicks,15212918,2026-09-25T15:31:07+00:00,13.5,goblin,pre_game,2026-09-25T01:38:38.517-04:00
1922,prizepicks,15212921,2026-09-25T15:31:07+00:00,13.5,goblin,pre_game,2026-09-25T01:38:30.160-04:00
1923,prizepicks,15212922,2026-09-25T15:31:07+00:00,13.5,goblin,pre_game,2026-09-25T01:38:38.517-04:00
1924,prizepicks,15212923,2026-09-25T15:31:07+00:00,13.5,goblin,pre_game,2026-09-25T01:38:30.160-04:00
1925,prizepicks,15212905,2026-09-25T15:31:07+00:00,11.5,goblin,pre_game,2026-09-25T01:38:38.517-04:00
1926,prizepicks,15212907,2026-09-25T15:31:07+00:00,11.5,goblin,pre_game,2026-09-25T01:38:30.160-04:00
1927,prizepicks,15212904,2026-09-25T15:31:07+00:00,7.5,standard,pre_game,2026-09-25T08:56:27.543-04:00
1928,prizepicks,15212906,2026-09-25T15:31:07+00:00,7.5,standard,pre_game,2026-09-25T08:56:27.504-04:00
1929,prizepicks,15212980,2026-09-25T15:31:07+00:00,16.5,demon,pre_game,2026-09-25T01:43:27.356-04:00
1930,prizepicks,15212953,2026-09-25T15:31:07+00:00,15.5,demon,pre_game,2026-09-25T01:43:27.356-04:00
1931,prizepicks,15212960,2026-09-25T15:31:07+00:00,15.5,demon,pre_game,2026-09-25T01:40:48.704-04:00
1932,prizepicks,15212968,2026-09-25T15:31:07+00:00,15.5,demon,pre_game,2026-09-25T01:43:27.356-04:00
1933,prizepicks,15212974,2026-09-25T15:31:07+00:00,15.5,demon,pre_game,2026-09-25T01:40:48.704-04:00
1934,prizepicks,15212979,2026-09-25T15:31:07+00:00,15.5,standard,pre_game,2026-09-25T01:43:27.356-04:00
1935,prizepicks,15212997,2026-09-25T15:31:07+00:00,15.5,demon,pre_game,2026-09-25T01:40:48.704-04:00
1936,prizepicks,15212959,2026-09-25T15:31:07+00:00,14.5,standard,pre_game,2026-09-25T01:40:48.704-04:00
1937,prizepicks,15212967,2026-09-25T15:31:07+00:00,14.5,standard,pre_game,2026-09-25T01:43:27.356-04:00
1938,prizepicks,15212973,2026-09-25T15:31:07+00:00,14.5,standard,pre_game,2026-09-25T01:40:48.704-04:00
1939,prizepicks,15212981,2026-09-25T15:31:07+00:00,14.5,goblin,pre_game,2026-09-25T01:43:27.356-04:00
1940,prizepicks,15212996,2026-09-25T15:31:07+00:00,14.5,standard,pre_game,2026-09-25T01:40:48.704-04:00
1941,prizepicks,15212961,2026-09-25T15:31:07+00:00,13.5,goblin,pre_game,2026-09-25T01:40:48.704-04:00
1942,prizepicks,15212969,2026-09-25T15:31:07+00:00,13.5,goblin,pre_game,2026-09-25T01:43:27.356-04:00
1943,prizepicks,15212975,2026-09-25T15:31:07+00:00,13.5,goblin,pre_game,2026-09-25T01:40:48.704-04:00
1944,prizepicks,15212992,2026-09-25T15:31:07+00:00,13.5,demon,pre_game,2026-09-25T01:40:48.704-04:00
1945,prizepicks,15212998,2026-09-25T15:31:07+00:00,13.5,goblin,pre_game,2026-09-25T01:40:48.704-04:00
1946,prizepicks,15212991,2026-09-25T15:31:07+00:00,12.5,standard,pre_game,2026-09-25T01:40:48.704-04:00
1947,prizepicks,15212993,2026-09-25T15:31:07+00:00,11.5,goblin,pre_game,2026-09-25T01:40:48.704-04:00
1948,prizepicks,15212952,2026-09-25T15:31:07+00:00,7.5,standard,pre_game,2026-09-25T01:43:27.356-04:00
1949,prizepicks,15212958,2026-09-25T15:31:07+00:00,7.5,standard,pre_game,2026-09-25T01:40:48.704-04:00
1950,prizepicks,15212966,2026-09-25T15:31:07+00:00,4.5,standard,pre_game,2026-09-25T01:43:27.356-04:00
1951,prizepicks,15215017,2026-09-25T15:31:07+00:00,25.5,standard,pre_game,2026-09-25T01:38:38.517-04:00
1952,prizepicks,15215022,2026-09-25T15:31:07+00:00,14.5,standard,pre_game,2026-09-25T01:38:38.517-04:00
1953,prizepicks,15215018,2026-09-25T15:31:07+00:00,29.5,standard,pre_game,2026-09-25T01:38:38.517-04:00
1954,prizepicks,15215019,2026-09-25T15:31:07+00:00,31.5,standard,pre_game,2026-09-25T01:38:38.517-04:00
1955,prizepicks,15215024,2026-09-25T15:31:07+00:00,16.5,standard,pre_game,2026-09-25T01:38:38.517-04:00
1956,prizepicks,15215020,2026-09-25T15:31:07+00:00,31.5,standard,pre_game,2026-09-25T01:38:38.517-04:00
1957,prizepicks,15215025,2026-09-25T15:31:07+00:00,15.5,standard,pre_game,2026-09-25T01:38:38.517-04:00
1958,prizepicks,15215021,2026-09-25T15:31:07+00:00,29.5,standard,pre_game,2026-09-25T01:38:38.517-04:00
1959,prizepicks,15215026,2026-09-25T15:31:07+00:00,14.5,standard,pre_game,2026-09-25T01:38:38.517-04:00
1960,prizepicks,15215272,2026-09-25T15:31:07+00:00,29.5,standard,pre_game,2026-09-25T01:42:28.810-04:00
1961,prizepicks,15215280,2026-09-25T15:31:07+00:00,15.5,standard,pre_game,2026-09-25T01:42:28.689-04:00
1962,prizepicks,15215273,2026-09-25T15:31:07+00:00,29.5,standard,pre_game,2026-09-25T10:38:29.849-04:00
1963,prizepicks,15215281,2026-09-25T15:31:07+00:00,15.5,standard,pre_game,2026-09-25T01:42:28.723-04:00
1964,prizepicks,15215274,2026-09-25T15:31:07+00:00,24.5,standard,pre_game,2026-09-25T01:42:28.782-04:00
1965,prizepicks,15215282,2026-09-25T15:31:07+00:00,13.5,standard,pre_game,2026-09-25T01:42:28.751-04:00
1966,prizepicks,15215275,2026-09-25T15:31:07+00:00,30.5,standard,pre_game,2026-09-25T01:42:28.640-04:00
1967,prizepicks,15215283,2026-09-25T15:31:07+00:00,16.5,standard,pre_game,2026-09-25T01:42:28.870-04:00
1968,prizepicks,15215276,2026-09-25T15:31:07+00:00,29.5,standard,pre_game,2026-09-25T01:41:18.689-04:00
1969,prizepicks,15215284,2026-09-25T15:31:07+00:00,15.5,standard,pre_game,2026-09-25T01:41:18.689-04:00
1970,prizepicks,15215277,2026-09-25T15:31:07+00:00,31.5,standard,pre_game,2026-09-25T01:41:18.689-04:00
1971,prizepicks,15215285,2026-09-25T15:31:07+00:00,14.5,standard,pre_game,2026-09-25T01:41:18.689-04:00
1972,prizepicks,15215278,2026-09-25T15:31:07+00:00,29.5,standard,pre_game,2026-09-25T01:41:18.689-04:00
1973,prizepicks,15215286,2026-09-25T15:31:07+00:00,10.5,standard,pre_game,2026-09-25T01:41:18.689-04:00
1974,prizepicks,15215279,2026-09-25T15:31:07+00:00,26.5,standard,pre_game,2026-09-25T01:41:18.689-04:00
1975,prizepicks,15215287,2026-09-25T15:31:07+00:00,13.5,standard,pre_game,2026-09-25T01:41:18.689-04:00
1976,prizepicks,14889444,2026-09-25T15:31:19+00:00,7.5,standard,pre_game,2026-09-23T23:18:35.181-04:00
1977,prizepicks,14893789,2026-09-25T15:31:19+00:00,90.5,standard,pre_game,2026-09-22T10:30:37.173-04:00
1978,prizepicks,14893790,2026-09-25T15:31:19+00:00,94.5,standard,pre_game,2026-09-20T20:06:51.078-04:00
1979,prizepicks,14893661,2026-09-25T15:31:19+00:00,29.5,standard,pre_game,2026-09-15T19:46:42.682-04:00
1980,prizepicks,14893662,2026-09-25T15:31:19+00:00,31.5,standard,pre_game,2026-09-15T19:45:18.094-04:00
1981,prizepicks,14893663,2026-09-25T15:31:19+00:00,26.5,standard,pre_game,2026-09-15T16:44:07.102-04:00
1982,prizepicks,14893664,2026-09-25T15:31:19+00:00,28.5,standard,pre_game,2026-09-15T16:44:07.102-04:00
1983,prizepicks,14893665,2026-09-25T15:31:19+00:00,31.0,standard,pre_game,2026-09-22T17:33:48.439-04:00
1984,prizepicks,14893666,2026-09-25T15:31:19+00:00,31.0,standard,pre_game,2026-09-16T20:06:33.663-04:00
1985,prizepicks,14893667,2026-09-25T15:31:19+00:00,33.5,standard,pre_game,2026-09-20T20:06:51.038-04:00
1986,prizepicks,14893668,2026-09-25T15:31:19+00:00,26.5,standard,pre_game,2026-09-15T16:43:58.006-04:00
1987,prizepicks,14893669,2026-09-25T15:31:19+00:00,29.5,standard,pre_game,2026-09-15T16:43:58.006-04:00
1988,prizepicks,14893670,2026-09-25T15:31:19+00:00,31.5,standard,pre_game,2026-09-15T16:43:58.006-04:00
1989,prizepicks,14889445,2026-09-25T15:31:19+00:00,7.5,standard,pre_game,2026-09-15T16:44:20.483-04:00
1990,prizepicks,14893792,2026-09-25T15:31:19+00:00,59.5,standard,pre_game,2026-09-24T23:29:52.674-04:00
1991,prizepicks,14893672,2026-09-25T15:31:19+00:00,31.5,standard,pre_game,2026-09-23T23:59:58.956-04:00
1992,prizepicks,14893673,2026-09-25T15:31:19+00:00,35.5,standard,pre_game,2026-09-15T19:40:42.526-04:00
1993,prizepicks,14893674,2026-09-25T15:31:19+00:00,29.0,standard,pre_game,2026-09-22T20:26:53.680-04:00
1994,prizepicks,14893675,2026-09-25T15:31:19+00:00,32.5,standard,pre_game,2026-09-15T16:44:20.483-04:00
1995,prizepicks,14893676,2026-09-25T15:31:19+00:00,25.5,standard,pre_game,2026-09-15T19:44:24.606-04:00
1996,prizepicks,14893677,2026-09-25T15:31:19+00:00,34.5,standard,pre_game,2026-09-15T16:49:04.005-04:00
1997,prizepicks,14893678,2026-09-25T15:31:19+00:00,28.0,standard,pre_game,2026-09-15T19:41:03.824-04:00
1998,prizepicks,14893679,2026-09-25T15:31:19+00:00,28.5,standard,pre_game,2026-09-15T19:45:36.562-04:00
1999,prizepicks,14893680,2026-09-25T15:31:19+00:00,25.5,standard,pre_game,2026-09-15T16:48:36.355-04:00
2000,prizepicks,14889446,2026-09-25T15:31:19+00:00,8.5,standard,pre_game,2026-09-15T16:44:41.745-04:00
2001,prizepicks,14893793,2026-09-25T15:31:19+00:00,90.5,standard,pre_game,2026-09-15T16:44:41.745-04:00
2002,prizepicks,14893794,2026-09-25T15:31:19+00:00,62.0,standard,pre_game,2026-09-25T11:19:42.741-04:00
2003,prizepicks,14893681,2026-09-25T15:31:19+00:00,31.0,standard,pre_game,2026-09-24T23:29:08.801-04:00
2004,prizepicks,14893682,2026-09-25T15:31:19+00:00,28.5,standard,pre_game,2026-09-15T19:41:39.730-04:00
2005,prizepicks,14893683,2026-09-25T15:31:19+00:00,31.5,standard,pre_game,2026-09-15T16:44:41.745-04:00
2006,prizepicks,14893684,2026-09-25T15:31:19+00:00,28.0,standard,pre_game,2026-09-15T16:44:41.745-04:00
2007,prizepicks,14893685,2026-09-25T15:31:19+00:00,32.0,standard,pre_game,2026-09-16T20:05:48.179-04:00
2008,prizepicks,14893686,2026-09-25T15:31:19+00:00,24.5,standard,pre_game,2026-09-16T20:04:56.117-04:00
2009,prizepicks,14893687,2026-09-25T15:31:19+00:00,32.0,standard,pre_game,2026-09-22T17:33:27.384-04:00
2010,prizepicks,14893688,2026-09-25T15:31:19+00:00,25.5,standard,pre_game,2026-09-15T16:44:48.797-04:00
2011,prizepicks,14893689,2026-09-25T15:31:19+00:00,31.5,standard,pre_game,2026-09-25T11:19:42.694-04:00
2012,prizepicks,14893690,2026-09-25T15:31:19+00:00,27.5,standard,pre_game,2026-09-15T16:48:12.189-04:00
2013,prizepicks,14889447,2026-09-25T15:31:19+00:00,7.5,standard,pre_game,2026-09-15T16:45:43.494-04:00
2014,prizepicks,14893795,2026-09-25T15:31:19+00:00,88.0,standard,pre_game,2026-09-21T02:33:55.383-04:00
2015,prizepicks,14893796,2026-09-25T15:31:19+00:00,54.0,standard,pre_game,2026-09-15T16:45:28.279-04:00
2016,prizepicks,14893691,2026-09-25T15:31:19+00:00,28.5,standard,pre_game,2026-09-15T19:42:02.481-04:00
2017,prizepicks,14893692,2026-09-25T15:31:19+00:00,24.0,standard,pre_game,2026-09-22T17:34:17.243-04:00
2018,prizepicks,14893693,2026-09-25T15:31:19+00:00,27.5,standard,pre_game,2026-09-15T16:45:28.279-04:00
2019,prizepicks,14893694,2026-09-25T15:31:19+00:00,31.5,standard,pre_game,2026-09-15T16:45:28.279-04:00
2020,prizepicks,14893695,2026-09-25T15:31:19+00:00,26.5,standard,pre_game,2026-09-15T16:45:28.279-04:00
2021,prizepicks,14893696,2026-09-25T15:31:19+00:00,27.5,standard,pre_game,2026-09-15T16:45:43.494-04:00
2022,prizepicks,14893697,2026-09-25T15:31:19+00:00,29.5,standard,pre_game,2026-09-15T16:45:43.494-04:00
2023,prizepicks,14893698,2026-09-25T15:31:19+00:00,31.0,standard,pre_game,2026-09-21T02:33:55.336-04:00
2024,prizepicks,14893699,2026-09-25T15:31:19+00:00,26.5,standard,pre_game,2026-09-15T16:45:43.494-04:00
2025,prizepicks,14893700,2026-09-25T15:31:19+00:00,33.5,standard,pre_game,2026-09-15T16:45:43.494-04:00
2026,prizepicks,15193939,2026-09-25T15:31:19+00:00,91.0,standard,pre_game,2026-09-24T11:52:08.332-04:00
2027,prizepicks,15193940,2026-09-25T15:31:19+00:00,61.0,standard,pre_game,2026-09-24T11:52:08.332-04:00
2028,prizepicks,15193848,2026-09-25T15:31:19+00:00,29.5,standard,pre_game,2026-09-24T11:52:08.332-04:00
2029,prizepicks,15193851,2026-09-25T15:31:19+00:00,29.5,standard,pre_game,2026-09-24T11:52:08.332-04:00
2030,prizepicks,15193853,2026-09-25T15:31:19+00:00,30.5,standard,pre_game,2026-09-24T11:52:08.332-04:00
2031,prizepicks,15193854,2026-09-25T15:31:19+00:00,31.5,standard,pre_game,2026-09-24T11:52:08.332-04:00
2032,prizepicks,15193855,2026-09-25T15:31:19+00:00,29.5,standard,pre_game,2026-09-24T12:09:43.359-04:00
2033,prizepicks,15193856,2026-09-25T15:31:19+00:00,32.0,standard,pre_game,2026-09-24T11:52:08.332-04:00
2034,prizepicks,15193857,2026-09-25T15:31:19+00:00,28.5,standard,pre_game,2026-09-24T11:52:08.332-04:00
2035,prizepicks,15193858,2026-09-25T15:31:19+00:00,29.5,standard,pre_game,2026-09-24T11:52:08.332-04:00
2036,prizepicks,15193859,2026-09-25T15:31:19+00:00,29.5,standard,pre_game,2026-09-24T11:52:08.332-04:00
2037,prizepicks,15193860,2026-09-25T15:31:19+00:00,32.5,standard,pre_game,2026-09-24T12:13:30.387-04:00
2038,prizepicks,15193941,2026-09-25T15:31:19+00:00,93.0,standard,pre_game,2026-09-24T11:52:08.332-04:00
2039,prizepicks,15193861,2026-09-25T15:31:19+00:00,23.5,standard,pre_game,2026-09-24T11:52:08.332-04:00
2040,prizepicks,15193862,2026-09-25T15:31:19+00:00,32.5,standard,pre_game,2026-09-24T23:30:31.801-04:00
2041,prizepicks,15193863,2026-09-25T15:31:19+00:00,26.0,standard,pre_game,2026-09-24T11:52:08.332-04:00
2042,prizepicks,15193864,2026-09-25T15:31:19+00:00,30.5,standard,pre_game,2026-09-24T11:52:08.332-04:00
2043,prizepicks,15193865,2026-09-25T15:31:19+00:00,24.5,standard,pre_game,2026-09-24T11:52:08.332-04:00
2044,prizepicks,15193866,2026-09-25T15:31:19+00:00,31.5,standard,pre_game,2026-09-24T11:52:08.332-04:00
2045,prizepicks,15193867,2026-09-25T15:31:19+00:00,27.5,standard,pre_game,2026-09-24T11:52:08.332-04:00
2046,prizepicks,15193868,2026-09-25T15:31:19+00:00,25.5,standard,pre_game,2026-09-24T11:52:08.332-04:00
2047,prizepicks,15193869,2026-09-25T15:31:19+00:00,34.0,standard,pre_game,2026-09-24T11:52:08.332-04:00
2048,prizepicks,15198016,2026-09-25T15:33:44+00:00,33.5,standard,pre_game,2026-09-25T10:58:53.581-04:00
2049,prizepicks,15198017,2026-09-25T15:33:44+00:00,28.5,standard,pre_game,2026-09-25T10:58:53.525-04:00
2050,prizepicks,15198018,2026-09-25T15:33:44+00:00,22.5,standard,pre_game,2026-09-24T22:27:48.005-04:00
2051,prizepicks,15198019,2026-09-25T15:33:44+00:00,18.5,standard,pre_game,2026-09-24T22:27:11.430-04:00
2052,prizepicks,15198571,2026-09-25T15:33:44+00:00,10.5,demon,pre_game,2026-09-24T14:57:03.486-04:00
2053,prizepicks,15197798,2026-09-25T15:33:44+00:00,8.5,standard,pre_game,2026-09-24T14:44:03.407-04:00
2054,prizepicks,15198572,2026-09-25T15:33:44+00:00,6.5,goblin,pre_game,2026-09-24T14:57:03.740-04:00
2055,prizepicks,15198493,2026-09-25T15:33:44+00:00,14.5,demon,pre_game,2026-09-24T14:52:23.507-04:00
2056,prizepicks,15197799,2026-09-25T15:33:44+00:00,12.5,standard,pre_game,2026-09-24T14:44:03.407-04:00
2057,prizepicks,15198494,2026-09-25T15:33:44+00:00,10.5,goblin,pre_game,2026-09-24T14:52:23.597-04:00
2058,prizepicks,15198799,2026-09-25T15:33:44+00:00,14.5,demon,pre_game,2026-09-24T15:04:31.551-04:00
2059,prizepicks,15197800,2026-09-25T15:33:44+00:00,12.5,standard,pre_game,2026-09-25T10:58:49.887-04:00
2060,prizepicks,15198800,2026-09-25T15:33:44+00:00,8.5,goblin,pre_game,2026-09-24T15:04:31.614-04:00
2061,prizepicks,15198842,2026-09-25T15:33:44+00:00,18.5,demon,pre_game,2026-09-24T15:06:07.578-04:00
2062,prizepicks,15197801,2026-09-25T15:33:44+00:00,15.5,standard,pre_game,2026-09-24T14:44:03.407-04:00
2063,prizepicks,15198843,2026-09-25T15:33:44+00:00,12.5,goblin,pre_game,2026-09-24T15:06:07.652-04:00
2064,prizepicks,15197973,2026-09-25T15:33:44+00:00,2.5,demon,pre_game,2026-09-24T14:44:03.407-04:00
2065,prizepicks,15198729,2026-09-25T15:33:44+00:00,9.5,demon,pre_game,2026-09-24T15:01:02.182-04:00
2066,prizepicks,15197803,2026-09-25T15:33:44+00:00,7.0,standard,pre_game,2026-09-24T17:10:44.778-04:00
2067,prizepicks,15198730,2026-09-25T15:33:44+00:00,5.5,goblin,pre_game,2026-09-24T15:01:02.257-04:00
2068,prizepicks,15198488,2026-09-25T15:33:44+00:00,9.5,demon,pre_game,2026-09-24T14:51:33.359-04:00
2069,prizepicks,15197804,2026-09-25T15:33:44+00:00,7.0,standard,pre_game,2026-09-24T22:27:40.342-04:00
2070,prizepicks,15198489,2026-09-25T15:33:44+00:00,5.5,goblin,pre_game,2026-09-24T14:51:33.416-04:00
2071,prizepicks,15198468,2026-09-25T15:33:44+00:00,11.5,demon,pre_game,2026-09-24T15:52:25.506-04:00
2072,prizepicks,15197805,2026-09-25T15:33:44+00:00,8.5,standard,pre_game,2026-09-24T15:48:00.789-04:00
2073,prizepicks,15198469,2026-09-25T15:33:44+00:00,5.5,goblin,pre_game,2026-09-24T15:52:28.245-04:00
2074,prizepicks,15198922,2026-09-25T15:33:44+00:00,13.5,demon,pre_game,2026-09-24T15:07:35.389-04:00
2075,prizepicks,15197806,2026-09-25T15:33:44+00:00,10.0,standard,pre_game,2026-09-24T22:27:11.373-04:00
2076,prizepicks,15198923,2026-09-25T15:33:44+00:00,7.5,goblin,pre_game,2026-09-24T15:07:35.441-04:00
2077,prizepicks,15197990,2026-09-25T15:33:44+00:00,1.5,goblin,pre_game,2026-09-24T14:43:54.424-04:00
2078,prizepicks,15192221,2026-09-25T15:33:56+00:00,27.5,standard,pre_game,2026-09-25T10:36:18.459-04:00
2079,prizepicks,15192222,2026-09-25T15:33:56+00:00,29.5,standard,pre_game,2026-09-25T10:36:18.459-04:00
2080,prizepicks,15192223,2026-09-25T15:33:56+00:00,30.5,standard,pre_game,2026-09-25T10:36:18.459-04:00
2081,prizepicks,15192224,2026-09-25T15:33:56+00:00,26.5,standard,pre_game,2026-09-25T10:36:18.459-04:00
2082,prizepicks,15192225,2026-09-25T15:33:56+00:00,31.5,standard,pre_game,2026-09-25T10:36:18.459-04:00
2083,prizepicks,15192226,2026-09-25T15:33:56+00:00,28.0,standard,pre_game,2026-09-25T10:36:18.459-04:00
2084,prizepicks,15192227,2026-09-25T15:33:56+00:00,29.5,standard,pre_game,2026-09-25T10:36:18.459-04:00
2085,prizepicks,15192228,2026-09-25T15:33:56+00:00,30.5,standard,pre_game,2026-09-25T10:36:18.459-04:00
2086,prizepicks,15192229,2026-09-25T15:33:56+00:00,24.0,standard,pre_game,2026-09-25T10:36:18.459-04:00
2087,prizepicks,15192230,2026-09-25T15:33:56+00:00,27.0,standard,pre_game,2026-09-25T10:36:18.459-04:00
2088,prizepicks,15192231,2026-09-25T15:33:56+00:00,16.5,standard,pre_game,2026-09-25T10:36:18.459-04:00
2089,prizepicks,15192232,2026-09-25T15:33:56+00:00,10.5,standard,pre_game,2026-09-25T10:36:18.459-04:00
2090,prizepicks,15192233,2026-09-25T15:33:56+00:00,17.5,standard,pre_game,2026-09-25T10:36:18.459-04:00
2091,prizepicks,15192234,2026-09-25T15:33:56+00:00,15.5,standard,pre_game,2026-09-25T10:36:18.459-04:00
2092,prizepicks,15192235,2026-09-25T15:33:56+00:00,16.5,standard,pre_game,2026-09-25T10:36:18.459-04:00
2093,prizepicks,15192236,2026-09-25T15:33:56+00:00,16.5,standard,pre_game,2026-09-25T10:36:18.459-04:00
2094,prizepicks,15192237,2026-09-25T15:33:56+00:00,9.0,standard,pre_game,2026-09-25T10:36:18.459-04:00
2095,prizepicks,15192238,2026-09-25T15:33:56+00:00,16.0,standard,pre_game,2026-09-25T10:36:18.459-04:00
2096,prizepicks,15192239,2026-09-25T15:33:56+00:00,12.0,standard,pre_game,2026-09-25T10:36:18.459-04:00
2097,prizepicks,15192240,2026-09-25T15:33:56+00:00,15.5,standard,pre_game,2026-09-25T10:36:18.459-04:00
2098,prizepicks,15194610,2026-09-25T15:33:56+00:00,15.5,standard,pre_game,2026-09-25T08:41:42.047-04:00
2099,prizepicks,15194611,2026-09-25T15:33:56+00:00,15.0,standard,pre_game,2026-09-25T08:41:42.047-04:00
2100,prizepicks,15194612,2026-09-25T15:33:56+00:00,14.0,standard,pre_game,2026-09-25T08:41:42.047-04:00
2101,prizepicks,15194613,2026-09-25T15:33:56+00:00,14.0,standard,pre_game,2026-09-25T08:41:42.047-04:00
2102,prizepicks,15194614,2026-09-25T15:33:56+00:00,13.5,standard,pre_game,2026-09-25T08:41:42.047-04:00
2103,prizepicks,15194615,2026-09-25T15:33:56+00:00,15.0,standard,pre_game,2026-09-25T08:41:42.047-04:00
2104,prizepicks,15194616,2026-09-25T15:33:56+00:00,15.0,standard,pre_game,2026-09-25T08:41:42.047-04:00
2105,prizepicks,15194617,2026-09-25T15:33:56+00:00,14.5,standard,pre_game,2026-09-25T08:41:42.047-04:00
2106,prizepicks,15194618,2026-09-25T15:33:56+00:00,14.5,standard,pre_game,2026-09-25T08:41:42.047-04:00
2107,prizepicks,15194619,2026-09-25T15:33:56+00:00,13.5,standard,pre_game,2026-09-25T08:41:42.047-04:00
2108,prizepicks,15194620,2026-09-25T15:33:56+00:00,4.5,standard,pre_game,2026-09-25T08:41:42.047-04:00
2109,prizepicks,15194621,2026-09-25T15:33:56+00:00,9.0,standard,pre_game,2026-09-25T08:41:42.047-04:00
2110,prizepicks,15194622,2026-09-25T15:33:56+00:00,8.0,standard,pre_game,2026-09-25T08:41:42.047-04:00
2111,prizepicks,15194623,2026-09-25T15:33:56+00:00,8.0,standard,pre_game,2026-09-25T08:41:42.047-04:00
2112,prizepicks,15194624,2026-09-25T15:33:56+00:00,7.5,standard,pre_game,2026-09-25T08:41:42.047-04:00
2113,prizepicks,15194625,2026-09-25T15:33:56+00:00,6.0,standard,pre_game,2026-09-25T08:41:42.047-04:00
2114,prizepicks,15194626,2026-09-25T15:33:56+00:00,8.5,standard,pre_game,2026-09-25T08:41:42.047-04:00
2115,prizepicks,15194627,2026-09-25T15:33:56+00:00,7.5,standard,pre_game,2026-09-25T08:41:42.047-04:00
2116,prizepicks,15194628,2026-09-25T15:33:56+00:00,8.5,standard,pre_game,2026-09-25T08:41:42.047-04:00
2117,prizepicks,15194629,2026-09-25T15:33:56+00:00,8.0,standard,pre_game,2026-09-25T08:41:42.047-04:00
2118,prizepicks,15196226,2026-09-25T15:33:56+00:00,29.5,standard,pre_game,2026-09-24T16:03:46.847-04:00
2119,prizepicks,15196236,2026-09-25T15:33:56+00:00,15.0,standard,pre_game,2026-09-24T23:27:26.581-04:00
2120,prizepicks,15196227,2026-09-25T15:33:56+00:00,29.5,standard,pre_game,2026-09-24T16:03:46.847-04:00
2121,prizepicks,15196237,2026-09-25T15:33:56+00:00,14.5,standard,pre_game,2026-09-24T16:03:46.847-04:00
2122,prizepicks,15196228,2026-09-25T15:33:56+00:00,25.0,standard,pre_game,2026-09-24T21:17:53.545-04:00
2123,prizepicks,15196238,2026-09-25T15:33:56+00:00,14.5,standard,pre_game,2026-09-24T23:06:44.332-04:00
2124,prizepicks,15196229,2026-09-25T15:33:56+00:00,29.5,standard,pre_game,2026-09-24T16:03:46.847-04:00
2125,prizepicks,15196239,2026-09-25T15:33:56+00:00,16.5,standard,pre_game,2026-09-24T16:03:46.847-04:00
2126,prizepicks,15196231,2026-09-25T15:33:56+00:00,28.5,standard,pre_game,2026-09-24T16:03:50.769-04:00
2127,prizepicks,15196232,2026-09-25T15:33:56+00:00,28.5,standard,pre_game,2026-09-24T16:03:50.769-04:00
2128,prizepicks,15196242,2026-09-25T15:33:56+00:00,9.0,standard,pre_game,2026-09-25T01:55:52.468-04:00
2129,prizepicks,15196233,2026-09-25T15:33:56+00:00,26.5,standard,pre_game,2026-09-24T16:03:50.769-04:00
2130,prizepicks,15196243,2026-09-25T15:33:56+00:00,16.5,standard,pre_game,2026-09-24T16:03:50.769-04:00
2131,prizepicks,15196234,2026-09-25T15:33:56+00:00,28.5,standard,pre_game,2026-09-24T16:03:50.769-04:00
2132,prizepicks,15196244,2026-09-25T15:33:56+00:00,15.5,standard,pre_game,2026-09-24T21:17:32.959-04:00
2133,prizepicks,15196235,2026-09-25T15:33:56+00:00,27.5,standard,pre_game,2026-09-24T16:03:50.769-04:00
2134,prizepicks,15196245,2026-09-25T15:33:56+00:00,15.5,standard,pre_game,2026-09-24T23:12:05.005-04:00
2135,prizepicks,15213142,2026-09-25T15:33:56+00:00,14.5,standard,pre_game,2026-09-25T11:07:20.804-04:00
2136,prizepicks,15213143,2026-09-25T15:33:56+00:00,12.0,standard,pre_game,2026-09-25T11:07:20.804-04:00
2137,prizepicks,15213144,2026-09-25T15:33:56+00:00,15.5,standard,pre_game,2026-09-25T11:07:20.804-04:00
2138,prizepicks,15213145,2026-09-25T15:33:56+00:00,16.0,standard,pre_game,2026-09-25T11:07:20.804-04:00
2139,prizepicks,15213146,2026-09-25T15:33:56+00:00,15.0,standard,pre_game,2026-09-25T11:07:20.804-04:00
2140,prizepicks,15213147,2026-09-25T15:33:56+00:00,12.0,standard,pre_game,2026-09-25T11:07:20.804-04:00
2141,prizepicks,15213148,2026-09-25T15:33:56+00:00,13.5,standard,pre_game,2026-09-25T11:07:20.804-04:00
2142,prizepicks,15213149,2026-09-25T15:33:56+00:00,15.0,standard,pre_game,2026-09-25T11:07:20.804-04:00
2143,prizepicks,15213150,2026-09-25T15:33:56+00:00,13.5,standard,pre_game,2026-09-25T11:07:20.804-04:00
2144,prizepicks,15213151,2026-09-25T15:33:56+00:00,13.5,standard,pre_game,2026-09-25T11:07:20.804-04:00
2145,prizepicks,15213153,2026-09-25T15:33:56+00:00,6.5,standard,pre_game,2026-09-25T11:07:20.804-04:00
2146,prizepicks,15213154,2026-09-25T15:33:56+00:00,10.5,standard,pre_game,2026-09-25T11:07:20.804-04:00
2147,prizepicks,15213155,2026-09-25T15:33:56+00:00,9.0,standard,pre_game,2026-09-25T11:07:20.804-04:00
2148,prizepicks,15213156,2026-09-25T15:33:56+00:00,8.0,standard,pre_game,2026-09-25T11:07:20.804-04:00
2149,prizepicks,15213157,2026-09-25T15:33:56+00:00,5.5,standard,pre_game,2026-09-25T11:07:20.804-04:00
2150,prizepicks,15213158,2026-09-25T15:33:56+00:00,6.5,standard,pre_game,2026-09-25T11:07:20.804-04:00
2151,prizepicks,15213159,2026-09-25T15:33:56+00:00,8.0,standard,pre_game,2026-09-25T11:07:20.804-04:00
2152,prizepicks,15213160,2026-09-25T15:33:56+00:00,7.0,standard,pre_game,2026-09-25T11:07:20.804-04:00
2153,prizepicks,15213161,2026-09-25T15:33:56+00:00,4.5,standard,pre_game,2026-09-25T11:07:20.804-04:00
2154,prizepicks,15195630,2026-09-25T15:33:56+00:00,14.0,standard,pre_game,2026-09-25T10:24:56.720-04:00
2155,prizepicks,15195631,2026-09-25T15:33:56+00:00,15.5,standard,pre_game,2026-09-25T10:24:56.720-04:00
2156,prizepicks,15195632,2026-09-25T15:33:56+00:00,15.5,standard,pre_game,2026-09-25T10:24:56.720-04:00
2157,prizepicks,15195633,2026-09-25T15:33:56+00:00,15.5,standard,pre_game,2026-09-25T10:24:56.720-04:00
2158,prizepicks,15195634,2026-09-25T15:33:56+00:00,12.5,standard,pre_game,2026-09-25T10:24:56.720-04:00
2159,prizepicks,15195635,2026-09-25T15:33:56+00:00,8.0,standard,pre_game,2026-09-25T10:24:56.720-04:00
2160,prizepicks,15195636,2026-09-25T15:33:56+00:00,5.0,standard,pre_game,2026-09-25T10:24:56.720-04:00
2161,prizepicks,15195637,2026-09-25T15:33:56+00:00,10.5,standard,pre_game,2026-09-25T10:24:56.720-04:00
2162,prizepicks,15195638,2026-09-25T15:33:56+00:00,9.0,standard,pre_game,2026-09-25T10:24:56.720-04:00
2163,prizepicks,15195639,2026-09-25T15:33:56+00:00,6.5,standard,pre_game,2026-09-25T10:24:56.720-04:00
2164,prizepicks,15201749,2026-09-25T15:33:56+00:00,25.5,standard,pre_game,2026-09-24T17:10:38.524-04:00
2165,prizepicks,15201750,2026-09-25T15:33:56+00:00,28.5,standard,pre_game,2026-09-24T17:10:38.524-04:00
2166,prizepicks,15201751,2026-09-25T15:33:56+00:00,31.5,standard,pre_game,2026-09-24T17:10:38.524-04:00
2167,prizepicks,15201752,2026-09-25T15:33:56+00:00,31.0,standard,pre_game,2026-09-25T10:22:11.669-04:00
2168,prizepicks,15201753,2026-09-25T15:33:56+00:00,30.5,standard,pre_game,2026-09-24T23:25:28.973-04:00
2169,prizepicks,15201754,2026-09-25T15:33:56+00:00,26.5,standard,pre_game,2026-09-25T10:37:39.364-04:00
2170,prizepicks,15201755,2026-09-25T15:33:56+00:00,29.5,standard,pre_game,2026-09-24T17:10:43.484-04:00
2171,prizepicks,15201756,2026-09-25T15:33:56+00:00,28.5,standard,pre_game,2026-09-24T17:10:43.484-04:00
2172,prizepicks,15201757,2026-09-25T15:33:56+00:00,23.5,standard,pre_game,2026-09-24T17:10:43.484-04:00
2173,prizepicks,15201758,2026-09-25T15:33:56+00:00,27.5,standard,pre_game,2026-09-24T23:13:21.402-04:00
2174,prizepicks,15201759,2026-09-25T15:33:56+00:00,15.5,standard,pre_game,2026-09-25T08:56:39.753-04:00
2175,prizepicks,15201761,2026-09-25T15:33:56+00:00,16.5,standard,pre_game,2026-09-24T17:10:38.524-04:00
2176,prizepicks,15201762,2026-09-25T15:33:56+00:00,16.0,standard,pre_game,2026-09-25T10:22:11.602-04:00
2177,prizepicks,15201763,2026-09-25T15:33:56+00:00,15.0,standard,pre_game,2026-09-24T17:10:38.524-04:00
2178,prizepicks,15201764,2026-09-25T15:33:56+00:00,16.5,standard,pre_game,2026-09-24T23:24:46.106-04:00
2179,prizepicks,15201765,2026-09-25T15:33:56+00:00,16.5,standard,pre_game,2026-09-24T17:10:43.484-04:00
2180,prizepicks,15201766,2026-09-25T15:33:56+00:00,17.5,standard,pre_game,2026-09-24T17:10:43.484-04:00
2181,prizepicks,15201767,2026-09-25T15:33:56+00:00,11.5,standard,pre_game,2026-09-24T17:10:43.484-04:00
2182,prizepicks,15201768,2026-09-25T15:33:56+00:00,10.5,standard,pre_game,2026-09-24T23:24:04.107-04:00
2183,prizepicks,15195194,2026-09-25T15:33:56+00:00,32.5,standard,pre_game,2026-09-25T10:37:27.068-04:00
2184,prizepicks,15195199,2026-09-25T15:33:56+00:00,18.5,standard,pre_game,2026-09-24T16:03:39.591-04:00
2185,prizepicks,15195195,2026-09-25T15:33:56+00:00,29.5,standard,pre_game,2026-09-25T10:38:00.614-04:00
2186,prizepicks,15195200,2026-09-25T15:33:56+00:00,10.5,standard,pre_game,2026-09-24T16:03:50.068-04:00
2187,prizepicks,15195196,2026-09-25T15:33:56+00:00,29.0,standard,pre_game,2026-09-24T16:00:17.673-04:00
2188,prizepicks,15195201,2026-09-25T15:33:56+00:00,19.5,standard,pre_game,2026-09-24T16:03:44.540-04:00
2189,prizepicks,15195197,2026-09-25T15:33:56+00:00,28.5,standard,pre_game,2026-09-24T16:03:25.772-04:00
2190,prizepicks,15195202,2026-09-25T15:33:56+00:00,12.5,standard,pre_game,2026-09-24T16:03:25.821-04:00
2191,prizepicks,15195198,2026-09-25T15:33:56+00:00,26.5,standard,pre_game,2026-09-24T16:03:34.024-04:00
2192,prizepicks,15195203,2026-09-25T15:33:56+00:00,14.5,standard,pre_game,2026-09-24T16:03:34.066-04:00
2193,prizepicks,15200440,2026-09-25T15:33:56+00:00,31.0,standard,pre_game,2026-09-24T15:56:45.350-04:00
2194,prizepicks,15200441,2026-09-25T15:33:56+00:00,30.5,standard,pre_game,2026-09-24T23:25:56.856-04:00
2195,prizepicks,15200442,2026-09-25T15:33:56+00:00,31.5,standard,pre_game,2026-09-24T21:15:57.398-04:00
2196,prizepicks,15200443,2026-09-25T15:33:56+00:00,28.0,standard,pre_game,2026-09-24T15:56:45.350-04:00
2197,prizepicks,15200444,2026-09-25T15:33:56+00:00,27.5,standard,pre_game,2026-09-24T15:56:45.350-04:00
2198,prizepicks,15200445,2026-09-25T15:33:56+00:00,29.0,standard,pre_game,2026-09-25T00:54:13.968-04:00
2199,prizepicks,15200446,2026-09-25T15:33:56+00:00,28.5,standard,pre_game,2026-09-25T10:38:10.875-04:00
2200,prizepicks,15200447,2026-09-25T15:33:56+00:00,28.5,standard,pre_game,2026-09-24T15:56:49.989-04:00
2201,prizepicks,15200448,2026-09-25T15:33:56+00:00,27.0,standard,pre_game,2026-09-24T15:56:49.989-04:00
2202,prizepicks,15200449,2026-09-25T15:33:56+00:00,25.0,standard,pre_game,2026-09-25T00:52:09.885-04:00
2203,prizepicks,15200450,2026-09-25T15:33:56+00:00,18.5,standard,pre_game,2026-09-24T15:56:45.350-04:00
2204,prizepicks,15200451,2026-09-25T15:33:56+00:00,12.0,standard,pre_game,2026-09-24T23:26:21.751-04:00
2205,prizepicks,15200452,2026-09-25T15:33:56+00:00,18.0,standard,pre_game,2026-09-24T15:56:45.350-04:00
2206,prizepicks,15200453,2026-09-25T15:33:56+00:00,15.5,standard,pre_game,2026-09-24T21:17:00.442-04:00
2207,prizepicks,15200454,2026-09-25T15:33:56+00:00,15.0,standard,pre_game,2026-09-24T15:56:45.350-04:00
2208,prizepicks,15200455,2026-09-25T15:33:56+00:00,11.0,standard,pre_game,2026-09-24T15:56:49.989-04:00
2209,prizepicks,15200456,2026-09-25T15:33:56+00:00,14.0,standard,pre_game,2026-09-24T15:56:49.989-04:00
2210,prizepicks,15200457,2026-09-25T15:33:56+00:00,14.5,standard,pre_game,2026-09-24T15:56:49.989-04:00
2211,prizepicks,15200458,2026-09-25T15:33:56+00:00,14.5,standard,pre_game,2026-09-24T15:56:49.989-04:00
2212,prizepicks,15200459,2026-09-25T15:33:56+00:00,13.0,standard,pre_game,2026-09-24T23:38:48.109-04:00
2213,prizepicks,15194506,2026-09-25T15:33:56+00:00,32.5,standard,pre_game,2026-09-25T10:37:47.460-04:00
2214,prizepicks,15194507,2026-09-25T15:33:56+00:00,30.5,standard,pre_game,2026-09-25T10:41:55.817-04:00
2215,prizepicks,15194508,2026-09-25T15:33:56+00:00,28.5,standard,pre_game,2026-09-25T08:51:26.150-04:00
2216,prizepicks,15194509,2026-09-25T15:33:56+00:00,28.5,standard,pre_game,2026-09-25T08:51:26.150-04:00
2217,prizepicks,15194510,2026-09-25T15:33:56+00:00,27.0,standard,pre_game,2026-09-25T08:51:26.150-04:00
2218,prizepicks,15194511,2026-09-25T15:33:56+00:00,29.0,standard,pre_game,2026-09-25T08:51:26.150-04:00
2219,prizepicks,15194512,2026-09-25T15:33:56+00:00,27.5,standard,pre_game,2026-09-25T08:51:26.150-04:00
2220,prizepicks,15194513,2026-09-25T15:33:56+00:00,27.5,standard,pre_game,2026-09-25T08:51:26.150-04:00
2221,prizepicks,15194514,2026-09-25T15:33:56+00:00,26.5,standard,pre_game,2026-09-25T08:51:26.150-04:00
2222,prizepicks,15194515,2026-09-25T15:33:56+00:00,25.0,standard,pre_game,2026-09-25T08:51:26.150-04:00
2223,prizepicks,15194516,2026-09-25T15:33:56+00:00,21.0,standard,pre_game,2026-09-25T08:51:26.150-04:00
2224,prizepicks,15194517,2026-09-25T15:33:56+00:00,12.5,standard,pre_game,2026-09-25T08:51:26.150-04:00
2225,prizepicks,15194518,2026-09-25T15:33:56+00:00,17.5,standard,pre_game,2026-09-25T08:51:26.150-04:00
2226,prizepicks,15194519,2026-09-25T15:33:56+00:00,18.0,standard,pre_game,2026-09-25T08:51:26.150-04:00
2227,prizepicks,15194520,2026-09-25T15:33:56+00:00,16.0,standard,pre_game,2026-09-25T08:51:26.150-04:00
2228,prizepicks,15194521,2026-09-25T15:33:56+00:00,16.0,standard,pre_game,2026-09-25T08:51:26.150-04:00
2229,prizepicks,15194522,2026-09-25T15:33:56+00:00,13.5,standard,pre_game,2026-09-25T08:51:26.150-04:00
2230,prizepicks,15194523,2026-09-25T15:33:56+00:00,14.5,standard,pre_game,2026-09-25T08:51:26.150-04:00
2231,prizepicks,15194524,2026-09-25T15:33:56+00:00,9.5,standard,pre_game,2026-09-25T08:51:26.150-04:00
2232,prizepicks,15194525,2026-09-25T15:33:56+00:00,13.0,standard,pre_game,2026-09-25T08:51:26.150-04:00
2233,prizepicks,15213092,2026-09-25T15:33:56+00:00,32.5,standard,pre_game,2026-09-25T00:19:28.750-04:00
2234,prizepicks,15213093,2026-09-25T15:33:56+00:00,28.5,standard,pre_game,2026-09-25T00:19:28.750-04:00
2235,prizepicks,15213095,2026-09-25T15:33:56+00:00,32.5,standard,pre_game,2026-09-25T00:19:28.750-04:00
2236,prizepicks,15213096,2026-09-25T15:33:56+00:00,28.5,standard,pre_game,2026-09-25T01:41:45.351-04:00
2237,prizepicks,15213097,2026-09-25T15:33:56+00:00,17.5,standard,pre_game,2026-09-25T00:19:28.750-04:00
2238,prizepicks,15213098,2026-09-25T15:33:56+00:00,16.5,standard,pre_game,2026-09-25T00:19:28.750-04:00
2239,prizepicks,15213100,2026-09-25T15:33:56+00:00,10.5,standard,pre_game,2026-09-25T00:19:28.750-04:00
2240,prizepicks,15213101,2026-09-25T15:33:56+00:00,15.5,standard,pre_game,2026-09-25T00:19:28.750-04:00
2241,prizepicks,15192251,2026-09-25T15:33:56+00:00,12.5,standard,pre_game,2026-09-24T11:19:41.642-04:00
2242,prizepicks,15192252,2026-09-25T15:33:56+00:00,15.5,standard,pre_game,2026-09-24T11:19:41.642-04:00
2243,prizepicks,15192253,2026-09-25T15:33:56+00:00,11.5,standard,pre_game,2026-09-24T11:19:41.642-04:00
2244,prizepicks,15192254,2026-09-25T15:33:56+00:00,15.5,standard,pre_game,2026-09-24T11:19:41.642-04:00
2245,prizepicks,15192255,2026-09-25T15:33:56+00:00,17.5,standard,pre_game,2026-09-24T11:19:41.642-04:00
2246,prizepicks,15192256,2026-09-25T15:33:56+00:00,17.0,standard,pre_game,2026-09-24T11:19:54.746-04:00
2247,prizepicks,15192257,2026-09-25T15:33:56+00:00,13.5,standard,pre_game,2026-09-24T11:19:54.746-04:00
2248,prizepicks,15192258,2026-09-25T15:33:56+00:00,16.5,standard,pre_game,2026-09-24T11:19:54.746-04:00
2249,prizepicks,15192260,2026-09-25T15:33:56+00:00,17.0,standard,pre_game,2026-09-24T11:19:54.746-04:00
2250,prizepicks,15192241,2026-09-25T15:33:56+00:00,27.0,standard,pre_game,2026-09-24T11:19:41.642-04:00
2251,prizepicks,15192242,2026-09-25T15:33:56+00:00,28.0,standard,pre_game,2026-09-24T11:19:41.642-04:00
2252,prizepicks,15192243,2026-09-25T15:33:56+00:00,31.5,standard,pre_game,2026-09-24T11:19:41.642-04:00
2253,prizepicks,15192244,2026-09-25T15:33:56+00:00,27.5,standard,pre_game,2026-09-24T14:52:25.785-04:00
2254,prizepicks,15192245,2026-09-25T15:33:56+00:00,30.0,standard,pre_game,2026-09-24T17:26:02.563-04:00
2255,prizepicks,15192246,2026-09-25T15:33:56+00:00,27.0,standard,pre_game,2026-09-24T11:19:54.746-04:00
2256,prizepicks,15192247,2026-09-25T15:33:56+00:00,27.0,standard,pre_game,2026-09-24T11:19:54.746-04:00
2257,prizepicks,15192248,2026-09-25T15:33:56+00:00,31.5,standard,pre_game,2026-09-24T11:19:54.746-04:00
2258,prizepicks,15192249,2026-09-25T15:33:56+00:00,33.0,standard,pre_game,2026-09-24T17:25:31.089-04:00
2259,prizepicks,15192250,2026-09-25T15:33:56+00:00,29.5,standard,pre_game,2026-09-24T11:19:54.746-04:00
2260,prizepicks,15194526,2026-09-25T15:33:56+00:00,33.0,standard,pre_game,2026-09-24T12:06:53.570-04:00
2261,prizepicks,15194527,2026-09-25T15:33:56+00:00,32.0,standard,pre_game,2026-09-24T12:06:53.570-04:00
2262,prizepicks,15194528,2026-09-25T15:33:56+00:00,28.0,standard,pre_game,2026-09-24T12:06:53.570-04:00
2263,prizepicks,15194529,2026-09-25T15:33:56+00:00,28.0,standard,pre_game,2026-09-24T12:06:53.570-04:00
2264,prizepicks,15194530,2026-09-25T15:33:56+00:00,25.0,standard,pre_game,2026-09-24T14:08:32.752-04:00
2265,prizepicks,15194531,2026-09-25T15:33:56+00:00,31.5,standard,pre_game,2026-09-25T03:58:36.251-04:00
2266,prizepicks,15194532,2026-09-25T15:33:56+00:00,28.0,standard,pre_game,2026-09-24T12:06:59.211-04:00
2267,prizepicks,15194533,2026-09-25T15:33:56+00:00,28.0,standard,pre_game,2026-09-24T12:06:59.211-04:00
2268,prizepicks,15194534,2026-09-25T15:33:56+00:00,27.5,standard,pre_game,2026-09-24T12:06:59.211-04:00
2269,prizepicks,15194535,2026-09-25T15:33:56+00:00,27.0,standard,pre_game,2026-09-24T12:06:59.211-04:00
2270,prizepicks,15194538,2026-09-25T15:33:56+00:00,20.0,standard,pre_game,2026-09-24T12:06:53.570-04:00
2271,prizepicks,15194542,2026-09-25T15:33:56+00:00,17.0,standard,pre_game,2026-09-24T23:55:45.816-04:00
2272,prizepicks,15194543,2026-09-25T15:33:56+00:00,15.5,standard,pre_game,2026-09-24T12:06:53.570-04:00
2273,prizepicks,15194545,2026-09-25T15:33:56+00:00,10.0,standard,pre_game,2026-09-24T12:06:53.570-04:00
2274,prizepicks,15194546,2026-09-25T15:33:56+00:00,11.5,standard,pre_game,2026-09-24T17:25:11.251-04:00
2275,prizepicks,15194547,2026-09-25T15:33:56+00:00,16.5,standard,pre_game,2026-09-24T15:27:03.304-04:00
2276,prizepicks,15194548,2026-09-25T15:33:56+00:00,15.0,standard,pre_game,2026-09-24T12:06:59.211-04:00
2277,prizepicks,15194549,2026-09-25T15:33:56+00:00,9.5,standard,pre_game,2026-09-24T12:06:59.211-04:00
2278,prizepicks,15194550,2026-09-25T15:33:56+00:00,15.0,standard,pre_game,2026-09-24T12:06:59.211-04:00
2279,prizepicks,15194551,2026-09-25T15:33:56+00:00,17.0,standard,pre_game,2026-09-24T12:06:59.211-04:00
2280,prizepicks,15194630,2026-09-25T15:33:56+00:00,16.0,standard,pre_game,2026-09-25T08:51:34.506-04:00
2281,prizepicks,15194631,2026-09-25T15:33:56+00:00,15.0,standard,pre_game,2026-09-25T10:41:53.569-04:00
2282,prizepicks,15194632,2026-09-25T15:33:56+00:00,14.5,standard,pre_game,2026-09-25T08:51:34.506-04:00
2283,prizepicks,15194633,2026-09-25T15:33:56+00:00,14.0,standard,pre_game,2026-09-25T08:51:34.506-04:00
2284,prizepicks,15194634,2026-09-25T15:33:56+00:00,13.5,standard,pre_game,2026-09-25T08:51:34.506-04:00
2285,prizepicks,15194635,2026-09-25T15:33:56+00:00,14.5,standard,pre_game,2026-09-25T08:51:34.506-04:00
2286,prizepicks,15194636,2026-09-25T15:33:56+00:00,13.5,standard,pre_game,2026-09-25T08:51:34.506-04:00
2287,prizepicks,15194637,2026-09-25T15:33:56+00:00,13.5,standard,pre_game,2026-09-25T08:51:34.506-04:00
2288,prizepicks,15194638,2026-09-25T15:33:56+00:00,13.0,standard,pre_game,2026-09-25T08:51:34.506-04:00
2289,prizepicks,15194639,2026-09-25T15:33:56+00:00,12.5,standard,pre_game,2026-09-25T08:51:34.506-04:00
2290,prizepicks,15194640,2026-09-25T15:33:56+00:00,10.0,standard,pre_game,2026-09-25T08:51:34.506-04:00
2291,prizepicks,15194641,2026-09-25T15:33:56+00:00,6.0,standard,pre_game,2026-09-25T08:51:34.506-04:00
2292,prizepicks,15194642,2026-09-25T15:33:56+00:00,8.5,standard,pre_game,2026-09-25T08:51:34.506-04:00
2293,prizepicks,15194643,2026-09-25T15:33:56+00:00,8.0,standard,pre_game,2026-09-25T08:51:34.506-04:00
2294,prizepicks,15194644,2026-09-25T15:33:56+00:00,8.0,standard,pre_game,2026-09-25T08:51:34.506-04:00
2295,prizepicks,15194645,2026-09-25T15:33:56+00:00,8.5,standard,pre_game,2026-09-25T08:51:34.506-04:00
2296,prizepicks,15194646,2026-09-25T15:33:56+00:00,6.5,standard,pre_game,2026-09-25T08:51:34.506-04:00
2297,prizepicks,15194647,2026-09-25T15:33:56+00:00,7.0,standard,pre_game,2026-09-25T08:51:34.506-04:00
2298,prizepicks,15194648,2026-09-25T15:33:56+00:00,4.5,standard,pre_game,2026-09-25T08:51:34.506-04:00
2299,prizepicks,15194649,2026-09-25T15:33:56+00:00,7.0,standard,pre_game,2026-09-25T08:51:34.506-04:00
2300,prizepicks,15200460,2026-09-25T15:33:56+00:00,32.0,standard,pre_game,2026-09-24T15:57:19.856-04:00
2301,prizepicks,15200461,2026-09-25T15:33:56+00:00,32.0,standard,pre_game,2026-09-24T15:57:19.856-04:00
2302,prizepicks,15200462,2026-09-25T15:33:56+00:00,29.5,standard,pre_game,2026-09-24T15:57:19.856-04:00
2303,prizepicks,15200463,2026-09-25T15:33:56+00:00,27.0,standard,pre_game,2026-09-24T15:57:19.856-04:00
2304,prizepicks,15200464,2026-09-25T15:33:56+00:00,27.0,standard,pre_game,2026-09-24T15:57:19.856-04:00
2305,prizepicks,15200465,2026-09-25T15:33:56+00:00,24.0,standard,pre_game,2026-09-24T16:15:19.996-04:00
2306,prizepicks,15200466,2026-09-25T15:33:56+00:00,25.0,standard,pre_game,2026-09-24T16:15:15.959-04:00
2307,prizepicks,15200467,2026-09-25T15:33:56+00:00,24.5,standard,pre_game,2026-09-24T23:12:21.975-04:00
2308,prizepicks,15200468,2026-09-25T15:33:56+00:00,25.5,standard,pre_game,2026-09-24T15:57:24.152-04:00
2309,prizepicks,15200469,2026-09-25T15:33:56+00:00,24.0,standard,pre_game,2026-09-24T15:57:24.152-04:00
2310,prizepicks,15200470,2026-09-25T15:33:56+00:00,11.0,standard,pre_game,2026-09-24T15:57:19.856-04:00
2311,prizepicks,15200471,2026-09-25T15:33:56+00:00,15.5,standard,pre_game,2026-09-24T15:57:19.856-04:00
2312,prizepicks,15200472,2026-09-25T15:33:56+00:00,17.5,standard,pre_game,2026-09-24T15:57:19.856-04:00
2313,prizepicks,15200473,2026-09-25T15:33:56+00:00,14.5,standard,pre_game,2026-09-24T15:57:19.856-04:00
2314,prizepicks,15200474,2026-09-25T15:33:56+00:00,13.5,standard,pre_game,2026-09-24T15:57:19.856-04:00
2315,prizepicks,15200475,2026-09-25T15:33:56+00:00,15.0,standard,pre_game,2026-09-24T22:41:32.110-04:00
2316,prizepicks,15200476,2026-09-25T15:33:56+00:00,14.5,standard,pre_game,2026-09-24T15:57:24.152-04:00
2317,prizepicks,15200477,2026-09-25T15:33:56+00:00,15.5,standard,pre_game,2026-09-25T11:18:38.932-04:00
2318,prizepicks,15200478,2026-09-25T15:33:56+00:00,9.5,standard,pre_game,2026-09-24T15:57:24.152-04:00
2319,prizepicks,15200479,2026-09-25T15:33:56+00:00,12.0,standard,pre_game,2026-09-24T15:57:24.152-04:00
2320,prizepicks,15198653,2026-09-25T15:33:56+00:00,32.5,standard,pre_game,2026-09-24T15:14:09.253-04:00
2321,prizepicks,15198663,2026-09-25T15:33:56+00:00,19.0,standard,pre_game,2026-09-24T21:14:41.428-04:00
2322,prizepicks,15198654,2026-09-25T15:33:56+00:00,30.5,standard,pre_game,2026-09-24T15:09:32.851-04:00
2323,prizepicks,15198664,2026-09-25T15:33:56+00:00,14.5,standard,pre_game,2026-09-24T15:09:32.851-04:00
2324,prizepicks,15198655,2026-09-25T15:33:56+00:00,29.0,standard,pre_game,2026-09-24T15:09:32.851-04:00
2325,prizepicks,15198665,2026-09-25T15:33:56+00:00,10.5,standard,pre_game,2026-09-24T15:09:32.851-04:00
2326,prizepicks,15198656,2026-09-25T15:33:56+00:00,29.0,standard,pre_game,2026-09-24T15:09:32.851-04:00
2327,prizepicks,15198666,2026-09-25T15:33:56+00:00,16.5,standard,pre_game,2026-09-24T15:09:32.851-04:00
2328,prizepicks,15198657,2026-09-25T15:33:56+00:00,26.0,standard,pre_game,2026-09-24T15:09:32.851-04:00
2329,prizepicks,15198667,2026-09-25T15:33:56+00:00,13.0,standard,pre_game,2026-09-24T15:09:32.851-04:00
2330,prizepicks,15198658,2026-09-25T15:33:56+00:00,27.5,standard,pre_game,2026-09-24T15:09:38.410-04:00
2331,prizepicks,15198668,2026-09-25T15:33:56+00:00,9.5,standard,pre_game,2026-09-24T15:09:38.410-04:00
2332,prizepicks,15198659,2026-09-25T15:33:56+00:00,26.5,standard,pre_game,2026-09-25T01:53:52.670-04:00
2333,prizepicks,15198669,2026-09-25T15:33:56+00:00,13.0,standard,pre_game,2026-09-24T23:11:22.405-04:00
2334,prizepicks,15198660,2026-09-25T15:33:56+00:00,26.0,standard,pre_game,2026-09-24T15:09:38.410-04:00
2335,prizepicks,15198670,2026-09-25T15:33:56+00:00,13.0,standard,pre_game,2026-09-24T15:09:38.410-04:00
2336,prizepicks,15198661,2026-09-25T15:33:56+00:00,26.0,standard,pre_game,2026-09-24T15:09:38.410-04:00
2337,prizepicks,15198671,2026-09-25T15:33:56+00:00,15.5,standard,pre_game,2026-09-24T15:09:38.410-04:00
2338,prizepicks,15198662,2026-09-25T15:33:56+00:00,24.0,standard,pre_game,2026-09-24T23:12:39.431-04:00
2339,prizepicks,15198672,2026-09-25T15:33:56+00:00,12.5,standard,pre_game,2026-09-24T16:16:44.278-04:00
2340,prizepicks,15212932,2026-09-25T15:33:56+00:00,16.5,demon,pre_game,2026-09-25T01:38:38.517-04:00
2341,prizepicks,15212935,2026-09-25T15:33:56+00:00,16.5,demon,pre_game,2026-09-25T01:38:30.160-04:00
2342,prizepicks,15212917,2026-09-25T15:33:56+00:00,15.5,demon,pre_game,2026-09-25T01:38:38.517-04:00
2343,prizepicks,15212920,2026-09-25T15:33:56+00:00,15.5,demon,pre_game,2026-09-25T01:38:30.160-04:00
2344,prizepicks,15212924,2026-09-25T15:33:56+00:00,15.5,demon,pre_game,2026-09-25T01:38:30.160-04:00
2345,prizepicks,15212931,2026-09-25T15:33:56+00:00,15.5,standard,pre_game,2026-09-25T01:38:38.517-04:00
2346,prizepicks,15212934,2026-09-25T15:33:56+00:00,15.5,standard,pre_game,2026-09-25T01:38:30.160-04:00
2347,prizepicks,15212916,2026-09-25T15:33:56+00:00,14.5,standard,pre_game,2026-09-25T01:38:38.517-04:00
2348,prizepicks,15212919,2026-09-25T15:33:56+00:00,14.5,standard,pre_game,2026-09-25T01:38:30.160-04:00
2349,prizepicks,15212933,2026-09-25T15:33:56+00:00,14.5,goblin,pre_game,2026-09-25T01:38:38.517-04:00
2350,prizepicks,15212936,2026-09-25T15:33:56+00:00,14.5,goblin,pre_game,2026-09-25T01:38:30.160-04:00
2351,prizepicks,15212918,2026-09-25T15:33:56+00:00,13.5,goblin,pre_game,2026-09-25T01:38:38.517-04:00
2352,prizepicks,15212921,2026-09-25T15:33:56+00:00,13.5,goblin,pre_game,2026-09-25T01:38:30.160-04:00
2353,prizepicks,15212922,2026-09-25T15:33:56+00:00,13.5,goblin,pre_game,2026-09-25T01:38:38.517-04:00
2354,prizepicks,15212923,2026-09-25T15:33:56+00:00,13.5,goblin,pre_game,2026-09-25T01:38:30.160-04:00
2355,prizepicks,15212905,2026-09-25T15:33:56+00:00,11.5,goblin,pre_game,2026-09-25T01:38:38.517-04:00
2356,prizepicks,15212907,2026-09-25T15:33:56+00:00,11.5,goblin,pre_game,2026-09-25T01:38:30.160-04:00
2357,prizepicks,15212904,2026-09-25T15:33:56+00:00,7.5,standard,pre_game,2026-09-25T08:56:27.543-04:00
2358,prizepicks,15212906,2026-09-25T15:33:56+00:00,7.5,standard,pre_game,2026-09-25T08:56:27.504-04:00
2359,prizepicks,15212980,2026-09-25T15:33:56+00:00,16.5,demon,pre_game,2026-09-25T01:43:27.356-04:00
2360,prizepicks,15212953,2026-09-25T15:33:56+00:00,15.5,demon,pre_game,2026-09-25T01:43:27.356-04:00
2361,prizepicks,15212960,2026-09-25T15:33:56+00:00,15.5,demon,pre_game,2026-09-25T01:40:48.704-04:00
2362,prizepicks,15212968,2026-09-25T15:33:56+00:00,15.5,demon,pre_game,2026-09-25T01:43:27.356-04:00
2363,prizepicks,15212974,2026-09-25T15:33:56+00:00,15.5,demon,pre_game,2026-09-25T01:40:48.704-04:00
2364,prizepicks,15212979,2026-09-25T15:33:56+00:00,15.5,standard,pre_game,2026-09-25T01:43:27.356-04:00
2365,prizepicks,15212997,2026-09-25T15:33:56+00:00,15.5,demon,pre_game,2026-09-25T01:40:48.704-04:00
2366,prizepicks,15212959,2026-09-25T15:33:56+00:00,14.5,standard,pre_game,2026-09-25T01:40:48.704-04:00
2367,prizepicks,15212967,2026-09-25T15:33:56+00:00,14.5,standard,pre_game,2026-09-25T01:43:27.356-04:00
2368,prizepicks,15212973,2026-09-25T15:33:56+00:00,14.5,standard,pre_game,2026-09-25T01:40:48.704-04:00
2369,prizepicks,15212981,2026-09-25T15:33:56+00:00,14.5,goblin,pre_game,2026-09-25T01:43:27.356-04:00
2370,prizepicks,15212996,2026-09-25T15:33:56+00:00,14.5,standard,pre_game,2026-09-25T01:40:48.704-04:00
2371,prizepicks,15212961,2026-09-25T15:33:56+00:00,13.5,goblin,pre_game,2026-09-25T01:40:48.704-04:00
2372,prizepicks,15212969,2026-09-25T15:33:56+00:00,13.5,goblin,pre_game,2026-09-25T01:43:27.356-04:00
2373,prizepicks,15212975,2026-09-25T15:33:56+00:00,13.5,goblin,pre_game,2026-09-25T01:40:48.704-04:00
2374,prizepicks,15212992,2026-09-25T15:33:56+00:00,13.5,demon,pre_game,2026-09-25T01:40:48.704-04:00
2375,prizepicks,15212998,2026-09-25T15:33:56+00:00,13.5,goblin,pre_game,2026-09-25T01:40:48.704-04:00
2376,prizepicks,15212991,2026-09-25T15:33:56+00:00,12.5,standard,pre_game,2026-09-25T01:40:48.704-04:00
2377,prizepicks,15212993,2026-09-25T15:33:56+00:00,11.5,goblin,pre_game,2026-09-25T01:40:48.704-04:00
2378,prizepicks,15212952,2026-09-25T15:33:56+00:00,7.5,standard,pre_game,2026-09-25T01:43:27.356-04:00
2379,prizepicks,15212958,2026-09-25T15:33:56+00:00,7.5,standard,pre_game,2026-09-25T01:40:48.704-04:00
2380,prizepicks,15212966,2026-09-25T15:33:56+00:00,4.5,standard,pre_game,2026-09-25T01:43:27.356-04:00
2381,prizepicks,15215017,2026-09-25T15:33:56+00:00,25.5,standard,pre_game,2026-09-25T01:38:38.517-04:00
2382,prizepicks,15215022,2026-09-25T15:33:56+00:00,14.5,standard,pre_game,2026-09-25T01:38:38.517-04:00
2383,prizepicks,15215018,2026-09-25T15:33:56+00:00,29.5,standard,pre_game,2026-09-25T01:38:38.517-04:00
2384,prizepicks,15215019,2026-09-25T15:33:56+00:00,31.5,standard,pre_game,2026-09-25T01:38:38.517-04:00
2385,prizepicks,15215024,2026-09-25T15:33:56+00:00,16.5,standard,pre_game,2026-09-25T01:38:38.517-04:00
2386,prizepicks,15215020,2026-09-25T15:33:56+00:00,31.5,standard,pre_game,2026-09-25T01:38:38.517-04:00
2387,prizepicks,15215025,2026-09-25T15:33:56+00:00,15.5,standard,pre_game,2026-09-25T01:38:38.517-04:00
2388,prizepicks,15215021,2026-09-25T15:33:56+00:00,29.5,standard,pre_game,2026-09-25T01:38:38.517-04:00
2389,prizepicks,15215026,2026-09-25T15:33:56+00:00,14.5,standard,pre_game,2026-09-25T01:38:38.517-04:00
2390,prizepicks,15215272,2026-09-25T15:33:56+00:00,29.5,standard,pre_game,2026-09-25T01:42:28.810-04:00
2391,prizepicks,15215280,2026-09-25T15:33:56+00:00,15.5,standard,pre_game,2026-09-25T01:42:28.689-04:00
2392,prizepicks,15215273,2026-09-25T15:33:56+00:00,29.5,standard,pre_game,2026-09-25T10:38:29.849-04:00
2393,prizepicks,15215281,2026-09-25T15:33:56+00:00,15.5,standard,pre_game,2026-09-25T01:42:28.723-04:00
2394,prizepicks,15215274,2026-09-25T15:33:56+00:00,24.5,standard,pre_game,2026-09-25T01:42:28.782-04:00
2395,prizepicks,15215282,2026-09-25T15:33:56+00:00,13.5,standard,pre_game,2026-09-25T01:42:28.751-04:00
2396,prizepicks,15215275,2026-09-25T15:33:56+00:00,30.5,standard,pre_game,2026-09-25T01:42:28.640-04:00
2397,prizepicks,15215283,2026-09-25T15:33:56+00:00,16.5,standard,pre_game,2026-09-25T01:42:28.870-04:00
2398,prizepicks,15215276,2026-09-25T15:33:56+00:00,29.5,standard,pre_game,2026-09-25T01:41:18.689-04:00
2399,prizepicks,15215284,2026-09-25T15:33:56+00:00,15.5,standard,pre_game,2026-09-25T01:41:18.689-04:00
2400,prizepicks,15215277,2026-09-25T15:33:56+00:00,31.5,standard,pre_game,2026-09-25T01:41:18.689-04:00
2401,prizepicks,15215285,2026-09-25T15:33:56+00:00,14.5,standard,pre_game,2026-09-25T01:41:18.689-04:00
2402,prizepicks,15215278,2026-09-25T15:33:56+00:00,29.5,standard,pre_game,2026-09-25T01:41:18.689-04:00
2403,prizepicks,15215286,2026-09-25T15:33:56+00:00,10.5,standard,pre_game,2026-09-25T01:41:18.689-04:00
2404,prizepicks,15215279,2026-09-25T15:33:56+00:00,26.5,standard,pre_game,2026-09-25T01:41:18.689-04:00
2405,prizepicks,15215287,2026-09-25T15:33:56+00:00,13.5,standard,pre_game,2026-09-25T01:41:18.689-04:00
2406,prizepicks,15198016,2026-09-25T15:34:52+00:00,33.5,standard,pre_game,2026-09-25T10:58:53.581-04:00
2407,prizepicks,15198017,2026-09-25T15:34:52+00:00,28.5,standard,pre_game,2026-09-25T10:58:53.525-04:00
2408,prizepicks,15198018,2026-09-25T15:34:52+00:00,22.5,standard,pre_game,2026-09-24T22:27:48.005-04:00
2409,prizepicks,15198019,2026-09-25T15:34:52+00:00,18.5,standard,pre_game,2026-09-24T22:27:11.430-04:00
2410,prizepicks,15198571,2026-09-25T15:34:52+00:00,10.5,demon,pre_game,2026-09-24T14:57:03.486-04:00
2411,prizepicks,15197798,2026-09-25T15:34:52+00:00,8.5,standard,pre_game,2026-09-24T14:44:03.407-04:00
2412,prizepicks,15198572,2026-09-25T15:34:52+00:00,6.5,goblin,pre_game,2026-09-24T14:57:03.740-04:00
2413,prizepicks,15198493,2026-09-25T15:34:52+00:00,14.5,demon,pre_game,2026-09-24T14:52:23.507-04:00
2414,prizepicks,15197799,2026-09-25T15:34:52+00:00,12.5,standard,pre_game,2026-09-24T14:44:03.407-04:00
2415,prizepicks,15198494,2026-09-25T15:34:52+00:00,10.5,goblin,pre_game,2026-09-24T14:52:23.597-04:00
2416,prizepicks,15198799,2026-09-25T15:34:52+00:00,14.5,demon,pre_game,2026-09-24T15:04:31.551-04:00
2417,prizepicks,15197800,2026-09-25T15:34:52+00:00,12.5,standard,pre_game,2026-09-25T10:58:49.887-04:00
2418,prizepicks,15198800,2026-09-25T15:34:52+00:00,8.5,goblin,pre_game,2026-09-24T15:04:31.614-04:00
2419,prizepicks,15198842,2026-09-25T15:34:52+00:00,18.5,demon,pre_game,2026-09-24T15:06:07.578-04:00
2420,prizepicks,15197801,2026-09-25T15:34:52+00:00,15.5,standard,pre_game,2026-09-24T14:44:03.407-04:00
2421,prizepicks,15198843,2026-09-25T15:34:52+00:00,12.5,goblin,pre_game,2026-09-24T15:06:07.652-04:00
2422,prizepicks,15197973,2026-09-25T15:34:52+00:00,2.5,demon,pre_game,2026-09-24T14:44:03.407-04:00
2423,prizepicks,15198729,2026-09-25T15:34:52+00:00,9.5,demon,pre_game,2026-09-24T15:01:02.182-04:00
2424,prizepicks,15197803,2026-09-25T15:34:52+00:00,7.0,standard,pre_game,2026-09-24T17:10:44.778-04:00
2425,prizepicks,15198730,2026-09-25T15:34:52+00:00,5.5,goblin,pre_game,2026-09-24T15:01:02.257-04:00
2426,prizepicks,15198488,2026-09-25T15:34:52+00:00,9.5,demon,pre_game,2026-09-24T14:51:33.359-04:00
2427,prizepicks,15197804,2026-09-25T15:34:52+00:00,7.0,standard,pre_game,2026-09-24T22:27:40.342-04:00
2428,prizepicks,15198489,2026-09-25T15:34:52+00:00,5.5,goblin,pre_game,2026-09-24T14:51:33.416-04:00
2429,prizepicks,15198468,2026-09-25T15:34:52+00:00,11.5,demon,pre_game,2026-09-24T15:52:25.506-04:00
2430,prizepicks,15197805,2026-09-25T15:34:52+00:00,8.5,standard,pre_game,2026-09-24T15:48:00.789-04:00
2431,prizepicks,15198469,2026-09-25T15:34:52+00:00,5.5,goblin,pre_game,2026-09-24T15:52:28.245-04:00
2432,prizepicks,15198922,2026-09-25T15:34:52+00:00,13.5,demon,pre_game,2026-09-24T15:07:35.389-04:00
2433,prizepicks,15197806,2026-09-25T15:34:52+00:00,10.0,standard,pre_game,2026-09-24T22:27:11.373-04:00
2434,prizepicks,15198923,2026-09-25T15:34:52+00:00,7.5,goblin,pre_game,2026-09-24T15:07:35.441-04:00
2435,prizepicks,15197990,2026-09-25T15:34:52+00:00,1.5,goblin,pre_game,2026-09-24T14:43:54.424-04:00
2436,prizepicks,15194610,2026-09-25T15:35:04+00:00,15.5,standard,pre_game,2026-09-25T08:41:42.047-04:00
2437,prizepicks,15194611,2026-09-25T15:35:04+00:00,15.0,standard,pre_game,2026-09-25T08:41:42.047-04:00
2438,prizepicks,15194612,2026-09-25T15:35:04+00:00,14.0,standard,pre_game,2026-09-25T08:41:42.047-04:00
2439,prizepicks,15194613,2026-09-25T15:35:04+00:00,14.0,standard,pre_game,2026-09-25T08:41:42.047-04:00
2440,prizepicks,15194614,2026-09-25T15:35:04+00:00,13.5,standard,pre_game,2026-09-25T08:41:42.047-04:00
2441,prizepicks,15194615,2026-09-25T15:35:04+00:00,15.0,standard,pre_game,2026-09-25T08:41:42.047-04:00
2442,prizepicks,15194616,2026-09-25T15:35:04+00:00,15.0,standard,pre_game,2026-09-25T08:41:42.047-04:00
2443,prizepicks,15194617,2026-09-25T15:35:04+00:00,14.5,standard,pre_game,2026-09-25T08:41:42.047-04:00
2444,prizepicks,15194618,2026-09-25T15:35:04+00:00,14.5,standard,pre_game,2026-09-25T08:41:42.047-04:00
2445,prizepicks,15194619,2026-09-25T15:35:04+00:00,13.5,standard,pre_game,2026-09-25T08:41:42.047-04:00
2446,prizepicks,15194620,2026-09-25T15:35:04+00:00,4.5,standard,pre_game,2026-09-25T08:41:42.047-04:00
2447,prizepicks,15194621,2026-09-25T15:35:04+00:00,9.0,standard,pre_game,2026-09-25T08:41:42.047-04:00
2448,prizepicks,15194622,2026-09-25T15:35:04+00:00,8.0,standard,pre_game,2026-09-25T08:41:42.047-04:00
2449,prizepicks,15194623,2026-09-25T15:35:04+00:00,8.0,standard,pre_game,2026-09-25T08:41:42.047-04:00
2450,prizepicks,15194624,2026-09-25T15:35:04+00:00,7.5,standard,pre_game,2026-09-25T08:41:42.047-04:00
2451,prizepicks,15194625,2026-09-25T15:35:04+00:00,6.0,standard,pre_game,2026-09-25T08:41:42.047-04:00
2452,prizepicks,15194626,2026-09-25T15:35:04+00:00,8.5,standard,pre_game,2026-09-25T08:41:42.047-04:00
2453,prizepicks,15194627,2026-09-25T15:35:04+00:00,7.5,standard,pre_game,2026-09-25T08:41:42.047-04:00
2454,prizepicks,15194628,2026-09-25T15:35:04+00:00,8.5,standard,pre_game,2026-09-25T08:41:42.047-04:00
2455,prizepicks,15194629,2026-09-25T15:35:04+00:00,8.0,standard,pre_game,2026-09-25T08:41:42.047-04:00
2456,prizepicks,15192221,2026-09-25T15:35:04+00:00,27.5,standard,pre_game,2026-09-25T11:34:28.850-04:00
2457,prizepicks,15192222,2026-09-25T15:35:04+00:00,29.5,standard,pre_game,2026-09-25T11:34:28.850-04:00
2458,prizepicks,15192223,2026-09-25T15:35:04+00:00,30.5,standard,pre_game,2026-09-25T11:34:28.850-04:00
2459,prizepicks,15192224,2026-09-25T15:35:04+00:00,26.5,standard,pre_game,2026-09-25T11:34:28.850-04:00
2460,prizepicks,15192225,2026-09-25T15:35:04+00:00,31.5,standard,pre_game,2026-09-25T11:34:28.850-04:00
2461,prizepicks,15192226,2026-09-25T15:35:04+00:00,28.0,standard,pre_game,2026-09-25T11:34:28.850-04:00
2462,prizepicks,15192227,2026-09-25T15:35:04+00:00,29.5,standard,pre_game,2026-09-25T11:34:28.850-04:00
2463,prizepicks,15192228,2026-09-25T15:35:04+00:00,30.5,standard,pre_game,2026-09-25T11:34:28.850-04:00
2464,prizepicks,15192229,2026-09-25T15:35:04+00:00,24.0,standard,pre_game,2026-09-25T11:34:28.850-04:00
2465,prizepicks,15192230,2026-09-25T15:35:04+00:00,27.0,standard,pre_game,2026-09-25T11:34:28.850-04:00
2466,prizepicks,15192231,2026-09-25T15:35:04+00:00,16.5,standard,pre_game,2026-09-25T11:34:28.850-04:00
2467,prizepicks,15192232,2026-09-25T15:35:04+00:00,10.5,standard,pre_game,2026-09-25T11:34:28.850-04:00
2468,prizepicks,15192233,2026-09-25T15:35:04+00:00,17.5,standard,pre_game,2026-09-25T11:34:28.850-04:00
2469,prizepicks,15192234,2026-09-25T15:35:04+00:00,15.5,standard,pre_game,2026-09-25T11:34:28.850-04:00
2470,prizepicks,15192235,2026-09-25T15:35:04+00:00,16.5,standard,pre_game,2026-09-25T11:34:28.850-04:00
2471,prizepicks,15192236,2026-09-25T15:35:04+00:00,16.5,standard,pre_game,2026-09-25T11:34:28.850-04:00
2472,prizepicks,15192237,2026-09-25T15:35:04+00:00,9.0,standard,pre_game,2026-09-25T11:34:28.850-04:00
2473,prizepicks,15192238,2026-09-25T15:35:04+00:00,16.0,standard,pre_game,2026-09-25T11:34:28.850-04:00
2474,prizepicks,15192239,2026-09-25T15:35:04+00:00,12.0,standard,pre_game,2026-09-25T11:34:28.850-04:00
2475,prizepicks,15192240,2026-09-25T15:35:04+00:00,15.5,standard,pre_game,2026-09-25T11:34:28.850-04:00
2476,prizepicks,15196226,2026-09-25T15:35:04+00:00,29.5,standard,pre_game,2026-09-24T16:03:46.847-04:00
2477,prizepicks,15196236,2026-09-25T15:35:04+00:00,15.0,standard,pre_game,2026-09-24T23:27:26.581-04:00
2478,prizepicks,15196227,2026-09-25T15:35:04+00:00,29.5,standard,pre_game,2026-09-24T16:03:46.847-04:00
2479,prizepicks,15196237,2026-09-25T15:35:04+00:00,14.5,standard,pre_game,2026-09-24T16:03:46.847-04:00
2480,prizepicks,15196228,2026-09-25T15:35:04+00:00,25.0,standard,pre_game,2026-09-24T21:17:53.545-04:00
2481,prizepicks,15196238,2026-09-25T15:35:04+00:00,14.5,standard,pre_game,2026-09-24T23:06:44.332-04:00
2482,prizepicks,15196229,2026-09-25T15:35:04+00:00,29.5,standard,pre_game,2026-09-24T16:03:46.847-04:00
2483,prizepicks,15196239,2026-09-25T15:35:04+00:00,16.5,standard,pre_game,2026-09-24T16:03:46.847-04:00
2484,prizepicks,15196231,2026-09-25T15:35:04+00:00,28.5,standard,pre_game,2026-09-24T16:03:50.769-04:00
2485,prizepicks,15196232,2026-09-25T15:35:04+00:00,28.5,standard,pre_game,2026-09-24T16:03:50.769-04:00
2486,prizepicks,15196242,2026-09-25T15:35:04+00:00,9.0,standard,pre_game,2026-09-25T01:55:52.468-04:00
2487,prizepicks,15196233,2026-09-25T15:35:04+00:00,26.5,standard,pre_game,2026-09-24T16:03:50.769-04:00
2488,prizepicks,15196243,2026-09-25T15:35:04+00:00,16.5,standard,pre_game,2026-09-24T16:03:50.769-04:00
2489,prizepicks,15196234,2026-09-25T15:35:04+00:00,28.5,standard,pre_game,2026-09-24T16:03:50.769-04:00
2490,prizepicks,15196244,2026-09-25T15:35:04+00:00,15.5,standard,pre_game,2026-09-24T21:17:32.959-04:00
2491,prizepicks,15196235,2026-09-25T15:35:04+00:00,27.5,standard,pre_game,2026-09-24T16:03:50.769-04:00
2492,prizepicks,15196245,2026-09-25T15:35:04+00:00,15.5,standard,pre_game,2026-09-24T23:12:05.005-04:00
2493,prizepicks,15213142,2026-09-25T15:35:04+00:00,14.5,standard,pre_game,2026-09-25T11:07:20.804-04:00
2494,prizepicks,15213143,2026-09-25T15:35:04+00:00,12.0,standard,pre_game,2026-09-25T11:07:20.804-04:00
2495,prizepicks,15213144,2026-09-25T15:35:04+00:00,15.5,standard,pre_game,2026-09-25T11:07:20.804-04:00
2496,prizepicks,15213145,2026-09-25T15:35:04+00:00,16.0,standard,pre_game,2026-09-25T11:07:20.804-04:00
2497,prizepicks,15213146,2026-09-25T15:35:04+00:00,15.0,standard,pre_game,2026-09-25T11:07:20.804-04:00
2498,prizepicks,15213147,2026-09-25T15:35:04+00:00,12.0,standard,pre_game,2026-09-25T11:07:20.804-04:00
2499,prizepicks,15213148,2026-09-25T15:35:04+00:00,13.5,standard,pre_game,2026-09-25T11:07:20.804-04:00
2500,prizepicks,15213149,2026-09-25T15:35:04+00:00,15.0,standard,pre_game,2026-09-25T11:07:20.804-04:00
2501,prizepicks,15213150,2026-09-25T15:35:04+00:00,13.5,standard,pre_game,2026-09-25T11:07:20.804-04:00
2502,prizepicks,15213151,2026-09-25T15:35:04+00:00,13.5,standard,pre_game,2026-09-25T11:07:20.804-04:00
2503,prizepicks,15213153,2026-09-25T15:35:04+00:00,6.5,standard,pre_game,2026-09-25T11:07:20.804-04:00
2504,prizepicks,15213154,2026-09-25T15:35:04+00:00,10.5,standard,pre_game,2026-09-25T11:07:20.804-04:00
2505,prizepicks,15213155,2026-09-25T15:35:04+00:00,9.0,standard,pre_game,2026-09-25T11:07:20.804-04:00
2506,prizepicks,15213156,2026-09-25T15:35:04+00:00,8.0,standard,pre_game,2026-09-25T11:07:20.804-04:00
2507,prizepicks,15213157,2026-09-25T15:35:04+00:00,5.5,standard,pre_game,2026-09-25T11:07:20.804-04:00
2508,prizepicks,15213158,2026-09-25T15:35:04+00:00,6.5,standard,pre_game,2026-09-25T11:07:20.804-04:00
2509,prizepicks,15213159,2026-09-25T15:35:04+00:00,8.0,standard,pre_game,2026-09-25T11:07:20.804-04:00
2510,prizepicks,15213160,2026-09-25T15:35:04+00:00,7.0,standard,pre_game,2026-09-25T11:07:20.804-04:00
2511,prizepicks,15213161,2026-09-25T15:35:04+00:00,4.5,standard,pre_game,2026-09-25T11:07:20.804-04:00
2512,prizepicks,15195630,2026-09-25T15:35:04+00:00,14.0,standard,pre_game,2026-09-25T10:24:56.720-04:00
2513,prizepicks,15195631,2026-09-25T15:35:04+00:00,15.5,standard,pre_game,2026-09-25T10:24:56.720-04:00
2514,prizepicks,15195632,2026-09-25T15:35:04+00:00,15.5,standard,pre_game,2026-09-25T10:24:56.720-04:00
2515,prizepicks,15195633,2026-09-25T15:35:04+00:00,15.5,standard,pre_game,2026-09-25T10:24:56.720-04:00
2516,prizepicks,15195634,2026-09-25T15:35:04+00:00,12.5,standard,pre_game,2026-09-25T10:24:56.720-04:00
2517,prizepicks,15195635,2026-09-25T15:35:04+00:00,8.0,standard,pre_game,2026-09-25T10:24:56.720-04:00
2518,prizepicks,15195636,2026-09-25T15:35:04+00:00,5.0,standard,pre_game,2026-09-25T10:24:56.720-04:00
2519,prizepicks,15195637,2026-09-25T15:35:04+00:00,10.5,standard,pre_game,2026-09-25T10:24:56.720-04:00
2520,prizepicks,15195638,2026-09-25T15:35:04+00:00,9.0,standard,pre_game,2026-09-25T10:24:56.720-04:00
2521,prizepicks,15195639,2026-09-25T15:35:04+00:00,6.5,standard,pre_game,2026-09-25T10:24:56.720-04:00
2522,prizepicks,15201749,2026-09-25T15:35:04+00:00,25.5,standard,pre_game,2026-09-24T17:10:38.524-04:00
2523,prizepicks,15201750,2026-09-25T15:35:04+00:00,28.5,standard,pre_game,2026-09-24T17:10:38.524-04:00
2524,prizepicks,15201751,2026-09-25T15:35:04+00:00,31.5,standard,pre_game,2026-09-24T17:10:38.524-04:00
2525,prizepicks,15201752,2026-09-25T15:35:04+00:00,31.0,standard,pre_game,2026-09-25T10:22:11.669-04:00
2526,prizepicks,15201753,2026-09-25T15:35:04+00:00,30.5,standard,pre_game,2026-09-24T23:25:28.973-04:00
2527,prizepicks,15201754,2026-09-25T15:35:04+00:00,26.5,standard,pre_game,2026-09-25T10:37:39.364-04:00
2528,prizepicks,15201755,2026-09-25T15:35:04+00:00,29.5,standard,pre_game,2026-09-24T17:10:43.484-04:00
2529,prizepicks,15201756,2026-09-25T15:35:04+00:00,28.5,standard,pre_game,2026-09-24T17:10:43.484-04:00
2530,prizepicks,15201757,2026-09-25T15:35:04+00:00,23.5,standard,pre_game,2026-09-24T17:10:43.484-04:00
2531,prizepicks,15201758,2026-09-25T15:35:04+00:00,27.5,standard,pre_game,2026-09-24T23:13:21.402-04:00
2532,prizepicks,15201759,2026-09-25T15:35:04+00:00,15.5,standard,pre_game,2026-09-25T08:56:39.753-04:00
2533,prizepicks,15201761,2026-09-25T15:35:04+00:00,16.5,standard,pre_game,2026-09-24T17:10:38.524-04:00
2534,prizepicks,15201762,2026-09-25T15:35:04+00:00,16.0,standard,pre_game,2026-09-25T10:22:11.602-04:00
2535,prizepicks,15201763,2026-09-25T15:35:04+00:00,15.0,standard,pre_game,2026-09-24T17:10:38.524-04:00
2536,prizepicks,15201764,2026-09-25T15:35:04+00:00,16.5,standard,pre_game,2026-09-24T23:24:46.106-04:00
2537,prizepicks,15201765,2026-09-25T15:35:04+00:00,16.5,standard,pre_game,2026-09-24T17:10:43.484-04:00
2538,prizepicks,15201766,2026-09-25T15:35:04+00:00,17.5,standard,pre_game,2026-09-24T17:10:43.484-04:00
2539,prizepicks,15201767,2026-09-25T15:35:04+00:00,11.5,standard,pre_game,2026-09-24T17:10:43.484-04:00
2540,prizepicks,15201768,2026-09-25T15:35:04+00:00,10.5,standard,pre_game,2026-09-24T23:24:04.107-04:00
2541,prizepicks,15195194,2026-09-25T15:35:04+00:00,32.5,standard,pre_game,2026-09-25T10:37:27.068-04:00
2542,prizepicks,15195199,2026-09-25T15:35:04+00:00,18.5,standard,pre_game,2026-09-24T16:03:39.591-04:00
2543,prizepicks,15195195,2026-09-25T15:35:04+00:00,29.5,standard,pre_game,2026-09-25T10:38:00.614-04:00
2544,prizepicks,15195200,2026-09-25T15:35:04+00:00,10.5,standard,pre_game,2026-09-24T16:03:50.068-04:00
2545,prizepicks,15195196,2026-09-25T15:35:04+00:00,29.0,standard,pre_game,2026-09-24T16:00:17.673-04:00
2546,prizepicks,15195201,2026-09-25T15:35:04+00:00,19.5,standard,pre_game,2026-09-24T16:03:44.540-04:00
2547,prizepicks,15195197,2026-09-25T15:35:04+00:00,28.5,standard,pre_game,2026-09-24T16:03:25.772-04:00
2548,prizepicks,15195202,2026-09-25T15:35:04+00:00,12.5,standard,pre_game,2026-09-24T16:03:25.821-04:00
2549,prizepicks,15195198,2026-09-25T15:35:04+00:00,26.5,standard,pre_game,2026-09-24T16:03:34.024-04:00
2550,prizepicks,15195203,2026-09-25T15:35:04+00:00,14.5,standard,pre_game,2026-09-24T16:03:34.066-04:00
2551,prizepicks,15200440,2026-09-25T15:35:04+00:00,31.0,standard,pre_game,2026-09-24T15:56:45.350-04:00
2552,prizepicks,15200441,2026-09-25T15:35:04+00:00,30.5,standard,pre_game,2026-09-24T23:25:56.856-04:00
2553,prizepicks,15200442,2026-09-25T15:35:04+00:00,31.5,standard,pre_game,2026-09-24T21:15:57.398-04:00
2554,prizepicks,15200443,2026-09-25T15:35:04+00:00,28.0,standard,pre_game,2026-09-24T15:56:45.350-04:00
2555,prizepicks,15200444,2026-09-25T15:35:04+00:00,27.5,standard,pre_game,2026-09-24T15:56:45.350-04:00
2556,prizepicks,15200445,2026-09-25T15:35:04+00:00,29.0,standard,pre_game,2026-09-25T00:54:13.968-04:00
2557,prizepicks,15200446,2026-09-25T15:35:04+00:00,28.5,standard,pre_game,2026-09-25T10:38:10.875-04:00
2558,prizepicks,15200447,2026-09-25T15:35:04+00:00,28.5,standard,pre_game,2026-09-24T15:56:49.989-04:00
2559,prizepicks,15200448,2026-09-25T15:35:04+00:00,27.0,standard,pre_game,2026-09-24T15:56:49.989-04:00
2560,prizepicks,15200449,2026-09-25T15:35:04+00:00,25.0,standard,pre_game,2026-09-25T00:52:09.885-04:00
2561,prizepicks,15200450,2026-09-25T15:35:04+00:00,18.5,standard,pre_game,2026-09-24T15:56:45.350-04:00
2562,prizepicks,15200451,2026-09-25T15:35:04+00:00,12.0,standard,pre_game,2026-09-24T23:26:21.751-04:00
2563,prizepicks,15200452,2026-09-25T15:35:04+00:00,18.0,standard,pre_game,2026-09-24T15:56:45.350-04:00
2564,prizepicks,15200453,2026-09-25T15:35:04+00:00,15.5,standard,pre_game,2026-09-24T21:17:00.442-04:00
2565,prizepicks,15200454,2026-09-25T15:35:04+00:00,15.0,standard,pre_game,2026-09-24T15:56:45.350-04:00
2566,prizepicks,15200455,2026-09-25T15:35:04+00:00,11.0,standard,pre_game,2026-09-24T15:56:49.989-04:00
2567,prizepicks,15200456,2026-09-25T15:35:04+00:00,14.0,standard,pre_game,2026-09-24T15:56:49.989-04:00
2568,prizepicks,15200457,2026-09-25T15:35:04+00:00,14.5,standard,pre_game,2026-09-24T15:56:49.989-04:00
2569,prizepicks,15200458,2026-09-25T15:35:04+00:00,14.5,standard,pre_game,2026-09-24T15:56:49.989-04:00
2570,prizepicks,15200459,2026-09-25T15:35:04+00:00,13.0,standard,pre_game,2026-09-24T23:38:48.109-04:00
2571,prizepicks,15194506,2026-09-25T15:35:04+00:00,32.5,standard,pre_game,2026-09-25T10:37:47.460-04:00
2572,prizepicks,15194507,2026-09-25T15:35:04+00:00,30.5,standard,pre_game,2026-09-25T10:41:55.817-04:00
2573,prizepicks,15194508,2026-09-25T15:35:04+00:00,28.5,standard,pre_game,2026-09-25T08:51:26.150-04:00
2574,prizepicks,15194509,2026-09-25T15:35:04+00:00,28.5,standard,pre_game,2026-09-25T08:51:26.150-04:00
2575,prizepicks,15194510,2026-09-25T15:35:04+00:00,27.0,standard,pre_game,2026-09-25T08:51:26.150-04:00
2576,prizepicks,15194511,2026-09-25T15:35:04+00:00,29.0,standard,pre_game,2026-09-25T08:51:26.150-04:00
2577,prizepicks,15194512,2026-09-25T15:35:04+00:00,27.5,standard,pre_game,2026-09-25T08:51:26.150-04:00
2578,prizepicks,15194513,2026-09-25T15:35:04+00:00,27.5,standard,pre_game,2026-09-25T08:51:26.150-04:00
2579,prizepicks,15194514,2026-09-25T15:35:04+00:00,26.5,standard,pre_game,2026-09-25T08:51:26.150-04:00
2580,prizepicks,15194515,2026-09-25T15:35:04+00:00,25.0,standard,pre_game,2026-09-25T08:51:26.150-04:00
2581,prizepicks,15194516,2026-09-25T15:35:04+00:00,21.0,standard,pre_game,2026-09-25T08:51:26.150-04:00
2582,prizepicks,15194517,2026-09-25T15:35:04+00:00,12.5,standard,pre_game,2026-09-25T08:51:26.150-04:00
2583,prizepicks,15194518,2026-09-25T15:35:04+00:00,17.5,standard,pre_game,2026-09-25T08:51:26.150-04:00
2584,prizepicks,15194519,2026-09-25T15:35:04+00:00,18.0,standard,pre_game,2026-09-25T08:51:26.150-04:00
2585,prizepicks,15194520,2026-09-25T15:35:04+00:00,16.0,standard,pre_game,2026-09-25T08:51:26.150-04:00
2586,prizepicks,15194521,2026-09-25T15:35:04+00:00,16.0,standard,pre_game,2026-09-25T08:51:26.150-04:00
2587,prizepicks,15194522,2026-09-25T15:35:04+00:00,13.5,standard,pre_game,2026-09-25T08:51:26.150-04:00
2588,prizepicks,15194523,2026-09-25T15:35:04+00:00,14.5,standard,pre_game,2026-09-25T08:51:26.150-04:00
2589,prizepicks,15194524,2026-09-25T15:35:04+00:00,9.5,standard,pre_game,2026-09-25T08:51:26.150-04:00
2590,prizepicks,15194525,2026-09-25T15:35:04+00:00,13.0,standard,pre_game,2026-09-25T08:51:26.150-04:00
2591,prizepicks,15213092,2026-09-25T15:35:04+00:00,32.5,standard,pre_game,2026-09-25T00:19:28.750-04:00
2592,prizepicks,15213093,2026-09-25T15:35:04+00:00,28.5,standard,pre_game,2026-09-25T00:19:28.750-04:00
2593,prizepicks,15213095,2026-09-25T15:35:04+00:00,32.5,standard,pre_game,2026-09-25T00:19:28.750-04:00
2594,prizepicks,15213096,2026-09-25T15:35:04+00:00,28.5,standard,pre_game,2026-09-25T01:41:45.351-04:00
2595,prizepicks,15213097,2026-09-25T15:35:04+00:00,17.5,standard,pre_game,2026-09-25T00:19:28.750-04:00
2596,prizepicks,15213098,2026-09-25T15:35:04+00:00,16.5,standard,pre_game,2026-09-25T00:19:28.750-04:00
2597,prizepicks,15213100,2026-09-25T15:35:04+00:00,10.5,standard,pre_game,2026-09-25T00:19:28.750-04:00
2598,prizepicks,15213101,2026-09-25T15:35:04+00:00,15.5,standard,pre_game,2026-09-25T00:19:28.750-04:00
2599,prizepicks,15192251,2026-09-25T15:35:04+00:00,12.5,standard,pre_game,2026-09-24T11:19:41.642-04:00
2600,prizepicks,15192252,2026-09-25T15:35:04+00:00,15.5,standard,pre_game,2026-09-24T11:19:41.642-04:00
2601,prizepicks,15192253,2026-09-25T15:35:04+00:00,11.5,standard,pre_game,2026-09-24T11:19:41.642-04:00
2602,prizepicks,15192254,2026-09-25T15:35:04+00:00,15.5,standard,pre_game,2026-09-24T11:19:41.642-04:00
2603,prizepicks,15192255,2026-09-25T15:35:04+00:00,17.5,standard,pre_game,2026-09-24T11:19:41.642-04:00
2604,prizepicks,15192256,2026-09-25T15:35:04+00:00,17.0,standard,pre_game,2026-09-24T11:19:54.746-04:00
2605,prizepicks,15192257,2026-09-25T15:35:04+00:00,13.5,standard,pre_game,2026-09-24T11:19:54.746-04:00
2606,prizepicks,15192258,2026-09-25T15:35:04+00:00,16.5,standard,pre_game,2026-09-24T11:19:54.746-04:00
2607,prizepicks,15192260,2026-09-25T15:35:04+00:00,17.0,standard,pre_game,2026-09-24T11:19:54.746-04:00
2608,prizepicks,15192241,2026-09-25T15:35:04+00:00,27.0,standard,pre_game,2026-09-24T11:19:41.642-04:00
2609,prizepicks,15192242,2026-09-25T15:35:04+00:00,28.0,standard,pre_game,2026-09-24T11:19:41.642-04:00
2610,prizepicks,15192243,2026-09-25T15:35:04+00:00,31.5,standard,pre_game,2026-09-24T11:19:41.642-04:00
2611,prizepicks,15192244,2026-09-25T15:35:04+00:00,27.5,standard,pre_game,2026-09-24T14:52:25.785-04:00
2612,prizepicks,15192245,2026-09-25T15:35:04+00:00,30.0,standard,pre_game,2026-09-24T17:26:02.563-04:00
2613,prizepicks,15192246,2026-09-25T15:35:04+00:00,27.0,standard,pre_game,2026-09-24T11:19:54.746-04:00
2614,prizepicks,15192247,2026-09-25T15:35:04+00:00,27.0,standard,pre_game,2026-09-24T11:19:54.746-04:00
2615,prizepicks,15192248,2026-09-25T15:35:04+00:00,31.5,standard,pre_game,2026-09-24T11:19:54.746-04:00
2616,prizepicks,15192249,2026-09-25T15:35:04+00:00,33.0,standard,pre_game,2026-09-24T17:25:31.089-04:00
2617,prizepicks,15192250,2026-09-25T15:35:04+00:00,29.5,standard,pre_game,2026-09-24T11:19:54.746-04:00
2618,prizepicks,15194526,2026-09-25T15:35:04+00:00,33.0,standard,pre_game,2026-09-24T12:06:53.570-04:00
2619,prizepicks,15194527,2026-09-25T15:35:04+00:00,32.0,standard,pre_game,2026-09-24T12:06:53.570-04:00
2620,prizepicks,15194528,2026-09-25T15:35:04+00:00,28.0,standard,pre_game,2026-09-24T12:06:53.570-04:00
2621,prizepicks,15194529,2026-09-25T15:35:04+00:00,28.0,standard,pre_game,2026-09-24T12:06:53.570-04:00
2622,prizepicks,15194530,2026-09-25T15:35:04+00:00,25.0,standard,pre_game,2026-09-24T14:08:32.752-04:00
2623,prizepicks,15194531,2026-09-25T15:35:04+00:00,31.5,standard,pre_game,2026-09-25T03:58:36.251-04:00
2624,prizepicks,15194532,2026-09-25T15:35:04+00:00,28.0,standard,pre_game,2026-09-24T12:06:59.211-04:00
2625,prizepicks,15194533,2026-09-25T15:35:04+00:00,28.0,standard,pre_game,2026-09-24T12:06:59.211-04:00
2626,prizepicks,15194534,2026-09-25T15:35:04+00:00,27.5,standard,pre_game,2026-09-24T12:06:59.211-04:00
2627,prizepicks,15194535,2026-09-25T15:35:04+00:00,27.0,standard,pre_game,2026-09-24T12:06:59.211-04:00
2628,prizepicks,15194538,2026-09-25T15:35:04+00:00,20.0,standard,pre_game,2026-09-24T12:06:53.570-04:00
2629,prizepicks,15194542,2026-09-25T15:35:04+00:00,17.0,standard,pre_game,2026-09-24T23:55:45.816-04:00
2630,prizepicks,15194543,2026-09-25T15:35:04+00:00,15.5,standard,pre_game,2026-09-24T12:06:53.570-04:00
2631,prizepicks,15194545,2026-09-25T15:35:04+00:00,10.0,standard,pre_game,2026-09-24T12:06:53.570-04:00
2632,prizepicks,15194546,2026-09-25T15:35:04+00:00,11.5,standard,pre_game,2026-09-24T17:25:11.251-04:00
2633,prizepicks,15194547,2026-09-25T15:35:04+00:00,16.5,standard,pre_game,2026-09-24T15:27:03.304-04:00
2634,prizepicks,15194548,2026-09-25T15:35:04+00:00,15.0,standard,pre_game,2026-09-24T12:06:59.211-04:00
2635,prizepicks,15194549,2026-09-25T15:35:04+00:00,9.5,standard,pre_game,2026-09-24T12:06:59.211-04:00
2636,prizepicks,15194550,2026-09-25T15:35:04+00:00,15.0,standard,pre_game,2026-09-24T12:06:59.211-04:00
2637,prizepicks,15194551,2026-09-25T15:35:04+00:00,17.0,standard,pre_game,2026-09-24T12:06:59.211-04:00
2638,prizepicks,15194630,2026-09-25T15:35:04+00:00,16.0,standard,pre_game,2026-09-25T08:51:34.506-04:00
2639,prizepicks,15194631,2026-09-25T15:35:04+00:00,15.0,standard,pre_game,2026-09-25T10:41:53.569-04:00
2640,prizepicks,15194632,2026-09-25T15:35:04+00:00,14.5,standard,pre_game,2026-09-25T08:51:34.506-04:00
2641,prizepicks,15194633,2026-09-25T15:35:04+00:00,14.0,standard,pre_game,2026-09-25T08:51:34.506-04:00
2642,prizepicks,15194634,2026-09-25T15:35:04+00:00,13.5,standard,pre_game,2026-09-25T08:51:34.506-04:00
2643,prizepicks,15194635,2026-09-25T15:35:04+00:00,14.5,standard,pre_game,2026-09-25T08:51:34.506-04:00
2644,prizepicks,15194636,2026-09-25T15:35:04+00:00,13.5,standard,pre_game,2026-09-25T08:51:34.506-04:00
2645,prizepicks,15194637,2026-09-25T15:35:04+00:00,13.5,standard,pre_game,2026-09-25T08:51:34.506-04:00
2646,prizepicks,15194638,2026-09-25T15:35:04+00:00,13.0,standard,pre_game,2026-09-25T08:51:34.506-04:00
2647,prizepicks,15194639,2026-09-25T15:35:04+00:00,12.5,standard,pre_game,2026-09-25T08:51:34.506-04:00
2648,prizepicks,15194640,2026-09-25T15:35:04+00:00,10.0,standard,pre_game,2026-09-25T08:51:34.506-04:00
2649,prizepicks,15194641,2026-09-25T15:35:04+00:00,6.0,standard,pre_game,2026-09-25T08:51:34.506-04:00
2650,prizepicks,15194642,2026-09-25T15:35:04+00:00,8.5,standard,pre_game,2026-09-25T08:51:34.506-04:00
2651,prizepicks,15194643,2026-09-25T15:35:04+00:00,8.0,standard,pre_game,2026-09-25T08:51:34.506-04:00
2652,prizepicks,15194644,2026-09-25T15:35:04+00:00,8.0,standard,pre_game,2026-09-25T08:51:34.506-04:00
2653,prizepicks,15194645,2026-09-25T15:35:04+00:00,8.5,standard,pre_game,2026-09-25T08:51:34.506-04:00
2654,prizepicks,15194646,2026-09-25T15:35:04+00:00,6.5,standard,pre_game,2026-09-25T08:51:34.506-04:00
2655,prizepicks,15194647,2026-09-25T15:35:04+00:00,7.0,standard,pre_game,2026-09-25T08:51:34.506-04:00
2656,prizepicks,15194648,2026-09-25T15:35:04+00:00,4.5,standard,pre_game,2026-09-25T08:51:34.506-04:00
2657,prizepicks,15194649,2026-09-25T15:35:04+00:00,7.0,standard,pre_game,2026-09-25T08:51:34.506-04:00
2658,prizepicks,15200460,2026-09-25T15:35:04+00:00,32.0,standard,pre_game,2026-09-24T15:57:19.856-04:00
2659,prizepicks,15200461,2026-09-25T15:35:04+00:00,32.0,standard,pre_game,2026-09-24T15:57:19.856-04:00
2660,prizepicks,15200462,2026-09-25T15:35:04+00:00,29.5,standard,pre_game,2026-09-24T15:57:19.856-04:00
2661,prizepicks,15200463,2026-09-25T15:35:04+00:00,27.0,standard,pre_game,2026-09-24T15:57:19.856-04:00
2662,prizepicks,15200464,2026-09-25T15:35:04+00:00,27.0,standard,pre_game,2026-09-24T15:57:19.856-04:00
2663,prizepicks,15200465,2026-09-25T15:35:04+00:00,24.0,standard,pre_game,2026-09-24T16:15:19.996-04:00
2664,prizepicks,15200466,2026-09-25T15:35:04+00:00,25.0,standard,pre_game,2026-09-24T16:15:15.959-04:00
2665,prizepicks,15200467,2026-09-25T15:35:04+00:00,24.5,standard,pre_game,2026-09-24T23:12:21.975-04:00
2666,prizepicks,15200468,2026-09-25T15:35:04+00:00,25.5,standard,pre_game,2026-09-24T15:57:24.152-04:00
2667,prizepicks,15200469,2026-09-25T15:35:04+00:00,24.0,standard,pre_game,2026-09-24T15:57:24.152-04:00
2668,prizepicks,15200470,2026-09-25T15:35:04+00:00,11.0,standard,pre_game,2026-09-24T15:57:19.856-04:00
2669,prizepicks,15200471,2026-09-25T15:35:04+00:00,15.5,standard,pre_game,2026-09-24T15:57:19.856-04:00
2670,prizepicks,15200472,2026-09-25T15:35:04+00:00,17.5,standard,pre_game,2026-09-24T15:57:19.856-04:00
2671,prizepicks,15200473,2026-09-25T15:35:04+00:00,14.5,standard,pre_game,2026-09-24T15:57:19.856-04:00
2672,prizepicks,15200474,2026-09-25T15:35:04+00:00,13.5,standard,pre_game,2026-09-24T15:57:19.856-04:00
2673,prizepicks,15200475,2026-09-25T15:35:04+00:00,15.0,standard,pre_game,2026-09-24T22:41:32.110-04:00
2674,prizepicks,15200476,2026-09-25T15:35:04+00:00,14.5,standard,pre_game,2026-09-24T15:57:24.152-04:00
2675,prizepicks,15200477,2026-09-25T15:35:04+00:00,15.5,standard,pre_game,2026-09-25T11:18:38.932-04:00
2676,prizepicks,15200478,2026-09-25T15:35:04+00:00,9.5,standard,pre_game,2026-09-24T15:57:24.152-04:00
2677,prizepicks,15200479,2026-09-25T15:35:04+00:00,12.0,standard,pre_game,2026-09-24T15:57:24.152-04:00
2678,prizepicks,15198653,2026-09-25T15:35:04+00:00,32.5,standard,pre_game,2026-09-24T15:14:09.253-04:00
2679,prizepicks,15198663,2026-09-25T15:35:04+00:00,19.0,standard,pre_game,2026-09-24T21:14:41.428-04:00
2680,prizepicks,15198654,2026-09-25T15:35:04+00:00,30.5,standard,pre_game,2026-09-24T15:09:32.851-04:00
2681,prizepicks,15198664,2026-09-25T15:35:04+00:00,14.5,standard,pre_game,2026-09-24T15:09:32.851-04:00
2682,prizepicks,15198655,2026-09-25T15:35:04+00:00,29.0,standard,pre_game,2026-09-24T15:09:32.851-04:00
2683,prizepicks,15198665,2026-09-25T15:35:04+00:00,10.5,standard,pre_game,2026-09-24T15:09:32.851-04:00
2684,prizepicks,15198656,2026-09-25T15:35:04+00:00,29.0,standard,pre_game,2026-09-24T15:09:32.851-04:00
2685,prizepicks,15198666,2026-09-25T15:35:04+00:00,16.5,standard,pre_game,2026-09-24T15:09:32.851-04:00
2686,prizepicks,15198657,2026-09-25T15:35:04+00:00,26.0,standard,pre_game,2026-09-24T15:09:32.851-04:00
2687,prizepicks,15198667,2026-09-25T15:35:04+00:00,13.0,standard,pre_game,2026-09-24T15:09:32.851-04:00
2688,prizepicks,15198658,2026-09-25T15:35:04+00:00,27.5,standard,pre_game,2026-09-24T15:09:38.410-04:00
2689,prizepicks,15198668,2026-09-25T15:35:04+00:00,9.5,standard,pre_game,2026-09-24T15:09:38.410-04:00
2690,prizepicks,15198659,2026-09-25T15:35:04+00:00,26.5,standard,pre_game,2026-09-25T01:53:52.670-04:00
2691,prizepicks,15198669,2026-09-25T15:35:04+00:00,13.0,standard,pre_game,2026-09-24T23:11:22.405-04:00
2692,prizepicks,15198660,2026-09-25T15:35:04+00:00,26.0,standard,pre_game,2026-09-24T15:09:38.410-04:00
2693,prizepicks,15198670,2026-09-25T15:35:04+00:00,13.0,standard,pre_game,2026-09-24T15:09:38.410-04:00
2694,prizepicks,15198661,2026-09-25T15:35:04+00:00,26.0,standard,pre_game,2026-09-24T15:09:38.410-04:00
2695,prizepicks,15198671,2026-09-25T15:35:04+00:00,15.5,standard,pre_game,2026-09-24T15:09:38.410-04:00
2696,prizepicks,15198662,2026-09-25T15:35:04+00:00,24.0,standard,pre_game,2026-09-24T23:12:39.431-04:00
2697,prizepicks,15198672,2026-09-25T15:35:04+00:00,12.5,standard,pre_game,2026-09-24T16:16:44.278-04:00
2698,prizepicks,15212932,2026-09-25T15:35:04+00:00,16.5,demon,pre_game,2026-09-25T01:38:38.517-04:00
2699,prizepicks,15212935,2026-09-25T15:35:04+00:00,16.5,demon,pre_game,2026-09-25T01:38:30.160-04:00
2700,prizepicks,15212917,2026-09-25T15:35:04+00:00,15.5,demon,pre_game,2026-09-25T01:38:38.517-04:00
2701,prizepicks,15212920,2026-09-25T15:35:04+00:00,15.5,demon,pre_game,2026-09-25T01:38:30.160-04:00
2702,prizepicks,15212924,2026-09-25T15:35:04+00:00,15.5,demon,pre_game,2026-09-25T01:38:30.160-04:00
2703,prizepicks,15212931,2026-09-25T15:35:04+00:00,15.5,standard,pre_game,2026-09-25T01:38:38.517-04:00
2704,prizepicks,15212934,2026-09-25T15:35:04+00:00,15.5,standard,pre_game,2026-09-25T01:38:30.160-04:00
2705,prizepicks,15212916,2026-09-25T15:35:04+00:00,14.5,standard,pre_game,2026-09-25T01:38:38.517-04:00
2706,prizepicks,15212919,2026-09-25T15:35:04+00:00,14.5,standard,pre_game,2026-09-25T01:38:30.160-04:00
2707,prizepicks,15212933,2026-09-25T15:35:04+00:00,14.5,goblin,pre_game,2026-09-25T01:38:38.517-04:00
2708,prizepicks,15212936,2026-09-25T15:35:04+00:00,14.5,goblin,pre_game,2026-09-25T01:38:30.160-04:00
2709,prizepicks,15212918,2026-09-25T15:35:04+00:00,13.5,goblin,pre_game,2026-09-25T01:38:38.517-04:00
2710,prizepicks,15212921,2026-09-25T15:35:04+00:00,13.5,goblin,pre_game,2026-09-25T01:38:30.160-04:00
2711,prizepicks,15212922,2026-09-25T15:35:04+00:00,13.5,goblin,pre_game,2026-09-25T01:38:38.517-04:00
2712,prizepicks,15212923,2026-09-25T15:35:04+00:00,13.5,goblin,pre_game,2026-09-25T01:38:30.160-04:00
2713,prizepicks,15212905,2026-09-25T15:35:04+00:00,11.5,goblin,pre_game,2026-09-25T01:38:38.517-04:00
2714,prizepicks,15212907,2026-09-25T15:35:04+00:00,11.5,goblin,pre_game,2026-09-25T01:38:30.160-04:00
2715,prizepicks,15212904,2026-09-25T15:35:04+00:00,7.5,standard,pre_game,2026-09-25T08:56:27.543-04:00
2716,prizepicks,15212906,2026-09-25T15:35:04+00:00,7.5,standard,pre_game,2026-09-25T08:56:27.504-04:00
2717,prizepicks,15212980,2026-09-25T15:35:04+00:00,16.5,demon,pre_game,2026-09-25T01:43:27.356-04:00
2718,prizepicks,15212953,2026-09-25T15:35:04+00:00,15.5,demon,pre_game,2026-09-25T01:43:27.356-04:00
2719,prizepicks,15212960,2026-09-25T15:35:04+00:00,15.5,demon,pre_game,2026-09-25T01:40:48.704-04:00
2720,prizepicks,15212968,2026-09-25T15:35:04+00:00,15.5,demon,pre_game,2026-09-25T01:43:27.356-04:00
2721,prizepicks,15212974,2026-09-25T15:35:04+00:00,15.5,demon,pre_game,2026-09-25T01:40:48.704-04:00
2722,prizepicks,15212979,2026-09-25T15:35:04+00:00,15.5,standard,pre_game,2026-09-25T01:43:27.356-04:00
2723,prizepicks,15212997,2026-09-25T15:35:04+00:00,15.5,demon,pre_game,2026-09-25T01:40:48.704-04:00
2724,prizepicks,15212959,2026-09-25T15:35:04+00:00,14.5,standard,pre_game,2026-09-25T01:40:48.704-04:00
2725,prizepicks,15212967,2026-09-25T15:35:04+00:00,14.5,standard,pre_game,2026-09-25T01:43:27.356-04:00
2726,prizepicks,15212973,2026-09-25T15:35:04+00:00,14.5,standard,pre_game,2026-09-25T01:40:48.704-04:00
2727,prizepicks,15212981,2026-09-25T15:35:04+00:00,14.5,goblin,pre_game,2026-09-25T01:43:27.356-04:00
2728,prizepicks,15212996,2026-09-25T15:35:04+00:00,14.5,standard,pre_game,2026-09-25T01:40:48.704-04:00
2729,prizepicks,15212961,2026-09-25T15:35:04+00:00,13.5,goblin,pre_game,2026-09-25T01:40:48.704-04:00
2730,prizepicks,15212969,2026-09-25T15:35:04+00:00,13.5,goblin,pre_game,2026-09-25T01:43:27.356-04:00
2731,prizepicks,15212975,2026-09-25T15:35:04+00:00,13.5,goblin,pre_game,2026-09-25T01:40:48.704-04:00
2732,prizepicks,15212992,2026-09-25T15:35:04+00:00,13.5,demon,pre_game,2026-09-25T01:40:48.704-04:00
2733,prizepicks,15212998,2026-09-25T15:35:04+00:00,13.5,goblin,pre_game,2026-09-25T01:40:48.704-04:00
2734,prizepicks,15212991,2026-09-25T15:35:04+00:00,12.5,standard,pre_game,2026-09-25T01:40:48.704-04:00
2735,prizepicks,15212993,2026-09-25T15:35:04+00:00,11.5,goblin,pre_game,2026-09-25T01:40:48.704-04:00
2736,prizepicks,15212952,2026-09-25T15:35:04+00:00,7.5,standard,pre_game,2026-09-25T01:43:27.356-04:00
2737,prizepicks,15212958,2026-09-25T15:35:04+00:00,7.5,standard,pre_game,2026-09-25T01:40:48.704-04:00
2738,prizepicks,15212966,2026-09-25T15:35:04+00:00,4.5,standard,pre_game,2026-09-25T01:43:27.356-04:00
2739,prizepicks,15215017,2026-09-25T15:35:04+00:00,25.5,standard,pre_game,2026-09-25T01:38:38.517-04:00
2740,prizepicks,15215022,2026-09-25T15:35:04+00:00,14.5,standard,pre_game,2026-09-25T01:38:38.517-04:00
2741,prizepicks,15215018,2026-09-25T15:35:04+00:00,29.5,standard,pre_game,2026-09-25T01:38:38.517-04:00
2742,prizepicks,15215019,2026-09-25T15:35:04+00:00,31.5,standard,pre_game,2026-09-25T01:38:38.517-04:00
2743,prizepicks,15215024,2026-09-25T15:35:04+00:00,16.5,standard,pre_game,2026-09-25T01:38:38.517-04:00
2744,prizepicks,15215020,2026-09-25T15:35:04+00:00,31.5,standard,pre_game,2026-09-25T01:38:38.517-04:00
2745,prizepicks,15215025,2026-09-25T15:35:04+00:00,15.5,standard,pre_game,2026-09-25T01:38:38.517-04:00
2746,prizepicks,15215021,2026-09-25T15:35:04+00:00,29.5,standard,pre_game,2026-09-25T01:38:38.517-04:00
2747,prizepicks,15215026,2026-09-25T15:35:04+00:00,14.5,standard,pre_game,2026-09-25T01:38:38.517-04:00
2748,prizepicks,15215272,2026-09-25T15:35:04+00:00,29.5,standard,pre_game,2026-09-25T01:42:28.810-04:00
2749,prizepicks,15215280,2026-09-25T15:35:04+00:00,15.5,standard,pre_game,2026-09-25T01:42:28.689-04:00
2750,prizepicks,15215273,2026-09-25T15:35:04+00:00,29.5,standard,pre_game,2026-09-25T10:38:29.849-04:00
2751,prizepicks,15215281,2026-09-25T15:35:04+00:00,15.5,standard,pre_game,2026-09-25T01:42:28.723-04:00
2752,prizepicks,15215274,2026-09-25T15:35:04+00:00,24.5,standard,pre_game,2026-09-25T01:42:28.782-04:00
2753,prizepicks,15215282,2026-09-25T15:35:04+00:00,13.5,standard,pre_game,2026-09-25T01:42:28.751-04:00
2754,prizepicks,15215275,2026-09-25T15:35:04+00:00,30.5,standard,pre_game,2026-09-25T01:42:28.640-04:00
2755,prizepicks,15215283,2026-09-25T15:35:04+00:00,16.5,standard,pre_game,2026-09-25T01:42:28.870-04:00
2756,prizepicks,15215276,2026-09-25T15:35:04+00:00,29.5,standard,pre_game,2026-09-25T01:41:18.689-04:00
2757,prizepicks,15215284,2026-09-25T15:35:04+00:00,15.5,standard,pre_game,2026-09-25T01:41:18.689-04:00
2758,prizepicks,15215277,2026-09-25T15:35:04+00:00,31.5,standard,pre_game,2026-09-25T01:41:18.689-04:00
2759,prizepicks,15215285,2026-09-25T15:35:04+00:00,14.5,standard,pre_game,2026-09-25T01:41:18.689-04:00
2760,prizepicks,15215278,2026-09-25T15:35:04+00:00,29.5,standard,pre_game,2026-09-25T01:41:18.689-04:00
2761,prizepicks,15215286,2026-09-25T15:35:04+00:00,10.5,standard,pre_game,2026-09-25T01:41:18.689-04:00
2762,prizepicks,15215279,2026-09-25T15:35:04+00:00,26.5,standard,pre_game,2026-09-25T01:41:18.689-04:00
2763,prizepicks,15215287,2026-09-25T15:35:04+00:00,13.5,standard,pre_game,2026-09-25T01:41:18.689-04:00
2764,prizepicks,14889444,2026-09-25T15:35:16+00:00,7.5,standard,pre_game,2026-09-23T23:18:35.181-04:00
2765,prizepicks,14893789,2026-09-25T15:35:16+00:00,90.5,standard,pre_game,2026-09-22T10:30:37.173-04:00
2766,prizepicks,14893790,2026-09-25T15:35:16+00:00,94.5,standard,pre_game,2026-09-20T20:06:51.078-04:00
2767,prizepicks,14893661,2026-09-25T15:35:16+00:00,29.5,standard,pre_game,2026-09-15T19:46:42.682-04:00
2768,prizepicks,14893662,2026-09-25T15:35:16+00:00,31.5,standard,pre_game,2026-09-15T19:45:18.094-04:00
2769,prizepicks,14893663,2026-09-25T15:35:16+00:00,26.5,standard,pre_game,2026-09-15T16:44:07.102-04:00
2770,prizepicks,14893664,2026-09-25T15:35:16+00:00,28.5,standard,pre_game,2026-09-15T16:44:07.102-04:00
2771,prizepicks,14893665,2026-09-25T15:35:16+00:00,31.0,standard,pre_game,2026-09-22T17:33:48.439-04:00
2772,prizepicks,14893666,2026-09-25T15:35:16+00:00,31.0,standard,pre_game,2026-09-16T20:06:33.663-04:00
2773,prizepicks,14893667,2026-09-25T15:35:16+00:00,33.5,standard,pre_game,2026-09-20T20:06:51.038-04:00
2774,prizepicks,14893668,2026-09-25T15:35:16+00:00,26.5,standard,pre_game,2026-09-15T16:43:58.006-04:00
2775,prizepicks,14893669,2026-09-25T15:35:16+00:00,29.5,standard,pre_game,2026-09-15T16:43:58.006-04:00
2776,prizepicks,14893670,2026-09-25T15:35:16+00:00,31.5,standard,pre_game,2026-09-15T16:43:58.006-04:00
2777,prizepicks,14889445,2026-09-25T15:35:16+00:00,7.5,standard,pre_game,2026-09-15T16:44:20.483-04:00
2778,prizepicks,14893792,2026-09-25T15:35:16+00:00,59.5,standard,pre_game,2026-09-24T23:29:52.674-04:00
2779,prizepicks,14893672,2026-09-25T15:35:16+00:00,31.5,standard,pre_game,2026-09-23T23:59:58.956-04:00
2780,prizepicks,14893673,2026-09-25T15:35:16+00:00,35.5,standard,pre_game,2026-09-15T19:40:42.526-04:00
2781,prizepicks,14893674,2026-09-25T15:35:16+00:00,29.0,standard,pre_game,2026-09-22T20:26:53.680-04:00
2782,prizepicks,14893675,2026-09-25T15:35:16+00:00,32.5,standard,pre_game,2026-09-15T16:44:20.483-04:00
2783,prizepicks,14893676,2026-09-25T15:35:16+00:00,25.5,standard,pre_game,2026-09-15T19:44:24.606-04:00
2784,prizepicks,14893677,2026-09-25T15:35:16+00:00,34.5,standard,pre_game,2026-09-15T16:49:04.005-04:00
2785,prizepicks,14893678,2026-09-25T15:35:16+00:00,28.0,standard,pre_game,2026-09-15T19:41:03.824-04:00
2786,prizepicks,14893679,2026-09-25T15:35:16+00:00,28.5,standard,pre_game,2026-09-15T19:45:36.562-04:00
2787,prizepicks,14893680,2026-09-25T15:35:16+00:00,25.5,standard,pre_game,2026-09-15T16:48:36.355-04:00
2788,prizepicks,14889446,2026-09-25T15:35:16+00:00,8.5,standard,pre_game,2026-09-15T16:44:41.745-04:00
2789,prizepicks,14893793,2026-09-25T15:35:16+00:00,90.5,standard,pre_game,2026-09-15T16:44:41.745-04:00
2790,prizepicks,14893794,2026-09-25T15:35:16+00:00,62.0,standard,pre_game,2026-09-25T11:19:42.741-04:00
2791,prizepicks,14893681,2026-09-25T15:35:16+00:00,31.0,standard,pre_game,2026-09-24T23:29:08.801-04:00
2792,prizepicks,14893682,2026-09-25T15:35:16+00:00,28.5,standard,pre_game,2026-09-15T19:41:39.730-04:00
2793,prizepicks,14893683,2026-09-25T15:35:16+00:00,31.5,standard,pre_game,2026-09-15T16:44:41.745-04:00
2794,prizepicks,14893684,2026-09-25T15:35:16+00:00,28.0,standard,pre_game,2026-09-15T16:44:41.745-04:00
2795,prizepicks,14893685,2026-09-25T15:35:16+00:00,32.0,standard,pre_game,2026-09-16T20:05:48.179-04:00
2796,prizepicks,14893686,2026-09-25T15:35:16+00:00,24.5,standard,pre_game,2026-09-16T20:04:56.117-04:00
2797,prizepicks,14893687,2026-09-25T15:35:16+00:00,32.0,standard,pre_game,2026-09-22T17:33:27.384-04:00
2798,prizepicks,14893688,2026-09-25T15:35:16+00:00,25.5,standard,pre_game,2026-09-15T16:44:48.797-04:00
2799,prizepicks,14893689,2026-09-25T15:35:16+00:00,31.5,standard,pre_game,2026-09-25T11:19:42.694-04:00
2800,prizepicks,14893690,2026-09-25T15:35:16+00:00,27.5,standard,pre_game,2026-09-15T16:48:12.189-04:00
2801,prizepicks,14889447,2026-09-25T15:35:16+00:00,7.5,standard,pre_game,2026-09-15T16:45:43.494-04:00
2802,prizepicks,14893795,2026-09-25T15:35:16+00:00,88.0,standard,pre_game,2026-09-21T02:33:55.383-04:00
2803,prizepicks,14893796,2026-09-25T15:35:16+00:00,54.0,standard,pre_game,2026-09-15T16:45:28.279-04:00
2804,prizepicks,14893691,2026-09-25T15:35:16+00:00,28.5,standard,pre_game,2026-09-15T19:42:02.481-04:00
2805,prizepicks,14893692,2026-09-25T15:35:16+00:00,24.0,standard,pre_game,2026-09-22T17:34:17.243-04:00
2806,prizepicks,14893693,2026-09-25T15:35:16+00:00,27.5,standard,pre_game,2026-09-15T16:45:28.279-04:00
2807,prizepicks,14893694,2026-09-25T15:35:16+00:00,31.5,standard,pre_game,2026-09-15T16:45:28.279-04:00
2808,prizepicks,14893695,2026-09-25T15:35:16+00:00,26.5,standard,pre_game,2026-09-15T16:45:28.279-04:00
2809,prizepicks,14893696,2026-09-25T15:35:16+00:00,27.5,standard,pre_game,2026-09-15T16:45:43.494-04:00
2810,prizepicks,14893697,2026-09-25T15:35:16+00:00,29.5,standard,pre_game,2026-09-15T16:45:43.494-04:00
2811,prizepicks,14893698,2026-09-25T15:35:16+00:00,31.0,standard,pre_game,2026-09-21T02:33:55.336-04:00
2812,prizepicks,14893699,2026-09-25T15:35:16+00:00,26.5,standard,pre_game,2026-09-15T16:45:43.494-04:00
2813,prizepicks,14893700,2026-09-25T15:35:16+00:00,33.5,standard,pre_game,2026-09-15T16:45:43.494-04:00
2814,prizepicks,15193939,2026-09-25T15:35:16+00:00,91.0,standard,pre_game,2026-09-24T11:52:08.332-04:00
2815,prizepicks,15193940,2026-09-25T15:35:16+00:00,61.0,standard,pre_game,2026-09-24T11:52:08.332-04:00
2816,prizepicks,15193848,2026-09-25T15:35:16+00:00,29.5,standard,pre_game,2026-09-24T11:52:08.332-04:00
2817,prizepicks,15193851,2026-09-25T15:35:16+00:00,29.5,standard,pre_game,2026-09-24T11:52:08.332-04:00
2818,prizepicks,15193853,2026-09-25T15:35:16+00:00,30.5,standard,pre_game,2026-09-24T11:52:08.332-04:00
2819,prizepicks,15193854,2026-09-25T15:35:16+00:00,31.5,standard,pre_game,2026-09-24T11:52:08.332-04:00
2820,prizepicks,15193855,2026-09-25T15:35:16+00:00,29.5,standard,pre_game,2026-09-24T12:09:43.359-04:00
2821,prizepicks,15193856,2026-09-25T15:35:16+00:00,32.0,standard,pre_game,2026-09-24T11:52:08.332-04:00
2822,prizepicks,15193857,2026-09-25T15:35:16+00:00,28.5,standard,pre_game,2026-09-24T11:52:08.332-04:00
2823,prizepicks,15193858,2026-09-25T15:35:16+00:00,29.5,standard,pre_game,2026-09-24T11:52:08.332-04:00
2824,prizepicks,15193859,2026-09-25T15:35:16+00:00,29.5,standard,pre_game,2026-09-24T11:52:08.332-04:00
2825,prizepicks,15193860,2026-09-25T15:35:16+00:00,32.5,standard,pre_game,2026-09-24T12:13:30.387-04:00
2826,prizepicks,15193941,2026-09-25T15:35:16+00:00,93.0,standard,pre_game,2026-09-24T11:52:08.332-04:00
2827,prizepicks,15193861,2026-09-25T15:35:16+00:00,23.5,standard,pre_game,2026-09-24T11:52:08.332-04:00
2828,prizepicks,15193862,2026-09-25T15:35:16+00:00,32.5,standard,pre_game,2026-09-24T23:30:31.801-04:00
2829,prizepicks,15193863,2026-09-25T15:35:16+00:00,26.0,standard,pre_game,2026-09-24T11:52:08.332-04:00
2830,prizepicks,15193864,2026-09-25T15:35:16+00:00,30.5,standard,pre_game,2026-09-24T11:52:08.332-04:00
2831,prizepicks,15193865,2026-09-25T15:35:16+00:00,24.5,standard,pre_game,2026-09-24T11:52:08.332-04:00
2832,prizepicks,15193866,2026-09-25T15:35:16+00:00,31.5,standard,pre_game,2026-09-24T11:52:08.332-04:00
2833,prizepicks,15193867,2026-09-25T15:35:16+00:00,27.5,standard,pre_game,2026-09-24T11:52:08.332-04:00
2834,prizepicks,15193868,2026-09-25T15:35:16+00:00,25.5,standard,pre_game,2026-09-24T11:52:08.332-04:00
2835,prizepicks,15193869,2026-09-25T15:35:16+00:00,34.0,standard,pre_game,2026-09-24T11:52:08.332-04:00
2836,prizepicks,15198016,2026-09-25T15:39:35+00:00,33.5,standard,pre_game,2026-09-25T10:58:53.581-04:00
2837,prizepicks,15198017,2026-09-25T15:39:35+00:00,28.5,standard,pre_game,2026-09-25T10:58:53.525-04:00
2838,prizepicks,15198018,2026-09-25T15:39:35+00:00,22.5,standard,pre_game,2026-09-24T22:27:48.005-04:00
2839,prizepicks,15198019,2026-09-25T15:39:35+00:00,18.5,standard,pre_game,2026-09-24T22:27:11.430-04:00
2840,prizepicks,15198571,2026-09-25T15:39:35+00:00,10.5,demon,pre_game,2026-09-24T14:57:03.486-04:00
2841,prizepicks,15197798,2026-09-25T15:39:35+00:00,8.5,standard,pre_game,2026-09-24T14:44:03.407-04:00
2842,prizepicks,15198572,2026-09-25T15:39:35+00:00,6.5,goblin,pre_game,2026-09-24T14:57:03.740-04:00
2843,prizepicks,15198493,2026-09-25T15:39:35+00:00,14.5,demon,pre_game,2026-09-24T14:52:23.507-04:00
2844,prizepicks,15197799,2026-09-25T15:39:35+00:00,12.5,standard,pre_game,2026-09-24T14:44:03.407-04:00
2845,prizepicks,15198494,2026-09-25T15:39:35+00:00,10.5,goblin,pre_game,2026-09-24T14:52:23.597-04:00
2846,prizepicks,15198799,2026-09-25T15:39:35+00:00,14.5,demon,pre_game,2026-09-24T15:04:31.551-04:00
2847,prizepicks,15197800,2026-09-25T15:39:35+00:00,12.5,standard,pre_game,2026-09-25T10:58:49.887-04:00
2848,prizepicks,15198800,2026-09-25T15:39:35+00:00,8.5,goblin,pre_game,2026-09-24T15:04:31.614-04:00
2849,prizepicks,15198842,2026-09-25T15:39:35+00:00,18.5,demon,pre_game,2026-09-24T15:06:07.578-04:00
2850,prizepicks,15197801,2026-09-25T15:39:35+00:00,15.5,standard,pre_game,2026-09-24T14:44:03.407-04:00
2851,prizepicks,15198843,2026-09-25T15:39:35+00:00,12.5,goblin,pre_game,2026-09-24T15:06:07.652-04:00
2852,prizepicks,15197973,2026-09-25T15:39:35+00:00,2.5,demon,pre_game,2026-09-24T14:44:03.407-04:00
2853,prizepicks,15198729,2026-09-25T15:39:35+00:00,9.5,demon,pre_game,2026-09-24T15:01:02.182-04:00
2854,prizepicks,15197803,2026-09-25T15:39:35+00:00,7.0,standard,pre_game,2026-09-24T17:10:44.778-04:00
2855,prizepicks,15198730,2026-09-25T15:39:35+00:00,5.5,goblin,pre_game,2026-09-24T15:01:02.257-04:00
2856,prizepicks,15198488,2026-09-25T15:39:35+00:00,9.5,demon,pre_game,2026-09-24T14:51:33.359-04:00
2857,prizepicks,15197804,2026-09-25T15:39:35+00:00,7.0,standard,pre_game,2026-09-24T22:27:40.342-04:00
2858,prizepicks,15198489,2026-09-25T15:39:35+00:00,5.5,goblin,pre_game,2026-09-24T14:51:33.416-04:00
2859,prizepicks,15198468,2026-09-25T15:39:35+00:00,11.5,demon,pre_game,2026-09-24T15:52:25.506-04:00
2860,prizepicks,15197805,2026-09-25T15:39:35+00:00,8.5,standard,pre_game,2026-09-24T15:48:00.789-04:00
2861,prizepicks,15198469,2026-09-25T15:39:35+00:00,5.5,goblin,pre_game,2026-09-24T15:52:28.245-04:00
2862,prizepicks,15198922,2026-09-25T15:39:35+00:00,13.5,demon,pre_game,2026-09-24T15:07:35.389-04:00
2863,prizepicks,15197806,2026-09-25T15:39:35+00:00,10.0,standard,pre_game,2026-09-24T22:27:11.373-04:00
2864,prizepicks,15198923,2026-09-25T15:39:35+00:00,7.5,goblin,pre_game,2026-09-24T15:07:35.441-04:00
2865,prizepicks,15197990,2026-09-25T15:39:35+00:00,1.5,goblin,pre_game,2026-09-24T14:43:54.424-04:00
2866,prizepicks,15192221,2026-09-25T15:39:47+00:00,27.5,standard,pre_game,2026-09-25T11:38:51.602-04:00
2867,prizepicks,15192222,2026-09-25T15:39:47+00:00,29.5,standard,pre_game,2026-09-25T11:38:51.602-04:00
2868,prizepicks,15192223,2026-09-25T15:39:47+00:00,30.5,standard,pre_game,2026-09-25T11:38:51.602-04:00
2869,prizepicks,15192224,2026-09-25T15:39:47+00:00,26.5,standard,pre_game,2026-09-25T11:38:51.602-04:00
2870,prizepicks,15192225,2026-09-25T15:39:47+00:00,31.5,standard,pre_game,2026-09-25T11:38:51.602-04:00
2871,prizepicks,15192226,2026-09-25T15:39:47+00:00,28.0,standard,pre_game,2026-09-25T11:38:51.602-04:00
2872,prizepicks,15192227,2026-09-25T15:39:47+00:00,29.5,standard,pre_game,2026-09-25T11:38:51.602-04:00
2873,prizepicks,15192228,2026-09-25T15:39:47+00:00,30.5,standard,pre_game,2026-09-25T11:38:51.602-04:00
2874,prizepicks,15192229,2026-09-25T15:39:47+00:00,24.0,standard,pre_game,2026-09-25T11:38:51.602-04:00
2875,prizepicks,15192230,2026-09-25T15:39:47+00:00,27.0,standard,pre_game,2026-09-25T11:38:51.602-04:00
2876,prizepicks,15192231,2026-09-25T15:39:47+00:00,16.5,standard,pre_game,2026-09-25T11:38:51.602-04:00
2877,prizepicks,15192232,2026-09-25T15:39:47+00:00,10.5,standard,pre_game,2026-09-25T11:38:51.602-04:00
2878,prizepicks,15192233,2026-09-25T15:39:47+00:00,17.5,standard,pre_game,2026-09-25T11:38:51.602-04:00
2879,prizepicks,15192234,2026-09-25T15:39:47+00:00,15.5,standard,pre_game,2026-09-25T11:38:51.602-04:00
2880,prizepicks,15192235,2026-09-25T15:39:47+00:00,16.5,standard,pre_game,2026-09-25T11:38:51.602-04:00
2881,prizepicks,15192236,2026-09-25T15:39:47+00:00,16.5,standard,pre_game,2026-09-25T11:38:51.602-04:00
2882,prizepicks,15192237,2026-09-25T15:39:47+00:00,9.0,standard,pre_game,2026-09-25T11:38:51.602-04:00
2883,prizepicks,15192238,2026-09-25T15:39:47+00:00,16.0,standard,pre_game,2026-09-25T11:38:51.602-04:00
2884,prizepicks,15192239,2026-09-25T15:39:47+00:00,12.0,standard,pre_game,2026-09-25T11:38:51.602-04:00
2885,prizepicks,15192240,2026-09-25T15:39:47+00:00,15.5,standard,pre_game,2026-09-25T11:38:51.602-04:00
2886,prizepicks,15196226,2026-09-25T15:39:47+00:00,29.5,standard,pre_game,2026-09-24T16:03:46.847-04:00
2887,prizepicks,15196236,2026-09-25T15:39:47+00:00,15.0,standard,pre_game,2026-09-24T23:27:26.581-04:00
2888,prizepicks,15196227,2026-09-25T15:39:47+00:00,29.5,standard,pre_game,2026-09-24T16:03:46.847-04:00
2889,prizepicks,15196237,2026-09-25T15:39:47+00:00,14.5,standard,pre_game,2026-09-24T16:03:46.847-04:00
2890,prizepicks,15196228,2026-09-25T15:39:47+00:00,25.0,standard,pre_game,2026-09-24T21:17:53.545-04:00
2891,prizepicks,15196238,2026-09-25T15:39:47+00:00,14.5,standard,pre_game,2026-09-24T23:06:44.332-04:00
2892,prizepicks,15196229,2026-09-25T15:39:47+00:00,29.5,standard,pre_game,2026-09-24T16:03:46.847-04:00
2893,prizepicks,15196239,2026-09-25T15:39:47+00:00,16.5,standard,pre_game,2026-09-24T16:03:46.847-04:00
2894,prizepicks,15196231,2026-09-25T15:39:47+00:00,28.5,standard,pre_game,2026-09-24T16:03:50.769-04:00
2895,prizepicks,15196232,2026-09-25T15:39:47+00:00,28.5,standard,pre_game,2026-09-24T16:03:50.769-04:00
2896,prizepicks,15196242,2026-09-25T15:39:47+00:00,9.0,standard,pre_game,2026-09-25T01:55:52.468-04:00
2897,prizepicks,15196233,2026-09-25T15:39:47+00:00,26.5,standard,pre_game,2026-09-24T16:03:50.769-04:00
2898,prizepicks,15196243,2026-09-25T15:39:47+00:00,16.5,standard,pre_game,2026-09-24T16:03:50.769-04:00
2899,prizepicks,15196234,2026-09-25T15:39:47+00:00,28.5,standard,pre_game,2026-09-24T16:03:50.769-04:00
2900,prizepicks,15196244,2026-09-25T15:39:47+00:00,15.5,standard,pre_game,2026-09-24T21:17:32.959-04:00
2901,prizepicks,15196235,2026-09-25T15:39:47+00:00,27.5,standard,pre_game,2026-09-24T16:03:50.769-04:00
2902,prizepicks,15196245,2026-09-25T15:39:47+00:00,15.5,standard,pre_game,2026-09-24T23:12:05.005-04:00
2903,prizepicks,15213142,2026-09-25T15:39:47+00:00,14.5,standard,pre_game,2026-09-25T11:07:20.804-04:00
2904,prizepicks,15213143,2026-09-25T15:39:47+00:00,12.0,standard,pre_game,2026-09-25T11:07:20.804-04:00
2905,prizepicks,15213144,2026-09-25T15:39:47+00:00,15.5,standard,pre_game,2026-09-25T11:07:20.804-04:00
2906,prizepicks,15213145,2026-09-25T15:39:47+00:00,16.0,standard,pre_game,2026-09-25T11:07:20.804-04:00
2907,prizepicks,15213146,2026-09-25T15:39:47+00:00,15.0,standard,pre_game,2026-09-25T11:07:20.804-04:00
2908,prizepicks,15213147,2026-09-25T15:39:47+00:00,12.0,standard,pre_game,2026-09-25T11:07:20.804-04:00
2909,prizepicks,15213148,2026-09-25T15:39:47+00:00,13.5,standard,pre_game,2026-09-25T11:07:20.804-04:00
2910,prizepicks,15213149,2026-09-25T15:39:47+00:00,15.0,standard,pre_game,2026-09-25T11:07:20.804-04:00
2911,prizepicks,15213150,2026-09-25T15:39:47+00:00,13.5,standard,pre_game,2026-09-25T11:07:20.804-04:00
2912,prizepicks,15213151,2026-09-25T15:39:47+00:00,13.5,standard,pre_game,2026-09-25T11:07:20.804-04:00
2913,prizepicks,15213153,2026-09-25T15:39:47+00:00,6.5,standard,pre_game,2026-09-25T11:07:20.804-04:00
2914,prizepicks,15213154,2026-09-25T15:39:47+00:00,10.5,standard,pre_game,2026-09-25T11:07:20.804-04:00
2915,prizepicks,15213155,2026-09-25T15:39:47+00:00,9.0,standard,pre_game,2026-09-25T11:07:20.804-04:00
2916,prizepicks,15213156,2026-09-25T15:39:47+00:00,8.0,standard,pre_game,2026-09-25T11:07:20.804-04:00
2917,prizepicks,15213157,2026-09-25T15:39:47+00:00,5.5,standard,pre_game,2026-09-25T11:07:20.804-04:00
2918,prizepicks,15213158,2026-09-25T15:39:47+00:00,6.5,standard,pre_game,2026-09-25T11:07:20.804-04:00
2919,prizepicks,15213159,2026-09-25T15:39:47+00:00,8.0,standard,pre_game,2026-09-25T11:07:20.804-04:00
2920,prizepicks,15213160,2026-09-25T15:39:47+00:00,7.0,standard,pre_game,2026-09-25T11:07:20.804-04:00
2921,prizepicks,15213161,2026-09-25T15:39:47+00:00,4.5,standard,pre_game,2026-09-25T11:07:20.804-04:00
2922,prizepicks,15195630,2026-09-25T15:39:47+00:00,14.0,standard,pre_game,2026-09-25T10:24:56.720-04:00
2923,prizepicks,15195631,2026-09-25T15:39:47+00:00,15.5,standard,pre_game,2026-09-25T10:24:56.720-04:00
2924,prizepicks,15195632,2026-09-25T15:39:47+00:00,15.5,standard,pre_game,2026-09-25T10:24:56.720-04:00
2925,prizepicks,15195633,2026-09-25T15:39:47+00:00,15.5,standard,pre_game,2026-09-25T10:24:56.720-04:00
2926,prizepicks,15195634,2026-09-25T15:39:47+00:00,12.5,standard,pre_game,2026-09-25T10:24:56.720-04:00
2927,prizepicks,15195635,2026-09-25T15:39:47+00:00,8.0,standard,pre_game,2026-09-25T10:24:56.720-04:00
2928,prizepicks,15195636,2026-09-25T15:39:47+00:00,5.0,standard,pre_game,2026-09-25T10:24:56.720-04:00
2929,prizepicks,15195637,2026-09-25T15:39:47+00:00,10.5,standard,pre_game,2026-09-25T10:24:56.720-04:00
2930,prizepicks,15195638,2026-09-25T15:39:47+00:00,9.0,standard,pre_game,2026-09-25T10:24:56.720-04:00
2931,prizepicks,15195639,2026-09-25T15:39:47+00:00,6.5,standard,pre_game,2026-09-25T10:24:56.720-04:00
2932,prizepicks,15201749,2026-09-25T15:39:47+00:00,25.5,standard,pre_game,2026-09-24T17:10:38.524-04:00
2933,prizepicks,15201750,2026-09-25T15:39:47+00:00,28.5,standard,pre_game,2026-09-24T17:10:38.524-04:00
2934,prizepicks,15201751,2026-09-25T15:39:47+00:00,31.5,standard,pre_game,2026-09-24T17:10:38.524-04:00
2935,prizepicks,15201752,2026-09-25T15:39:47+00:00,31.0,standard,pre_game,2026-09-25T10:22:11.669-04:00
2936,prizepicks,15201753,2026-09-25T15:39:47+00:00,30.5,standard,pre_game,2026-09-24T23:25:28.973-04:00
2937,prizepicks,15201754,2026-09-25T15:39:47+00:00,26.5,standard,pre_game,2026-09-25T10:37:39.364-04:00
2938,prizepicks,15201755,2026-09-25T15:39:47+00:00,29.5,standard,pre_game,2026-09-24T17:10:43.484-04:00
2939,prizepicks,15201756,2026-09-25T15:39:47+00:00,28.5,standard,pre_game,2026-09-24T17:10:43.484-04:00
2940,prizepicks,15201757,2026-09-25T15:39:47+00:00,23.5,standard,pre_game,2026-09-24T17:10:43.484-04:00
2941,prizepicks,15201758,2026-09-25T15:39:47+00:00,27.5,standard,pre_game,2026-09-24T23:13:21.402-04:00
2942,prizepicks,15201759,2026-09-25T15:39:47+00:00,15.5,standard,pre_game,2026-09-25T08:56:39.753-04:00
2943,prizepicks,15201761,2026-09-25T15:39:47+00:00,16.5,standard,pre_game,2026-09-24T17:10:38.524-04:00
2944,prizepicks,15201762,2026-09-25T15:39:47+00:00,16.0,standard,pre_game,2026-09-25T10:22:11.602-04:00
2945,prizepicks,15201763,2026-09-25T15:39:47+00:00,15.0,standard,pre_game,2026-09-24T17:10:38.524-04:00
2946,prizepicks,15201764,2026-09-25T15:39:47+00:00,16.5,standard,pre_game,2026-09-24T23:24:46.106-04:00
2947,prizepicks,15201765,2026-09-25T15:39:47+00:00,16.5,standard,pre_game,2026-09-24T17:10:43.484-04:00
2948,prizepicks,15201766,2026-09-25T15:39:47+00:00,17.5,standard,pre_game,2026-09-24T17:10:43.484-04:00
2949,prizepicks,15201767,2026-09-25T15:39:47+00:00,11.5,standard,pre_game,2026-09-24T17:10:43.484-04:00
2950,prizepicks,15201768,2026-09-25T15:39:47+00:00,10.5,standard,pre_game,2026-09-24T23:24:04.107-04:00
2951,prizepicks,15194610,2026-09-25T15:39:47+00:00,15.5,standard,pre_game,2026-09-25T11:36:54.669-04:00
2952,prizepicks,15194611,2026-09-25T15:39:47+00:00,15.0,standard,pre_game,2026-09-25T11:36:54.669-04:00
2953,prizepicks,15194612,2026-09-25T15:39:47+00:00,14.0,standard,pre_game,2026-09-25T11:36:54.669-04:00
2954,prizepicks,15194613,2026-09-25T15:39:47+00:00,14.0,standard,pre_game,2026-09-25T11:36:54.669-04:00
2955,prizepicks,15194614,2026-09-25T15:39:47+00:00,13.5,standard,pre_game,2026-09-25T11:36:54.669-04:00
2956,prizepicks,15194615,2026-09-25T15:39:47+00:00,15.0,standard,pre_game,2026-09-25T11:36:54.669-04:00
2957,prizepicks,15194616,2026-09-25T15:39:47+00:00,15.0,standard,pre_game,2026-09-25T11:36:54.669-04:00
2958,prizepicks,15194617,2026-09-25T15:39:47+00:00,14.5,standard,pre_game,2026-09-25T11:36:54.669-04:00
2959,prizepicks,15194618,2026-09-25T15:39:47+00:00,14.5,standard,pre_game,2026-09-25T11:36:54.669-04:00
2960,prizepicks,15194619,2026-09-25T15:39:47+00:00,13.5,standard,pre_game,2026-09-25T11:36:54.669-04:00
2961,prizepicks,15194620,2026-09-25T15:39:47+00:00,4.5,standard,pre_game,2026-09-25T11:36:54.669-04:00
2962,prizepicks,15194621,2026-09-25T15:39:47+00:00,9.0,standard,pre_game,2026-09-25T11:36:54.669-04:00
2963,prizepicks,15194622,2026-09-25T15:39:47+00:00,8.0,standard,pre_game,2026-09-25T11:36:54.669-04:00
2964,prizepicks,15194623,2026-09-25T15:39:47+00:00,8.0,standard,pre_game,2026-09-25T11:36:54.669-04:00
2965,prizepicks,15194624,2026-09-25T15:39:47+00:00,7.5,standard,pre_game,2026-09-25T11:36:54.669-04:00
2966,prizepicks,15194625,2026-09-25T15:39:47+00:00,6.0,standard,pre_game,2026-09-25T11:36:54.669-04:00
2967,prizepicks,15194626,2026-09-25T15:39:47+00:00,8.5,standard,pre_game,2026-09-25T11:36:54.669-04:00
2968,prizepicks,15194627,2026-09-25T15:39:47+00:00,7.5,standard,pre_game,2026-09-25T11:36:54.669-04:00
2969,prizepicks,15194628,2026-09-25T15:39:47+00:00,8.5,standard,pre_game,2026-09-25T11:36:54.669-04:00
2970,prizepicks,15194629,2026-09-25T15:39:47+00:00,8.0,standard,pre_game,2026-09-25T11:36:54.669-04:00
2971,prizepicks,15195194,2026-09-25T15:39:47+00:00,32.5,standard,pre_game,2026-09-25T10:37:27.068-04:00
2972,prizepicks,15195199,2026-09-25T15:39:47+00:00,18.5,standard,pre_game,2026-09-24T16:03:39.591-04:00
2973,prizepicks,15195195,2026-09-25T15:39:47+00:00,29.5,standard,pre_game,2026-09-25T10:38:00.614-04:00
2974,prizepicks,15195200,2026-09-25T15:39:47+00:00,10.5,standard,pre_game,2026-09-24T16:03:50.068-04:00
2975,prizepicks,15195196,2026-09-25T15:39:47+00:00,29.0,standard,pre_game,2026-09-24T16:00:17.673-04:00
2976,prizepicks,15195201,2026-09-25T15:39:47+00:00,19.5,standard,pre_game,2026-09-24T16:03:44.540-04:00
2977,prizepicks,15195197,2026-09-25T15:39:47+00:00,28.5,standard,pre_game,2026-09-24T16:03:25.772-04:00
2978,prizepicks,15195202,2026-09-25T15:39:47+00:00,12.5,standard,pre_game,2026-09-24T16:03:25.821-04:00
2979,prizepicks,15195198,2026-09-25T15:39:47+00:00,26.5,standard,pre_game,2026-09-24T16:03:34.024-04:00
2980,prizepicks,15195203,2026-09-25T15:39:47+00:00,14.5,standard,pre_game,2026-09-24T16:03:34.066-04:00
2981,prizepicks,15200440,2026-09-25T15:39:47+00:00,31.0,standard,pre_game,2026-09-24T15:56:45.350-04:00
2982,prizepicks,15200441,2026-09-25T15:39:47+00:00,30.5,standard,pre_game,2026-09-24T23:25:56.856-04:00
2983,prizepicks,15200442,2026-09-25T15:39:47+00:00,31.5,standard,pre_game,2026-09-24T21:15:57.398-04:00
2984,prizepicks,15200443,2026-09-25T15:39:47+00:00,28.0,standard,pre_game,2026-09-24T15:56:45.350-04:00
2985,prizepicks,15200444,2026-09-25T15:39:47+00:00,27.5,standard,pre_game,2026-09-24T15:56:45.350-04:00
2986,prizepicks,15200445,2026-09-25T15:39:47+00:00,29.0,standard,pre_game,2026-09-25T00:54:13.968-04:00
2987,prizepicks,15200446,2026-09-25T15:39:47+00:00,28.5,standard,pre_game,2026-09-25T10:38:10.875-04:00
2988,prizepicks,15200447,2026-09-25T15:39:47+00:00,28.5,standard,pre_game,2026-09-24T15:56:49.989-04:00
2989,prizepicks,15200448,2026-09-25T15:39:47+00:00,27.0,standard,pre_game,2026-09-24T15:56:49.989-04:00
2990,prizepicks,15200449,2026-09-25T15:39:47+00:00,25.0,standard,pre_game,2026-09-25T00:52:09.885-04:00
2991,prizepicks,15200450,2026-09-25T15:39:47+00:00,18.5,standard,pre_game,2026-09-24T15:56:45.350-04:00
2992,prizepicks,15200451,2026-09-25T15:39:47+00:00,12.0,standard,pre_game,2026-09-24T23:26:21.751-04:00
2993,prizepicks,15200452,2026-09-25T15:39:47+00:00,18.0,standard,pre_game,2026-09-24T15:56:45.350-04:00
2994,prizepicks,15200453,2026-09-25T15:39:47+00:00,15.5,standard,pre_game,2026-09-24T21:17:00.442-04:00
2995,prizepicks,15200454,2026-09-25T15:39:47+00:00,15.0,standard,pre_game,2026-09-24T15:56:45.350-04:00
2996,prizepicks,15200455,2026-09-25T15:39:47+00:00,11.0,standard,pre_game,2026-09-24T15:56:49.989-04:00
2997,prizepicks,15200456,2026-09-25T15:39:47+00:00,14.0,standard,pre_game,2026-09-24T15:56:49.989-04:00
2998,prizepicks,15200457,2026-09-25T15:39:47+00:00,14.5,standard,pre_game,2026-09-24T15:56:49.989-04:00
2999,prizepicks,15200458,2026-09-25T15:39:47+00:00,14.5,standard,pre_game,2026-09-24T15:56:49.989-04:00
3000,prizepicks,15200459,2026-09-25T15:39:47+00:00,13.0,standard,pre_game,2026-09-24T23:38:48.109-04:00
3001,prizepicks,15194506,2026-09-25T15:39:47+00:00,32.5,standard,pre_game,2026-09-25T10:37:47.460-04:00
3002,prizepicks,15194507,2026-09-25T15:39:47+00:00,30.5,standard,pre_game,2026-09-25T10:41:55.817-04:00
3003,prizepicks,15194508,2026-09-25T15:39:47+00:00,28.5,standard,pre_game,2026-09-25T08:51:26.150-04:00
3004,prizepicks,15194509,2026-09-25T15:39:47+00:00,28.5,standard,pre_game,2026-09-25T08:51:26.150-04:00
3005,prizepicks,15194510,2026-09-25T15:39:47+00:00,27.0,standard,pre_game,2026-09-25T08:51:26.150-04:00
3006,prizepicks,15194511,2026-09-25T15:39:47+00:00,29.0,standard,pre_game,2026-09-25T08:51:26.150-04:00
3007,prizepicks,15194512,2026-09-25T15:39:47+00:00,27.5,standard,pre_game,2026-09-25T08:51:26.150-04:00
3008,prizepicks,15194513,2026-09-25T15:39:47+00:00,27.5,standard,pre_game,2026-09-25T08:51:26.150-04:00
3009,prizepicks,15194514,2026-09-25T15:39:47+00:00,26.5,standard,pre_game,2026-09-25T08:51:26.150-04:00
3010,prizepicks,15194515,2026-09-25T15:39:47+00:00,25.0,standard,pre_game,2026-09-25T08:51:26.150-04:00
3011,prizepicks,15194516,2026-09-25T15:39:47+00:00,21.0,standard,pre_game,2026-09-25T08:51:26.150-04:00
3012,prizepicks,15194517,2026-09-25T15:39:47+00:00,12.5,standard,pre_game,2026-09-25T08:51:26.150-04:00
3013,prizepicks,15194518,2026-09-25T15:39:47+00:00,17.5,standard,pre_game,2026-09-25T08:51:26.150-04:00
3014,prizepicks,15194519,2026-09-25T15:39:47+00:00,18.0,standard,pre_game,2026-09-25T08:51:26.150-04:00
3015,prizepicks,15194520,2026-09-25T15:39:47+00:00,16.0,standard,pre_game,2026-09-25T08:51:26.150-04:00
3016,prizepicks,15194521,2026-09-25T15:39:47+00:00,16.0,standard,pre_game,2026-09-25T08:51:26.150-04:00
3017,prizepicks,15194522,2026-09-25T15:39:47+00:00,13.5,standard,pre_game,2026-09-25T08:51:26.150-04:00
3018,prizepicks,15194523,2026-09-25T15:39:47+00:00,14.5,standard,pre_game,2026-09-25T08:51:26.150-04:00
3019,prizepicks,15194524,2026-09-25T15:39:47+00:00,9.5,standard,pre_game,2026-09-25T08:51:26.150-04:00
3020,prizepicks,15194525,2026-09-25T15:39:47+00:00,13.0,standard,pre_game,2026-09-25T08:51:26.150-04:00
3021,prizepicks,15213092,2026-09-25T15:39:47+00:00,32.5,standard,pre_game,2026-09-25T00:19:28.750-04:00
3022,prizepicks,15213093,2026-09-25T15:39:47+00:00,28.5,standard,pre_game,2026-09-25T00:19:28.750-04:00
3023,prizepicks,15213095,2026-09-25T15:39:47+00:00,32.5,standard,pre_game,2026-09-25T00:19:28.750-04:00
3024,prizepicks,15213096,2026-09-25T15:39:47+00:00,28.5,standard,pre_game,2026-09-25T01:41:45.351-04:00
3025,prizepicks,15213097,2026-09-25T15:39:47+00:00,17.5,standard,pre_game,2026-09-25T00:19:28.750-04:00
3026,prizepicks,15213098,2026-09-25T15:39:47+00:00,16.5,standard,pre_game,2026-09-25T00:19:28.750-04:00
3027,prizepicks,15213100,2026-09-25T15:39:47+00:00,10.5,standard,pre_game,2026-09-25T00:19:28.750-04:00
3028,prizepicks,15213101,2026-09-25T15:39:47+00:00,15.5,standard,pre_game,2026-09-25T00:19:28.750-04:00
3029,prizepicks,15192251,2026-09-25T15:39:47+00:00,12.5,standard,pre_game,2026-09-24T11:19:41.642-04:00
3030,prizepicks,15192252,2026-09-25T15:39:47+00:00,15.5,standard,pre_game,2026-09-24T11:19:41.642-04:00
3031,prizepicks,15192253,2026-09-25T15:39:47+00:00,11.5,standard,pre_game,2026-09-24T11:19:41.642-04:00
3032,prizepicks,15192254,2026-09-25T15:39:47+00:00,15.5,standard,pre_game,2026-09-24T11:19:41.642-04:00
3033,prizepicks,15192255,2026-09-25T15:39:47+00:00,17.5,standard,pre_game,2026-09-24T11:19:41.642-04:00
3034,prizepicks,15192256,2026-09-25T15:39:47+00:00,17.0,standard,pre_game,2026-09-24T11:19:54.746-04:00
3035,prizepicks,15192257,2026-09-25T15:39:47+00:00,13.5,standard,pre_game,2026-09-24T11:19:54.746-04:00
3036,prizepicks,15192258,2026-09-25T15:39:47+00:00,16.5,standard,pre_game,2026-09-24T11:19:54.746-04:00
3037,prizepicks,15192260,2026-09-25T15:39:47+00:00,17.0,standard,pre_game,2026-09-24T11:19:54.746-04:00
3038,prizepicks,15192241,2026-09-25T15:39:47+00:00,27.0,standard,pre_game,2026-09-24T11:19:41.642-04:00
3039,prizepicks,15192242,2026-09-25T15:39:47+00:00,28.0,standard,pre_game,2026-09-24T11:19:41.642-04:00
3040,prizepicks,15192243,2026-09-25T15:39:47+00:00,31.5,standard,pre_game,2026-09-24T11:19:41.642-04:00
3041,prizepicks,15192244,2026-09-25T15:39:47+00:00,27.5,standard,pre_game,2026-09-24T14:52:25.785-04:00
3042,prizepicks,15192245,2026-09-25T15:39:47+00:00,30.0,standard,pre_game,2026-09-24T17:26:02.563-04:00
3043,prizepicks,15192246,2026-09-25T15:39:47+00:00,27.0,standard,pre_game,2026-09-24T11:19:54.746-04:00
3044,prizepicks,15192247,2026-09-25T15:39:47+00:00,27.0,standard,pre_game,2026-09-24T11:19:54.746-04:00
3045,prizepicks,15192248,2026-09-25T15:39:47+00:00,31.5,standard,pre_game,2026-09-24T11:19:54.746-04:00
3046,prizepicks,15192249,2026-09-25T15:39:47+00:00,33.0,standard,pre_game,2026-09-24T17:25:31.089-04:00
3047,prizepicks,15192250,2026-09-25T15:39:47+00:00,29.5,standard,pre_game,2026-09-24T11:19:54.746-04:00
3048,prizepicks,15194526,2026-09-25T15:39:47+00:00,33.0,standard,pre_game,2026-09-24T12:06:53.570-04:00
3049,prizepicks,15194527,2026-09-25T15:39:47+00:00,32.0,standard,pre_game,2026-09-24T12:06:53.570-04:00
3050,prizepicks,15194528,2026-09-25T15:39:47+00:00,28.0,standard,pre_game,2026-09-24T12:06:53.570-04:00
3051,prizepicks,15194529,2026-09-25T15:39:47+00:00,28.0,standard,pre_game,2026-09-24T12:06:53.570-04:00
3052,prizepicks,15194530,2026-09-25T15:39:47+00:00,25.0,standard,pre_game,2026-09-24T14:08:32.752-04:00
3053,prizepicks,15194531,2026-09-25T15:39:47+00:00,31.5,standard,pre_game,2026-09-25T03:58:36.251-04:00
3054,prizepicks,15194532,2026-09-25T15:39:47+00:00,28.0,standard,pre_game,2026-09-24T12:06:59.211-04:00
3055,prizepicks,15194533,2026-09-25T15:39:47+00:00,28.0,standard,pre_game,2026-09-24T12:06:59.211-04:00
3056,prizepicks,15194534,2026-09-25T15:39:47+00:00,27.5,standard,pre_game,2026-09-24T12:06:59.211-04:00
3057,prizepicks,15194535,2026-09-25T15:39:47+00:00,27.0,standard,pre_game,2026-09-24T12:06:59.211-04:00
3058,prizepicks,15194538,2026-09-25T15:39:47+00:00,20.0,standard,pre_game,2026-09-24T12:06:53.570-04:00
3059,prizepicks,15194542,2026-09-25T15:39:47+00:00,17.0,standard,pre_game,2026-09-24T23:55:45.816-04:00
3060,prizepicks,15194543,2026-09-25T15:39:47+00:00,15.5,standard,pre_game,2026-09-24T12:06:53.570-04:00
3061,prizepicks,15194545,2026-09-25T15:39:47+00:00,10.0,standard,pre_game,2026-09-24T12:06:53.570-04:00
3062,prizepicks,15194546,2026-09-25T15:39:47+00:00,11.5,standard,pre_game,2026-09-24T17:25:11.251-04:00
3063,prizepicks,15194547,2026-09-25T15:39:47+00:00,16.5,standard,pre_game,2026-09-24T15:27:03.304-04:00
3064,prizepicks,15194548,2026-09-25T15:39:47+00:00,15.0,standard,pre_game,2026-09-24T12:06:59.211-04:00
3065,prizepicks,15194549,2026-09-25T15:39:47+00:00,9.5,standard,pre_game,2026-09-24T12:06:59.211-04:00
3066,prizepicks,15194550,2026-09-25T15:39:47+00:00,15.0,standard,pre_game,2026-09-24T12:06:59.211-04:00
3067,prizepicks,15194551,2026-09-25T15:39:47+00:00,17.0,standard,pre_game,2026-09-24T12:06:59.211-04:00
3068,prizepicks,15194630,2026-09-25T15:39:47+00:00,16.0,standard,pre_game,2026-09-25T08:51:34.506-04:00
3069,prizepicks,15194631,2026-09-25T15:39:47+00:00,15.0,standard,pre_game,2026-09-25T10:41:53.569-04:00
3070,prizepicks,15194632,2026-09-25T15:39:47+00:00,14.5,standard,pre_game,2026-09-25T08:51:34.506-04:00
3071,prizepicks,15194633,2026-09-25T15:39:47+00:00,14.0,standard,pre_game,2026-09-25T08:51:34.506-04:00
3072,prizepicks,15194634,2026-09-25T15:39:47+00:00,13.5,standard,pre_game,2026-09-25T08:51:34.506-04:00
3073,prizepicks,15194635,2026-09-25T15:39:47+00:00,14.5,standard,pre_game,2026-09-25T08:51:34.506-04:00
3074,prizepicks,15194636,2026-09-25T15:39:47+00:00,13.5,standard,pre_game,2026-09-25T08:51:34.506-04:00
3075,prizepicks,15194637,2026-09-25T15:39:47+00:00,13.5,standard,pre_game,2026-09-25T08:51:34.506-04:00
3076,prizepicks,15194638,2026-09-25T15:39:47+00:00,13.0,standard,pre_game,2026-09-25T08:51:34.506-04:00
3077,prizepicks,15194639,2026-09-25T15:39:47+00:00,12.5,standard,pre_game,2026-09-25T08:51:34.506-04:00
3078,prizepicks,15194640,2026-09-25T15:39:47+00:00,10.0,standard,pre_game,2026-09-25T08:51:34.506-04:00
3079,prizepicks,15194641,2026-09-25T15:39:47+00:00,6.0,standard,pre_game,2026-09-25T08:51:34.506-04:00
3080,prizepicks,15194642,2026-09-25T15:39:47+00:00,8.5,standard,pre_game,2026-09-25T08:51:34.506-04:00
3081,prizepicks,15194643,2026-09-25T15:39:47+00:00,8.0,standard,pre_game,2026-09-25T08:51:34.506-04:00
3082,prizepicks,15194644,2026-09-25T15:39:47+00:00,8.0,standard,pre_game,2026-09-25T08:51:34.506-04:00
3083,prizepicks,15194645,2026-09-25T15:39:47+00:00,8.5,standard,pre_game,2026-09-25T08:51:34.506-04:00
3084,prizepicks,15194646,2026-09-25T15:39:47+00:00,6.5,standard,pre_game,2026-09-25T08:51:34.506-04:00
3085,prizepicks,15194647,2026-09-25T15:39:47+00:00,7.0,standard,pre_game,2026-09-25T08:51:34.506-04:00
3086,prizepicks,15194648,2026-09-25T15:39:47+00:00,4.5,standard,pre_game,2026-09-25T08:51:34.506-04:00
3087,prizepicks,15194649,2026-09-25T15:39:47+00:00,7.0,standard,pre_game,2026-09-25T08:51:34.506-04:00
3088,prizepicks,15200460,2026-09-25T15:39:47+00:00,32.0,standard,pre_game,2026-09-24T15:57:19.856-04:00
3089,prizepicks,15200461,2026-09-25T15:39:47+00:00,32.0,standard,pre_game,2026-09-24T15:57:19.856-04:00
3090,prizepicks,15200462,2026-09-25T15:39:47+00:00,29.5,standard,pre_game,2026-09-24T15:57:19.856-04:00
3091,prizepicks,15200463,2026-09-25T15:39:47+00:00,27.0,standard,pre_game,2026-09-24T15:57:19.856-04:00
3092,prizepicks,15200464,2026-09-25T15:39:47+00:00,27.0,standard,pre_game,2026-09-24T15:57:19.856-04:00
3093,prizepicks,15200465,2026-09-25T15:39:47+00:00,24.0,standard,pre_game,2026-09-24T16:15:19.996-04:00
3094,prizepicks,15200466,2026-09-25T15:39:47+00:00,25.0,standard,pre_game,2026-09-24T16:15:15.959-04:00
3095,prizepicks,15200467,2026-09-25T15:39:47+00:00,24.5,standard,pre_game,2026-09-24T23:12:21.975-04:00
3096,prizepicks,15200468,2026-09-25T15:39:47+00:00,25.5,standard,pre_game,2026-09-24T15:57:24.152-04:00
3097,prizepicks,15200469,2026-09-25T15:39:47+00:00,24.0,standard,pre_game,2026-09-24T15:57:24.152-04:00
3098,prizepicks,15200470,2026-09-25T15:39:47+00:00,11.0,standard,pre_game,2026-09-24T15:57:19.856-04:00
3099,prizepicks,15200471,2026-09-25T15:39:47+00:00,15.5,standard,pre_game,2026-09-24T15:57:19.856-04:00
3100,prizepicks,15200472,2026-09-25T15:39:47+00:00,17.5,standard,pre_game,2026-09-24T15:57:19.856-04:00
3101,prizepicks,15200473,2026-09-25T15:39:47+00:00,14.5,standard,pre_game,2026-09-24T15:57:19.856-04:00
3102,prizepicks,15200474,2026-09-25T15:39:47+00:00,13.5,standard,pre_game,2026-09-24T15:57:19.856-04:00
3103,prizepicks,15200475,2026-09-25T15:39:47+00:00,15.0,standard,pre_game,2026-09-24T22:41:32.110-04:00
3104,prizepicks,15200476,2026-09-25T15:39:47+00:00,14.5,standard,pre_game,2026-09-24T15:57:24.152-04:00
3105,prizepicks,15200477,2026-09-25T15:39:47+00:00,15.5,standard,pre_game,2026-09-25T11:18:38.932-04:00
3106,prizepicks,15200478,2026-09-25T15:39:47+00:00,9.5,standard,pre_game,2026-09-24T15:57:24.152-04:00
3107,prizepicks,15200479,2026-09-25T15:39:47+00:00,12.0,standard,pre_game,2026-09-24T15:57:24.152-04:00
3108,prizepicks,15198653,2026-09-25T15:39:47+00:00,32.5,standard,pre_game,2026-09-24T15:14:09.253-04:00
3109,prizepicks,15198663,2026-09-25T15:39:47+00:00,19.0,standard,pre_game,2026-09-24T21:14:41.428-04:00
3110,prizepicks,15198654,2026-09-25T15:39:47+00:00,30.5,standard,pre_game,2026-09-24T15:09:32.851-04:00
3111,prizepicks,15198664,2026-09-25T15:39:47+00:00,14.5,standard,pre_game,2026-09-24T15:09:32.851-04:00
3112,prizepicks,15198655,2026-09-25T15:39:47+00:00,29.0,standard,pre_game,2026-09-24T15:09:32.851-04:00
3113,prizepicks,15198665,2026-09-25T15:39:47+00:00,10.5,standard,pre_game,2026-09-24T15:09:32.851-04:00
3114,prizepicks,15198656,2026-09-25T15:39:47+00:00,29.0,standard,pre_game,2026-09-24T15:09:32.851-04:00
3115,prizepicks,15198666,2026-09-25T15:39:47+00:00,16.5,standard,pre_game,2026-09-24T15:09:32.851-04:00
3116,prizepicks,15198657,2026-09-25T15:39:47+00:00,26.0,standard,pre_game,2026-09-24T15:09:32.851-04:00
3117,prizepicks,15198667,2026-09-25T15:39:47+00:00,13.0,standard,pre_game,2026-09-24T15:09:32.851-04:00
3118,prizepicks,15198658,2026-09-25T15:39:47+00:00,27.5,standard,pre_game,2026-09-24T15:09:38.410-04:00
3119,prizepicks,15198668,2026-09-25T15:39:47+00:00,9.5,standard,pre_game,2026-09-24T15:09:38.410-04:00
3120,prizepicks,15198659,2026-09-25T15:39:47+00:00,26.5,standard,pre_game,2026-09-25T01:53:52.670-04:00
3121,prizepicks,15198669,2026-09-25T15:39:47+00:00,13.0,standard,pre_game,2026-09-24T23:11:22.405-04:00
3122,prizepicks,15198660,2026-09-25T15:39:47+00:00,26.0,standard,pre_game,2026-09-24T15:09:38.410-04:00
3123,prizepicks,15198670,2026-09-25T15:39:47+00:00,13.0,standard,pre_game,2026-09-24T15:09:38.410-04:00
3124,prizepicks,15198661,2026-09-25T15:39:47+00:00,26.0,standard,pre_game,2026-09-24T15:09:38.410-04:00
3125,prizepicks,15198671,2026-09-25T15:39:47+00:00,15.5,standard,pre_game,2026-09-24T15:09:38.410-04:00
3126,prizepicks,15198662,2026-09-25T15:39:47+00:00,24.0,standard,pre_game,2026-09-24T23:12:39.431-04:00
3127,prizepicks,15198672,2026-09-25T15:39:47+00:00,12.5,standard,pre_game,2026-09-24T16:16:44.278-04:00
3128,prizepicks,15212932,2026-09-25T15:39:47+00:00,16.5,demon,pre_game,2026-09-25T01:38:38.517-04:00
3129,prizepicks,15212935,2026-09-25T15:39:47+00:00,16.5,demon,pre_game,2026-09-25T01:38:30.160-04:00
3130,prizepicks,15212917,2026-09-25T15:39:47+00:00,15.5,demon,pre_game,2026-09-25T01:38:38.517-04:00
3131,prizepicks,15212920,2026-09-25T15:39:47+00:00,15.5,demon,pre_game,2026-09-25T01:38:30.160-04:00
3132,prizepicks,15212924,2026-09-25T15:39:47+00:00,15.5,demon,pre_game,2026-09-25T01:38:30.160-04:00
3133,prizepicks,15212931,2026-09-25T15:39:47+00:00,15.5,standard,pre_game,2026-09-25T01:38:38.517-04:00
3134,prizepicks,15212934,2026-09-25T15:39:47+00:00,15.5,standard,pre_game,2026-09-25T01:38:30.160-04:00
3135,prizepicks,15212916,2026-09-25T15:39:47+00:00,14.5,standard,pre_game,2026-09-25T01:38:38.517-04:00
3136,prizepicks,15212919,2026-09-25T15:39:47+00:00,14.5,standard,pre_game,2026-09-25T01:38:30.160-04:00
3137,prizepicks,15212933,2026-09-25T15:39:47+00:00,14.5,goblin,pre_game,2026-09-25T01:38:38.517-04:00
3138,prizepicks,15212936,2026-09-25T15:39:47+00:00,14.5,goblin,pre_game,2026-09-25T01:38:30.160-04:00
3139,prizepicks,15212918,2026-09-25T15:39:47+00:00,13.5,goblin,pre_game,2026-09-25T01:38:38.517-04:00
3140,prizepicks,15212921,2026-09-25T15:39:47+00:00,13.5,goblin,pre_game,2026-09-25T01:38:30.160-04:00
3141,prizepicks,15212922,2026-09-25T15:39:47+00:00,13.5,goblin,pre_game,2026-09-25T01:38:38.517-04:00
3142,prizepicks,15212923,2026-09-25T15:39:47+00:00,13.5,goblin,pre_game,2026-09-25T01:38:30.160-04:00
3143,prizepicks,15212905,2026-09-25T15:39:47+00:00,11.5,goblin,pre_game,2026-09-25T01:38:38.517-04:00
3144,prizepicks,15212907,2026-09-25T15:39:47+00:00,11.5,goblin,pre_game,2026-09-25T01:38:30.160-04:00
3145,prizepicks,15212904,2026-09-25T15:39:47+00:00,7.5,standard,pre_game,2026-09-25T08:56:27.543-04:00
3146,prizepicks,15212906,2026-09-25T15:39:47+00:00,7.5,standard,pre_game,2026-09-25T08:56:27.504-04:00
3147,prizepicks,15212980,2026-09-25T15:39:47+00:00,16.5,demon,pre_game,2026-09-25T01:43:27.356-04:00
3148,prizepicks,15212953,2026-09-25T15:39:47+00:00,15.5,demon,pre_game,2026-09-25T01:43:27.356-04:00
3149,prizepicks,15212960,2026-09-25T15:39:47+00:00,15.5,demon,pre_game,2026-09-25T01:40:48.704-04:00
3150,prizepicks,15212968,2026-09-25T15:39:47+00:00,15.5,demon,pre_game,2026-09-25T01:43:27.356-04:00
3151,prizepicks,15212974,2026-09-25T15:39:47+00:00,15.5,demon,pre_game,2026-09-25T01:40:48.704-04:00
3152,prizepicks,15212979,2026-09-25T15:39:47+00:00,15.5,standard,pre_game,2026-09-25T01:43:27.356-04:00
3153,prizepicks,15212997,2026-09-25T15:39:47+00:00,15.5,demon,pre_game,2026-09-25T01:40:48.704-04:00
3154,prizepicks,15212959,2026-09-25T15:39:47+00:00,14.5,standard,pre_game,2026-09-25T01:40:48.704-04:00
3155,prizepicks,15212967,2026-09-25T15:39:47+00:00,14.5,standard,pre_game,2026-09-25T01:43:27.356-04:00
3156,prizepicks,15212973,2026-09-25T15:39:47+00:00,14.5,standard,pre_game,2026-09-25T01:40:48.704-04:00
3157,prizepicks,15212981,2026-09-25T15:39:47+00:00,14.5,goblin,pre_game,2026-09-25T01:43:27.356-04:00
3158,prizepicks,15212996,2026-09-25T15:39:47+00:00,14.5,standard,pre_game,2026-09-25T01:40:48.704-04:00
3159,prizepicks,15212961,2026-09-25T15:39:47+00:00,13.5,goblin,pre_game,2026-09-25T01:40:48.704-04:00
3160,prizepicks,15212969,2026-09-25T15:39:47+00:00,13.5,goblin,pre_game,2026-09-25T01:43:27.356-04:00
3161,prizepicks,15212975,2026-09-25T15:39:47+00:00,13.5,goblin,pre_game,2026-09-25T01:40:48.704-04:00
3162,prizepicks,15212992,2026-09-25T15:39:47+00:00,13.5,demon,pre_game,2026-09-25T01:40:48.704-04:00
3163,prizepicks,15212998,2026-09-25T15:39:47+00:00,13.5,goblin,pre_game,2026-09-25T01:40:48.704-04:00
3164,prizepicks,15212991,2026-09-25T15:39:47+00:00,12.5,standard,pre_game,2026-09-25T01:40:48.704-04:00
3165,prizepicks,15212993,2026-09-25T15:39:47+00:00,11.5,goblin,pre_game,2026-09-25T01:40:48.704-04:00
3166,prizepicks,15212952,2026-09-25T15:39:47+00:00,7.5,standard,pre_game,2026-09-25T01:43:27.356-04:00
3167,prizepicks,15212958,2026-09-25T15:39:47+00:00,7.5,standard,pre_game,2026-09-25T01:40:48.704-04:00
3168,prizepicks,15212966,2026-09-25T15:39:47+00:00,4.5,standard,pre_game,2026-09-25T01:43:27.356-04:00
3169,prizepicks,15215017,2026-09-25T15:39:47+00:00,25.5,standard,pre_game,2026-09-25T01:38:38.517-04:00
3170,prizepicks,15215022,2026-09-25T15:39:47+00:00,14.5,standard,pre_game,2026-09-25T01:38:38.517-04:00
3171,prizepicks,15215018,2026-09-25T15:39:47+00:00,29.5,standard,pre_game,2026-09-25T01:38:38.517-04:00
3172,prizepicks,15215019,2026-09-25T15:39:47+00:00,31.5,standard,pre_game,2026-09-25T01:38:38.517-04:00
3173,prizepicks,15215024,2026-09-25T15:39:47+00:00,16.5,standard,pre_game,2026-09-25T01:38:38.517-04:00
3174,prizepicks,15215020,2026-09-25T15:39:47+00:00,31.5,standard,pre_game,2026-09-25T01:38:38.517-04:00
3175,prizepicks,15215025,2026-09-25T15:39:47+00:00,15.5,standard,pre_game,2026-09-25T01:38:38.517-04:00
3176,prizepicks,15215021,2026-09-25T15:39:47+00:00,29.5,standard,pre_game,2026-09-25T01:38:38.517-04:00
3177,prizepicks,15215026,2026-09-25T15:39:47+00:00,14.5,standard,pre_game,2026-09-25T01:38:38.517-04:00
3178,prizepicks,15215272,2026-09-25T15:39:47+00:00,29.5,standard,pre_game,2026-09-25T01:42:28.810-04:00
3179,prizepicks,15215280,2026-09-25T15:39:47+00:00,15.5,standard,pre_game,2026-09-25T01:42:28.689-04:00
3180,prizepicks,15215273,2026-09-25T15:39:47+00:00,29.5,standard,pre_game,2026-09-25T10:38:29.849-04:00
3181,prizepicks,15215281,2026-09-25T15:39:47+00:00,15.5,standard,pre_game,2026-09-25T01:42:28.723-04:00
3182,prizepicks,15215274,2026-09-25T15:39:47+00:00,24.5,standard,pre_game,2026-09-25T01:42:28.782-04:00
3183,prizepicks,15215282,2026-09-25T15:39:47+00:00,13.5,standard,pre_game,2026-09-25T01:42:28.751-04:00
3184,prizepicks,15215275,2026-09-25T15:39:47+00:00,30.5,standard,pre_game,2026-09-25T01:42:28.640-04:00
3185,prizepicks,15215283,2026-09-25T15:39:47+00:00,16.5,standard,pre_game,2026-09-25T01:42:28.870-04:00
3186,prizepicks,15215276,2026-09-25T15:39:47+00:00,29.5,standard,pre_game,2026-09-25T01:41:18.689-04:00
3187,prizepicks,15215284,2026-09-25T15:39:47+00:00,15.5,standard,pre_game,2026-09-25T01:41:18.689-04:00
3188,prizepicks,15215277,2026-09-25T15:39:47+00:00,31.5,standard,pre_game,2026-09-25T01:41:18.689-04:00
3189,prizepicks,15215285,2026-09-25T15:39:47+00:00,14.5,standard,pre_game,2026-09-25T01:41:18.689-04:00
3190,prizepicks,15215278,2026-09-25T15:39:47+00:00,29.5,standard,pre_game,2026-09-25T01:41:18.689-04:00
3191,prizepicks,15215286,2026-09-25T15:39:47+00:00,10.5,standard,pre_game,2026-09-25T01:41:18.689-04:00
3192,prizepicks,15215279,2026-09-25T15:39:47+00:00,26.5,standard,pre_game,2026-09-25T01:41:18.689-04:00
3193,prizepicks,15215287,2026-09-25T15:39:47+00:00,13.5,standard,pre_game,2026-09-25T01:41:18.689-04:00
3194,prizepicks,15199501,2026-09-25T15:41:11+00:00,7.0,standard,pre_game,2026-09-25T09:14:26.541-04:00
3195,prizepicks,15199502,2026-09-25T15:41:11+00:00,6.5,standard,pre_game,2026-09-25T09:14:26.541-04:00
3196,prizepicks,15199503,2026-09-25T15:41:11+00:00,4.5,standard,pre_game,2026-09-25T09:14:26.541-04:00
3197,prizepicks,15199504,2026-09-25T15:41:11+00:00,3.0,standard,pre_game,2026-09-25T09:14:26.541-04:00
3198,prizepicks,15199505,2026-09-25T15:41:11+00:00,3.0,standard,pre_game,2026-09-25T09:14:26.541-04:00
3199,prizepicks,15199506,2026-09-25T15:41:11+00:00,6.5,standard,pre_game,2026-09-25T09:14:26.541-04:00
3200,prizepicks,15199507,2026-09-25T15:41:11+00:00,6.5,standard,pre_game,2026-09-25T09:14:26.541-04:00
3201,prizepicks,15199508,2026-09-25T15:41:11+00:00,4.0,standard,pre_game,2026-09-25T09:14:26.541-04:00
3202,prizepicks,15199509,2026-09-25T15:41:11+00:00,2.5,standard,pre_game,2026-09-25T09:14:26.541-04:00
3203,prizepicks,15199510,2026-09-25T15:41:11+00:00,2.0,standard,pre_game,2026-09-25T09:14:26.541-04:00
3204,prizepicks,15199468,2026-09-25T15:41:11+00:00,17.0,standard,pre_game,2026-09-24T22:10:31.020-04:00
3205,prizepicks,15199469,2026-09-25T15:41:11+00:00,16.5,standard,pre_game,2026-09-25T01:31:15.503-04:00
3206,prizepicks,15199470,2026-09-25T15:41:11+00:00,13.5,standard,pre_game,2026-09-24T22:10:31.020-04:00
3207,prizepicks,15199471,2026-09-25T15:41:11+00:00,7.0,standard,pre_game,2026-09-24T22:10:31.020-04:00
3208,prizepicks,15199472,2026-09-25T15:41:11+00:00,5.5,standard,pre_game,2026-09-24T22:10:31.020-04:00
3209,prizepicks,15199473,2026-09-25T15:41:11+00:00,12.5,standard,pre_game,2026-09-25T11:04:28.202-04:00
3210,prizepicks,15199474,2026-09-25T15:41:11+00:00,13.5,standard,pre_game,2026-09-25T03:16:12.421-04:00
3211,prizepicks,15199475,2026-09-25T15:41:11+00:00,11.5,standard,pre_game,2026-09-24T16:07:01.830-04:00
3212,prizepicks,15199476,2026-09-25T15:41:11+00:00,6.0,standard,pre_game,2026-09-24T15:31:30.651-04:00
3213,prizepicks,15199477,2026-09-25T15:41:11+00:00,5.0,standard,pre_game,2026-09-24T15:31:30.651-04:00
3214,prizepicks,15198016,2026-09-25T16:23:38+00:00,33.5,standard,pre_game,2026-09-25T10:58:53.581-04:00
3215,prizepicks,15198017,2026-09-25T16:23:38+00:00,28.5,standard,pre_game,2026-09-25T10:58:53.525-04:00
3216,prizepicks,15198018,2026-09-25T16:23:38+00:00,22.5,standard,pre_game,2026-09-24T22:27:48.005-04:00
3217,prizepicks,15198019,2026-09-25T16:23:38+00:00,18.5,standard,pre_game,2026-09-24T22:27:11.430-04:00
3218,prizepicks,15198571,2026-09-25T16:23:38+00:00,10.5,demon,pre_game,2026-09-24T14:57:03.486-04:00
3219,prizepicks,15197798,2026-09-25T16:23:38+00:00,8.5,standard,pre_game,2026-09-24T14:44:03.407-04:00
3220,prizepicks,15198572,2026-09-25T16:23:38+00:00,6.5,goblin,pre_game,2026-09-24T14:57:03.740-04:00
3221,prizepicks,15198493,2026-09-25T16:23:38+00:00,14.5,demon,pre_game,2026-09-24T14:52:23.507-04:00
3222,prizepicks,15197799,2026-09-25T16:23:38+00:00,12.5,standard,pre_game,2026-09-24T14:44:03.407-04:00
3223,prizepicks,15198494,2026-09-25T16:23:38+00:00,10.5,goblin,pre_game,2026-09-24T14:52:23.597-04:00
3224,prizepicks,15198799,2026-09-25T16:23:38+00:00,14.5,demon,pre_game,2026-09-24T15:04:31.551-04:00
3225,prizepicks,15197800,2026-09-25T16:23:38+00:00,12.5,standard,pre_game,2026-09-25T10:58:49.887-04:00
3226,prizepicks,15198800,2026-09-25T16:23:38+00:00,8.5,goblin,pre_game,2026-09-24T15:04:31.614-04:00
3227,prizepicks,15198842,2026-09-25T16:23:38+00:00,18.5,demon,pre_game,2026-09-24T15:06:07.578-04:00
3228,prizepicks,15197801,2026-09-25T16:23:38+00:00,15.5,standard,pre_game,2026-09-24T14:44:03.407-04:00
3229,prizepicks,15198843,2026-09-25T16:23:38+00:00,12.5,goblin,pre_game,2026-09-24T15:06:07.652-04:00
3230,prizepicks,15197973,2026-09-25T16:23:38+00:00,2.5,demon,pre_game,2026-09-24T14:44:03.407-04:00
3231,prizepicks,15198729,2026-09-25T16:23:38+00:00,9.5,demon,pre_game,2026-09-24T15:01:02.182-04:00
3232,prizepicks,15197803,2026-09-25T16:23:38+00:00,7.0,standard,pre_game,2026-09-24T17:10:44.778-04:00
3233,prizepicks,15198730,2026-09-25T16:23:38+00:00,5.5,goblin,pre_game,2026-09-24T15:01:02.257-04:00
3234,prizepicks,15198488,2026-09-25T16:23:38+00:00,9.5,demon,pre_game,2026-09-24T14:51:33.359-04:00
3235,prizepicks,15197804,2026-09-25T16:23:38+00:00,7.0,standard,pre_game,2026-09-24T22:27:40.342-04:00
3236,prizepicks,15198489,2026-09-25T16:23:38+00:00,5.5,goblin,pre_game,2026-09-24T14:51:33.416-04:00
3237,prizepicks,15198468,2026-09-25T16:23:38+00:00,11.5,demon,pre_game,2026-09-24T15:52:25.506-04:00
3238,prizepicks,15197805,2026-09-25T16:23:38+00:00,8.5,standard,pre_game,2026-09-24T15:48:00.789-04:00
3239,prizepicks,15198469,2026-09-25T16:23:38+00:00,5.5,goblin,pre_game,2026-09-24T15:52:28.245-04:00
3240,prizepicks,15198922,2026-09-25T16:23:38+00:00,13.5,demon,pre_game,2026-09-24T15:07:35.389-04:00
3241,prizepicks,15197806,2026-09-25T16:23:38+00:00,10.0,standard,pre_game,2026-09-24T22:27:11.373-04:00
3242,prizepicks,15198923,2026-09-25T16:23:38+00:00,7.5,goblin,pre_game,2026-09-24T15:07:35.441-04:00
3243,prizepicks,15197990,2026-09-25T16:23:38+00:00,1.5,goblin,pre_game,2026-09-24T14:43:54.424-04:00
3244,prizepicks,15201749,2026-09-25T16:23:50+00:00,25.5,standard,pre_game,2026-09-24T17:10:38.524-04:00
3245,prizepicks,15201750,2026-09-25T16:23:50+00:00,28.5,standard,pre_game,2026-09-24T17:10:38.524-04:00
3246,prizepicks,15201751,2026-09-25T16:23:50+00:00,31.5,standard,pre_game,2026-09-24T17:10:38.524-04:00
3247,prizepicks,15201752,2026-09-25T16:23:50+00:00,31.0,standard,pre_game,2026-09-25T10:22:11.669-04:00
3248,prizepicks,15201753,2026-09-25T16:23:50+00:00,30.5,standard,pre_game,2026-09-24T23:25:28.973-04:00
3249,prizepicks,15201754,2026-09-25T16:23:50+00:00,26.5,standard,pre_game,2026-09-25T10:37:39.364-04:00
3250,prizepicks,15201755,2026-09-25T16:23:50+00:00,29.5,standard,pre_game,2026-09-24T17:10:43.484-04:00
3251,prizepicks,15201756,2026-09-25T16:23:50+00:00,28.5,standard,pre_game,2026-09-24T17:10:43.484-04:00
3252,prizepicks,15201757,2026-09-25T16:23:50+00:00,23.5,standard,pre_game,2026-09-24T17:10:43.484-04:00
3253,prizepicks,15201758,2026-09-25T16:23:50+00:00,27.5,standard,pre_game,2026-09-24T23:13:21.402-04:00
3254,prizepicks,15201759,2026-09-25T16:23:50+00:00,15.5,standard,pre_game,2026-09-25T08:56:39.753-04:00
3255,prizepicks,15201761,2026-09-25T16:23:50+00:00,16.5,standard,pre_game,2026-09-24T17:10:38.524-04:00
3256,prizepicks,15201762,2026-09-25T16:23:50+00:00,16.0,standard,pre_game,2026-09-25T10:22:11.602-04:00
3257,prizepicks,15201763,2026-09-25T16:23:50+00:00,15.0,standard,pre_game,2026-09-24T17:10:38.524-04:00
3258,prizepicks,15201764,2026-09-25T16:23:50+00:00,16.5,standard,pre_game,2026-09-24T23:24:46.106-04:00
3259,prizepicks,15201765,2026-09-25T16:23:50+00:00,16.5,standard,pre_game,2026-09-24T17:10:43.484-04:00
3260,prizepicks,15201766,2026-09-25T16:23:50+00:00,17.5,standard,pre_game,2026-09-24T17:10:43.484-04:00
3261,prizepicks,15201767,2026-09-25T16:23:50+00:00,11.5,standard,pre_game,2026-09-24T17:10:43.484-04:00
3262,prizepicks,15201768,2026-09-25T16:23:50+00:00,10.5,standard,pre_game,2026-09-24T23:24:04.107-04:00
3263,prizepicks,15194610,2026-09-25T16:23:50+00:00,15.5,standard,pre_game,2026-09-25T11:36:54.669-04:00
3264,prizepicks,15194611,2026-09-25T16:23:50+00:00,15.0,standard,pre_game,2026-09-25T11:36:54.669-04:00
3265,prizepicks,15194612,2026-09-25T16:23:50+00:00,14.0,standard,pre_game,2026-09-25T11:36:54.669-04:00
3266,prizepicks,15194613,2026-09-25T16:23:50+00:00,14.0,standard,pre_game,2026-09-25T11:36:54.669-04:00
3267,prizepicks,15194614,2026-09-25T16:23:50+00:00,13.5,standard,pre_game,2026-09-25T11:36:54.669-04:00
3268,prizepicks,15194615,2026-09-25T16:23:50+00:00,15.0,standard,pre_game,2026-09-25T11:36:54.669-04:00
3269,prizepicks,15194616,2026-09-25T16:23:50+00:00,15.0,standard,pre_game,2026-09-25T11:36:54.669-04:00
3270,prizepicks,15194617,2026-09-25T16:23:50+00:00,14.5,standard,pre_game,2026-09-25T11:36:54.669-04:00
3271,prizepicks,15194618,2026-09-25T16:23:50+00:00,14.5,standard,pre_game,2026-09-25T11:36:54.669-04:00
3272,prizepicks,15194619,2026-09-25T16:23:50+00:00,13.5,standard,pre_game,2026-09-25T11:36:54.669-04:00
3273,prizepicks,15194620,2026-09-25T16:23:50+00:00,4.5,standard,pre_game,2026-09-25T11:36:54.669-04:00
3274,prizepicks,15194621,2026-09-25T16:23:50+00:00,9.0,standard,pre_game,2026-09-25T11:36:54.669-04:00
3275,prizepicks,15194622,2026-09-25T16:23:50+00:00,8.0,standard,pre_game,2026-09-25T11:36:54.669-04:00
3276,prizepicks,15194623,2026-09-25T16:23:50+00:00,8.0,standard,pre_game,2026-09-25T11:36:54.669-04:00
3277,prizepicks,15194624,2026-09-25T16:23:50+00:00,7.5,standard,pre_game,2026-09-25T11:36:54.669-04:00
3278,prizepicks,15194625,2026-09-25T16:23:50+00:00,6.0,standard,pre_game,2026-09-25T11:36:54.669-04:00
3279,prizepicks,15194626,2026-09-25T16:23:50+00:00,8.5,standard,pre_game,2026-09-25T11:36:54.669-04:00
3280,prizepicks,15194627,2026-09-25T16:23:50+00:00,7.5,standard,pre_game,2026-09-25T11:36:54.669-04:00
3281,prizepicks,15194628,2026-09-25T16:23:50+00:00,8.5,standard,pre_game,2026-09-25T11:36:54.669-04:00
3282,prizepicks,15194629,2026-09-25T16:23:50+00:00,8.0,standard,pre_game,2026-09-25T11:36:54.669-04:00
3283,prizepicks,15195630,2026-09-25T16:23:50+00:00,14.0,standard,pre_game,2026-09-25T12:05:13.588-04:00
3284,prizepicks,15195631,2026-09-25T16:23:50+00:00,15.5,standard,pre_game,2026-09-25T12:05:13.588-04:00
3285,prizepicks,15195632,2026-09-25T16:23:50+00:00,15.5,standard,pre_game,2026-09-25T12:05:13.588-04:00
3286,prizepicks,15195633,2026-09-25T16:23:50+00:00,15.5,standard,pre_game,2026-09-25T12:05:13.588-04:00
3287,prizepicks,15195634,2026-09-25T16:23:50+00:00,12.5,standard,pre_game,2026-09-25T12:05:13.588-04:00
3288,prizepicks,15195635,2026-09-25T16:23:50+00:00,8.0,standard,pre_game,2026-09-25T12:05:13.588-04:00
3289,prizepicks,15195636,2026-09-25T16:23:50+00:00,5.0,standard,pre_game,2026-09-25T12:05:13.588-04:00
3290,prizepicks,15195637,2026-09-25T16:23:50+00:00,10.5,standard,pre_game,2026-09-25T12:05:13.588-04:00
3291,prizepicks,15195638,2026-09-25T16:23:50+00:00,9.0,standard,pre_game,2026-09-25T12:05:13.588-04:00
3292,prizepicks,15195639,2026-09-25T16:23:50+00:00,6.5,standard,pre_game,2026-09-25T12:05:13.588-04:00
3293,prizepicks,15195194,2026-09-25T16:23:50+00:00,32.5,standard,pre_game,2026-09-25T10:37:27.068-04:00
3294,prizepicks,15195199,2026-09-25T16:23:50+00:00,18.5,standard,pre_game,2026-09-24T16:03:39.591-04:00
3295,prizepicks,15195195,2026-09-25T16:23:50+00:00,29.5,standard,pre_game,2026-09-25T10:38:00.614-04:00
3296,prizepicks,15195200,2026-09-25T16:23:50+00:00,10.5,standard,pre_game,2026-09-24T16:03:50.068-04:00
3297,prizepicks,15195196,2026-09-25T16:23:50+00:00,29.0,standard,pre_game,2026-09-24T16:00:17.673-04:00
3298,prizepicks,15195201,2026-09-25T16:23:50+00:00,19.5,standard,pre_game,2026-09-24T16:03:44.540-04:00
3299,prizepicks,15195197,2026-09-25T16:23:50+00:00,28.5,standard,pre_game,2026-09-24T16:03:25.772-04:00
3300,prizepicks,15195202,2026-09-25T16:23:50+00:00,12.5,standard,pre_game,2026-09-24T16:03:25.821-04:00
3301,prizepicks,15195198,2026-09-25T16:23:50+00:00,26.5,standard,pre_game,2026-09-24T16:03:34.024-04:00
3302,prizepicks,15195203,2026-09-25T16:23:50+00:00,14.5,standard,pre_game,2026-09-24T16:03:34.066-04:00
3303,prizepicks,15200440,2026-09-25T16:23:50+00:00,31.0,standard,pre_game,2026-09-24T15:56:45.350-04:00
3304,prizepicks,15200441,2026-09-25T16:23:50+00:00,30.5,standard,pre_game,2026-09-24T23:25:56.856-04:00
3305,prizepicks,15200442,2026-09-25T16:23:50+00:00,31.5,standard,pre_game,2026-09-24T21:15:57.398-04:00
3306,prizepicks,15200443,2026-09-25T16:23:50+00:00,28.0,standard,pre_game,2026-09-24T15:56:45.350-04:00
3307,prizepicks,15200444,2026-09-25T16:23:50+00:00,27.5,standard,pre_game,2026-09-24T15:56:45.350-04:00
3308,prizepicks,15200445,2026-09-25T16:23:50+00:00,29.0,standard,pre_game,2026-09-25T00:54:13.968-04:00
3309,prizepicks,15200446,2026-09-25T16:23:50+00:00,28.5,standard,pre_game,2026-09-25T10:38:10.875-04:00
3310,prizepicks,15200447,2026-09-25T16:23:50+00:00,28.5,standard,pre_game,2026-09-24T15:56:49.989-04:00
3311,prizepicks,15200448,2026-09-25T16:23:50+00:00,27.0,standard,pre_game,2026-09-24T15:56:49.989-04:00
3312,prizepicks,15200449,2026-09-25T16:23:50+00:00,25.0,standard,pre_game,2026-09-25T00:52:09.885-04:00
3313,prizepicks,15200450,2026-09-25T16:23:50+00:00,18.5,standard,pre_game,2026-09-24T15:56:45.350-04:00
3314,prizepicks,15200451,2026-09-25T16:23:50+00:00,12.0,standard,pre_game,2026-09-24T23:26:21.751-04:00
3315,prizepicks,15200452,2026-09-25T16:23:50+00:00,18.0,standard,pre_game,2026-09-24T15:56:45.350-04:00
3316,prizepicks,15200453,2026-09-25T16:23:50+00:00,15.5,standard,pre_game,2026-09-24T21:17:00.442-04:00
3317,prizepicks,15200454,2026-09-25T16:23:50+00:00,15.0,standard,pre_game,2026-09-24T15:56:45.350-04:00
3318,prizepicks,15200455,2026-09-25T16:23:50+00:00,11.0,standard,pre_game,2026-09-24T15:56:49.989-04:00
3319,prizepicks,15200456,2026-09-25T16:23:50+00:00,14.0,standard,pre_game,2026-09-24T15:56:49.989-04:00
3320,prizepicks,15200457,2026-09-25T16:23:50+00:00,14.5,standard,pre_game,2026-09-24T15:56:49.989-04:00
3321,prizepicks,15200458,2026-09-25T16:23:50+00:00,14.5,standard,pre_game,2026-09-24T15:56:49.989-04:00
3322,prizepicks,15200459,2026-09-25T16:23:50+00:00,13.0,standard,pre_game,2026-09-24T23:38:48.109-04:00
3323,prizepicks,15194506,2026-09-25T16:23:50+00:00,32.5,standard,pre_game,2026-09-25T10:37:47.460-04:00
3324,prizepicks,15194507,2026-09-25T16:23:50+00:00,30.5,standard,pre_game,2026-09-25T10:41:55.817-04:00
3325,prizepicks,15194508,2026-09-25T16:23:50+00:00,28.5,standard,pre_game,2026-09-25T08:51:26.150-04:00
3326,prizepicks,15194509,2026-09-25T16:23:50+00:00,28.5,standard,pre_game,2026-09-25T08:51:26.150-04:00
3327,prizepicks,15194510,2026-09-25T16:23:50+00:00,27.0,standard,pre_game,2026-09-25T08:51:26.150-04:00
3328,prizepicks,15194511,2026-09-25T16:23:50+00:00,29.0,standard,pre_game,2026-09-25T08:51:26.150-04:00
3329,prizepicks,15194512,2026-09-25T16:23:50+00:00,27.5,standard,pre_game,2026-09-25T08:51:26.150-04:00
3330,prizepicks,15194513,2026-09-25T16:23:50+00:00,27.5,standard,pre_game,2026-09-25T08:51:26.150-04:00
3331,prizepicks,15194514,2026-09-25T16:23:50+00:00,26.5,standard,pre_game,2026-09-25T08:51:26.150-04:00
3332,prizepicks,15194515,2026-09-25T16:23:50+00:00,25.0,standard,pre_game,2026-09-25T08:51:26.150-04:00
3333,prizepicks,15194516,2026-09-25T16:23:50+00:00,21.0,standard,pre_game,2026-09-25T08:51:26.150-04:00
3334,prizepicks,15194517,2026-09-25T16:23:50+00:00,12.5,standard,pre_game,2026-09-25T08:51:26.150-04:00
3335,prizepicks,15194518,2026-09-25T16:23:50+00:00,17.5,standard,pre_game,2026-09-25T08:51:26.150-04:00
3336,prizepicks,15194519,2026-09-25T16:23:50+00:00,18.0,standard,pre_game,2026-09-25T08:51:26.150-04:00
3337,prizepicks,15194520,2026-09-25T16:23:50+00:00,16.0,standard,pre_game,2026-09-25T08:51:26.150-04:00
3338,prizepicks,15194521,2026-09-25T16:23:50+00:00,16.0,standard,pre_game,2026-09-25T08:51:26.150-04:00
3339,prizepicks,15194522,2026-09-25T16:23:50+00:00,13.5,standard,pre_game,2026-09-25T08:51:26.150-04:00
3340,prizepicks,15194523,2026-09-25T16:23:50+00:00,14.5,standard,pre_game,2026-09-25T08:51:26.150-04:00
3341,prizepicks,15194524,2026-09-25T16:23:50+00:00,9.5,standard,pre_game,2026-09-25T08:51:26.150-04:00
3342,prizepicks,15194525,2026-09-25T16:23:50+00:00,13.0,standard,pre_game,2026-09-25T08:51:26.150-04:00
3343,prizepicks,15213092,2026-09-25T16:23:50+00:00,32.5,standard,pre_game,2026-09-25T00:19:28.750-04:00
3344,prizepicks,15213093,2026-09-25T16:23:50+00:00,27.5,standard,pre_game,2026-09-25T12:08:38.297-04:00
3345,prizepicks,15213095,2026-09-25T16:23:50+00:00,32.5,standard,pre_game,2026-09-25T00:19:28.750-04:00
3346,prizepicks,15213096,2026-09-25T16:23:50+00:00,28.5,standard,pre_game,2026-09-25T01:41:45.351-04:00
3347,prizepicks,15213097,2026-09-25T16:23:50+00:00,17.5,standard,pre_game,2026-09-25T00:19:28.750-04:00
3348,prizepicks,15213098,2026-09-25T16:23:50+00:00,16.5,standard,pre_game,2026-09-25T00:19:28.750-04:00
3349,prizepicks,15213100,2026-09-25T16:23:50+00:00,10.5,standard,pre_game,2026-09-25T00:19:28.750-04:00
3350,prizepicks,15213101,2026-09-25T16:23:50+00:00,15.5,standard,pre_game,2026-09-25T00:19:28.750-04:00
3351,prizepicks,15192251,2026-09-25T16:23:50+00:00,12.5,standard,pre_game,2026-09-24T11:19:41.642-04:00
3352,prizepicks,15192252,2026-09-25T16:23:50+00:00,15.5,standard,pre_game,2026-09-24T11:19:41.642-04:00
3353,prizepicks,15192253,2026-09-25T16:23:50+00:00,11.5,standard,pre_game,2026-09-24T11:19:41.642-04:00
3354,prizepicks,15192254,2026-09-25T16:23:50+00:00,15.5,standard,pre_game,2026-09-24T11:19:41.642-04:00
3355,prizepicks,15192255,2026-09-25T16:23:50+00:00,17.5,standard,pre_game,2026-09-24T11:19:41.642-04:00
3356,prizepicks,15192256,2026-09-25T16:23:50+00:00,17.0,standard,pre_game,2026-09-24T11:19:54.746-04:00
3357,prizepicks,15192257,2026-09-25T16:23:50+00:00,13.5,standard,pre_game,2026-09-24T11:19:54.746-04:00
3358,prizepicks,15192258,2026-09-25T16:23:50+00:00,16.5,standard,pre_game,2026-09-24T11:19:54.746-04:00
3359,prizepicks,15192260,2026-09-25T16:23:50+00:00,17.0,standard,pre_game,2026-09-24T11:19:54.746-04:00
3360,prizepicks,15192241,2026-09-25T16:23:50+00:00,27.0,standard,pre_game,2026-09-24T11:19:41.642-04:00
3361,prizepicks,15192242,2026-09-25T16:23:50+00:00,28.0,standard,pre_game,2026-09-24T11:19:41.642-04:00
3362,prizepicks,15192243,2026-09-25T16:23:50+00:00,31.5,standard,pre_game,2026-09-24T11:19:41.642-04:00
3363,prizepicks,15192244,2026-09-25T16:23:50+00:00,27.5,standard,pre_game,2026-09-24T14:52:25.785-04:00
3364,prizepicks,15192245,2026-09-25T16:23:50+00:00,30.0,standard,pre_game,2026-09-24T17:26:02.563-04:00
3365,prizepicks,15192246,2026-09-25T16:23:50+00:00,27.0,standard,pre_game,2026-09-24T11:19:54.746-04:00
3366,prizepicks,15192247,2026-09-25T16:23:50+00:00,27.0,standard,pre_game,2026-09-24T11:19:54.746-04:00
3367,prizepicks,15192248,2026-09-25T16:23:50+00:00,31.5,standard,pre_game,2026-09-24T11:19:54.746-04:00
3368,prizepicks,15192249,2026-09-25T16:23:50+00:00,33.0,standard,pre_game,2026-09-24T17:25:31.089-04:00
3369,prizepicks,15192250,2026-09-25T16:23:50+00:00,29.5,standard,pre_game,2026-09-24T11:19:54.746-04:00
3370,prizepicks,15194526,2026-09-25T16:23:50+00:00,33.0,standard,pre_game,2026-09-24T12:06:53.570-04:00
3371,prizepicks,15194527,2026-09-25T16:23:50+00:00,32.0,standard,pre_game,2026-09-24T12:06:53.570-04:00
3372,prizepicks,15194528,2026-09-25T16:23:50+00:00,28.0,standard,pre_game,2026-09-24T12:06:53.570-04:00
3373,prizepicks,15194529,2026-09-25T16:23:50+00:00,28.0,standard,pre_game,2026-09-24T12:06:53.570-04:00
3374,prizepicks,15194530,2026-09-25T16:23:50+00:00,25.0,standard,pre_game,2026-09-24T14:08:32.752-04:00
3375,prizepicks,15194531,2026-09-25T16:23:50+00:00,31.5,standard,pre_game,2026-09-25T03:58:36.251-04:00
3376,prizepicks,15194532,2026-09-25T16:23:50+00:00,28.0,standard,pre_game,2026-09-24T12:06:59.211-04:00
3377,prizepicks,15194533,2026-09-25T16:23:50+00:00,28.0,standard,pre_game,2026-09-24T12:06:59.211-04:00
3378,prizepicks,15194534,2026-09-25T16:23:50+00:00,27.5,standard,pre_game,2026-09-24T12:06:59.211-04:00
3379,prizepicks,15194535,2026-09-25T16:23:50+00:00,27.0,standard,pre_game,2026-09-24T12:06:59.211-04:00
3380,prizepicks,15194538,2026-09-25T16:23:50+00:00,20.0,standard,pre_game,2026-09-24T12:06:53.570-04:00
3381,prizepicks,15194542,2026-09-25T16:23:50+00:00,17.0,standard,pre_game,2026-09-24T23:55:45.816-04:00
3382,prizepicks,15194543,2026-09-25T16:23:50+00:00,15.5,standard,pre_game,2026-09-24T12:06:53.570-04:00
3383,prizepicks,15194545,2026-09-25T16:23:50+00:00,10.0,standard,pre_game,2026-09-24T12:06:53.570-04:00
3384,prizepicks,15194546,2026-09-25T16:23:50+00:00,11.5,standard,pre_game,2026-09-24T17:25:11.251-04:00
3385,prizepicks,15194547,2026-09-25T16:23:50+00:00,16.5,standard,pre_game,2026-09-24T15:27:03.304-04:00
3386,prizepicks,15194548,2026-09-25T16:23:50+00:00,15.0,standard,pre_game,2026-09-24T12:06:59.211-04:00
3387,prizepicks,15194549,2026-09-25T16:23:50+00:00,9.5,standard,pre_game,2026-09-24T12:06:59.211-04:00
3388,prizepicks,15194550,2026-09-25T16:23:50+00:00,15.0,standard,pre_game,2026-09-24T12:06:59.211-04:00
3389,prizepicks,15194551,2026-09-25T16:23:50+00:00,17.0,standard,pre_game,2026-09-24T12:06:59.211-04:00
3390,prizepicks,15194630,2026-09-25T16:23:50+00:00,16.0,standard,pre_game,2026-09-25T08:51:34.506-04:00
3391,prizepicks,15194631,2026-09-25T16:23:50+00:00,15.0,standard,pre_game,2026-09-25T10:41:53.569-04:00
3392,prizepicks,15194632,2026-09-25T16:23:50+00:00,14.5,standard,pre_game,2026-09-25T08:51:34.506-04:00
3393,prizepicks,15194633,2026-09-25T16:23:50+00:00,14.0,standard,pre_game,2026-09-25T08:51:34.506-04:00
3394,prizepicks,15194634,2026-09-25T16:23:50+00:00,13.5,standard,pre_game,2026-09-25T08:51:34.506-04:00
3395,prizepicks,15194635,2026-09-25T16:23:50+00:00,14.5,standard,pre_game,2026-09-25T08:51:34.506-04:00
3396,prizepicks,15194636,2026-09-25T16:23:50+00:00,13.5,standard,pre_game,2026-09-25T08:51:34.506-04:00
3397,prizepicks,15194637,2026-09-25T16:23:50+00:00,13.5,standard,pre_game,2026-09-25T08:51:34.506-04:00
3398,prizepicks,15194638,2026-09-25T16:23:50+00:00,13.0,standard,pre_game,2026-09-25T08:51:34.506-04:00
3399,prizepicks,15194639,2026-09-25T16:23:50+00:00,12.5,standard,pre_game,2026-09-25T08:51:34.506-04:00
3400,prizepicks,15194640,2026-09-25T16:23:50+00:00,10.0,standard,pre_game,2026-09-25T08:51:34.506-04:00
3401,prizepicks,15194641,2026-09-25T16:23:50+00:00,6.0,standard,pre_game,2026-09-25T08:51:34.506-04:00
3402,prizepicks,15194642,2026-09-25T16:23:50+00:00,8.5,standard,pre_game,2026-09-25T08:51:34.506-04:00
3403,prizepicks,15194643,2026-09-25T16:23:50+00:00,8.0,standard,pre_game,2026-09-25T08:51:34.506-04:00
3404,prizepicks,15194644,2026-09-25T16:23:50+00:00,8.0,standard,pre_game,2026-09-25T08:51:34.506-04:00
3405,prizepicks,15194645,2026-09-25T16:23:50+00:00,8.5,standard,pre_game,2026-09-25T08:51:34.506-04:00
3406,prizepicks,15194646,2026-09-25T16:23:50+00:00,6.5,standard,pre_game,2026-09-25T08:51:34.506-04:00
3407,prizepicks,15194647,2026-09-25T16:23:50+00:00,7.0,standard,pre_game,2026-09-25T08:51:34.506-04:00
3408,prizepicks,15194648,2026-09-25T16:23:50+00:00,4.5,standard,pre_game,2026-09-25T08:51:34.506-04:00
3409,prizepicks,15194649,2026-09-25T16:23:50+00:00,7.0,standard,pre_game,2026-09-25T08:51:34.506-04:00
3410,prizepicks,15200460,2026-09-25T16:23:50+00:00,32.0,standard,pre_game,2026-09-24T15:57:19.856-04:00
3411,prizepicks,15200461,2026-09-25T16:23:50+00:00,32.0,standard,pre_game,2026-09-24T15:57:19.856-04:00
3412,prizepicks,15200462,2026-09-25T16:23:50+00:00,29.5,standard,pre_game,2026-09-24T15:57:19.856-04:00
3413,prizepicks,15200463,2026-09-25T16:23:50+00:00,27.0,standard,pre_game,2026-09-24T15:57:19.856-04:00
3414,prizepicks,15200464,2026-09-25T16:23:50+00:00,27.0,standard,pre_game,2026-09-24T15:57:19.856-04:00
3415,prizepicks,15200465,2026-09-25T16:23:50+00:00,24.0,standard,pre_game,2026-09-24T16:15:19.996-04:00
3416,prizepicks,15200466,2026-09-25T16:23:50+00:00,25.0,standard,pre_game,2026-09-24T16:15:15.959-04:00
3417,prizepicks,15200467,2026-09-25T16:23:50+00:00,24.5,standard,pre_game,2026-09-24T23:12:21.975-04:00
3418,prizepicks,15200468,2026-09-25T16:23:50+00:00,25.5,standard,pre_game,2026-09-24T15:57:24.152-04:00
3419,prizepicks,15200469,2026-09-25T16:23:50+00:00,24.0,standard,pre_game,2026-09-24T15:57:24.152-04:00
3420,prizepicks,15200470,2026-09-25T16:23:50+00:00,11.0,standard,pre_game,2026-09-24T15:57:19.856-04:00
3421,prizepicks,15200471,2026-09-25T16:23:50+00:00,15.5,standard,pre_game,2026-09-24T15:57:19.856-04:00
3422,prizepicks,15200472,2026-09-25T16:23:50+00:00,17.5,standard,pre_game,2026-09-24T15:57:19.856-04:00
3423,prizepicks,15200473,2026-09-25T16:23:50+00:00,14.5,standard,pre_game,2026-09-24T15:57:19.856-04:00
3424,prizepicks,15200474,2026-09-25T16:23:50+00:00,13.5,standard,pre_game,2026-09-24T15:57:19.856-04:00
3425,prizepicks,15200475,2026-09-25T16:23:50+00:00,15.0,standard,pre_game,2026-09-24T22:41:32.110-04:00
3426,prizepicks,15200476,2026-09-25T16:23:50+00:00,14.5,standard,pre_game,2026-09-24T15:57:24.152-04:00
3427,prizepicks,15200477,2026-09-25T16:23:50+00:00,15.5,standard,pre_game,2026-09-25T11:18:38.932-04:00
3428,prizepicks,15200478,2026-09-25T16:23:50+00:00,9.5,standard,pre_game,2026-09-24T15:57:24.152-04:00
3429,prizepicks,15200479,2026-09-25T16:23:50+00:00,12.0,standard,pre_game,2026-09-24T15:57:24.152-04:00
3430,prizepicks,15198653,2026-09-25T16:23:50+00:00,32.5,standard,pre_game,2026-09-24T15:14:09.253-04:00
3431,prizepicks,15198663,2026-09-25T16:23:50+00:00,19.0,standard,pre_game,2026-09-24T21:14:41.428-04:00
3432,prizepicks,15198654,2026-09-25T16:23:50+00:00,30.5,standard,pre_game,2026-09-24T15:09:32.851-04:00
3433,prizepicks,15198664,2026-09-25T16:23:50+00:00,14.5,standard,pre_game,2026-09-24T15:09:32.851-04:00
3434,prizepicks,15198655,2026-09-25T16:23:50+00:00,29.0,standard,pre_game,2026-09-24T15:09:32.851-04:00
3435,prizepicks,15198665,2026-09-25T16:23:50+00:00,10.5,standard,pre_game,2026-09-24T15:09:32.851-04:00
3436,prizepicks,15198656,2026-09-25T16:23:50+00:00,29.0,standard,pre_game,2026-09-24T15:09:32.851-04:00
3437,prizepicks,15198666,2026-09-25T16:23:50+00:00,16.5,standard,pre_game,2026-09-24T15:09:32.851-04:00
3438,prizepicks,15198657,2026-09-25T16:23:50+00:00,26.0,standard,pre_game,2026-09-24T15:09:32.851-04:00
3439,prizepicks,15198667,2026-09-25T16:23:50+00:00,13.0,standard,pre_game,2026-09-24T15:09:32.851-04:00
3440,prizepicks,15198658,2026-09-25T16:23:50+00:00,27.5,standard,pre_game,2026-09-24T15:09:38.410-04:00
3441,prizepicks,15198668,2026-09-25T16:23:50+00:00,9.5,standard,pre_game,2026-09-24T15:09:38.410-04:00
3442,prizepicks,15198659,2026-09-25T16:23:50+00:00,26.5,standard,pre_game,2026-09-25T01:53:52.670-04:00
3443,prizepicks,15198669,2026-09-25T16:23:50+00:00,13.0,standard,pre_game,2026-09-24T23:11:22.405-04:00
3444,prizepicks,15198660,2026-09-25T16:23:50+00:00,26.0,standard,pre_game,2026-09-24T15:09:38.410-04:00
3445,prizepicks,15198670,2026-09-25T16:23:50+00:00,13.0,standard,pre_game,2026-09-24T15:09:38.410-04:00
3446,prizepicks,15198661,2026-09-25T16:23:50+00:00,26.0,standard,pre_game,2026-09-24T15:09:38.410-04:00
3447,prizepicks,15198671,2026-09-25T16:23:50+00:00,15.5,standard,pre_game,2026-09-24T15:09:38.410-04:00
3448,prizepicks,15198662,2026-09-25T16:23:50+00:00,24.0,standard,pre_game,2026-09-24T23:12:39.431-04:00
3449,prizepicks,15198672,2026-09-25T16:23:50+00:00,12.5,standard,pre_game,2026-09-24T16:16:44.278-04:00
3450,prizepicks,15212932,2026-09-25T16:23:50+00:00,16.5,demon,pre_game,2026-09-25T01:38:38.517-04:00
3451,prizepicks,15212935,2026-09-25T16:23:50+00:00,16.5,demon,pre_game,2026-09-25T01:38:30.160-04:00
3452,prizepicks,15212917,2026-09-25T16:23:50+00:00,15.5,demon,pre_game,2026-09-25T01:38:38.517-04:00
3453,prizepicks,15212920,2026-09-25T16:23:50+00:00,15.5,demon,pre_game,2026-09-25T01:38:30.160-04:00
3454,prizepicks,15212924,2026-09-25T16:23:50+00:00,15.5,demon,pre_game,2026-09-25T01:38:30.160-04:00
3455,prizepicks,15212931,2026-09-25T16:23:50+00:00,15.5,standard,pre_game,2026-09-25T01:38:38.517-04:00
3456,prizepicks,15212934,2026-09-25T16:23:50+00:00,15.5,standard,pre_game,2026-09-25T01:38:30.160-04:00
3457,prizepicks,15212916,2026-09-25T16:23:50+00:00,14.5,standard,pre_game,2026-09-25T01:38:38.517-04:00
3458,prizepicks,15212919,2026-09-25T16:23:50+00:00,14.5,standard,pre_game,2026-09-25T01:38:30.160-04:00
3459,prizepicks,15212933,2026-09-25T16:23:50+00:00,14.5,goblin,pre_game,2026-09-25T01:38:38.517-04:00
3460,prizepicks,15212936,2026-09-25T16:23:50+00:00,14.5,goblin,pre_game,2026-09-25T01:38:30.160-04:00
3461,prizepicks,15212918,2026-09-25T16:23:50+00:00,13.5,goblin,pre_game,2026-09-25T01:38:38.517-04:00
3462,prizepicks,15212921,2026-09-25T16:23:50+00:00,13.5,goblin,pre_game,2026-09-25T01:38:30.160-04:00
3463,prizepicks,15212922,2026-09-25T16:23:50+00:00,13.5,goblin,pre_game,2026-09-25T01:38:38.517-04:00
3464,prizepicks,15212923,2026-09-25T16:23:50+00:00,13.5,goblin,pre_game,2026-09-25T01:38:30.160-04:00
3465,prizepicks,15212905,2026-09-25T16:23:50+00:00,11.5,goblin,pre_game,2026-09-25T01:38:38.517-04:00
3466,prizepicks,15212907,2026-09-25T16:23:50+00:00,11.5,goblin,pre_game,2026-09-25T01:38:30.160-04:00
3467,prizepicks,15212904,2026-09-25T16:23:50+00:00,7.5,standard,pre_game,2026-09-25T08:56:27.543-04:00
3468,prizepicks,15212906,2026-09-25T16:23:50+00:00,7.5,standard,pre_game,2026-09-25T08:56:27.504-04:00
3469,prizepicks,15212980,2026-09-25T16:23:50+00:00,16.5,demon,pre_game,2026-09-25T01:43:27.356-04:00
3470,prizepicks,15212953,2026-09-25T16:23:50+00:00,15.5,demon,pre_game,2026-09-25T01:43:27.356-04:00
3471,prizepicks,15212960,2026-09-25T16:23:50+00:00,15.5,demon,pre_game,2026-09-25T01:40:48.704-04:00
3472,prizepicks,15212968,2026-09-25T16:23:50+00:00,15.5,demon,pre_game,2026-09-25T01:43:27.356-04:00
3473,prizepicks,15212974,2026-09-25T16:23:50+00:00,15.5,demon,pre_game,2026-09-25T01:40:48.704-04:00
3474,prizepicks,15212979,2026-09-25T16:23:50+00:00,15.5,standard,pre_game,2026-09-25T12:22:15.155-04:00
3475,prizepicks,15212997,2026-09-25T16:23:50+00:00,15.5,demon,pre_game,2026-09-25T01:40:48.704-04:00
3476,prizepicks,15212959,2026-09-25T16:23:50+00:00,14.5,standard,pre_game,2026-09-25T01:40:48.704-04:00
3477,prizepicks,15212967,2026-09-25T16:23:50+00:00,14.5,standard,pre_game,2026-09-25T01:43:27.356-04:00
3478,prizepicks,15212973,2026-09-25T16:23:50+00:00,14.5,standard,pre_game,2026-09-25T01:40:48.704-04:00
3479,prizepicks,15212981,2026-09-25T16:23:50+00:00,14.5,goblin,pre_game,2026-09-25T01:43:27.356-04:00
3480,prizepicks,15212996,2026-09-25T16:23:50+00:00,14.5,standard,pre_game,2026-09-25T01:40:48.704-04:00
3481,prizepicks,15212961,2026-09-25T16:23:50+00:00,13.5,goblin,pre_game,2026-09-25T01:40:48.704-04:00
3482,prizepicks,15212969,2026-09-25T16:23:50+00:00,13.5,goblin,pre_game,2026-09-25T01:43:27.356-04:00
3483,prizepicks,15212975,2026-09-25T16:23:50+00:00,13.5,goblin,pre_game,2026-09-25T01:40:48.704-04:00
3484,prizepicks,15212992,2026-09-25T16:23:50+00:00,13.5,demon,pre_game,2026-09-25T01:40:48.704-04:00
3485,prizepicks,15212998,2026-09-25T16:23:50+00:00,13.5,goblin,pre_game,2026-09-25T01:40:48.704-04:00
3486,prizepicks,15212991,2026-09-25T16:23:50+00:00,12.5,standard,pre_game,2026-09-25T12:22:15.132-04:00
3487,prizepicks,15212993,2026-09-25T16:23:50+00:00,11.5,goblin,pre_game,2026-09-25T01:40:48.704-04:00
3488,prizepicks,15212952,2026-09-25T16:23:50+00:00,7.5,standard,pre_game,2026-09-25T01:43:27.356-04:00
3489,prizepicks,15212958,2026-09-25T16:23:50+00:00,7.5,standard,pre_game,2026-09-25T01:40:48.704-04:00
3490,prizepicks,15212966,2026-09-25T16:23:50+00:00,4.5,standard,pre_game,2026-09-25T01:43:27.356-04:00
3491,prizepicks,15215017,2026-09-25T16:23:50+00:00,25.5,standard,pre_game,2026-09-25T01:38:38.517-04:00
3492,prizepicks,15215022,2026-09-25T16:23:50+00:00,14.5,standard,pre_game,2026-09-25T01:38:38.517-04:00
3493,prizepicks,15215018,2026-09-25T16:23:50+00:00,29.5,standard,pre_game,2026-09-25T01:38:38.517-04:00
3494,prizepicks,15215019,2026-09-25T16:23:50+00:00,31.5,standard,pre_game,2026-09-25T01:38:38.517-04:00
3495,prizepicks,15215024,2026-09-25T16:23:50+00:00,16.5,standard,pre_game,2026-09-25T01:38:38.517-04:00
3496,prizepicks,15215020,2026-09-25T16:23:50+00:00,31.5,standard,pre_game,2026-09-25T01:38:38.517-04:00
3497,prizepicks,15215025,2026-09-25T16:23:50+00:00,15.5,standard,pre_game,2026-09-25T01:38:38.517-04:00
3498,prizepicks,15215021,2026-09-25T16:23:50+00:00,29.5,standard,pre_game,2026-09-25T01:38:38.517-04:00
3499,prizepicks,15215026,2026-09-25T16:23:50+00:00,14.5,standard,pre_game,2026-09-25T01:38:38.517-04:00
3500,prizepicks,15215272,2026-09-25T16:23:50+00:00,29.5,standard,pre_game,2026-09-25T01:42:28.810-04:00
3501,prizepicks,15215280,2026-09-25T16:23:50+00:00,15.5,standard,pre_game,2026-09-25T01:42:28.689-04:00
3502,prizepicks,15215273,2026-09-25T16:23:50+00:00,29.5,standard,pre_game,2026-09-25T10:38:29.849-04:00
3503,prizepicks,15215281,2026-09-25T16:23:50+00:00,15.5,standard,pre_game,2026-09-25T01:42:28.723-04:00
3504,prizepicks,15215274,2026-09-25T16:23:50+00:00,24.5,standard,pre_game,2026-09-25T01:42:28.782-04:00
3505,prizepicks,15215282,2026-09-25T16:23:50+00:00,13.5,standard,pre_game,2026-09-25T01:42:28.751-04:00
3506,prizepicks,15215275,2026-09-25T16:23:50+00:00,30.5,standard,pre_game,2026-09-25T01:42:28.640-04:00
3507,prizepicks,15215283,2026-09-25T16:23:50+00:00,16.5,standard,pre_game,2026-09-25T01:42:28.870-04:00
3508,prizepicks,15215276,2026-09-25T16:23:50+00:00,29.5,standard,pre_game,2026-09-25T01:41:18.689-04:00
3509,prizepicks,15215284,2026-09-25T16:23:50+00:00,15.5,standard,pre_game,2026-09-25T01:41:18.689-04:00
3510,prizepicks,15215277,2026-09-25T16:23:50+00:00,31.5,standard,pre_game,2026-09-25T01:41:18.689-04:00
3511,prizepicks,15215285,2026-09-25T16:23:50+00:00,14.5,standard,pre_game,2026-09-25T01:41:18.689-04:00
3512,prizepicks,15215278,2026-09-25T16:23:50+00:00,29.5,standard,pre_game,2026-09-25T01:41:18.689-04:00
3513,prizepicks,15215286,2026-09-25T16:23:50+00:00,10.5,standard,pre_game,2026-09-25T01:41:18.689-04:00
3514,prizepicks,15215279,2026-09-25T16:23:50+00:00,26.5,standard,pre_game,2026-09-25T01:41:18.689-04:00
3515,prizepicks,15215287,2026-09-25T16:23:50+00:00,13.5,standard,pre_game,2026-09-25T01:41:18.689-04:00
3516,prizepicks,15229269,2026-09-25T16:23:50+00:00,29.5,standard,pre_game,2026-09-25T12:09:07.695-04:00
3517,prizepicks,15229270,2026-09-25T16:23:50+00:00,32.5,standard,pre_game,2026-09-25T12:09:07.695-04:00
3518,prizepicks,15229271,2026-09-25T16:23:50+00:00,31.0,standard,pre_game,2026-09-25T12:09:07.695-04:00
3519,prizepicks,15229272,2026-09-25T16:23:50+00:00,27.5,standard,pre_game,2026-09-25T12:09:07.695-04:00
3520,prizepicks,15229273,2026-09-25T16:23:50+00:00,27.5,standard,pre_game,2026-09-25T12:09:07.695-04:00
3521,prizepicks,15229274,2026-09-25T16:23:50+00:00,15.0,standard,pre_game,2026-09-25T12:09:07.695-04:00
3522,prizepicks,15229275,2026-09-25T16:23:50+00:00,21.0,standard,pre_game,2026-09-25T12:09:07.695-04:00
3523,prizepicks,15229276,2026-09-25T16:23:50+00:00,11.5,standard,pre_game,2026-09-25T12:09:07.695-04:00
3524,prizepicks,15229277,2026-09-25T16:23:50+00:00,17.0,standard,pre_game,2026-09-25T12:09:07.695-04:00
3525,prizepicks,15229278,2026-09-25T16:23:50+00:00,15.5,standard,pre_game,2026-09-25T12:23:09.822-04:00
3526,prizepicks,15228548,2026-09-25T16:23:50+00:00,33.0,standard,pre_game,2026-09-25T11:42:51.824-04:00
3527,prizepicks,15228558,2026-09-25T16:23:50+00:00,17.0,standard,pre_game,2026-09-25T11:42:51.824-04:00
3528,prizepicks,15228549,2026-09-25T16:23:50+00:00,31.0,standard,pre_game,2026-09-25T11:42:51.824-04:00
3529,prizepicks,15228559,2026-09-25T16:23:50+00:00,9.0,standard,pre_game,2026-09-25T11:42:51.824-04:00
3530,prizepicks,15228550,2026-09-25T16:23:50+00:00,28.5,standard,pre_game,2026-09-25T11:42:51.824-04:00
3531,prizepicks,15228560,2026-09-25T16:23:50+00:00,16.5,standard,pre_game,2026-09-25T11:42:51.824-04:00
3532,prizepicks,15228551,2026-09-25T16:23:50+00:00,28.5,standard,pre_game,2026-09-25T11:42:51.824-04:00
3533,prizepicks,15228561,2026-09-25T16:23:50+00:00,16.5,standard,pre_game,2026-09-25T11:42:51.824-04:00
3534,prizepicks,15228552,2026-09-25T16:23:50+00:00,28.5,standard,pre_game,2026-09-25T11:42:51.824-04:00
3535,prizepicks,15228562,2026-09-25T16:23:50+00:00,15.0,standard,pre_game,2026-09-25T11:42:51.824-04:00
3536,prizepicks,15228553,2026-09-25T16:23:50+00:00,32.0,standard,pre_game,2026-09-25T11:42:56.585-04:00
3537,prizepicks,15228563,2026-09-25T16:23:50+00:00,17.5,standard,pre_game,2026-09-25T11:42:56.585-04:00
3538,prizepicks,15228554,2026-09-25T16:23:50+00:00,29.5,standard,pre_game,2026-09-25T11:42:56.585-04:00
3539,prizepicks,15228564,2026-09-25T16:23:50+00:00,14.5,standard,pre_game,2026-09-25T11:42:56.585-04:00
3540,prizepicks,15228555,2026-09-25T16:23:50+00:00,28.0,standard,pre_game,2026-09-25T11:42:56.585-04:00
3541,prizepicks,15228565,2026-09-25T16:23:50+00:00,11.0,standard,pre_game,2026-09-25T11:46:26.189-04:00
3542,prizepicks,15228556,2026-09-25T16:23:50+00:00,27.0,standard,pre_game,2026-09-25T11:42:56.585-04:00
3543,prizepicks,15228566,2026-09-25T16:23:50+00:00,14.5,standard,pre_game,2026-09-25T11:42:56.585-04:00
3544,prizepicks,15228557,2026-09-25T16:23:50+00:00,23.5,standard,pre_game,2026-09-25T11:42:56.585-04:00
3545,prizepicks,15228567,2026-09-25T16:23:50+00:00,13.0,standard,pre_game,2026-09-25T11:42:56.585-04:00
3546,prizepicks,15228678,2026-09-25T16:23:50+00:00,33.5,standard,pre_game,2026-09-25T11:42:39.194-04:00
3547,prizepicks,15228683,2026-09-25T16:23:50+00:00,18.5,standard,pre_game,2026-09-25T11:42:39.194-04:00
3548,prizepicks,15228679,2026-09-25T16:23:50+00:00,30.5,standard,pre_game,2026-09-25T11:42:39.194-04:00
3549,prizepicks,15228684,2026-09-25T16:23:50+00:00,19.5,standard,pre_game,2026-09-25T11:42:39.194-04:00
3550,prizepicks,15228680,2026-09-25T16:23:50+00:00,30.0,standard,pre_game,2026-09-25T11:42:39.194-04:00
3551,prizepicks,15228685,2026-09-25T16:23:50+00:00,19.0,standard,pre_game,2026-09-25T11:42:39.194-04:00
3552,prizepicks,15228681,2026-09-25T16:23:50+00:00,28.5,standard,pre_game,2026-09-25T11:42:39.194-04:00
3553,prizepicks,15228686,2026-09-25T16:23:50+00:00,10.0,standard,pre_game,2026-09-25T11:42:39.194-04:00
3554,prizepicks,15228682,2026-09-25T16:23:50+00:00,27.5,standard,pre_game,2026-09-25T11:42:39.194-04:00
3555,prizepicks,15228687,2026-09-25T16:23:50+00:00,13.5,standard,pre_game,2026-09-25T11:42:39.194-04:00
3556,prizepicks,15191450,2026-09-25T16:23:50+00:00,17.5,demon,pre_game,2026-09-25T11:42:51.824-04:00
3557,prizepicks,15191452,2026-09-25T16:23:50+00:00,17.5,demon,pre_game,2026-09-25T11:43:17.748-04:00
3558,prizepicks,15191448,2026-09-25T16:23:50+00:00,16.5,standard,pre_game,2026-09-25T11:42:51.824-04:00
3559,prizepicks,15191451,2026-09-25T16:23:50+00:00,16.5,standard,pre_game,2026-09-25T11:43:17.748-04:00
3560,prizepicks,15191449,2026-09-25T16:23:50+00:00,15.5,goblin,pre_game,2026-09-25T11:42:51.824-04:00
3561,prizepicks,15191455,2026-09-25T16:23:50+00:00,15.5,demon,pre_game,2026-09-25T11:42:51.824-04:00
3562,prizepicks,15191458,2026-09-25T16:23:50+00:00,15.5,demon,pre_game,2026-09-25T11:43:17.748-04:00
3563,prizepicks,15191453,2026-09-25T16:23:50+00:00,14.5,standard,pre_game,2026-09-25T11:42:51.824-04:00
3564,prizepicks,15191456,2026-09-25T16:23:50+00:00,14.5,standard,pre_game,2026-09-25T11:43:17.748-04:00
3565,prizepicks,15191460,2026-09-25T16:23:50+00:00,14.5,demon,pre_game,2026-09-25T11:42:51.824-04:00
3566,prizepicks,15191463,2026-09-25T16:23:50+00:00,14.5,demon,pre_game,2026-09-25T11:43:17.748-04:00
3567,prizepicks,15191467,2026-09-25T16:23:50+00:00,14.5,demon,pre_game,2026-09-25T11:42:51.824-04:00
3568,prizepicks,15191471,2026-09-25T16:23:50+00:00,14.5,demon,pre_game,2026-09-25T11:43:17.748-04:00
3569,prizepicks,15191472,2026-09-25T16:23:50+00:00,14.5,demon,pre_game,2026-09-25T11:42:51.824-04:00
3570,prizepicks,15191474,2026-09-25T16:23:50+00:00,14.5,demon,pre_game,2026-09-25T11:43:17.748-04:00
3571,prizepicks,15191454,2026-09-25T16:23:50+00:00,13.5,goblin,pre_game,2026-09-25T11:42:51.824-04:00
3572,prizepicks,15191457,2026-09-25T16:23:50+00:00,13.5,goblin,pre_game,2026-09-25T11:43:17.748-04:00
3573,prizepicks,15191465,2026-09-25T16:23:50+00:00,13.5,standard,pre_game,2026-09-25T11:42:51.824-04:00
3574,prizepicks,15191469,2026-09-25T16:23:50+00:00,13.5,standard,pre_game,2026-09-25T11:43:17.748-04:00
3575,prizepicks,15191466,2026-09-25T16:23:50+00:00,12.5,goblin,pre_game,2026-09-25T11:42:51.824-04:00
3576,prizepicks,15191470,2026-09-25T16:23:50+00:00,12.5,goblin,pre_game,2026-09-25T11:43:17.748-04:00
3577,prizepicks,15191447,2026-09-25T16:23:50+00:00,9.5,standard,pre_game,2026-09-25T11:42:51.824-04:00
3578,prizepicks,15191459,2026-09-25T16:23:50+00:00,7.5,standard,pre_game,2026-09-25T11:42:51.824-04:00
3579,prizepicks,15191461,2026-09-25T16:23:50+00:00,7.5,standard,pre_game,2026-09-25T11:43:17.748-04:00
3580,prizepicks,15191464,2026-09-25T16:23:50+00:00,7.5,standard,pre_game,2026-09-25T11:42:51.824-04:00
3581,prizepicks,15191468,2026-09-25T16:23:50+00:00,7.5,standard,pre_game,2026-09-25T11:43:17.748-04:00
3582,prizepicks,14889444,2026-09-25T16:24:02+00:00,7.5,standard,pre_game,2026-09-23T23:18:35.181-04:00
3583,prizepicks,14893789,2026-09-25T16:24:02+00:00,90.5,standard,pre_game,2026-09-22T10:30:37.173-04:00
3584,prizepicks,14893790,2026-09-25T16:24:02+00:00,94.5,standard,pre_game,2026-09-20T20:06:51.078-04:00
3585,prizepicks,14893661,2026-09-25T16:24:02+00:00,29.5,standard,pre_game,2026-09-15T19:46:42.682-04:00
3586,prizepicks,14893662,2026-09-25T16:24:02+00:00,31.5,standard,pre_game,2026-09-15T19:45:18.094-04:00
3587,prizepicks,14893663,2026-09-25T16:24:02+00:00,26.5,standard,pre_game,2026-09-15T16:44:07.102-04:00
3588,prizepicks,14893664,2026-09-25T16:24:02+00:00,28.5,standard,pre_game,2026-09-15T16:44:07.102-04:00
3589,prizepicks,14893665,2026-09-25T16:24:02+00:00,31.0,standard,pre_game,2026-09-22T17:33:48.439-04:00
3590,prizepicks,14893666,2026-09-25T16:24:02+00:00,31.0,standard,pre_game,2026-09-16T20:06:33.663-04:00
3591,prizepicks,14893667,2026-09-25T16:24:02+00:00,33.5,standard,pre_game,2026-09-20T20:06:51.038-04:00
3592,prizepicks,14893668,2026-09-25T16:24:02+00:00,26.5,standard,pre_game,2026-09-15T16:43:58.006-04:00
3593,prizepicks,14893669,2026-09-25T16:24:02+00:00,29.5,standard,pre_game,2026-09-15T16:43:58.006-04:00
3594,prizepicks,14893670,2026-09-25T16:24:02+00:00,31.5,standard,pre_game,2026-09-15T16:43:58.006-04:00
3595,prizepicks,14889445,2026-09-25T16:24:02+00:00,7.5,standard,pre_game,2026-09-15T16:44:20.483-04:00
3596,prizepicks,14893792,2026-09-25T16:24:02+00:00,59.5,standard,pre_game,2026-09-24T23:29:52.674-04:00
3597,prizepicks,14893672,2026-09-25T16:24:02+00:00,31.5,standard,pre_game,2026-09-23T23:59:58.956-04:00
3598,prizepicks,14893673,2026-09-25T16:24:02+00:00,35.5,standard,pre_game,2026-09-15T19:40:42.526-04:00
3599,prizepicks,14893674,2026-09-25T16:24:02+00:00,29.0,standard,pre_game,2026-09-22T20:26:53.680-04:00
3600,prizepicks,14893675,2026-09-25T16:24:02+00:00,32.5,standard,pre_game,2026-09-15T16:44:20.483-04:00
3601,prizepicks,14893676,2026-09-25T16:24:02+00:00,25.5,standard,pre_game,2026-09-15T19:44:24.606-04:00
3602,prizepicks,14893677,2026-09-25T16:24:02+00:00,34.5,standard,pre_game,2026-09-15T16:49:04.005-04:00
3603,prizepicks,14893678,2026-09-25T16:24:02+00:00,28.0,standard,pre_game,2026-09-15T19:41:03.824-04:00
3604,prizepicks,14893679,2026-09-25T16:24:02+00:00,28.5,standard,pre_game,2026-09-15T19:45:36.562-04:00
3605,prizepicks,14893680,2026-09-25T16:24:02+00:00,25.5,standard,pre_game,2026-09-15T16:48:36.355-04:00
3606,prizepicks,14889446,2026-09-25T16:24:02+00:00,8.5,standard,pre_game,2026-09-15T16:44:41.745-04:00
3607,prizepicks,14893793,2026-09-25T16:24:02+00:00,90.5,standard,pre_game,2026-09-15T16:44:41.745-04:00
3608,prizepicks,14893794,2026-09-25T16:24:02+00:00,62.0,standard,pre_game,2026-09-25T11:19:42.741-04:00
3609,prizepicks,14893681,2026-09-25T16:24:02+00:00,31.0,standard,pre_game,2026-09-24T23:29:08.801-04:00
3610,prizepicks,14893682,2026-09-25T16:24:02+00:00,28.5,standard,pre_game,2026-09-15T19:41:39.730-04:00
3611,prizepicks,14893683,2026-09-25T16:24:02+00:00,31.5,standard,pre_game,2026-09-15T16:44:41.745-04:00
3612,prizepicks,14893684,2026-09-25T16:24:02+00:00,28.0,standard,pre_game,2026-09-15T16:44:41.745-04:00
3613,prizepicks,14893685,2026-09-25T16:24:02+00:00,32.0,standard,pre_game,2026-09-16T20:05:48.179-04:00
3614,prizepicks,14893686,2026-09-25T16:24:02+00:00,24.5,standard,pre_game,2026-09-16T20:04:56.117-04:00
3615,prizepicks,14893687,2026-09-25T16:24:02+00:00,32.0,standard,pre_game,2026-09-22T17:33:27.384-04:00
3616,prizepicks,14893688,2026-09-25T16:24:02+00:00,25.5,standard,pre_game,2026-09-15T16:44:48.797-04:00
3617,prizepicks,14893689,2026-09-25T16:24:02+00:00,31.5,standard,pre_game,2026-09-25T11:19:42.694-04:00
3618,prizepicks,14893690,2026-09-25T16:24:02+00:00,27.5,standard,pre_game,2026-09-15T16:48:12.189-04:00
3619,prizepicks,14889447,2026-09-25T16:24:02+00:00,7.5,standard,pre_game,2026-09-15T16:45:43.494-04:00
3620,prizepicks,14893795,2026-09-25T16:24:02+00:00,88.0,standard,pre_game,2026-09-21T02:33:55.383-04:00
3621,prizepicks,14893796,2026-09-25T16:24:02+00:00,54.0,standard,pre_game,2026-09-15T16:45:28.279-04:00
3622,prizepicks,14893691,2026-09-25T16:24:02+00:00,28.5,standard,pre_game,2026-09-15T19:42:02.481-04:00
3623,prizepicks,14893692,2026-09-25T16:24:02+00:00,24.0,standard,pre_game,2026-09-22T17:34:17.243-04:00
3624,prizepicks,14893693,2026-09-25T16:24:02+00:00,27.5,standard,pre_game,2026-09-15T16:45:28.279-04:00
3625,prizepicks,14893694,2026-09-25T16:24:02+00:00,31.5,standard,pre_game,2026-09-15T16:45:28.279-04:00
3626,prizepicks,14893695,2026-09-25T16:24:02+00:00,26.5,standard,pre_game,2026-09-15T16:45:28.279-04:00
3627,prizepicks,14893696,2026-09-25T16:24:02+00:00,27.5,standard,pre_game,2026-09-15T16:45:43.494-04:00
3628,prizepicks,14893697,2026-09-25T16:24:02+00:00,29.5,standard,pre_game,2026-09-15T16:45:43.494-04:00
3629,prizepicks,14893698,2026-09-25T16:24:02+00:00,31.0,standard,pre_game,2026-09-21T02:33:55.336-04:00
3630,prizepicks,14893699,2026-09-25T16:24:02+00:00,26.5,standard,pre_game,2026-09-15T16:45:43.494-04:00
3631,prizepicks,14893700,2026-09-25T16:24:02+00:00,33.5,standard,pre_game,2026-09-15T16:45:43.494-04:00
3632,prizepicks,15193939,2026-09-25T16:24:02+00:00,91.0,standard,pre_game,2026-09-24T11:52:08.332-04:00
3633,prizepicks,15193940,2026-09-25T16:24:02+00:00,61.0,standard,pre_game,2026-09-24T11:52:08.332-04:00
3634,prizepicks,15193848,2026-09-25T16:24:02+00:00,29.5,standard,pre_game,2026-09-24T11:52:08.332-04:00
3635,prizepicks,15193851,2026-09-25T16:24:02+00:00,29.5,standard,pre_game,2026-09-24T11:52:08.332-04:00
3636,prizepicks,15193853,2026-09-25T16:24:02+00:00,30.5,standard,pre_game,2026-09-24T11:52:08.332-04:00
3637,prizepicks,15193854,2026-09-25T16:24:02+00:00,31.5,standard,pre_game,2026-09-24T11:52:08.332-04:00
3638,prizepicks,15193855,2026-09-25T16:24:02+00:00,29.5,standard,pre_game,2026-09-24T12:09:43.359-04:00
3639,prizepicks,15193856,2026-09-25T16:24:02+00:00,32.0,standard,pre_game,2026-09-24T11:52:08.332-04:00
3640,prizepicks,15193857,2026-09-25T16:24:02+00:00,28.5,standard,pre_game,2026-09-24T11:52:08.332-04:00
3641,prizepicks,15193858,2026-09-25T16:24:02+00:00,29.5,standard,pre_game,2026-09-24T11:52:08.332-04:00
3642,prizepicks,15193859,2026-09-25T16:24:02+00:00,29.5,standard,pre_game,2026-09-24T11:52:08.332-04:00
3643,prizepicks,15193860,2026-09-25T16:24:02+00:00,32.5,standard,pre_game,2026-09-24T12:13:30.387-04:00
3644,prizepicks,15193941,2026-09-25T16:24:02+00:00,93.0,standard,pre_game,2026-09-24T11:52:08.332-04:00
3645,prizepicks,15193861,2026-09-25T16:24:02+00:00,23.5,standard,pre_game,2026-09-24T11:52:08.332-04:00
3646,prizepicks,15193862,2026-09-25T16:24:02+00:00,32.5,standard,pre_game,2026-09-24T23:30:31.801-04:00
3647,prizepicks,15193863,2026-09-25T16:24:02+00:00,26.0,standard,pre_game,2026-09-24T11:52:08.332-04:00
3648,prizepicks,15193864,2026-09-25T16:24:02+00:00,30.5,standard,pre_game,2026-09-24T11:52:08.332-04:00
3649,prizepicks,15193865,2026-09-25T16:24:02+00:00,24.5,standard,pre_game,2026-09-24T11:52:08.332-04:00
3650,prizepicks,15193866,2026-09-25T16:24:02+00:00,31.5,standard,pre_game,2026-09-24T11:52:08.332-04:00
3651,prizepicks,15193867,2026-09-25T16:24:02+00:00,27.5,standard,pre_game,2026-09-24T11:52:08.332-04:00
3652,prizepicks,15193868,2026-09-25T16:24:02+00:00,25.5,standard,pre_game,2026-09-24T11:52:08.332-04:00
3653,prizepicks,15193869,2026-09-25T16:24:02+00:00,34.0,standard,pre_game,2026-09-24T11:52:08.332-04:00
3654,prizepicks,15198016,2026-09-25T16:29:29+00:00,33.5,standard,pre_game,2026-09-25T10:58:53.581-04:00
3655,prizepicks,15198017,2026-09-25T16:29:29+00:00,28.5,standard,pre_game,2026-09-25T10:58:53.525-04:00
3656,prizepicks,15198018,2026-09-25T16:29:29+00:00,22.5,standard,pre_game,2026-09-24T22:27:48.005-04:00
3657,prizepicks,15198019,2026-09-25T16:29:29+00:00,18.5,standard,pre_game,2026-09-24T22:27:11.430-04:00
3658,prizepicks,15198571,2026-09-25T16:29:29+00:00,10.5,demon,pre_game,2026-09-24T14:57:03.486-04:00
3659,prizepicks,15197798,2026-09-25T16:29:29+00:00,8.5,standard,pre_game,2026-09-24T14:44:03.407-04:00
3660,prizepicks,15198572,2026-09-25T16:29:29+00:00,6.5,goblin,pre_game,2026-09-24T14:57:03.740-04:00
3661,prizepicks,15198493,2026-09-25T16:29:29+00:00,14.5,demon,pre_game,2026-09-24T14:52:23.507-04:00
3662,prizepicks,15197799,2026-09-25T16:29:29+00:00,12.5,standard,pre_game,2026-09-24T14:44:03.407-04:00
3663,prizepicks,15198494,2026-09-25T16:29:29+00:00,10.5,goblin,pre_game,2026-09-24T14:52:23.597-04:00
3664,prizepicks,15198799,2026-09-25T16:29:29+00:00,14.5,demon,pre_game,2026-09-24T15:04:31.551-04:00
3665,prizepicks,15197800,2026-09-25T16:29:29+00:00,12.5,standard,pre_game,2026-09-25T10:58:49.887-04:00
3666,prizepicks,15198800,2026-09-25T16:29:29+00:00,8.5,goblin,pre_game,2026-09-24T15:04:31.614-04:00
3667,prizepicks,15198842,2026-09-25T16:29:29+00:00,18.5,demon,pre_game,2026-09-24T15:06:07.578-04:00
3668,prizepicks,15197801,2026-09-25T16:29:29+00:00,15.5,standard,pre_game,2026-09-24T14:44:03.407-04:00
3669,prizepicks,15198843,2026-09-25T16:29:29+00:00,12.5,goblin,pre_game,2026-09-24T15:06:07.652-04:00
3670,prizepicks,15197973,2026-09-25T16:29:29+00:00,2.5,demon,pre_game,2026-09-24T14:44:03.407-04:00
3671,prizepicks,15198729,2026-09-25T16:29:29+00:00,9.5,demon,pre_game,2026-09-24T15:01:02.182-04:00
3672,prizepicks,15197803,2026-09-25T16:29:29+00:00,7.0,standard,pre_game,2026-09-24T17:10:44.778-04:00
3673,prizepicks,15198730,2026-09-25T16:29:29+00:00,5.5,goblin,pre_game,2026-09-24T15:01:02.257-04:00
3674,prizepicks,15198488,2026-09-25T16:29:29+00:00,9.5,demon,pre_game,2026-09-24T14:51:33.359-04:00
3675,prizepicks,15197804,2026-09-25T16:29:29+00:00,7.0,standard,pre_game,2026-09-24T22:27:40.342-04:00
3676,prizepicks,15198489,2026-09-25T16:29:29+00:00,5.5,goblin,pre_game,2026-09-24T14:51:33.416-04:00
3677,prizepicks,15198468,2026-09-25T16:29:29+00:00,11.5,demon,pre_game,2026-09-24T15:52:25.506-04:00
3678,prizepicks,15197805,2026-09-25T16:29:29+00:00,8.5,standard,pre_game,2026-09-24T15:48:00.789-04:00
3679,prizepicks,15198469,2026-09-25T16:29:29+00:00,5.5,goblin,pre_game,2026-09-24T15:52:28.245-04:00
3680,prizepicks,15198922,2026-09-25T16:29:29+00:00,13.5,demon,pre_game,2026-09-24T15:07:35.389-04:00
3681,prizepicks,15197806,2026-09-25T16:29:29+00:00,10.0,standard,pre_game,2026-09-24T22:27:11.373-04:00
3682,prizepicks,15198923,2026-09-25T16:29:29+00:00,7.5,goblin,pre_game,2026-09-24T15:07:35.441-04:00
3683,prizepicks,15197990,2026-09-25T16:29:29+00:00,1.5,goblin,pre_game,2026-09-24T14:43:54.424-04:00
3684,prizepicks,15201749,2026-09-25T16:29:41+00:00,25.5,standard,pre_game,2026-09-24T17:10:38.524-04:00
3685,prizepicks,15201750,2026-09-25T16:29:41+00:00,28.5,standard,pre_game,2026-09-24T17:10:38.524-04:00
3686,prizepicks,15201751,2026-09-25T16:29:41+00:00,31.5,standard,pre_game,2026-09-24T17:10:38.524-04:00
3687,prizepicks,15201752,2026-09-25T16:29:41+00:00,31.0,standard,pre_game,2026-09-25T10:22:11.669-04:00
3688,prizepicks,15201753,2026-09-25T16:29:41+00:00,30.5,standard,pre_game,2026-09-24T23:25:28.973-04:00
3689,prizepicks,15201754,2026-09-25T16:29:41+00:00,26.5,standard,pre_game,2026-09-25T10:37:39.364-04:00
3690,prizepicks,15201755,2026-09-25T16:29:41+00:00,29.5,standard,pre_game,2026-09-24T17:10:43.484-04:00
3691,prizepicks,15201756,2026-09-25T16:29:41+00:00,28.5,standard,pre_game,2026-09-24T17:10:43.484-04:00
3692,prizepicks,15201757,2026-09-25T16:29:41+00:00,23.5,standard,pre_game,2026-09-24T17:10:43.484-04:00
3693,prizepicks,15201758,2026-09-25T16:29:41+00:00,27.5,standard,pre_game,2026-09-24T23:13:21.402-04:00
3694,prizepicks,15201759,2026-09-25T16:29:41+00:00,15.5,standard,pre_game,2026-09-25T08:56:39.753-04:00
3695,prizepicks,15201761,2026-09-25T16:29:41+00:00,16.5,standard,pre_game,2026-09-24T17:10:38.524-04:00
3696,prizepicks,15201762,2026-09-25T16:29:41+00:00,16.0,standard,pre_game,2026-09-25T10:22:11.602-04:00
3697,prizepicks,15201763,2026-09-25T16:29:41+00:00,15.0,standard,pre_game,2026-09-24T17:10:38.524-04:00
3698,prizepicks,15201764,2026-09-25T16:29:41+00:00,16.5,standard,pre_game,2026-09-24T23:24:46.106-04:00
3699,prizepicks,15201765,2026-09-25T16:29:41+00:00,16.5,standard,pre_game,2026-09-24T17:10:43.484-04:00
3700,prizepicks,15201766,2026-09-25T16:29:41+00:00,17.5,standard,pre_game,2026-09-24T17:10:43.484-04:00
3701,prizepicks,15201767,2026-09-25T16:29:41+00:00,11.5,standard,pre_game,2026-09-24T17:10:43.484-04:00
3702,prizepicks,15201768,2026-09-25T16:29:41+00:00,10.5,standard,pre_game,2026-09-24T23:24:04.107-04:00
3703,prizepicks,15194610,2026-09-25T16:29:41+00:00,15.5,standard,pre_game,2026-09-25T11:36:54.669-04:00
3704,prizepicks,15194611,2026-09-25T16:29:41+00:00,15.0,standard,pre_game,2026-09-25T11:36:54.669-04:00
3705,prizepicks,15194612,2026-09-25T16:29:41+00:00,14.0,standard,pre_game,2026-09-25T11:36:54.669-04:00
3706,prizepicks,15194613,2026-09-25T16:29:41+00:00,14.0,standard,pre_game,2026-09-25T11:36:54.669-04:00
3707,prizepicks,15194614,2026-09-25T16:29:41+00:00,13.5,standard,pre_game,2026-09-25T11:36:54.669-04:00
3708,prizepicks,15194615,2026-09-25T16:29:41+00:00,15.0,standard,pre_game,2026-09-25T11:36:54.669-04:00
3709,prizepicks,15194616,2026-09-25T16:29:41+00:00,15.0,standard,pre_game,2026-09-25T11:36:54.669-04:00
3710,prizepicks,15194617,2026-09-25T16:29:41+00:00,14.5,standard,pre_game,2026-09-25T11:36:54.669-04:00
3711,prizepicks,15194618,2026-09-25T16:29:41+00:00,14.5,standard,pre_game,2026-09-25T11:36:54.669-04:00
3712,prizepicks,15194619,2026-09-25T16:29:41+00:00,13.5,standard,pre_game,2026-09-25T11:36:54.669-04:00
3713,prizepicks,15194620,2026-09-25T16:29:41+00:00,4.5,standard,pre_game,2026-09-25T11:36:54.669-04:00
3714,prizepicks,15194621,2026-09-25T16:29:41+00:00,9.0,standard,pre_game,2026-09-25T11:36:54.669-04:00
3715,prizepicks,15194622,2026-09-25T16:29:41+00:00,8.0,standard,pre_game,2026-09-25T11:36:54.669-04:00
3716,prizepicks,15194623,2026-09-25T16:29:41+00:00,8.0,standard,pre_game,2026-09-25T11:36:54.669-04:00
3717,prizepicks,15194624,2026-09-25T16:29:41+00:00,7.5,standard,pre_game,2026-09-25T11:36:54.669-04:00
3718,prizepicks,15194625,2026-09-25T16:29:41+00:00,6.0,standard,pre_game,2026-09-25T11:36:54.669-04:00
3719,prizepicks,15194626,2026-09-25T16:29:41+00:00,8.5,standard,pre_game,2026-09-25T11:36:54.669-04:00
3720,prizepicks,15194627,2026-09-25T16:29:41+00:00,7.5,standard,pre_game,2026-09-25T11:36:54.669-04:00
3721,prizepicks,15194628,2026-09-25T16:29:41+00:00,8.5,standard,pre_game,2026-09-25T11:36:54.669-04:00
3722,prizepicks,15194629,2026-09-25T16:29:41+00:00,8.0,standard,pre_game,2026-09-25T11:36:54.669-04:00
3723,prizepicks,15195630,2026-09-25T16:29:41+00:00,14.0,standard,pre_game,2026-09-25T12:05:13.588-04:00
3724,prizepicks,15195631,2026-09-25T16:29:41+00:00,15.5,standard,pre_game,2026-09-25T12:05:13.588-04:00
3725,prizepicks,15195632,2026-09-25T16:29:41+00:00,15.5,standard,pre_game,2026-09-25T12:05:13.588-04:00
3726,prizepicks,15195633,2026-09-25T16:29:41+00:00,15.5,standard,pre_game,2026-09-25T12:05:13.588-04:00
3727,prizepicks,15195634,2026-09-25T16:29:41+00:00,12.5,standard,pre_game,2026-09-25T12:05:13.588-04:00
3728,prizepicks,15195635,2026-09-25T16:29:41+00:00,8.0,standard,pre_game,2026-09-25T12:05:13.588-04:00
3729,prizepicks,15195636,2026-09-25T16:29:41+00:00,5.0,standard,pre_game,2026-09-25T12:05:13.588-04:00
3730,prizepicks,15195637,2026-09-25T16:29:41+00:00,10.5,standard,pre_game,2026-09-25T12:05:13.588-04:00
3731,prizepicks,15195638,2026-09-25T16:29:41+00:00,9.0,standard,pre_game,2026-09-25T12:05:13.588-04:00
3732,prizepicks,15195639,2026-09-25T16:29:41+00:00,6.5,standard,pre_game,2026-09-25T12:05:13.588-04:00
3733,prizepicks,15195194,2026-09-25T16:29:41+00:00,32.5,standard,pre_game,2026-09-25T10:37:27.068-04:00
3734,prizepicks,15195199,2026-09-25T16:29:41+00:00,18.5,standard,pre_game,2026-09-24T16:03:39.591-04:00
3735,prizepicks,15195195,2026-09-25T16:29:41+00:00,29.5,standard,pre_game,2026-09-25T10:38:00.614-04:00
3736,prizepicks,15195200,2026-09-25T16:29:41+00:00,10.5,standard,pre_game,2026-09-24T16:03:50.068-04:00
3737,prizepicks,15195196,2026-09-25T16:29:41+00:00,29.0,standard,pre_game,2026-09-24T16:00:17.673-04:00
3738,prizepicks,15195201,2026-09-25T16:29:41+00:00,19.5,standard,pre_game,2026-09-24T16:03:44.540-04:00
3739,prizepicks,15195197,2026-09-25T16:29:41+00:00,28.5,standard,pre_game,2026-09-24T16:03:25.772-04:00
3740,prizepicks,15195202,2026-09-25T16:29:41+00:00,12.5,standard,pre_game,2026-09-24T16:03:25.821-04:00
3741,prizepicks,15195198,2026-09-25T16:29:41+00:00,26.5,standard,pre_game,2026-09-24T16:03:34.024-04:00
3742,prizepicks,15195203,2026-09-25T16:29:41+00:00,14.5,standard,pre_game,2026-09-24T16:03:34.066-04:00
3743,prizepicks,15200440,2026-09-25T16:29:41+00:00,31.0,standard,pre_game,2026-09-24T15:56:45.350-04:00
3744,prizepicks,15200441,2026-09-25T16:29:41+00:00,30.5,standard,pre_game,2026-09-24T23:25:56.856-04:00
3745,prizepicks,15200442,2026-09-25T16:29:41+00:00,31.5,standard,pre_game,2026-09-24T21:15:57.398-04:00
3746,prizepicks,15200443,2026-09-25T16:29:41+00:00,28.0,standard,pre_game,2026-09-24T15:56:45.350-04:00
3747,prizepicks,15200444,2026-09-25T16:29:41+00:00,27.5,standard,pre_game,2026-09-24T15:56:45.350-04:00
3748,prizepicks,15200445,2026-09-25T16:29:41+00:00,29.0,standard,pre_game,2026-09-25T00:54:13.968-04:00
3749,prizepicks,15200446,2026-09-25T16:29:41+00:00,28.5,standard,pre_game,2026-09-25T10:38:10.875-04:00
3750,prizepicks,15200447,2026-09-25T16:29:41+00:00,28.5,standard,pre_game,2026-09-24T15:56:49.989-04:00
3751,prizepicks,15200448,2026-09-25T16:29:41+00:00,27.0,standard,pre_game,2026-09-24T15:56:49.989-04:00
3752,prizepicks,15200449,2026-09-25T16:29:41+00:00,25.0,standard,pre_game,2026-09-25T00:52:09.885-04:00
3753,prizepicks,15200450,2026-09-25T16:29:41+00:00,18.5,standard,pre_game,2026-09-24T15:56:45.350-04:00
3754,prizepicks,15200451,2026-09-25T16:29:41+00:00,12.0,standard,pre_game,2026-09-24T23:26:21.751-04:00
3755,prizepicks,15200452,2026-09-25T16:29:41+00:00,18.0,standard,pre_game,2026-09-24T15:56:45.350-04:00
3756,prizepicks,15200453,2026-09-25T16:29:41+00:00,15.5,standard,pre_game,2026-09-24T21:17:00.442-04:00
3757,prizepicks,15200454,2026-09-25T16:29:41+00:00,15.0,standard,pre_game,2026-09-24T15:56:45.350-04:00
3758,prizepicks,15200455,2026-09-25T16:29:41+00:00,11.0,standard,pre_game,2026-09-24T15:56:49.989-04:00
3759,prizepicks,15200456,2026-09-25T16:29:41+00:00,14.0,standard,pre_game,2026-09-24T15:56:49.989-04:00
3760,prizepicks,15200457,2026-09-25T16:29:41+00:00,14.5,standard,pre_game,2026-09-24T15:56:49.989-04:00
3761,prizepicks,15200458,2026-09-25T16:29:41+00:00,14.5,standard,pre_game,2026-09-24T15:56:49.989-04:00
3762,prizepicks,15200459,2026-09-25T16:29:41+00:00,13.0,standard,pre_game,2026-09-24T23:38:48.109-04:00
3763,prizepicks,15194506,2026-09-25T16:29:41+00:00,32.5,standard,pre_game,2026-09-25T10:37:47.460-04:00
3764,prizepicks,15194507,2026-09-25T16:29:41+00:00,30.5,standard,pre_game,2026-09-25T10:41:55.817-04:00
3765,prizepicks,15194508,2026-09-25T16:29:41+00:00,28.5,standard,pre_game,2026-09-25T08:51:26.150-04:00
3766,prizepicks,15194509,2026-09-25T16:29:41+00:00,28.5,standard,pre_game,2026-09-25T08:51:26.150-04:00
3767,prizepicks,15194510,2026-09-25T16:29:41+00:00,27.0,standard,pre_game,2026-09-25T08:51:26.150-04:00
3768,prizepicks,15194511,2026-09-25T16:29:41+00:00,29.0,standard,pre_game,2026-09-25T08:51:26.150-04:00
3769,prizepicks,15194512,2026-09-25T16:29:41+00:00,27.5,standard,pre_game,2026-09-25T08:51:26.150-04:00
3770,prizepicks,15194513,2026-09-25T16:29:41+00:00,27.5,standard,pre_game,2026-09-25T08:51:26.150-04:00
3771,prizepicks,15194514,2026-09-25T16:29:41+00:00,26.5,standard,pre_game,2026-09-25T08:51:26.150-04:00
3772,prizepicks,15194515,2026-09-25T16:29:41+00:00,25.0,standard,pre_game,2026-09-25T08:51:26.150-04:00
3773,prizepicks,15194516,2026-09-25T16:29:41+00:00,21.0,standard,pre_game,2026-09-25T08:51:26.150-04:00
3774,prizepicks,15194517,2026-09-25T16:29:41+00:00,12.5,standard,pre_game,2026-09-25T08:51:26.150-04:00
3775,prizepicks,15194518,2026-09-25T16:29:41+00:00,17.5,standard,pre_game,2026-09-25T08:51:26.150-04:00
3776,prizepicks,15194519,2026-09-25T16:29:41+00:00,18.0,standard,pre_game,2026-09-25T08:51:26.150-04:00
3777,prizepicks,15194520,2026-09-25T16:29:41+00:00,16.0,standard,pre_game,2026-09-25T08:51:26.150-04:00
3778,prizepicks,15194521,2026-09-25T16:29:41+00:00,16.0,standard,pre_game,2026-09-25T08:51:26.150-04:00
3779,prizepicks,15194522,2026-09-25T16:29:41+00:00,13.5,standard,pre_game,2026-09-25T08:51:26.150-04:00
3780,prizepicks,15194523,2026-09-25T16:29:41+00:00,14.5,standard,pre_game,2026-09-25T08:51:26.150-04:00
3781,prizepicks,15194524,2026-09-25T16:29:41+00:00,9.5,standard,pre_game,2026-09-25T08:51:26.150-04:00
3782,prizepicks,15194525,2026-09-25T16:29:41+00:00,13.0,standard,pre_game,2026-09-25T08:51:26.150-04:00
3783,prizepicks,15213092,2026-09-25T16:29:41+00:00,32.5,standard,pre_game,2026-09-25T00:19:28.750-04:00
3784,prizepicks,15213093,2026-09-25T16:29:41+00:00,27.5,standard,pre_game,2026-09-25T12:08:38.297-04:00
3785,prizepicks,15213095,2026-09-25T16:29:41+00:00,32.5,standard,pre_game,2026-09-25T00:19:28.750-04:00
3786,prizepicks,15213096,2026-09-25T16:29:41+00:00,28.5,standard,pre_game,2026-09-25T01:41:45.351-04:00
3787,prizepicks,15213097,2026-09-25T16:29:41+00:00,17.5,standard,pre_game,2026-09-25T00:19:28.750-04:00
3788,prizepicks,15213098,2026-09-25T16:29:41+00:00,16.0,standard,pre_game,2026-09-25T12:27:03.431-04:00
3789,prizepicks,15213100,2026-09-25T16:29:41+00:00,10.5,standard,pre_game,2026-09-25T00:19:28.750-04:00
3790,prizepicks,15213101,2026-09-25T16:29:41+00:00,15.5,standard,pre_game,2026-09-25T00:19:28.750-04:00
3791,prizepicks,15192251,2026-09-25T16:29:41+00:00,12.5,standard,pre_game,2026-09-24T11:19:41.642-04:00
3792,prizepicks,15192252,2026-09-25T16:29:41+00:00,15.5,standard,pre_game,2026-09-24T11:19:41.642-04:00
3793,prizepicks,15192253,2026-09-25T16:29:41+00:00,11.5,standard,pre_game,2026-09-24T11:19:41.642-04:00
3794,prizepicks,15192254,2026-09-25T16:29:41+00:00,15.5,standard,pre_game,2026-09-24T11:19:41.642-04:00
3795,prizepicks,15192255,2026-09-25T16:29:41+00:00,17.5,standard,pre_game,2026-09-24T11:19:41.642-04:00
3796,prizepicks,15192256,2026-09-25T16:29:41+00:00,17.0,standard,pre_game,2026-09-24T11:19:54.746-04:00
3797,prizepicks,15192257,2026-09-25T16:29:41+00:00,13.5,standard,pre_game,2026-09-24T11:19:54.746-04:00
3798,prizepicks,15192258,2026-09-25T16:29:41+00:00,16.5,standard,pre_game,2026-09-24T11:19:54.746-04:00
3799,prizepicks,15192260,2026-09-25T16:29:41+00:00,17.0,standard,pre_game,2026-09-24T11:19:54.746-04:00
3800,prizepicks,15192241,2026-09-25T16:29:41+00:00,27.0,standard,pre_game,2026-09-24T11:19:41.642-04:00
3801,prizepicks,15192242,2026-09-25T16:29:41+00:00,28.0,standard,pre_game,2026-09-24T11:19:41.642-04:00
3802,prizepicks,15192243,2026-09-25T16:29:41+00:00,31.5,standard,pre_game,2026-09-24T11:19:41.642-04:00
3803,prizepicks,15192244,2026-09-25T16:29:41+00:00,27.5,standard,pre_game,2026-09-24T14:52:25.785-04:00
3804,prizepicks,15192245,2026-09-25T16:29:41+00:00,30.0,standard,pre_game,2026-09-24T17:26:02.563-04:00
3805,prizepicks,15192246,2026-09-25T16:29:41+00:00,27.0,standard,pre_game,2026-09-24T11:19:54.746-04:00
3806,prizepicks,15192247,2026-09-25T16:29:41+00:00,27.0,standard,pre_game,2026-09-24T11:19:54.746-04:00
3807,prizepicks,15192248,2026-09-25T16:29:41+00:00,31.5,standard,pre_game,2026-09-24T11:19:54.746-04:00
3808,prizepicks,15192249,2026-09-25T16:29:41+00:00,33.0,standard,pre_game,2026-09-24T17:25:31.089-04:00
3809,prizepicks,15192250,2026-09-25T16:29:41+00:00,29.5,standard,pre_game,2026-09-24T11:19:54.746-04:00
3810,prizepicks,15194526,2026-09-25T16:29:41+00:00,33.0,standard,pre_game,2026-09-24T12:06:53.570-04:00
3811,prizepicks,15194527,2026-09-25T16:29:41+00:00,32.0,standard,pre_game,2026-09-24T12:06:53.570-04:00
3812,prizepicks,15194528,2026-09-25T16:29:41+00:00,28.0,standard,pre_game,2026-09-24T12:06:53.570-04:00
3813,prizepicks,15194529,2026-09-25T16:29:41+00:00,28.0,standard,pre_game,2026-09-24T12:06:53.570-04:00
3814,prizepicks,15194530,2026-09-25T16:29:41+00:00,25.0,standard,pre_game,2026-09-24T14:08:32.752-04:00
3815,prizepicks,15194531,2026-09-25T16:29:41+00:00,31.5,standard,pre_game,2026-09-25T03:58:36.251-04:00
3816,prizepicks,15194532,2026-09-25T16:29:41+00:00,28.0,standard,pre_game,2026-09-24T12:06:59.211-04:00
3817,prizepicks,15194533,2026-09-25T16:29:41+00:00,28.0,standard,pre_game,2026-09-24T12:06:59.211-04:00
3818,prizepicks,15194534,2026-09-25T16:29:41+00:00,27.5,standard,pre_game,2026-09-24T12:06:59.211-04:00
3819,prizepicks,15194535,2026-09-25T16:29:41+00:00,27.0,standard,pre_game,2026-09-24T12:06:59.211-04:00
3820,prizepicks,15194538,2026-09-25T16:29:41+00:00,20.0,standard,pre_game,2026-09-24T12:06:53.570-04:00
3821,prizepicks,15194542,2026-09-25T16:29:41+00:00,17.0,standard,pre_game,2026-09-24T23:55:45.816-04:00
3822,prizepicks,15194543,2026-09-25T16:29:41+00:00,15.5,standard,pre_game,2026-09-24T12:06:53.570-04:00
3823,prizepicks,15194545,2026-09-25T16:29:41+00:00,10.0,standard,pre_game,2026-09-24T12:06:53.570-04:00
3824,prizepicks,15194546,2026-09-25T16:29:41+00:00,11.5,standard,pre_game,2026-09-24T17:25:11.251-04:00
3825,prizepicks,15194547,2026-09-25T16:29:41+00:00,16.5,standard,pre_game,2026-09-24T15:27:03.304-04:00
3826,prizepicks,15194548,2026-09-25T16:29:41+00:00,15.0,standard,pre_game,2026-09-24T12:06:59.211-04:00
3827,prizepicks,15194549,2026-09-25T16:29:41+00:00,9.5,standard,pre_game,2026-09-24T12:06:59.211-04:00
3828,prizepicks,15194550,2026-09-25T16:29:41+00:00,15.0,standard,pre_game,2026-09-24T12:06:59.211-04:00
3829,prizepicks,15194551,2026-09-25T16:29:41+00:00,17.0,standard,pre_game,2026-09-24T12:06:59.211-04:00
3830,prizepicks,15194630,2026-09-25T16:29:41+00:00,16.0,standard,pre_game,2026-09-25T08:51:34.506-04:00
3831,prizepicks,15194631,2026-09-25T16:29:41+00:00,15.0,standard,pre_game,2026-09-25T10:41:53.569-04:00
3832,prizepicks,15194632,2026-09-25T16:29:41+00:00,14.5,standard,pre_game,2026-09-25T08:51:34.506-04:00
3833,prizepicks,15194633,2026-09-25T16:29:41+00:00,14.0,standard,pre_game,2026-09-25T08:51:34.506-04:00
3834,prizepicks,15194634,2026-09-25T16:29:41+00:00,13.5,standard,pre_game,2026-09-25T08:51:34.506-04:00
3835,prizepicks,15194635,2026-09-25T16:29:41+00:00,14.5,standard,pre_game,2026-09-25T08:51:34.506-04:00
3836,prizepicks,15194636,2026-09-25T16:29:41+00:00,13.5,standard,pre_game,2026-09-25T08:51:34.506-04:00
3837,prizepicks,15194637,2026-09-25T16:29:41+00:00,13.5,standard,pre_game,2026-09-25T08:51:34.506-04:00
3838,prizepicks,15194638,2026-09-25T16:29:41+00:00,13.0,standard,pre_game,2026-09-25T08:51:34.506-04:00
3839,prizepicks,15194639,2026-09-25T16:29:41+00:00,12.5,standard,pre_game,2026-09-25T08:51:34.506-04:00
3840,prizepicks,15194640,2026-09-25T16:29:41+00:00,10.0,standard,pre_game,2026-09-25T08:51:34.506-04:00
3841,prizepicks,15194641,2026-09-25T16:29:41+00:00,6.0,standard,pre_game,2026-09-25T08:51:34.506-04:00
3842,prizepicks,15194642,2026-09-25T16:29:41+00:00,8.5,standard,pre_game,2026-09-25T08:51:34.506-04:00
3843,prizepicks,15194643,2026-09-25T16:29:41+00:00,8.0,standard,pre_game,2026-09-25T08:51:34.506-04:00
3844,prizepicks,15194644,2026-09-25T16:29:41+00:00,8.0,standard,pre_game,2026-09-25T08:51:34.506-04:00
3845,prizepicks,15194645,2026-09-25T16:29:41+00:00,8.5,standard,pre_game,2026-09-25T08:51:34.506-04:00
3846,prizepicks,15194646,2026-09-25T16:29:41+00:00,6.5,standard,pre_game,2026-09-25T08:51:34.506-04:00
3847,prizepicks,15194647,2026-09-25T16:29:41+00:00,7.0,standard,pre_game,2026-09-25T08:51:34.506-04:00
3848,prizepicks,15194648,2026-09-25T16:29:41+00:00,4.5,standard,pre_game,2026-09-25T08:51:34.506-04:00
3849,prizepicks,15194649,2026-09-25T16:29:41+00:00,7.0,standard,pre_game,2026-09-25T08:51:34.506-04:00
3850,prizepicks,15200460,2026-09-25T16:29:41+00:00,32.0,standard,pre_game,2026-09-24T15:57:19.856-04:00
3851,prizepicks,15200461,2026-09-25T16:29:41+00:00,32.0,standard,pre_game,2026-09-24T15:57:19.856-04:00
3852,prizepicks,15200462,2026-09-25T16:29:41+00:00,29.5,standard,pre_game,2026-09-24T15:57:19.856-04:00
3853,prizepicks,15200463,2026-09-25T16:29:41+00:00,27.0,standard,pre_game,2026-09-24T15:57:19.856-04:00
3854,prizepicks,15200464,2026-09-25T16:29:41+00:00,27.0,standard,pre_game,2026-09-24T15:57:19.856-04:00
3855,prizepicks,15200465,2026-09-25T16:29:41+00:00,24.0,standard,pre_game,2026-09-24T16:15:19.996-04:00
3856,prizepicks,15200466,2026-09-25T16:29:41+00:00,25.0,standard,pre_game,2026-09-24T16:15:15.959-04:00
3857,prizepicks,15200467,2026-09-25T16:29:41+00:00,24.5,standard,pre_game,2026-09-24T23:12:21.975-04:00
3858,prizepicks,15200468,2026-09-25T16:29:41+00:00,25.5,standard,pre_game,2026-09-24T15:57:24.152-04:00
3859,prizepicks,15200469,2026-09-25T16:29:41+00:00,24.0,standard,pre_game,2026-09-24T15:57:24.152-04:00
3860,prizepicks,15200470,2026-09-25T16:29:41+00:00,11.0,standard,pre_game,2026-09-24T15:57:19.856-04:00
3861,prizepicks,15200471,2026-09-25T16:29:41+00:00,15.5,standard,pre_game,2026-09-24T15:57:19.856-04:00
3862,prizepicks,15200472,2026-09-25T16:29:41+00:00,17.5,standard,pre_game,2026-09-24T15:57:19.856-04:00
3863,prizepicks,15200473,2026-09-25T16:29:41+00:00,14.5,standard,pre_game,2026-09-24T15:57:19.856-04:00
3864,prizepicks,15200474,2026-09-25T16:29:41+00:00,13.5,standard,pre_game,2026-09-24T15:57:19.856-04:00
3865,prizepicks,15200475,2026-09-25T16:29:41+00:00,15.0,standard,pre_game,2026-09-24T22:41:32.110-04:00
3866,prizepicks,15200476,2026-09-25T16:29:41+00:00,14.5,standard,pre_game,2026-09-24T15:57:24.152-04:00
3867,prizepicks,15200477,2026-09-25T16:29:41+00:00,15.5,standard,pre_game,2026-09-25T11:18:38.932-04:00
3868,prizepicks,15200478,2026-09-25T16:29:41+00:00,9.5,standard,pre_game,2026-09-24T15:57:24.152-04:00
3869,prizepicks,15200479,2026-09-25T16:29:41+00:00,12.0,standard,pre_game,2026-09-24T15:57:24.152-04:00
3870,prizepicks,15198653,2026-09-25T16:29:41+00:00,32.5,standard,pre_game,2026-09-24T15:14:09.253-04:00
3871,prizepicks,15198663,2026-09-25T16:29:41+00:00,19.0,standard,pre_game,2026-09-24T21:14:41.428-04:00
3872,prizepicks,15198654,2026-09-25T16:29:41+00:00,30.5,standard,pre_game,2026-09-24T15:09:32.851-04:00
3873,prizepicks,15198664,2026-09-25T16:29:41+00:00,14.5,standard,pre_game,2026-09-24T15:09:32.851-04:00
3874,prizepicks,15198655,2026-09-25T16:29:41+00:00,29.0,standard,pre_game,2026-09-24T15:09:32.851-04:00
3875,prizepicks,15198665,2026-09-25T16:29:41+00:00,10.5,standard,pre_game,2026-09-24T15:09:32.851-04:00
3876,prizepicks,15198656,2026-09-25T16:29:41+00:00,29.0,standard,pre_game,2026-09-24T15:09:32.851-04:00
3877,prizepicks,15198666,2026-09-25T16:29:41+00:00,16.5,standard,pre_game,2026-09-24T15:09:32.851-04:00
3878,prizepicks,15198657,2026-09-25T16:29:41+00:00,26.0,standard,pre_game,2026-09-24T15:09:32.851-04:00
3879,prizepicks,15198667,2026-09-25T16:29:41+00:00,13.0,standard,pre_game,2026-09-24T15:09:32.851-04:00
3880,prizepicks,15198658,2026-09-25T16:29:41+00:00,27.5,standard,pre_game,2026-09-24T15:09:38.410-04:00
3881,prizepicks,15198668,2026-09-25T16:29:41+00:00,9.5,standard,pre_game,2026-09-24T15:09:38.410-04:00
3882,prizepicks,15198659,2026-09-25T16:29:41+00:00,26.5,standard,pre_game,2026-09-25T01:53:52.670-04:00
3883,prizepicks,15198669,2026-09-25T16:29:41+00:00,13.0,standard,pre_game,2026-09-24T23:11:22.405-04:00
3884,prizepicks,15198660,2026-09-25T16:29:41+00:00,26.0,standard,pre_game,2026-09-24T15:09:38.410-04:00
3885,prizepicks,15198670,2026-09-25T16:29:41+00:00,13.0,standard,pre_game,2026-09-24T15:09:38.410-04:00
3886,prizepicks,15198661,2026-09-25T16:29:41+00:00,26.0,standard,pre_game,2026-09-24T15:09:38.410-04:00
3887,prizepicks,15198671,2026-09-25T16:29:41+00:00,15.5,standard,pre_game,2026-09-24T15:09:38.410-04:00
3888,prizepicks,15198662,2026-09-25T16:29:41+00:00,24.0,standard,pre_game,2026-09-24T23:12:39.431-04:00
3889,prizepicks,15198672,2026-09-25T16:29:41+00:00,12.5,standard,pre_game,2026-09-24T16:16:44.278-04:00
3890,prizepicks,15212932,2026-09-25T16:29:41+00:00,16.5,demon,pre_game,2026-09-25T01:38:38.517-04:00
3891,prizepicks,15212935,2026-09-25T16:29:41+00:00,16.5,demon,pre_game,2026-09-25T01:38:30.160-04:00
3892,prizepicks,15212917,2026-09-25T16:29:41+00:00,15.5,demon,pre_game,2026-09-25T01:38:38.517-04:00
3893,prizepicks,15212920,2026-09-25T16:29:41+00:00,15.5,demon,pre_game,2026-09-25T01:38:30.160-04:00
3894,prizepicks,15212924,2026-09-25T16:29:41+00:00,15.5,demon,pre_game,2026-09-25T01:38:30.160-04:00
3895,prizepicks,15212931,2026-09-25T16:29:41+00:00,15.5,standard,pre_game,2026-09-25T01:38:38.517-04:00
3896,prizepicks,15212934,2026-09-25T16:29:41+00:00,15.5,standard,pre_game,2026-09-25T01:38:30.160-04:00
3897,prizepicks,15212916,2026-09-25T16:29:41+00:00,14.5,standard,pre_game,2026-09-25T01:38:38.517-04:00
3898,prizepicks,15212919,2026-09-25T16:29:41+00:00,14.5,standard,pre_game,2026-09-25T01:38:30.160-04:00
3899,prizepicks,15212933,2026-09-25T16:29:41+00:00,14.5,goblin,pre_game,2026-09-25T01:38:38.517-04:00
3900,prizepicks,15212936,2026-09-25T16:29:41+00:00,14.5,goblin,pre_game,2026-09-25T01:38:30.160-04:00
3901,prizepicks,15212918,2026-09-25T16:29:41+00:00,13.5,goblin,pre_game,2026-09-25T01:38:38.517-04:00
3902,prizepicks,15212921,2026-09-25T16:29:41+00:00,13.5,goblin,pre_game,2026-09-25T01:38:30.160-04:00
3903,prizepicks,15212922,2026-09-25T16:29:41+00:00,13.5,goblin,pre_game,2026-09-25T01:38:38.517-04:00
3904,prizepicks,15212923,2026-09-25T16:29:41+00:00,13.5,goblin,pre_game,2026-09-25T01:38:30.160-04:00
3905,prizepicks,15212905,2026-09-25T16:29:41+00:00,11.5,goblin,pre_game,2026-09-25T01:38:38.517-04:00
3906,prizepicks,15212907,2026-09-25T16:29:41+00:00,11.5,goblin,pre_game,2026-09-25T01:38:30.160-04:00
3907,prizepicks,15212904,2026-09-25T16:29:41+00:00,7.5,standard,pre_game,2026-09-25T08:56:27.543-04:00
3908,prizepicks,15212906,2026-09-25T16:29:41+00:00,7.5,standard,pre_game,2026-09-25T08:56:27.504-04:00
3909,prizepicks,15212980,2026-09-25T16:29:41+00:00,16.5,demon,pre_game,2026-09-25T01:43:27.356-04:00
3910,prizepicks,15212953,2026-09-25T16:29:41+00:00,15.5,demon,pre_game,2026-09-25T01:43:27.356-04:00
3911,prizepicks,15212960,2026-09-25T16:29:41+00:00,15.5,demon,pre_game,2026-09-25T01:40:48.704-04:00
3912,prizepicks,15212968,2026-09-25T16:29:41+00:00,15.5,demon,pre_game,2026-09-25T01:43:27.356-04:00
3913,prizepicks,15212974,2026-09-25T16:29:41+00:00,15.5,demon,pre_game,2026-09-25T01:40:48.704-04:00
3914,prizepicks,15212979,2026-09-25T16:29:41+00:00,15.5,standard,pre_game,2026-09-25T12:22:15.155-04:00
3915,prizepicks,15212997,2026-09-25T16:29:41+00:00,15.5,demon,pre_game,2026-09-25T01:40:48.704-04:00
3916,prizepicks,15212959,2026-09-25T16:29:41+00:00,14.5,standard,pre_game,2026-09-25T01:40:48.704-04:00
3917,prizepicks,15212967,2026-09-25T16:29:41+00:00,14.5,standard,pre_game,2026-09-25T01:43:27.356-04:00
3918,prizepicks,15212973,2026-09-25T16:29:41+00:00,14.5,standard,pre_game,2026-09-25T01:40:48.704-04:00
3919,prizepicks,15212981,2026-09-25T16:29:41+00:00,14.5,goblin,pre_game,2026-09-25T01:43:27.356-04:00
3920,prizepicks,15212996,2026-09-25T16:29:41+00:00,14.5,standard,pre_game,2026-09-25T01:40:48.704-04:00
3921,prizepicks,15212961,2026-09-25T16:29:41+00:00,13.5,goblin,pre_game,2026-09-25T01:40:48.704-04:00
3922,prizepicks,15212969,2026-09-25T16:29:41+00:00,13.5,goblin,pre_game,2026-09-25T01:43:27.356-04:00
3923,prizepicks,15212975,2026-09-25T16:29:41+00:00,13.5,goblin,pre_game,2026-09-25T01:40:48.704-04:00
3924,prizepicks,15212992,2026-09-25T16:29:41+00:00,13.5,demon,pre_game,2026-09-25T01:40:48.704-04:00
3925,prizepicks,15212998,2026-09-25T16:29:41+00:00,13.5,goblin,pre_game,2026-09-25T01:40:48.704-04:00
3926,prizepicks,15212991,2026-09-25T16:29:41+00:00,12.5,standard,pre_game,2026-09-25T12:22:15.132-04:00
3927,prizepicks,15212993,2026-09-25T16:29:41+00:00,11.5,goblin,pre_game,2026-09-25T01:40:48.704-04:00
3928,prizepicks,15212952,2026-09-25T16:29:41+00:00,7.5,standard,pre_game,2026-09-25T01:43:27.356-04:00
3929,prizepicks,15212958,2026-09-25T16:29:41+00:00,7.5,standard,pre_game,2026-09-25T01:40:48.704-04:00
3930,prizepicks,15212966,2026-09-25T16:29:41+00:00,4.5,standard,pre_game,2026-09-25T01:43:27.356-04:00
3931,prizepicks,15215017,2026-09-25T16:29:41+00:00,25.5,standard,pre_game,2026-09-25T01:38:38.517-04:00
3932,prizepicks,15215022,2026-09-25T16:29:41+00:00,14.5,standard,pre_game,2026-09-25T01:38:38.517-04:00
3933,prizepicks,15215018,2026-09-25T16:29:41+00:00,29.5,standard,pre_game,2026-09-25T01:38:38.517-04:00
3934,prizepicks,15215019,2026-09-25T16:29:41+00:00,31.5,standard,pre_game,2026-09-25T01:38:38.517-04:00
3935,prizepicks,15215024,2026-09-25T16:29:41+00:00,16.5,standard,pre_game,2026-09-25T01:38:38.517-04:00
3936,prizepicks,15215020,2026-09-25T16:29:41+00:00,31.5,standard,pre_game,2026-09-25T01:38:38.517-04:00
3937,prizepicks,15215025,2026-09-25T16:29:41+00:00,15.5,standard,pre_game,2026-09-25T01:38:38.517-04:00
3938,prizepicks,15215021,2026-09-25T16:29:41+00:00,29.5,standard,pre_game,2026-09-25T01:38:38.517-04:00
3939,prizepicks,15215026,2026-09-25T16:29:41+00:00,14.5,standard,pre_game,2026-09-25T01:38:38.517-04:00
3940,prizepicks,15215272,2026-09-25T16:29:41+00:00,29.5,standard,pre_game,2026-09-25T01:42:28.810-04:00
3941,prizepicks,15215280,2026-09-25T16:29:41+00:00,15.5,standard,pre_game,2026-09-25T01:42:28.689-04:00
3942,prizepicks,15215273,2026-09-25T16:29:41+00:00,29.5,standard,pre_game,2026-09-25T10:38:29.849-04:00
3943,prizepicks,15215281,2026-09-25T16:29:41+00:00,15.5,standard,pre_game,2026-09-25T01:42:28.723-04:00
3944,prizepicks,15215274,2026-09-25T16:29:41+00:00,24.5,standard,pre_game,2026-09-25T01:42:28.782-04:00
3945,prizepicks,15215282,2026-09-25T16:29:41+00:00,13.5,standard,pre_game,2026-09-25T01:42:28.751-04:00
3946,prizepicks,15215275,2026-09-25T16:29:41+00:00,30.5,standard,pre_game,2026-09-25T01:42:28.640-04:00
3947,prizepicks,15215283,2026-09-25T16:29:41+00:00,16.5,standard,pre_game,2026-09-25T01:42:28.870-04:00
3948,prizepicks,15215276,2026-09-25T16:29:41+00:00,29.5,standard,pre_game,2026-09-25T01:41:18.689-04:00
3949,prizepicks,15215284,2026-09-25T16:29:41+00:00,15.5,standard,pre_game,2026-09-25T01:41:18.689-04:00
3950,prizepicks,15215277,2026-09-25T16:29:41+00:00,31.5,standard,pre_game,2026-09-25T01:41:18.689-04:00
3951,prizepicks,15215285,2026-09-25T16:29:41+00:00,14.5,standard,pre_game,2026-09-25T01:41:18.689-04:00
3952,prizepicks,15215278,2026-09-25T16:29:41+00:00,29.5,standard,pre_game,2026-09-25T01:41:18.689-04:00
3953,prizepicks,15215286,2026-09-25T16:29:41+00:00,10.5,standard,pre_game,2026-09-25T01:41:18.689-04:00
3954,prizepicks,15215279,2026-09-25T16:29:41+00:00,26.5,standard,pre_game,2026-09-25T01:41:18.689-04:00
3955,prizepicks,15215287,2026-09-25T16:29:41+00:00,13.5,standard,pre_game,2026-09-25T01:41:18.689-04:00
3956,prizepicks,15229269,2026-09-25T16:29:41+00:00,29.5,standard,pre_game,2026-09-25T12:09:07.695-04:00
3957,prizepicks,15229270,2026-09-25T16:29:41+00:00,32.5,standard,pre_game,2026-09-25T12:09:07.695-04:00
3958,prizepicks,15229271,2026-09-25T16:29:41+00:00,31.0,standard,pre_game,2026-09-25T12:09:07.695-04:00
3959,prizepicks,15229272,2026-09-25T16:29:41+00:00,27.5,standard,pre_game,2026-09-25T12:09:07.695-04:00
3960,prizepicks,15229273,2026-09-25T16:29:41+00:00,27.5,standard,pre_game,2026-09-25T12:09:07.695-04:00
3961,prizepicks,15229274,2026-09-25T16:29:41+00:00,15.0,standard,pre_game,2026-09-25T12:09:07.695-04:00
3962,prizepicks,15229275,2026-09-25T16:29:41+00:00,21.0,standard,pre_game,2026-09-25T12:09:07.695-04:00
3963,prizepicks,15229276,2026-09-25T16:29:41+00:00,11.5,standard,pre_game,2026-09-25T12:09:07.695-04:00
3964,prizepicks,15229277,2026-09-25T16:29:41+00:00,17.0,standard,pre_game,2026-09-25T12:09:07.695-04:00
3965,prizepicks,15229278,2026-09-25T16:29:41+00:00,15.5,standard,pre_game,2026-09-25T12:23:09.822-04:00
3966,prizepicks,15228548,2026-09-25T16:29:41+00:00,33.0,standard,pre_game,2026-09-25T11:42:51.824-04:00
3967,prizepicks,15228558,2026-09-25T16:29:41+00:00,17.0,standard,pre_game,2026-09-25T11:42:51.824-04:00
3968,prizepicks,15228549,2026-09-25T16:29:41+00:00,31.0,standard,pre_game,2026-09-25T11:42:51.824-04:00
3969,prizepicks,15228559,2026-09-25T16:29:41+00:00,9.0,standard,pre_game,2026-09-25T11:42:51.824-04:00
3970,prizepicks,15228550,2026-09-25T16:29:41+00:00,28.5,standard,pre_game,2026-09-25T11:42:51.824-04:00
3971,prizepicks,15228560,2026-09-25T16:29:41+00:00,16.5,standard,pre_game,2026-09-25T11:42:51.824-04:00
3972,prizepicks,15228551,2026-09-25T16:29:41+00:00,28.5,standard,pre_game,2026-09-25T11:42:51.824-04:00
3973,prizepicks,15228561,2026-09-25T16:29:41+00:00,16.5,standard,pre_game,2026-09-25T11:42:51.824-04:00
3974,prizepicks,15228552,2026-09-25T16:29:41+00:00,28.5,standard,pre_game,2026-09-25T11:42:51.824-04:00
3975,prizepicks,15228562,2026-09-25T16:29:41+00:00,15.0,standard,pre_game,2026-09-25T11:42:51.824-04:00
3976,prizepicks,15228553,2026-09-25T16:29:41+00:00,32.0,standard,pre_game,2026-09-25T11:42:56.585-04:00
3977,prizepicks,15228563,2026-09-25T16:29:41+00:00,17.5,standard,pre_game,2026-09-25T11:42:56.585-04:00
3978,prizepicks,15228554,2026-09-25T16:29:41+00:00,29.5,standard,pre_game,2026-09-25T11:42:56.585-04:00
3979,prizepicks,15228564,2026-09-25T16:29:41+00:00,14.5,standard,pre_game,2026-09-25T11:42:56.585-04:00
3980,prizepicks,15228555,2026-09-25T16:29:41+00:00,28.0,standard,pre_game,2026-09-25T11:42:56.585-04:00
3981,prizepicks,15228565,2026-09-25T16:29:41+00:00,11.0,standard,pre_game,2026-09-25T11:46:26.189-04:00
3982,prizepicks,15228556,2026-09-25T16:29:41+00:00,27.0,standard,pre_game,2026-09-25T11:42:56.585-04:00
3983,prizepicks,15228566,2026-09-25T16:29:41+00:00,14.5,standard,pre_game,2026-09-25T11:42:56.585-04:00
3984,prizepicks,15228557,2026-09-25T16:29:41+00:00,23.5,standard,pre_game,2026-09-25T11:42:56.585-04:00
3985,prizepicks,15228567,2026-09-25T16:29:41+00:00,13.0,standard,pre_game,2026-09-25T11:42:56.585-04:00
3986,prizepicks,15228678,2026-09-25T16:29:41+00:00,33.5,standard,pre_game,2026-09-25T11:42:39.194-04:00
3987,prizepicks,15228683,2026-09-25T16:29:41+00:00,18.5,standard,pre_game,2026-09-25T11:42:39.194-04:00
3988,prizepicks,15228679,2026-09-25T16:29:41+00:00,30.5,standard,pre_game,2026-09-25T11:42:39.194-04:00
3989,prizepicks,15228684,2026-09-25T16:29:41+00:00,19.5,standard,pre_game,2026-09-25T11:42:39.194-04:00
3990,prizepicks,15228680,2026-09-25T16:29:41+00:00,30.0,standard,pre_game,2026-09-25T11:42:39.194-04:00
3991,prizepicks,15228685,2026-09-25T16:29:41+00:00,19.0,standard,pre_game,2026-09-25T11:42:39.194-04:00
3992,prizepicks,15228681,2026-09-25T16:29:41+00:00,28.5,standard,pre_game,2026-09-25T11:42:39.194-04:00
3993,prizepicks,15228686,2026-09-25T16:29:41+00:00,10.0,standard,pre_game,2026-09-25T11:42:39.194-04:00
3994,prizepicks,15228682,2026-09-25T16:29:41+00:00,27.5,standard,pre_game,2026-09-25T11:42:39.194-04:00
3995,prizepicks,15228687,2026-09-25T16:29:41+00:00,13.5,standard,pre_game,2026-09-25T11:42:39.194-04:00
3996,prizepicks,15191450,2026-09-25T16:29:41+00:00,17.5,demon,pre_game,2026-09-25T11:42:51.824-04:00
3997,prizepicks,15191452,2026-09-25T16:29:41+00:00,17.5,demon,pre_game,2026-09-25T11:43:17.748-04:00
3998,prizepicks,15191448,2026-09-25T16:29:41+00:00,16.5,standard,pre_game,2026-09-25T11:42:51.824-04:00
3999,prizepicks,15191451,2026-09-25T16:29:41+00:00,16.5,standard,pre_game,2026-09-25T11:43:17.748-04:00
4000,prizepicks,15191449,2026-09-25T16:29:41+00:00,15.5,goblin,pre_game,2026-09-25T11:42:51.824-04:00
4001,prizepicks,15191455,2026-09-25T16:29:41+00:00,15.5,demon,pre_game,2026-09-25T11:42:51.824-04:00
4002,prizepicks,15191458,2026-09-25T16:29:41+00:00,15.5,demon,pre_game,2026-09-25T11:43:17.748-04:00
4003,prizepicks,15191453,2026-09-25T16:29:41+00:00,14.5,standard,pre_game,2026-09-25T11:42:51.824-04:00
4004,prizepicks,15191456,2026-09-25T16:29:41+00:00,14.5,standard,pre_game,2026-09-25T11:43:17.748-04:00
4005,prizepicks,15191460,2026-09-25T16:29:41+00:00,14.5,demon,pre_game,2026-09-25T11:42:51.824-04:00
4006,prizepicks,15191463,2026-09-25T16:29:41+00:00,14.5,demon,pre_game,2026-09-25T11:43:17.748-04:00
4007,prizepicks,15191467,2026-09-25T16:29:41+00:00,14.5,demon,pre_game,2026-09-25T11:42:51.824-04:00
4008,prizepicks,15191471,2026-09-25T16:29:41+00:00,14.5,demon,pre_game,2026-09-25T11:43:17.748-04:00
4009,prizepicks,15191472,2026-09-25T16:29:41+00:00,14.5,demon,pre_game,2026-09-25T11:42:51.824-04:00
4010,prizepicks,15191474,2026-09-25T16:29:41+00:00,14.5,demon,pre_game,2026-09-25T11:43:17.748-04:00
4011,prizepicks,15191454,2026-09-25T16:29:41+00:00,13.5,goblin,pre_game,2026-09-25T11:42:51.824-04:00
4012,prizepicks,15191457,2026-09-25T16:29:41+00:00,13.5,goblin,pre_game,2026-09-25T11:43:17.748-04:00
4013,prizepicks,15191465,2026-09-25T16:29:41+00:00,13.5,standard,pre_game,2026-09-25T11:42:51.824-04:00
4014,prizepicks,15191469,2026-09-25T16:29:41+00:00,13.5,standard,pre_game,2026-09-25T11:43:17.748-04:00
4015,prizepicks,15191466,2026-09-25T16:29:41+00:00,12.5,goblin,pre_game,2026-09-25T11:42:51.824-04:00
4016,prizepicks,15191470,2026-09-25T16:29:41+00:00,12.5,goblin,pre_game,2026-09-25T11:43:17.748-04:00
4017,prizepicks,15191447,2026-09-25T16:29:41+00:00,9.5,standard,pre_game,2026-09-25T11:42:51.824-04:00
4018,prizepicks,15191459,2026-09-25T16:29:41+00:00,7.5,standard,pre_game,2026-09-25T11:42:51.824-04:00
4019,prizepicks,15191461,2026-09-25T16:29:41+00:00,7.5,standard,pre_game,2026-09-25T11:43:17.748-04:00
4020,prizepicks,15191464,2026-09-25T16:29:41+00:00,7.5,standard,pre_game,2026-09-25T11:42:51.824-04:00
4021,prizepicks,15191468,2026-09-25T16:29:41+00:00,7.5,standard,pre_game,2026-09-25T11:43:17.748-04:00
4022,prizepicks,15199501,2026-09-25T16:31:05+00:00,7.0,standard,pre_game,2026-09-25T11:55:57.291-04:00
4023,prizepicks,15199502,2026-09-25T16:31:05+00:00,6.5,standard,pre_game,2026-09-25T11:55:57.291-04:00
4024,prizepicks,15199503,2026-09-25T16:31:05+00:00,4.5,standard,pre_game,2026-09-25T11:55:57.291-04:00
4025,prizepicks,15199504,2026-09-25T16:31:05+00:00,3.0,standard,pre_game,2026-09-25T11:55:57.291-04:00
4026,prizepicks,15199505,2026-09-25T16:31:05+00:00,3.0,standard,pre_game,2026-09-25T11:55:57.291-04:00
4027,prizepicks,15199506,2026-09-25T16:31:05+00:00,6.5,standard,pre_game,2026-09-25T11:55:57.291-04:00
4028,prizepicks,15199507,2026-09-25T16:31:05+00:00,6.5,standard,pre_game,2026-09-25T11:55:57.291-04:00
4029,prizepicks,15199508,2026-09-25T16:31:05+00:00,4.0,standard,pre_game,2026-09-25T11:55:57.291-04:00
4030,prizepicks,15199509,2026-09-25T16:31:05+00:00,2.5,standard,pre_game,2026-09-25T11:55:57.291-04:00
4031,prizepicks,15199510,2026-09-25T16:31:05+00:00,2.0,standard,pre_game,2026-09-25T11:55:57.291-04:00
4032,prizepicks,15199468,2026-09-25T16:31:05+00:00,17.0,standard,pre_game,2026-09-25T11:56:33.253-04:00
4033,prizepicks,15199469,2026-09-25T16:31:05+00:00,16.5,standard,pre_game,2026-09-25T11:56:33.253-04:00
4034,prizepicks,15199470,2026-09-25T16:31:05+00:00,13.5,standard,pre_game,2026-09-25T11:56:33.253-04:00
4035,prizepicks,15199471,2026-09-25T16:31:05+00:00,7.0,standard,pre_game,2026-09-25T11:56:33.253-04:00
4036,prizepicks,15199472,2026-09-25T16:31:05+00:00,5.5,standard,pre_game,2026-09-25T11:56:33.253-04:00
4037,prizepicks,15199473,2026-09-25T16:31:05+00:00,12.5,standard,pre_game,2026-09-25T11:56:33.253-04:00
4038,prizepicks,15199474,2026-09-25T16:31:05+00:00,13.5,standard,pre_game,2026-09-25T11:56:33.253-04:00
4039,prizepicks,15199475,2026-09-25T16:31:05+00:00,11.5,standard,pre_game,2026-09-25T11:56:33.253-04:00
4040,prizepicks,15199476,2026-09-25T16:31:05+00:00,6.0,standard,pre_game,2026-09-25T11:56:33.253-04:00
4041,prizepicks,15199477,2026-09-25T16:31:05+00:00,5.0,standard,pre_game,2026-09-25T11:56:33.253-04:00
4042,prizepicks,15199511,2026-09-25T16:31:05+00:00,8.5,standard,pre_game,2026-09-25T11:56:23.767-04:00
4043,prizepicks,15199512,2026-09-25T16:31:05+00:00,7.5,standard,pre_game,2026-09-25T11:56:23.767-04:00
4044,prizepicks,15199513,2026-09-25T16:31:05+00:00,6.5,standard,pre_game,2026-09-25T11:56:23.767-04:00
4045,prizepicks,15199514,2026-09-25T16:31:05+00:00,3.5,standard,pre_game,2026-09-25T11:56:23.767-04:00
4046,prizepicks,15199515,2026-09-25T16:31:05+00:00,2.5,standard,pre_game,2026-09-25T11:56:23.767-04:00
4047,prizepicks,15199516,2026-09-25T16:31:05+00:00,6.0,standard,pre_game,2026-09-25T11:56:23.767-04:00
4048,prizepicks,15199517,2026-09-25T16:31:05+00:00,7.0,standard,pre_game,2026-09-25T11:56:23.767-04:00
4049,prizepicks,15199518,2026-09-25T16:31:05+00:00,5.5,standard,pre_game,2026-09-25T11:56:23.767-04:00
4050,prizepicks,15199519,2026-09-25T16:31:05+00:00,3.0,standard,pre_game,2026-09-25T11:56:23.767-04:00
4051,prizepicks,15199520,2026-09-25T16:31:05+00:00,2.5,standard,pre_game,2026-09-25T11:56:23.767-04:00
4052,prizepicks,15198016,2026-09-25T16:35:18+00:00,33.5,standard,pre_game,2026-09-25T10:58:53.581-04:00
4053,prizepicks,15198017,2026-09-25T16:35:18+00:00,28.5,standard,pre_game,2026-09-25T10:58:53.525-04:00
4054,prizepicks,15198018,2026-09-25T16:35:18+00:00,22.5,standard,pre_game,2026-09-24T22:27:48.005-04:00
4055,prizepicks,15198019,2026-09-25T16:35:18+00:00,18.5,standard,pre_game,2026-09-24T22:27:11.430-04:00
4056,prizepicks,15198571,2026-09-25T16:35:18+00:00,10.5,demon,pre_game,2026-09-24T14:57:03.486-04:00
4057,prizepicks,15197798,2026-09-25T16:35:18+00:00,8.5,standard,pre_game,2026-09-24T14:44:03.407-04:00
4058,prizepicks,15198572,2026-09-25T16:35:18+00:00,6.5,goblin,pre_game,2026-09-24T14:57:03.740-04:00
4059,prizepicks,15198493,2026-09-25T16:35:18+00:00,14.5,demon,pre_game,2026-09-24T14:52:23.507-04:00
4060,prizepicks,15197799,2026-09-25T16:35:18+00:00,12.5,standard,pre_game,2026-09-24T14:44:03.407-04:00
4061,prizepicks,15198494,2026-09-25T16:35:18+00:00,10.5,goblin,pre_game,2026-09-24T14:52:23.597-04:00
4062,prizepicks,15198799,2026-09-25T16:35:18+00:00,14.5,demon,pre_game,2026-09-24T15:04:31.551-04:00
4063,prizepicks,15197800,2026-09-25T16:35:18+00:00,12.5,standard,pre_game,2026-09-25T10:58:49.887-04:00
4064,prizepicks,15198800,2026-09-25T16:35:18+00:00,8.5,goblin,pre_game,2026-09-24T15:04:31.614-04:00
4065,prizepicks,15198842,2026-09-25T16:35:18+00:00,18.5,demon,pre_game,2026-09-24T15:06:07.578-04:00
4066,prizepicks,15197801,2026-09-25T16:35:18+00:00,15.5,standard,pre_game,2026-09-24T14:44:03.407-04:00
4067,prizepicks,15198843,2026-09-25T16:35:18+00:00,12.5,goblin,pre_game,2026-09-24T15:06:07.652-04:00
4068,prizepicks,15197973,2026-09-25T16:35:18+00:00,2.5,demon,pre_game,2026-09-24T14:44:03.407-04:00
4069,prizepicks,15198729,2026-09-25T16:35:18+00:00,9.5,demon,pre_game,2026-09-24T15:01:02.182-04:00
4070,prizepicks,15197803,2026-09-25T16:35:18+00:00,7.0,standard,pre_game,2026-09-24T17:10:44.778-04:00
4071,prizepicks,15198730,2026-09-25T16:35:18+00:00,5.5,goblin,pre_game,2026-09-24T15:01:02.257-04:00
4072,prizepicks,15198488,2026-09-25T16:35:18+00:00,9.5,demon,pre_game,2026-09-24T14:51:33.359-04:00
4073,prizepicks,15197804,2026-09-25T16:35:18+00:00,7.0,standard,pre_game,2026-09-24T22:27:40.342-04:00
4074,prizepicks,15198489,2026-09-25T16:35:18+00:00,5.5,goblin,pre_game,2026-09-24T14:51:33.416-04:00
4075,prizepicks,15198468,2026-09-25T16:35:18+00:00,11.5,demon,pre_game,2026-09-24T15:52:25.506-04:00
4076,prizepicks,15197805,2026-09-25T16:35:18+00:00,8.5,standard,pre_game,2026-09-24T15:48:00.789-04:00
4077,prizepicks,15198469,2026-09-25T16:35:18+00:00,5.5,goblin,pre_game,2026-09-24T15:52:28.245-04:00
4078,prizepicks,15198922,2026-09-25T16:35:18+00:00,13.5,demon,pre_game,2026-09-24T15:07:35.389-04:00
4079,prizepicks,15197806,2026-09-25T16:35:18+00:00,10.0,standard,pre_game,2026-09-24T22:27:11.373-04:00
4080,prizepicks,15198923,2026-09-25T16:35:18+00:00,7.5,goblin,pre_game,2026-09-24T15:07:35.441-04:00
4081,prizepicks,15197990,2026-09-25T16:35:18+00:00,1.5,goblin,pre_game,2026-09-24T14:43:54.424-04:00
4082,prizepicks,15195630,2026-09-25T16:35:30+00:00,14.0,standard,pre_game,2026-09-25T12:31:10.585-04:00
4083,prizepicks,15195631,2026-09-25T16:35:30+00:00,15.5,standard,pre_game,2026-09-25T12:31:10.585-04:00
4084,prizepicks,15195632,2026-09-25T16:35:30+00:00,15.5,standard,pre_game,2026-09-25T12:31:10.585-04:00
4085,prizepicks,15195633,2026-09-25T16:35:30+00:00,15.5,standard,pre_game,2026-09-25T12:31:10.585-04:00
4086,prizepicks,15195634,2026-09-25T16:35:30+00:00,12.5,standard,pre_game,2026-09-25T12:31:10.585-04:00
4087,prizepicks,15195635,2026-09-25T16:35:30+00:00,8.0,standard,pre_game,2026-09-25T12:31:10.585-04:00
4088,prizepicks,15195636,2026-09-25T16:35:30+00:00,5.0,standard,pre_game,2026-09-25T12:31:10.585-04:00
4089,prizepicks,15195637,2026-09-25T16:35:30+00:00,10.5,standard,pre_game,2026-09-25T12:31:10.585-04:00
4090,prizepicks,15195638,2026-09-25T16:35:30+00:00,9.0,standard,pre_game,2026-09-25T12:31:10.585-04:00
4091,prizepicks,15195639,2026-09-25T16:35:30+00:00,6.5,standard,pre_game,2026-09-25T12:31:10.585-04:00
4092,prizepicks,15195194,2026-09-25T16:35:30+00:00,32.5,standard,pre_game,2026-09-25T10:37:27.068-04:00
4093,prizepicks,15195199,2026-09-25T16:35:30+00:00,18.5,standard,pre_game,2026-09-24T16:03:39.591-04:00
4094,prizepicks,15195195,2026-09-25T16:35:30+00:00,29.5,standard,pre_game,2026-09-25T10:38:00.614-04:00
4095,prizepicks,15195200,2026-09-25T16:35:30+00:00,10.5,standard,pre_game,2026-09-24T16:03:50.068-04:00
4096,prizepicks,15195196,2026-09-25T16:35:30+00:00,29.0,standard,pre_game,2026-09-24T16:00:17.673-04:00
4097,prizepicks,15195201,2026-09-25T16:35:30+00:00,19.5,standard,pre_game,2026-09-24T16:03:44.540-04:00
4098,prizepicks,15195197,2026-09-25T16:35:30+00:00,28.5,standard,pre_game,2026-09-24T16:03:25.772-04:00
4099,prizepicks,15195202,2026-09-25T16:35:30+00:00,12.5,standard,pre_game,2026-09-24T16:03:25.821-04:00
4100,prizepicks,15195198,2026-09-25T16:35:30+00:00,26.5,standard,pre_game,2026-09-24T16:03:34.024-04:00
4101,prizepicks,15195203,2026-09-25T16:35:30+00:00,14.5,standard,pre_game,2026-09-24T16:03:34.066-04:00
4102,prizepicks,15200440,2026-09-25T16:35:30+00:00,31.0,standard,pre_game,2026-09-24T15:56:45.350-04:00
4103,prizepicks,15200441,2026-09-25T16:35:30+00:00,30.5,standard,pre_game,2026-09-24T23:25:56.856-04:00
4104,prizepicks,15200442,2026-09-25T16:35:30+00:00,31.5,standard,pre_game,2026-09-24T21:15:57.398-04:00
4105,prizepicks,15200443,2026-09-25T16:35:30+00:00,28.0,standard,pre_game,2026-09-24T15:56:45.350-04:00
4106,prizepicks,15200444,2026-09-25T16:35:30+00:00,27.5,standard,pre_game,2026-09-24T15:56:45.350-04:00
4107,prizepicks,15200445,2026-09-25T16:35:30+00:00,29.0,standard,pre_game,2026-09-25T00:54:13.968-04:00
4108,prizepicks,15200446,2026-09-25T16:35:30+00:00,28.5,standard,pre_game,2026-09-25T10:38:10.875-04:00
4109,prizepicks,15200447,2026-09-25T16:35:30+00:00,28.5,standard,pre_game,2026-09-24T15:56:49.989-04:00
4110,prizepicks,15200448,2026-09-25T16:35:30+00:00,27.0,standard,pre_game,2026-09-24T15:56:49.989-04:00
4111,prizepicks,15200449,2026-09-25T16:35:30+00:00,25.0,standard,pre_game,2026-09-25T00:52:09.885-04:00
4112,prizepicks,15200450,2026-09-25T16:35:30+00:00,18.5,standard,pre_game,2026-09-24T15:56:45.350-04:00
4113,prizepicks,15200451,2026-09-25T16:35:30+00:00,12.0,standard,pre_game,2026-09-24T23:26:21.751-04:00
4114,prizepicks,15200452,2026-09-25T16:35:30+00:00,18.0,standard,pre_game,2026-09-24T15:56:45.350-04:00
4115,prizepicks,15200453,2026-09-25T16:35:30+00:00,15.5,standard,pre_game,2026-09-24T21:17:00.442-04:00
4116,prizepicks,15200454,2026-09-25T16:35:30+00:00,15.0,standard,pre_game,2026-09-24T15:56:45.350-04:00
4117,prizepicks,15200455,2026-09-25T16:35:30+00:00,11.0,standard,pre_game,2026-09-24T15:56:49.989-04:00
4118,prizepicks,15200456,2026-09-25T16:35:30+00:00,14.0,standard,pre_game,2026-09-24T15:56:49.989-04:00
4119,prizepicks,15200457,2026-09-25T16:35:30+00:00,14.5,standard,pre_game,2026-09-24T15:56:49.989-04:00
4120,prizepicks,15200458,2026-09-25T16:35:30+00:00,14.5,standard,pre_game,2026-09-24T15:56:49.989-04:00
4121,prizepicks,15200459,2026-09-25T16:35:30+00:00,13.0,standard,pre_game,2026-09-24T23:38:48.109-04:00
4122,prizepicks,15194506,2026-09-25T16:35:30+00:00,32.5,standard,pre_game,2026-09-25T10:37:47.460-04:00
4123,prizepicks,15194507,2026-09-25T16:35:30+00:00,30.5,standard,pre_game,2026-09-25T10:41:55.817-04:00
4124,prizepicks,15194508,2026-09-25T16:35:30+00:00,28.5,standard,pre_game,2026-09-25T08:51:26.150-04:00
4125,prizepicks,15194509,2026-09-25T16:35:30+00:00,28.5,standard,pre_game,2026-09-25T08:51:26.150-04:00
4126,prizepicks,15194510,2026-09-25T16:35:30+00:00,27.0,standard,pre_game,2026-09-25T08:51:26.150-04:00
4127,prizepicks,15194511,2026-09-25T16:35:30+00:00,29.0,standard,pre_game,2026-09-25T08:51:26.150-04:00
4128,prizepicks,15194512,2026-09-25T16:35:30+00:00,27.5,standard,pre_game,2026-09-25T08:51:26.150-04:00
4129,prizepicks,15194513,2026-09-25T16:35:30+00:00,27.5,standard,pre_game,2026-09-25T08:51:26.150-04:00
4130,prizepicks,15194514,2026-09-25T16:35:30+00:00,26.5,standard,pre_game,2026-09-25T08:51:26.150-04:00
4131,prizepicks,15194515,2026-09-25T16:35:30+00:00,25.0,standard,pre_game,2026-09-25T08:51:26.150-04:00
4132,prizepicks,15194516,2026-09-25T16:35:30+00:00,21.0,standard,pre_game,2026-09-25T08:51:26.150-04:00
4133,prizepicks,15194517,2026-09-25T16:35:30+00:00,12.5,standard,pre_game,2026-09-25T08:51:26.150-04:00
4134,prizepicks,15194518,2026-09-25T16:35:30+00:00,17.5,standard,pre_game,2026-09-25T08:51:26.150-04:00
4135,prizepicks,15194519,2026-09-25T16:35:30+00:00,18.0,standard,pre_game,2026-09-25T08:51:26.150-04:00
4136,prizepicks,15194520,2026-09-25T16:35:30+00:00,16.0,standard,pre_game,2026-09-25T08:51:26.150-04:00
4137,prizepicks,15194521,2026-09-25T16:35:30+00:00,16.0,standard,pre_game,2026-09-25T08:51:26.150-04:00
4138,prizepicks,15194522,2026-09-25T16:35:30+00:00,13.5,standard,pre_game,2026-09-25T08:51:26.150-04:00
4139,prizepicks,15194523,2026-09-25T16:35:30+00:00,14.5,standard,pre_game,2026-09-25T08:51:26.150-04:00
4140,prizepicks,15194524,2026-09-25T16:35:30+00:00,9.5,standard,pre_game,2026-09-25T08:51:26.150-04:00
4141,prizepicks,15194525,2026-09-25T16:35:30+00:00,13.0,standard,pre_game,2026-09-25T08:51:26.150-04:00
4142,prizepicks,15213092,2026-09-25T16:35:30+00:00,32.5,standard,pre_game,2026-09-25T00:19:28.750-04:00
4143,prizepicks,15213093,2026-09-25T16:35:30+00:00,27.5,standard,pre_game,2026-09-25T12:08:38.297-04:00
4144,prizepicks,15213095,2026-09-25T16:35:30+00:00,32.5,standard,pre_game,2026-09-25T00:19:28.750-04:00
4145,prizepicks,15213096,2026-09-25T16:35:30+00:00,28.5,standard,pre_game,2026-09-25T01:41:45.351-04:00
4146,prizepicks,15213097,2026-09-25T16:35:30+00:00,17.5,standard,pre_game,2026-09-25T00:19:28.750-04:00
4147,prizepicks,15213098,2026-09-25T16:35:30+00:00,16.0,standard,pre_game,2026-09-25T12:27:03.431-04:00
4148,prizepicks,15213100,2026-09-25T16:35:30+00:00,10.5,standard,pre_game,2026-09-25T00:19:28.750-04:00
4149,prizepicks,15213101,2026-09-25T16:35:30+00:00,15.5,standard,pre_game,2026-09-25T00:19:28.750-04:00
4150,prizepicks,15192251,2026-09-25T16:35:30+00:00,12.5,standard,pre_game,2026-09-24T11:19:41.642-04:00
4151,prizepicks,15192252,2026-09-25T16:35:30+00:00,15.5,standard,pre_game,2026-09-24T11:19:41.642-04:00
4152,prizepicks,15192253,2026-09-25T16:35:30+00:00,11.5,standard,pre_game,2026-09-24T11:19:41.642-04:00
4153,prizepicks,15192254,2026-09-25T16:35:30+00:00,15.5,standard,pre_game,2026-09-24T11:19:41.642-04:00
4154,prizepicks,15192255,2026-09-25T16:35:30+00:00,17.5,standard,pre_game,2026-09-24T11:19:41.642-04:00
4155,prizepicks,15192256,2026-09-25T16:35:30+00:00,17.0,standard,pre_game,2026-09-24T11:19:54.746-04:00
4156,prizepicks,15192257,2026-09-25T16:35:30+00:00,13.5,standard,pre_game,2026-09-24T11:19:54.746-04:00
4157,prizepicks,15192258,2026-09-25T16:35:30+00:00,16.5,standard,pre_game,2026-09-24T11:19:54.746-04:00
4158,prizepicks,15192260,2026-09-25T16:35:30+00:00,17.0,standard,pre_game,2026-09-24T11:19:54.746-04:00
4159,prizepicks,15192241,2026-09-25T16:35:30+00:00,27.0,standard,pre_game,2026-09-24T11:19:41.642-04:00
4160,prizepicks,15192242,2026-09-25T16:35:30+00:00,28.0,standard,pre_game,2026-09-24T11:19:41.642-04:00
4161,prizepicks,15192243,2026-09-25T16:35:30+00:00,31.5,standard,pre_game,2026-09-24T11:19:41.642-04:00
4162,prizepicks,15192244,2026-09-25T16:35:30+00:00,27.5,standard,pre_game,2026-09-24T14:52:25.785-04:00
4163,prizepicks,15192245,2026-09-25T16:35:30+00:00,30.0,standard,pre_game,2026-09-24T17:26:02.563-04:00
4164,prizepicks,15192246,2026-09-25T16:35:30+00:00,27.0,standard,pre_game,2026-09-24T11:19:54.746-04:00
4165,prizepicks,15192247,2026-09-25T16:35:30+00:00,27.0,standard,pre_game,2026-09-24T11:19:54.746-04:00
4166,prizepicks,15192248,2026-09-25T16:35:30+00:00,31.5,standard,pre_game,2026-09-24T11:19:54.746-04:00
4167,prizepicks,15192249,2026-09-25T16:35:30+00:00,33.0,standard,pre_game,2026-09-24T17:25:31.089-04:00
4168,prizepicks,15192250,2026-09-25T16:35:30+00:00,29.5,standard,pre_game,2026-09-24T11:19:54.746-04:00
4169,prizepicks,15194526,2026-09-25T16:35:30+00:00,33.0,standard,pre_game,2026-09-24T12:06:53.570-04:00
4170,prizepicks,15194527,2026-09-25T16:35:30+00:00,32.0,standard,pre_game,2026-09-24T12:06:53.570-04:00
4171,prizepicks,15194528,2026-09-25T16:35:30+00:00,28.0,standard,pre_game,2026-09-24T12:06:53.570-04:00
4172,prizepicks,15194529,2026-09-25T16:35:30+00:00,28.0,standard,pre_game,2026-09-24T12:06:53.570-04:00
4173,prizepicks,15194530,2026-09-25T16:35:30+00:00,25.0,standard,pre_game,2026-09-24T14:08:32.752-04:00
4174,prizepicks,15194531,2026-09-25T16:35:30+00:00,31.5,standard,pre_game,2026-09-25T03:58:36.251-04:00
4175,prizepicks,15194532,2026-09-25T16:35:30+00:00,28.0,standard,pre_game,2026-09-24T12:06:59.211-04:00
4176,prizepicks,15194533,2026-09-25T16:35:30+00:00,28.0,standard,pre_game,2026-09-24T12:06:59.211-04:00
4177,prizepicks,15194534,2026-09-25T16:35:30+00:00,27.5,standard,pre_game,2026-09-24T12:06:59.211-04:00
4178,prizepicks,15194535,2026-09-25T16:35:30+00:00,27.0,standard,pre_game,2026-09-24T12:06:59.211-04:00
4179,prizepicks,15194538,2026-09-25T16:35:30+00:00,20.0,standard,pre_game,2026-09-24T12:06:53.570-04:00
4180,prizepicks,15194542,2026-09-25T16:35:30+00:00,17.0,standard,pre_game,2026-09-24T23:55:45.816-04:00
4181,prizepicks,15194543,2026-09-25T16:35:30+00:00,15.5,standard,pre_game,2026-09-24T12:06:53.570-04:00
4182,prizepicks,15194545,2026-09-25T16:35:30+00:00,10.0,standard,pre_game,2026-09-24T12:06:53.570-04:00
4183,prizepicks,15194546,2026-09-25T16:35:30+00:00,11.5,standard,pre_game,2026-09-24T17:25:11.251-04:00
4184,prizepicks,15194547,2026-09-25T16:35:30+00:00,16.5,standard,pre_game,2026-09-24T15:27:03.304-04:00
4185,prizepicks,15194548,2026-09-25T16:35:30+00:00,15.0,standard,pre_game,2026-09-24T12:06:59.211-04:00
4186,prizepicks,15194549,2026-09-25T16:35:30+00:00,9.5,standard,pre_game,2026-09-24T12:06:59.211-04:00
4187,prizepicks,15194550,2026-09-25T16:35:30+00:00,15.0,standard,pre_game,2026-09-24T12:06:59.211-04:00
4188,prizepicks,15194551,2026-09-25T16:35:30+00:00,17.0,standard,pre_game,2026-09-24T12:06:59.211-04:00
4189,prizepicks,15196267,2026-09-25T16:35:30+00:00,14.5,standard,pre_game,2026-09-24T13:43:57.652-04:00
4190,prizepicks,15196277,2026-09-25T16:35:30+00:00,7.0,standard,pre_game,2026-09-24T13:43:58.214-04:00
4191,prizepicks,15196268,2026-09-25T16:35:30+00:00,14.5,standard,pre_game,2026-09-24T13:43:57.765-04:00
4192,prizepicks,15196278,2026-09-25T16:35:30+00:00,7.0,standard,pre_game,2026-09-24T13:43:58.260-04:00
4193,prizepicks,15196269,2026-09-25T16:35:30+00:00,12.0,standard,pre_game,2026-09-24T13:43:57.822-04:00
4194,prizepicks,15196279,2026-09-25T16:35:30+00:00,6.5,standard,pre_game,2026-09-24T13:43:58.312-04:00
4195,prizepicks,15196270,2026-09-25T16:35:30+00:00,14.5,standard,pre_game,2026-09-24T13:43:57.886-04:00
4196,prizepicks,15196280,2026-09-25T16:35:30+00:00,8.0,standard,pre_game,2026-09-24T13:43:58.359-04:00
4197,prizepicks,15196271,2026-09-25T16:35:30+00:00,16.0,standard,pre_game,2026-09-24T13:43:57.934-04:00
4198,prizepicks,15196281,2026-09-25T16:35:30+00:00,5.5,standard,pre_game,2026-09-24T13:43:58.427-04:00
4199,prizepicks,15196272,2026-09-25T16:35:30+00:00,14.0,standard,pre_game,2026-09-24T13:43:57.980-04:00
4200,prizepicks,15196282,2026-09-25T16:35:30+00:00,6.0,standard,pre_game,2026-09-24T13:43:58.475-04:00
4201,prizepicks,15196273,2026-09-25T16:35:30+00:00,14.0,standard,pre_game,2026-09-24T13:43:58.026-04:00
4202,prizepicks,15196283,2026-09-25T16:35:30+00:00,4.5,standard,pre_game,2026-09-24T13:43:58.522-04:00
4203,prizepicks,15196274,2026-09-25T16:35:30+00:00,13.0,standard,pre_game,2026-09-24T13:43:58.075-04:00
4204,prizepicks,15196284,2026-09-25T16:35:30+00:00,8.0,standard,pre_game,2026-09-24T13:43:58.571-04:00
4205,prizepicks,15196275,2026-09-25T16:35:30+00:00,14.0,standard,pre_game,2026-09-24T13:43:58.120-04:00
4206,prizepicks,15196285,2026-09-25T16:35:30+00:00,7.5,standard,pre_game,2026-09-24T13:43:58.618-04:00
4207,prizepicks,15196276,2026-09-25T16:35:30+00:00,13.5,standard,pre_game,2026-09-24T13:43:58.165-04:00
4208,prizepicks,15196286,2026-09-25T16:35:30+00:00,8.0,standard,pre_game,2026-09-24T13:43:58.668-04:00
4209,prizepicks,15194630,2026-09-25T16:35:30+00:00,16.0,standard,pre_game,2026-09-25T08:51:34.506-04:00
4210,prizepicks,15194631,2026-09-25T16:35:30+00:00,15.0,standard,pre_game,2026-09-25T10:41:53.569-04:00
4211,prizepicks,15194632,2026-09-25T16:35:30+00:00,14.5,standard,pre_game,2026-09-25T08:51:34.506-04:00
4212,prizepicks,15194633,2026-09-25T16:35:30+00:00,14.0,standard,pre_game,2026-09-25T08:51:34.506-04:00
4213,prizepicks,15194634,2026-09-25T16:35:30+00:00,13.5,standard,pre_game,2026-09-25T08:51:34.506-04:00
4214,prizepicks,15194635,2026-09-25T16:35:30+00:00,14.5,standard,pre_game,2026-09-25T08:51:34.506-04:00
4215,prizepicks,15194636,2026-09-25T16:35:30+00:00,13.5,standard,pre_game,2026-09-25T08:51:34.506-04:00
4216,prizepicks,15194637,2026-09-25T16:35:30+00:00,13.5,standard,pre_game,2026-09-25T08:51:34.506-04:00
4217,prizepicks,15194638,2026-09-25T16:35:30+00:00,13.0,standard,pre_game,2026-09-25T08:51:34.506-04:00
4218,prizepicks,15194639,2026-09-25T16:35:30+00:00,12.5,standard,pre_game,2026-09-25T08:51:34.506-04:00
4219,prizepicks,15194640,2026-09-25T16:35:30+00:00,10.0,standard,pre_game,2026-09-25T08:51:34.506-04:00
4220,prizepicks,15194641,2026-09-25T16:35:30+00:00,6.0,standard,pre_game,2026-09-25T08:51:34.506-04:00
4221,prizepicks,15194642,2026-09-25T16:35:30+00:00,8.5,standard,pre_game,2026-09-25T08:51:34.506-04:00
4222,prizepicks,15194643,2026-09-25T16:35:30+00:00,8.0,standard,pre_game,2026-09-25T08:51:34.506-04:00
4223,prizepicks,15194644,2026-09-25T16:35:30+00:00,8.0,standard,pre_game,2026-09-25T08:51:34.506-04:00
4224,prizepicks,15194645,2026-09-25T16:35:30+00:00,8.5,standard,pre_game,2026-09-25T08:51:34.506-04:00
4225,prizepicks,15194646,2026-09-25T16:35:30+00:00,6.5,standard,pre_game,2026-09-25T08:51:34.506-04:00
4226,prizepicks,15194647,2026-09-25T16:35:30+00:00,7.0,standard,pre_game,2026-09-25T08:51:34.506-04:00
4227,prizepicks,15194648,2026-09-25T16:35:30+00:00,4.5,standard,pre_game,2026-09-25T08:51:34.506-04:00
4228,prizepicks,15194649,2026-09-25T16:35:30+00:00,7.0,standard,pre_game,2026-09-25T08:51:34.506-04:00
4229,prizepicks,15200460,2026-09-25T16:35:30+00:00,32.0,standard,pre_game,2026-09-24T15:57:19.856-04:00
4230,prizepicks,15200461,2026-09-25T16:35:30+00:00,32.0,standard,pre_game,2026-09-24T15:57:19.856-04:00
4231,prizepicks,15200462,2026-09-25T16:35:30+00:00,29.5,standard,pre_game,2026-09-24T15:57:19.856-04:00
4232,prizepicks,15200463,2026-09-25T16:35:30+00:00,27.0,standard,pre_game,2026-09-24T15:57:19.856-04:00
4233,prizepicks,15200464,2026-09-25T16:35:30+00:00,27.0,standard,pre_game,2026-09-24T15:57:19.856-04:00
4234,prizepicks,15200465,2026-09-25T16:35:30+00:00,24.0,standard,pre_game,2026-09-24T16:15:19.996-04:00
4235,prizepicks,15200466,2026-09-25T16:35:30+00:00,25.0,standard,pre_game,2026-09-24T16:15:15.959-04:00
4236,prizepicks,15200467,2026-09-25T16:35:30+00:00,24.5,standard,pre_game,2026-09-24T23:12:21.975-04:00
4237,prizepicks,15200468,2026-09-25T16:35:30+00:00,25.5,standard,pre_game,2026-09-24T15:57:24.152-04:00
4238,prizepicks,15200469,2026-09-25T16:35:30+00:00,24.0,standard,pre_game,2026-09-24T15:57:24.152-04:00
4239,prizepicks,15200470,2026-09-25T16:35:30+00:00,11.0,standard,pre_game,2026-09-24T15:57:19.856-04:00
4240,prizepicks,15200471,2026-09-25T16:35:30+00:00,15.5,standard,pre_game,2026-09-24T15:57:19.856-04:00
4241,prizepicks,15200472,2026-09-25T16:35:30+00:00,17.5,standard,pre_game,2026-09-24T15:57:19.856-04:00
4242,prizepicks,15200473,2026-09-25T16:35:30+00:00,14.5,standard,pre_game,2026-09-24T15:57:19.856-04:00
4243,prizepicks,15200474,2026-09-25T16:35:30+00:00,13.5,standard,pre_game,2026-09-24T15:57:19.856-04:00
4244,prizepicks,15200475,2026-09-25T16:35:30+00:00,15.0,standard,pre_game,2026-09-24T22:41:32.110-04:00
4245,prizepicks,15200476,2026-09-25T16:35:30+00:00,14.5,standard,pre_game,2026-09-24T15:57:24.152-04:00
4246,prizepicks,15200477,2026-09-25T16:35:30+00:00,15.5,standard,pre_game,2026-09-25T11:18:38.932-04:00
4247,prizepicks,15200478,2026-09-25T16:35:30+00:00,9.5,standard,pre_game,2026-09-24T15:57:24.152-04:00
4248,prizepicks,15200479,2026-09-25T16:35:30+00:00,12.0,standard,pre_game,2026-09-24T15:57:24.152-04:00
4249,prizepicks,15198653,2026-09-25T16:35:30+00:00,32.5,standard,pre_game,2026-09-24T15:14:09.253-04:00
4250,prizepicks,15198663,2026-09-25T16:35:30+00:00,19.0,standard,pre_game,2026-09-24T21:14:41.428-04:00
4251,prizepicks,15198654,2026-09-25T16:35:30+00:00,30.5,standard,pre_game,2026-09-24T15:09:32.851-04:00
4252,prizepicks,15198664,2026-09-25T16:35:30+00:00,14.5,standard,pre_game,2026-09-24T15:09:32.851-04:00
4253,prizepicks,15198655,2026-09-25T16:35:30+00:00,29.0,standard,pre_game,2026-09-24T15:09:32.851-04:00
4254,prizepicks,15198665,2026-09-25T16:35:30+00:00,10.5,standard,pre_game,2026-09-24T15:09:32.851-04:00
4255,prizepicks,15198656,2026-09-25T16:35:30+00:00,29.0,standard,pre_game,2026-09-24T15:09:32.851-04:00
4256,prizepicks,15198666,2026-09-25T16:35:30+00:00,16.5,standard,pre_game,2026-09-24T15:09:32.851-04:00
4257,prizepicks,15198657,2026-09-25T16:35:30+00:00,26.0,standard,pre_game,2026-09-24T15:09:32.851-04:00
4258,prizepicks,15198667,2026-09-25T16:35:30+00:00,13.0,standard,pre_game,2026-09-24T15:09:32.851-04:00
4259,prizepicks,15198658,2026-09-25T16:35:30+00:00,27.5,standard,pre_game,2026-09-24T15:09:38.410-04:00
4260,prizepicks,15198668,2026-09-25T16:35:30+00:00,9.5,standard,pre_game,2026-09-24T15:09:38.410-04:00
4261,prizepicks,15198659,2026-09-25T16:35:30+00:00,26.5,standard,pre_game,2026-09-25T01:53:52.670-04:00
4262,prizepicks,15198669,2026-09-25T16:35:30+00:00,13.0,standard,pre_game,2026-09-24T23:11:22.405-04:00
4263,prizepicks,15198660,2026-09-25T16:35:30+00:00,26.0,standard,pre_game,2026-09-24T15:09:38.410-04:00
4264,prizepicks,15198670,2026-09-25T16:35:30+00:00,13.0,standard,pre_game,2026-09-24T15:09:38.410-04:00
4265,prizepicks,15198661,2026-09-25T16:35:30+00:00,26.0,standard,pre_game,2026-09-24T15:09:38.410-04:00
4266,prizepicks,15198671,2026-09-25T16:35:30+00:00,15.5,standard,pre_game,2026-09-24T15:09:38.410-04:00
4267,prizepicks,15198662,2026-09-25T16:35:30+00:00,24.0,standard,pre_game,2026-09-24T23:12:39.431-04:00
4268,prizepicks,15198672,2026-09-25T16:35:30+00:00,12.5,standard,pre_game,2026-09-24T16:16:44.278-04:00
4269,prizepicks,15212932,2026-09-25T16:35:30+00:00,16.5,demon,pre_game,2026-09-25T01:38:38.517-04:00
4270,prizepicks,15212935,2026-09-25T16:35:30+00:00,16.5,demon,pre_game,2026-09-25T01:38:30.160-04:00
4271,prizepicks,15212917,2026-09-25T16:35:30+00:00,15.5,demon,pre_game,2026-09-25T01:38:38.517-04:00
4272,prizepicks,15212920,2026-09-25T16:35:30+00:00,15.5,demon,pre_game,2026-09-25T01:38:30.160-04:00
4273,prizepicks,15212924,2026-09-25T16:35:30+00:00,15.5,demon,pre_game,2026-09-25T01:38:30.160-04:00
4274,prizepicks,15212931,2026-09-25T16:35:30+00:00,15.5,standard,pre_game,2026-09-25T01:38:38.517-04:00
4275,prizepicks,15212934,2026-09-25T16:35:30+00:00,15.5,standard,pre_game,2026-09-25T01:38:30.160-04:00
4276,prizepicks,15212916,2026-09-25T16:35:30+00:00,14.5,standard,pre_game,2026-09-25T01:38:38.517-04:00
4277,prizepicks,15212919,2026-09-25T16:35:30+00:00,14.5,standard,pre_game,2026-09-25T01:38:30.160-04:00
4278,prizepicks,15212933,2026-09-25T16:35:30+00:00,14.5,goblin,pre_game,2026-09-25T01:38:38.517-04:00
4279,prizepicks,15212936,2026-09-25T16:35:30+00:00,14.5,goblin,pre_game,2026-09-25T01:38:30.160-04:00
4280,prizepicks,15212918,2026-09-25T16:35:30+00:00,13.5,goblin,pre_game,2026-09-25T01:38:38.517-04:00
4281,prizepicks,15212921,2026-09-25T16:35:30+00:00,13.5,goblin,pre_game,2026-09-25T01:38:30.160-04:00
4282,prizepicks,15212922,2026-09-25T16:35:30+00:00,13.5,goblin,pre_game,2026-09-25T01:38:38.517-04:00
4283,prizepicks,15212923,2026-09-25T16:35:30+00:00,13.5,goblin,pre_game,2026-09-25T01:38:30.160-04:00
4284,prizepicks,15212905,2026-09-25T16:35:30+00:00,11.5,goblin,pre_game,2026-09-25T01:38:38.517-04:00
4285,prizepicks,15212907,2026-09-25T16:35:30+00:00,11.5,goblin,pre_game,2026-09-25T01:38:30.160-04:00
4286,prizepicks,15212904,2026-09-25T16:35:30+00:00,7.5,standard,pre_game,2026-09-25T08:56:27.543-04:00
4287,prizepicks,15212906,2026-09-25T16:35:30+00:00,7.5,standard,pre_game,2026-09-25T08:56:27.504-04:00
4288,prizepicks,15212980,2026-09-25T16:35:30+00:00,16.5,demon,pre_game,2026-09-25T01:43:27.356-04:00
4289,prizepicks,15212953,2026-09-25T16:35:30+00:00,15.5,demon,pre_game,2026-09-25T01:43:27.356-04:00
4290,prizepicks,15212960,2026-09-25T16:35:30+00:00,15.5,demon,pre_game,2026-09-25T01:40:48.704-04:00
4291,prizepicks,15212968,2026-09-25T16:35:30+00:00,15.5,demon,pre_game,2026-09-25T01:43:27.356-04:00
4292,prizepicks,15212974,2026-09-25T16:35:30+00:00,15.5,demon,pre_game,2026-09-25T01:40:48.704-04:00
4293,prizepicks,15212979,2026-09-25T16:35:30+00:00,15.5,standard,pre_game,2026-09-25T12:22:15.155-04:00
4294,prizepicks,15212997,2026-09-25T16:35:30+00:00,15.5,demon,pre_game,2026-09-25T01:40:48.704-04:00
4295,prizepicks,15212959,2026-09-25T16:35:30+00:00,14.5,standard,pre_game,2026-09-25T01:40:48.704-04:00
4296,prizepicks,15212967,2026-09-25T16:35:30+00:00,14.5,standard,pre_game,2026-09-25T01:43:27.356-04:00
4297,prizepicks,15212973,2026-09-25T16:35:30+00:00,14.5,standard,pre_game,2026-09-25T01:40:48.704-04:00
4298,prizepicks,15212981,2026-09-25T16:35:30+00:00,14.5,goblin,pre_game,2026-09-25T01:43:27.356-04:00
4299,prizepicks,15212996,2026-09-25T16:35:30+00:00,14.5,standard,pre_game,2026-09-25T01:40:48.704-04:00
4300,prizepicks,15212961,2026-09-25T16:35:30+00:00,13.5,goblin,pre_game,2026-09-25T01:40:48.704-04:00
4301,prizepicks,15212969,2026-09-25T16:35:30+00:00,13.5,goblin,pre_game,2026-09-25T01:43:27.356-04:00
4302,prizepicks,15212975,2026-09-25T16:35:30+00:00,13.5,goblin,pre_game,2026-09-25T01:40:48.704-04:00
4303,prizepicks,15212992,2026-09-25T16:35:30+00:00,13.5,demon,pre_game,2026-09-25T01:40:48.704-04:00
4304,prizepicks,15212998,2026-09-25T16:35:30+00:00,13.5,goblin,pre_game,2026-09-25T01:40:48.704-04:00
4305,prizepicks,15212991,2026-09-25T16:35:30+00:00,12.5,standard,pre_game,2026-09-25T12:22:15.132-04:00
4306,prizepicks,15212993,2026-09-25T16:35:30+00:00,11.5,goblin,pre_game,2026-09-25T01:40:48.704-04:00
4307,prizepicks,15212952,2026-09-25T16:35:30+00:00,7.5,standard,pre_game,2026-09-25T01:43:27.356-04:00
4308,prizepicks,15212958,2026-09-25T16:35:30+00:00,7.5,standard,pre_game,2026-09-25T01:40:48.704-04:00
4309,prizepicks,15212966,2026-09-25T16:35:30+00:00,4.5,standard,pre_game,2026-09-25T01:43:27.356-04:00
4310,prizepicks,15215017,2026-09-25T16:35:30+00:00,25.5,standard,pre_game,2026-09-25T01:38:38.517-04:00
4311,prizepicks,15215022,2026-09-25T16:35:30+00:00,14.5,standard,pre_game,2026-09-25T01:38:38.517-04:00
4312,prizepicks,15215018,2026-09-25T16:35:30+00:00,29.5,standard,pre_game,2026-09-25T01:38:38.517-04:00
4313,prizepicks,15215019,2026-09-25T16:35:30+00:00,31.5,standard,pre_game,2026-09-25T01:38:38.517-04:00
4314,prizepicks,15215024,2026-09-25T16:35:30+00:00,16.5,standard,pre_game,2026-09-25T01:38:38.517-04:00
4315,prizepicks,15215020,2026-09-25T16:35:30+00:00,31.5,standard,pre_game,2026-09-25T01:38:38.517-04:00
4316,prizepicks,15215025,2026-09-25T16:35:30+00:00,15.5,standard,pre_game,2026-09-25T01:38:38.517-04:00
4317,prizepicks,15215021,2026-09-25T16:35:30+00:00,29.5,standard,pre_game,2026-09-25T01:38:38.517-04:00
4318,prizepicks,15215026,2026-09-25T16:35:30+00:00,14.5,standard,pre_game,2026-09-25T01:38:38.517-04:00
4319,prizepicks,15215272,2026-09-25T16:35:30+00:00,29.5,standard,pre_game,2026-09-25T01:42:28.810-04:00
4320,prizepicks,15215280,2026-09-25T16:35:30+00:00,15.5,standard,pre_game,2026-09-25T01:42:28.689-04:00
4321,prizepicks,15215273,2026-09-25T16:35:30+00:00,29.5,standard,pre_game,2026-09-25T10:38:29.849-04:00
4322,prizepicks,15215281,2026-09-25T16:35:30+00:00,15.5,standard,pre_game,2026-09-25T01:42:28.723-04:00
4323,prizepicks,15215274,2026-09-25T16:35:30+00:00,24.5,standard,pre_game,2026-09-25T01:42:28.782-04:00
4324,prizepicks,15215282,2026-09-25T16:35:30+00:00,13.5,standard,pre_game,2026-09-25T01:42:28.751-04:00
4325,prizepicks,15215275,2026-09-25T16:35:30+00:00,30.5,standard,pre_game,2026-09-25T01:42:28.640-04:00
4326,prizepicks,15215283,2026-09-25T16:35:30+00:00,16.5,standard,pre_game,2026-09-25T01:42:28.870-04:00
4327,prizepicks,15215276,2026-09-25T16:35:30+00:00,29.5,standard,pre_game,2026-09-25T01:41:18.689-04:00
4328,prizepicks,15215284,2026-09-25T16:35:30+00:00,15.5,standard,pre_game,2026-09-25T01:41:18.689-04:00
4329,prizepicks,15215277,2026-09-25T16:35:30+00:00,31.5,standard,pre_game,2026-09-25T01:41:18.689-04:00
4330,prizepicks,15215285,2026-09-25T16:35:30+00:00,14.5,standard,pre_game,2026-09-25T01:41:18.689-04:00
4331,prizepicks,15215278,2026-09-25T16:35:30+00:00,29.5,standard,pre_game,2026-09-25T01:41:18.689-04:00
4332,prizepicks,15215286,2026-09-25T16:35:30+00:00,10.5,standard,pre_game,2026-09-25T01:41:18.689-04:00
4333,prizepicks,15215279,2026-09-25T16:35:30+00:00,26.5,standard,pre_game,2026-09-25T01:41:18.689-04:00
4334,prizepicks,15215287,2026-09-25T16:35:30+00:00,13.5,standard,pre_game,2026-09-25T01:41:18.689-04:00
4335,prizepicks,15229269,2026-09-25T16:35:30+00:00,29.5,standard,pre_game,2026-09-25T12:09:07.695-04:00
4336,prizepicks,15229270,2026-09-25T16:35:30+00:00,32.5,standard,pre_game,2026-09-25T12:09:07.695-04:00
4337,prizepicks,15229271,2026-09-25T16:35:30+00:00,31.0,standard,pre_game,2026-09-25T12:09:07.695-04:00
4338,prizepicks,15229272,2026-09-25T16:35:30+00:00,27.5,standard,pre_game,2026-09-25T12:09:07.695-04:00
4339,prizepicks,15229273,2026-09-25T16:35:30+00:00,27.5,standard,pre_game,2026-09-25T12:09:07.695-04:00
4340,prizepicks,15229274,2026-09-25T16:35:30+00:00,15.0,standard,pre_game,2026-09-25T12:09:07.695-04:00
4341,prizepicks,15229275,2026-09-25T16:35:30+00:00,21.0,standard,pre_game,2026-09-25T12:09:07.695-04:00
4342,prizepicks,15229276,2026-09-25T16:35:30+00:00,11.5,standard,pre_game,2026-09-25T12:09:07.695-04:00
4343,prizepicks,15229277,2026-09-25T16:35:30+00:00,17.0,standard,pre_game,2026-09-25T12:09:07.695-04:00
4344,prizepicks,15229278,2026-09-25T16:35:30+00:00,15.5,standard,pre_game,2026-09-25T12:23:09.822-04:00
4345,prizepicks,15228548,2026-09-25T16:35:30+00:00,33.0,standard,pre_game,2026-09-25T11:42:51.824-04:00
4346,prizepicks,15228558,2026-09-25T16:35:30+00:00,17.0,standard,pre_game,2026-09-25T11:42:51.824-04:00
4347,prizepicks,15228549,2026-09-25T16:35:30+00:00,31.0,standard,pre_game,2026-09-25T11:42:51.824-04:00
4348,prizepicks,15228559,2026-09-25T16:35:30+00:00,9.0,standard,pre_game,2026-09-25T11:42:51.824-04:00
4349,prizepicks,15228550,2026-09-25T16:35:30+00:00,28.5,standard,pre_game,2026-09-25T11:42:51.824-04:00
4350,prizepicks,15228560,2026-09-25T16:35:30+00:00,16.5,standard,pre_game,2026-09-25T11:42:51.824-04:00
4351,prizepicks,15228551,2026-09-25T16:35:30+00:00,28.5,standard,pre_game,2026-09-25T11:42:51.824-04:00
4352,prizepicks,15228561,2026-09-25T16:35:30+00:00,16.5,standard,pre_game,2026-09-25T11:42:51.824-04:00
4353,prizepicks,15228552,2026-09-25T16:35:30+00:00,28.5,standard,pre_game,2026-09-25T11:42:51.824-04:00
4354,prizepicks,15228562,2026-09-25T16:35:30+00:00,15.0,standard,pre_game,2026-09-25T11:42:51.824-04:00
4355,prizepicks,15228553,2026-09-25T16:35:30+00:00,32.0,standard,pre_game,2026-09-25T11:42:56.585-04:00
4356,prizepicks,15228563,2026-09-25T16:35:30+00:00,17.5,standard,pre_game,2026-09-25T11:42:56.585-04:00
4357,prizepicks,15228554,2026-09-25T16:35:30+00:00,29.5,standard,pre_game,2026-09-25T11:42:56.585-04:00
4358,prizepicks,15228564,2026-09-25T16:35:30+00:00,14.5,standard,pre_game,2026-09-25T11:42:56.585-04:00
4359,prizepicks,15228555,2026-09-25T16:35:30+00:00,28.0,standard,pre_game,2026-09-25T11:42:56.585-04:00
4360,prizepicks,15228565,2026-09-25T16:35:30+00:00,11.0,standard,pre_game,2026-09-25T11:46:26.189-04:00
4361,prizepicks,15228556,2026-09-25T16:35:30+00:00,27.0,standard,pre_game,2026-09-25T11:42:56.585-04:00
4362,prizepicks,15228566,2026-09-25T16:35:30+00:00,14.5,standard,pre_game,2026-09-25T11:42:56.585-04:00
4363,prizepicks,15228557,2026-09-25T16:35:30+00:00,23.5,standard,pre_game,2026-09-25T11:42:56.585-04:00
4364,prizepicks,15228567,2026-09-25T16:35:30+00:00,13.0,standard,pre_game,2026-09-25T11:42:56.585-04:00
4365,prizepicks,15228678,2026-09-25T16:35:30+00:00,33.5,standard,pre_game,2026-09-25T11:42:39.194-04:00
4366,prizepicks,15228683,2026-09-25T16:35:30+00:00,18.5,standard,pre_game,2026-09-25T11:42:39.194-04:00
4367,prizepicks,15228679,2026-09-25T16:35:30+00:00,30.5,standard,pre_game,2026-09-25T11:42:39.194-04:00
4368,prizepicks,15228684,2026-09-25T16:35:30+00:00,19.5,standard,pre_game,2026-09-25T11:42:39.194-04:00
4369,prizepicks,15228680,2026-09-25T16:35:30+00:00,30.0,standard,pre_game,2026-09-25T11:42:39.194-04:00
4370,prizepicks,15228685,2026-09-25T16:35:30+00:00,19.0,standard,pre_game,2026-09-25T11:42:39.194-04:00
4371,prizepicks,15228681,2026-09-25T16:35:30+00:00,28.5,standard,pre_game,2026-09-25T11:42:39.194-04:00
4372,prizepicks,15228686,2026-09-25T16:35:30+00:00,10.0,standard,pre_game,2026-09-25T11:42:39.194-04:00
4373,prizepicks,15228682,2026-09-25T16:35:30+00:00,27.5,standard,pre_game,2026-09-25T11:42:39.194-04:00
4374,prizepicks,15228687,2026-09-25T16:35:30+00:00,13.5,standard,pre_game,2026-09-25T11:42:39.194-04:00
4375,prizepicks,15191450,2026-09-25T16:35:30+00:00,17.5,demon,pre_game,2026-09-25T11:42:51.824-04:00
4376,prizepicks,15191452,2026-09-25T16:35:30+00:00,17.5,demon,pre_game,2026-09-25T11:43:17.748-04:00
4377,prizepicks,15191448,2026-09-25T16:35:30+00:00,16.5,standard,pre_game,2026-09-25T11:42:51.824-04:00
4378,prizepicks,15191451,2026-09-25T16:35:30+00:00,16.5,standard,pre_game,2026-09-25T11:43:17.748-04:00
4379,prizepicks,15191449,2026-09-25T16:35:30+00:00,15.5,goblin,pre_game,2026-09-25T11:42:51.824-04:00
4380,prizepicks,15191455,2026-09-25T16:35:30+00:00,15.5,demon,pre_game,2026-09-25T11:42:51.824-04:00
4381,prizepicks,15191458,2026-09-25T16:35:30+00:00,15.5,demon,pre_game,2026-09-25T11:43:17.748-04:00
4382,prizepicks,15191453,2026-09-25T16:35:30+00:00,14.5,standard,pre_game,2026-09-25T11:42:51.824-04:00
4383,prizepicks,15191456,2026-09-25T16:35:30+00:00,14.5,standard,pre_game,2026-09-25T11:43:17.748-04:00
4384,prizepicks,15191460,2026-09-25T16:35:30+00:00,14.5,demon,pre_game,2026-09-25T11:42:51.824-04:00
4385,prizepicks,15191463,2026-09-25T16:35:30+00:00,14.5,demon,pre_game,2026-09-25T11:43:17.748-04:00
4386,prizepicks,15191467,2026-09-25T16:35:30+00:00,14.5,demon,pre_game,2026-09-25T11:42:51.824-04:00
4387,prizepicks,15191471,2026-09-25T16:35:30+00:00,14.5,demon,pre_game,2026-09-25T11:43:17.748-04:00
4388,prizepicks,15191472,2026-09-25T16:35:30+00:00,14.5,demon,pre_game,2026-09-25T11:42:51.824-04:00
4389,prizepicks,15191474,2026-09-25T16:35:30+00:00,14.5,demon,pre_game,2026-09-25T11:43:17.748-04:00
4390,prizepicks,15191454,2026-09-25T16:35:30+00:00,13.5,goblin,pre_game,2026-09-25T11:42:51.824-04:00
4391,prizepicks,15191457,2026-09-25T16:35:30+00:00,13.5,goblin,pre_game,2026-09-25T11:43:17.748-04:00
4392,prizepicks,15191465,2026-09-25T16:35:30+00:00,13.5,standard,pre_game,2026-09-25T11:42:51.824-04:00
4393,prizepicks,15191469,2026-09-25T16:35:30+00:00,13.5,standard,pre_game,2026-09-25T11:43:17.748-04:00
4394,prizepicks,15191466,2026-09-25T16:35:30+00:00,12.5,goblin,pre_game,2026-09-25T11:42:51.824-04:00
4395,prizepicks,15191470,2026-09-25T16:35:30+00:00,12.5,goblin,pre_game,2026-09-25T11:43:17.748-04:00
4396,prizepicks,15191447,2026-09-25T16:35:30+00:00,9.5,standard,pre_game,2026-09-25T11:42:51.824-04:00
4397,prizepicks,15191459,2026-09-25T16:35:30+00:00,7.5,standard,pre_game,2026-09-25T11:42:51.824-04:00
4398,prizepicks,15191461,2026-09-25T16:35:30+00:00,7.5,standard,pre_game,2026-09-25T11:43:17.748-04:00
4399,prizepicks,15191464,2026-09-25T16:35:30+00:00,7.5,standard,pre_game,2026-09-25T11:42:51.824-04:00
4400,prizepicks,15191468,2026-09-25T16:35:30+00:00,7.5,standard,pre_game,2026-09-25T11:43:17.748-04:00
4401,prizepicks,15199501,2026-09-25T16:36:54+00:00,7.0,standard,pre_game,2026-09-25T11:55:57.291-04:00
4402,prizepicks,15199502,2026-09-25T16:36:54+00:00,6.5,standard,pre_game,2026-09-25T11:55:57.291-04:00
4403,prizepicks,15199503,2026-09-25T16:36:54+00:00,4.5,standard,pre_game,2026-09-25T11:55:57.291-04:00
4404,prizepicks,15199504,2026-09-25T16:36:54+00:00,3.0,standard,pre_game,2026-09-25T11:55:57.291-04:00
4405,prizepicks,15199505,2026-09-25T16:36:54+00:00,3.0,standard,pre_game,2026-09-25T11:55:57.291-04:00
4406,prizepicks,15199506,2026-09-25T16:36:54+00:00,6.5,standard,pre_game,2026-09-25T11:55:57.291-04:00
4407,prizepicks,15199507,2026-09-25T16:36:54+00:00,6.5,standard,pre_game,2026-09-25T11:55:57.291-04:00
4408,prizepicks,15199508,2026-09-25T16:36:54+00:00,4.0,standard,pre_game,2026-09-25T11:55:57.291-04:00
4409,prizepicks,15199509,2026-09-25T16:36:54+00:00,2.5,standard,pre_game,2026-09-25T11:55:57.291-04:00
4410,prizepicks,15199510,2026-09-25T16:36:54+00:00,2.0,standard,pre_game,2026-09-25T11:55:57.291-04:00
4411,prizepicks,15199468,2026-09-25T16:36:54+00:00,17.0,standard,pre_game,2026-09-25T11:56:33.253-04:00
4412,prizepicks,15199469,2026-09-25T16:36:54+00:00,16.5,standard,pre_game,2026-09-25T11:56:33.253-04:00
4413,prizepicks,15199470,2026-09-25T16:36:54+00:00,13.5,standard,pre_game,2026-09-25T11:56:33.253-04:00
4414,prizepicks,15199471,2026-09-25T16:36:54+00:00,7.0,standard,pre_game,2026-09-25T11:56:33.253-04:00
4415,prizepicks,15199472,2026-09-25T16:36:54+00:00,5.5,standard,pre_game,2026-09-25T11:56:33.253-04:00
4416,prizepicks,15199473,2026-09-25T16:36:54+00:00,12.5,standard,pre_game,2026-09-25T11:56:33.253-04:00
4417,prizepicks,15199474,2026-09-25T16:36:54+00:00,13.5,standard,pre_game,2026-09-25T11:56:33.253-04:00
4418,prizepicks,15199475,2026-09-25T16:36:54+00:00,11.5,standard,pre_game,2026-09-25T11:56:33.253-04:00
4419,prizepicks,15199476,2026-09-25T16:36:54+00:00,6.0,standard,pre_game,2026-09-25T11:56:33.253-04:00
4420,prizepicks,15199477,2026-09-25T16:36:54+00:00,5.0,standard,pre_game,2026-09-25T11:56:33.253-04:00
4421,prizepicks,15199511,2026-09-25T16:36:54+00:00,8.5,standard,pre_game,2026-09-25T11:56:23.767-04:00
4422,prizepicks,15199512,2026-09-25T16:36:54+00:00,7.5,standard,pre_game,2026-09-25T11:56:23.767-04:00
4423,prizepicks,15199513,2026-09-25T16:36:54+00:00,6.5,standard,pre_game,2026-09-25T11:56:23.767-04:00
4424,prizepicks,15199514,2026-09-25T16:36:54+00:00,3.5,standard,pre_game,2026-09-25T11:56:23.767-04:00
4425,prizepicks,15199515,2026-09-25T16:36:54+00:00,2.5,standard,pre_game,2026-09-25T11:56:23.767-04:00
4426,prizepicks,15199516,2026-09-25T16:36:54+00:00,6.0,standard,pre_game,2026-09-25T11:56:23.767-04:00
4427,prizepicks,15199517,2026-09-25T16:36:54+00:00,7.0,standard,pre_game,2026-09-25T11:56:23.767-04:00
4428,prizepicks,15199518,2026-09-25T16:36:54+00:00,5.5,standard,pre_game,2026-09-25T11:56:23.767-04:00
4429,prizepicks,15199519,2026-09-25T16:36:54+00:00,3.0,standard,pre_game,2026-09-25T11:56:23.767-04:00
4430,prizepicks,15199520,2026-09-25T16:36:54+00:00,2.5,standard,pre_game,2026-09-25T11:56:23.767-04:00
4431,prizepicks,15198016,2026-09-25T16:41:11+00:00,33.5,standard,pre_game,2026-09-25T10:58:53.581-04:00
4432,prizepicks,15198017,2026-09-25T16:41:11+00:00,28.5,standard,pre_game,2026-09-25T10:58:53.525-04:00
4433,prizepicks,15198018,2026-09-25T16:41:11+00:00,22.5,standard,pre_game,2026-09-24T22:27:48.005-04:00
4434,prizepicks,15198019,2026-09-25T16:41:11+00:00,18.5,standard,pre_game,2026-09-24T22:27:11.430-04:00
4435,prizepicks,15198571,2026-09-25T16:41:11+00:00,10.5,demon,pre_game,2026-09-24T14:57:03.486-04:00
4436,prizepicks,15197798,2026-09-25T16:41:11+00:00,8.5,standard,pre_game,2026-09-24T14:44:03.407-04:00
4437,prizepicks,15198572,2026-09-25T16:41:11+00:00,6.5,goblin,pre_game,2026-09-24T14:57:03.740-04:00
4438,prizepicks,15198493,2026-09-25T16:41:11+00:00,14.5,demon,pre_game,2026-09-24T14:52:23.507-04:00
4439,prizepicks,15197799,2026-09-25T16:41:11+00:00,12.5,standard,pre_game,2026-09-24T14:44:03.407-04:00
4440,prizepicks,15198494,2026-09-25T16:41:11+00:00,10.5,goblin,pre_game,2026-09-24T14:52:23.597-04:00
4441,prizepicks,15198799,2026-09-25T16:41:11+00:00,14.5,demon,pre_game,2026-09-24T15:04:31.551-04:00
4442,prizepicks,15197800,2026-09-25T16:41:11+00:00,12.5,standard,pre_game,2026-09-25T10:58:49.887-04:00
4443,prizepicks,15198800,2026-09-25T16:41:11+00:00,8.5,goblin,pre_game,2026-09-24T15:04:31.614-04:00
4444,prizepicks,15198842,2026-09-25T16:41:11+00:00,18.5,demon,pre_game,2026-09-24T15:06:07.578-04:00
4445,prizepicks,15197801,2026-09-25T16:41:11+00:00,15.5,standard,pre_game,2026-09-24T14:44:03.407-04:00
4446,prizepicks,15198843,2026-09-25T16:41:11+00:00,12.5,goblin,pre_game,2026-09-24T15:06:07.652-04:00
4447,prizepicks,15197973,2026-09-25T16:41:11+00:00,2.5,demon,pre_game,2026-09-24T14:44:03.407-04:00
4448,prizepicks,15198729,2026-09-25T16:41:11+00:00,9.5,demon,pre_game,2026-09-24T15:01:02.182-04:00
4449,prizepicks,15197803,2026-09-25T16:41:11+00:00,7.0,standard,pre_game,2026-09-24T17:10:44.778-04:00
4450,prizepicks,15198730,2026-09-25T16:41:11+00:00,5.5,goblin,pre_game,2026-09-24T15:01:02.257-04:00
4451,prizepicks,15198488,2026-09-25T16:41:11+00:00,9.5,demon,pre_game,2026-09-24T14:51:33.359-04:00
4452,prizepicks,15197804,2026-09-25T16:41:11+00:00,7.0,standard,pre_game,2026-09-24T22:27:40.342-04:00
4453,prizepicks,15198489,2026-09-25T16:41:11+00:00,5.5,goblin,pre_game,2026-09-24T14:51:33.416-04:00
4454,prizepicks,15198468,2026-09-25T16:41:11+00:00,11.5,demon,pre_game,2026-09-24T15:52:25.506-04:00
4455,prizepicks,15197805,2026-09-25T16:41:11+00:00,8.5,standard,pre_game,2026-09-24T15:48:00.789-04:00
4456,prizepicks,15198469,2026-09-25T16:41:11+00:00,5.5,goblin,pre_game,2026-09-24T15:52:28.245-04:00
4457,prizepicks,15198922,2026-09-25T16:41:11+00:00,13.5,demon,pre_game,2026-09-24T15:07:35.389-04:00
4458,prizepicks,15197806,2026-09-25T16:41:11+00:00,10.0,standard,pre_game,2026-09-24T22:27:11.373-04:00
4459,prizepicks,15198923,2026-09-25T16:41:11+00:00,7.5,goblin,pre_game,2026-09-24T15:07:35.441-04:00
4460,prizepicks,15197990,2026-09-25T16:41:11+00:00,1.5,goblin,pre_game,2026-09-24T14:43:54.424-04:00
4461,prizepicks,15195630,2026-09-25T16:41:23+00:00,14.0,standard,pre_game,2026-09-25T12:37:28.677-04:00
4462,prizepicks,15195631,2026-09-25T16:41:23+00:00,15.5,standard,pre_game,2026-09-25T12:37:28.677-04:00
4463,prizepicks,15195632,2026-09-25T16:41:23+00:00,15.5,standard,pre_game,2026-09-25T12:37:28.677-04:00
4464,prizepicks,15195633,2026-09-25T16:41:23+00:00,15.5,standard,pre_game,2026-09-25T12:37:28.677-04:00
4465,prizepicks,15195634,2026-09-25T16:41:23+00:00,12.5,standard,pre_game,2026-09-25T12:37:28.677-04:00
4466,prizepicks,15195635,2026-09-25T16:41:23+00:00,8.0,standard,pre_game,2026-09-25T12:37:28.677-04:00
4467,prizepicks,15195636,2026-09-25T16:41:23+00:00,5.0,standard,pre_game,2026-09-25T12:37:28.677-04:00
4468,prizepicks,15195637,2026-09-25T16:41:23+00:00,10.5,standard,pre_game,2026-09-25T12:37:28.677-04:00
4469,prizepicks,15195638,2026-09-25T16:41:23+00:00,9.0,standard,pre_game,2026-09-25T12:37:28.677-04:00
4470,prizepicks,15195639,2026-09-25T16:41:23+00:00,6.5,standard,pre_game,2026-09-25T12:37:28.677-04:00
4471,prizepicks,15194506,2026-09-25T16:41:23+00:00,32.5,standard,pre_game,2026-09-25T12:38:26.892-04:00
4472,prizepicks,15194507,2026-09-25T16:41:23+00:00,30.5,standard,pre_game,2026-09-25T12:38:26.892-04:00
4473,prizepicks,15194508,2026-09-25T16:41:23+00:00,28.5,standard,pre_game,2026-09-25T12:38:26.892-04:00
4474,prizepicks,15194509,2026-09-25T16:41:23+00:00,28.5,standard,pre_game,2026-09-25T12:38:26.892-04:00
4475,prizepicks,15194510,2026-09-25T16:41:23+00:00,27.0,standard,pre_game,2026-09-25T12:38:26.892-04:00
4476,prizepicks,15194511,2026-09-25T16:41:23+00:00,29.0,standard,pre_game,2026-09-25T12:38:26.892-04:00
4477,prizepicks,15194512,2026-09-25T16:41:23+00:00,27.5,standard,pre_game,2026-09-25T12:38:26.892-04:00
4478,prizepicks,15194513,2026-09-25T16:41:23+00:00,27.5,standard,pre_game,2026-09-25T12:38:26.892-04:00
4479,prizepicks,15194514,2026-09-25T16:41:23+00:00,26.5,standard,pre_game,2026-09-25T12:38:26.892-04:00
4480,prizepicks,15194515,2026-09-25T16:41:23+00:00,25.0,standard,pre_game,2026-09-25T12:38:26.892-04:00
4481,prizepicks,15194516,2026-09-25T16:41:23+00:00,21.0,standard,pre_game,2026-09-25T12:38:26.892-04:00
4482,prizepicks,15194517,2026-09-25T16:41:23+00:00,12.5,standard,pre_game,2026-09-25T12:38:26.892-04:00
4483,prizepicks,15194518,2026-09-25T16:41:23+00:00,17.5,standard,pre_game,2026-09-25T12:38:26.892-04:00
4484,prizepicks,15194519,2026-09-25T16:41:23+00:00,18.0,standard,pre_game,2026-09-25T12:38:26.892-04:00
4485,prizepicks,15194520,2026-09-25T16:41:23+00:00,16.0,standard,pre_game,2026-09-25T12:38:26.892-04:00
4486,prizepicks,15194521,2026-09-25T16:41:23+00:00,16.0,standard,pre_game,2026-09-25T12:38:26.892-04:00
4487,prizepicks,15194522,2026-09-25T16:41:23+00:00,13.5,standard,pre_game,2026-09-25T12:38:26.892-04:00
4488,prizepicks,15194523,2026-09-25T16:41:23+00:00,14.5,standard,pre_game,2026-09-25T12:38:26.892-04:00
4489,prizepicks,15194524,2026-09-25T16:41:23+00:00,9.5,standard,pre_game,2026-09-25T12:38:26.892-04:00
4490,prizepicks,15194525,2026-09-25T16:41:23+00:00,13.0,standard,pre_game,2026-09-25T12:38:26.892-04:00
4491,prizepicks,15195194,2026-09-25T16:41:23+00:00,32.5,standard,pre_game,2026-09-25T10:37:27.068-04:00
4492,prizepicks,15195199,2026-09-25T16:41:23+00:00,18.5,standard,pre_game,2026-09-24T16:03:39.591-04:00
4493,prizepicks,15195195,2026-09-25T16:41:23+00:00,29.5,standard,pre_game,2026-09-25T10:38:00.614-04:00
4494,prizepicks,15195200,2026-09-25T16:41:23+00:00,10.5,standard,pre_game,2026-09-24T16:03:50.068-04:00
4495,prizepicks,15195196,2026-09-25T16:41:23+00:00,29.0,standard,pre_game,2026-09-24T16:00:17.673-04:00
4496,prizepicks,15195201,2026-09-25T16:41:23+00:00,19.5,standard,pre_game,2026-09-24T16:03:44.540-04:00
4497,prizepicks,15195197,2026-09-25T16:41:23+00:00,28.5,standard,pre_game,2026-09-24T16:03:25.772-04:00
4498,prizepicks,15195202,2026-09-25T16:41:23+00:00,12.5,standard,pre_game,2026-09-24T16:03:25.821-04:00
4499,prizepicks,15195198,2026-09-25T16:41:23+00:00,26.5,standard,pre_game,2026-09-24T16:03:34.024-04:00
4500,prizepicks,15195203,2026-09-25T16:41:23+00:00,14.5,standard,pre_game,2026-09-24T16:03:34.066-04:00
4501,prizepicks,15200440,2026-09-25T16:41:23+00:00,31.0,standard,pre_game,2026-09-24T15:56:45.350-04:00
4502,prizepicks,15200441,2026-09-25T16:41:23+00:00,30.5,standard,pre_game,2026-09-24T23:25:56.856-04:00
4503,prizepicks,15200442,2026-09-25T16:41:23+00:00,31.5,standard,pre_game,2026-09-24T21:15:57.398-04:00
4504,prizepicks,15200443,2026-09-25T16:41:23+00:00,28.0,standard,pre_game,2026-09-24T15:56:45.350-04:00
4505,prizepicks,15200444,2026-09-25T16:41:23+00:00,27.5,standard,pre_game,2026-09-24T15:56:45.350-04:00
4506,prizepicks,15200445,2026-09-25T16:41:23+00:00,29.0,standard,pre_game,2026-09-25T00:54:13.968-04:00
4507,prizepicks,15200446,2026-09-25T16:41:23+00:00,28.5,standard,pre_game,2026-09-25T10:38:10.875-04:00
4508,prizepicks,15200447,2026-09-25T16:41:23+00:00,28.5,standard,pre_game,2026-09-24T15:56:49.989-04:00
4509,prizepicks,15200448,2026-09-25T16:41:23+00:00,27.0,standard,pre_game,2026-09-24T15:56:49.989-04:00
4510,prizepicks,15200449,2026-09-25T16:41:23+00:00,25.0,standard,pre_game,2026-09-25T00:52:09.885-04:00
4511,prizepicks,15200450,2026-09-25T16:41:23+00:00,18.5,standard,pre_game,2026-09-24T15:56:45.350-04:00
4512,prizepicks,15200451,2026-09-25T16:41:23+00:00,12.0,standard,pre_game,2026-09-24T23:26:21.751-04:00
4513,prizepicks,15200452,2026-09-25T16:41:23+00:00,18.0,standard,pre_game,2026-09-24T15:56:45.350-04:00
4514,prizepicks,15200453,2026-09-25T16:41:23+00:00,15.5,standard,pre_game,2026-09-24T21:17:00.442-04:00
4515,prizepicks,15200454,2026-09-25T16:41:23+00:00,15.0,standard,pre_game,2026-09-24T15:56:45.350-04:00
4516,prizepicks,15200455,2026-09-25T16:41:23+00:00,11.0,standard,pre_game,2026-09-24T15:56:49.989-04:00
4517,prizepicks,15200456,2026-09-25T16:41:23+00:00,14.0,standard,pre_game,2026-09-24T15:56:49.989-04:00
4518,prizepicks,15200457,2026-09-25T16:41:23+00:00,14.5,standard,pre_game,2026-09-24T15:56:49.989-04:00
4519,prizepicks,15200458,2026-09-25T16:41:23+00:00,14.5,standard,pre_game,2026-09-24T15:56:49.989-04:00
4520,prizepicks,15200459,2026-09-25T16:41:23+00:00,13.0,standard,pre_game,2026-09-24T23:38:48.109-04:00
4521,prizepicks,15213092,2026-09-25T16:41:23+00:00,32.5,standard,pre_game,2026-09-25T00:19:28.750-04:00
4522,prizepicks,15213093,2026-09-25T16:41:23+00:00,27.5,standard,pre_game,2026-09-25T12:08:38.297-04:00
4523,prizepicks,15213095,2026-09-25T16:41:23+00:00,32.5,standard,pre_game,2026-09-25T00:19:28.750-04:00
4524,prizepicks,15213096,2026-09-25T16:41:23+00:00,28.5,standard,pre_game,2026-09-25T01:41:45.351-04:00
4525,prizepicks,15213097,2026-09-25T16:41:23+00:00,17.5,standard,pre_game,2026-09-25T00:19:28.750-04:00
4526,prizepicks,15213098,2026-09-25T16:41:23+00:00,16.0,standard,pre_game,2026-09-25T12:27:03.431-04:00
4527,prizepicks,15213100,2026-09-25T16:41:23+00:00,10.5,standard,pre_game,2026-09-25T00:19:28.750-04:00
4528,prizepicks,15213101,2026-09-25T16:41:23+00:00,15.5,standard,pre_game,2026-09-25T00:19:28.750-04:00
4529,prizepicks,15192251,2026-09-25T16:41:23+00:00,12.5,standard,pre_game,2026-09-24T11:19:41.642-04:00
4530,prizepicks,15192252,2026-09-25T16:41:23+00:00,15.5,standard,pre_game,2026-09-24T11:19:41.642-04:00
4531,prizepicks,15192253,2026-09-25T16:41:23+00:00,11.5,standard,pre_game,2026-09-24T11:19:41.642-04:00
4532,prizepicks,15192254,2026-09-25T16:41:23+00:00,15.5,standard,pre_game,2026-09-24T11:19:41.642-04:00
4533,prizepicks,15192255,2026-09-25T16:41:23+00:00,17.5,standard,pre_game,2026-09-24T11:19:41.642-04:00
4534,prizepicks,15192256,2026-09-25T16:41:23+00:00,17.0,standard,pre_game,2026-09-24T11:19:54.746-04:00
4535,prizepicks,15192257,2026-09-25T16:41:23+00:00,13.5,standard,pre_game,2026-09-24T11:19:54.746-04:00
4536,prizepicks,15192258,2026-09-25T16:41:23+00:00,16.5,standard,pre_game,2026-09-24T11:19:54.746-04:00
4537,prizepicks,15192260,2026-09-25T16:41:23+00:00,17.0,standard,pre_game,2026-09-24T11:19:54.746-04:00
4538,prizepicks,15192241,2026-09-25T16:41:23+00:00,27.0,standard,pre_game,2026-09-24T11:19:41.642-04:00
4539,prizepicks,15192242,2026-09-25T16:41:23+00:00,28.0,standard,pre_game,2026-09-24T11:19:41.642-04:00
4540,prizepicks,15192243,2026-09-25T16:41:23+00:00,31.5,standard,pre_game,2026-09-24T11:19:41.642-04:00
4541,prizepicks,15192244,2026-09-25T16:41:23+00:00,27.5,standard,pre_game,2026-09-24T14:52:25.785-04:00
4542,prizepicks,15192245,2026-09-25T16:41:23+00:00,30.0,standard,pre_game,2026-09-24T17:26:02.563-04:00
4543,prizepicks,15192246,2026-09-25T16:41:23+00:00,27.0,standard,pre_game,2026-09-24T11:19:54.746-04:00
4544,prizepicks,15192247,2026-09-25T16:41:23+00:00,27.0,standard,pre_game,2026-09-24T11:19:54.746-04:00
4545,prizepicks,15192248,2026-09-25T16:41:23+00:00,31.5,standard,pre_game,2026-09-24T11:19:54.746-04:00
4546,prizepicks,15192249,2026-09-25T16:41:23+00:00,33.5,standard,pre_game,2026-09-25T12:35:45.549-04:00
4547,prizepicks,15192250,2026-09-25T16:41:23+00:00,29.5,standard,pre_game,2026-09-24T11:19:54.746-04:00
4548,prizepicks,15194526,2026-09-25T16:41:23+00:00,33.0,standard,pre_game,2026-09-24T12:06:53.570-04:00
4549,prizepicks,15194527,2026-09-25T16:41:23+00:00,32.0,standard,pre_game,2026-09-24T12:06:53.570-04:00
4550,prizepicks,15194528,2026-09-25T16:41:23+00:00,28.0,standard,pre_game,2026-09-24T12:06:53.570-04:00
4551,prizepicks,15194529,2026-09-25T16:41:23+00:00,28.0,standard,pre_game,2026-09-24T12:06:53.570-04:00
4552,prizepicks,15194530,2026-09-25T16:41:23+00:00,25.0,standard,pre_game,2026-09-24T14:08:32.752-04:00
4553,prizepicks,15194531,2026-09-25T16:41:23+00:00,31.5,standard,pre_game,2026-09-25T03:58:36.251-04:00
4554,prizepicks,15194532,2026-09-25T16:41:23+00:00,28.0,standard,pre_game,2026-09-24T12:06:59.211-04:00
4555,prizepicks,15194533,2026-09-25T16:41:23+00:00,28.0,standard,pre_game,2026-09-24T12:06:59.211-04:00
4556,prizepicks,15194534,2026-09-25T16:41:23+00:00,27.5,standard,pre_game,2026-09-24T12:06:59.211-04:00
4557,prizepicks,15194535,2026-09-25T16:41:23+00:00,27.0,standard,pre_game,2026-09-24T12:06:59.211-04:00
4558,prizepicks,15194538,2026-09-25T16:41:23+00:00,20.0,standard,pre_game,2026-09-24T12:06:53.570-04:00
4559,prizepicks,15194542,2026-09-25T16:41:23+00:00,17.0,standard,pre_game,2026-09-24T23:55:45.816-04:00
4560,prizepicks,15194543,2026-09-25T16:41:23+00:00,15.5,standard,pre_game,2026-09-24T12:06:53.570-04:00
4561,prizepicks,15194545,2026-09-25T16:41:23+00:00,10.0,standard,pre_game,2026-09-24T12:06:53.570-04:00
4562,prizepicks,15194546,2026-09-25T16:41:23+00:00,11.5,standard,pre_game,2026-09-24T17:25:11.251-04:00
4563,prizepicks,15194547,2026-09-25T16:41:23+00:00,16.5,standard,pre_game,2026-09-24T15:27:03.304-04:00
4564,prizepicks,15194548,2026-09-25T16:41:23+00:00,15.0,standard,pre_game,2026-09-24T12:06:59.211-04:00
4565,prizepicks,15194549,2026-09-25T16:41:23+00:00,9.5,standard,pre_game,2026-09-24T12:06:59.211-04:00
4566,prizepicks,15194550,2026-09-25T16:41:23+00:00,15.0,standard,pre_game,2026-09-24T12:06:59.211-04:00
4567,prizepicks,15194551,2026-09-25T16:41:23+00:00,17.0,standard,pre_game,2026-09-24T12:06:59.211-04:00
4568,prizepicks,15196267,2026-09-25T16:41:23+00:00,14.5,standard,pre_game,2026-09-24T13:43:57.652-04:00
4569,prizepicks,15196277,2026-09-25T16:41:23+00:00,7.0,standard,pre_game,2026-09-24T13:43:58.214-04:00
4570,prizepicks,15196268,2026-09-25T16:41:23+00:00,14.5,standard,pre_game,2026-09-24T13:43:57.765-04:00
4571,prizepicks,15196278,2026-09-25T16:41:23+00:00,7.0,standard,pre_game,2026-09-24T13:43:58.260-04:00
4572,prizepicks,15196269,2026-09-25T16:41:23+00:00,12.0,standard,pre_game,2026-09-24T13:43:57.822-04:00
4573,prizepicks,15196279,2026-09-25T16:41:23+00:00,6.5,standard,pre_game,2026-09-24T13:43:58.312-04:00
4574,prizepicks,15196270,2026-09-25T16:41:23+00:00,14.5,standard,pre_game,2026-09-24T13:43:57.886-04:00
4575,prizepicks,15196280,2026-09-25T16:41:23+00:00,8.0,standard,pre_game,2026-09-24T13:43:58.359-04:00
4576,prizepicks,15196271,2026-09-25T16:41:23+00:00,16.0,standard,pre_game,2026-09-24T13:43:57.934-04:00
4577,prizepicks,15196281,2026-09-25T16:41:23+00:00,5.5,standard,pre_game,2026-09-24T13:43:58.427-04:00
4578,prizepicks,15196272,2026-09-25T16:41:23+00:00,14.0,standard,pre_game,2026-09-24T13:43:57.980-04:00
4579,prizepicks,15196282,2026-09-25T16:41:23+00:00,6.0,standard,pre_game,2026-09-24T13:43:58.475-04:00
4580,prizepicks,15196273,2026-09-25T16:41:23+00:00,14.0,standard,pre_game,2026-09-24T13:43:58.026-04:00
4581,prizepicks,15196283,2026-09-25T16:41:23+00:00,4.5,standard,pre_game,2026-09-24T13:43:58.522-04:00
4582,prizepicks,15196274,2026-09-25T16:41:23+00:00,13.0,standard,pre_game,2026-09-24T13:43:58.075-04:00
4583,prizepicks,15196284,2026-09-25T16:41:23+00:00,8.0,standard,pre_game,2026-09-24T13:43:58.571-04:00
4584,prizepicks,15196275,2026-09-25T16:41:23+00:00,14.0,standard,pre_game,2026-09-24T13:43:58.120-04:00
4585,prizepicks,15196285,2026-09-25T16:41:23+00:00,7.5,standard,pre_game,2026-09-24T13:43:58.618-04:00
4586,prizepicks,15196276,2026-09-25T16:41:23+00:00,13.5,standard,pre_game,2026-09-24T13:43:58.165-04:00
4587,prizepicks,15196286,2026-09-25T16:41:23+00:00,8.0,standard,pre_game,2026-09-24T13:43:58.668-04:00
4588,prizepicks,15194630,2026-09-25T16:41:23+00:00,16.0,standard,pre_game,2026-09-25T08:51:34.506-04:00
4589,prizepicks,15194631,2026-09-25T16:41:23+00:00,15.0,standard,pre_game,2026-09-25T10:41:53.569-04:00
4590,prizepicks,15194632,2026-09-25T16:41:23+00:00,14.5,standard,pre_game,2026-09-25T08:51:34.506-04:00
4591,prizepicks,15194633,2026-09-25T16:41:23+00:00,14.0,standard,pre_game,2026-09-25T08:51:34.506-04:00
4592,prizepicks,15194634,2026-09-25T16:41:23+00:00,13.5,standard,pre_game,2026-09-25T08:51:34.506-04:00
4593,prizepicks,15194635,2026-09-25T16:41:23+00:00,14.5,standard,pre_game,2026-09-25T08:51:34.506-04:00
4594,prizepicks,15194636,2026-09-25T16:41:23+00:00,13.5,standard,pre_game,2026-09-25T08:51:34.506-04:00
4595,prizepicks,15194637,2026-09-25T16:41:23+00:00,13.5,standard,pre_game,2026-09-25T08:51:34.506-04:00
4596,prizepicks,15194638,2026-09-25T16:41:23+00:00,13.0,standard,pre_game,2026-09-25T08:51:34.506-04:00
4597,prizepicks,15194639,2026-09-25T16:41:23+00:00,12.5,standard,pre_game,2026-09-25T08:51:34.506-04:00
4598,prizepicks,15194640,2026-09-25T16:41:23+00:00,10.0,standard,pre_game,2026-09-25T08:51:34.506-04:00
4599,prizepicks,15194641,2026-09-25T16:41:23+00:00,6.0,standard,pre_game,2026-09-25T08:51:34.506-04:00
4600,prizepicks,15194642,2026-09-25T16:41:23+00:00,8.5,standard,pre_game,2026-09-25T08:51:34.506-04:00
4601,prizepicks,15194643,2026-09-25T16:41:23+00:00,8.0,standard,pre_game,2026-09-25T08:51:34.506-04:00
4602,prizepicks,15194644,2026-09-25T16:41:23+00:00,8.0,standard,pre_game,2026-09-25T08:51:34.506-04:00
4603,prizepicks,15194645,2026-09-25T16:41:23+00:00,8.5,standard,pre_game,2026-09-25T08:51:34.506-04:00
4604,prizepicks,15194646,2026-09-25T16:41:23+00:00,6.5,standard,pre_game,2026-09-25T08:51:34.506-04:00
4605,prizepicks,15194647,2026-09-25T16:41:23+00:00,7.0,standard,pre_game,2026-09-25T08:51:34.506-04:00
4606,prizepicks,15194648,2026-09-25T16:41:23+00:00,4.5,standard,pre_game,2026-09-25T08:51:34.506-04:00
4607,prizepicks,15194649,2026-09-25T16:41:23+00:00,7.0,standard,pre_game,2026-09-25T08:51:34.506-04:00
4608,prizepicks,15200460,2026-09-25T16:41:23+00:00,32.0,standard,pre_game,2026-09-24T15:57:19.856-04:00
4609,prizepicks,15200461,2026-09-25T16:41:23+00:00,32.0,standard,pre_game,2026-09-24T15:57:19.856-04:00
4610,prizepicks,15200462,2026-09-25T16:41:23+00:00,29.5,standard,pre_game,2026-09-24T15:57:19.856-04:00
4611,prizepicks,15200463,2026-09-25T16:41:23+00:00,27.0,standard,pre_game,2026-09-24T15:57:19.856-04:00
4612,prizepicks,15200464,2026-09-25T16:41:23+00:00,27.0,standard,pre_game,2026-09-24T15:57:19.856-04:00
4613,prizepicks,15200465,2026-09-25T16:41:23+00:00,24.0,standard,pre_game,2026-09-24T16:15:19.996-04:00
4614,prizepicks,15200466,2026-09-25T16:41:23+00:00,25.0,standard,pre_game,2026-09-24T16:15:15.959-04:00
4615,prizepicks,15200467,2026-09-25T16:41:23+00:00,24.5,standard,pre_game,2026-09-24T23:12:21.975-04:00
4616,prizepicks,15200468,2026-09-25T16:41:23+00:00,25.5,standard,pre_game,2026-09-24T15:57:24.152-04:00
4617,prizepicks,15200469,2026-09-25T16:41:23+00:00,24.0,standard,pre_game,2026-09-24T15:57:24.152-04:00
4618,prizepicks,15200470,2026-09-25T16:41:23+00:00,11.0,standard,pre_game,2026-09-24T15:57:19.856-04:00
4619,prizepicks,15200471,2026-09-25T16:41:23+00:00,15.5,standard,pre_game,2026-09-24T15:57:19.856-04:00
4620,prizepicks,15200472,2026-09-25T16:41:23+00:00,17.5,standard,pre_game,2026-09-24T15:57:19.856-04:00
4621,prizepicks,15200473,2026-09-25T16:41:23+00:00,14.5,standard,pre_game,2026-09-24T15:57:19.856-04:00
4622,prizepicks,15200474,2026-09-25T16:41:23+00:00,13.5,standard,pre_game,2026-09-24T15:57:19.856-04:00
4623,prizepicks,15200475,2026-09-25T16:41:23+00:00,15.0,standard,pre_game,2026-09-24T22:41:32.110-04:00
4624,prizepicks,15200476,2026-09-25T16:41:23+00:00,14.5,standard,pre_game,2026-09-24T15:57:24.152-04:00
4625,prizepicks,15200477,2026-09-25T16:41:23+00:00,15.5,standard,pre_game,2026-09-25T11:18:38.932-04:00
4626,prizepicks,15200478,2026-09-25T16:41:23+00:00,9.5,standard,pre_game,2026-09-24T15:57:24.152-04:00
4627,prizepicks,15200479,2026-09-25T16:41:23+00:00,12.0,standard,pre_game,2026-09-24T15:57:24.152-04:00
4628,prizepicks,15198653,2026-09-25T16:41:23+00:00,32.5,standard,pre_game,2026-09-24T15:14:09.253-04:00
4629,prizepicks,15198663,2026-09-25T16:41:23+00:00,19.0,standard,pre_game,2026-09-24T21:14:41.428-04:00
4630,prizepicks,15198654,2026-09-25T16:41:23+00:00,30.5,standard,pre_game,2026-09-24T15:09:32.851-04:00
4631,prizepicks,15198664,2026-09-25T16:41:23+00:00,14.5,standard,pre_game,2026-09-24T15:09:32.851-04:00
4632,prizepicks,15198655,2026-09-25T16:41:23+00:00,29.0,standard,pre_game,2026-09-24T15:09:32.851-04:00
4633,prizepicks,15198665,2026-09-25T16:41:23+00:00,10.5,standard,pre_game,2026-09-24T15:09:32.851-04:00
4634,prizepicks,15198656,2026-09-25T16:41:23+00:00,29.0,standard,pre_game,2026-09-24T15:09:32.851-04:00
4635,prizepicks,15198666,2026-09-25T16:41:23+00:00,16.5,standard,pre_game,2026-09-24T15:09:32.851-04:00
4636,prizepicks,15198657,2026-09-25T16:41:23+00:00,26.0,standard,pre_game,2026-09-24T15:09:32.851-04:00
4637,prizepicks,15198667,2026-09-25T16:41:23+00:00,13.0,standard,pre_game,2026-09-24T15:09:32.851-04:00
4638,prizepicks,15198658,2026-09-25T16:41:23+00:00,27.5,standard,pre_game,2026-09-24T15:09:38.410-04:00
4639,prizepicks,15198668,2026-09-25T16:41:23+00:00,9.5,standard,pre_game,2026-09-24T15:09:38.410-04:00
4640,prizepicks,15198659,2026-09-25T16:41:23+00:00,26.5,standard,pre_game,2026-09-25T01:53:52.670-04:00
4641,prizepicks,15198669,2026-09-25T16:41:23+00:00,13.0,standard,pre_game,2026-09-24T23:11:22.405-04:00
4642,prizepicks,15198660,2026-09-25T16:41:23+00:00,26.0,standard,pre_game,2026-09-24T15:09:38.410-04:00
4643,prizepicks,15198670,2026-09-25T16:41:23+00:00,13.0,standard,pre_game,2026-09-24T15:09:38.410-04:00
4644,prizepicks,15198661,2026-09-25T16:41:23+00:00,26.0,standard,pre_game,2026-09-24T15:09:38.410-04:00
4645,prizepicks,15198671,2026-09-25T16:41:23+00:00,15.5,standard,pre_game,2026-09-24T15:09:38.410-04:00
4646,prizepicks,15198662,2026-09-25T16:41:23+00:00,24.0,standard,pre_game,2026-09-24T23:12:39.431-04:00
4647,prizepicks,15198672,2026-09-25T16:41:23+00:00,12.5,standard,pre_game,2026-09-24T16:16:44.278-04:00
4648,prizepicks,15212932,2026-09-25T16:41:23+00:00,16.5,demon,pre_game,2026-09-25T01:38:38.517-04:00
4649,prizepicks,15212935,2026-09-25T16:41:23+00:00,16.5,demon,pre_game,2026-09-25T01:38:30.160-04:00
4650,prizepicks,15212917,2026-09-25T16:41:23+00:00,15.5,demon,pre_game,2026-09-25T01:38:38.517-04:00
4651,prizepicks,15212920,2026-09-25T16:41:23+00:00,15.5,demon,pre_game,2026-09-25T01:38:30.160-04:00
4652,prizepicks,15212924,2026-09-25T16:41:23+00:00,15.5,demon,pre_game,2026-09-25T01:38:30.160-04:00
4653,prizepicks,15212931,2026-09-25T16:41:23+00:00,15.5,standard,pre_game,2026-09-25T01:38:38.517-04:00
4654,prizepicks,15212934,2026-09-25T16:41:23+00:00,15.5,standard,pre_game,2026-09-25T01:38:30.160-04:00
4655,prizepicks,15212916,2026-09-25T16:41:23+00:00,14.5,standard,pre_game,2026-09-25T01:38:38.517-04:00
4656,prizepicks,15212919,2026-09-25T16:41:23+00:00,14.5,standard,pre_game,2026-09-25T01:38:30.160-04:00
4657,prizepicks,15212933,2026-09-25T16:41:23+00:00,14.5,goblin,pre_game,2026-09-25T01:38:38.517-04:00
4658,prizepicks,15212936,2026-09-25T16:41:23+00:00,14.5,goblin,pre_game,2026-09-25T01:38:30.160-04:00
4659,prizepicks,15212918,2026-09-25T16:41:23+00:00,13.5,goblin,pre_game,2026-09-25T01:38:38.517-04:00
4660,prizepicks,15212921,2026-09-25T16:41:23+00:00,13.5,goblin,pre_game,2026-09-25T01:38:30.160-04:00
4661,prizepicks,15212922,2026-09-25T16:41:23+00:00,13.5,goblin,pre_game,2026-09-25T01:38:38.517-04:00
4662,prizepicks,15212923,2026-09-25T16:41:23+00:00,13.5,goblin,pre_game,2026-09-25T01:38:30.160-04:00
4663,prizepicks,15212905,2026-09-25T16:41:23+00:00,11.5,goblin,pre_game,2026-09-25T01:38:38.517-04:00
4664,prizepicks,15212907,2026-09-25T16:41:23+00:00,11.5,goblin,pre_game,2026-09-25T01:38:30.160-04:00
4665,prizepicks,15212904,2026-09-25T16:41:23+00:00,7.5,standard,pre_game,2026-09-25T08:56:27.543-04:00
4666,prizepicks,15212906,2026-09-25T16:41:23+00:00,7.5,standard,pre_game,2026-09-25T08:56:27.504-04:00
4667,prizepicks,15212980,2026-09-25T16:41:23+00:00,16.5,demon,pre_game,2026-09-25T01:43:27.356-04:00
4668,prizepicks,15212953,2026-09-25T16:41:23+00:00,15.5,demon,pre_game,2026-09-25T01:43:27.356-04:00
4669,prizepicks,15212960,2026-09-25T16:41:23+00:00,15.5,demon,pre_game,2026-09-25T01:40:48.704-04:00
4670,prizepicks,15212968,2026-09-25T16:41:23+00:00,15.5,demon,pre_game,2026-09-25T01:43:27.356-04:00
4671,prizepicks,15212974,2026-09-25T16:41:23+00:00,15.5,demon,pre_game,2026-09-25T01:40:48.704-04:00
4672,prizepicks,15212979,2026-09-25T16:41:23+00:00,15.5,standard,pre_game,2026-09-25T12:22:15.155-04:00
4673,prizepicks,15212997,2026-09-25T16:41:23+00:00,15.5,demon,pre_game,2026-09-25T01:40:48.704-04:00
4674,prizepicks,15212959,2026-09-25T16:41:23+00:00,14.5,standard,pre_game,2026-09-25T01:40:48.704-04:00
4675,prizepicks,15212967,2026-09-25T16:41:23+00:00,14.5,standard,pre_game,2026-09-25T01:43:27.356-04:00
4676,prizepicks,15212973,2026-09-25T16:41:23+00:00,14.5,standard,pre_game,2026-09-25T01:40:48.704-04:00
4677,prizepicks,15212981,2026-09-25T16:41:23+00:00,14.5,goblin,pre_game,2026-09-25T01:43:27.356-04:00
4678,prizepicks,15212996,2026-09-25T16:41:23+00:00,14.5,standard,pre_game,2026-09-25T01:40:48.704-04:00
4679,prizepicks,15212961,2026-09-25T16:41:23+00:00,13.5,goblin,pre_game,2026-09-25T01:40:48.704-04:00
4680,prizepicks,15212969,2026-09-25T16:41:23+00:00,13.5,goblin,pre_game,2026-09-25T01:43:27.356-04:00
4681,prizepicks,15212975,2026-09-25T16:41:23+00:00,13.5,goblin,pre_game,2026-09-25T01:40:48.704-04:00
4682,prizepicks,15212992,2026-09-25T16:41:23+00:00,13.5,demon,pre_game,2026-09-25T01:40:48.704-04:00
4683,prizepicks,15212998,2026-09-25T16:41:23+00:00,13.5,goblin,pre_game,2026-09-25T01:40:48.704-04:00
4684,prizepicks,15212991,2026-09-25T16:41:23+00:00,12.5,standard,pre_game,2026-09-25T12:22:15.132-04:00
4685,prizepicks,15212993,2026-09-25T16:41:23+00:00,11.5,goblin,pre_game,2026-09-25T01:40:48.704-04:00
4686,prizepicks,15212952,2026-09-25T16:41:23+00:00,7.5,standard,pre_game,2026-09-25T01:43:27.356-04:00
4687,prizepicks,15212958,2026-09-25T16:41:23+00:00,7.5,standard,pre_game,2026-09-25T01:40:48.704-04:00
4688,prizepicks,15212966,2026-09-25T16:41:23+00:00,4.5,standard,pre_game,2026-09-25T01:43:27.356-04:00
4689,prizepicks,15215017,2026-09-25T16:41:23+00:00,25.5,standard,pre_game,2026-09-25T01:38:38.517-04:00
4690,prizepicks,15215022,2026-09-25T16:41:23+00:00,14.5,standard,pre_game,2026-09-25T01:38:38.517-04:00
4691,prizepicks,15215018,2026-09-25T16:41:23+00:00,29.5,standard,pre_game,2026-09-25T01:38:38.517-04:00
4692,prizepicks,15215019,2026-09-25T16:41:23+00:00,31.5,standard,pre_game,2026-09-25T01:38:38.517-04:00
4693,prizepicks,15215024,2026-09-25T16:41:23+00:00,16.5,standard,pre_game,2026-09-25T01:38:38.517-04:00
4694,prizepicks,15215020,2026-09-25T16:41:23+00:00,31.5,standard,pre_game,2026-09-25T01:38:38.517-04:00
4695,prizepicks,15215025,2026-09-25T16:41:23+00:00,15.5,standard,pre_game,2026-09-25T01:38:38.517-04:00
4696,prizepicks,15215021,2026-09-25T16:41:23+00:00,29.5,standard,pre_game,2026-09-25T01:38:38.517-04:00
4697,prizepicks,15215026,2026-09-25T16:41:23+00:00,14.5,standard,pre_game,2026-09-25T01:38:38.517-04:00
4698,prizepicks,15215272,2026-09-25T16:41:23+00:00,29.5,standard,pre_game,2026-09-25T01:42:28.810-04:00
4699,prizepicks,15215280,2026-09-25T16:41:23+00:00,15.5,standard,pre_game,2026-09-25T01:42:28.689-04:00
4700,prizepicks,15215273,2026-09-25T16:41:23+00:00,29.5,standard,pre_game,2026-09-25T10:38:29.849-04:00
4701,prizepicks,15215281,2026-09-25T16:41:23+00:00,15.5,standard,pre_game,2026-09-25T01:42:28.723-04:00
4702,prizepicks,15215274,2026-09-25T16:41:23+00:00,24.5,standard,pre_game,2026-09-25T01:42:28.782-04:00
4703,prizepicks,15215282,2026-09-25T16:41:23+00:00,13.5,standard,pre_game,2026-09-25T01:42:28.751-04:00
4704,prizepicks,15215275,2026-09-25T16:41:23+00:00,30.5,standard,pre_game,2026-09-25T01:42:28.640-04:00
4705,prizepicks,15215283,2026-09-25T16:41:23+00:00,16.5,standard,pre_game,2026-09-25T01:42:28.870-04:00
4706,prizepicks,15215276,2026-09-25T16:41:23+00:00,29.5,standard,pre_game,2026-09-25T01:41:18.689-04:00
4707,prizepicks,15215284,2026-09-25T16:41:23+00:00,15.5,standard,pre_game,2026-09-25T01:41:18.689-04:00
4708,prizepicks,15215277,2026-09-25T16:41:23+00:00,31.5,standard,pre_game,2026-09-25T01:41:18.689-04:00
4709,prizepicks,15215285,2026-09-25T16:41:23+00:00,14.5,standard,pre_game,2026-09-25T01:41:18.689-04:00
4710,prizepicks,15215278,2026-09-25T16:41:23+00:00,29.5,standard,pre_game,2026-09-25T01:41:18.689-04:00
4711,prizepicks,15215286,2026-09-25T16:41:23+00:00,10.5,standard,pre_game,2026-09-25T01:41:18.689-04:00
4712,prizepicks,15215279,2026-09-25T16:41:23+00:00,26.5,standard,pre_game,2026-09-25T01:41:18.689-04:00
4713,prizepicks,15215287,2026-09-25T16:41:23+00:00,13.5,standard,pre_game,2026-09-25T01:41:18.689-04:00
4714,prizepicks,15229269,2026-09-25T16:41:23+00:00,29.5,standard,pre_game,2026-09-25T12:09:07.695-04:00
4715,prizepicks,15229270,2026-09-25T16:41:23+00:00,32.5,standard,pre_game,2026-09-25T12:09:07.695-04:00
4716,prizepicks,15229271,2026-09-25T16:41:23+00:00,31.0,standard,pre_game,2026-09-25T12:09:07.695-04:00
4717,prizepicks,15229272,2026-09-25T16:41:23+00:00,28.5,standard,pre_game,2026-09-25T12:38:22.790-04:00
4718,prizepicks,15229273,2026-09-25T16:41:23+00:00,27.5,standard,pre_game,2026-09-25T12:09:07.695-04:00
4719,prizepicks,15229274,2026-09-25T16:41:23+00:00,15.0,standard,pre_game,2026-09-25T12:09:07.695-04:00
4720,prizepicks,15229275,2026-09-25T16:41:23+00:00,21.0,standard,pre_game,2026-09-25T12:09:07.695-04:00
4721,prizepicks,15229276,2026-09-25T16:41:23+00:00,11.5,standard,pre_game,2026-09-25T12:09:07.695-04:00
4722,prizepicks,15229277,2026-09-25T16:41:23+00:00,17.0,standard,pre_game,2026-09-25T12:09:07.695-04:00
4723,prizepicks,15229278,2026-09-25T16:41:23+00:00,15.5,standard,pre_game,2026-09-25T12:23:09.822-04:00
4724,prizepicks,15228548,2026-09-25T16:41:23+00:00,33.0,standard,pre_game,2026-09-25T11:42:51.824-04:00
4725,prizepicks,15228558,2026-09-25T16:41:23+00:00,17.0,standard,pre_game,2026-09-25T11:42:51.824-04:00
4726,prizepicks,15228549,2026-09-25T16:41:23+00:00,31.0,standard,pre_game,2026-09-25T11:42:51.824-04:00
4727,prizepicks,15228559,2026-09-25T16:41:23+00:00,9.0,standard,pre_game,2026-09-25T11:42:51.824-04:00
4728,prizepicks,15228550,2026-09-25T16:41:23+00:00,28.5,standard,pre_game,2026-09-25T11:42:51.824-04:00
4729,prizepicks,15228560,2026-09-25T16:41:23+00:00,16.5,standard,pre_game,2026-09-25T11:42:51.824-04:00
4730,prizepicks,15228551,2026-09-25T16:41:23+00:00,28.5,standard,pre_game,2026-09-25T11:42:51.824-04:00
4731,prizepicks,15228561,2026-09-25T16:41:23+00:00,16.5,standard,pre_game,2026-09-25T11:42:51.824-04:00
4732,prizepicks,15228552,2026-09-25T16:41:23+00:00,28.5,standard,pre_game,2026-09-25T11:42:51.824-04:00
4733,prizepicks,15228562,2026-09-25T16:41:23+00:00,15.0,standard,pre_game,2026-09-25T11:42:51.824-04:00
4734,prizepicks,15228553,2026-09-25T16:41:23+00:00,32.0,standard,pre_game,2026-09-25T11:42:56.585-04:00
4735,prizepicks,15228563,2026-09-25T16:41:23+00:00,17.5,standard,pre_game,2026-09-25T11:42:56.585-04:00
4736,prizepicks,15228554,2026-09-25T16:41:23+00:00,29.5,standard,pre_game,2026-09-25T11:42:56.585-04:00
4737,prizepicks,15228564,2026-09-25T16:41:23+00:00,14.5,standard,pre_game,2026-09-25T11:42:56.585-04:00
4738,prizepicks,15228555,2026-09-25T16:41:23+00:00,28.0,standard,pre_game,2026-09-25T11:42:56.585-04:00
4739,prizepicks,15228565,2026-09-25T16:41:23+00:00,11.0,standard,pre_game,2026-09-25T11:46:26.189-04:00
4740,prizepicks,15228556,2026-09-25T16:41:23+00:00,27.0,standard,pre_game,2026-09-25T11:42:56.585-04:00
4741,prizepicks,15228566,2026-09-25T16:41:23+00:00,14.5,standard,pre_game,2026-09-25T11:42:56.585-04:00
4742,prizepicks,15228557,2026-09-25T16:41:23+00:00,23.5,standard,pre_game,2026-09-25T11:42:56.585-04:00
4743,prizepicks,15228567,2026-09-25T16:41:23+00:00,13.0,standard,pre_game,2026-09-25T11:42:56.585-04:00
4744,prizepicks,15228678,2026-09-25T16:41:23+00:00,33.5,standard,pre_game,2026-09-25T11:42:39.194-04:00
4745,prizepicks,15228683,2026-09-25T16:41:23+00:00,18.5,standard,pre_game,2026-09-25T11:42:39.194-04:00
4746,prizepicks,15228679,2026-09-25T16:41:23+00:00,30.5,standard,pre_game,2026-09-25T11:42:39.194-04:00
4747,prizepicks,15228684,2026-09-25T16:41:23+00:00,19.5,standard,pre_game,2026-09-25T11:42:39.194-04:00
4748,prizepicks,15228680,2026-09-25T16:41:23+00:00,30.0,standard,pre_game,2026-09-25T11:42:39.194-04:00
4749,prizepicks,15228685,2026-09-25T16:41:23+00:00,19.0,standard,pre_game,2026-09-25T11:42:39.194-04:00
4750,prizepicks,15228681,2026-09-25T16:41:23+00:00,28.5,standard,pre_game,2026-09-25T11:42:39.194-04:00
4751,prizepicks,15228686,2026-09-25T16:41:23+00:00,10.0,standard,pre_game,2026-09-25T11:42:39.194-04:00
4752,prizepicks,15228682,2026-09-25T16:41:23+00:00,27.5,standard,pre_game,2026-09-25T11:42:39.194-04:00
4753,prizepicks,15228687,2026-09-25T16:41:23+00:00,13.5,standard,pre_game,2026-09-25T11:42:39.194-04:00
4754,prizepicks,15191450,2026-09-25T16:41:23+00:00,17.5,demon,pre_game,2026-09-25T11:42:51.824-04:00
4755,prizepicks,15191452,2026-09-25T16:41:23+00:00,17.5,demon,pre_game,2026-09-25T11:43:17.748-04:00
4756,prizepicks,15191448,2026-09-25T16:41:23+00:00,16.5,standard,pre_game,2026-09-25T11:42:51.824-04:00
4757,prizepicks,15191451,2026-09-25T16:41:23+00:00,16.5,standard,pre_game,2026-09-25T11:43:17.748-04:00
4758,prizepicks,15191449,2026-09-25T16:41:23+00:00,15.5,goblin,pre_game,2026-09-25T11:42:51.824-04:00
4759,prizepicks,15191455,2026-09-25T16:41:23+00:00,15.5,demon,pre_game,2026-09-25T11:42:51.824-04:00
4760,prizepicks,15191458,2026-09-25T16:41:23+00:00,15.5,demon,pre_game,2026-09-25T11:43:17.748-04:00
4761,prizepicks,15191453,2026-09-25T16:41:23+00:00,14.5,standard,pre_game,2026-09-25T11:42:51.824-04:00
4762,prizepicks,15191456,2026-09-25T16:41:23+00:00,14.5,standard,pre_game,2026-09-25T11:43:17.748-04:00
4763,prizepicks,15191460,2026-09-25T16:41:23+00:00,14.5,demon,pre_game,2026-09-25T11:42:51.824-04:00
4764,prizepicks,15191463,2026-09-25T16:41:23+00:00,14.5,demon,pre_game,2026-09-25T11:43:17.748-04:00
4765,prizepicks,15191467,2026-09-25T16:41:23+00:00,14.5,demon,pre_game,2026-09-25T11:42:51.824-04:00
4766,prizepicks,15191471,2026-09-25T16:41:23+00:00,14.5,demon,pre_game,2026-09-25T11:43:17.748-04:00
4767,prizepicks,15191472,2026-09-25T16:41:23+00:00,14.5,demon,pre_game,2026-09-25T11:42:51.824-04:00
4768,prizepicks,15191474,2026-09-25T16:41:23+00:00,14.5,demon,pre_game,2026-09-25T11:43:17.748-04:00
4769,prizepicks,15191454,2026-09-25T16:41:23+00:00,13.5,goblin,pre_game,2026-09-25T11:42:51.824-04:00
4770,prizepicks,15191457,2026-09-25T16:41:23+00:00,13.5,goblin,pre_game,2026-09-25T11:43:17.748-04:00
4771,prizepicks,15191465,2026-09-25T16:41:23+00:00,13.5,standard,pre_game,2026-09-25T11:42:51.824-04:00
4772,prizepicks,15191469,2026-09-25T16:41:23+00:00,13.5,standard,pre_game,2026-09-25T11:43:17.748-04:00
4773,prizepicks,15191466,2026-09-25T16:41:23+00:00,12.5,goblin,pre_game,2026-09-25T11:42:51.824-04:00
4774,prizepicks,15191470,2026-09-25T16:41:23+00:00,12.5,goblin,pre_game,2026-09-25T11:43:17.748-04:00
4775,prizepicks,15191447,2026-09-25T16:41:23+00:00,9.5,standard,pre_game,2026-09-25T11:42:51.824-04:00
4776,prizepicks,15191459,2026-09-25T16:41:23+00:00,7.5,standard,pre_game,2026-09-25T11:42:51.824-04:00
4777,prizepicks,15191461,2026-09-25T16:41:23+00:00,7.5,standard,pre_game,2026-09-25T11:43:17.748-04:00
4778,prizepicks,15191464,2026-09-25T16:41:23+00:00,7.5,standard,pre_game,2026-09-25T11:42:51.824-04:00
4779,prizepicks,15191468,2026-09-25T16:41:23+00:00,7.5,standard,pre_game,2026-09-25T11:43:17.748-04:00
4780,prizepicks,14889444,2026-09-25T16:42:36+00:00,7.5,standard,pre_game,2026-09-23T23:18:35.181-04:00
4781,prizepicks,14893789,2026-09-25T16:42:36+00:00,90.5,standard,pre_game,2026-09-22T10:30:37.173-04:00
4782,prizepicks,14893790,2026-09-25T16:42:36+00:00,94.5,standard,pre_game,2026-09-20T20:06:51.078-04:00
4783,prizepicks,14893661,2026-09-25T16:42:36+00:00,29.5,standard,pre_game,2026-09-15T19:46:42.682-04:00
4784,prizepicks,14893662,2026-09-25T16:42:36+00:00,31.5,standard,pre_game,2026-09-15T19:45:18.094-04:00
4785,prizepicks,14893663,2026-09-25T16:42:36+00:00,26.5,standard,pre_game,2026-09-15T16:44:07.102-04:00
4786,prizepicks,14893664,2026-09-25T16:42:36+00:00,28.5,standard,pre_game,2026-09-15T16:44:07.102-04:00
4787,prizepicks,14893665,2026-09-25T16:42:36+00:00,31.0,standard,pre_game,2026-09-22T17:33:48.439-04:00
4788,prizepicks,14893666,2026-09-25T16:42:36+00:00,31.0,standard,pre_game,2026-09-16T20:06:33.663-04:00
4789,prizepicks,14893667,2026-09-25T16:42:36+00:00,33.5,standard,pre_game,2026-09-20T20:06:51.038-04:00
4790,prizepicks,14893668,2026-09-25T16:42:36+00:00,26.5,standard,pre_game,2026-09-15T16:43:58.006-04:00
4791,prizepicks,14893669,2026-09-25T16:42:36+00:00,29.5,standard,pre_game,2026-09-15T16:43:58.006-04:00
4792,prizepicks,14893670,2026-09-25T16:42:36+00:00,31.5,standard,pre_game,2026-09-15T16:43:58.006-04:00
4793,prizepicks,14889445,2026-09-25T16:42:36+00:00,7.5,standard,pre_game,2026-09-15T16:44:20.483-04:00
4794,prizepicks,14893792,2026-09-25T16:42:36+00:00,59.5,standard,pre_game,2026-09-24T23:29:52.674-04:00
4795,prizepicks,14893672,2026-09-25T16:42:36+00:00,31.5,standard,pre_game,2026-09-23T23:59:58.956-04:00
4796,prizepicks,14893673,2026-09-25T16:42:36+00:00,35.5,standard,pre_game,2026-09-15T19:40:42.526-04:00
4797,prizepicks,14893674,2026-09-25T16:42:36+00:00,29.0,standard,pre_game,2026-09-22T20:26:53.680-04:00
4798,prizepicks,14893675,2026-09-25T16:42:36+00:00,32.5,standard,pre_game,2026-09-15T16:44:20.483-04:00
4799,prizepicks,14893676,2026-09-25T16:42:36+00:00,25.5,standard,pre_game,2026-09-15T19:44:24.606-04:00
4800,prizepicks,14893677,2026-09-25T16:42:36+00:00,34.5,standard,pre_game,2026-09-15T16:49:04.005-04:00
4801,prizepicks,14893678,2026-09-25T16:42:36+00:00,28.0,standard,pre_game,2026-09-15T19:41:03.824-04:00
4802,prizepicks,14893679,2026-09-25T16:42:36+00:00,28.5,standard,pre_game,2026-09-15T19:45:36.562-04:00
4803,prizepicks,14893680,2026-09-25T16:42:36+00:00,25.5,standard,pre_game,2026-09-15T16:48:36.355-04:00
4804,prizepicks,14889446,2026-09-25T16:42:36+00:00,8.5,standard,pre_game,2026-09-15T16:44:41.745-04:00
4805,prizepicks,14893793,2026-09-25T16:42:36+00:00,90.5,standard,pre_game,2026-09-15T16:44:41.745-04:00
4806,prizepicks,14893794,2026-09-25T16:42:36+00:00,62.0,standard,pre_game,2026-09-25T11:19:42.741-04:00
4807,prizepicks,14893681,2026-09-25T16:42:36+00:00,31.0,standard,pre_game,2026-09-24T23:29:08.801-04:00
4808,prizepicks,14893682,2026-09-25T16:42:36+00:00,28.5,standard,pre_game,2026-09-15T19:41:39.730-04:00
4809,prizepicks,14893683,2026-09-25T16:42:36+00:00,31.5,standard,pre_game,2026-09-15T16:44:41.745-04:00
4810,prizepicks,14893684,2026-09-25T16:42:36+00:00,28.0,standard,pre_game,2026-09-15T16:44:41.745-04:00
4811,prizepicks,14893685,2026-09-25T16:42:36+00:00,32.0,standard,pre_game,2026-09-16T20:05:48.179-04:00
4812,prizepicks,14893686,2026-09-25T16:42:36+00:00,24.5,standard,pre_game,2026-09-16T20:04:56.117-04:00
4813,prizepicks,14893687,2026-09-25T16:42:36+00:00,32.0,standard,pre_game,2026-09-22T17:33:27.384-04:00
4814,prizepicks,14893688,2026-09-25T16:42:36+00:00,25.5,standard,pre_game,2026-09-15T16:44:48.797-04:00
4815,prizepicks,14893689,2026-09-25T16:42:36+00:00,31.5,standard,pre_game,2026-09-25T11:19:42.694-04:00
4816,prizepicks,14893690,2026-09-25T16:42:36+00:00,27.5,standard,pre_game,2026-09-15T16:48:12.189-04:00
4817,prizepicks,14889447,2026-09-25T16:42:36+00:00,7.5,standard,pre_game,2026-09-15T16:45:43.494-04:00
4818,prizepicks,14893795,2026-09-25T16:42:36+00:00,88.0,standard,pre_game,2026-09-21T02:33:55.383-04:00
4819,prizepicks,14893796,2026-09-25T16:42:36+00:00,54.0,standard,pre_game,2026-09-15T16:45:28.279-04:00
4820,prizepicks,14893691,2026-09-25T16:42:36+00:00,28.5,standard,pre_game,2026-09-15T19:42:02.481-04:00
4821,prizepicks,14893692,2026-09-25T16:42:36+00:00,24.0,standard,pre_game,2026-09-22T17:34:17.243-04:00
4822,prizepicks,14893693,2026-09-25T16:42:36+00:00,27.5,standard,pre_game,2026-09-15T16:45:28.279-04:00
4823,prizepicks,14893694,2026-09-25T16:42:36+00:00,31.5,standard,pre_game,2026-09-15T16:45:28.279-04:00
4824,prizepicks,14893695,2026-09-25T16:42:36+00:00,26.5,standard,pre_game,2026-09-15T16:45:28.279-04:00
4825,prizepicks,14893696,2026-09-25T16:42:36+00:00,27.5,standard,pre_game,2026-09-15T16:45:43.494-04:00
4826,prizepicks,14893697,2026-09-25T16:42:36+00:00,29.5,standard,pre_game,2026-09-15T16:45:43.494-04:00
4827,prizepicks,14893698,2026-09-25T16:42:36+00:00,31.0,standard,pre_game,2026-09-21T02:33:55.336-04:00
4828,prizepicks,14893699,2026-09-25T16:42:36+00:00,26.5,standard,pre_game,2026-09-15T16:45:43.494-04:00
4829,prizepicks,14893700,2026-09-25T16:42:36+00:00,33.5,standard,pre_game,2026-09-15T16:45:43.494-04:00
4830,prizepicks,15193939,2026-09-25T16:42:36+00:00,91.0,standard,pre_game,2026-09-24T11:52:08.332-04:00
4831,prizepicks,15193940,2026-09-25T16:42:36+00:00,61.0,standard,pre_game,2026-09-24T11:52:08.332-04:00
4832,prizepicks,15193848,2026-09-25T16:42:36+00:00,29.5,standard,pre_game,2026-09-24T11:52:08.332-04:00
4833,prizepicks,15193851,2026-09-25T16:42:36+00:00,29.5,standard,pre_game,2026-09-24T11:52:08.332-04:00
4834,prizepicks,15193853,2026-09-25T16:42:36+00:00,30.5,standard,pre_game,2026-09-24T11:52:08.332-04:00
4835,prizepicks,15193854,2026-09-25T16:42:36+00:00,31.5,standard,pre_game,2026-09-24T11:52:08.332-04:00
4836,prizepicks,15193855,2026-09-25T16:42:36+00:00,29.5,standard,pre_game,2026-09-24T12:09:43.359-04:00
4837,prizepicks,15193856,2026-09-25T16:42:36+00:00,32.0,standard,pre_game,2026-09-24T11:52:08.332-04:00
4838,prizepicks,15193857,2026-09-25T16:42:36+00:00,28.5,standard,pre_game,2026-09-24T11:52:08.332-04:00
4839,prizepicks,15193858,2026-09-25T16:42:36+00:00,29.5,standard,pre_game,2026-09-24T11:52:08.332-04:00
4840,prizepicks,15193859,2026-09-25T16:42:36+00:00,29.5,standard,pre_game,2026-09-24T11:52:08.332-04:00
4841,prizepicks,15193860,2026-09-25T16:42:36+00:00,32.5,standard,pre_game,2026-09-24T12:13:30.387-04:00
4842,prizepicks,15193941,2026-09-25T16:42:36+00:00,93.0,standard,pre_game,2026-09-24T11:52:08.332-04:00
4843,prizepicks,15193861,2026-09-25T16:42:36+00:00,23.5,standard,pre_game,2026-09-24T11:52:08.332-04:00
4844,prizepicks,15193862,2026-09-25T16:42:36+00:00,32.5,standard,pre_game,2026-09-24T23:30:31.801-04:00
4845,prizepicks,15193863,2026-09-25T16:42:36+00:00,26.0,standard,pre_game,2026-09-24T11:52:08.332-04:00
4846,prizepicks,15193864,2026-09-25T16:42:36+00:00,30.5,standard,pre_game,2026-09-24T11:52:08.332-04:00
4847,prizepicks,15193865,2026-09-25T16:42:36+00:00,24.5,standard,pre_game,2026-09-24T11:52:08.332-04:00
4848,prizepicks,15193866,2026-09-25T16:42:36+00:00,31.5,standard,pre_game,2026-09-24T11:52:08.332-04:00
4849,prizepicks,15193867,2026-09-25T16:42:36+00:00,27.5,standard,pre_game,2026-09-24T11:52:08.332-04:00
4850,prizepicks,15193868,2026-09-25T16:42:36+00:00,25.5,standard,pre_game,2026-09-24T11:52:08.332-04:00
4851,prizepicks,15193869,2026-09-25T16:42:36+00:00,34.0,standard,pre_game,2026-09-24T11:52:08.332-04:00
4852,prizepicks,15199501,2026-09-25T16:42:48+00:00,7.0,standard,pre_game,2026-09-25T11:55:57.291-04:00
4853,prizepicks,15199502,2026-09-25T16:42:48+00:00,6.5,standard,pre_game,2026-09-25T11:55:57.291-04:00
4854,prizepicks,15199503,2026-09-25T16:42:48+00:00,4.5,standard,pre_game,2026-09-25T11:55:57.291-04:00
4855,prizepicks,15199504,2026-09-25T16:42:48+00:00,3.0,standard,pre_game,2026-09-25T11:55:57.291-04:00
4856,prizepicks,15199505,2026-09-25T16:42:48+00:00,3.0,standard,pre_game,2026-09-25T11:55:57.291-04:00
4857,prizepicks,15199506,2026-09-25T16:42:48+00:00,6.5,standard,pre_game,2026-09-25T11:55:57.291-04:00
4858,prizepicks,15199507,2026-09-25T16:42:48+00:00,6.5,standard,pre_game,2026-09-25T11:55:57.291-04:00
4859,prizepicks,15199508,2026-09-25T16:42:48+00:00,4.0,standard,pre_game,2026-09-25T11:55:57.291-04:00
4860,prizepicks,15199509,2026-09-25T16:42:48+00:00,2.5,standard,pre_game,2026-09-25T11:55:57.291-04:00
4861,prizepicks,15199510,2026-09-25T16:42:48+00:00,2.0,standard,pre_game,2026-09-25T11:55:57.291-04:00
4862,prizepicks,15199468,2026-09-25T16:42:48+00:00,17.0,standard,pre_game,2026-09-25T11:56:33.253-04:00
4863,prizepicks,15199469,2026-09-25T16:42:48+00:00,16.5,standard,pre_game,2026-09-25T11:56:33.253-04:00
4864,prizepicks,15199470,2026-09-25T16:42:48+00:00,13.5,standard,pre_game,2026-09-25T11:56:33.253-04:00
4865,prizepicks,15199471,2026-09-25T16:42:48+00:00,7.0,standard,pre_game,2026-09-25T11:56:33.253-04:00
4866,prizepicks,15199472,2026-09-25T16:42:48+00:00,5.5,standard,pre_game,2026-09-25T11:56:33.253-04:00
4867,prizepicks,15199473,2026-09-25T16:42:48+00:00,12.5,standard,pre_game,2026-09-25T11:56:33.253-04:00
4868,prizepicks,15199474,2026-09-25T16:42:48+00:00,13.5,standard,pre_game,2026-09-25T11:56:33.253-04:00
4869,prizepicks,15199475,2026-09-25T16:42:48+00:00,11.5,standard,pre_game,2026-09-25T11:56:33.253-04:00
4870,prizepicks,15199476,2026-09-25T16:42:48+00:00,6.0,standard,pre_game,2026-09-25T11:56:33.253-04:00
4871,prizepicks,15199477,2026-09-25T16:42:48+00:00,5.0,standard,pre_game,2026-09-25T11:56:33.253-04:00
4872,prizepicks,15199511,2026-09-25T16:42:48+00:00,8.5,standard,pre_game,2026-09-25T11:56:23.767-04:00
4873,prizepicks,15199512,2026-09-25T16:42:48+00:00,7.5,standard,pre_game,2026-09-25T11:56:23.767-04:00
4874,prizepicks,15199513,2026-09-25T16:42:48+00:00,6.5,standard,pre_game,2026-09-25T11:56:23.767-04:00
4875,prizepicks,15199514,2026-09-25T16:42:48+00:00,3.5,standard,pre_game,2026-09-25T11:56:23.767-04:00
4876,prizepicks,15199515,2026-09-25T16:42:48+00:00,2.5,standard,pre_game,2026-09-25T11:56:23.767-04:00
4877,prizepicks,15199516,2026-09-25T16:42:48+00:00,6.0,standard,pre_game,2026-09-25T11:56:23.767-04:00
4878,prizepicks,15199517,2026-09-25T16:42:48+00:00,7.0,standard,pre_game,2026-09-25T11:56:23.767-04:00
4879,prizepicks,15199518,2026-09-25T16:42:48+00:00,5.5,standard,pre_game,2026-09-25T11:56:23.767-04:00
4880,prizepicks,15199519,2026-09-25T16:42:48+00:00,3.0,standard,pre_game,2026-09-25T11:56:23.767-04:00
4881,prizepicks,15199520,2026-09-25T16:42:48+00:00,2.5,standard,pre_game,2026-09-25T11:56:23.767-04:00
4882,prizepicks,15198016,2026-09-25T16:47:02+00:00,33.5,standard,pre_game,2026-09-25T10:58:53.581-04:00
4883,prizepicks,15198017,2026-09-25T16:47:02+00:00,28.5,standard,pre_game,2026-09-25T10:58:53.525-04:00
4884,prizepicks,15198018,2026-09-25T16:47:02+00:00,22.5,standard,pre_game,2026-09-24T22:27:48.005-04:00
4885,prizepicks,15198019,2026-09-25T16:47:02+00:00,18.5,standard,pre_game,2026-09-24T22:27:11.430-04:00
4886,prizepicks,15198571,2026-09-25T16:47:02+00:00,10.5,demon,pre_game,2026-09-24T14:57:03.486-04:00
4887,prizepicks,15197798,2026-09-25T16:47:02+00:00,8.5,standard,pre_game,2026-09-24T14:44:03.407-04:00
4888,prizepicks,15198572,2026-09-25T16:47:02+00:00,6.5,goblin,pre_game,2026-09-24T14:57:03.740-04:00
4889,prizepicks,15198493,2026-09-25T16:47:02+00:00,14.5,demon,pre_game,2026-09-24T14:52:23.507-04:00
4890,prizepicks,15197799,2026-09-25T16:47:02+00:00,12.5,standard,pre_game,2026-09-24T14:44:03.407-04:00
4891,prizepicks,15198494,2026-09-25T16:47:02+00:00,10.5,goblin,pre_game,2026-09-24T14:52:23.597-04:00
4892,prizepicks,15198799,2026-09-25T16:47:02+00:00,14.5,demon,pre_game,2026-09-24T15:04:31.551-04:00
4893,prizepicks,15197800,2026-09-25T16:47:02+00:00,12.5,standard,pre_game,2026-09-25T10:58:49.887-04:00
4894,prizepicks,15198800,2026-09-25T16:47:02+00:00,8.5,goblin,pre_game,2026-09-24T15:04:31.614-04:00
4895,prizepicks,15198842,2026-09-25T16:47:02+00:00,18.5,demon,pre_game,2026-09-24T15:06:07.578-04:00
4896,prizepicks,15197801,2026-09-25T16:47:02+00:00,15.5,standard,pre_game,2026-09-24T14:44:03.407-04:00
4897,prizepicks,15198843,2026-09-25T16:47:02+00:00,12.5,goblin,pre_game,2026-09-24T15:06:07.652-04:00
4898,prizepicks,15197973,2026-09-25T16:47:02+00:00,2.5,demon,pre_game,2026-09-24T14:44:03.407-04:00
4899,prizepicks,15198729,2026-09-25T16:47:02+00:00,9.5,demon,pre_game,2026-09-24T15:01:02.182-04:00
4900,prizepicks,15197803,2026-09-25T16:47:02+00:00,7.0,standard,pre_game,2026-09-24T17:10:44.778-04:00
4901,prizepicks,15198730,2026-09-25T16:47:02+00:00,5.5,goblin,pre_game,2026-09-24T15:01:02.257-04:00
4902,prizepicks,15198488,2026-09-25T16:47:02+00:00,9.5,demon,pre_game,2026-09-24T14:51:33.359-04:00
4903,prizepicks,15197804,2026-09-25T16:47:02+00:00,7.0,standard,pre_game,2026-09-24T22:27:40.342-04:00
4904,prizepicks,15198489,2026-09-25T16:47:02+00:00,5.5,goblin,pre_game,2026-09-24T14:51:33.416-04:00
4905,prizepicks,15198468,2026-09-25T16:47:02+00:00,11.5,demon,pre_game,2026-09-24T15:52:25.506-04:00
4906,prizepicks,15197805,2026-09-25T16:47:02+00:00,8.5,standard,pre_game,2026-09-24T15:48:00.789-04:00
4907,prizepicks,15198469,2026-09-25T16:47:02+00:00,5.5,goblin,pre_game,2026-09-24T15:52:28.245-04:00
4908,prizepicks,15198922,2026-09-25T16:47:02+00:00,13.5,demon,pre_game,2026-09-24T15:07:35.389-04:00
4909,prizepicks,15197806,2026-09-25T16:47:02+00:00,10.0,standard,pre_game,2026-09-24T22:27:11.373-04:00
4910,prizepicks,15198923,2026-09-25T16:47:02+00:00,7.5,goblin,pre_game,2026-09-24T15:07:35.441-04:00
4911,prizepicks,15197990,2026-09-25T16:47:02+00:00,1.5,goblin,pre_game,2026-09-24T14:43:54.424-04:00
4912,prizepicks,15195194,2026-09-25T16:47:14+00:00,32.5,standard,pre_game,2026-09-25T10:37:27.068-04:00
4913,prizepicks,15195199,2026-09-25T16:47:14+00:00,18.5,standard,pre_game,2026-09-24T16:03:39.591-04:00
4914,prizepicks,15195195,2026-09-25T16:47:14+00:00,29.5,standard,pre_game,2026-09-25T10:38:00.614-04:00
4915,prizepicks,15195200,2026-09-25T16:47:14+00:00,10.5,standard,pre_game,2026-09-24T16:03:50.068-04:00
4916,prizepicks,15195196,2026-09-25T16:47:14+00:00,29.0,standard,pre_game,2026-09-24T16:00:17.673-04:00
4917,prizepicks,15195201,2026-09-25T16:47:14+00:00,19.5,standard,pre_game,2026-09-24T16:03:44.540-04:00
4918,prizepicks,15195197,2026-09-25T16:47:14+00:00,28.5,standard,pre_game,2026-09-24T16:03:25.772-04:00
4919,prizepicks,15195202,2026-09-25T16:47:14+00:00,12.5,standard,pre_game,2026-09-24T16:03:25.821-04:00
4920,prizepicks,15195198,2026-09-25T16:47:14+00:00,26.5,standard,pre_game,2026-09-24T16:03:34.024-04:00
4921,prizepicks,15195203,2026-09-25T16:47:14+00:00,14.5,standard,pre_game,2026-09-24T16:03:34.066-04:00
4922,prizepicks,15200440,2026-09-25T16:47:14+00:00,31.0,standard,pre_game,2026-09-24T15:56:45.350-04:00
4923,prizepicks,15200441,2026-09-25T16:47:14+00:00,30.5,standard,pre_game,2026-09-24T23:25:56.856-04:00
4924,prizepicks,15200442,2026-09-25T16:47:14+00:00,31.5,standard,pre_game,2026-09-24T21:15:57.398-04:00
4925,prizepicks,15200443,2026-09-25T16:47:14+00:00,28.0,standard,pre_game,2026-09-24T15:56:45.350-04:00
4926,prizepicks,15200444,2026-09-25T16:47:14+00:00,27.5,standard,pre_game,2026-09-24T15:56:45.350-04:00
4927,prizepicks,15200445,2026-09-25T16:47:14+00:00,29.0,standard,pre_game,2026-09-25T00:54:13.968-04:00
4928,prizepicks,15200446,2026-09-25T16:47:14+00:00,28.5,standard,pre_game,2026-09-25T10:38:10.875-04:00
4929,prizepicks,15200447,2026-09-25T16:47:14+00:00,28.5,standard,pre_game,2026-09-24T15:56:49.989-04:00
4930,prizepicks,15200448,2026-09-25T16:47:14+00:00,27.0,standard,pre_game,2026-09-24T15:56:49.989-04:00
4931,prizepicks,15200449,2026-09-25T16:47:14+00:00,25.0,standard,pre_game,2026-09-25T00:52:09.885-04:00
4932,prizepicks,15200450,2026-09-25T16:47:14+00:00,18.5,standard,pre_game,2026-09-24T15:56:45.350-04:00
4933,prizepicks,15200451,2026-09-25T16:47:14+00:00,12.0,standard,pre_game,2026-09-24T23:26:21.751-04:00
4934,prizepicks,15200452,2026-09-25T16:47:14+00:00,18.0,standard,pre_game,2026-09-24T15:56:45.350-04:00
4935,prizepicks,15200453,2026-09-25T16:47:14+00:00,15.5,standard,pre_game,2026-09-24T21:17:00.442-04:00
4936,prizepicks,15200454,2026-09-25T16:47:14+00:00,15.0,standard,pre_game,2026-09-24T15:56:45.350-04:00
4937,prizepicks,15200455,2026-09-25T16:47:14+00:00,11.0,standard,pre_game,2026-09-24T15:56:49.989-04:00
4938,prizepicks,15200456,2026-09-25T16:47:14+00:00,14.0,standard,pre_game,2026-09-24T15:56:49.989-04:00
4939,prizepicks,15200457,2026-09-25T16:47:14+00:00,14.5,standard,pre_game,2026-09-24T15:56:49.989-04:00
4940,prizepicks,15200458,2026-09-25T16:47:14+00:00,14.5,standard,pre_game,2026-09-24T15:56:49.989-04:00
4941,prizepicks,15200459,2026-09-25T16:47:14+00:00,13.0,standard,pre_game,2026-09-24T23:38:48.109-04:00
4942,prizepicks,15213092,2026-09-25T16:47:14+00:00,32.5,standard,pre_game,2026-09-25T00:19:28.750-04:00
4943,prizepicks,15213093,2026-09-25T16:47:14+00:00,27.5,standard,pre_game,2026-09-25T12:08:38.297-04:00
4944,prizepicks,15213095,2026-09-25T16:47:14+00:00,32.5,standard,pre_game,2026-09-25T00:19:28.750-04:00
4945,prizepicks,15213096,2026-09-25T16:47:14+00:00,28.5,standard,pre_game,2026-09-25T01:41:45.351-04:00
4946,prizepicks,15213097,2026-09-25T16:47:14+00:00,17.5,standard,pre_game,2026-09-25T00:19:28.750-04:00
4947,prizepicks,15213098,2026-09-25T16:47:14+00:00,16.0,standard,pre_game,2026-09-25T12:27:03.431-04:00
4948,prizepicks,15213100,2026-09-25T16:47:14+00:00,10.5,standard,pre_game,2026-09-25T00:19:28.750-04:00
4949,prizepicks,15213101,2026-09-25T16:47:14+00:00,15.5,standard,pre_game,2026-09-25T00:19:28.750-04:00
4950,prizepicks,15194506,2026-09-25T16:47:14+00:00,32.5,standard,pre_game,2026-09-25T12:46:22.352-04:00
4951,prizepicks,15194507,2026-09-25T16:47:14+00:00,30.5,standard,pre_game,2026-09-25T12:46:22.352-04:00
4952,prizepicks,15194508,2026-09-25T16:47:14+00:00,28.5,standard,pre_game,2026-09-25T12:46:22.352-04:00
4953,prizepicks,15194509,2026-09-25T16:47:14+00:00,28.5,standard,pre_game,2026-09-25T12:46:22.352-04:00
4954,prizepicks,15194510,2026-09-25T16:47:14+00:00,27.0,standard,pre_game,2026-09-25T12:46:22.352-04:00
4955,prizepicks,15194511,2026-09-25T16:47:14+00:00,29.0,standard,pre_game,2026-09-25T12:46:22.352-04:00
4956,prizepicks,15194512,2026-09-25T16:47:14+00:00,27.5,standard,pre_game,2026-09-25T12:46:22.352-04:00
4957,prizepicks,15194513,2026-09-25T16:47:14+00:00,27.5,standard,pre_game,2026-09-25T12:46:22.352-04:00
4958,prizepicks,15194514,2026-09-25T16:47:14+00:00,26.5,standard,pre_game,2026-09-25T12:46:22.352-04:00
4959,prizepicks,15194515,2026-09-25T16:47:14+00:00,25.0,standard,pre_game,2026-09-25T12:46:22.352-04:00
4960,prizepicks,15194516,2026-09-25T16:47:14+00:00,21.0,standard,pre_game,2026-09-25T12:46:22.352-04:00
4961,prizepicks,15194517,2026-09-25T16:47:14+00:00,12.5,standard,pre_game,2026-09-25T12:46:22.352-04:00
4962,prizepicks,15194518,2026-09-25T16:47:14+00:00,17.5,standard,pre_game,2026-09-25T12:46:22.352-04:00
4963,prizepicks,15194519,2026-09-25T16:47:14+00:00,18.0,standard,pre_game,2026-09-25T12:46:22.352-04:00
4964,prizepicks,15194520,2026-09-25T16:47:14+00:00,16.0,standard,pre_game,2026-09-25T12:46:22.352-04:00
4965,prizepicks,15194521,2026-09-25T16:47:14+00:00,16.0,standard,pre_game,2026-09-25T12:46:22.352-04:00
4966,prizepicks,15194522,2026-09-25T16:47:14+00:00,13.5,standard,pre_game,2026-09-25T12:46:22.352-04:00
4967,prizepicks,15194523,2026-09-25T16:47:14+00:00,14.5,standard,pre_game,2026-09-25T12:46:22.352-04:00
4968,prizepicks,15194524,2026-09-25T16:47:14+00:00,9.5,standard,pre_game,2026-09-25T12:46:22.352-04:00
4969,prizepicks,15194525,2026-09-25T16:47:14+00:00,13.0,standard,pre_game,2026-09-25T12:46:22.352-04:00
4970,prizepicks,15192251,2026-09-25T16:47:14+00:00,12.5,standard,pre_game,2026-09-24T11:19:41.642-04:00
4971,prizepicks,15192252,2026-09-25T16:47:14+00:00,15.5,standard,pre_game,2026-09-24T11:19:41.642-04:00
4972,prizepicks,15192253,2026-09-25T16:47:14+00:00,11.5,standard,pre_game,2026-09-24T11:19:41.642-04:00
4973,prizepicks,15192254,2026-09-25T16:47:14+00:00,15.5,standard,pre_game,2026-09-24T11:19:41.642-04:00
4974,prizepicks,15192255,2026-09-25T16:47:14+00:00,17.5,standard,pre_game,2026-09-24T11:19:41.642-04:00
4975,prizepicks,15192256,2026-09-25T16:47:14+00:00,17.0,standard,pre_game,2026-09-24T11:19:54.746-04:00
4976,prizepicks,15192257,2026-09-25T16:47:14+00:00,13.5,standard,pre_game,2026-09-24T11:19:54.746-04:00
4977,prizepicks,15192258,2026-09-25T16:47:14+00:00,16.5,standard,pre_game,2026-09-24T11:19:54.746-04:00
4978,prizepicks,15192260,2026-09-25T16:47:14+00:00,17.0,standard,pre_game,2026-09-24T11:19:54.746-04:00
4979,prizepicks,15192241,2026-09-25T16:47:14+00:00,27.0,standard,pre_game,2026-09-24T11:19:41.642-04:00
4980,prizepicks,15192242,2026-09-25T16:47:14+00:00,28.0,standard,pre_game,2026-09-24T11:19:41.642-04:00
4981,prizepicks,15192243,2026-09-25T16:47:14+00:00,31.5,standard,pre_game,2026-09-24T11:19:41.642-04:00
4982,prizepicks,15192244,2026-09-25T16:47:14+00:00,27.5,standard,pre_game,2026-09-24T14:52:25.785-04:00
4983,prizepicks,15192245,2026-09-25T16:47:14+00:00,30.0,standard,pre_game,2026-09-24T17:26:02.563-04:00
4984,prizepicks,15192246,2026-09-25T16:47:14+00:00,27.0,standard,pre_game,2026-09-24T11:19:54.746-04:00
4985,prizepicks,15192247,2026-09-25T16:47:14+00:00,27.0,standard,pre_game,2026-09-24T11:19:54.746-04:00
4986,prizepicks,15192248,2026-09-25T16:47:14+00:00,31.5,standard,pre_game,2026-09-24T11:19:54.746-04:00
4987,prizepicks,15192249,2026-09-25T16:47:14+00:00,33.5,standard,pre_game,2026-09-25T12:35:45.549-04:00
4988,prizepicks,15192250,2026-09-25T16:47:14+00:00,29.5,standard,pre_game,2026-09-24T11:19:54.746-04:00
4989,prizepicks,15194526,2026-09-25T16:47:14+00:00,33.0,standard,pre_game,2026-09-24T12:06:53.570-04:00
4990,prizepicks,15194527,2026-09-25T16:47:14+00:00,32.0,standard,pre_game,2026-09-24T12:06:53.570-04:00
4991,prizepicks,15194528,2026-09-25T16:47:14+00:00,28.0,standard,pre_game,2026-09-24T12:06:53.570-04:00
4992,prizepicks,15194529,2026-09-25T16:47:14+00:00,28.0,standard,pre_game,2026-09-24T12:06:53.570-04:00
4993,prizepicks,15194530,2026-09-25T16:47:14+00:00,25.0,standard,pre_game,2026-09-24T14:08:32.752-04:00
4994,prizepicks,15194531,2026-09-25T16:47:14+00:00,31.5,standard,pre_game,2026-09-25T03:58:36.251-04:00
4995,prizepicks,15194532,2026-09-25T16:47:14+00:00,28.0,standard,pre_game,2026-09-24T12:06:59.211-04:00
4996,prizepicks,15194533,2026-09-25T16:47:14+00:00,28.0,standard,pre_game,2026-09-24T12:06:59.211-04:00
4997,prizepicks,15194534,2026-09-25T16:47:14+00:00,27.5,standard,pre_game,2026-09-24T12:06:59.211-04:00
4998,prizepicks,15194535,2026-09-25T16:47:14+00:00,27.0,standard,pre_game,2026-09-24T12:06:59.211-04:00
4999,prizepicks,15194538,2026-09-25T16:47:14+00:00,20.0,standard,pre_game,2026-09-24T12:06:53.570-04:00
5000,prizepicks,15194542,2026-09-25T16:47:14+00:00,17.0,standard,pre_game,2026-09-24T23:55:45.816-04:00
5001,prizepicks,15194543,2026-09-25T16:47:14+00:00,15.5,standard,pre_game,2026-09-24T12:06:53.570-04:00
5002,prizepicks,15194545,2026-09-25T16:47:14+00:00,10.0,standard,pre_game,2026-09-24T12:06:53.570-04:00
5003,prizepicks,15194546,2026-09-25T16:47:14+00:00,11.5,standard,pre_game,2026-09-24T17:25:11.251-04:00
5004,prizepicks,15194547,2026-09-25T16:47:14+00:00,16.5,standard,pre_game,2026-09-24T15:27:03.304-04:00
5005,prizepicks,15194548,2026-09-25T16:47:14+00:00,15.0,standard,pre_game,2026-09-24T12:06:59.211-04:00
5006,prizepicks,15194549,2026-09-25T16:47:14+00:00,9.5,standard,pre_game,2026-09-24T12:06:59.211-04:00
5007,prizepicks,15194550,2026-09-25T16:47:14+00:00,15.0,standard,pre_game,2026-09-24T12:06:59.211-04:00
5008,prizepicks,15194551,2026-09-25T16:47:14+00:00,17.0,standard,pre_game,2026-09-24T12:06:59.211-04:00
5009,prizepicks,15196267,2026-09-25T16:47:14+00:00,14.5,standard,pre_game,2026-09-24T13:43:57.652-04:00
5010,prizepicks,15196277,2026-09-25T16:47:14+00:00,7.0,standard,pre_game,2026-09-24T13:43:58.214-04:00
5011,prizepicks,15196268,2026-09-25T16:47:14+00:00,14.5,standard,pre_game,2026-09-24T13:43:57.765-04:00
5012,prizepicks,15196278,2026-09-25T16:47:14+00:00,7.0,standard,pre_game,2026-09-24T13:43:58.260-04:00
5013,prizepicks,15196269,2026-09-25T16:47:14+00:00,12.0,standard,pre_game,2026-09-24T13:43:57.822-04:00
5014,prizepicks,15196279,2026-09-25T16:47:14+00:00,6.5,standard,pre_game,2026-09-24T13:43:58.312-04:00
5015,prizepicks,15196270,2026-09-25T16:47:14+00:00,14.5,standard,pre_game,2026-09-24T13:43:57.886-04:00
5016,prizepicks,15196280,2026-09-25T16:47:14+00:00,8.0,standard,pre_game,2026-09-24T13:43:58.359-04:00
5017,prizepicks,15196271,2026-09-25T16:47:14+00:00,16.0,standard,pre_game,2026-09-24T13:43:57.934-04:00
5018,prizepicks,15196281,2026-09-25T16:47:14+00:00,5.5,standard,pre_game,2026-09-24T13:43:58.427-04:00
5019,prizepicks,15196272,2026-09-25T16:47:14+00:00,14.0,standard,pre_game,2026-09-24T13:43:57.980-04:00
5020,prizepicks,15196282,2026-09-25T16:47:14+00:00,6.0,standard,pre_game,2026-09-24T13:43:58.475-04:00
5021,prizepicks,15196273,2026-09-25T16:47:14+00:00,14.0,standard,pre_game,2026-09-24T13:43:58.026-04:00
5022,prizepicks,15196283,2026-09-25T16:47:14+00:00,4.5,standard,pre_game,2026-09-24T13:43:58.522-04:00
5023,prizepicks,15196274,2026-09-25T16:47:14+00:00,13.0,standard,pre_game,2026-09-24T13:43:58.075-04:00
5024,prizepicks,15196284,2026-09-25T16:47:14+00:00,8.0,standard,pre_game,2026-09-24T13:43:58.571-04:00
5025,prizepicks,15196275,2026-09-25T16:47:14+00:00,14.0,standard,pre_game,2026-09-24T13:43:58.120-04:00
5026,prizepicks,15196285,2026-09-25T16:47:14+00:00,7.5,standard,pre_game,2026-09-24T13:43:58.618-04:00
5027,prizepicks,15196276,2026-09-25T16:47:14+00:00,13.5,standard,pre_game,2026-09-24T13:43:58.165-04:00
5028,prizepicks,15196286,2026-09-25T16:47:14+00:00,8.0,standard,pre_game,2026-09-24T13:43:58.668-04:00
5029,prizepicks,15194630,2026-09-25T16:47:14+00:00,16.0,standard,pre_game,2026-09-25T08:51:34.506-04:00
5030,prizepicks,15194631,2026-09-25T16:47:14+00:00,15.0,standard,pre_game,2026-09-25T10:41:53.569-04:00
5031,prizepicks,15194632,2026-09-25T16:47:14+00:00,14.5,standard,pre_game,2026-09-25T08:51:34.506-04:00
5032,prizepicks,15194633,2026-09-25T16:47:14+00:00,14.0,standard,pre_game,2026-09-25T08:51:34.506-04:00
5033,prizepicks,15194634,2026-09-25T16:47:14+00:00,13.5,standard,pre_game,2026-09-25T08:51:34.506-04:00
5034,prizepicks,15194635,2026-09-25T16:47:14+00:00,14.5,standard,pre_game,2026-09-25T08:51:34.506-04:00
5035,prizepicks,15194636,2026-09-25T16:47:14+00:00,13.5,standard,pre_game,2026-09-25T08:51:34.506-04:00
5036,prizepicks,15194637,2026-09-25T16:47:14+00:00,13.5,standard,pre_game,2026-09-25T08:51:34.506-04:00
5037,prizepicks,15194638,2026-09-25T16:47:14+00:00,13.0,standard,pre_game,2026-09-25T08:51:34.506-04:00
5038,prizepicks,15194639,2026-09-25T16:47:14+00:00,12.5,standard,pre_game,2026-09-25T08:51:34.506-04:00
5039,prizepicks,15194640,2026-09-25T16:47:14+00:00,10.0,standard,pre_game,2026-09-25T08:51:34.506-04:00
5040,prizepicks,15194641,2026-09-25T16:47:14+00:00,6.0,standard,pre_game,2026-09-25T08:51:34.506-04:00
5041,prizepicks,15194642,2026-09-25T16:47:14+00:00,8.5,standard,pre_game,2026-09-25T08:51:34.506-04:00
5042,prizepicks,15194643,2026-09-25T16:47:14+00:00,8.0,standard,pre_game,2026-09-25T08:51:34.506-04:00
5043,prizepicks,15194644,2026-09-25T16:47:14+00:00,8.0,standard,pre_game,2026-09-25T08:51:34.506-04:00
5044,prizepicks,15194645,2026-09-25T16:47:14+00:00,8.5,standard,pre_game,2026-09-25T08:51:34.506-04:00
5045,prizepicks,15194646,2026-09-25T16:47:14+00:00,6.5,standard,pre_game,2026-09-25T08:51:34.506-04:00
5046,prizepicks,15194647,2026-09-25T16:47:14+00:00,7.0,standard,pre_game,2026-09-25T08:51:34.506-04:00
5047,prizepicks,15194648,2026-09-25T16:47:14+00:00,4.5,standard,pre_game,2026-09-25T08:51:34.506-04:00
5048,prizepicks,15194649,2026-09-25T16:47:14+00:00,7.0,standard,pre_game,2026-09-25T08:51:34.506-04:00
5049,prizepicks,15200460,2026-09-25T16:47:14+00:00,32.0,standard,pre_game,2026-09-24T15:57:19.856-04:00
5050,prizepicks,15200461,2026-09-25T16:47:14+00:00,32.0,standard,pre_game,2026-09-24T15:57:19.856-04:00
5051,prizepicks,15200462,2026-09-25T16:47:14+00:00,29.5,standard,pre_game,2026-09-24T15:57:19.856-04:00
5052,prizepicks,15200463,2026-09-25T16:47:14+00:00,27.0,standard,pre_game,2026-09-24T15:57:19.856-04:00
5053,prizepicks,15200464,2026-09-25T16:47:14+00:00,27.0,standard,pre_game,2026-09-24T15:57:19.856-04:00
5054,prizepicks,15200465,2026-09-25T16:47:14+00:00,24.0,standard,pre_game,2026-09-24T16:15:19.996-04:00
5055,prizepicks,15200466,2026-09-25T16:47:14+00:00,25.0,standard,pre_game,2026-09-24T16:15:15.959-04:00
5056,prizepicks,15200467,2026-09-25T16:47:14+00:00,24.5,standard,pre_game,2026-09-24T23:12:21.975-04:00
5057,prizepicks,15200468,2026-09-25T16:47:14+00:00,25.5,standard,pre_game,2026-09-24T15:57:24.152-04:00
5058,prizepicks,15200469,2026-09-25T16:47:14+00:00,24.0,standard,pre_game,2026-09-24T15:57:24.152-04:00
5059,prizepicks,15200470,2026-09-25T16:47:14+00:00,11.0,standard,pre_game,2026-09-24T15:57:19.856-04:00
5060,prizepicks,15200471,2026-09-25T16:47:14+00:00,15.5,standard,pre_game,2026-09-24T15:57:19.856-04:00
5061,prizepicks,15200472,2026-09-25T16:47:14+00:00,17.5,standard,pre_game,2026-09-24T15:57:19.856-04:00
5062,prizepicks,15200473,2026-09-25T16:47:14+00:00,14.5,standard,pre_game,2026-09-24T15:57:19.856-04:00
5063,prizepicks,15200474,2026-09-25T16:47:14+00:00,13.5,standard,pre_game,2026-09-24T15:57:19.856-04:00
5064,prizepicks,15200475,2026-09-25T16:47:14+00:00,15.0,standard,pre_game,2026-09-24T22:41:32.110-04:00
5065,prizepicks,15200476,2026-09-25T16:47:14+00:00,14.5,standard,pre_game,2026-09-24T15:57:24.152-04:00
5066,prizepicks,15200477,2026-09-25T16:47:14+00:00,15.5,standard,pre_game,2026-09-25T11:18:38.932-04:00
5067,prizepicks,15200478,2026-09-25T16:47:14+00:00,9.5,standard,pre_game,2026-09-24T15:57:24.152-04:00
5068,prizepicks,15200479,2026-09-25T16:47:14+00:00,12.0,standard,pre_game,2026-09-24T15:57:24.152-04:00
5069,prizepicks,15198653,2026-09-25T16:47:14+00:00,32.5,standard,pre_game,2026-09-24T15:14:09.253-04:00
5070,prizepicks,15198663,2026-09-25T16:47:14+00:00,19.0,standard,pre_game,2026-09-24T21:14:41.428-04:00
5071,prizepicks,15198654,2026-09-25T16:47:14+00:00,30.5,standard,pre_game,2026-09-24T15:09:32.851-04:00
5072,prizepicks,15198664,2026-09-25T16:47:14+00:00,14.5,standard,pre_game,2026-09-24T15:09:32.851-04:00
5073,prizepicks,15198655,2026-09-25T16:47:14+00:00,29.0,standard,pre_game,2026-09-24T15:09:32.851-04:00
5074,prizepicks,15198665,2026-09-25T16:47:14+00:00,10.5,standard,pre_game,2026-09-24T15:09:32.851-04:00
5075,prizepicks,15198656,2026-09-25T16:47:14+00:00,29.0,standard,pre_game,2026-09-24T15:09:32.851-04:00
5076,prizepicks,15198666,2026-09-25T16:47:14+00:00,16.5,standard,pre_game,2026-09-24T15:09:32.851-04:00
5077,prizepicks,15198657,2026-09-25T16:47:14+00:00,26.0,standard,pre_game,2026-09-24T15:09:32.851-04:00
5078,prizepicks,15198667,2026-09-25T16:47:14+00:00,13.0,standard,pre_game,2026-09-24T15:09:32.851-04:00
5079,prizepicks,15198658,2026-09-25T16:47:14+00:00,27.5,standard,pre_game,2026-09-24T15:09:38.410-04:00
5080,prizepicks,15198668,2026-09-25T16:47:14+00:00,9.5,standard,pre_game,2026-09-24T15:09:38.410-04:00
5081,prizepicks,15198659,2026-09-25T16:47:14+00:00,26.5,standard,pre_game,2026-09-25T01:53:52.670-04:00
5082,prizepicks,15198669,2026-09-25T16:47:14+00:00,13.0,standard,pre_game,2026-09-24T23:11:22.405-04:00
5083,prizepicks,15198660,2026-09-25T16:47:14+00:00,26.0,standard,pre_game,2026-09-24T15:09:38.410-04:00
5084,prizepicks,15198670,2026-09-25T16:47:14+00:00,13.0,standard,pre_game,2026-09-24T15:09:38.410-04:00
5085,prizepicks,15198661,2026-09-25T16:47:14+00:00,26.0,standard,pre_game,2026-09-24T15:09:38.410-04:00
5086,prizepicks,15198671,2026-09-25T16:47:14+00:00,15.5,standard,pre_game,2026-09-24T15:09:38.410-04:00
5087,prizepicks,15198662,2026-09-25T16:47:14+00:00,24.0,standard,pre_game,2026-09-24T23:12:39.431-04:00
5088,prizepicks,15198672,2026-09-25T16:47:14+00:00,12.5,standard,pre_game,2026-09-24T16:16:44.278-04:00
5089,prizepicks,15212932,2026-09-25T16:47:14+00:00,16.5,demon,pre_game,2026-09-25T01:38:38.517-04:00
5090,prizepicks,15212935,2026-09-25T16:47:14+00:00,16.5,demon,pre_game,2026-09-25T01:38:30.160-04:00
5091,prizepicks,15212917,2026-09-25T16:47:14+00:00,15.5,demon,pre_game,2026-09-25T01:38:38.517-04:00
5092,prizepicks,15212920,2026-09-25T16:47:14+00:00,15.5,demon,pre_game,2026-09-25T01:38:30.160-04:00
5093,prizepicks,15212924,2026-09-25T16:47:14+00:00,15.5,demon,pre_game,2026-09-25T01:38:30.160-04:00
5094,prizepicks,15212931,2026-09-25T16:47:14+00:00,15.5,standard,pre_game,2026-09-25T01:38:38.517-04:00
5095,prizepicks,15212934,2026-09-25T16:47:14+00:00,15.5,standard,pre_game,2026-09-25T01:38:30.160-04:00
5096,prizepicks,15212916,2026-09-25T16:47:14+00:00,14.5,standard,pre_game,2026-09-25T01:38:38.517-04:00
5097,prizepicks,15212919,2026-09-25T16:47:14+00:00,14.5,standard,pre_game,2026-09-25T01:38:30.160-04:00
5098,prizepicks,15212933,2026-09-25T16:47:14+00:00,14.5,goblin,pre_game,2026-09-25T01:38:38.517-04:00
5099,prizepicks,15212936,2026-09-25T16:47:14+00:00,14.5,goblin,pre_game,2026-09-25T01:38:30.160-04:00
5100,prizepicks,15212918,2026-09-25T16:47:14+00:00,13.5,goblin,pre_game,2026-09-25T01:38:38.517-04:00
5101,prizepicks,15212921,2026-09-25T16:47:14+00:00,13.5,goblin,pre_game,2026-09-25T01:38:30.160-04:00
5102,prizepicks,15212922,2026-09-25T16:47:14+00:00,13.5,goblin,pre_game,2026-09-25T01:38:38.517-04:00
5103,prizepicks,15212923,2026-09-25T16:47:14+00:00,13.5,goblin,pre_game,2026-09-25T01:38:30.160-04:00
5104,prizepicks,15212905,2026-09-25T16:47:14+00:00,11.5,goblin,pre_game,2026-09-25T01:38:38.517-04:00
5105,prizepicks,15212907,2026-09-25T16:47:14+00:00,11.5,goblin,pre_game,2026-09-25T01:38:30.160-04:00
5106,prizepicks,15212904,2026-09-25T16:47:14+00:00,7.5,standard,pre_game,2026-09-25T08:56:27.543-04:00
5107,prizepicks,15212906,2026-09-25T16:47:14+00:00,7.5,standard,pre_game,2026-09-25T08:56:27.504-04:00
5108,prizepicks,15212980,2026-09-25T16:47:14+00:00,16.5,demon,pre_game,2026-09-25T01:43:27.356-04:00
5109,prizepicks,15212953,2026-09-25T16:47:14+00:00,15.5,demon,pre_game,2026-09-25T01:43:27.356-04:00
5110,prizepicks,15212960,2026-09-25T16:47:14+00:00,15.5,demon,pre_game,2026-09-25T01:40:48.704-04:00
5111,prizepicks,15212968,2026-09-25T16:47:14+00:00,15.5,demon,pre_game,2026-09-25T01:43:27.356-04:00
5112,prizepicks,15212974,2026-09-25T16:47:14+00:00,15.5,demon,pre_game,2026-09-25T01:40:48.704-04:00
5113,prizepicks,15212979,2026-09-25T16:47:14+00:00,15.5,standard,pre_game,2026-09-25T12:22:15.155-04:00
5114,prizepicks,15212997,2026-09-25T16:47:14+00:00,15.5,demon,pre_game,2026-09-25T01:40:48.704-04:00
5115,prizepicks,15212959,2026-09-25T16:47:14+00:00,14.5,standard,pre_game,2026-09-25T01:40:48.704-04:00
5116,prizepicks,15212967,2026-09-25T16:47:14+00:00,14.5,standard,pre_game,2026-09-25T01:43:27.356-04:00
5117,prizepicks,15212973,2026-09-25T16:47:14+00:00,14.5,standard,pre_game,2026-09-25T01:40:48.704-04:00
5118,prizepicks,15212981,2026-09-25T16:47:14+00:00,14.5,goblin,pre_game,2026-09-25T01:43:27.356-04:00
5119,prizepicks,15212996,2026-09-25T16:47:14+00:00,14.5,standard,pre_game,2026-09-25T01:40:48.704-04:00
5120,prizepicks,15212961,2026-09-25T16:47:14+00:00,13.5,goblin,pre_game,2026-09-25T01:40:48.704-04:00
5121,prizepicks,15212969,2026-09-25T16:47:14+00:00,13.5,goblin,pre_game,2026-09-25T01:43:27.356-04:00
5122,prizepicks,15212975,2026-09-25T16:47:14+00:00,13.5,goblin,pre_game,2026-09-25T01:40:48.704-04:00
5123,prizepicks,15212992,2026-09-25T16:47:14+00:00,13.5,demon,pre_game,2026-09-25T01:40:48.704-04:00
5124,prizepicks,15212998,2026-09-25T16:47:14+00:00,13.5,goblin,pre_game,2026-09-25T01:40:48.704-04:00
5125,prizepicks,15212991,2026-09-25T16:47:14+00:00,12.5,standard,pre_game,2026-09-25T12:22:15.132-04:00
5126,prizepicks,15212993,2026-09-25T16:47:14+00:00,11.5,goblin,pre_game,2026-09-25T01:40:48.704-04:00
5127,prizepicks,15212952,2026-09-25T16:47:14+00:00,7.5,standard,pre_game,2026-09-25T01:43:27.356-04:00
5128,prizepicks,15212958,2026-09-25T16:47:14+00:00,7.5,standard,pre_game,2026-09-25T01:40:48.704-04:00
5129,prizepicks,15212966,2026-09-25T16:47:14+00:00,4.5,standard,pre_game,2026-09-25T01:43:27.356-04:00
5130,prizepicks,15215017,2026-09-25T16:47:14+00:00,25.5,standard,pre_game,2026-09-25T01:38:38.517-04:00
5131,prizepicks,15215022,2026-09-25T16:47:14+00:00,14.5,standard,pre_game,2026-09-25T01:38:38.517-04:00
5132,prizepicks,15215018,2026-09-25T16:47:14+00:00,29.5,standard,pre_game,2026-09-25T01:38:38.517-04:00
5133,prizepicks,15215019,2026-09-25T16:47:14+00:00,31.5,standard,pre_game,2026-09-25T01:38:38.517-04:00
5134,prizepicks,15215024,2026-09-25T16:47:14+00:00,16.5,standard,pre_game,2026-09-25T01:38:38.517-04:00
5135,prizepicks,15215020,2026-09-25T16:47:14+00:00,31.5,standard,pre_game,2026-09-25T01:38:38.517-04:00
5136,prizepicks,15215025,2026-09-25T16:47:14+00:00,15.5,standard,pre_game,2026-09-25T01:38:38.517-04:00
5137,prizepicks,15215021,2026-09-25T16:47:14+00:00,29.5,standard,pre_game,2026-09-25T01:38:38.517-04:00
5138,prizepicks,15215026,2026-09-25T16:47:14+00:00,14.5,standard,pre_game,2026-09-25T01:38:38.517-04:00
5139,prizepicks,15215272,2026-09-25T16:47:14+00:00,29.5,standard,pre_game,2026-09-25T01:42:28.810-04:00
5140,prizepicks,15215280,2026-09-25T16:47:14+00:00,15.5,standard,pre_game,2026-09-25T01:42:28.689-04:00
5141,prizepicks,15215273,2026-09-25T16:47:14+00:00,29.5,standard,pre_game,2026-09-25T10:38:29.849-04:00
5142,prizepicks,15215281,2026-09-25T16:47:14+00:00,15.5,standard,pre_game,2026-09-25T01:42:28.723-04:00
5143,prizepicks,15215274,2026-09-25T16:47:14+00:00,24.5,standard,pre_game,2026-09-25T01:42:28.782-04:00
5144,prizepicks,15215282,2026-09-25T16:47:14+00:00,13.5,standard,pre_game,2026-09-25T01:42:28.751-04:00
5145,prizepicks,15215275,2026-09-25T16:47:14+00:00,30.5,standard,pre_game,2026-09-25T01:42:28.640-04:00
5146,prizepicks,15215283,2026-09-25T16:47:14+00:00,16.5,standard,pre_game,2026-09-25T01:42:28.870-04:00
5147,prizepicks,15215276,2026-09-25T16:47:14+00:00,29.5,standard,pre_game,2026-09-25T01:41:18.689-04:00
5148,prizepicks,15215284,2026-09-25T16:47:14+00:00,15.5,standard,pre_game,2026-09-25T01:41:18.689-04:00
5149,prizepicks,15215277,2026-09-25T16:47:14+00:00,31.5,standard,pre_game,2026-09-25T01:41:18.689-04:00
5150,prizepicks,15215285,2026-09-25T16:47:14+00:00,14.5,standard,pre_game,2026-09-25T01:41:18.689-04:00
5151,prizepicks,15215278,2026-09-25T16:47:14+00:00,29.5,standard,pre_game,2026-09-25T01:41:18.689-04:00
5152,prizepicks,15215286,2026-09-25T16:47:14+00:00,10.5,standard,pre_game,2026-09-25T01:41:18.689-04:00
5153,prizepicks,15215279,2026-09-25T16:47:14+00:00,26.5,standard,pre_game,2026-09-25T01:41:18.689-04:00
5154,prizepicks,15215287,2026-09-25T16:47:14+00:00,13.5,standard,pre_game,2026-09-25T01:41:18.689-04:00
5155,prizepicks,15229269,2026-09-25T16:47:14+00:00,29.5,standard,pre_game,2026-09-25T12:09:07.695-04:00
5156,prizepicks,15229270,2026-09-25T16:47:14+00:00,32.5,standard,pre_game,2026-09-25T12:09:07.695-04:00
5157,prizepicks,15229271,2026-09-25T16:47:14+00:00,31.0,standard,pre_game,2026-09-25T12:09:07.695-04:00
5158,prizepicks,15229272,2026-09-25T16:47:14+00:00,28.5,standard,pre_game,2026-09-25T12:38:22.790-04:00
5159,prizepicks,15229273,2026-09-25T16:47:14+00:00,27.5,standard,pre_game,2026-09-25T12:09:07.695-04:00
5160,prizepicks,15229274,2026-09-25T16:47:14+00:00,15.0,standard,pre_game,2026-09-25T12:09:07.695-04:00
5161,prizepicks,15229275,2026-09-25T16:47:14+00:00,21.0,standard,pre_game,2026-09-25T12:09:07.695-04:00
5162,prizepicks,15229276,2026-09-25T16:47:14+00:00,11.5,standard,pre_game,2026-09-25T12:09:07.695-04:00
5163,prizepicks,15229277,2026-09-25T16:47:14+00:00,17.0,standard,pre_game,2026-09-25T12:09:07.695-04:00
5164,prizepicks,15229278,2026-09-25T16:47:14+00:00,15.5,standard,pre_game,2026-09-25T12:23:09.822-04:00
5165,prizepicks,15228548,2026-09-25T16:47:14+00:00,33.0,standard,pre_game,2026-09-25T11:42:51.824-04:00
5166,prizepicks,15228558,2026-09-25T16:47:14+00:00,17.0,standard,pre_game,2026-09-25T11:42:51.824-04:00
5167,prizepicks,15228549,2026-09-25T16:47:14+00:00,31.0,standard,pre_game,2026-09-25T11:42:51.824-04:00
5168,prizepicks,15228559,2026-09-25T16:47:14+00:00,9.0,standard,pre_game,2026-09-25T11:42:51.824-04:00
5169,prizepicks,15228550,2026-09-25T16:47:14+00:00,28.5,standard,pre_game,2026-09-25T11:42:51.824-04:00
5170,prizepicks,15228560,2026-09-25T16:47:14+00:00,16.5,standard,pre_game,2026-09-25T11:42:51.824-04:00
5171,prizepicks,15228551,2026-09-25T16:47:14+00:00,28.5,standard,pre_game,2026-09-25T11:42:51.824-04:00
5172,prizepicks,15228561,2026-09-25T16:47:14+00:00,16.5,standard,pre_game,2026-09-25T11:42:51.824-04:00
5173,prizepicks,15228552,2026-09-25T16:47:14+00:00,28.5,standard,pre_game,2026-09-25T11:42:51.824-04:00
5174,prizepicks,15228562,2026-09-25T16:47:14+00:00,15.0,standard,pre_game,2026-09-25T11:42:51.824-04:00
5175,prizepicks,15228553,2026-09-25T16:47:14+00:00,32.0,standard,pre_game,2026-09-25T11:42:56.585-04:00
5176,prizepicks,15228563,2026-09-25T16:47:14+00:00,17.5,standard,pre_game,2026-09-25T11:42:56.585-04:00
5177,prizepicks,15228554,2026-09-25T16:47:14+00:00,29.5,standard,pre_game,2026-09-25T11:42:56.585-04:00
5178,prizepicks,15228564,2026-09-25T16:47:14+00:00,14.5,standard,pre_game,2026-09-25T11:42:56.585-04:00
5179,prizepicks,15228555,2026-09-25T16:47:14+00:00,28.0,standard,pre_game,2026-09-25T11:42:56.585-04:00
5180,prizepicks,15228565,2026-09-25T16:47:14+00:00,11.0,standard,pre_game,2026-09-25T11:46:26.189-04:00
5181,prizepicks,15228556,2026-09-25T16:47:14+00:00,27.0,standard,pre_game,2026-09-25T11:42:56.585-04:00
5182,prizepicks,15228566,2026-09-25T16:47:14+00:00,14.5,standard,pre_game,2026-09-25T11:42:56.585-04:00
5183,prizepicks,15228557,2026-09-25T16:47:14+00:00,23.5,standard,pre_game,2026-09-25T11:42:56.585-04:00
5184,prizepicks,15228567,2026-09-25T16:47:14+00:00,13.0,standard,pre_game,2026-09-25T11:42:56.585-04:00
5185,prizepicks,15228678,2026-09-25T16:47:14+00:00,33.5,standard,pre_game,2026-09-25T11:42:39.194-04:00
5186,prizepicks,15228683,2026-09-25T16:47:14+00:00,18.5,standard,pre_game,2026-09-25T11:42:39.194-04:00
5187,prizepicks,15228679,2026-09-25T16:47:14+00:00,30.5,standard,pre_game,2026-09-25T11:42:39.194-04:00
5188,prizepicks,15228684,2026-09-25T16:47:14+00:00,19.5,standard,pre_game,2026-09-25T11:42:39.194-04:00
5189,prizepicks,15228680,2026-09-25T16:47:14+00:00,30.0,standard,pre_game,2026-09-25T11:42:39.194-04:00
5190,prizepicks,15228685,2026-09-25T16:47:14+00:00,19.0,standard,pre_game,2026-09-25T11:42:39.194-04:00
5191,prizepicks,15228681,2026-09-25T16:47:14+00:00,28.5,standard,pre_game,2026-09-25T11:42:39.194-04:00
5192,prizepicks,15228686,2026-09-25T16:47:14+00:00,10.0,standard,pre_game,2026-09-25T11:42:39.194-04:00
5193,prizepicks,15228682,2026-09-25T16:47:14+00:00,27.5,standard,pre_game,2026-09-25T11:42:39.194-04:00
5194,prizepicks,15228687,2026-09-25T16:47:14+00:00,13.5,standard,pre_game,2026-09-25T11:42:39.194-04:00
5195,prizepicks,15191450,2026-09-25T16:47:14+00:00,17.5,demon,pre_game,2026-09-25T11:42:51.824-04:00
5196,prizepicks,15191452,2026-09-25T16:47:14+00:00,17.5,demon,pre_game,2026-09-25T11:43:17.748-04:00
5197,prizepicks,15191448,2026-09-25T16:47:14+00:00,16.5,standard,pre_game,2026-09-25T11:42:51.824-04:00
5198,prizepicks,15191451,2026-09-25T16:47:14+00:00,16.5,standard,pre_game,2026-09-25T11:43:17.748-04:00
5199,prizepicks,15191449,2026-09-25T16:47:14+00:00,15.5,goblin,pre_game,2026-09-25T11:42:51.824-04:00
5200,prizepicks,15191455,2026-09-25T16:47:14+00:00,15.5,demon,pre_game,2026-09-25T11:42:51.824-04:00
5201,prizepicks,15191458,2026-09-25T16:47:14+00:00,15.5,demon,pre_game,2026-09-25T11:43:17.748-04:00
5202,prizepicks,15191453,2026-09-25T16:47:14+00:00,14.5,standard,pre_game,2026-09-25T11:42:51.824-04:00
5203,prizepicks,15191456,2026-09-25T16:47:14+00:00,14.5,standard,pre_game,2026-09-25T11:43:17.748-04:00
5204,prizepicks,15191460,2026-09-25T16:47:14+00:00,14.5,demon,pre_game,2026-09-25T11:42:51.824-04:00
5205,prizepicks,15191463,2026-09-25T16:47:14+00:00,14.5,demon,pre_game,2026-09-25T11:43:17.748-04:00
5206,prizepicks,15191467,2026-09-25T16:47:14+00:00,14.5,demon,pre_game,2026-09-25T11:42:51.824-04:00
5207,prizepicks,15191471,2026-09-25T16:47:14+00:00,14.5,demon,pre_game,2026-09-25T11:43:17.748-04:00
5208,prizepicks,15191472,2026-09-25T16:47:14+00:00,14.5,demon,pre_game,2026-09-25T11:42:51.824-04:00
5209,prizepicks,15191474,2026-09-25T16:47:14+00:00,14.5,demon,pre_game,2026-09-25T11:43:17.748-04:00
5210,prizepicks,15191454,2026-09-25T16:47:14+00:00,13.5,goblin,pre_game,2026-09-25T11:42:51.824-04:00
5211,prizepicks,15191457,2026-09-25T16:47:14+00:00,13.5,goblin,pre_game,2026-09-25T11:43:17.748-04:00
5212,prizepicks,15191465,2026-09-25T16:47:14+00:00,13.5,standard,pre_game,2026-09-25T11:42:51.824-04:00
5213,prizepicks,15191469,2026-09-25T16:47:14+00:00,13.5,standard,pre_game,2026-09-25T11:43:17.748-04:00
5214,prizepicks,15191466,2026-09-25T16:47:14+00:00,12.5,goblin,pre_game,2026-09-25T11:42:51.824-04:00
5215,prizepicks,15191470,2026-09-25T16:47:14+00:00,12.5,goblin,pre_game,2026-09-25T11:43:17.748-04:00
5216,prizepicks,15191447,2026-09-25T16:47:14+00:00,9.5,standard,pre_game,2026-09-25T11:42:51.824-04:00
5217,prizepicks,15191459,2026-09-25T16:47:14+00:00,7.5,standard,pre_game,2026-09-25T11:42:51.824-04:00
5218,prizepicks,15191461,2026-09-25T16:47:14+00:00,7.5,standard,pre_game,2026-09-25T11:43:17.748-04:00
5219,prizepicks,15191464,2026-09-25T16:47:14+00:00,7.5,standard,pre_game,2026-09-25T11:42:51.824-04:00
5220,prizepicks,15191468,2026-09-25T16:47:14+00:00,7.5,standard,pre_game,2026-09-25T11:43:17.748-04:00
5221,prizepicks,15199501,2026-09-25T16:48:38+00:00,7.0,standard,pre_game,2026-09-25T12:42:52.064-04:00
5222,prizepicks,15199502,2026-09-25T16:48:38+00:00,6.5,standard,pre_game,2026-09-25T12:42:52.064-04:00
5223,prizepicks,15199503,2026-09-25T16:48:38+00:00,4.5,standard,pre_game,2026-09-25T12:42:52.064-04:00
5224,prizepicks,15199504,2026-09-25T16:48:38+00:00,3.0,standard,pre_game,2026-09-25T12:42:52.064-04:00
5225,prizepicks,15199505,2026-09-25T16:48:38+00:00,3.0,standard,pre_game,2026-09-25T12:42:52.064-04:00
5226,prizepicks,15199506,2026-09-25T16:48:38+00:00,6.5,standard,pre_game,2026-09-25T12:42:52.064-04:00
5227,prizepicks,15199507,2026-09-25T16:48:38+00:00,6.5,standard,pre_game,2026-09-25T12:42:52.064-04:00
5228,prizepicks,15199508,2026-09-25T16:48:38+00:00,4.0,standard,pre_game,2026-09-25T12:42:52.064-04:00
5229,prizepicks,15199509,2026-09-25T16:48:38+00:00,2.5,standard,pre_game,2026-09-25T12:42:52.064-04:00
5230,prizepicks,15199510,2026-09-25T16:48:38+00:00,2.0,standard,pre_game,2026-09-25T12:42:52.064-04:00
5231,prizepicks,15199468,2026-09-25T16:48:38+00:00,17.0,standard,pre_game,2026-09-25T11:56:33.253-04:00
5232,prizepicks,15199469,2026-09-25T16:48:38+00:00,16.5,standard,pre_game,2026-09-25T11:56:33.253-04:00
5233,prizepicks,15199470,2026-09-25T16:48:38+00:00,13.5,standard,pre_game,2026-09-25T11:56:33.253-04:00
5234,prizepicks,15199471,2026-09-25T16:48:38+00:00,7.0,standard,pre_game,2026-09-25T11:56:33.253-04:00
5235,prizepicks,15199472,2026-09-25T16:48:38+00:00,5.5,standard,pre_game,2026-09-25T11:56:33.253-04:00
5236,prizepicks,15199473,2026-09-25T16:48:38+00:00,12.5,standard,pre_game,2026-09-25T11:56:33.253-04:00
5237,prizepicks,15199474,2026-09-25T16:48:38+00:00,13.5,standard,pre_game,2026-09-25T11:56:33.253-04:00
5238,prizepicks,15199475,2026-09-25T16:48:38+00:00,11.5,standard,pre_game,2026-09-25T11:56:33.253-04:00
5239,prizepicks,15199476,2026-09-25T16:48:38+00:00,6.0,standard,pre_game,2026-09-25T11:56:33.253-04:00
5240,prizepicks,15199477,2026-09-25T16:48:38+00:00,5.0,standard,pre_game,2026-09-25T11:56:33.253-04:00
5241,prizepicks,15199511,2026-09-25T16:48:38+00:00,8.5,standard,pre_game,2026-09-25T11:56:23.767-04:00
5242,prizepicks,15199512,2026-09-25T16:48:38+00:00,7.5,standard,pre_game,2026-09-25T11:56:23.767-04:00
5243,prizepicks,15199513,2026-09-25T16:48:38+00:00,6.5,standard,pre_game,2026-09-25T11:56:23.767-04:00
5244,prizepicks,15199514,2026-09-25T16:48:38+00:00,3.5,standard,pre_game,2026-09-25T11:56:23.767-04:00
5245,prizepicks,15199515,2026-09-25T16:48:38+00:00,2.5,standard,pre_game,2026-09-25T11:56:23.767-04:00
5246,prizepicks,15199516,2026-09-25T16:48:38+00:00,6.0,standard,pre_game,2026-09-25T11:56:23.767-04:00
5247,prizepicks,15199517,2026-09-25T16:48:38+00:00,7.0,standard,pre_game,2026-09-25T11:56:23.767-04:00
5248,prizepicks,15199518,2026-09-25T16:48:38+00:00,5.5,standard,pre_game,2026-09-25T11:56:23.767-04:00
5249,prizepicks,15199519,2026-09-25T16:48:38+00:00,3.0,standard,pre_game,2026-09-25T11:56:23.767-04:00
5250,prizepicks,15199520,2026-09-25T16:48:38+00:00,2.5,standard,pre_game,2026-09-25T11:56:23.767-04:00
5251,prizepicks,15198016,2026-09-25T16:52:52+00:00,33.5,standard,pre_game,2026-09-25T10:58:53.581-04:00
5252,prizepicks,15198017,2026-09-25T16:52:52+00:00,28.5,standard,pre_game,2026-09-25T10:58:53.525-04:00
5253,prizepicks,15198018,2026-09-25T16:52:52+00:00,22.5,standard,pre_game,2026-09-24T22:27:48.005-04:00
5254,prizepicks,15198019,2026-09-25T16:52:52+00:00,18.5,standard,pre_game,2026-09-24T22:27:11.430-04:00
5255,prizepicks,15198571,2026-09-25T16:52:52+00:00,10.5,demon,pre_game,2026-09-24T14:57:03.486-04:00
5256,prizepicks,15197798,2026-09-25T16:52:52+00:00,8.5,standard,pre_game,2026-09-24T14:44:03.407-04:00
5257,prizepicks,15198572,2026-09-25T16:52:52+00:00,6.5,goblin,pre_game,2026-09-24T14:57:03.740-04:00
5258,prizepicks,15198493,2026-09-25T16:52:52+00:00,14.5,demon,pre_game,2026-09-24T14:52:23.507-04:00
5259,prizepicks,15197799,2026-09-25T16:52:52+00:00,12.5,standard,pre_game,2026-09-24T14:44:03.407-04:00
5260,prizepicks,15198494,2026-09-25T16:52:52+00:00,10.5,goblin,pre_game,2026-09-24T14:52:23.597-04:00
5261,prizepicks,15198799,2026-09-25T16:52:52+00:00,14.5,demon,pre_game,2026-09-24T15:04:31.551-04:00
5262,prizepicks,15197800,2026-09-25T16:52:52+00:00,12.5,standard,pre_game,2026-09-25T10:58:49.887-04:00
5263,prizepicks,15198800,2026-09-25T16:52:52+00:00,8.5,goblin,pre_game,2026-09-24T15:04:31.614-04:00
5264,prizepicks,15198842,2026-09-25T16:52:52+00:00,18.5,demon,pre_game,2026-09-24T15:06:07.578-04:00
5265,prizepicks,15197801,2026-09-25T16:52:52+00:00,15.5,standard,pre_game,2026-09-24T14:44:03.407-04:00
5266,prizepicks,15198843,2026-09-25T16:52:52+00:00,12.5,goblin,pre_game,2026-09-24T15:06:07.652-04:00
5267,prizepicks,15197973,2026-09-25T16:52:52+00:00,2.5,demon,pre_game,2026-09-24T14:44:03.407-04:00
5268,prizepicks,15198729,2026-09-25T16:52:52+00:00,9.5,demon,pre_game,2026-09-24T15:01:02.182-04:00
5269,prizepicks,15197803,2026-09-25T16:52:52+00:00,7.0,standard,pre_game,2026-09-24T17:10:44.778-04:00
5270,prizepicks,15198730,2026-09-25T16:52:52+00:00,5.5,goblin,pre_game,2026-09-24T15:01:02.257-04:00
5271,prizepicks,15198488,2026-09-25T16:52:52+00:00,9.5,demon,pre_game,2026-09-24T14:51:33.359-04:00
5272,prizepicks,15197804,2026-09-25T16:52:52+00:00,7.0,standard,pre_game,2026-09-24T22:27:40.342-04:00
5273,prizepicks,15198489,2026-09-25T16:52:52+00:00,5.5,goblin,pre_game,2026-09-24T14:51:33.416-04:00
5274,prizepicks,15198468,2026-09-25T16:52:52+00:00,11.5,demon,pre_game,2026-09-24T15:52:25.506-04:00
5275,prizepicks,15197805,2026-09-25T16:52:52+00:00,8.5,standard,pre_game,2026-09-24T15:48:00.789-04:00
5276,prizepicks,15198469,2026-09-25T16:52:52+00:00,5.5,goblin,pre_game,2026-09-24T15:52:28.245-04:00
5277,prizepicks,15198922,2026-09-25T16:52:52+00:00,13.5,demon,pre_game,2026-09-24T15:07:35.389-04:00
5278,prizepicks,15197806,2026-09-25T16:52:52+00:00,10.0,standard,pre_game,2026-09-24T22:27:11.373-04:00
5279,prizepicks,15198923,2026-09-25T16:52:52+00:00,7.5,goblin,pre_game,2026-09-24T15:07:35.441-04:00
5280,prizepicks,15197990,2026-09-25T16:52:52+00:00,1.5,goblin,pre_game,2026-09-24T14:43:54.424-04:00
5281,prizepicks,15198016,2026-09-25T16:52:57+00:00,33.5,standard,pre_game,2026-09-25T10:58:53.581-04:00
5282,prizepicks,15198017,2026-09-25T16:52:57+00:00,28.5,standard,pre_game,2026-09-25T10:58:53.525-04:00
5283,prizepicks,15198018,2026-09-25T16:52:57+00:00,22.5,standard,pre_game,2026-09-24T22:27:48.005-04:00
5284,prizepicks,15198019,2026-09-25T16:52:57+00:00,18.5,standard,pre_game,2026-09-24T22:27:11.430-04:00
5285,prizepicks,15198571,2026-09-25T16:52:57+00:00,10.5,demon,pre_game,2026-09-24T14:57:03.486-04:00
5286,prizepicks,15197798,2026-09-25T16:52:57+00:00,8.5,standard,pre_game,2026-09-24T14:44:03.407-04:00
5287,prizepicks,15198572,2026-09-25T16:52:57+00:00,6.5,goblin,pre_game,2026-09-24T14:57:03.740-04:00
5288,prizepicks,15198493,2026-09-25T16:52:57+00:00,14.5,demon,pre_game,2026-09-24T14:52:23.507-04:00
5289,prizepicks,15197799,2026-09-25T16:52:57+00:00,12.5,standard,pre_game,2026-09-24T14:44:03.407-04:00
5290,prizepicks,15198494,2026-09-25T16:52:57+00:00,10.5,goblin,pre_game,2026-09-24T14:52:23.597-04:00
5291,prizepicks,15198799,2026-09-25T16:52:57+00:00,14.5,demon,pre_game,2026-09-24T15:04:31.551-04:00
5292,prizepicks,15197800,2026-09-25T16:52:57+00:00,12.5,standard,pre_game,2026-09-25T10:58:49.887-04:00
5293,prizepicks,15198800,2026-09-25T16:52:57+00:00,8.5,goblin,pre_game,2026-09-24T15:04:31.614-04:00
5294,prizepicks,15198842,2026-09-25T16:52:57+00:00,18.5,demon,pre_game,2026-09-24T15:06:07.578-04:00
5295,prizepicks,15197801,2026-09-25T16:52:57+00:00,15.5,standard,pre_game,2026-09-24T14:44:03.407-04:00
5296,prizepicks,15198843,2026-09-25T16:52:57+00:00,12.5,goblin,pre_game,2026-09-24T15:06:07.652-04:00
5297,prizepicks,15197973,2026-09-25T16:52:57+00:00,2.5,demon,pre_game,2026-09-24T14:44:03.407-04:00
5298,prizepicks,15198729,2026-09-25T16:52:57+00:00,9.5,demon,pre_game,2026-09-24T15:01:02.182-04:00
5299,prizepicks,15197803,2026-09-25T16:52:57+00:00,7.0,standard,pre_game,2026-09-24T17:10:44.778-04:00
5300,prizepicks,15198730,2026-09-25T16:52:57+00:00,5.5,goblin,pre_game,2026-09-24T15:01:02.257-04:00
5301,prizepicks,15198488,2026-09-25T16:52:57+00:00,9.5,demon,pre_game,2026-09-24T14:51:33.359-04:00
5302,prizepicks,15197804,2026-09-25T16:52:57+00:00,7.0,standard,pre_game,2026-09-24T22:27:40.342-04:00
5303,prizepicks,15198489,2026-09-25T16:52:57+00:00,5.5,goblin,pre_game,2026-09-24T14:51:33.416-04:00
5304,prizepicks,15198468,2026-09-25T16:52:57+00:00,11.5,demon,pre_game,2026-09-24T15:52:25.506-04:00
5305,prizepicks,15197805,2026-09-25T16:52:57+00:00,8.5,standard,pre_game,2026-09-24T15:48:00.789-04:00
5306,prizepicks,15198469,2026-09-25T16:52:57+00:00,5.5,goblin,pre_game,2026-09-24T15:52:28.245-04:00
5307,prizepicks,15198922,2026-09-25T16:52:57+00:00,13.5,demon,pre_game,2026-09-24T15:07:35.389-04:00
5308,prizepicks,15197806,2026-09-25T16:52:57+00:00,10.0,standard,pre_game,2026-09-24T22:27:11.373-04:00
5309,prizepicks,15198923,2026-09-25T16:52:57+00:00,7.5,goblin,pre_game,2026-09-24T15:07:35.441-04:00
5310,prizepicks,15197990,2026-09-25T16:52:57+00:00,1.5,goblin,pre_game,2026-09-24T14:43:54.424-04:00
5311,prizepicks,15195194,2026-09-25T16:53:09+00:00,32.5,standard,pre_game,2026-09-25T10:37:27.068-04:00
5312,prizepicks,15195199,2026-09-25T16:53:09+00:00,18.5,standard,pre_game,2026-09-24T16:03:39.591-04:00
5313,prizepicks,15195195,2026-09-25T16:53:09+00:00,29.5,standard,pre_game,2026-09-25T10:38:00.614-04:00
5314,prizepicks,15195200,2026-09-25T16:53:09+00:00,10.5,standard,pre_game,2026-09-24T16:03:50.068-04:00
5315,prizepicks,15195196,2026-09-25T16:53:09+00:00,29.0,standard,pre_game,2026-09-24T16:00:17.673-04:00
5316,prizepicks,15195201,2026-09-25T16:53:09+00:00,19.5,standard,pre_game,2026-09-24T16:03:44.540-04:00
5317,prizepicks,15195197,2026-09-25T16:53:09+00:00,28.5,standard,pre_game,2026-09-24T16:03:25.772-04:00
5318,prizepicks,15195202,2026-09-25T16:53:09+00:00,12.5,standard,pre_game,2026-09-24T16:03:25.821-04:00
5319,prizepicks,15195198,2026-09-25T16:53:09+00:00,26.5,standard,pre_game,2026-09-24T16:03:34.024-04:00
5320,prizepicks,15195203,2026-09-25T16:53:09+00:00,14.5,standard,pre_game,2026-09-24T16:03:34.066-04:00
5321,prizepicks,15200440,2026-09-25T16:53:09+00:00,31.0,standard,pre_game,2026-09-24T15:56:45.350-04:00
5322,prizepicks,15200441,2026-09-25T16:53:09+00:00,30.5,standard,pre_game,2026-09-24T23:25:56.856-04:00
5323,prizepicks,15200442,2026-09-25T16:53:09+00:00,31.5,standard,pre_game,2026-09-24T21:15:57.398-04:00
5324,prizepicks,15200443,2026-09-25T16:53:09+00:00,28.0,standard,pre_game,2026-09-24T15:56:45.350-04:00
5325,prizepicks,15200444,2026-09-25T16:53:09+00:00,27.5,standard,pre_game,2026-09-24T15:56:45.350-04:00
5326,prizepicks,15200445,2026-09-25T16:53:09+00:00,29.0,standard,pre_game,2026-09-25T00:54:13.968-04:00
5327,prizepicks,15200446,2026-09-25T16:53:09+00:00,28.5,standard,pre_game,2026-09-25T10:38:10.875-04:00
5328,prizepicks,15200447,2026-09-25T16:53:09+00:00,28.5,standard,pre_game,2026-09-24T15:56:49.989-04:00
5329,prizepicks,15200448,2026-09-25T16:53:09+00:00,27.0,standard,pre_game,2026-09-24T15:56:49.989-04:00
5330,prizepicks,15200449,2026-09-25T16:53:09+00:00,25.0,standard,pre_game,2026-09-25T00:52:09.885-04:00
5331,prizepicks,15200450,2026-09-25T16:53:09+00:00,18.5,standard,pre_game,2026-09-24T15:56:45.350-04:00
5332,prizepicks,15200451,2026-09-25T16:53:09+00:00,12.0,standard,pre_game,2026-09-24T23:26:21.751-04:00
5333,prizepicks,15200452,2026-09-25T16:53:09+00:00,18.0,standard,pre_game,2026-09-24T15:56:45.350-04:00
5334,prizepicks,15200453,2026-09-25T16:53:09+00:00,15.5,standard,pre_game,2026-09-24T21:17:00.442-04:00
5335,prizepicks,15200454,2026-09-25T16:53:09+00:00,15.0,standard,pre_game,2026-09-24T15:56:45.350-04:00
5336,prizepicks,15200455,2026-09-25T16:53:09+00:00,11.0,standard,pre_game,2026-09-24T15:56:49.989-04:00
5337,prizepicks,15200456,2026-09-25T16:53:09+00:00,14.0,standard,pre_game,2026-09-24T15:56:49.989-04:00
5338,prizepicks,15200457,2026-09-25T16:53:09+00:00,14.5,standard,pre_game,2026-09-24T15:56:49.989-04:00
5339,prizepicks,15200458,2026-09-25T16:53:09+00:00,14.5,standard,pre_game,2026-09-24T15:56:49.989-04:00
5340,prizepicks,15200459,2026-09-25T16:53:09+00:00,13.0,standard,pre_game,2026-09-24T23:38:48.109-04:00
5341,prizepicks,15213092,2026-09-25T16:53:09+00:00,32.5,standard,pre_game,2026-09-25T12:51:37.487-04:00
5342,prizepicks,15213093,2026-09-25T16:53:09+00:00,27.5,standard,pre_game,2026-09-25T12:51:37.487-04:00
5343,prizepicks,15213095,2026-09-25T16:53:09+00:00,32.5,standard,pre_game,2026-09-25T12:51:37.487-04:00
5344,prizepicks,15213096,2026-09-25T16:53:09+00:00,28.5,standard,pre_game,2026-09-25T12:51:37.487-04:00
5345,prizepicks,15213097,2026-09-25T16:53:09+00:00,17.5,standard,pre_game,2026-09-25T12:51:37.487-04:00
5346,prizepicks,15213098,2026-09-25T16:53:09+00:00,16.0,standard,pre_game,2026-09-25T12:51:37.487-04:00
5347,prizepicks,15213100,2026-09-25T16:53:09+00:00,10.5,standard,pre_game,2026-09-25T12:51:37.487-04:00
5348,prizepicks,15213101,2026-09-25T16:53:09+00:00,15.5,standard,pre_game,2026-09-25T12:51:37.487-04:00
5349,prizepicks,15194506,2026-09-25T16:53:09+00:00,32.5,standard,pre_game,2026-09-25T12:46:22.352-04:00
5350,prizepicks,15194507,2026-09-25T16:53:09+00:00,30.5,standard,pre_game,2026-09-25T12:46:22.352-04:00
5351,prizepicks,15194508,2026-09-25T16:53:09+00:00,28.5,standard,pre_game,2026-09-25T12:46:22.352-04:00
5352,prizepicks,15194509,2026-09-25T16:53:09+00:00,28.5,standard,pre_game,2026-09-25T12:46:22.352-04:00
5353,prizepicks,15194510,2026-09-25T16:53:09+00:00,27.0,standard,pre_game,2026-09-25T12:46:22.352-04:00
5354,prizepicks,15194511,2026-09-25T16:53:09+00:00,29.0,standard,pre_game,2026-09-25T12:46:22.352-04:00
5355,prizepicks,15194512,2026-09-25T16:53:09+00:00,27.5,standard,pre_game,2026-09-25T12:46:22.352-04:00
5356,prizepicks,15194513,2026-09-25T16:53:09+00:00,27.5,standard,pre_game,2026-09-25T12:46:22.352-04:00
5357,prizepicks,15194514,2026-09-25T16:53:09+00:00,26.5,standard,pre_game,2026-09-25T12:46:22.352-04:00
5358,prizepicks,15194515,2026-09-25T16:53:09+00:00,25.0,standard,pre_game,2026-09-25T12:46:22.352-04:00
5359,prizepicks,15194516,2026-09-25T16:53:09+00:00,21.0,standard,pre_game,2026-09-25T12:46:22.352-04:00
5360,prizepicks,15194517,2026-09-25T16:53:09+00:00,12.5,standard,pre_game,2026-09-25T12:46:22.352-04:00
5361,prizepicks,15194518,2026-09-25T16:53:09+00:00,17.5,standard,pre_game,2026-09-25T12:46:22.352-04:00
5362,prizepicks,15194519,2026-09-25T16:53:09+00:00,18.0,standard,pre_game,2026-09-25T12:46:22.352-04:00
5363,prizepicks,15194520,2026-09-25T16:53:09+00:00,16.0,standard,pre_game,2026-09-25T12:46:22.352-04:00
5364,prizepicks,15194521,2026-09-25T16:53:09+00:00,16.0,standard,pre_game,2026-09-25T12:46:22.352-04:00
5365,prizepicks,15194522,2026-09-25T16:53:09+00:00,13.5,standard,pre_game,2026-09-25T12:46:22.352-04:00
5366,prizepicks,15194523,2026-09-25T16:53:09+00:00,14.5,standard,pre_game,2026-09-25T12:46:22.352-04:00
5367,prizepicks,15194524,2026-09-25T16:53:09+00:00,9.5,standard,pre_game,2026-09-25T12:46:22.352-04:00
5368,prizepicks,15194525,2026-09-25T16:53:09+00:00,13.0,standard,pre_game,2026-09-25T12:46:22.352-04:00
5369,prizepicks,15192251,2026-09-25T16:53:09+00:00,12.5,standard,pre_game,2026-09-24T11:19:41.642-04:00
5370,prizepicks,15192252,2026-09-25T16:53:09+00:00,15.5,standard,pre_game,2026-09-24T11:19:41.642-04:00
5371,prizepicks,15192253,2026-09-25T16:53:09+00:00,11.5,standard,pre_game,2026-09-24T11:19:41.642-04:00
5372,prizepicks,15192254,2026-09-25T16:53:09+00:00,15.5,standard,pre_game,2026-09-24T11:19:41.642-04:00
5373,prizepicks,15192255,2026-09-25T16:53:09+00:00,17.5,standard,pre_game,2026-09-24T11:19:41.642-04:00
5374,prizepicks,15192256,2026-09-25T16:53:09+00:00,17.0,standard,pre_game,2026-09-24T11:19:54.746-04:00
5375,prizepicks,15192257,2026-09-25T16:53:09+00:00,13.5,standard,pre_game,2026-09-24T11:19:54.746-04:00
5376,prizepicks,15192258,2026-09-25T16:53:09+00:00,16.5,standard,pre_game,2026-09-24T11:19:54.746-04:00
5377,prizepicks,15192260,2026-09-25T16:53:09+00:00,17.0,standard,pre_game,2026-09-24T11:19:54.746-04:00
5378,prizepicks,15192241,2026-09-25T16:53:09+00:00,27.0,standard,pre_game,2026-09-24T11:19:41.642-04:00
5379,prizepicks,15192242,2026-09-25T16:53:09+00:00,28.0,standard,pre_game,2026-09-24T11:19:41.642-04:00
5380,prizepicks,15192243,2026-09-25T16:53:09+00:00,31.5,standard,pre_game,2026-09-24T11:19:41.642-04:00
5381,prizepicks,15192244,2026-09-25T16:53:09+00:00,27.5,standard,pre_game,2026-09-24T14:52:25.785-04:00
5382,prizepicks,15192245,2026-09-25T16:53:09+00:00,30.0,standard,pre_game,2026-09-24T17:26:02.563-04:00
5383,prizepicks,15192246,2026-09-25T16:53:09+00:00,27.0,standard,pre_game,2026-09-24T11:19:54.746-04:00
5384,prizepicks,15192247,2026-09-25T16:53:09+00:00,27.0,standard,pre_game,2026-09-24T11:19:54.746-04:00
5385,prizepicks,15192248,2026-09-25T16:53:09+00:00,31.5,standard,pre_game,2026-09-24T11:19:54.746-04:00
5386,prizepicks,15192249,2026-09-25T16:53:09+00:00,33.5,standard,pre_game,2026-09-25T12:35:45.549-04:00
5387,prizepicks,15192250,2026-09-25T16:53:09+00:00,29.5,standard,pre_game,2026-09-24T11:19:54.746-04:00
5388,prizepicks,15192295,2026-09-25T16:53:09+00:00,13.5,standard,pre_game,2026-09-25T12:52:42.638-04:00
5389,prizepicks,15192296,2026-09-25T16:53:09+00:00,14.5,standard,pre_game,2026-09-25T12:52:42.638-04:00
5390,prizepicks,15192297,2026-09-25T16:53:09+00:00,14.5,standard,pre_game,2026-09-25T12:52:42.638-04:00
5391,prizepicks,15192298,2026-09-25T16:53:09+00:00,12.5,standard,pre_game,2026-09-25T12:52:42.638-04:00
5392,prizepicks,15192299,2026-09-25T16:53:09+00:00,15.5,standard,pre_game,2026-09-25T12:52:42.638-04:00
5393,prizepicks,15192300,2026-09-25T16:53:09+00:00,14.0,standard,pre_game,2026-09-25T12:52:47.233-04:00
5394,prizepicks,15192301,2026-09-25T16:53:09+00:00,14.0,standard,pre_game,2026-09-25T12:52:47.233-04:00
5395,prizepicks,15192302,2026-09-25T16:53:09+00:00,14.5,standard,pre_game,2026-09-25T12:52:47.233-04:00
5396,prizepicks,15192304,2026-09-25T16:53:09+00:00,12.0,standard,pre_game,2026-09-25T12:52:47.233-04:00
5397,prizepicks,15192305,2026-09-25T16:53:09+00:00,13.5,standard,pre_game,2026-09-25T12:52:47.233-04:00
5398,prizepicks,15192309,2026-09-25T16:53:09+00:00,8.0,standard,pre_game,2026-09-25T12:52:42.638-04:00
5399,prizepicks,15192310,2026-09-25T16:53:09+00:00,5.0,standard,pre_game,2026-09-25T12:52:42.638-04:00
5400,prizepicks,15192313,2026-09-25T16:53:09+00:00,8.0,standard,pre_game,2026-09-25T12:52:42.638-04:00
5401,prizepicks,15192314,2026-09-25T16:53:09+00:00,7.5,standard,pre_game,2026-09-25T12:52:42.638-04:00
5402,prizepicks,15192315,2026-09-25T16:53:09+00:00,8.0,standard,pre_game,2026-09-25T12:52:42.638-04:00
5403,prizepicks,15192316,2026-09-25T16:53:09+00:00,8.0,standard,pre_game,2026-09-25T12:52:47.233-04:00
5404,prizepicks,15192317,2026-09-25T16:53:09+00:00,4.5,standard,pre_game,2026-09-25T12:52:47.233-04:00
5405,prizepicks,15192318,2026-09-25T16:53:09+00:00,8.0,standard,pre_game,2026-09-25T12:52:47.233-04:00
5406,prizepicks,15192319,2026-09-25T16:53:09+00:00,6.0,standard,pre_game,2026-09-25T12:52:47.233-04:00
5407,prizepicks,15192320,2026-09-25T16:53:09+00:00,7.5,standard,pre_game,2026-09-25T12:52:47.233-04:00
5408,prizepicks,15194526,2026-09-25T16:53:09+00:00,33.0,standard,pre_game,2026-09-24T12:06:53.570-04:00
5409,prizepicks,15194527,2026-09-25T16:53:09+00:00,32.0,standard,pre_game,2026-09-24T12:06:53.570-04:00
5410,prizepicks,15194528,2026-09-25T16:53:09+00:00,28.0,standard,pre_game,2026-09-24T12:06:53.570-04:00
5411,prizepicks,15194529,2026-09-25T16:53:09+00:00,28.0,standard,pre_game,2026-09-24T12:06:53.570-04:00
5412,prizepicks,15194530,2026-09-25T16:53:09+00:00,25.0,standard,pre_game,2026-09-24T14:08:32.752-04:00
5413,prizepicks,15194531,2026-09-25T16:53:09+00:00,31.5,standard,pre_game,2026-09-25T03:58:36.251-04:00
5414,prizepicks,15194532,2026-09-25T16:53:09+00:00,28.0,standard,pre_game,2026-09-24T12:06:59.211-04:00
5415,prizepicks,15194533,2026-09-25T16:53:09+00:00,28.0,standard,pre_game,2026-09-24T12:06:59.211-04:00
5416,prizepicks,15194534,2026-09-25T16:53:09+00:00,27.5,standard,pre_game,2026-09-24T12:06:59.211-04:00
5417,prizepicks,15194535,2026-09-25T16:53:09+00:00,27.0,standard,pre_game,2026-09-24T12:06:59.211-04:00
5418,prizepicks,15194538,2026-09-25T16:53:09+00:00,20.0,standard,pre_game,2026-09-24T12:06:53.570-04:00
5419,prizepicks,15194542,2026-09-25T16:53:09+00:00,17.0,standard,pre_game,2026-09-24T23:55:45.816-04:00
5420,prizepicks,15194543,2026-09-25T16:53:09+00:00,15.5,standard,pre_game,2026-09-24T12:06:53.570-04:00
5421,prizepicks,15194545,2026-09-25T16:53:09+00:00,10.0,standard,pre_game,2026-09-24T12:06:53.570-04:00
5422,prizepicks,15194546,2026-09-25T16:53:09+00:00,11.5,standard,pre_game,2026-09-24T17:25:11.251-04:00
5423,prizepicks,15194547,2026-09-25T16:53:09+00:00,16.5,standard,pre_game,2026-09-24T15:27:03.304-04:00
5424,prizepicks,15194548,2026-09-25T16:53:09+00:00,15.0,standard,pre_game,2026-09-24T12:06:59.211-04:00
5425,prizepicks,15194549,2026-09-25T16:53:09+00:00,9.5,standard,pre_game,2026-09-24T12:06:59.211-04:00
5426,prizepicks,15194550,2026-09-25T16:53:09+00:00,15.0,standard,pre_game,2026-09-24T12:06:59.211-04:00
5427,prizepicks,15194551,2026-09-25T16:53:09+00:00,17.0,standard,pre_game,2026-09-24T12:06:59.211-04:00
5428,prizepicks,15196267,2026-09-25T16:53:09+00:00,14.5,standard,pre_game,2026-09-24T13:43:57.652-04:00
5429,prizepicks,15196277,2026-09-25T16:53:09+00:00,7.0,standard,pre_game,2026-09-24T13:43:58.214-04:00
5430,prizepicks,15196268,2026-09-25T16:53:09+00:00,14.5,standard,pre_game,2026-09-24T13:43:57.765-04:00
5431,prizepicks,15196278,2026-09-25T16:53:09+00:00,7.0,standard,pre_game,2026-09-24T13:43:58.260-04:00
5432,prizepicks,15196269,2026-09-25T16:53:09+00:00,12.0,standard,pre_game,2026-09-24T13:43:57.822-04:00
5433,prizepicks,15196279,2026-09-25T16:53:09+00:00,6.5,standard,pre_game,2026-09-24T13:43:58.312-04:00
5434,prizepicks,15196270,2026-09-25T16:53:09+00:00,14.5,standard,pre_game,2026-09-24T13:43:57.886-04:00
5435,prizepicks,15196280,2026-09-25T16:53:09+00:00,8.0,standard,pre_game,2026-09-24T13:43:58.359-04:00
5436,prizepicks,15196271,2026-09-25T16:53:09+00:00,16.0,standard,pre_game,2026-09-24T13:43:57.934-04:00
5437,prizepicks,15196281,2026-09-25T16:53:09+00:00,5.5,standard,pre_game,2026-09-24T13:43:58.427-04:00
5438,prizepicks,15196272,2026-09-25T16:53:09+00:00,14.0,standard,pre_game,2026-09-24T13:43:57.980-04:00
5439,prizepicks,15196282,2026-09-25T16:53:09+00:00,6.0,standard,pre_game,2026-09-24T13:43:58.475-04:00
5440,prizepicks,15196273,2026-09-25T16:53:09+00:00,14.0,standard,pre_game,2026-09-24T13:43:58.026-04:00
5441,prizepicks,15196283,2026-09-25T16:53:09+00:00,4.5,standard,pre_game,2026-09-24T13:43:58.522-04:00
5442,prizepicks,15196274,2026-09-25T16:53:09+00:00,13.0,standard,pre_game,2026-09-24T13:43:58.075-04:00
5443,prizepicks,15196284,2026-09-25T16:53:09+00:00,8.0,standard,pre_game,2026-09-24T13:43:58.571-04:00
5444,prizepicks,15196275,2026-09-25T16:53:09+00:00,14.0,standard,pre_game,2026-09-24T13:43:58.120-04:00
5445,prizepicks,15196285,2026-09-25T16:53:09+00:00,7.5,standard,pre_game,2026-09-24T13:43:58.618-04:00
5446,prizepicks,15196276,2026-09-25T16:53:09+00:00,13.5,standard,pre_game,2026-09-24T13:43:58.165-04:00
5447,prizepicks,15196286,2026-09-25T16:53:09+00:00,8.0,standard,pre_game,2026-09-24T13:43:58.668-04:00
5448,prizepicks,15194630,2026-09-25T16:53:09+00:00,16.0,standard,pre_game,2026-09-25T08:51:34.506-04:00
5449,prizepicks,15194631,2026-09-25T16:53:09+00:00,15.0,standard,pre_game,2026-09-25T10:41:53.569-04:00
5450,prizepicks,15194632,2026-09-25T16:53:09+00:00,14.5,standard,pre_game,2026-09-25T08:51:34.506-04:00
5451,prizepicks,15194633,2026-09-25T16:53:09+00:00,14.0,standard,pre_game,2026-09-25T08:51:34.506-04:00
5452,prizepicks,15194634,2026-09-25T16:53:09+00:00,13.5,standard,pre_game,2026-09-25T08:51:34.506-04:00
5453,prizepicks,15194635,2026-09-25T16:53:09+00:00,14.5,standard,pre_game,2026-09-25T08:51:34.506-04:00
5454,prizepicks,15194636,2026-09-25T16:53:09+00:00,13.5,standard,pre_game,2026-09-25T08:51:34.506-04:00
5455,prizepicks,15194637,2026-09-25T16:53:09+00:00,13.5,standard,pre_game,2026-09-25T08:51:34.506-04:00
5456,prizepicks,15194638,2026-09-25T16:53:09+00:00,13.0,standard,pre_game,2026-09-25T08:51:34.506-04:00
5457,prizepicks,15194639,2026-09-25T16:53:09+00:00,12.5,standard,pre_game,2026-09-25T08:51:34.506-04:00
5458,prizepicks,15194640,2026-09-25T16:53:09+00:00,10.0,standard,pre_game,2026-09-25T08:51:34.506-04:00
5459,prizepicks,15194641,2026-09-25T16:53:09+00:00,6.0,standard,pre_game,2026-09-25T08:51:34.506-04:00
5460,prizepicks,15194642,2026-09-25T16:53:09+00:00,8.5,standard,pre_game,2026-09-25T08:51:34.506-04:00
5461,prizepicks,15194643,2026-09-25T16:53:09+00:00,8.0,standard,pre_game,2026-09-25T08:51:34.506-04:00
5462,prizepicks,15194644,2026-09-25T16:53:09+00:00,8.0,standard,pre_game,2026-09-25T08:51:34.506-04:00
5463,prizepicks,15194645,2026-09-25T16:53:09+00:00,8.5,standard,pre_game,2026-09-25T08:51:34.506-04:00
5464,prizepicks,15194646,2026-09-25T16:53:09+00:00,6.5,standard,pre_game,2026-09-25T08:51:34.506-04:00
5465,prizepicks,15194647,2026-09-25T16:53:09+00:00,7.0,standard,pre_game,2026-09-25T08:51:34.506-04:00
5466,prizepicks,15194648,2026-09-25T16:53:09+00:00,4.5,standard,pre_game,2026-09-25T08:51:34.506-04:00
5467,prizepicks,15194649,2026-09-25T16:53:09+00:00,7.0,standard,pre_game,2026-09-25T08:51:34.506-04:00
5468,prizepicks,15200460,2026-09-25T16:53:09+00:00,32.0,standard,pre_game,2026-09-24T15:57:19.856-04:00
5469,prizepicks,15200461,2026-09-25T16:53:09+00:00,32.0,standard,pre_game,2026-09-24T15:57:19.856-04:00
5470,prizepicks,15200462,2026-09-25T16:53:09+00:00,29.5,standard,pre_game,2026-09-24T15:57:19.856-04:00
5471,prizepicks,15200463,2026-09-25T16:53:09+00:00,27.0,standard,pre_game,2026-09-24T15:57:19.856-04:00
5472,prizepicks,15200464,2026-09-25T16:53:09+00:00,27.0,standard,pre_game,2026-09-24T15:57:19.856-04:00
5473,prizepicks,15200465,2026-09-25T16:53:09+00:00,24.0,standard,pre_game,2026-09-24T16:15:19.996-04:00
5474,prizepicks,15200466,2026-09-25T16:53:09+00:00,25.0,standard,pre_game,2026-09-24T16:15:15.959-04:00
5475,prizepicks,15200467,2026-09-25T16:53:09+00:00,24.5,standard,pre_game,2026-09-24T23:12:21.975-04:00
5476,prizepicks,15200468,2026-09-25T16:53:09+00:00,25.5,standard,pre_game,2026-09-24T15:57:24.152-04:00
5477,prizepicks,15200469,2026-09-25T16:53:09+00:00,24.0,standard,pre_game,2026-09-24T15:57:24.152-04:00
5478,prizepicks,15200470,2026-09-25T16:53:09+00:00,11.0,standard,pre_game,2026-09-24T15:57:19.856-04:00
5479,prizepicks,15200471,2026-09-25T16:53:09+00:00,15.5,standard,pre_game,2026-09-24T15:57:19.856-04:00
5480,prizepicks,15200472,2026-09-25T16:53:09+00:00,17.5,standard,pre_game,2026-09-24T15:57:19.856-04:00
5481,prizepicks,15200473,2026-09-25T16:53:09+00:00,14.5,standard,pre_game,2026-09-24T15:57:19.856-04:00
5482,prizepicks,15200474,2026-09-25T16:53:09+00:00,13.5,standard,pre_game,2026-09-24T15:57:19.856-04:00
5483,prizepicks,15200475,2026-09-25T16:53:09+00:00,15.0,standard,pre_game,2026-09-24T22:41:32.110-04:00
5484,prizepicks,15200476,2026-09-25T16:53:09+00:00,14.5,standard,pre_game,2026-09-24T15:57:24.152-04:00
5485,prizepicks,15200477,2026-09-25T16:53:09+00:00,15.5,standard,pre_game,2026-09-25T11:18:38.932-04:00
5486,prizepicks,15200478,2026-09-25T16:53:09+00:00,9.5,standard,pre_game,2026-09-24T15:57:24.152-04:00
5487,prizepicks,15200479,2026-09-25T16:53:09+00:00,12.0,standard,pre_game,2026-09-24T15:57:24.152-04:00
5488,prizepicks,15198653,2026-09-25T16:53:09+00:00,32.5,standard,pre_game,2026-09-24T15:14:09.253-04:00
5489,prizepicks,15198663,2026-09-25T16:53:09+00:00,19.0,standard,pre_game,2026-09-24T21:14:41.428-04:00
5490,prizepicks,15198654,2026-09-25T16:53:09+00:00,30.5,standard,pre_game,2026-09-24T15:09:32.851-04:00
5491,prizepicks,15198664,2026-09-25T16:53:09+00:00,14.5,standard,pre_game,2026-09-24T15:09:32.851-04:00
5492,prizepicks,15198655,2026-09-25T16:53:09+00:00,29.0,standard,pre_game,2026-09-24T15:09:32.851-04:00
5493,prizepicks,15198665,2026-09-25T16:53:09+00:00,10.5,standard,pre_game,2026-09-24T15:09:32.851-04:00
5494,prizepicks,15198656,2026-09-25T16:53:09+00:00,29.0,standard,pre_game,2026-09-24T15:09:32.851-04:00
5495,prizepicks,15198666,2026-09-25T16:53:09+00:00,16.5,standard,pre_game,2026-09-24T15:09:32.851-04:00
5496,prizepicks,15198657,2026-09-25T16:53:09+00:00,26.0,standard,pre_game,2026-09-24T15:09:32.851-04:00
5497,prizepicks,15198667,2026-09-25T16:53:09+00:00,13.0,standard,pre_game,2026-09-24T15:09:32.851-04:00
5498,prizepicks,15198658,2026-09-25T16:53:09+00:00,27.5,standard,pre_game,2026-09-24T15:09:38.410-04:00
5499,prizepicks,15198668,2026-09-25T16:53:09+00:00,9.5,standard,pre_game,2026-09-24T15:09:38.410-04:00
5500,prizepicks,15198659,2026-09-25T16:53:09+00:00,26.5,standard,pre_game,2026-09-25T01:53:52.670-04:00
5501,prizepicks,15198669,2026-09-25T16:53:09+00:00,13.0,standard,pre_game,2026-09-24T23:11:22.405-04:00
5502,prizepicks,15198660,2026-09-25T16:53:09+00:00,26.0,standard,pre_game,2026-09-24T15:09:38.410-04:00
5503,prizepicks,15198670,2026-09-25T16:53:09+00:00,13.0,standard,pre_game,2026-09-24T15:09:38.410-04:00
5504,prizepicks,15198661,2026-09-25T16:53:09+00:00,26.0,standard,pre_game,2026-09-24T15:09:38.410-04:00
5505,prizepicks,15198671,2026-09-25T16:53:09+00:00,15.5,standard,pre_game,2026-09-24T15:09:38.410-04:00
5506,prizepicks,15198662,2026-09-25T16:53:09+00:00,24.0,standard,pre_game,2026-09-24T23:12:39.431-04:00
5507,prizepicks,15198672,2026-09-25T16:53:09+00:00,12.5,standard,pre_game,2026-09-24T16:16:44.278-04:00
5508,prizepicks,15212932,2026-09-25T16:53:09+00:00,16.5,demon,pre_game,2026-09-25T01:38:38.517-04:00
5509,prizepicks,15212935,2026-09-25T16:53:09+00:00,16.5,demon,pre_game,2026-09-25T01:38:30.160-04:00
5510,prizepicks,15212917,2026-09-25T16:53:09+00:00,15.5,demon,pre_game,2026-09-25T01:38:38.517-04:00
5511,prizepicks,15212920,2026-09-25T16:53:09+00:00,15.5,demon,pre_game,2026-09-25T01:38:30.160-04:00
5512,prizepicks,15212924,2026-09-25T16:53:09+00:00,15.5,demon,pre_game,2026-09-25T01:38:30.160-04:00
5513,prizepicks,15212931,2026-09-25T16:53:09+00:00,15.5,standard,pre_game,2026-09-25T01:38:38.517-04:00
5514,prizepicks,15212934,2026-09-25T16:53:09+00:00,15.5,standard,pre_game,2026-09-25T01:38:30.160-04:00
5515,prizepicks,15212916,2026-09-25T16:53:09+00:00,14.5,standard,pre_game,2026-09-25T01:38:38.517-04:00
5516,prizepicks,15212919,2026-09-25T16:53:09+00:00,14.5,standard,pre_game,2026-09-25T01:38:30.160-04:00
5517,prizepicks,15212933,2026-09-25T16:53:09+00:00,14.5,goblin,pre_game,2026-09-25T01:38:38.517-04:00
5518,prizepicks,15212936,2026-09-25T16:53:09+00:00,14.5,goblin,pre_game,2026-09-25T01:38:30.160-04:00
5519,prizepicks,15212918,2026-09-25T16:53:09+00:00,13.5,goblin,pre_game,2026-09-25T01:38:38.517-04:00
5520,prizepicks,15212921,2026-09-25T16:53:09+00:00,13.5,goblin,pre_game,2026-09-25T01:38:30.160-04:00
5521,prizepicks,15212922,2026-09-25T16:53:09+00:00,13.5,goblin,pre_game,2026-09-25T01:38:38.517-04:00
5522,prizepicks,15212923,2026-09-25T16:53:09+00:00,13.5,goblin,pre_game,2026-09-25T01:38:30.160-04:00
5523,prizepicks,15212905,2026-09-25T16:53:09+00:00,11.5,goblin,pre_game,2026-09-25T01:38:38.517-04:00
5524,prizepicks,15212907,2026-09-25T16:53:09+00:00,11.5,goblin,pre_game,2026-09-25T01:38:30.160-04:00
5525,prizepicks,15212904,2026-09-25T16:53:09+00:00,7.5,standard,pre_game,2026-09-25T08:56:27.543-04:00
5526,prizepicks,15212906,2026-09-25T16:53:09+00:00,7.5,standard,pre_game,2026-09-25T08:56:27.504-04:00
5527,prizepicks,15212980,2026-09-25T16:53:09+00:00,16.5,demon,pre_game,2026-09-25T01:43:27.356-04:00
5528,prizepicks,15212953,2026-09-25T16:53:09+00:00,15.5,demon,pre_game,2026-09-25T01:43:27.356-04:00
5529,prizepicks,15212960,2026-09-25T16:53:09+00:00,15.5,demon,pre_game,2026-09-25T01:40:48.704-04:00
5530,prizepicks,15212968,2026-09-25T16:53:09+00:00,15.5,demon,pre_game,2026-09-25T01:43:27.356-04:00
5531,prizepicks,15212974,2026-09-25T16:53:09+00:00,15.5,demon,pre_game,2026-09-25T01:40:48.704-04:00
5532,prizepicks,15212979,2026-09-25T16:53:09+00:00,15.5,standard,pre_game,2026-09-25T12:22:15.155-04:00
5533,prizepicks,15212997,2026-09-25T16:53:09+00:00,15.5,demon,pre_game,2026-09-25T01:40:48.704-04:00
5534,prizepicks,15212959,2026-09-25T16:53:09+00:00,14.5,standard,pre_game,2026-09-25T01:40:48.704-04:00
5535,prizepicks,15212967,2026-09-25T16:53:09+00:00,14.5,standard,pre_game,2026-09-25T01:43:27.356-04:00
5536,prizepicks,15212973,2026-09-25T16:53:09+00:00,14.5,standard,pre_game,2026-09-25T01:40:48.704-04:00
5537,prizepicks,15212981,2026-09-25T16:53:09+00:00,14.5,goblin,pre_game,2026-09-25T01:43:27.356-04:00
5538,prizepicks,15212996,2026-09-25T16:53:09+00:00,14.5,standard,pre_game,2026-09-25T01:40:48.704-04:00
5539,prizepicks,15212961,2026-09-25T16:53:09+00:00,13.5,goblin,pre_game,2026-09-25T01:40:48.704-04:00
5540,prizepicks,15212969,2026-09-25T16:53:09+00:00,13.5,goblin,pre_game,2026-09-25T01:43:27.356-04:00
5541,prizepicks,15212975,2026-09-25T16:53:09+00:00,13.5,goblin,pre_game,2026-09-25T01:40:48.704-04:00
5542,prizepicks,15212992,2026-09-25T16:53:09+00:00,13.5,demon,pre_game,2026-09-25T01:40:48.704-04:00
5543,prizepicks,15212998,2026-09-25T16:53:09+00:00,13.5,goblin,pre_game,2026-09-25T01:40:48.704-04:00
5544,prizepicks,15212991,2026-09-25T16:53:09+00:00,12.5,standard,pre_game,2026-09-25T12:22:15.132-04:00
5545,prizepicks,15212993,2026-09-25T16:53:09+00:00,11.5,goblin,pre_game,2026-09-25T01:40:48.704-04:00
5546,prizepicks,15212952,2026-09-25T16:53:09+00:00,7.5,standard,pre_game,2026-09-25T01:43:27.356-04:00
5547,prizepicks,15212958,2026-09-25T16:53:09+00:00,7.5,standard,pre_game,2026-09-25T01:40:48.704-04:00
5548,prizepicks,15212966,2026-09-25T16:53:09+00:00,4.5,standard,pre_game,2026-09-25T01:43:27.356-04:00
5549,prizepicks,15215017,2026-09-25T16:53:09+00:00,25.5,standard,pre_game,2026-09-25T01:38:38.517-04:00
5550,prizepicks,15215022,2026-09-25T16:53:09+00:00,14.5,standard,pre_game,2026-09-25T01:38:38.517-04:00
5551,prizepicks,15215018,2026-09-25T16:53:09+00:00,29.5,standard,pre_game,2026-09-25T01:38:38.517-04:00
5552,prizepicks,15215019,2026-09-25T16:53:09+00:00,31.5,standard,pre_game,2026-09-25T01:38:38.517-04:00
5553,prizepicks,15215024,2026-09-25T16:53:09+00:00,16.5,standard,pre_game,2026-09-25T01:38:38.517-04:00
5554,prizepicks,15215020,2026-09-25T16:53:09+00:00,31.5,standard,pre_game,2026-09-25T01:38:38.517-04:00
5555,prizepicks,15215025,2026-09-25T16:53:09+00:00,15.5,standard,pre_game,2026-09-25T01:38:38.517-04:00
5556,prizepicks,15215021,2026-09-25T16:53:09+00:00,29.5,standard,pre_game,2026-09-25T01:38:38.517-04:00
5557,prizepicks,15215026,2026-09-25T16:53:09+00:00,14.5,standard,pre_game,2026-09-25T01:38:38.517-04:00
5558,prizepicks,15215272,2026-09-25T16:53:09+00:00,29.5,standard,pre_game,2026-09-25T01:42:28.810-04:00
5559,prizepicks,15215280,2026-09-25T16:53:09+00:00,15.5,standard,pre_game,2026-09-25T01:42:28.689-04:00
5560,prizepicks,15215273,2026-09-25T16:53:09+00:00,29.5,standard,pre_game,2026-09-25T10:38:29.849-04:00
5561,prizepicks,15215281,2026-09-25T16:53:09+00:00,15.5,standard,pre_game,2026-09-25T01:42:28.723-04:00
5562,prizepicks,15215274,2026-09-25T16:53:09+00:00,24.5,standard,pre_game,2026-09-25T01:42:28.782-04:00
5563,prizepicks,15215282,2026-09-25T16:53:09+00:00,13.5,standard,pre_game,2026-09-25T01:42:28.751-04:00
5564,prizepicks,15215275,2026-09-25T16:53:09+00:00,30.5,standard,pre_game,2026-09-25T01:42:28.640-04:00
5565,prizepicks,15215283,2026-09-25T16:53:09+00:00,16.5,standard,pre_game,2026-09-25T01:42:28.870-04:00
5566,prizepicks,15215276,2026-09-25T16:53:09+00:00,29.5,standard,pre_game,2026-09-25T01:41:18.689-04:00
5567,prizepicks,15215284,2026-09-25T16:53:09+00:00,15.5,standard,pre_game,2026-09-25T01:41:18.689-04:00
5568,prizepicks,15215277,2026-09-25T16:53:09+00:00,31.5,standard,pre_game,2026-09-25T01:41:18.689-04:00
5569,prizepicks,15215285,2026-09-25T16:53:09+00:00,14.5,standard,pre_game,2026-09-25T01:41:18.689-04:00
5570,prizepicks,15215278,2026-09-25T16:53:09+00:00,29.5,standard,pre_game,2026-09-25T01:41:18.689-04:00
5571,prizepicks,15215286,2026-09-25T16:53:09+00:00,10.5,standard,pre_game,2026-09-25T01:41:18.689-04:00
5572,prizepicks,15215279,2026-09-25T16:53:09+00:00,26.5,standard,pre_game,2026-09-25T01:41:18.689-04:00
5573,prizepicks,15215287,2026-09-25T16:53:09+00:00,13.5,standard,pre_game,2026-09-25T01:41:18.689-04:00
5574,prizepicks,15229269,2026-09-25T16:53:09+00:00,29.5,standard,pre_game,2026-09-25T12:09:07.695-04:00
5575,prizepicks,15229270,2026-09-25T16:53:09+00:00,32.5,standard,pre_game,2026-09-25T12:09:07.695-04:00
5576,prizepicks,15229271,2026-09-25T16:53:09+00:00,31.0,standard,pre_game,2026-09-25T12:09:07.695-04:00
5577,prizepicks,15229272,2026-09-25T16:53:09+00:00,28.5,standard,pre_game,2026-09-25T12:38:22.790-04:00
5578,prizepicks,15229273,2026-09-25T16:53:09+00:00,27.5,standard,pre_game,2026-09-25T12:09:07.695-04:00
5579,prizepicks,15229274,2026-09-25T16:53:09+00:00,15.0,standard,pre_game,2026-09-25T12:09:07.695-04:00
5580,prizepicks,15229275,2026-09-25T16:53:09+00:00,21.0,standard,pre_game,2026-09-25T12:09:07.695-04:00
5581,prizepicks,15229276,2026-09-25T16:53:09+00:00,11.5,standard,pre_game,2026-09-25T12:09:07.695-04:00
5582,prizepicks,15229277,2026-09-25T16:53:09+00:00,17.0,standard,pre_game,2026-09-25T12:09:07.695-04:00
5583,prizepicks,15229278,2026-09-25T16:53:09+00:00,15.5,standard,pre_game,2026-09-25T12:23:09.822-04:00
5584,prizepicks,15228548,2026-09-25T16:53:09+00:00,33.0,standard,pre_game,2026-09-25T11:42:51.824-04:00
5585,prizepicks,15228558,2026-09-25T16:53:09+00:00,17.0,standard,pre_game,2026-09-25T11:42:51.824-04:00
5586,prizepicks,15228549,2026-09-25T16:53:09+00:00,31.0,standard,pre_game,2026-09-25T11:42:51.824-04:00
5587,prizepicks,15228559,2026-09-25T16:53:09+00:00,9.0,standard,pre_game,2026-09-25T11:42:51.824-04:00
5588,prizepicks,15228550,2026-09-25T16:53:09+00:00,28.5,standard,pre_game,2026-09-25T11:42:51.824-04:00
5589,prizepicks,15228560,2026-09-25T16:53:09+00:00,16.5,standard,pre_game,2026-09-25T11:42:51.824-04:00
5590,prizepicks,15228551,2026-09-25T16:53:09+00:00,28.5,standard,pre_game,2026-09-25T11:42:51.824-04:00
5591,prizepicks,15228561,2026-09-25T16:53:09+00:00,16.5,standard,pre_game,2026-09-25T11:42:51.824-04:00
5592,prizepicks,15228552,2026-09-25T16:53:09+00:00,28.5,standard,pre_game,2026-09-25T11:42:51.824-04:00
5593,prizepicks,15228562,2026-09-25T16:53:09+00:00,15.0,standard,pre_game,2026-09-25T11:42:51.824-04:00
5594,prizepicks,15228553,2026-09-25T16:53:09+00:00,32.0,standard,pre_game,2026-09-25T11:42:56.585-04:00
5595,prizepicks,15228563,2026-09-25T16:53:09+00:00,17.5,standard,pre_game,2026-09-25T11:42:56.585-04:00
5596,prizepicks,15228554,2026-09-25T16:53:09+00:00,29.5,standard,pre_game,2026-09-25T11:42:56.585-04:00
5597,prizepicks,15228564,2026-09-25T16:53:09+00:00,14.5,standard,pre_game,2026-09-25T11:42:56.585-04:00
5598,prizepicks,15228555,2026-09-25T16:53:09+00:00,28.0,standard,pre_game,2026-09-25T11:42:56.585-04:00
5599,prizepicks,15228565,2026-09-25T16:53:09+00:00,11.0,standard,pre_game,2026-09-25T11:46:26.189-04:00
5600,prizepicks,15228556,2026-09-25T16:53:09+00:00,27.0,standard,pre_game,2026-09-25T11:42:56.585-04:00
5601,prizepicks,15228566,2026-09-25T16:53:09+00:00,14.5,standard,pre_game,2026-09-25T11:42:56.585-04:00
5602,prizepicks,15228557,2026-09-25T16:53:09+00:00,23.5,standard,pre_game,2026-09-25T11:42:56.585-04:00
5603,prizepicks,15228567,2026-09-25T16:53:09+00:00,13.0,standard,pre_game,2026-09-25T11:42:56.585-04:00
5604,prizepicks,15228678,2026-09-25T16:53:09+00:00,33.5,standard,pre_game,2026-09-25T11:42:39.194-04:00
5605,prizepicks,15228683,2026-09-25T16:53:09+00:00,18.5,standard,pre_game,2026-09-25T11:42:39.194-04:00
5606,prizepicks,15228679,2026-09-25T16:53:09+00:00,30.5,standard,pre_game,2026-09-25T11:42:39.194-04:00
5607,prizepicks,15228684,2026-09-25T16:53:09+00:00,19.5,standard,pre_game,2026-09-25T11:42:39.194-04:00
5608,prizepicks,15228680,2026-09-25T16:53:09+00:00,30.0,standard,pre_game,2026-09-25T11:42:39.194-04:00
5609,prizepicks,15228685,2026-09-25T16:53:09+00:00,19.0,standard,pre_game,2026-09-25T11:42:39.194-04:00
5610,prizepicks,15228681,2026-09-25T16:53:09+00:00,28.5,standard,pre_game,2026-09-25T11:42:39.194-04:00
5611,prizepicks,15228686,2026-09-25T16:53:09+00:00,10.0,standard,pre_game,2026-09-25T11:42:39.194-04:00
5612,prizepicks,15228682,2026-09-25T16:53:09+00:00,27.5,standard,pre_game,2026-09-25T11:42:39.194-04:00
5613,prizepicks,15228687,2026-09-25T16:53:09+00:00,13.5,standard,pre_game,2026-09-25T11:42:39.194-04:00
5614,prizepicks,15191450,2026-09-25T16:53:09+00:00,17.5,demon,pre_game,2026-09-25T11:42:51.824-04:00
5615,prizepicks,15191452,2026-09-25T16:53:09+00:00,17.5,demon,pre_game,2026-09-25T11:43:17.748-04:00
5616,prizepicks,15191448,2026-09-25T16:53:09+00:00,16.5,standard,pre_game,2026-09-25T11:42:51.824-04:00
5617,prizepicks,15191451,2026-09-25T16:53:09+00:00,16.5,standard,pre_game,2026-09-25T11:43:17.748-04:00
5618,prizepicks,15191449,2026-09-25T16:53:09+00:00,15.5,goblin,pre_game,2026-09-25T11:42:51.824-04:00
5619,prizepicks,15191455,2026-09-25T16:53:09+00:00,15.5,demon,pre_game,2026-09-25T11:42:51.824-04:00
5620,prizepicks,15191458,2026-09-25T16:53:09+00:00,15.5,demon,pre_game,2026-09-25T11:43:17.748-04:00
5621,prizepicks,15191453,2026-09-25T16:53:09+00:00,14.5,standard,pre_game,2026-09-25T11:42:51.824-04:00
5622,prizepicks,15191456,2026-09-25T16:53:09+00:00,14.5,standard,pre_game,2026-09-25T11:43:17.748-04:00
5623,prizepicks,15191460,2026-09-25T16:53:09+00:00,14.5,demon,pre_game,2026-09-25T11:42:51.824-04:00
5624,prizepicks,15191463,2026-09-25T16:53:09+00:00,14.5,demon,pre_game,2026-09-25T11:43:17.748-04:00
5625,prizepicks,15191467,2026-09-25T16:53:09+00:00,14.5,demon,pre_game,2026-09-25T11:42:51.824-04:00
5626,prizepicks,15191471,2026-09-25T16:53:09+00:00,14.5,demon,pre_game,2026-09-25T11:43:17.748-04:00
5627,prizepicks,15191472,2026-09-25T16:53:09+00:00,14.5,demon,pre_game,2026-09-25T11:42:51.824-04:00
5628,prizepicks,15191474,2026-09-25T16:53:09+00:00,14.5,demon,pre_game,2026-09-25T11:43:17.748-04:00
5629,prizepicks,15191454,2026-09-25T16:53:09+00:00,13.5,goblin,pre_game,2026-09-25T11:42:51.824-04:00
5630,prizepicks,15191457,2026-09-25T16:53:09+00:00,13.5,goblin,pre_game,2026-09-25T11:43:17.748-04:00
5631,prizepicks,15191465,2026-09-25T16:53:09+00:00,13.5,standard,pre_game,2026-09-25T11:42:51.824-04:00
5632,prizepicks,15191469,2026-09-25T16:53:09+00:00,13.5,standard,pre_game,2026-09-25T11:43:17.748-04:00
5633,prizepicks,15191466,2026-09-25T16:53:09+00:00,12.5,goblin,pre_game,2026-09-25T11:42:51.824-04:00
5634,prizepicks,15191470,2026-09-25T16:53:09+00:00,12.5,goblin,pre_game,2026-09-25T11:43:17.748-04:00
5635,prizepicks,15191447,2026-09-25T16:53:09+00:00,9.5,standard,pre_game,2026-09-25T11:42:51.824-04:00
5636,prizepicks,15191459,2026-09-25T16:53:09+00:00,7.5,standard,pre_game,2026-09-25T11:42:51.824-04:00
5637,prizepicks,15191461,2026-09-25T16:53:09+00:00,7.5,standard,pre_game,2026-09-25T11:43:17.748-04:00
5638,prizepicks,15191464,2026-09-25T16:53:09+00:00,7.5,standard,pre_game,2026-09-25T11:42:51.824-04:00
5639,prizepicks,15191468,2026-09-25T16:53:09+00:00,7.5,standard,pre_game,2026-09-25T11:43:17.748-04:00
5640,prizepicks,14889444,2026-09-25T16:53:21+00:00,7.5,standard,pre_game,2026-09-23T23:18:35.181-04:00
5641,prizepicks,14893789,2026-09-25T16:53:21+00:00,90.5,standard,pre_game,2026-09-22T10:30:37.173-04:00
5642,prizepicks,14893790,2026-09-25T16:53:21+00:00,94.5,standard,pre_game,2026-09-20T20:06:51.078-04:00
5643,prizepicks,14893661,2026-09-25T16:53:21+00:00,29.5,standard,pre_game,2026-09-15T19:46:42.682-04:00
5644,prizepicks,14893662,2026-09-25T16:53:21+00:00,31.5,standard,pre_game,2026-09-15T19:45:18.094-04:00
5645,prizepicks,14893663,2026-09-25T16:53:21+00:00,26.5,standard,pre_game,2026-09-15T16:44:07.102-04:00
5646,prizepicks,14893664,2026-09-25T16:53:21+00:00,28.5,standard,pre_game,2026-09-15T16:44:07.102-04:00
5647,prizepicks,14893665,2026-09-25T16:53:21+00:00,31.0,standard,pre_game,2026-09-22T17:33:48.439-04:00
5648,prizepicks,14893666,2026-09-25T16:53:21+00:00,31.0,standard,pre_game,2026-09-16T20:06:33.663-04:00
5649,prizepicks,14893667,2026-09-25T16:53:21+00:00,33.5,standard,pre_game,2026-09-20T20:06:51.038-04:00
5650,prizepicks,14893668,2026-09-25T16:53:21+00:00,26.5,standard,pre_game,2026-09-15T16:43:58.006-04:00
5651,prizepicks,14893669,2026-09-25T16:53:21+00:00,29.5,standard,pre_game,2026-09-15T16:43:58.006-04:00
5652,prizepicks,14893670,2026-09-25T16:53:21+00:00,31.5,standard,pre_game,2026-09-15T16:43:58.006-04:00
5653,prizepicks,14889445,2026-09-25T16:53:21+00:00,7.5,standard,pre_game,2026-09-15T16:44:20.483-04:00
5654,prizepicks,14893792,2026-09-25T16:53:21+00:00,59.5,standard,pre_game,2026-09-24T23:29:52.674-04:00
5655,prizepicks,14893672,2026-09-25T16:53:21+00:00,31.5,standard,pre_game,2026-09-23T23:59:58.956-04:00
5656,prizepicks,14893673,2026-09-25T16:53:21+00:00,35.5,standard,pre_game,2026-09-15T19:40:42.526-04:00
5657,prizepicks,14893674,2026-09-25T16:53:21+00:00,29.0,standard,pre_game,2026-09-22T20:26:53.680-04:00
5658,prizepicks,14893675,2026-09-25T16:53:21+00:00,32.5,standard,pre_game,2026-09-15T16:44:20.483-04:00
5659,prizepicks,14893676,2026-09-25T16:53:21+00:00,25.5,standard,pre_game,2026-09-15T19:44:24.606-04:00
5660,prizepicks,14893677,2026-09-25T16:53:21+00:00,34.5,standard,pre_game,2026-09-15T16:49:04.005-04:00
5661,prizepicks,14893678,2026-09-25T16:53:21+00:00,28.0,standard,pre_game,2026-09-15T19:41:03.824-04:00
5662,prizepicks,14893679,2026-09-25T16:53:21+00:00,28.5,standard,pre_game,2026-09-15T19:45:36.562-04:00
5663,prizepicks,14893680,2026-09-25T16:53:21+00:00,25.5,standard,pre_game,2026-09-15T16:48:36.355-04:00
5664,prizepicks,14889446,2026-09-25T16:53:21+00:00,8.5,standard,pre_game,2026-09-15T16:44:41.745-04:00
5665,prizepicks,14893793,2026-09-25T16:53:21+00:00,90.5,standard,pre_game,2026-09-15T16:44:41.745-04:00
5666,prizepicks,14893794,2026-09-25T16:53:21+00:00,62.0,standard,pre_game,2026-09-25T11:19:42.741-04:00
5667,prizepicks,14893681,2026-09-25T16:53:21+00:00,31.0,standard,pre_game,2026-09-24T23:29:08.801-04:00
5668,prizepicks,14893682,2026-09-25T16:53:21+00:00,28.5,standard,pre_game,2026-09-15T19:41:39.730-04:00
5669,prizepicks,14893683,2026-09-25T16:53:21+00:00,31.5,standard,pre_game,2026-09-15T16:44:41.745-04:00
5670,prizepicks,14893684,2026-09-25T16:53:21+00:00,28.0,standard,pre_game,2026-09-15T16:44:41.745-04:00
5671,prizepicks,14893685,2026-09-25T16:53:21+00:00,32.0,standard,pre_game,2026-09-16T20:05:48.179-04:00
5672,prizepicks,14893686,2026-09-25T16:53:21+00:00,24.5,standard,pre_game,2026-09-16T20:04:56.117-04:00
5673,prizepicks,14893687,2026-09-25T16:53:21+00:00,32.0,standard,pre_game,2026-09-22T17:33:27.384-04:00
5674,prizepicks,14893688,2026-09-25T16:53:21+00:00,25.5,standard,pre_game,2026-09-15T16:44:48.797-04:00
5675,prizepicks,14893689,2026-09-25T16:53:21+00:00,31.5,standard,pre_game,2026-09-25T11:19:42.694-04:00
5676,prizepicks,14893690,2026-09-25T16:53:21+00:00,27.5,standard,pre_game,2026-09-15T16:48:12.189-04:00
5677,prizepicks,14889447,2026-09-25T16:53:21+00:00,7.5,standard,pre_game,2026-09-15T16:45:43.494-04:00
5678,prizepicks,14893795,2026-09-25T16:53:21+00:00,88.0,standard,pre_game,2026-09-21T02:33:55.383-04:00
5679,prizepicks,14893796,2026-09-25T16:53:21+00:00,54.0,standard,pre_game,2026-09-15T16:45:28.279-04:00
5680,prizepicks,14893691,2026-09-25T16:53:21+00:00,28.5,standard,pre_game,2026-09-15T19:42:02.481-04:00
5681,prizepicks,14893692,2026-09-25T16:53:21+00:00,24.0,standard,pre_game,2026-09-22T17:34:17.243-04:00
5682,prizepicks,14893693,2026-09-25T16:53:21+00:00,27.5,standard,pre_game,2026-09-15T16:45:28.279-04:00
5683,prizepicks,14893694,2026-09-25T16:53:21+00:00,31.5,standard,pre_game,2026-09-15T16:45:28.279-04:00
5684,prizepicks,14893695,2026-09-25T16:53:21+00:00,26.5,standard,pre_game,2026-09-15T16:45:28.279-04:00
5685,prizepicks,14893696,2026-09-25T16:53:21+00:00,27.5,standard,pre_game,2026-09-15T16:45:43.494-04:00
5686,prizepicks,14893697,2026-09-25T16:53:21+00:00,29.5,standard,pre_game,2026-09-15T16:45:43.494-04:00
5687,prizepicks,14893698,2026-09-25T16:53:21+00:00,31.0,standard,pre_game,2026-09-21T02:33:55.336-04:00
5688,prizepicks,14893699,2026-09-25T16:53:21+00:00,26.5,standard,pre_game,2026-09-15T16:45:43.494-04:00
5689,prizepicks,14893700,2026-09-25T16:53:21+00:00,33.5,standard,pre_game,2026-09-15T16:45:43.494-04:00
5690,prizepicks,15193939,2026-09-25T16:53:21+00:00,91.0,standard,pre_game,2026-09-24T11:52:08.332-04:00
5691,prizepicks,15193940,2026-09-25T16:53:21+00:00,61.0,standard,pre_game,2026-09-24T11:52:08.332-04:00
5692,prizepicks,15193848,2026-09-25T16:53:21+00:00,29.5,standard,pre_game,2026-09-24T11:52:08.332-04:00
5693,prizepicks,15193851,2026-09-25T16:53:21+00:00,29.5,standard,pre_game,2026-09-24T11:52:08.332-04:00
5694,prizepicks,15193853,2026-09-25T16:53:21+00:00,30.5,standard,pre_game,2026-09-24T11:52:08.332-04:00
5695,prizepicks,15193854,2026-09-25T16:53:21+00:00,31.5,standard,pre_game,2026-09-24T11:52:08.332-04:00
5696,prizepicks,15193855,2026-09-25T16:53:21+00:00,29.5,standard,pre_game,2026-09-24T12:09:43.359-04:00
5697,prizepicks,15193856,2026-09-25T16:53:21+00:00,32.0,standard,pre_game,2026-09-24T11:52:08.332-04:00
5698,prizepicks,15193857,2026-09-25T16:53:21+00:00,28.5,standard,pre_game,2026-09-24T11:52:08.332-04:00
5699,prizepicks,15193858,2026-09-25T16:53:21+00:00,29.5,standard,pre_game,2026-09-24T11:52:08.332-04:00
5700,prizepicks,15193859,2026-09-25T16:53:21+00:00,29.5,standard,pre_game,2026-09-24T11:52:08.332-04:00
5701,prizepicks,15193860,2026-09-25T16:53:21+00:00,32.5,standard,pre_game,2026-09-24T12:13:30.387-04:00
5702,prizepicks,15193941,2026-09-25T16:53:21+00:00,93.0,standard,pre_game,2026-09-24T11:52:08.332-04:00
5703,prizepicks,15193861,2026-09-25T16:53:21+00:00,23.5,standard,pre_game,2026-09-24T11:52:08.332-04:00
5704,prizepicks,15193862,2026-09-25T16:53:21+00:00,32.5,standard,pre_game,2026-09-24T23:30:31.801-04:00
5705,prizepicks,15193863,2026-09-25T16:53:21+00:00,26.0,standard,pre_game,2026-09-24T11:52:08.332-04:00
5706,prizepicks,15193864,2026-09-25T16:53:21+00:00,30.5,standard,pre_game,2026-09-24T11:52:08.332-04:00
5707,prizepicks,15193865,2026-09-25T16:53:21+00:00,24.5,standard,pre_game,2026-09-24T11:52:08.332-04:00
5708,prizepicks,15193866,2026-09-25T16:53:21+00:00,31.5,standard,pre_game,2026-09-24T11:52:08.332-04:00
5709,prizepicks,15193867,2026-09-25T16:53:21+00:00,27.5,standard,pre_game,2026-09-24T11:52:08.332-04:00
5710,prizepicks,15193868,2026-09-25T16:53:21+00:00,25.5,standard,pre_game,2026-09-24T11:52:08.332-04:00
5711,prizepicks,15193869,2026-09-25T16:53:21+00:00,34.0,standard,pre_game,2026-09-24T11:52:08.332-04:00
5712,prizepicks,15198016,2026-09-25T16:58:47+00:00,33.5,standard,pre_game,2026-09-25T10:58:53.581-04:00
5713,prizepicks,15198017,2026-09-25T16:58:47+00:00,28.5,standard,pre_game,2026-09-25T10:58:53.525-04:00
5714,prizepicks,15198018,2026-09-25T16:58:47+00:00,22.5,standard,pre_game,2026-09-24T22:27:48.005-04:00
5715,prizepicks,15198019,2026-09-25T16:58:47+00:00,18.5,standard,pre_game,2026-09-24T22:27:11.430-04:00
5716,prizepicks,15198571,2026-09-25T16:58:47+00:00,10.5,demon,pre_game,2026-09-24T14:57:03.486-04:00
5717,prizepicks,15197798,2026-09-25T16:58:47+00:00,8.5,standard,pre_game,2026-09-24T14:44:03.407-04:00
5718,prizepicks,15198572,2026-09-25T16:58:47+00:00,6.5,goblin,pre_game,2026-09-24T14:57:03.740-04:00
5719,prizepicks,15198493,2026-09-25T16:58:47+00:00,14.5,demon,pre_game,2026-09-24T14:52:23.507-04:00
5720,prizepicks,15197799,2026-09-25T16:58:47+00:00,12.5,standard,pre_game,2026-09-24T14:44:03.407-04:00
5721,prizepicks,15198494,2026-09-25T16:58:47+00:00,10.5,goblin,pre_game,2026-09-24T14:52:23.597-04:00
5722,prizepicks,15198799,2026-09-25T16:58:47+00:00,14.5,demon,pre_game,2026-09-24T15:04:31.551-04:00
5723,prizepicks,15197800,2026-09-25T16:58:47+00:00,12.5,standard,pre_game,2026-09-25T10:58:49.887-04:00
5724,prizepicks,15198800,2026-09-25T16:58:47+00:00,8.5,goblin,pre_game,2026-09-24T15:04:31.614-04:00
5725,prizepicks,15198842,2026-09-25T16:58:47+00:00,18.5,demon,pre_game,2026-09-24T15:06:07.578-04:00
5726,prizepicks,15197801,2026-09-25T16:58:47+00:00,15.5,standard,pre_game,2026-09-24T14:44:03.407-04:00
5727,prizepicks,15198843,2026-09-25T16:58:47+00:00,12.5,goblin,pre_game,2026-09-24T15:06:07.652-04:00
5728,prizepicks,15197973,2026-09-25T16:58:47+00:00,2.5,demon,pre_game,2026-09-24T14:44:03.407-04:00
5729,prizepicks,15198729,2026-09-25T16:58:47+00:00,9.5,demon,pre_game,2026-09-24T15:01:02.182-04:00
5730,prizepicks,15197803,2026-09-25T16:58:47+00:00,7.0,standard,pre_game,2026-09-24T17:10:44.778-04:00
5731,prizepicks,15198730,2026-09-25T16:58:47+00:00,5.5,goblin,pre_game,2026-09-24T15:01:02.257-04:00
5732,prizepicks,15198488,2026-09-25T16:58:47+00:00,9.5,demon,pre_game,2026-09-24T14:51:33.359-04:00
5733,prizepicks,15197804,2026-09-25T16:58:47+00:00,7.0,standard,pre_game,2026-09-24T22:27:40.342-04:00
5734,prizepicks,15198489,2026-09-25T16:58:47+00:00,5.5,goblin,pre_game,2026-09-24T14:51:33.416-04:00
5735,prizepicks,15198468,2026-09-25T16:58:47+00:00,11.5,demon,pre_game,2026-09-24T15:52:25.506-04:00
5736,prizepicks,15197805,2026-09-25T16:58:47+00:00,8.5,standard,pre_game,2026-09-24T15:48:00.789-04:00
5737,prizepicks,15198469,2026-09-25T16:58:47+00:00,5.5,goblin,pre_game,2026-09-24T15:52:28.245-04:00
5738,prizepicks,15198922,2026-09-25T16:58:47+00:00,13.5,demon,pre_game,2026-09-24T15:07:35.389-04:00
5739,prizepicks,15197806,2026-09-25T16:58:47+00:00,10.0,standard,pre_game,2026-09-24T22:27:11.373-04:00
5740,prizepicks,15198923,2026-09-25T16:58:47+00:00,7.5,goblin,pre_game,2026-09-24T15:07:35.441-04:00
5741,prizepicks,15197990,2026-09-25T16:58:47+00:00,1.5,goblin,pre_game,2026-09-24T14:43:54.424-04:00
5742,prizepicks,15195194,2026-09-25T16:59:00+00:00,32.5,standard,pre_game,2026-09-25T10:37:27.068-04:00
5743,prizepicks,15195199,2026-09-25T16:59:00+00:00,18.5,standard,pre_game,2026-09-24T16:03:39.591-04:00
5744,prizepicks,15195195,2026-09-25T16:59:00+00:00,29.5,standard,pre_game,2026-09-25T10:38:00.614-04:00
5745,prizepicks,15195200,2026-09-25T16:59:00+00:00,10.5,standard,pre_game,2026-09-24T16:03:50.068-04:00
5746,prizepicks,15195196,2026-09-25T16:59:00+00:00,29.0,standard,pre_game,2026-09-24T16:00:17.673-04:00
5747,prizepicks,15195201,2026-09-25T16:59:00+00:00,19.5,standard,pre_game,2026-09-24T16:03:44.540-04:00
5748,prizepicks,15195197,2026-09-25T16:59:00+00:00,28.5,standard,pre_game,2026-09-24T16:03:25.772-04:00
5749,prizepicks,15195202,2026-09-25T16:59:00+00:00,12.5,standard,pre_game,2026-09-24T16:03:25.821-04:00
5750,prizepicks,15195198,2026-09-25T16:59:00+00:00,26.5,standard,pre_game,2026-09-24T16:03:34.024-04:00
5751,prizepicks,15195203,2026-09-25T16:59:00+00:00,14.5,standard,pre_game,2026-09-24T16:03:34.066-04:00
5752,prizepicks,15200440,2026-09-25T16:59:00+00:00,31.0,standard,pre_game,2026-09-24T15:56:45.350-04:00
5753,prizepicks,15200441,2026-09-25T16:59:00+00:00,30.5,standard,pre_game,2026-09-24T23:25:56.856-04:00
5754,prizepicks,15200442,2026-09-25T16:59:00+00:00,31.5,standard,pre_game,2026-09-24T21:15:57.398-04:00
5755,prizepicks,15200443,2026-09-25T16:59:00+00:00,28.0,standard,pre_game,2026-09-24T15:56:45.350-04:00
5756,prizepicks,15200444,2026-09-25T16:59:00+00:00,27.5,standard,pre_game,2026-09-24T15:56:45.350-04:00
5757,prizepicks,15200445,2026-09-25T16:59:00+00:00,29.0,standard,pre_game,2026-09-25T00:54:13.968-04:00
5758,prizepicks,15200446,2026-09-25T16:59:00+00:00,28.5,standard,pre_game,2026-09-25T10:38:10.875-04:00
5759,prizepicks,15200447,2026-09-25T16:59:00+00:00,28.5,standard,pre_game,2026-09-24T15:56:49.989-04:00
5760,prizepicks,15200448,2026-09-25T16:59:00+00:00,27.0,standard,pre_game,2026-09-24T15:56:49.989-04:00
5761,prizepicks,15200449,2026-09-25T16:59:00+00:00,25.0,standard,pre_game,2026-09-25T00:52:09.885-04:00
5762,prizepicks,15200450,2026-09-25T16:59:00+00:00,18.5,standard,pre_game,2026-09-24T15:56:45.350-04:00
5763,prizepicks,15200451,2026-09-25T16:59:00+00:00,12.0,standard,pre_game,2026-09-24T23:26:21.751-04:00
5764,prizepicks,15200452,2026-09-25T16:59:00+00:00,18.0,standard,pre_game,2026-09-24T15:56:45.350-04:00
5765,prizepicks,15200453,2026-09-25T16:59:00+00:00,15.5,standard,pre_game,2026-09-24T21:17:00.442-04:00
5766,prizepicks,15200454,2026-09-25T16:59:00+00:00,15.0,standard,pre_game,2026-09-24T15:56:45.350-04:00
5767,prizepicks,15200455,2026-09-25T16:59:00+00:00,11.0,standard,pre_game,2026-09-24T15:56:49.989-04:00
5768,prizepicks,15200456,2026-09-25T16:59:00+00:00,14.0,standard,pre_game,2026-09-24T15:56:49.989-04:00
5769,prizepicks,15200457,2026-09-25T16:59:00+00:00,14.5,standard,pre_game,2026-09-24T15:56:49.989-04:00
5770,prizepicks,15200458,2026-09-25T16:59:00+00:00,14.5,standard,pre_game,2026-09-24T15:56:49.989-04:00
5771,prizepicks,15200459,2026-09-25T16:59:00+00:00,13.0,standard,pre_game,2026-09-24T23:38:48.109-04:00
5772,prizepicks,15213092,2026-09-25T16:59:00+00:00,32.5,standard,pre_game,2026-09-25T12:51:37.487-04:00
5773,prizepicks,15213093,2026-09-25T16:59:00+00:00,27.5,standard,pre_game,2026-09-25T12:51:37.487-04:00
5774,prizepicks,15213095,2026-09-25T16:59:00+00:00,32.5,standard,pre_game,2026-09-25T12:51:37.487-04:00
5775,prizepicks,15213096,2026-09-25T16:59:00+00:00,28.5,standard,pre_game,2026-09-25T12:51:37.487-04:00
5776,prizepicks,15213097,2026-09-25T16:59:00+00:00,17.5,standard,pre_game,2026-09-25T12:51:37.487-04:00
5777,prizepicks,15213098,2026-09-25T16:59:00+00:00,16.0,standard,pre_game,2026-09-25T12:51:37.487-04:00
5778,prizepicks,15213100,2026-09-25T16:59:00+00:00,10.5,standard,pre_game,2026-09-25T12:51:37.487-04:00
5779,prizepicks,15213101,2026-09-25T16:59:00+00:00,15.5,standard,pre_game,2026-09-25T12:51:37.487-04:00
5780,prizepicks,15194506,2026-09-25T16:59:00+00:00,32.5,standard,pre_game,2026-09-25T12:46:22.352-04:00
5781,prizepicks,15194507,2026-09-25T16:59:00+00:00,30.5,standard,pre_game,2026-09-25T12:46:22.352-04:00
5782,prizepicks,15194508,2026-09-25T16:59:00+00:00,28.5,standard,pre_game,2026-09-25T12:46:22.352-04:00
5783,prizepicks,15194509,2026-09-25T16:59:00+00:00,28.5,standard,pre_game,2026-09-25T12:46:22.352-04:00
5784,prizepicks,15194510,2026-09-25T16:59:00+00:00,27.0,standard,pre_game,2026-09-25T12:46:22.352-04:00
5785,prizepicks,15194511,2026-09-25T16:59:00+00:00,29.0,standard,pre_game,2026-09-25T12:46:22.352-04:00
5786,prizepicks,15194512,2026-09-25T16:59:00+00:00,27.5,standard,pre_game,2026-09-25T12:46:22.352-04:00
5787,prizepicks,15194513,2026-09-25T16:59:00+00:00,27.5,standard,pre_game,2026-09-25T12:46:22.352-04:00
5788,prizepicks,15194514,2026-09-25T16:59:00+00:00,26.5,standard,pre_game,2026-09-25T12:46:22.352-04:00
5789,prizepicks,15194515,2026-09-25T16:59:00+00:00,25.0,standard,pre_game,2026-09-25T12:46:22.352-04:00
5790,prizepicks,15194516,2026-09-25T16:59:00+00:00,21.0,standard,pre_game,2026-09-25T12:46:22.352-04:00
5791,prizepicks,15194517,2026-09-25T16:59:00+00:00,12.5,standard,pre_game,2026-09-25T12:46:22.352-04:00
5792,prizepicks,15194518,2026-09-25T16:59:00+00:00,17.5,standard,pre_game,2026-09-25T12:46:22.352-04:00
5793,prizepicks,15194519,2026-09-25T16:59:00+00:00,18.0,standard,pre_game,2026-09-25T12:46:22.352-04:00
5794,prizepicks,15194520,2026-09-25T16:59:00+00:00,16.0,standard,pre_game,2026-09-25T12:46:22.352-04:00
5795,prizepicks,15194521,2026-09-25T16:59:00+00:00,16.0,standard,pre_game,2026-09-25T12:46:22.352-04:00
5796,prizepicks,15194522,2026-09-25T16:59:00+00:00,13.5,standard,pre_game,2026-09-25T12:46:22.352-04:00
5797,prizepicks,15194523,2026-09-25T16:59:00+00:00,14.5,standard,pre_game,2026-09-25T12:46:22.352-04:00
5798,prizepicks,15194524,2026-09-25T16:59:00+00:00,9.5,standard,pre_game,2026-09-25T12:46:22.352-04:00
5799,prizepicks,15194525,2026-09-25T16:59:00+00:00,13.0,standard,pre_game,2026-09-25T12:46:22.352-04:00
5800,prizepicks,15192251,2026-09-25T16:59:00+00:00,12.5,standard,pre_game,2026-09-24T11:19:41.642-04:00
5801,prizepicks,15192252,2026-09-25T16:59:00+00:00,15.5,standard,pre_game,2026-09-24T11:19:41.642-04:00
5802,prizepicks,15192253,2026-09-25T16:59:00+00:00,11.5,standard,pre_game,2026-09-24T11:19:41.642-04:00
5803,prizepicks,15192254,2026-09-25T16:59:00+00:00,15.5,standard,pre_game,2026-09-24T11:19:41.642-04:00
5804,prizepicks,15192255,2026-09-25T16:59:00+00:00,17.5,standard,pre_game,2026-09-24T11:19:41.642-04:00
5805,prizepicks,15192256,2026-09-25T16:59:00+00:00,17.0,standard,pre_game,2026-09-24T11:19:54.746-04:00
5806,prizepicks,15192257,2026-09-25T16:59:00+00:00,13.5,standard,pre_game,2026-09-24T11:19:54.746-04:00
5807,prizepicks,15192258,2026-09-25T16:59:00+00:00,16.5,standard,pre_game,2026-09-24T11:19:54.746-04:00
5808,prizepicks,15192260,2026-09-25T16:59:00+00:00,17.0,standard,pre_game,2026-09-24T11:19:54.746-04:00
5809,prizepicks,15192241,2026-09-25T16:59:00+00:00,27.0,standard,pre_game,2026-09-24T11:19:41.642-04:00
5810,prizepicks,15192242,2026-09-25T16:59:00+00:00,28.0,standard,pre_game,2026-09-24T11:19:41.642-04:00
5811,prizepicks,15192243,2026-09-25T16:59:00+00:00,31.5,standard,pre_game,2026-09-24T11:19:41.642-04:00
5812,prizepicks,15192244,2026-09-25T16:59:00+00:00,27.5,standard,pre_game,2026-09-24T14:52:25.785-04:00
5813,prizepicks,15192245,2026-09-25T16:59:00+00:00,30.0,standard,pre_game,2026-09-24T17:26:02.563-04:00
5814,prizepicks,15192246,2026-09-25T16:59:00+00:00,27.0,standard,pre_game,2026-09-24T11:19:54.746-04:00
5815,prizepicks,15192247,2026-09-25T16:59:00+00:00,27.0,standard,pre_game,2026-09-24T11:19:54.746-04:00
5816,prizepicks,15192248,2026-09-25T16:59:00+00:00,31.5,standard,pre_game,2026-09-24T11:19:54.746-04:00
5817,prizepicks,15192249,2026-09-25T16:59:00+00:00,33.5,standard,pre_game,2026-09-25T12:35:45.549-04:00
5818,prizepicks,15192250,2026-09-25T16:59:00+00:00,29.5,standard,pre_game,2026-09-24T11:19:54.746-04:00
5819,prizepicks,15192295,2026-09-25T16:59:00+00:00,13.5,standard,pre_game,2026-09-25T12:52:42.638-04:00
5820,prizepicks,15192296,2026-09-25T16:59:00+00:00,14.5,standard,pre_game,2026-09-25T12:52:42.638-04:00
5821,prizepicks,15192297,2026-09-25T16:59:00+00:00,14.5,standard,pre_game,2026-09-25T12:52:42.638-04:00
5822,prizepicks,15192298,2026-09-25T16:59:00+00:00,12.5,standard,pre_game,2026-09-25T12:52:42.638-04:00
5823,prizepicks,15192299,2026-09-25T16:59:00+00:00,15.5,standard,pre_game,2026-09-25T12:52:42.638-04:00
5824,prizepicks,15192300,2026-09-25T16:59:00+00:00,14.0,standard,pre_game,2026-09-25T12:52:47.233-04:00
5825,prizepicks,15192301,2026-09-25T16:59:00+00:00,14.0,standard,pre_game,2026-09-25T12:52:47.233-04:00
5826,prizepicks,15192302,2026-09-25T16:59:00+00:00,14.5,standard,pre_game,2026-09-25T12:52:47.233-04:00
5827,prizepicks,15192304,2026-09-25T16:59:00+00:00,12.0,standard,pre_game,2026-09-25T12:52:47.233-04:00
5828,prizepicks,15192305,2026-09-25T16:59:00+00:00,13.5,standard,pre_game,2026-09-25T12:52:47.233-04:00
5829,prizepicks,15192309,2026-09-25T16:59:00+00:00,8.0,standard,pre_game,2026-09-25T12:52:42.638-04:00
5830,prizepicks,15192310,2026-09-25T16:59:00+00:00,5.0,standard,pre_game,2026-09-25T12:52:42.638-04:00
5831,prizepicks,15192313,2026-09-25T16:59:00+00:00,8.0,standard,pre_game,2026-09-25T12:52:42.638-04:00
5832,prizepicks,15192314,2026-09-25T16:59:00+00:00,7.5,standard,pre_game,2026-09-25T12:52:42.638-04:00
5833,prizepicks,15192315,2026-09-25T16:59:00+00:00,8.0,standard,pre_game,2026-09-25T12:52:42.638-04:00
5834,prizepicks,15192316,2026-09-25T16:59:00+00:00,8.0,standard,pre_game,2026-09-25T12:52:47.233-04:00
5835,prizepicks,15192317,2026-09-25T16:59:00+00:00,4.5,standard,pre_game,2026-09-25T12:52:47.233-04:00
5836,prizepicks,15192318,2026-09-25T16:59:00+00:00,8.0,standard,pre_game,2026-09-25T12:52:47.233-04:00
5837,prizepicks,15192319,2026-09-25T16:59:00+00:00,6.0,standard,pre_game,2026-09-25T12:52:47.233-04:00
5838,prizepicks,15192320,2026-09-25T16:59:00+00:00,7.5,standard,pre_game,2026-09-25T12:52:47.233-04:00
5839,prizepicks,15194526,2026-09-25T16:59:00+00:00,33.0,standard,pre_game,2026-09-24T12:06:53.570-04:00
5840,prizepicks,15194527,2026-09-25T16:59:00+00:00,32.0,standard,pre_game,2026-09-24T12:06:53.570-04:00
5841,prizepicks,15194528,2026-09-25T16:59:00+00:00,28.0,standard,pre_game,2026-09-24T12:06:53.570-04:00
5842,prizepicks,15194529,2026-09-25T16:59:00+00:00,28.0,standard,pre_game,2026-09-24T12:06:53.570-04:00
5843,prizepicks,15194530,2026-09-25T16:59:00+00:00,25.0,standard,pre_game,2026-09-24T14:08:32.752-04:00
5844,prizepicks,15194531,2026-09-25T16:59:00+00:00,31.5,standard,pre_game,2026-09-25T03:58:36.251-04:00
5845,prizepicks,15194532,2026-09-25T16:59:00+00:00,28.0,standard,pre_game,2026-09-24T12:06:59.211-04:00
5846,prizepicks,15194533,2026-09-25T16:59:00+00:00,28.0,standard,pre_game,2026-09-24T12:06:59.211-04:00
5847,prizepicks,15194534,2026-09-25T16:59:00+00:00,27.5,standard,pre_game,2026-09-24T12:06:59.211-04:00
5848,prizepicks,15194535,2026-09-25T16:59:00+00:00,27.0,standard,pre_game,2026-09-24T12:06:59.211-04:00
5849,prizepicks,15194538,2026-09-25T16:59:00+00:00,20.0,standard,pre_game,2026-09-24T12:06:53.570-04:00
5850,prizepicks,15194542,2026-09-25T16:59:00+00:00,17.0,standard,pre_game,2026-09-24T23:55:45.816-04:00
5851,prizepicks,15194543,2026-09-25T16:59:00+00:00,15.5,standard,pre_game,2026-09-24T12:06:53.570-04:00
5852,prizepicks,15194545,2026-09-25T16:59:00+00:00,10.0,standard,pre_game,2026-09-24T12:06:53.570-04:00
5853,prizepicks,15194546,2026-09-25T16:59:00+00:00,11.5,standard,pre_game,2026-09-24T17:25:11.251-04:00
5854,prizepicks,15194547,2026-09-25T16:59:00+00:00,16.5,standard,pre_game,2026-09-24T15:27:03.304-04:00
5855,prizepicks,15194548,2026-09-25T16:59:00+00:00,15.0,standard,pre_game,2026-09-24T12:06:59.211-04:00
5856,prizepicks,15194549,2026-09-25T16:59:00+00:00,9.5,standard,pre_game,2026-09-24T12:06:59.211-04:00
5857,prizepicks,15194550,2026-09-25T16:59:00+00:00,15.0,standard,pre_game,2026-09-24T12:06:59.211-04:00
5858,prizepicks,15194551,2026-09-25T16:59:00+00:00,17.0,standard,pre_game,2026-09-24T12:06:59.211-04:00
5859,prizepicks,15196267,2026-09-25T16:59:00+00:00,14.5,standard,pre_game,2026-09-24T13:43:57.652-04:00
5860,prizepicks,15196277,2026-09-25T16:59:00+00:00,7.0,standard,pre_game,2026-09-24T13:43:58.214-04:00
5861,prizepicks,15196268,2026-09-25T16:59:00+00:00,14.5,standard,pre_game,2026-09-24T13:43:57.765-04:00
5862,prizepicks,15196278,2026-09-25T16:59:00+00:00,7.0,standard,pre_game,2026-09-24T13:43:58.260-04:00
5863,prizepicks,15196269,2026-09-25T16:59:00+00:00,12.0,standard,pre_game,2026-09-24T13:43:57.822-04:00
5864,prizepicks,15196279,2026-09-25T16:59:00+00:00,6.5,standard,pre_game,2026-09-24T13:43:58.312-04:00
5865,prizepicks,15196270,2026-09-25T16:59:00+00:00,14.5,standard,pre_game,2026-09-24T13:43:57.886-04:00
5866,prizepicks,15196280,2026-09-25T16:59:00+00:00,8.0,standard,pre_game,2026-09-24T13:43:58.359-04:00
5867,prizepicks,15196271,2026-09-25T16:59:00+00:00,16.0,standard,pre_game,2026-09-24T13:43:57.934-04:00
5868,prizepicks,15196281,2026-09-25T16:59:00+00:00,5.5,standard,pre_game,2026-09-24T13:43:58.427-04:00
5869,prizepicks,15196272,2026-09-25T16:59:00+00:00,14.0,standard,pre_game,2026-09-24T13:43:57.980-04:00
5870,prizepicks,15196282,2026-09-25T16:59:00+00:00,6.0,standard,pre_game,2026-09-24T13:43:58.475-04:00
5871,prizepicks,15196273,2026-09-25T16:59:00+00:00,14.0,standard,pre_game,2026-09-24T13:43:58.026-04:00
5872,prizepicks,15196283,2026-09-25T16:59:00+00:00,4.5,standard,pre_game,2026-09-24T13:43:58.522-04:00
5873,prizepicks,15196274,2026-09-25T16:59:00+00:00,13.0,standard,pre_game,2026-09-24T13:43:58.075-04:00
5874,prizepicks,15196284,2026-09-25T16:59:00+00:00,8.0,standard,pre_game,2026-09-24T13:43:58.571-04:00
5875,prizepicks,15196275,2026-09-25T16:59:00+00:00,14.0,standard,pre_game,2026-09-24T13:43:58.120-04:00
5876,prizepicks,15196285,2026-09-25T16:59:00+00:00,7.5,standard,pre_game,2026-09-24T13:43:58.618-04:00
5877,prizepicks,15196276,2026-09-25T16:59:00+00:00,13.5,standard,pre_game,2026-09-24T13:43:58.165-04:00
5878,prizepicks,15196286,2026-09-25T16:59:00+00:00,8.0,standard,pre_game,2026-09-24T13:43:58.668-04:00
5879,prizepicks,15194630,2026-09-25T16:59:00+00:00,16.0,standard,pre_game,2026-09-25T08:51:34.506-04:00
5880,prizepicks,15194631,2026-09-25T16:59:00+00:00,15.0,standard,pre_game,2026-09-25T10:41:53.569-04:00
5881,prizepicks,15194632,2026-09-25T16:59:00+00:00,14.5,standard,pre_game,2026-09-25T08:51:34.506-04:00
5882,prizepicks,15194633,2026-09-25T16:59:00+00:00,14.0,standard,pre_game,2026-09-25T08:51:34.506-04:00
5883,prizepicks,15194634,2026-09-25T16:59:00+00:00,13.5,standard,pre_game,2026-09-25T08:51:34.506-04:00
5884,prizepicks,15194635,2026-09-25T16:59:00+00:00,14.5,standard,pre_game,2026-09-25T08:51:34.506-04:00
5885,prizepicks,15194636,2026-09-25T16:59:00+00:00,13.5,standard,pre_game,2026-09-25T08:51:34.506-04:00
5886,prizepicks,15194637,2026-09-25T16:59:00+00:00,13.5,standard,pre_game,2026-09-25T08:51:34.506-04:00
5887,prizepicks,15194638,2026-09-25T16:59:00+00:00,13.0,standard,pre_game,2026-09-25T08:51:34.506-04:00
5888,prizepicks,15194639,2026-09-25T16:59:00+00:00,12.5,standard,pre_game,2026-09-25T08:51:34.506-04:00
5889,prizepicks,15194640,2026-09-25T16:59:00+00:00,10.0,standard,pre_game,2026-09-25T08:51:34.506-04:00
5890,prizepicks,15194641,2026-09-25T16:59:00+00:00,6.0,standard,pre_game,2026-09-25T08:51:34.506-04:00
5891,prizepicks,15194642,2026-09-25T16:59:00+00:00,8.5,standard,pre_game,2026-09-25T08:51:34.506-04:00
5892,prizepicks,15194643,2026-09-25T16:59:00+00:00,8.0,standard,pre_game,2026-09-25T08:51:34.506-04:00
5893,prizepicks,15194644,2026-09-25T16:59:00+00:00,8.0,standard,pre_game,2026-09-25T08:51:34.506-04:00
5894,prizepicks,15194645,2026-09-25T16:59:00+00:00,8.5,standard,pre_game,2026-09-25T08:51:34.506-04:00
5895,prizepicks,15194646,2026-09-25T16:59:00+00:00,6.5,standard,pre_game,2026-09-25T08:51:34.506-04:00
5896,prizepicks,15194647,2026-09-25T16:59:00+00:00,7.0,standard,pre_game,2026-09-25T08:51:34.506-04:00
5897,prizepicks,15194648,2026-09-25T16:59:00+00:00,4.5,standard,pre_game,2026-09-25T08:51:34.506-04:00
5898,prizepicks,15194649,2026-09-25T16:59:00+00:00,7.0,standard,pre_game,2026-09-25T08:51:34.506-04:00
5899,prizepicks,15200460,2026-09-25T16:59:00+00:00,32.0,standard,pre_game,2026-09-24T15:57:19.856-04:00
5900,prizepicks,15200461,2026-09-25T16:59:00+00:00,32.0,standard,pre_game,2026-09-24T15:57:19.856-04:00
5901,prizepicks,15200462,2026-09-25T16:59:00+00:00,29.5,standard,pre_game,2026-09-24T15:57:19.856-04:00
5902,prizepicks,15200463,2026-09-25T16:59:00+00:00,27.0,standard,pre_game,2026-09-24T15:57:19.856-04:00
5903,prizepicks,15200464,2026-09-25T16:59:00+00:00,27.0,standard,pre_game,2026-09-24T15:57:19.856-04:00
5904,prizepicks,15200465,2026-09-25T16:59:00+00:00,24.0,standard,pre_game,2026-09-24T16:15:19.996-04:00
5905,prizepicks,15200466,2026-09-25T16:59:00+00:00,25.0,standard,pre_game,2026-09-24T16:15:15.959-04:00
5906,prizepicks,15200467,2026-09-25T16:59:00+00:00,24.5,standard,pre_game,2026-09-24T23:12:21.975-04:00
5907,prizepicks,15200468,2026-09-25T16:59:00+00:00,25.5,standard,pre_game,2026-09-24T15:57:24.152-04:00
5908,prizepicks,15200469,2026-09-25T16:59:00+00:00,24.0,standard,pre_game,2026-09-24T15:57:24.152-04:00
5909,prizepicks,15200470,2026-09-25T16:59:00+00:00,11.0,standard,pre_game,2026-09-24T15:57:19.856-04:00
5910,prizepicks,15200471,2026-09-25T16:59:00+00:00,15.5,standard,pre_game,2026-09-24T15:57:19.856-04:00
5911,prizepicks,15200472,2026-09-25T16:59:00+00:00,17.5,standard,pre_game,2026-09-24T15:57:19.856-04:00
5912,prizepicks,15200473,2026-09-25T16:59:00+00:00,14.5,standard,pre_game,2026-09-24T15:57:19.856-04:00
5913,prizepicks,15200474,2026-09-25T16:59:00+00:00,13.5,standard,pre_game,2026-09-24T15:57:19.856-04:00
5914,prizepicks,15200475,2026-09-25T16:59:00+00:00,15.0,standard,pre_game,2026-09-24T22:41:32.110-04:00
5915,prizepicks,15200476,2026-09-25T16:59:00+00:00,14.5,standard,pre_game,2026-09-24T15:57:24.152-04:00
5916,prizepicks,15200477,2026-09-25T16:59:00+00:00,15.5,standard,pre_game,2026-09-25T11:18:38.932-04:00
5917,prizepicks,15200478,2026-09-25T16:59:00+00:00,9.5,standard,pre_game,2026-09-24T15:57:24.152-04:00
5918,prizepicks,15200479,2026-09-25T16:59:00+00:00,12.0,standard,pre_game,2026-09-24T15:57:24.152-04:00
5919,prizepicks,15198653,2026-09-25T16:59:00+00:00,32.5,standard,pre_game,2026-09-24T15:14:09.253-04:00
5920,prizepicks,15198663,2026-09-25T16:59:00+00:00,19.0,standard,pre_game,2026-09-24T21:14:41.428-04:00
5921,prizepicks,15198654,2026-09-25T16:59:00+00:00,30.5,standard,pre_game,2026-09-24T15:09:32.851-04:00
5922,prizepicks,15198664,2026-09-25T16:59:00+00:00,14.5,standard,pre_game,2026-09-24T15:09:32.851-04:00
5923,prizepicks,15198655,2026-09-25T16:59:00+00:00,29.0,standard,pre_game,2026-09-24T15:09:32.851-04:00
5924,prizepicks,15198665,2026-09-25T16:59:00+00:00,10.5,standard,pre_game,2026-09-24T15:09:32.851-04:00
5925,prizepicks,15198656,2026-09-25T16:59:00+00:00,29.0,standard,pre_game,2026-09-24T15:09:32.851-04:00
5926,prizepicks,15198666,2026-09-25T16:59:00+00:00,16.5,standard,pre_game,2026-09-24T15:09:32.851-04:00
5927,prizepicks,15198657,2026-09-25T16:59:00+00:00,26.0,standard,pre_game,2026-09-24T15:09:32.851-04:00
5928,prizepicks,15198667,2026-09-25T16:59:00+00:00,13.0,standard,pre_game,2026-09-24T15:09:32.851-04:00
5929,prizepicks,15198658,2026-09-25T16:59:00+00:00,27.5,standard,pre_game,2026-09-24T15:09:38.410-04:00
5930,prizepicks,15198668,2026-09-25T16:59:00+00:00,9.5,standard,pre_game,2026-09-24T15:09:38.410-04:00
5931,prizepicks,15198659,2026-09-25T16:59:00+00:00,26.5,standard,pre_game,2026-09-25T01:53:52.670-04:00
5932,prizepicks,15198669,2026-09-25T16:59:00+00:00,13.0,standard,pre_game,2026-09-24T23:11:22.405-04:00
5933,prizepicks,15198660,2026-09-25T16:59:00+00:00,26.0,standard,pre_game,2026-09-24T15:09:38.410-04:00
5934,prizepicks,15198670,2026-09-25T16:59:00+00:00,13.0,standard,pre_game,2026-09-24T15:09:38.410-04:00
5935,prizepicks,15198661,2026-09-25T16:59:00+00:00,26.0,standard,pre_game,2026-09-24T15:09:38.410-04:00
5936,prizepicks,15198671,2026-09-25T16:59:00+00:00,15.5,standard,pre_game,2026-09-24T15:09:38.410-04:00
5937,prizepicks,15198662,2026-09-25T16:59:00+00:00,24.0,standard,pre_game,2026-09-24T23:12:39.431-04:00
5938,prizepicks,15198672,2026-09-25T16:59:00+00:00,12.5,standard,pre_game,2026-09-24T16:16:44.278-04:00
5939,prizepicks,15212932,2026-09-25T16:59:00+00:00,16.5,demon,pre_game,2026-09-25T01:38:38.517-04:00
5940,prizepicks,15212935,2026-09-25T16:59:00+00:00,16.5,demon,pre_game,2026-09-25T01:38:30.160-04:00
5941,prizepicks,15212917,2026-09-25T16:59:00+00:00,15.5,demon,pre_game,2026-09-25T01:38:38.517-04:00
5942,prizepicks,15212920,2026-09-25T16:59:00+00:00,15.5,demon,pre_game,2026-09-25T01:38:30.160-04:00
5943,prizepicks,15212924,2026-09-25T16:59:00+00:00,15.5,demon,pre_game,2026-09-25T01:38:30.160-04:00
5944,prizepicks,15212931,2026-09-25T16:59:00+00:00,15.5,standard,pre_game,2026-09-25T01:38:38.517-04:00
5945,prizepicks,15212934,2026-09-25T16:59:00+00:00,15.5,standard,pre_game,2026-09-25T01:38:30.160-04:00
5946,prizepicks,15212916,2026-09-25T16:59:00+00:00,14.5,standard,pre_game,2026-09-25T01:38:38.517-04:00
5947,prizepicks,15212919,2026-09-25T16:59:00+00:00,14.5,standard,pre_game,2026-09-25T01:38:30.160-04:00
5948,prizepicks,15212933,2026-09-25T16:59:00+00:00,14.5,goblin,pre_game,2026-09-25T01:38:38.517-04:00
5949,prizepicks,15212936,2026-09-25T16:59:00+00:00,14.5,goblin,pre_game,2026-09-25T01:38:30.160-04:00
5950,prizepicks,15212918,2026-09-25T16:59:00+00:00,13.5,goblin,pre_game,2026-09-25T01:38:38.517-04:00
5951,prizepicks,15212921,2026-09-25T16:59:00+00:00,13.5,goblin,pre_game,2026-09-25T01:38:30.160-04:00
5952,prizepicks,15212922,2026-09-25T16:59:00+00:00,13.5,goblin,pre_game,2026-09-25T01:38:38.517-04:00
5953,prizepicks,15212923,2026-09-25T16:59:00+00:00,13.5,goblin,pre_game,2026-09-25T01:38:30.160-04:00
5954,prizepicks,15212905,2026-09-25T16:59:00+00:00,11.5,goblin,pre_game,2026-09-25T01:38:38.517-04:00
5955,prizepicks,15212907,2026-09-25T16:59:00+00:00,11.5,goblin,pre_game,2026-09-25T01:38:30.160-04:00
5956,prizepicks,15212904,2026-09-25T16:59:00+00:00,7.5,standard,pre_game,2026-09-25T08:56:27.543-04:00
5957,prizepicks,15212906,2026-09-25T16:59:00+00:00,7.5,standard,pre_game,2026-09-25T08:56:27.504-04:00
5958,prizepicks,15212980,2026-09-25T16:59:00+00:00,16.5,demon,pre_game,2026-09-25T01:43:27.356-04:00
5959,prizepicks,15212953,2026-09-25T16:59:00+00:00,15.5,demon,pre_game,2026-09-25T01:43:27.356-04:00
5960,prizepicks,15212960,2026-09-25T16:59:00+00:00,15.5,demon,pre_game,2026-09-25T01:40:48.704-04:00
5961,prizepicks,15212968,2026-09-25T16:59:00+00:00,15.5,demon,pre_game,2026-09-25T01:43:27.356-04:00
5962,prizepicks,15212974,2026-09-25T16:59:00+00:00,15.5,demon,pre_game,2026-09-25T01:40:48.704-04:00
5963,prizepicks,15212979,2026-09-25T16:59:00+00:00,15.5,standard,pre_game,2026-09-25T12:22:15.155-04:00
5964,prizepicks,15212997,2026-09-25T16:59:00+00:00,15.5,demon,pre_game,2026-09-25T01:40:48.704-04:00
5965,prizepicks,15212959,2026-09-25T16:59:00+00:00,14.5,standard,pre_game,2026-09-25T01:40:48.704-04:00
5966,prizepicks,15212967,2026-09-25T16:59:00+00:00,14.5,standard,pre_game,2026-09-25T01:43:27.356-04:00
5967,prizepicks,15212973,2026-09-25T16:59:00+00:00,14.5,standard,pre_game,2026-09-25T01:40:48.704-04:00
5968,prizepicks,15212981,2026-09-25T16:59:00+00:00,14.5,goblin,pre_game,2026-09-25T01:43:27.356-04:00
5969,prizepicks,15212996,2026-09-25T16:59:00+00:00,14.5,standard,pre_game,2026-09-25T01:40:48.704-04:00
5970,prizepicks,15212961,2026-09-25T16:59:00+00:00,13.5,goblin,pre_game,2026-09-25T01:40:48.704-04:00
5971,prizepicks,15212969,2026-09-25T16:59:00+00:00,13.5,goblin,pre_game,2026-09-25T01:43:27.356-04:00
5972,prizepicks,15212975,2026-09-25T16:59:00+00:00,13.5,goblin,pre_game,2026-09-25T01:40:48.704-04:00
5973,prizepicks,15212992,2026-09-25T16:59:00+00:00,13.5,demon,pre_game,2026-09-25T01:40:48.704-04:00
5974,prizepicks,15212998,2026-09-25T16:59:00+00:00,13.5,goblin,pre_game,2026-09-25T01:40:48.704-04:00
5975,prizepicks,15212991,2026-09-25T16:59:00+00:00,12.5,standard,pre_game,2026-09-25T12:22:15.132-04:00
5976,prizepicks,15212993,2026-09-25T16:59:00+00:00,11.5,goblin,pre_game,2026-09-25T01:40:48.704-04:00
5977,prizepicks,15212952,2026-09-25T16:59:00+00:00,7.5,standard,pre_game,2026-09-25T01:43:27.356-04:00
5978,prizepicks,15212958,2026-09-25T16:59:00+00:00,7.5,standard,pre_game,2026-09-25T01:40:48.704-04:00
5979,prizepicks,15212966,2026-09-25T16:59:00+00:00,4.5,standard,pre_game,2026-09-25T01:43:27.356-04:00
5980,prizepicks,15215017,2026-09-25T16:59:00+00:00,25.5,standard,pre_game,2026-09-25T01:38:38.517-04:00
5981,prizepicks,15215022,2026-09-25T16:59:00+00:00,14.5,standard,pre_game,2026-09-25T01:38:38.517-04:00
5982,prizepicks,15215018,2026-09-25T16:59:00+00:00,29.5,standard,pre_game,2026-09-25T01:38:38.517-04:00
5983,prizepicks,15215019,2026-09-25T16:59:00+00:00,31.5,standard,pre_game,2026-09-25T01:38:38.517-04:00
5984,prizepicks,15215024,2026-09-25T16:59:00+00:00,16.5,standard,pre_game,2026-09-25T01:38:38.517-04:00
5985,prizepicks,15215020,2026-09-25T16:59:00+00:00,31.5,standard,pre_game,2026-09-25T01:38:38.517-04:00
5986,prizepicks,15215025,2026-09-25T16:59:00+00:00,15.5,standard,pre_game,2026-09-25T01:38:38.517-04:00
5987,prizepicks,15215021,2026-09-25T16:59:00+00:00,29.5,standard,pre_game,2026-09-25T01:38:38.517-04:00
5988,prizepicks,15215026,2026-09-25T16:59:00+00:00,14.5,standard,pre_game,2026-09-25T01:38:38.517-04:00
5989,prizepicks,15215272,2026-09-25T16:59:00+00:00,29.5,standard,pre_game,2026-09-25T01:42:28.810-04:00
5990,prizepicks,15215280,2026-09-25T16:59:00+00:00,15.5,standard,pre_game,2026-09-25T01:42:28.689-04:00
5991,prizepicks,15215273,2026-09-25T16:59:00+00:00,29.5,standard,pre_game,2026-09-25T10:38:29.849-04:00
5992,prizepicks,15215281,2026-09-25T16:59:00+00:00,15.5,standard,pre_game,2026-09-25T01:42:28.723-04:00
5993,prizepicks,15215274,2026-09-25T16:59:00+00:00,24.5,standard,pre_game,2026-09-25T01:42:28.782-04:00
5994,prizepicks,15215282,2026-09-25T16:59:00+00:00,13.5,standard,pre_game,2026-09-25T01:42:28.751-04:00
5995,prizepicks,15215275,2026-09-25T16:59:00+00:00,30.5,standard,pre_game,2026-09-25T01:42:28.640-04:00
5996,prizepicks,15215283,2026-09-25T16:59:00+00:00,16.5,standard,pre_game,2026-09-25T01:42:28.870-04:00
5997,prizepicks,15215276,2026-09-25T16:59:00+00:00,29.5,standard,pre_game,2026-09-25T01:41:18.689-04:00
5998,prizepicks,15215284,2026-09-25T16:59:00+00:00,15.5,standard,pre_game,2026-09-25T01:41:18.689-04:00
5999,prizepicks,15215277,2026-09-25T16:59:00+00:00,31.5,standard,pre_game,2026-09-25T01:41:18.689-04:00
6000,prizepicks,15215285,2026-09-25T16:59:00+00:00,14.5,standard,pre_game,2026-09-25T01:41:18.689-04:00
6001,prizepicks,15215278,2026-09-25T16:59:00+00:00,29.5,standard,pre_game,2026-09-25T01:41:18.689-04:00
6002,prizepicks,15215286,2026-09-25T16:59:00+00:00,10.5,standard,pre_game,2026-09-25T01:41:18.689-04:00
6003,prizepicks,15215279,2026-09-25T16:59:00+00:00,26.5,standard,pre_game,2026-09-25T01:41:18.689-04:00
6004,prizepicks,15215287,2026-09-25T16:59:00+00:00,13.5,standard,pre_game,2026-09-25T01:41:18.689-04:00
6005,prizepicks,15229269,2026-09-25T16:59:00+00:00,29.5,standard,pre_game,2026-09-25T12:09:07.695-04:00
6006,prizepicks,15229270,2026-09-25T16:59:00+00:00,32.5,standard,pre_game,2026-09-25T12:09:07.695-04:00
6007,prizepicks,15229271,2026-09-25T16:59:00+00:00,31.0,standard,pre_game,2026-09-25T12:09:07.695-04:00
6008,prizepicks,15229272,2026-09-25T16:59:00+00:00,28.5,standard,pre_game,2026-09-25T12:38:22.790-04:00
6009,prizepicks,15229273,2026-09-25T16:59:00+00:00,27.5,standard,pre_game,2026-09-25T12:09:07.695-04:00
6010,prizepicks,15229274,2026-09-25T16:59:00+00:00,15.0,standard,pre_game,2026-09-25T12:09:07.695-04:00
6011,prizepicks,15229275,2026-09-25T16:59:00+00:00,21.0,standard,pre_game,2026-09-25T12:09:07.695-04:00
6012,prizepicks,15229276,2026-09-25T16:59:00+00:00,11.5,standard,pre_game,2026-09-25T12:09:07.695-04:00
6013,prizepicks,15229277,2026-09-25T16:59:00+00:00,17.0,standard,pre_game,2026-09-25T12:09:07.695-04:00
6014,prizepicks,15229278,2026-09-25T16:59:00+00:00,15.5,standard,pre_game,2026-09-25T12:23:09.822-04:00
6015,prizepicks,15228548,2026-09-25T16:59:00+00:00,33.0,standard,pre_game,2026-09-25T11:42:51.824-04:00
6016,prizepicks,15228558,2026-09-25T16:59:00+00:00,17.0,standard,pre_game,2026-09-25T11:42:51.824-04:00
6017,prizepicks,15228549,2026-09-25T16:59:00+00:00,31.0,standard,pre_game,2026-09-25T11:42:51.824-04:00
6018,prizepicks,15228559,2026-09-25T16:59:00+00:00,9.0,standard,pre_game,2026-09-25T11:42:51.824-04:00
6019,prizepicks,15228550,2026-09-25T16:59:00+00:00,28.5,standard,pre_game,2026-09-25T11:42:51.824-04:00
6020,prizepicks,15228560,2026-09-25T16:59:00+00:00,16.5,standard,pre_game,2026-09-25T11:42:51.824-04:00
6021,prizepicks,15228551,2026-09-25T16:59:00+00:00,28.5,standard,pre_game,2026-09-25T11:42:51.824-04:00
6022,prizepicks,15228561,2026-09-25T16:59:00+00:00,16.5,standard,pre_game,2026-09-25T11:42:51.824-04:00
6023,prizepicks,15228552,2026-09-25T16:59:00+00:00,28.5,standard,pre_game,2026-09-25T11:42:51.824-04:00
6024,prizepicks,15228562,2026-09-25T16:59:00+00:00,15.0,standard,pre_game,2026-09-25T11:42:51.824-04:00
6025,prizepicks,15228553,2026-09-25T16:59:00+00:00,32.0,standard,pre_game,2026-09-25T11:42:56.585-04:00
6026,prizepicks,15228563,2026-09-25T16:59:00+00:00,17.5,standard,pre_game,2026-09-25T11:42:56.585-04:00
6027,prizepicks,15228554,2026-09-25T16:59:00+00:00,29.5,standard,pre_game,2026-09-25T11:42:56.585-04:00
6028,prizepicks,15228564,2026-09-25T16:59:00+00:00,14.5,standard,pre_game,2026-09-25T11:42:56.585-04:00
6029,prizepicks,15228555,2026-09-25T16:59:00+00:00,28.0,standard,pre_game,2026-09-25T11:42:56.585-04:00
6030,prizepicks,15228565,2026-09-25T16:59:00+00:00,11.0,standard,pre_game,2026-09-25T11:46:26.189-04:00
6031,prizepicks,15228556,2026-09-25T16:59:00+00:00,27.0,standard,pre_game,2026-09-25T11:42:56.585-04:00
6032,prizepicks,15228566,2026-09-25T16:59:00+00:00,14.5,standard,pre_game,2026-09-25T11:42:56.585-04:00
6033,prizepicks,15228557,2026-09-25T16:59:00+00:00,23.5,standard,pre_game,2026-09-25T11:42:56.585-04:00
6034,prizepicks,15228567,2026-09-25T16:59:00+00:00,13.0,standard,pre_game,2026-09-25T11:42:56.585-04:00
6035,prizepicks,15228678,2026-09-25T16:59:00+00:00,33.5,standard,pre_game,2026-09-25T11:42:39.194-04:00
6036,prizepicks,15228683,2026-09-25T16:59:00+00:00,18.5,standard,pre_game,2026-09-25T11:42:39.194-04:00
6037,prizepicks,15228679,2026-09-25T16:59:00+00:00,30.5,standard,pre_game,2026-09-25T11:42:39.194-04:00
6038,prizepicks,15228684,2026-09-25T16:59:00+00:00,19.5,standard,pre_game,2026-09-25T11:42:39.194-04:00
6039,prizepicks,15228680,2026-09-25T16:59:00+00:00,30.0,standard,pre_game,2026-09-25T11:42:39.194-04:00
6040,prizepicks,15228685,2026-09-25T16:59:00+00:00,19.0,standard,pre_game,2026-09-25T11:42:39.194-04:00
6041,prizepicks,15228681,2026-09-25T16:59:00+00:00,28.5,standard,pre_game,2026-09-25T11:42:39.194-04:00
6042,prizepicks,15228686,2026-09-25T16:59:00+00:00,10.0,standard,pre_game,2026-09-25T11:42:39.194-04:00
6043,prizepicks,15228682,2026-09-25T16:59:00+00:00,27.5,standard,pre_game,2026-09-25T11:42:39.194-04:00
6044,prizepicks,15228687,2026-09-25T16:59:00+00:00,13.5,standard,pre_game,2026-09-25T11:42:39.194-04:00
6045,prizepicks,15191450,2026-09-25T16:59:00+00:00,17.5,demon,pre_game,2026-09-25T11:42:51.824-04:00
6046,prizepicks,15191452,2026-09-25T16:59:00+00:00,17.5,demon,pre_game,2026-09-25T11:43:17.748-04:00
6047,prizepicks,15191448,2026-09-25T16:59:00+00:00,16.5,standard,pre_game,2026-09-25T11:42:51.824-04:00
6048,prizepicks,15191451,2026-09-25T16:59:00+00:00,16.5,standard,pre_game,2026-09-25T11:43:17.748-04:00
6049,prizepicks,15191449,2026-09-25T16:59:00+00:00,15.5,goblin,pre_game,2026-09-25T11:42:51.824-04:00
6050,prizepicks,15191455,2026-09-25T16:59:00+00:00,15.5,demon,pre_game,2026-09-25T11:42:51.824-04:00
6051,prizepicks,15191458,2026-09-25T16:59:00+00:00,15.5,demon,pre_game,2026-09-25T11:43:17.748-04:00
6052,prizepicks,15191453,2026-09-25T16:59:00+00:00,14.5,standard,pre_game,2026-09-25T11:42:51.824-04:00
6053,prizepicks,15191456,2026-09-25T16:59:00+00:00,14.5,standard,pre_game,2026-09-25T11:43:17.748-04:00
6054,prizepicks,15191460,2026-09-25T16:59:00+00:00,14.5,demon,pre_game,2026-09-25T11:42:51.824-04:00
6055,prizepicks,15191463,2026-09-25T16:59:00+00:00,14.5,demon,pre_game,2026-09-25T11:43:17.748-04:00
6056,prizepicks,15191467,2026-09-25T16:59:00+00:00,14.5,demon,pre_game,2026-09-25T11:42:51.824-04:00
6057,prizepicks,15191471,2026-09-25T16:59:00+00:00,14.5,demon,pre_game,2026-09-25T11:43:17.748-04:00
6058,prizepicks,15191472,2026-09-25T16:59:00+00:00,14.5,demon,pre_game,2026-09-25T11:42:51.824-04:00
6059,prizepicks,15191474,2026-09-25T16:59:00+00:00,14.5,demon,pre_game,2026-09-25T11:43:17.748-04:00
6060,prizepicks,15191454,2026-09-25T16:59:00+00:00,13.5,goblin,pre_game,2026-09-25T11:42:51.824-04:00
6061,prizepicks,15191457,2026-09-25T16:59:00+00:00,13.5,goblin,pre_game,2026-09-25T11:43:17.748-04:00
6062,prizepicks,15191465,2026-09-25T16:59:00+00:00,13.5,standard,pre_game,2026-09-25T11:42:51.824-04:00
6063,prizepicks,15191469,2026-09-25T16:59:00+00:00,13.5,standard,pre_game,2026-09-25T11:43:17.748-04:00
6064,prizepicks,15191466,2026-09-25T16:59:00+00:00,12.5,goblin,pre_game,2026-09-25T11:42:51.824-04:00
6065,prizepicks,15191470,2026-09-25T16:59:00+00:00,12.5,goblin,pre_game,2026-09-25T11:43:17.748-04:00
6066,prizepicks,15191447,2026-09-25T16:59:00+00:00,9.5,standard,pre_game,2026-09-25T11:42:51.824-04:00
6067,prizepicks,15191459,2026-09-25T16:59:00+00:00,7.5,standard,pre_game,2026-09-25T11:42:51.824-04:00
6068,prizepicks,15191461,2026-09-25T16:59:00+00:00,7.5,standard,pre_game,2026-09-25T11:43:17.748-04:00
6069,prizepicks,15191464,2026-09-25T16:59:00+00:00,7.5,standard,pre_game,2026-09-25T11:42:51.824-04:00
6070,prizepicks,15191468,2026-09-25T16:59:00+00:00,7.5,standard,pre_game,2026-09-25T11:43:17.748-04:00
6071,prizepicks,14889444,2026-09-25T16:59:12+00:00,7.5,standard,pre_game,2026-09-23T23:18:35.181-04:00
6072,prizepicks,14893789,2026-09-25T16:59:12+00:00,90.5,standard,pre_game,2026-09-22T10:30:37.173-04:00
6073,prizepicks,14893790,2026-09-25T16:59:12+00:00,94.5,standard,pre_game,2026-09-20T20:06:51.078-04:00
6074,prizepicks,14893661,2026-09-25T16:59:12+00:00,29.5,standard,pre_game,2026-09-15T19:46:42.682-04:00
6075,prizepicks,14893662,2026-09-25T16:59:12+00:00,31.5,standard,pre_game,2026-09-15T19:45:18.094-04:00
6076,prizepicks,14893663,2026-09-25T16:59:12+00:00,26.5,standard,pre_game,2026-09-15T16:44:07.102-04:00
6077,prizepicks,14893664,2026-09-25T16:59:12+00:00,28.5,standard,pre_game,2026-09-15T16:44:07.102-04:00
6078,prizepicks,14893665,2026-09-25T16:59:12+00:00,31.0,standard,pre_game,2026-09-22T17:33:48.439-04:00
6079,prizepicks,14893666,2026-09-25T16:59:12+00:00,31.0,standard,pre_game,2026-09-16T20:06:33.663-04:00
6080,prizepicks,14893667,2026-09-25T16:59:12+00:00,33.5,standard,pre_game,2026-09-20T20:06:51.038-04:00
6081,prizepicks,14893668,2026-09-25T16:59:12+00:00,26.5,standard,pre_game,2026-09-15T16:43:58.006-04:00
6082,prizepicks,14893669,2026-09-25T16:59:12+00:00,29.5,standard,pre_game,2026-09-15T16:43:58.006-04:00
6083,prizepicks,14893670,2026-09-25T16:59:12+00:00,31.5,standard,pre_game,2026-09-15T16:43:58.006-04:00
6084,prizepicks,14889445,2026-09-25T16:59:12+00:00,7.5,standard,pre_game,2026-09-15T16:44:20.483-04:00
6085,prizepicks,14893792,2026-09-25T16:59:12+00:00,59.5,standard,pre_game,2026-09-24T23:29:52.674-04:00
6086,prizepicks,14893672,2026-09-25T16:59:12+00:00,31.5,standard,pre_game,2026-09-23T23:59:58.956-04:00
6087,prizepicks,14893673,2026-09-25T16:59:12+00:00,35.5,standard,pre_game,2026-09-15T19:40:42.526-04:00
6088,prizepicks,14893674,2026-09-25T16:59:12+00:00,29.0,standard,pre_game,2026-09-22T20:26:53.680-04:00
6089,prizepicks,14893675,2026-09-25T16:59:12+00:00,32.5,standard,pre_game,2026-09-15T16:44:20.483-04:00
6090,prizepicks,14893676,2026-09-25T16:59:12+00:00,25.5,standard,pre_game,2026-09-15T19:44:24.606-04:00
6091,prizepicks,14893677,2026-09-25T16:59:12+00:00,34.5,standard,pre_game,2026-09-15T16:49:04.005-04:00
6092,prizepicks,14893678,2026-09-25T16:59:12+00:00,28.0,standard,pre_game,2026-09-15T19:41:03.824-04:00
6093,prizepicks,14893679,2026-09-25T16:59:12+00:00,28.5,standard,pre_game,2026-09-15T19:45:36.562-04:00
6094,prizepicks,14893680,2026-09-25T16:59:12+00:00,25.5,standard,pre_game,2026-09-15T16:48:36.355-04:00
6095,prizepicks,14889446,2026-09-25T16:59:12+00:00,8.5,standard,pre_game,2026-09-15T16:44:41.745-04:00
6096,prizepicks,14893793,2026-09-25T16:59:12+00:00,90.5,standard,pre_game,2026-09-15T16:44:41.745-04:00
6097,prizepicks,14893794,2026-09-25T16:59:12+00:00,62.0,standard,pre_game,2026-09-25T11:19:42.741-04:00
6098,prizepicks,14893681,2026-09-25T16:59:12+00:00,31.0,standard,pre_game,2026-09-24T23:29:08.801-04:00
6099,prizepicks,14893682,2026-09-25T16:59:12+00:00,28.5,standard,pre_game,2026-09-15T19:41:39.730-04:00
6100,prizepicks,14893683,2026-09-25T16:59:12+00:00,31.5,standard,pre_game,2026-09-15T16:44:41.745-04:00
6101,prizepicks,14893684,2026-09-25T16:59:12+00:00,28.0,standard,pre_game,2026-09-15T16:44:41.745-04:00
6102,prizepicks,14893685,2026-09-25T16:59:12+00:00,32.0,standard,pre_game,2026-09-16T20:05:48.179-04:00
6103,prizepicks,14893686,2026-09-25T16:59:12+00:00,24.5,standard,pre_game,2026-09-16T20:04:56.117-04:00
6104,prizepicks,14893687,2026-09-25T16:59:12+00:00,32.0,standard,pre_game,2026-09-22T17:33:27.384-04:00
6105,prizepicks,14893688,2026-09-25T16:59:12+00:00,25.5,standard,pre_game,2026-09-15T16:44:48.797-04:00
6106,prizepicks,14893689,2026-09-25T16:59:12+00:00,31.5,standard,pre_game,2026-09-25T11:19:42.694-04:00
6107,prizepicks,14893690,2026-09-25T16:59:12+00:00,27.5,standard,pre_game,2026-09-15T16:48:12.189-04:00
6108,prizepicks,14889447,2026-09-25T16:59:12+00:00,7.5,standard,pre_game,2026-09-15T16:45:43.494-04:00
6109,prizepicks,14893795,2026-09-25T16:59:12+00:00,88.0,standard,pre_game,2026-09-21T02:33:55.383-04:00
6110,prizepicks,14893796,2026-09-25T16:59:12+00:00,54.0,standard,pre_game,2026-09-15T16:45:28.279-04:00
6111,prizepicks,14893691,2026-09-25T16:59:12+00:00,28.5,standard,pre_game,2026-09-15T19:42:02.481-04:00
6112,prizepicks,14893692,2026-09-25T16:59:12+00:00,24.0,standard,pre_game,2026-09-22T17:34:17.243-04:00
6113,prizepicks,14893693,2026-09-25T16:59:12+00:00,27.5,standard,pre_game,2026-09-15T16:45:28.279-04:00
6114,prizepicks,14893694,2026-09-25T16:59:12+00:00,31.5,standard,pre_game,2026-09-15T16:45:28.279-04:00
6115,prizepicks,14893695,2026-09-25T16:59:12+00:00,26.5,standard,pre_game,2026-09-15T16:45:28.279-04:00
6116,prizepicks,14893696,2026-09-25T16:59:12+00:00,27.5,standard,pre_game,2026-09-15T16:45:43.494-04:00
6117,prizepicks,14893697,2026-09-25T16:59:12+00:00,29.5,standard,pre_game,2026-09-15T16:45:43.494-04:00
6118,prizepicks,14893698,2026-09-25T16:59:12+00:00,31.0,standard,pre_game,2026-09-21T02:33:55.336-04:00
6119,prizepicks,14893699,2026-09-25T16:59:12+00:00,26.5,standard,pre_game,2026-09-15T16:45:43.494-04:00
6120,prizepicks,14893700,2026-09-25T16:59:12+00:00,33.5,standard,pre_game,2026-09-15T16:45:43.494-04:00
6121,prizepicks,15193939,2026-09-25T16:59:12+00:00,91.0,standard,pre_game,2026-09-24T11:52:08.332-04:00
6122,prizepicks,15193940,2026-09-25T16:59:12+00:00,61.0,standard,pre_game,2026-09-24T11:52:08.332-04:00
6123,prizepicks,15193848,2026-09-25T16:59:12+00:00,29.5,standard,pre_game,2026-09-24T11:52:08.332-04:00
6124,prizepicks,15193851,2026-09-25T16:59:12+00:00,29.5,standard,pre_game,2026-09-24T11:52:08.332-04:00
6125,prizepicks,15193853,2026-09-25T16:59:12+00:00,30.5,standard,pre_game,2026-09-24T11:52:08.332-04:00
6126,prizepicks,15193854,2026-09-25T16:59:12+00:00,31.5,standard,pre_game,2026-09-24T11:52:08.332-04:00
6127,prizepicks,15193855,2026-09-25T16:59:12+00:00,29.5,standard,pre_game,2026-09-24T12:09:43.359-04:00
6128,prizepicks,15193856,2026-09-25T16:59:12+00:00,32.0,standard,pre_game,2026-09-24T11:52:08.332-04:00
6129,prizepicks,15193857,2026-09-25T16:59:12+00:00,28.5,standard,pre_game,2026-09-24T11:52:08.332-04:00
6130,prizepicks,15193858,2026-09-25T16:59:12+00:00,29.5,standard,pre_game,2026-09-24T11:52:08.332-04:00
6131,prizepicks,15193859,2026-09-25T16:59:12+00:00,29.5,standard,pre_game,2026-09-24T11:52:08.332-04:00
6132,prizepicks,15193860,2026-09-25T16:59:12+00:00,32.5,standard,pre_game,2026-09-24T12:13:30.387-04:00
6133,prizepicks,15193941,2026-09-25T16:59:12+00:00,93.0,standard,pre_game,2026-09-24T11:52:08.332-04:00
6134,prizepicks,15193861,2026-09-25T16:59:12+00:00,23.5,standard,pre_game,2026-09-24T11:52:08.332-04:00
6135,prizepicks,15193862,2026-09-25T16:59:12+00:00,32.5,standard,pre_game,2026-09-24T23:30:31.801-04:00
6136,prizepicks,15193863,2026-09-25T16:59:12+00:00,26.0,standard,pre_game,2026-09-24T11:52:08.332-04:00
6137,prizepicks,15193864,2026-09-25T16:59:12+00:00,30.5,standard,pre_game,2026-09-24T11:52:08.332-04:00
6138,prizepicks,15193865,2026-09-25T16:59:12+00:00,24.5,standard,pre_game,2026-09-24T11:52:08.332-04:00
6139,prizepicks,15193866,2026-09-25T16:59:12+00:00,31.5,standard,pre_game,2026-09-24T11:52:08.332-04:00
6140,prizepicks,15193867,2026-09-25T16:59:12+00:00,27.5,standard,pre_game,2026-09-24T11:52:08.332-04:00
6141,prizepicks,15193868,2026-09-25T16:59:12+00:00,25.5,standard,pre_game,2026-09-24T11:52:08.332-04:00
6142,prizepicks,15193869,2026-09-25T16:59:12+00:00,34.0,standard,pre_game,2026-09-24T11:52:08.332-04:00
6143,prizepicks,15198016,2026-09-25T17:05:40+00:00,33.5,standard,pre_game,2026-09-25T10:58:53.581-04:00
6144,prizepicks,15198017,2026-09-25T17:05:40+00:00,28.5,standard,pre_game,2026-09-25T10:58:53.525-04:00
6145,prizepicks,15198018,2026-09-25T17:05:40+00:00,22.5,standard,pre_game,2026-09-24T22:27:48.005-04:00
6146,prizepicks,15198019,2026-09-25T17:05:40+00:00,18.5,standard,pre_game,2026-09-24T22:27:11.430-04:00
6147,prizepicks,15198571,2026-09-25T17:05:40+00:00,10.5,demon,pre_game,2026-09-24T14:57:03.486-04:00
6148,prizepicks,15197798,2026-09-25T17:05:40+00:00,8.5,standard,pre_game,2026-09-24T14:44:03.407-04:00
6149,prizepicks,15198572,2026-09-25T17:05:40+00:00,6.5,goblin,pre_game,2026-09-24T14:57:03.740-04:00
6150,prizepicks,15198493,2026-09-25T17:05:40+00:00,14.5,demon,pre_game,2026-09-24T14:52:23.507-04:00
6151,prizepicks,15197799,2026-09-25T17:05:40+00:00,12.5,standard,pre_game,2026-09-24T14:44:03.407-04:00
6152,prizepicks,15198494,2026-09-25T17:05:40+00:00,10.5,goblin,pre_game,2026-09-24T14:52:23.597-04:00
6153,prizepicks,15198799,2026-09-25T17:05:40+00:00,14.5,demon,pre_game,2026-09-24T15:04:31.551-04:00
6154,prizepicks,15197800,2026-09-25T17:05:40+00:00,12.5,standard,pre_game,2026-09-25T10:58:49.887-04:00
6155,prizepicks,15198800,2026-09-25T17:05:40+00:00,8.5,goblin,pre_game,2026-09-24T15:04:31.614-04:00
6156,prizepicks,15198842,2026-09-25T17:05:40+00:00,18.5,demon,pre_game,2026-09-24T15:06:07.578-04:00
6157,prizepicks,15197801,2026-09-25T17:05:40+00:00,15.5,standard,pre_game,2026-09-24T14:44:03.407-04:00
6158,prizepicks,15198843,2026-09-25T17:05:40+00:00,12.5,goblin,pre_game,2026-09-24T15:06:07.652-04:00
6159,prizepicks,15197973,2026-09-25T17:05:40+00:00,2.5,demon,pre_game,2026-09-24T14:44:03.407-04:00
6160,prizepicks,15198729,2026-09-25T17:05:40+00:00,9.5,demon,pre_game,2026-09-24T15:01:02.182-04:00
6161,prizepicks,15197803,2026-09-25T17:05:40+00:00,7.0,standard,pre_game,2026-09-24T17:10:44.778-04:00
6162,prizepicks,15198730,2026-09-25T17:05:40+00:00,5.5,goblin,pre_game,2026-09-24T15:01:02.257-04:00
6163,prizepicks,15198488,2026-09-25T17:05:40+00:00,9.5,demon,pre_game,2026-09-24T14:51:33.359-04:00
6164,prizepicks,15197804,2026-09-25T17:05:40+00:00,7.0,standard,pre_game,2026-09-24T22:27:40.342-04:00
6165,prizepicks,15198489,2026-09-25T17:05:40+00:00,5.5,goblin,pre_game,2026-09-24T14:51:33.416-04:00
6166,prizepicks,15198468,2026-09-25T17:05:40+00:00,11.5,demon,pre_game,2026-09-24T15:52:25.506-04:00
6167,prizepicks,15197805,2026-09-25T17:05:40+00:00,8.5,standard,pre_game,2026-09-24T15:48:00.789-04:00
6168,prizepicks,15198469,2026-09-25T17:05:40+00:00,5.5,goblin,pre_game,2026-09-24T15:52:28.245-04:00
6169,prizepicks,15198922,2026-09-25T17:05:40+00:00,13.5,demon,pre_game,2026-09-24T15:07:35.389-04:00
6170,prizepicks,15197806,2026-09-25T17:05:40+00:00,10.0,standard,pre_game,2026-09-24T22:27:11.373-04:00
6171,prizepicks,15198923,2026-09-25T17:05:40+00:00,7.5,goblin,pre_game,2026-09-24T15:07:35.441-04:00
6172,prizepicks,15197990,2026-09-25T17:05:40+00:00,1.5,goblin,pre_game,2026-09-24T14:43:54.424-04:00
6173,prizepicks,15194506,2026-09-25T17:05:52+00:00,32.5,standard,pre_game,2026-09-25T12:46:22.352-04:00
6174,prizepicks,15194507,2026-09-25T17:05:52+00:00,30.5,standard,pre_game,2026-09-25T12:46:22.352-04:00
6175,prizepicks,15194508,2026-09-25T17:05:52+00:00,28.5,standard,pre_game,2026-09-25T12:46:22.352-04:00
6176,prizepicks,15194509,2026-09-25T17:05:52+00:00,28.5,standard,pre_game,2026-09-25T12:46:22.352-04:00
6177,prizepicks,15194510,2026-09-25T17:05:52+00:00,27.0,standard,pre_game,2026-09-25T12:46:22.352-04:00
6178,prizepicks,15194511,2026-09-25T17:05:52+00:00,29.0,standard,pre_game,2026-09-25T12:46:22.352-04:00
6179,prizepicks,15194512,2026-09-25T17:05:52+00:00,27.5,standard,pre_game,2026-09-25T12:46:22.352-04:00
6180,prizepicks,15194513,2026-09-25T17:05:52+00:00,27.5,standard,pre_game,2026-09-25T12:46:22.352-04:00
6181,prizepicks,15194514,2026-09-25T17:05:52+00:00,26.5,standard,pre_game,2026-09-25T12:46:22.352-04:00
6182,prizepicks,15194515,2026-09-25T17:05:52+00:00,25.0,standard,pre_game,2026-09-25T12:46:22.352-04:00
6183,prizepicks,15194516,2026-09-25T17:05:52+00:00,21.0,standard,pre_game,2026-09-25T12:46:22.352-04:00
6184,prizepicks,15194517,2026-09-25T17:05:52+00:00,12.5,standard,pre_game,2026-09-25T12:46:22.352-04:00
6185,prizepicks,15194518,2026-09-25T17:05:52+00:00,17.5,standard,pre_game,2026-09-25T12:46:22.352-04:00
6186,prizepicks,15194519,2026-09-25T17:05:52+00:00,18.0,standard,pre_game,2026-09-25T12:46:22.352-04:00
6187,prizepicks,15194520,2026-09-25T17:05:52+00:00,16.0,standard,pre_game,2026-09-25T12:46:22.352-04:00
6188,prizepicks,15194521,2026-09-25T17:05:52+00:00,16.0,standard,pre_game,2026-09-25T12:46:22.352-04:00
6189,prizepicks,15194522,2026-09-25T17:05:52+00:00,13.5,standard,pre_game,2026-09-25T12:46:22.352-04:00
6190,prizepicks,15194523,2026-09-25T17:05:52+00:00,14.5,standard,pre_game,2026-09-25T12:46:22.352-04:00
6191,prizepicks,15194524,2026-09-25T17:05:52+00:00,9.5,standard,pre_game,2026-09-25T12:46:22.352-04:00
6192,prizepicks,15194525,2026-09-25T17:05:52+00:00,13.0,standard,pre_game,2026-09-25T12:46:22.352-04:00
6193,prizepicks,15192251,2026-09-25T17:05:52+00:00,12.5,standard,pre_game,2026-09-24T11:19:41.642-04:00
6194,prizepicks,15192252,2026-09-25T17:05:52+00:00,15.5,standard,pre_game,2026-09-24T11:19:41.642-04:00
6195,prizepicks,15192253,2026-09-25T17:05:52+00:00,11.5,standard,pre_game,2026-09-24T11:19:41.642-04:00
6196,prizepicks,15192254,2026-09-25T17:05:52+00:00,15.5,standard,pre_game,2026-09-24T11:19:41.642-04:00
6197,prizepicks,15192255,2026-09-25T17:05:52+00:00,17.5,standard,pre_game,2026-09-24T11:19:41.642-04:00
6198,prizepicks,15192256,2026-09-25T17:05:52+00:00,17.0,standard,pre_game,2026-09-24T11:19:54.746-04:00
6199,prizepicks,15192257,2026-09-25T17:05:52+00:00,13.5,standard,pre_game,2026-09-24T11:19:54.746-04:00
6200,prizepicks,15192258,2026-09-25T17:05:52+00:00,16.5,standard,pre_game,2026-09-24T11:19:54.746-04:00
6201,prizepicks,15192260,2026-09-25T17:05:52+00:00,17.0,standard,pre_game,2026-09-24T11:19:54.746-04:00
6202,prizepicks,15192241,2026-09-25T17:05:52+00:00,27.0,standard,pre_game,2026-09-24T11:19:41.642-04:00
6203,prizepicks,15192242,2026-09-25T17:05:52+00:00,28.0,standard,pre_game,2026-09-24T11:19:41.642-04:00
6204,prizepicks,15192243,2026-09-25T17:05:52+00:00,31.5,standard,pre_game,2026-09-24T11:19:41.642-04:00
6205,prizepicks,15192244,2026-09-25T17:05:52+00:00,27.5,standard,pre_game,2026-09-24T14:52:25.785-04:00
6206,prizepicks,15192245,2026-09-25T17:05:52+00:00,30.0,standard,pre_game,2026-09-24T17:26:02.563-04:00
6207,prizepicks,15192246,2026-09-25T17:05:52+00:00,27.0,standard,pre_game,2026-09-24T11:19:54.746-04:00
6208,prizepicks,15192247,2026-09-25T17:05:52+00:00,27.0,standard,pre_game,2026-09-24T11:19:54.746-04:00
6209,prizepicks,15192248,2026-09-25T17:05:52+00:00,31.5,standard,pre_game,2026-09-24T11:19:54.746-04:00
6210,prizepicks,15192249,2026-09-25T17:05:52+00:00,33.5,standard,pre_game,2026-09-25T12:35:45.549-04:00
6211,prizepicks,15192250,2026-09-25T17:05:52+00:00,29.5,standard,pre_game,2026-09-24T11:19:54.746-04:00
6212,prizepicks,15192295,2026-09-25T17:05:52+00:00,13.5,standard,pre_game,2026-09-25T12:52:42.638-04:00
6213,prizepicks,15192296,2026-09-25T17:05:52+00:00,14.5,standard,pre_game,2026-09-25T12:52:42.638-04:00
6214,prizepicks,15192297,2026-09-25T17:05:52+00:00,14.5,standard,pre_game,2026-09-25T12:52:42.638-04:00
6215,prizepicks,15192298,2026-09-25T17:05:52+00:00,12.5,standard,pre_game,2026-09-25T12:52:42.638-04:00
6216,prizepicks,15192299,2026-09-25T17:05:52+00:00,15.5,standard,pre_game,2026-09-25T12:52:42.638-04:00
6217,prizepicks,15192300,2026-09-25T17:05:52+00:00,14.0,standard,pre_game,2026-09-25T12:52:47.233-04:00
6218,prizepicks,15192301,2026-09-25T17:05:52+00:00,14.0,standard,pre_game,2026-09-25T12:52:47.233-04:00
6219,prizepicks,15192302,2026-09-25T17:05:52+00:00,14.5,standard,pre_game,2026-09-25T12:52:47.233-04:00
6220,prizepicks,15192304,2026-09-25T17:05:52+00:00,12.0,standard,pre_game,2026-09-25T12:52:47.233-04:00
6221,prizepicks,15192305,2026-09-25T17:05:52+00:00,13.5,standard,pre_game,2026-09-25T12:52:47.233-04:00
6222,prizepicks,15192309,2026-09-25T17:05:52+00:00,8.0,standard,pre_game,2026-09-25T12:52:42.638-04:00
6223,prizepicks,15192310,2026-09-25T17:05:52+00:00,5.0,standard,pre_game,2026-09-25T12:52:42.638-04:00
6224,prizepicks,15192313,2026-09-25T17:05:52+00:00,8.0,standard,pre_game,2026-09-25T12:52:42.638-04:00
6225,prizepicks,15192314,2026-09-25T17:05:52+00:00,7.5,standard,pre_game,2026-09-25T12:52:42.638-04:00
6226,prizepicks,15192315,2026-09-25T17:05:52+00:00,8.0,standard,pre_game,2026-09-25T12:52:42.638-04:00
6227,prizepicks,15192316,2026-09-25T17:05:52+00:00,8.0,standard,pre_game,2026-09-25T12:52:47.233-04:00
6228,prizepicks,15192317,2026-09-25T17:05:52+00:00,4.5,standard,pre_game,2026-09-25T12:52:47.233-04:00
6229,prizepicks,15192318,2026-09-25T17:05:52+00:00,8.0,standard,pre_game,2026-09-25T12:52:47.233-04:00
6230,prizepicks,15192319,2026-09-25T17:05:52+00:00,6.0,standard,pre_game,2026-09-25T12:52:47.233-04:00
6231,prizepicks,15192320,2026-09-25T17:05:52+00:00,7.5,standard,pre_game,2026-09-25T12:52:47.233-04:00
6232,prizepicks,15194526,2026-09-25T17:05:52+00:00,33.0,standard,pre_game,2026-09-24T12:06:53.570-04:00
6233,prizepicks,15194527,2026-09-25T17:05:52+00:00,32.0,standard,pre_game,2026-09-24T12:06:53.570-04:00
6234,prizepicks,15194528,2026-09-25T17:05:52+00:00,28.0,standard,pre_game,2026-09-24T12:06:53.570-04:00
6235,prizepicks,15194529,2026-09-25T17:05:52+00:00,28.0,standard,pre_game,2026-09-24T12:06:53.570-04:00
6236,prizepicks,15194530,2026-09-25T17:05:52+00:00,25.0,standard,pre_game,2026-09-24T14:08:32.752-04:00
6237,prizepicks,15194531,2026-09-25T17:05:52+00:00,31.5,standard,pre_game,2026-09-25T03:58:36.251-04:00
6238,prizepicks,15194532,2026-09-25T17:05:52+00:00,28.0,standard,pre_game,2026-09-24T12:06:59.211-04:00
6239,prizepicks,15194533,2026-09-25T17:05:52+00:00,28.0,standard,pre_game,2026-09-24T12:06:59.211-04:00
6240,prizepicks,15194534,2026-09-25T17:05:52+00:00,27.5,standard,pre_game,2026-09-24T12:06:59.211-04:00
6241,prizepicks,15194535,2026-09-25T17:05:52+00:00,27.0,standard,pre_game,2026-09-24T12:06:59.211-04:00
6242,prizepicks,15194538,2026-09-25T17:05:52+00:00,20.0,standard,pre_game,2026-09-24T12:06:53.570-04:00
6243,prizepicks,15194542,2026-09-25T17:05:52+00:00,17.0,standard,pre_game,2026-09-24T23:55:45.816-04:00
6244,prizepicks,15194543,2026-09-25T17:05:52+00:00,15.5,standard,pre_game,2026-09-24T12:06:53.570-04:00
6245,prizepicks,15194545,2026-09-25T17:05:52+00:00,10.0,standard,pre_game,2026-09-24T12:06:53.570-04:00
6246,prizepicks,15194546,2026-09-25T17:05:52+00:00,11.5,standard,pre_game,2026-09-24T17:25:11.251-04:00
6247,prizepicks,15194547,2026-09-25T17:05:52+00:00,16.5,standard,pre_game,2026-09-24T15:27:03.304-04:00
6248,prizepicks,15194548,2026-09-25T17:05:52+00:00,15.0,standard,pre_game,2026-09-24T12:06:59.211-04:00
6249,prizepicks,15194549,2026-09-25T17:05:52+00:00,9.5,standard,pre_game,2026-09-24T12:06:59.211-04:00
6250,prizepicks,15194550,2026-09-25T17:05:52+00:00,15.0,standard,pre_game,2026-09-24T12:06:59.211-04:00
6251,prizepicks,15194551,2026-09-25T17:05:52+00:00,17.0,standard,pre_game,2026-09-24T12:06:59.211-04:00
6252,prizepicks,15196267,2026-09-25T17:05:52+00:00,14.5,standard,pre_game,2026-09-24T13:43:57.652-04:00
6253,prizepicks,15196277,2026-09-25T17:05:52+00:00,7.0,standard,pre_game,2026-09-24T13:43:58.214-04:00
6254,prizepicks,15196268,2026-09-25T17:05:52+00:00,14.5,standard,pre_game,2026-09-24T13:43:57.765-04:00
6255,prizepicks,15196278,2026-09-25T17:05:52+00:00,7.0,standard,pre_game,2026-09-24T13:43:58.260-04:00
6256,prizepicks,15196269,2026-09-25T17:05:52+00:00,12.0,standard,pre_game,2026-09-24T13:43:57.822-04:00
6257,prizepicks,15196279,2026-09-25T17:05:52+00:00,6.5,standard,pre_game,2026-09-24T13:43:58.312-04:00
6258,prizepicks,15196270,2026-09-25T17:05:52+00:00,14.5,standard,pre_game,2026-09-24T13:43:57.886-04:00
6259,prizepicks,15196280,2026-09-25T17:05:52+00:00,8.0,standard,pre_game,2026-09-24T13:43:58.359-04:00
6260,prizepicks,15196271,2026-09-25T17:05:52+00:00,16.0,standard,pre_game,2026-09-24T13:43:57.934-04:00
6261,prizepicks,15196281,2026-09-25T17:05:52+00:00,5.5,standard,pre_game,2026-09-24T13:43:58.427-04:00
6262,prizepicks,15196272,2026-09-25T17:05:52+00:00,14.0,standard,pre_game,2026-09-24T13:43:57.980-04:00
6263,prizepicks,15196282,2026-09-25T17:05:52+00:00,6.0,standard,pre_game,2026-09-24T13:43:58.475-04:00
6264,prizepicks,15196273,2026-09-25T17:05:52+00:00,14.0,standard,pre_game,2026-09-24T13:43:58.026-04:00
6265,prizepicks,15196283,2026-09-25T17:05:52+00:00,4.5,standard,pre_game,2026-09-24T13:43:58.522-04:00
6266,prizepicks,15196274,2026-09-25T17:05:52+00:00,13.0,standard,pre_game,2026-09-24T13:43:58.075-04:00
6267,prizepicks,15196284,2026-09-25T17:05:52+00:00,8.0,standard,pre_game,2026-09-24T13:43:58.571-04:00
6268,prizepicks,15196275,2026-09-25T17:05:52+00:00,14.0,standard,pre_game,2026-09-24T13:43:58.120-04:00
6269,prizepicks,15196285,2026-09-25T17:05:52+00:00,7.5,standard,pre_game,2026-09-24T13:43:58.618-04:00
6270,prizepicks,15196276,2026-09-25T17:05:52+00:00,13.5,standard,pre_game,2026-09-24T13:43:58.165-04:00
6271,prizepicks,15196286,2026-09-25T17:05:52+00:00,8.0,standard,pre_game,2026-09-24T13:43:58.668-04:00
6272,prizepicks,15201779,2026-09-25T17:05:52+00:00,12.5,standard,pre_game,2026-09-24T17:05:47.422-04:00
6273,prizepicks,15201780,2026-09-25T17:05:52+00:00,14.0,standard,pre_game,2026-09-24T17:05:47.439-04:00
6274,prizepicks,15201781,2026-09-25T17:05:52+00:00,15.5,standard,pre_game,2026-09-24T17:05:47.454-04:00
6275,prizepicks,15201782,2026-09-25T17:05:52+00:00,15.5,standard,pre_game,2026-09-25T10:22:11.697-04:00
6276,prizepicks,15201783,2026-09-25T17:05:52+00:00,15.5,standard,pre_game,2026-09-24T17:05:47.488-04:00
6277,prizepicks,15201784,2026-09-25T17:05:52+00:00,13.0,standard,pre_game,2026-09-25T10:37:39.405-04:00
6278,prizepicks,15201785,2026-09-25T17:05:52+00:00,14.5,standard,pre_game,2026-09-24T17:05:47.524-04:00
6279,prizepicks,15201786,2026-09-25T17:05:52+00:00,14.0,standard,pre_game,2026-09-24T17:05:47.539-04:00
6280,prizepicks,15201787,2026-09-25T17:05:52+00:00,11.5,standard,pre_game,2026-09-24T17:05:47.555-04:00
6281,prizepicks,15201788,2026-09-25T17:05:52+00:00,14.0,standard,pre_game,2026-09-24T17:05:47.570-04:00
6282,prizepicks,15201789,2026-09-25T17:05:52+00:00,7.0,standard,pre_game,2026-09-24T17:23:44.258-04:00
6283,prizepicks,15201791,2026-09-25T17:05:52+00:00,8.0,standard,pre_game,2026-09-24T17:05:47.612-04:00
6284,prizepicks,15201792,2026-09-25T17:05:52+00:00,8.0,standard,pre_game,2026-09-25T10:22:11.644-04:00
6285,prizepicks,15201793,2026-09-25T17:05:52+00:00,7.5,standard,pre_game,2026-09-24T17:05:47.652-04:00
6286,prizepicks,15201794,2026-09-25T17:05:52+00:00,8.5,standard,pre_game,2026-09-24T17:05:47.669-04:00
6287,prizepicks,15201795,2026-09-25T17:05:52+00:00,8.0,standard,pre_game,2026-09-24T17:05:47.685-04:00
6288,prizepicks,15201796,2026-09-25T17:05:52+00:00,8.5,standard,pre_game,2026-09-24T17:05:47.699-04:00
6289,prizepicks,15201797,2026-09-25T17:05:52+00:00,5.5,standard,pre_game,2026-09-24T17:05:47.715-04:00
6290,prizepicks,15201798,2026-09-25T17:05:52+00:00,5.5,standard,pre_game,2026-09-24T17:05:47.730-04:00
6291,prizepicks,15194630,2026-09-25T17:05:52+00:00,16.0,standard,pre_game,2026-09-25T08:51:34.506-04:00
6292,prizepicks,15194631,2026-09-25T17:05:52+00:00,15.0,standard,pre_game,2026-09-25T10:41:53.569-04:00
6293,prizepicks,15194632,2026-09-25T17:05:52+00:00,14.5,standard,pre_game,2026-09-25T08:51:34.506-04:00
6294,prizepicks,15194633,2026-09-25T17:05:52+00:00,14.0,standard,pre_game,2026-09-25T08:51:34.506-04:00
6295,prizepicks,15194634,2026-09-25T17:05:52+00:00,13.5,standard,pre_game,2026-09-25T08:51:34.506-04:00
6296,prizepicks,15194635,2026-09-25T17:05:52+00:00,14.5,standard,pre_game,2026-09-25T08:51:34.506-04:00
6297,prizepicks,15194636,2026-09-25T17:05:52+00:00,13.5,standard,pre_game,2026-09-25T08:51:34.506-04:00
6298,prizepicks,15194637,2026-09-25T17:05:52+00:00,13.5,standard,pre_game,2026-09-25T08:51:34.506-04:00
6299,prizepicks,15194638,2026-09-25T17:05:52+00:00,13.0,standard,pre_game,2026-09-25T08:51:34.506-04:00
6300,prizepicks,15194639,2026-09-25T17:05:52+00:00,12.5,standard,pre_game,2026-09-25T08:51:34.506-04:00
6301,prizepicks,15194640,2026-09-25T17:05:52+00:00,10.0,standard,pre_game,2026-09-25T08:51:34.506-04:00
6302,prizepicks,15194641,2026-09-25T17:05:52+00:00,6.0,standard,pre_game,2026-09-25T08:51:34.506-04:00
6303,prizepicks,15194642,2026-09-25T17:05:52+00:00,8.5,standard,pre_game,2026-09-25T08:51:34.506-04:00
6304,prizepicks,15194643,2026-09-25T17:05:52+00:00,8.0,standard,pre_game,2026-09-25T08:51:34.506-04:00
6305,prizepicks,15194644,2026-09-25T17:05:52+00:00,8.0,standard,pre_game,2026-09-25T08:51:34.506-04:00
6306,prizepicks,15194645,2026-09-25T17:05:52+00:00,8.5,standard,pre_game,2026-09-25T08:51:34.506-04:00
6307,prizepicks,15194646,2026-09-25T17:05:52+00:00,6.5,standard,pre_game,2026-09-25T08:51:34.506-04:00
6308,prizepicks,15194647,2026-09-25T17:05:52+00:00,7.0,standard,pre_game,2026-09-25T08:51:34.506-04:00
6309,prizepicks,15194648,2026-09-25T17:05:52+00:00,4.5,standard,pre_game,2026-09-25T08:51:34.506-04:00
6310,prizepicks,15194649,2026-09-25T17:05:52+00:00,7.0,standard,pre_game,2026-09-25T08:51:34.506-04:00
6311,prizepicks,15200460,2026-09-25T17:05:52+00:00,32.0,standard,pre_game,2026-09-24T15:57:19.856-04:00
6312,prizepicks,15200461,2026-09-25T17:05:52+00:00,32.0,standard,pre_game,2026-09-24T15:57:19.856-04:00
6313,prizepicks,15200462,2026-09-25T17:05:52+00:00,29.5,standard,pre_game,2026-09-24T15:57:19.856-04:00
6314,prizepicks,15200463,2026-09-25T17:05:52+00:00,27.0,standard,pre_game,2026-09-24T15:57:19.856-04:00
6315,prizepicks,15200464,2026-09-25T17:05:52+00:00,27.0,standard,pre_game,2026-09-24T15:57:19.856-04:00
6316,prizepicks,15200465,2026-09-25T17:05:52+00:00,24.0,standard,pre_game,2026-09-24T16:15:19.996-04:00
6317,prizepicks,15200466,2026-09-25T17:05:52+00:00,25.0,standard,pre_game,2026-09-24T16:15:15.959-04:00
6318,prizepicks,15200467,2026-09-25T17:05:52+00:00,24.5,standard,pre_game,2026-09-24T23:12:21.975-04:00
6319,prizepicks,15200468,2026-09-25T17:05:52+00:00,25.5,standard,pre_game,2026-09-24T15:57:24.152-04:00
6320,prizepicks,15200469,2026-09-25T17:05:52+00:00,24.0,standard,pre_game,2026-09-24T15:57:24.152-04:00
6321,prizepicks,15200470,2026-09-25T17:05:52+00:00,11.0,standard,pre_game,2026-09-24T15:57:19.856-04:00
6322,prizepicks,15200471,2026-09-25T17:05:52+00:00,15.5,standard,pre_game,2026-09-24T15:57:19.856-04:00
6323,prizepicks,15200472,2026-09-25T17:05:52+00:00,17.5,standard,pre_game,2026-09-24T15:57:19.856-04:00
6324,prizepicks,15200473,2026-09-25T17:05:52+00:00,14.5,standard,pre_game,2026-09-24T15:57:19.856-04:00
6325,prizepicks,15200474,2026-09-25T17:05:52+00:00,13.5,standard,pre_game,2026-09-24T15:57:19.856-04:00
6326,prizepicks,15200475,2026-09-25T17:05:52+00:00,15.0,standard,pre_game,2026-09-24T22:41:32.110-04:00
6327,prizepicks,15200476,2026-09-25T17:05:52+00:00,14.5,standard,pre_game,2026-09-24T15:57:24.152-04:00
6328,prizepicks,15200477,2026-09-25T17:05:52+00:00,15.5,standard,pre_game,2026-09-25T11:18:38.932-04:00
6329,prizepicks,15200478,2026-09-25T17:05:52+00:00,9.5,standard,pre_game,2026-09-24T15:57:24.152-04:00
6330,prizepicks,15200479,2026-09-25T17:05:52+00:00,12.0,standard,pre_game,2026-09-24T15:57:24.152-04:00
6331,prizepicks,15198653,2026-09-25T17:05:52+00:00,32.5,standard,pre_game,2026-09-24T15:14:09.253-04:00
6332,prizepicks,15198663,2026-09-25T17:05:52+00:00,19.0,standard,pre_game,2026-09-24T21:14:41.428-04:00
6333,prizepicks,15198654,2026-09-25T17:05:52+00:00,30.5,standard,pre_game,2026-09-24T15:09:32.851-04:00
6334,prizepicks,15198664,2026-09-25T17:05:52+00:00,14.5,standard,pre_game,2026-09-24T15:09:32.851-04:00
6335,prizepicks,15198655,2026-09-25T17:05:52+00:00,29.0,standard,pre_game,2026-09-24T15:09:32.851-04:00
6336,prizepicks,15198665,2026-09-25T17:05:52+00:00,10.5,standard,pre_game,2026-09-24T15:09:32.851-04:00
6337,prizepicks,15198656,2026-09-25T17:05:52+00:00,29.0,standard,pre_game,2026-09-24T15:09:32.851-04:00
6338,prizepicks,15198666,2026-09-25T17:05:52+00:00,16.5,standard,pre_game,2026-09-24T15:09:32.851-04:00
6339,prizepicks,15198657,2026-09-25T17:05:52+00:00,26.0,standard,pre_game,2026-09-24T15:09:32.851-04:00
6340,prizepicks,15198667,2026-09-25T17:05:52+00:00,13.0,standard,pre_game,2026-09-24T15:09:32.851-04:00
6341,prizepicks,15198658,2026-09-25T17:05:52+00:00,27.5,standard,pre_game,2026-09-24T15:09:38.410-04:00
6342,prizepicks,15198668,2026-09-25T17:05:52+00:00,9.5,standard,pre_game,2026-09-24T15:09:38.410-04:00
6343,prizepicks,15198659,2026-09-25T17:05:52+00:00,26.5,standard,pre_game,2026-09-25T01:53:52.670-04:00
6344,prizepicks,15198669,2026-09-25T17:05:52+00:00,13.0,standard,pre_game,2026-09-24T23:11:22.405-04:00
6345,prizepicks,15198660,2026-09-25T17:05:52+00:00,26.0,standard,pre_game,2026-09-24T15:09:38.410-04:00
6346,prizepicks,15198670,2026-09-25T17:05:52+00:00,13.0,standard,pre_game,2026-09-24T15:09:38.410-04:00
6347,prizepicks,15198661,2026-09-25T17:05:52+00:00,26.0,standard,pre_game,2026-09-24T15:09:38.410-04:00
6348,prizepicks,15198671,2026-09-25T17:05:52+00:00,15.5,standard,pre_game,2026-09-24T15:09:38.410-04:00
6349,prizepicks,15198662,2026-09-25T17:05:52+00:00,24.0,standard,pre_game,2026-09-24T23:12:39.431-04:00
6350,prizepicks,15198672,2026-09-25T17:05:52+00:00,12.5,standard,pre_game,2026-09-24T16:16:44.278-04:00
6351,prizepicks,15212932,2026-09-25T17:05:52+00:00,16.5,demon,pre_game,2026-09-25T01:38:38.517-04:00
6352,prizepicks,15212935,2026-09-25T17:05:52+00:00,16.5,demon,pre_game,2026-09-25T01:38:30.160-04:00
6353,prizepicks,15212917,2026-09-25T17:05:52+00:00,15.5,demon,pre_game,2026-09-25T01:38:38.517-04:00
6354,prizepicks,15212920,2026-09-25T17:05:52+00:00,15.5,demon,pre_game,2026-09-25T01:38:30.160-04:00
6355,prizepicks,15212924,2026-09-25T17:05:52+00:00,15.5,demon,pre_game,2026-09-25T01:38:30.160-04:00
6356,prizepicks,15212931,2026-09-25T17:05:52+00:00,15.5,standard,pre_game,2026-09-25T01:38:38.517-04:00
6357,prizepicks,15212934,2026-09-25T17:05:52+00:00,15.5,standard,pre_game,2026-09-25T01:38:30.160-04:00
6358,prizepicks,15212916,2026-09-25T17:05:52+00:00,14.5,standard,pre_game,2026-09-25T01:38:38.517-04:00
6359,prizepicks,15212919,2026-09-25T17:05:52+00:00,14.5,standard,pre_game,2026-09-25T01:38:30.160-04:00
6360,prizepicks,15212933,2026-09-25T17:05:52+00:00,14.5,goblin,pre_game,2026-09-25T01:38:38.517-04:00
6361,prizepicks,15212936,2026-09-25T17:05:52+00:00,14.5,goblin,pre_game,2026-09-25T01:38:30.160-04:00
6362,prizepicks,15212918,2026-09-25T17:05:52+00:00,13.5,goblin,pre_game,2026-09-25T01:38:38.517-04:00
6363,prizepicks,15212921,2026-09-25T17:05:52+00:00,13.5,goblin,pre_game,2026-09-25T01:38:30.160-04:00
6364,prizepicks,15212922,2026-09-25T17:05:52+00:00,13.5,goblin,pre_game,2026-09-25T01:38:38.517-04:00
6365,prizepicks,15212923,2026-09-25T17:05:52+00:00,13.5,goblin,pre_game,2026-09-25T01:38:30.160-04:00
6366,prizepicks,15212905,2026-09-25T17:05:52+00:00,11.5,goblin,pre_game,2026-09-25T01:38:38.517-04:00
6367,prizepicks,15212907,2026-09-25T17:05:52+00:00,11.5,goblin,pre_game,2026-09-25T01:38:30.160-04:00
6368,prizepicks,15212904,2026-09-25T17:05:52+00:00,7.5,standard,pre_game,2026-09-25T08:56:27.543-04:00
6369,prizepicks,15212906,2026-09-25T17:05:52+00:00,7.5,standard,pre_game,2026-09-25T08:56:27.504-04:00
6370,prizepicks,15212980,2026-09-25T17:05:52+00:00,16.5,demon,pre_game,2026-09-25T01:43:27.356-04:00
6371,prizepicks,15212953,2026-09-25T17:05:52+00:00,15.5,demon,pre_game,2026-09-25T01:43:27.356-04:00
6372,prizepicks,15212960,2026-09-25T17:05:52+00:00,15.5,demon,pre_game,2026-09-25T01:40:48.704-04:00
6373,prizepicks,15212968,2026-09-25T17:05:52+00:00,15.5,demon,pre_game,2026-09-25T01:43:27.356-04:00
6374,prizepicks,15212974,2026-09-25T17:05:52+00:00,15.5,demon,pre_game,2026-09-25T01:40:48.704-04:00
6375,prizepicks,15212979,2026-09-25T17:05:52+00:00,15.5,standard,pre_game,2026-09-25T12:22:15.155-04:00
6376,prizepicks,15212997,2026-09-25T17:05:52+00:00,15.5,demon,pre_game,2026-09-25T01:40:48.704-04:00
6377,prizepicks,15212959,2026-09-25T17:05:52+00:00,14.5,standard,pre_game,2026-09-25T01:40:48.704-04:00
6378,prizepicks,15212967,2026-09-25T17:05:52+00:00,14.5,standard,pre_game,2026-09-25T01:43:27.356-04:00
6379,prizepicks,15212973,2026-09-25T17:05:52+00:00,14.5,standard,pre_game,2026-09-25T01:40:48.704-04:00
6380,prizepicks,15212981,2026-09-25T17:05:52+00:00,14.5,goblin,pre_game,2026-09-25T01:43:27.356-04:00
6381,prizepicks,15212996,2026-09-25T17:05:52+00:00,14.5,standard,pre_game,2026-09-25T01:40:48.704-04:00
6382,prizepicks,15212961,2026-09-25T17:05:52+00:00,13.5,goblin,pre_game,2026-09-25T01:40:48.704-04:00
6383,prizepicks,15212969,2026-09-25T17:05:52+00:00,13.5,goblin,pre_game,2026-09-25T01:43:27.356-04:00
6384,prizepicks,15212975,2026-09-25T17:05:52+00:00,13.5,goblin,pre_game,2026-09-25T01:40:48.704-04:00
6385,prizepicks,15212992,2026-09-25T17:05:52+00:00,13.5,demon,pre_game,2026-09-25T01:40:48.704-04:00
6386,prizepicks,15212998,2026-09-25T17:05:52+00:00,13.5,goblin,pre_game,2026-09-25T01:40:48.704-04:00
6387,prizepicks,15212991,2026-09-25T17:05:52+00:00,12.5,standard,pre_game,2026-09-25T12:22:15.132-04:00
6388,prizepicks,15212993,2026-09-25T17:05:52+00:00,11.5,goblin,pre_game,2026-09-25T01:40:48.704-04:00
6389,prizepicks,15212952,2026-09-25T17:05:52+00:00,7.5,standard,pre_game,2026-09-25T01:43:27.356-04:00
6390,prizepicks,15212958,2026-09-25T17:05:52+00:00,7.5,standard,pre_game,2026-09-25T01:40:48.704-04:00
6391,prizepicks,15212966,2026-09-25T17:05:52+00:00,4.5,standard,pre_game,2026-09-25T01:43:27.356-04:00
6392,prizepicks,15215017,2026-09-25T17:05:52+00:00,25.5,standard,pre_game,2026-09-25T01:38:38.517-04:00
6393,prizepicks,15215022,2026-09-25T17:05:52+00:00,14.5,standard,pre_game,2026-09-25T01:38:38.517-04:00
6394,prizepicks,15215018,2026-09-25T17:05:52+00:00,29.5,standard,pre_game,2026-09-25T01:38:38.517-04:00
6395,prizepicks,15215019,2026-09-25T17:05:52+00:00,31.5,standard,pre_game,2026-09-25T01:38:38.517-04:00
6396,prizepicks,15215024,2026-09-25T17:05:52+00:00,16.5,standard,pre_game,2026-09-25T01:38:38.517-04:00
6397,prizepicks,15215020,2026-09-25T17:05:52+00:00,31.5,standard,pre_game,2026-09-25T01:38:38.517-04:00
6398,prizepicks,15215025,2026-09-25T17:05:52+00:00,15.5,standard,pre_game,2026-09-25T01:38:38.517-04:00
6399,prizepicks,15215021,2026-09-25T17:05:52+00:00,29.5,standard,pre_game,2026-09-25T01:38:38.517-04:00
6400,prizepicks,15215026,2026-09-25T17:05:52+00:00,14.5,standard,pre_game,2026-09-25T01:38:38.517-04:00
6401,prizepicks,15215272,2026-09-25T17:05:52+00:00,29.5,standard,pre_game,2026-09-25T01:42:28.810-04:00
6402,prizepicks,15215280,2026-09-25T17:05:52+00:00,15.5,standard,pre_game,2026-09-25T01:42:28.689-04:00
6403,prizepicks,15215273,2026-09-25T17:05:52+00:00,29.5,standard,pre_game,2026-09-25T10:38:29.849-04:00
6404,prizepicks,15215281,2026-09-25T17:05:52+00:00,15.5,standard,pre_game,2026-09-25T01:42:28.723-04:00
6405,prizepicks,15215274,2026-09-25T17:05:52+00:00,24.5,standard,pre_game,2026-09-25T01:42:28.782-04:00
6406,prizepicks,15215282,2026-09-25T17:05:52+00:00,13.5,standard,pre_game,2026-09-25T01:42:28.751-04:00
6407,prizepicks,15215275,2026-09-25T17:05:52+00:00,30.5,standard,pre_game,2026-09-25T01:42:28.640-04:00
6408,prizepicks,15215283,2026-09-25T17:05:52+00:00,16.5,standard,pre_game,2026-09-25T01:42:28.870-04:00
6409,prizepicks,15215276,2026-09-25T17:05:52+00:00,29.5,standard,pre_game,2026-09-25T01:41:18.689-04:00
6410,prizepicks,15215284,2026-09-25T17:05:52+00:00,15.5,standard,pre_game,2026-09-25T01:41:18.689-04:00
6411,prizepicks,15215277,2026-09-25T17:05:52+00:00,31.5,standard,pre_game,2026-09-25T01:41:18.689-04:00
6412,prizepicks,15215285,2026-09-25T17:05:52+00:00,14.5,standard,pre_game,2026-09-25T01:41:18.689-04:00
6413,prizepicks,15215278,2026-09-25T17:05:52+00:00,29.5,standard,pre_game,2026-09-25T01:41:18.689-04:00
6414,prizepicks,15215286,2026-09-25T17:05:52+00:00,10.5,standard,pre_game,2026-09-25T01:41:18.689-04:00
6415,prizepicks,15215279,2026-09-25T17:05:52+00:00,26.5,standard,pre_game,2026-09-25T01:41:18.689-04:00
6416,prizepicks,15215287,2026-09-25T17:05:52+00:00,13.5,standard,pre_game,2026-09-25T01:41:18.689-04:00
6417,prizepicks,15229269,2026-09-25T17:05:52+00:00,29.5,standard,pre_game,2026-09-25T12:09:07.695-04:00
6418,prizepicks,15229270,2026-09-25T17:05:52+00:00,32.5,standard,pre_game,2026-09-25T12:09:07.695-04:00
6419,prizepicks,15229271,2026-09-25T17:05:52+00:00,31.0,standard,pre_game,2026-09-25T12:09:07.695-04:00
6420,prizepicks,15229272,2026-09-25T17:05:52+00:00,28.5,standard,pre_game,2026-09-25T12:38:22.790-04:00
6421,prizepicks,15229273,2026-09-25T17:05:52+00:00,27.5,standard,pre_game,2026-09-25T12:09:07.695-04:00
6422,prizepicks,15229274,2026-09-25T17:05:52+00:00,15.0,standard,pre_game,2026-09-25T12:09:07.695-04:00
6423,prizepicks,15229275,2026-09-25T17:05:52+00:00,21.0,standard,pre_game,2026-09-25T12:09:07.695-04:00
6424,prizepicks,15229276,2026-09-25T17:05:52+00:00,11.5,standard,pre_game,2026-09-25T12:09:07.695-04:00
6425,prizepicks,15229277,2026-09-25T17:05:52+00:00,17.0,standard,pre_game,2026-09-25T12:09:07.695-04:00
6426,prizepicks,15229278,2026-09-25T17:05:52+00:00,15.5,standard,pre_game,2026-09-25T12:23:09.822-04:00
6427,prizepicks,15228548,2026-09-25T17:05:52+00:00,33.0,standard,pre_game,2026-09-25T11:42:51.824-04:00
6428,prizepicks,15228558,2026-09-25T17:05:52+00:00,17.0,standard,pre_game,2026-09-25T11:42:51.824-04:00
6429,prizepicks,15228549,2026-09-25T17:05:52+00:00,31.0,standard,pre_game,2026-09-25T11:42:51.824-04:00
6430,prizepicks,15228559,2026-09-25T17:05:52+00:00,9.0,standard,pre_game,2026-09-25T11:42:51.824-04:00
6431,prizepicks,15228550,2026-09-25T17:05:52+00:00,28.5,standard,pre_game,2026-09-25T11:42:51.824-04:00
6432,prizepicks,15228560,2026-09-25T17:05:52+00:00,16.5,standard,pre_game,2026-09-25T11:42:51.824-04:00
6433,prizepicks,15228551,2026-09-25T17:05:52+00:00,28.5,standard,pre_game,2026-09-25T11:42:51.824-04:00
6434,prizepicks,15228561,2026-09-25T17:05:52+00:00,16.5,standard,pre_game,2026-09-25T11:42:51.824-04:00
6435,prizepicks,15228552,2026-09-25T17:05:52+00:00,28.5,standard,pre_game,2026-09-25T11:42:51.824-04:00
6436,prizepicks,15228562,2026-09-25T17:05:52+00:00,15.0,standard,pre_game,2026-09-25T11:42:51.824-04:00
6437,prizepicks,15228553,2026-09-25T17:05:52+00:00,32.0,standard,pre_game,2026-09-25T11:42:56.585-04:00
6438,prizepicks,15228563,2026-09-25T17:05:52+00:00,17.5,standard,pre_game,2026-09-25T11:42:56.585-04:00
6439,prizepicks,15228554,2026-09-25T17:05:52+00:00,29.5,standard,pre_game,2026-09-25T11:42:56.585-04:00
6440,prizepicks,15228564,2026-09-25T17:05:52+00:00,14.5,standard,pre_game,2026-09-25T11:42:56.585-04:00
6441,prizepicks,15228555,2026-09-25T17:05:52+00:00,28.0,standard,pre_game,2026-09-25T11:42:56.585-04:00
6442,prizepicks,15228565,2026-09-25T17:05:52+00:00,11.0,standard,pre_game,2026-09-25T11:46:26.189-04:00
6443,prizepicks,15228556,2026-09-25T17:05:52+00:00,27.0,standard,pre_game,2026-09-25T11:42:56.585-04:00
6444,prizepicks,15228566,2026-09-25T17:05:52+00:00,14.5,standard,pre_game,2026-09-25T11:42:56.585-04:00
6445,prizepicks,15228557,2026-09-25T17:05:52+00:00,23.5,standard,pre_game,2026-09-25T11:42:56.585-04:00
6446,prizepicks,15228567,2026-09-25T17:05:52+00:00,13.0,standard,pre_game,2026-09-25T11:42:56.585-04:00
6447,prizepicks,15228678,2026-09-25T17:05:52+00:00,33.5,standard,pre_game,2026-09-25T11:42:39.194-04:00
6448,prizepicks,15228683,2026-09-25T17:05:52+00:00,18.5,standard,pre_game,2026-09-25T11:42:39.194-04:00
6449,prizepicks,15228679,2026-09-25T17:05:52+00:00,30.5,standard,pre_game,2026-09-25T11:42:39.194-04:00
6450,prizepicks,15228684,2026-09-25T17:05:52+00:00,19.5,standard,pre_game,2026-09-25T11:42:39.194-04:00
6451,prizepicks,15228680,2026-09-25T17:05:52+00:00,30.0,standard,pre_game,2026-09-25T11:42:39.194-04:00
6452,prizepicks,15228685,2026-09-25T17:05:52+00:00,19.0,standard,pre_game,2026-09-25T11:42:39.194-04:00
6453,prizepicks,15228681,2026-09-25T17:05:52+00:00,28.5,standard,pre_game,2026-09-25T11:42:39.194-04:00
6454,prizepicks,15228686,2026-09-25T17:05:52+00:00,10.0,standard,pre_game,2026-09-25T11:42:39.194-04:00
6455,prizepicks,15228682,2026-09-25T17:05:52+00:00,27.5,standard,pre_game,2026-09-25T11:42:39.194-04:00
6456,prizepicks,15228687,2026-09-25T17:05:52+00:00,13.5,standard,pre_game,2026-09-25T11:42:39.194-04:00
6457,prizepicks,15191450,2026-09-25T17:05:52+00:00,17.5,demon,pre_game,2026-09-25T11:42:51.824-04:00
6458,prizepicks,15191452,2026-09-25T17:05:52+00:00,17.5,demon,pre_game,2026-09-25T11:43:17.748-04:00
6459,prizepicks,15191448,2026-09-25T17:05:52+00:00,16.5,standard,pre_game,2026-09-25T11:42:51.824-04:00
6460,prizepicks,15191451,2026-09-25T17:05:52+00:00,16.5,standard,pre_game,2026-09-25T11:43:17.748-04:00
6461,prizepicks,15191449,2026-09-25T17:05:52+00:00,15.5,goblin,pre_game,2026-09-25T11:42:51.824-04:00
6462,prizepicks,15191455,2026-09-25T17:05:52+00:00,15.5,demon,pre_game,2026-09-25T11:42:51.824-04:00
6463,prizepicks,15191458,2026-09-25T17:05:52+00:00,15.5,demon,pre_game,2026-09-25T11:43:17.748-04:00
6464,prizepicks,15191453,2026-09-25T17:05:52+00:00,14.5,standard,pre_game,2026-09-25T11:42:51.824-04:00
6465,prizepicks,15191456,2026-09-25T17:05:52+00:00,14.5,standard,pre_game,2026-09-25T11:43:17.748-04:00
6466,prizepicks,15191460,2026-09-25T17:05:52+00:00,14.5,demon,pre_game,2026-09-25T11:42:51.824-04:00
6467,prizepicks,15191463,2026-09-25T17:05:52+00:00,14.5,demon,pre_game,2026-09-25T11:43:17.748-04:00
6468,prizepicks,15191467,2026-09-25T17:05:52+00:00,14.5,demon,pre_game,2026-09-25T11:42:51.824-04:00
6469,prizepicks,15191471,2026-09-25T17:05:52+00:00,14.5,demon,pre_game,2026-09-25T11:43:17.748-04:00
6470,prizepicks,15191472,2026-09-25T17:05:52+00:00,14.5,demon,pre_game,2026-09-25T11:42:51.824-04:00
6471,prizepicks,15191474,2026-09-25T17:05:52+00:00,14.5,demon,pre_game,2026-09-25T11:43:17.748-04:00
6472,prizepicks,15191454,2026-09-25T17:05:52+00:00,13.5,goblin,pre_game,2026-09-25T11:42:51.824-04:00
6473,prizepicks,15191457,2026-09-25T17:05:52+00:00,13.5,goblin,pre_game,2026-09-25T11:43:17.748-04:00
6474,prizepicks,15191465,2026-09-25T17:05:52+00:00,13.5,standard,pre_game,2026-09-25T11:42:51.824-04:00
6475,prizepicks,15191469,2026-09-25T17:05:52+00:00,13.5,standard,pre_game,2026-09-25T11:43:17.748-04:00
6476,prizepicks,15191466,2026-09-25T17:05:52+00:00,12.5,goblin,pre_game,2026-09-25T11:42:51.824-04:00
6477,prizepicks,15191470,2026-09-25T17:05:52+00:00,12.5,goblin,pre_game,2026-09-25T11:43:17.748-04:00
6478,prizepicks,15191447,2026-09-25T17:05:52+00:00,9.5,standard,pre_game,2026-09-25T11:42:51.824-04:00
6479,prizepicks,15191459,2026-09-25T17:05:52+00:00,7.5,standard,pre_game,2026-09-25T11:42:51.824-04:00
6480,prizepicks,15191461,2026-09-25T17:05:52+00:00,7.5,standard,pre_game,2026-09-25T11:43:17.748-04:00
6481,prizepicks,15191464,2026-09-25T17:05:52+00:00,7.5,standard,pre_game,2026-09-25T11:42:51.824-04:00
6482,prizepicks,15191468,2026-09-25T17:05:52+00:00,7.5,standard,pre_game,2026-09-25T11:43:17.748-04:00
6483,prizepicks,14889444,2026-09-25T17:06:04+00:00,7.5,standard,pre_game,2026-09-23T23:18:35.181-04:00
6484,prizepicks,14893789,2026-09-25T17:06:04+00:00,90.5,standard,pre_game,2026-09-22T10:30:37.173-04:00
6485,prizepicks,14893790,2026-09-25T17:06:04+00:00,94.5,standard,pre_game,2026-09-20T20:06:51.078-04:00
6486,prizepicks,14893661,2026-09-25T17:06:04+00:00,29.5,standard,pre_game,2026-09-15T19:46:42.682-04:00
6487,prizepicks,14893662,2026-09-25T17:06:04+00:00,31.5,standard,pre_game,2026-09-15T19:45:18.094-04:00
6488,prizepicks,14893663,2026-09-25T17:06:04+00:00,26.5,standard,pre_game,2026-09-15T16:44:07.102-04:00
6489,prizepicks,14893664,2026-09-25T17:06:04+00:00,28.5,standard,pre_game,2026-09-15T16:44:07.102-04:00
6490,prizepicks,14893665,2026-09-25T17:06:04+00:00,31.0,standard,pre_game,2026-09-22T17:33:48.439-04:00
6491,prizepicks,14893666,2026-09-25T17:06:04+00:00,31.0,standard,pre_game,2026-09-16T20:06:33.663-04:00
6492,prizepicks,14893667,2026-09-25T17:06:04+00:00,33.5,standard,pre_game,2026-09-20T20:06:51.038-04:00
6493,prizepicks,14893668,2026-09-25T17:06:04+00:00,26.5,standard,pre_game,2026-09-15T16:43:58.006-04:00
6494,prizepicks,14893669,2026-09-25T17:06:04+00:00,29.5,standard,pre_game,2026-09-15T16:43:58.006-04:00
6495,prizepicks,14893670,2026-09-25T17:06:04+00:00,31.5,standard,pre_game,2026-09-15T16:43:58.006-04:00
6496,prizepicks,14889445,2026-09-25T17:06:04+00:00,7.5,standard,pre_game,2026-09-15T16:44:20.483-04:00
6497,prizepicks,14893792,2026-09-25T17:06:04+00:00,59.5,standard,pre_game,2026-09-24T23:29:52.674-04:00
6498,prizepicks,14893672,2026-09-25T17:06:04+00:00,31.5,standard,pre_game,2026-09-23T23:59:58.956-04:00
6499,prizepicks,14893673,2026-09-25T17:06:04+00:00,35.5,standard,pre_game,2026-09-15T19:40:42.526-04:00
6500,prizepicks,14893674,2026-09-25T17:06:04+00:00,29.0,standard,pre_game,2026-09-22T20:26:53.680-04:00
6501,prizepicks,14893675,2026-09-25T17:06:04+00:00,32.5,standard,pre_game,2026-09-15T16:44:20.483-04:00
6502,prizepicks,14893676,2026-09-25T17:06:04+00:00,25.5,standard,pre_game,2026-09-15T19:44:24.606-04:00
6503,prizepicks,14893677,2026-09-25T17:06:04+00:00,34.5,standard,pre_game,2026-09-15T16:49:04.005-04:00
6504,prizepicks,14893678,2026-09-25T17:06:04+00:00,28.0,standard,pre_game,2026-09-15T19:41:03.824-04:00
6505,prizepicks,14893679,2026-09-25T17:06:04+00:00,28.5,standard,pre_game,2026-09-15T19:45:36.562-04:00
6506,prizepicks,14893680,2026-09-25T17:06:04+00:00,25.5,standard,pre_game,2026-09-15T16:48:36.355-04:00
6507,prizepicks,14889446,2026-09-25T17:06:04+00:00,8.5,standard,pre_game,2026-09-15T16:44:41.745-04:00
6508,prizepicks,14893793,2026-09-25T17:06:04+00:00,90.5,standard,pre_game,2026-09-15T16:44:41.745-04:00
6509,prizepicks,14893794,2026-09-25T17:06:04+00:00,62.0,standard,pre_game,2026-09-25T11:19:42.741-04:00
6510,prizepicks,14893681,2026-09-25T17:06:04+00:00,31.0,standard,pre_game,2026-09-24T23:29:08.801-04:00
6511,prizepicks,14893682,2026-09-25T17:06:04+00:00,28.5,standard,pre_game,2026-09-15T19:41:39.730-04:00
6512,prizepicks,14893683,2026-09-25T17:06:04+00:00,31.5,standard,pre_game,2026-09-15T16:44:41.745-04:00
6513,prizepicks,14893684,2026-09-25T17:06:04+00:00,28.0,standard,pre_game,2026-09-15T16:44:41.745-04:00
6514,prizepicks,14893685,2026-09-25T17:06:04+00:00,32.0,standard,pre_game,2026-09-16T20:05:48.179-04:00
6515,prizepicks,14893686,2026-09-25T17:06:04+00:00,24.5,standard,pre_game,2026-09-16T20:04:56.117-04:00
6516,prizepicks,14893687,2026-09-25T17:06:04+00:00,32.0,standard,pre_game,2026-09-22T17:33:27.384-04:00
6517,prizepicks,14893688,2026-09-25T17:06:04+00:00,25.5,standard,pre_game,2026-09-15T16:44:48.797-04:00
6518,prizepicks,14893689,2026-09-25T17:06:04+00:00,31.5,standard,pre_game,2026-09-25T11:19:42.694-04:00
6519,prizepicks,14893690,2026-09-25T17:06:04+00:00,27.5,standard,pre_game,2026-09-15T16:48:12.189-04:00
6520,prizepicks,14889447,2026-09-25T17:06:04+00:00,7.5,standard,pre_game,2026-09-15T16:45:43.494-04:00
6521,prizepicks,14893795,2026-09-25T17:06:04+00:00,88.0,standard,pre_game,2026-09-21T02:33:55.383-04:00
6522,prizepicks,14893796,2026-09-25T17:06:04+00:00,54.0,standard,pre_game,2026-09-15T16:45:28.279-04:00
6523,prizepicks,14893691,2026-09-25T17:06:04+00:00,28.5,standard,pre_game,2026-09-15T19:42:02.481-04:00
6524,prizepicks,14893692,2026-09-25T17:06:04+00:00,24.0,standard,pre_game,2026-09-22T17:34:17.243-04:00
6525,prizepicks,14893693,2026-09-25T17:06:04+00:00,27.5,standard,pre_game,2026-09-15T16:45:28.279-04:00
6526,prizepicks,14893694,2026-09-25T17:06:04+00:00,31.5,standard,pre_game,2026-09-15T16:45:28.279-04:00
6527,prizepicks,14893695,2026-09-25T17:06:04+00:00,26.5,standard,pre_game,2026-09-15T16:45:28.279-04:00
6528,prizepicks,14893696,2026-09-25T17:06:04+00:00,27.5,standard,pre_game,2026-09-15T16:45:43.494-04:00
6529,prizepicks,14893697,2026-09-25T17:06:04+00:00,29.5,standard,pre_game,2026-09-15T16:45:43.494-04:00
6530,prizepicks,14893698,2026-09-25T17:06:04+00:00,31.0,standard,pre_game,2026-09-21T02:33:55.336-04:00
6531,prizepicks,14893699,2026-09-25T17:06:04+00:00,26.5,standard,pre_game,2026-09-15T16:45:43.494-04:00
6532,prizepicks,14893700,2026-09-25T17:06:04+00:00,33.5,standard,pre_game,2026-09-15T16:45:43.494-04:00
6533,prizepicks,15193939,2026-09-25T17:06:04+00:00,91.0,standard,pre_game,2026-09-24T11:52:08.332-04:00
6534,prizepicks,15193940,2026-09-25T17:06:04+00:00,61.0,standard,pre_game,2026-09-24T11:52:08.332-04:00
6535,prizepicks,15193848,2026-09-25T17:06:04+00:00,29.5,standard,pre_game,2026-09-24T11:52:08.332-04:00
6536,prizepicks,15193851,2026-09-25T17:06:04+00:00,29.5,standard,pre_game,2026-09-24T11:52:08.332-04:00
6537,prizepicks,15193853,2026-09-25T17:06:04+00:00,30.5,standard,pre_game,2026-09-24T11:52:08.332-04:00
6538,prizepicks,15193854,2026-09-25T17:06:04+00:00,31.5,standard,pre_game,2026-09-24T11:52:08.332-04:00
6539,prizepicks,15193855,2026-09-25T17:06:04+00:00,29.5,standard,pre_game,2026-09-24T12:09:43.359-04:00
6540,prizepicks,15193856,2026-09-25T17:06:04+00:00,32.0,standard,pre_game,2026-09-24T11:52:08.332-04:00
6541,prizepicks,15193857,2026-09-25T17:06:04+00:00,28.5,standard,pre_game,2026-09-24T11:52:08.332-04:00
6542,prizepicks,15193858,2026-09-25T17:06:04+00:00,29.5,standard,pre_game,2026-09-24T11:52:08.332-04:00
6543,prizepicks,15193859,2026-09-25T17:06:04+00:00,29.5,standard,pre_game,2026-09-24T11:52:08.332-04:00
6544,prizepicks,15193860,2026-09-25T17:06:04+00:00,32.5,standard,pre_game,2026-09-24T12:13:30.387-04:00
6545,prizepicks,15193941,2026-09-25T17:06:04+00:00,93.0,standard,pre_game,2026-09-24T11:52:08.332-04:00
6546,prizepicks,15193861,2026-09-25T17:06:04+00:00,23.5,standard,pre_game,2026-09-24T11:52:08.332-04:00
6547,prizepicks,15193862,2026-09-25T17:06:04+00:00,32.5,standard,pre_game,2026-09-24T23:30:31.801-04:00
6548,prizepicks,15193863,2026-09-25T17:06:04+00:00,26.0,standard,pre_game,2026-09-24T11:52:08.332-04:00
6549,prizepicks,15193864,2026-09-25T17:06:04+00:00,30.5,standard,pre_game,2026-09-24T11:52:08.332-04:00
6550,prizepicks,15193865,2026-09-25T17:06:04+00:00,24.5,standard,pre_game,2026-09-24T11:52:08.332-04:00
6551,prizepicks,15193866,2026-09-25T17:06:04+00:00,31.5,standard,pre_game,2026-09-24T11:52:08.332-04:00
6552,prizepicks,15193867,2026-09-25T17:06:04+00:00,27.5,standard,pre_game,2026-09-24T11:52:08.332-04:00
6553,prizepicks,15193868,2026-09-25T17:06:04+00:00,25.5,standard,pre_game,2026-09-24T11:52:08.332-04:00
6554,prizepicks,15193869,2026-09-25T17:06:04+00:00,34.0,standard,pre_game,2026-09-24T11:52:08.332-04:00
6555,prizepicks,15199501,2026-09-25T17:07:17+00:00,7.0,standard,pre_game,2026-09-25T12:42:52.064-04:00
6556,prizepicks,15199502,2026-09-25T17:07:17+00:00,6.5,standard,pre_game,2026-09-25T12:42:52.064-04:00
6557,prizepicks,15199503,2026-09-25T17:07:17+00:00,4.5,standard,pre_game,2026-09-25T12:42:52.064-04:00
6558,prizepicks,15199504,2026-09-25T17:07:17+00:00,3.0,standard,pre_game,2026-09-25T12:42:52.064-04:00
6559,prizepicks,15199505,2026-09-25T17:07:17+00:00,3.0,standard,pre_game,2026-09-25T12:42:52.064-04:00
6560,prizepicks,15199506,2026-09-25T17:07:17+00:00,6.5,standard,pre_game,2026-09-25T12:42:52.064-04:00
6561,prizepicks,15199507,2026-09-25T17:07:17+00:00,6.5,standard,pre_game,2026-09-25T12:42:52.064-04:00
6562,prizepicks,15199508,2026-09-25T17:07:17+00:00,4.0,standard,pre_game,2026-09-25T12:42:52.064-04:00
6563,prizepicks,15199509,2026-09-25T17:07:17+00:00,2.5,standard,pre_game,2026-09-25T12:42:52.064-04:00
6564,prizepicks,15199510,2026-09-25T17:07:17+00:00,2.0,standard,pre_game,2026-09-25T12:42:52.064-04:00
6565,prizepicks,15199468,2026-09-25T17:07:17+00:00,17.0,standard,pre_game,2026-09-25T11:56:33.253-04:00
6566,prizepicks,15199469,2026-09-25T17:07:17+00:00,16.5,standard,pre_game,2026-09-25T11:56:33.253-04:00
6567,prizepicks,15199470,2026-09-25T17:07:17+00:00,13.5,standard,pre_game,2026-09-25T11:56:33.253-04:00
6568,prizepicks,15199471,2026-09-25T17:07:17+00:00,7.0,standard,pre_game,2026-09-25T11:56:33.253-04:00
6569,prizepicks,15199472,2026-09-25T17:07:17+00:00,5.5,standard,pre_game,2026-09-25T11:56:33.253-04:00
6570,prizepicks,15199473,2026-09-25T17:07:17+00:00,12.5,standard,pre_game,2026-09-25T11:56:33.253-04:00
6571,prizepicks,15199474,2026-09-25T17:07:17+00:00,13.5,standard,pre_game,2026-09-25T11:56:33.253-04:00
6572,prizepicks,15199475,2026-09-25T17:07:17+00:00,11.5,standard,pre_game,2026-09-25T11:56:33.253-04:00
6573,prizepicks,15199476,2026-09-25T17:07:17+00:00,6.0,standard,pre_game,2026-09-25T11:56:33.253-04:00
6574,prizepicks,15199477,2026-09-25T17:07:17+00:00,5.0,standard,pre_game,2026-09-25T11:56:33.253-04:00
6575,prizepicks,15199511,2026-09-25T17:07:17+00:00,8.5,standard,pre_game,2026-09-25T11:56:23.767-04:00
6576,prizepicks,15199512,2026-09-25T17:07:17+00:00,7.5,standard,pre_game,2026-09-25T11:56:23.767-04:00
6577,prizepicks,15199513,2026-09-25T17:07:17+00:00,6.5,standard,pre_game,2026-09-25T11:56:23.767-04:00
6578,prizepicks,15199514,2026-09-25T17:07:17+00:00,3.5,standard,pre_game,2026-09-25T11:56:23.767-04:00
6579,prizepicks,15199515,2026-09-25T17:07:17+00:00,2.5,standard,pre_game,2026-09-25T11:56:23.767-04:00
6580,prizepicks,15199516,2026-09-25T17:07:17+00:00,6.0,standard,pre_game,2026-09-25T11:56:23.767-04:00
6581,prizepicks,15199517,2026-09-25T17:07:17+00:00,7.0,standard,pre_game,2026-09-25T11:56:23.767-04:00
6582,prizepicks,15199518,2026-09-25T17:07:17+00:00,5.5,standard,pre_game,2026-09-25T11:56:23.767-04:00
6583,prizepicks,15199519,2026-09-25T17:07:17+00:00,3.0,standard,pre_game,2026-09-25T11:56:23.767-04:00
6584,prizepicks,15199520,2026-09-25T17:07:17+00:00,2.5,standard,pre_game,2026-09-25T11:56:23.767-04:00
6585,prizepicks,15198016,2026-09-25T17:11:30+00:00,33.5,standard,pre_game,2026-09-25T10:58:53.581-04:00
6586,prizepicks,15198017,2026-09-25T17:11:30+00:00,28.5,standard,pre_game,2026-09-25T10:58:53.525-04:00
6587,prizepicks,15198018,2026-09-25T17:11:30+00:00,22.5,standard,pre_game,2026-09-24T22:27:48.005-04:00
6588,prizepicks,15198019,2026-09-25T17:11:30+00:00,18.5,standard,pre_game,2026-09-24T22:27:11.430-04:00
6589,prizepicks,15198571,2026-09-25T17:11:30+00:00,10.5,demon,pre_game,2026-09-24T14:57:03.486-04:00
6590,prizepicks,15197798,2026-09-25T17:11:30+00:00,8.5,standard,pre_game,2026-09-24T14:44:03.407-04:00
6591,prizepicks,15198572,2026-09-25T17:11:30+00:00,6.5,goblin,pre_game,2026-09-24T14:57:03.740-04:00
6592,prizepicks,15198493,2026-09-25T17:11:30+00:00,14.5,demon,pre_game,2026-09-24T14:52:23.507-04:00
6593,prizepicks,15197799,2026-09-25T17:11:30+00:00,12.5,standard,pre_game,2026-09-24T14:44:03.407-04:00
6594,prizepicks,15198494,2026-09-25T17:11:30+00:00,10.5,goblin,pre_game,2026-09-24T14:52:23.597-04:00
6595,prizepicks,15198799,2026-09-25T17:11:30+00:00,14.5,demon,pre_game,2026-09-24T15:04:31.551-04:00
6596,prizepicks,15197800,2026-09-25T17:11:30+00:00,12.5,standard,pre_game,2026-09-25T10:58:49.887-04:00
6597,prizepicks,15198800,2026-09-25T17:11:30+00:00,8.5,goblin,pre_game,2026-09-24T15:04:31.614-04:00
6598,prizepicks,15198842,2026-09-25T17:11:30+00:00,18.5,demon,pre_game,2026-09-24T15:06:07.578-04:00
6599,prizepicks,15197801,2026-09-25T17:11:30+00:00,15.5,standard,pre_game,2026-09-24T14:44:03.407-04:00
6600,prizepicks,15198843,2026-09-25T17:11:30+00:00,12.5,goblin,pre_game,2026-09-24T15:06:07.652-04:00
6601,prizepicks,15197973,2026-09-25T17:11:30+00:00,2.5,demon,pre_game,2026-09-24T14:44:03.407-04:00
6602,prizepicks,15198729,2026-09-25T17:11:30+00:00,9.5,demon,pre_game,2026-09-24T15:01:02.182-04:00
6603,prizepicks,15197803,2026-09-25T17:11:30+00:00,7.0,standard,pre_game,2026-09-24T17:10:44.778-04:00
6604,prizepicks,15198730,2026-09-25T17:11:30+00:00,5.5,goblin,pre_game,2026-09-24T15:01:02.257-04:00
6605,prizepicks,15198488,2026-09-25T17:11:30+00:00,9.5,demon,pre_game,2026-09-24T14:51:33.359-04:00
6606,prizepicks,15197804,2026-09-25T17:11:30+00:00,7.0,standard,pre_game,2026-09-24T22:27:40.342-04:00
6607,prizepicks,15198489,2026-09-25T17:11:30+00:00,5.5,goblin,pre_game,2026-09-24T14:51:33.416-04:00
6608,prizepicks,15198468,2026-09-25T17:11:30+00:00,11.5,demon,pre_game,2026-09-24T15:52:25.506-04:00
6609,prizepicks,15197805,2026-09-25T17:11:30+00:00,8.5,standard,pre_game,2026-09-24T15:48:00.789-04:00
6610,prizepicks,15198469,2026-09-25T17:11:30+00:00,5.5,goblin,pre_game,2026-09-24T15:52:28.245-04:00
6611,prizepicks,15198922,2026-09-25T17:11:30+00:00,13.5,demon,pre_game,2026-09-24T15:07:35.389-04:00
6612,prizepicks,15197806,2026-09-25T17:11:30+00:00,10.0,standard,pre_game,2026-09-24T22:27:11.373-04:00
6613,prizepicks,15198923,2026-09-25T17:11:30+00:00,7.5,goblin,pre_game,2026-09-24T15:07:35.441-04:00
6614,prizepicks,15197990,2026-09-25T17:11:30+00:00,1.5,goblin,pre_game,2026-09-24T14:43:54.424-04:00
6615,prizepicks,15194506,2026-09-25T17:11:42+00:00,32.5,standard,pre_game,2026-09-25T12:46:22.352-04:00
6616,prizepicks,15194507,2026-09-25T17:11:42+00:00,30.5,standard,pre_game,2026-09-25T12:46:22.352-04:00
6617,prizepicks,15194508,2026-09-25T17:11:42+00:00,28.5,standard,pre_game,2026-09-25T12:46:22.352-04:00
6618,prizepicks,15194509,2026-09-25T17:11:42+00:00,28.5,standard,pre_game,2026-09-25T12:46:22.352-04:00
6619,prizepicks,15194510,2026-09-25T17:11:42+00:00,27.0,standard,pre_game,2026-09-25T12:46:22.352-04:00
6620,prizepicks,15194511,2026-09-25T17:11:42+00:00,29.0,standard,pre_game,2026-09-25T12:46:22.352-04:00
6621,prizepicks,15194512,2026-09-25T17:11:42+00:00,27.5,standard,pre_game,2026-09-25T12:46:22.352-04:00
6622,prizepicks,15194513,2026-09-25T17:11:42+00:00,27.5,standard,pre_game,2026-09-25T12:46:22.352-04:00
6623,prizepicks,15194514,2026-09-25T17:11:42+00:00,26.5,standard,pre_game,2026-09-25T12:46:22.352-04:00
6624,prizepicks,15194515,2026-09-25T17:11:42+00:00,25.0,standard,pre_game,2026-09-25T12:46:22.352-04:00
6625,prizepicks,15194516,2026-09-25T17:11:42+00:00,21.0,standard,pre_game,2026-09-25T12:46:22.352-04:00
6626,prizepicks,15194517,2026-09-25T17:11:42+00:00,12.5,standard,pre_game,2026-09-25T12:46:22.352-04:00
6627,prizepicks,15194518,2026-09-25T17:11:42+00:00,17.5,standard,pre_game,2026-09-25T12:46:22.352-04:00
6628,prizepicks,15194519,2026-09-25T17:11:42+00:00,18.0,standard,pre_game,2026-09-25T12:46:22.352-04:00
6629,prizepicks,15194520,2026-09-25T17:11:42+00:00,16.0,standard,pre_game,2026-09-25T12:46:22.352-04:00
6630,prizepicks,15194521,2026-09-25T17:11:42+00:00,16.0,standard,pre_game,2026-09-25T12:46:22.352-04:00
6631,prizepicks,15194522,2026-09-25T17:11:42+00:00,13.5,standard,pre_game,2026-09-25T12:46:22.352-04:00
6632,prizepicks,15194523,2026-09-25T17:11:42+00:00,14.5,standard,pre_game,2026-09-25T12:46:22.352-04:00
6633,prizepicks,15194524,2026-09-25T17:11:42+00:00,9.5,standard,pre_game,2026-09-25T12:46:22.352-04:00
6634,prizepicks,15194525,2026-09-25T17:11:42+00:00,13.0,standard,pre_game,2026-09-25T12:46:22.352-04:00
6635,prizepicks,15192251,2026-09-25T17:11:42+00:00,12.5,standard,pre_game,2026-09-24T11:19:41.642-04:00
6636,prizepicks,15192252,2026-09-25T17:11:42+00:00,15.5,standard,pre_game,2026-09-24T11:19:41.642-04:00
6637,prizepicks,15192253,2026-09-25T17:11:42+00:00,11.5,standard,pre_game,2026-09-24T11:19:41.642-04:00
6638,prizepicks,15192254,2026-09-25T17:11:42+00:00,15.5,standard,pre_game,2026-09-24T11:19:41.642-04:00
6639,prizepicks,15192255,2026-09-25T17:11:42+00:00,17.5,standard,pre_game,2026-09-24T11:19:41.642-04:00
6640,prizepicks,15192256,2026-09-25T17:11:42+00:00,17.0,standard,pre_game,2026-09-24T11:19:54.746-04:00
6641,prizepicks,15192257,2026-09-25T17:11:42+00:00,13.5,standard,pre_game,2026-09-24T11:19:54.746-04:00
6642,prizepicks,15192258,2026-09-25T17:11:42+00:00,16.5,standard,pre_game,2026-09-24T11:19:54.746-04:00
6643,prizepicks,15192260,2026-09-25T17:11:42+00:00,17.0,standard,pre_game,2026-09-24T11:19:54.746-04:00
6644,prizepicks,15192241,2026-09-25T17:11:42+00:00,27.0,standard,pre_game,2026-09-24T11:19:41.642-04:00
6645,prizepicks,15192242,2026-09-25T17:11:42+00:00,28.0,standard,pre_game,2026-09-24T11:19:41.642-04:00
6646,prizepicks,15192243,2026-09-25T17:11:42+00:00,31.5,standard,pre_game,2026-09-24T11:19:41.642-04:00
6647,prizepicks,15192244,2026-09-25T17:11:42+00:00,27.5,standard,pre_game,2026-09-24T14:52:25.785-04:00
6648,prizepicks,15192245,2026-09-25T17:11:42+00:00,30.0,standard,pre_game,2026-09-24T17:26:02.563-04:00
6649,prizepicks,15192246,2026-09-25T17:11:42+00:00,27.0,standard,pre_game,2026-09-24T11:19:54.746-04:00
6650,prizepicks,15192247,2026-09-25T17:11:42+00:00,27.0,standard,pre_game,2026-09-24T11:19:54.746-04:00
6651,prizepicks,15192248,2026-09-25T17:11:42+00:00,31.5,standard,pre_game,2026-09-24T11:19:54.746-04:00
6652,prizepicks,15192249,2026-09-25T17:11:42+00:00,33.5,standard,pre_game,2026-09-25T12:35:45.549-04:00
6653,prizepicks,15192250,2026-09-25T17:11:42+00:00,29.5,standard,pre_game,2026-09-24T11:19:54.746-04:00
6654,prizepicks,15192295,2026-09-25T17:11:42+00:00,13.5,standard,pre_game,2026-09-25T12:52:42.638-04:00
6655,prizepicks,15192296,2026-09-25T17:11:42+00:00,14.5,standard,pre_game,2026-09-25T12:52:42.638-04:00
6656,prizepicks,15192297,2026-09-25T17:11:42+00:00,14.5,standard,pre_game,2026-09-25T12:52:42.638-04:00
6657,prizepicks,15192298,2026-09-25T17:11:42+00:00,12.5,standard,pre_game,2026-09-25T12:52:42.638-04:00
6658,prizepicks,15192299,2026-09-25T17:11:42+00:00,15.5,standard,pre_game,2026-09-25T12:52:42.638-04:00
6659,prizepicks,15192300,2026-09-25T17:11:42+00:00,14.0,standard,pre_game,2026-09-25T12:52:47.233-04:00
6660,prizepicks,15192301,2026-09-25T17:11:42+00:00,14.0,standard,pre_game,2026-09-25T12:52:47.233-04:00
6661,prizepicks,15192302,2026-09-25T17:11:42+00:00,14.5,standard,pre_game,2026-09-25T12:52:47.233-04:00
6662,prizepicks,15192304,2026-09-25T17:11:42+00:00,12.0,standard,pre_game,2026-09-25T12:52:47.233-04:00
6663,prizepicks,15192305,2026-09-25T17:11:42+00:00,13.5,standard,pre_game,2026-09-25T12:52:47.233-04:00
6664,prizepicks,15192309,2026-09-25T17:11:42+00:00,8.0,standard,pre_game,2026-09-25T12:52:42.638-04:00
6665,prizepicks,15192310,2026-09-25T17:11:42+00:00,5.0,standard,pre_game,2026-09-25T12:52:42.638-04:00
6666,prizepicks,15192313,2026-09-25T17:11:42+00:00,8.0,standard,pre_game,2026-09-25T12:52:42.638-04:00
6667,prizepicks,15192314,2026-09-25T17:11:42+00:00,7.5,standard,pre_game,2026-09-25T12:52:42.638-04:00
6668,prizepicks,15192315,2026-09-25T17:11:42+00:00,8.0,standard,pre_game,2026-09-25T12:52:42.638-04:00
6669,prizepicks,15192316,2026-09-25T17:11:42+00:00,8.0,standard,pre_game,2026-09-25T12:52:47.233-04:00
6670,prizepicks,15192317,2026-09-25T17:11:42+00:00,4.5,standard,pre_game,2026-09-25T12:52:47.233-04:00
6671,prizepicks,15192318,2026-09-25T17:11:42+00:00,8.0,standard,pre_game,2026-09-25T12:52:47.233-04:00
6672,prizepicks,15192319,2026-09-25T17:11:42+00:00,6.0,standard,pre_game,2026-09-25T12:52:47.233-04:00
6673,prizepicks,15192320,2026-09-25T17:11:42+00:00,7.5,standard,pre_game,2026-09-25T12:52:47.233-04:00
6674,prizepicks,15194526,2026-09-25T17:11:42+00:00,33.0,standard,pre_game,2026-09-24T12:06:53.570-04:00
6675,prizepicks,15194527,2026-09-25T17:11:42+00:00,32.0,standard,pre_game,2026-09-24T12:06:53.570-04:00
6676,prizepicks,15194528,2026-09-25T17:11:42+00:00,28.0,standard,pre_game,2026-09-24T12:06:53.570-04:00
6677,prizepicks,15194529,2026-09-25T17:11:42+00:00,28.0,standard,pre_game,2026-09-24T12:06:53.570-04:00
6678,prizepicks,15194530,2026-09-25T17:11:42+00:00,25.0,standard,pre_game,2026-09-24T14:08:32.752-04:00
6679,prizepicks,15194531,2026-09-25T17:11:42+00:00,31.5,standard,pre_game,2026-09-25T03:58:36.251-04:00
6680,prizepicks,15194532,2026-09-25T17:11:42+00:00,28.0,standard,pre_game,2026-09-24T12:06:59.211-04:00
6681,prizepicks,15194533,2026-09-25T17:11:42+00:00,28.0,standard,pre_game,2026-09-24T12:06:59.211-04:00
6682,prizepicks,15194534,2026-09-25T17:11:42+00:00,27.5,standard,pre_game,2026-09-24T12:06:59.211-04:00
6683,prizepicks,15194535,2026-09-25T17:11:42+00:00,27.0,standard,pre_game,2026-09-24T12:06:59.211-04:00
6684,prizepicks,15194538,2026-09-25T17:11:42+00:00,20.0,standard,pre_game,2026-09-24T12:06:53.570-04:00
6685,prizepicks,15194542,2026-09-25T17:11:42+00:00,17.0,standard,pre_game,2026-09-24T23:55:45.816-04:00
6686,prizepicks,15194543,2026-09-25T17:11:42+00:00,15.5,standard,pre_game,2026-09-24T12:06:53.570-04:00
6687,prizepicks,15194545,2026-09-25T17:11:42+00:00,10.0,standard,pre_game,2026-09-24T12:06:53.570-04:00
6688,prizepicks,15194546,2026-09-25T17:11:42+00:00,11.5,standard,pre_game,2026-09-24T17:25:11.251-04:00
6689,prizepicks,15194547,2026-09-25T17:11:42+00:00,16.5,standard,pre_game,2026-09-24T15:27:03.304-04:00
6690,prizepicks,15194548,2026-09-25T17:11:42+00:00,15.0,standard,pre_game,2026-09-24T12:06:59.211-04:00
6691,prizepicks,15194549,2026-09-25T17:11:42+00:00,9.5,standard,pre_game,2026-09-24T12:06:59.211-04:00
6692,prizepicks,15194550,2026-09-25T17:11:42+00:00,15.0,standard,pre_game,2026-09-24T12:06:59.211-04:00
6693,prizepicks,15194551,2026-09-25T17:11:42+00:00,17.0,standard,pre_game,2026-09-24T12:06:59.211-04:00
6694,prizepicks,15196267,2026-09-25T17:11:42+00:00,14.5,standard,pre_game,2026-09-24T13:43:57.652-04:00
6695,prizepicks,15196277,2026-09-25T17:11:42+00:00,7.0,standard,pre_game,2026-09-24T13:43:58.214-04:00
6696,prizepicks,15196268,2026-09-25T17:11:42+00:00,14.5,standard,pre_game,2026-09-24T13:43:57.765-04:00
6697,prizepicks,15196278,2026-09-25T17:11:42+00:00,7.0,standard,pre_game,2026-09-24T13:43:58.260-04:00
6698,prizepicks,15196269,2026-09-25T17:11:42+00:00,12.0,standard,pre_game,2026-09-24T13:43:57.822-04:00
6699,prizepicks,15196279,2026-09-25T17:11:42+00:00,6.5,standard,pre_game,2026-09-24T13:43:58.312-04:00
6700,prizepicks,15196270,2026-09-25T17:11:42+00:00,14.5,standard,pre_game,2026-09-24T13:43:57.886-04:00
6701,prizepicks,15196280,2026-09-25T17:11:42+00:00,8.0,standard,pre_game,2026-09-24T13:43:58.359-04:00
6702,prizepicks,15196271,2026-09-25T17:11:42+00:00,16.0,standard,pre_game,2026-09-24T13:43:57.934-04:00
6703,prizepicks,15196281,2026-09-25T17:11:42+00:00,5.5,standard,pre_game,2026-09-24T13:43:58.427-04:00
6704,prizepicks,15196272,2026-09-25T17:11:42+00:00,14.0,standard,pre_game,2026-09-24T13:43:57.980-04:00
6705,prizepicks,15196282,2026-09-25T17:11:42+00:00,6.0,standard,pre_game,2026-09-24T13:43:58.475-04:00
6706,prizepicks,15196273,2026-09-25T17:11:42+00:00,14.0,standard,pre_game,2026-09-24T13:43:58.026-04:00
6707,prizepicks,15196283,2026-09-25T17:11:42+00:00,4.5,standard,pre_game,2026-09-24T13:43:58.522-04:00
6708,prizepicks,15196274,2026-09-25T17:11:42+00:00,13.0,standard,pre_game,2026-09-24T13:43:58.075-04:00
6709,prizepicks,15196284,2026-09-25T17:11:42+00:00,8.0,standard,pre_game,2026-09-24T13:43:58.571-04:00
6710,prizepicks,15196275,2026-09-25T17:11:42+00:00,14.0,standard,pre_game,2026-09-24T13:43:58.120-04:00
6711,prizepicks,15196285,2026-09-25T17:11:42+00:00,7.5,standard,pre_game,2026-09-24T13:43:58.618-04:00
6712,prizepicks,15196276,2026-09-25T17:11:42+00:00,13.5,standard,pre_game,2026-09-24T13:43:58.165-04:00
6713,prizepicks,15196286,2026-09-25T17:11:42+00:00,8.0,standard,pre_game,2026-09-24T13:43:58.668-04:00
6714,prizepicks,15201779,2026-09-25T17:11:42+00:00,12.5,standard,pre_game,2026-09-24T17:05:47.422-04:00
6715,prizepicks,15201780,2026-09-25T17:11:42+00:00,14.0,standard,pre_game,2026-09-24T17:05:47.439-04:00
6716,prizepicks,15201781,2026-09-25T17:11:42+00:00,15.5,standard,pre_game,2026-09-24T17:05:47.454-04:00
6717,prizepicks,15201782,2026-09-25T17:11:42+00:00,15.5,standard,pre_game,2026-09-25T10:22:11.697-04:00
6718,prizepicks,15201783,2026-09-25T17:11:42+00:00,15.5,standard,pre_game,2026-09-24T17:05:47.488-04:00
6719,prizepicks,15201784,2026-09-25T17:11:42+00:00,13.0,standard,pre_game,2026-09-25T10:37:39.405-04:00
6720,prizepicks,15201785,2026-09-25T17:11:42+00:00,14.5,standard,pre_game,2026-09-24T17:05:47.524-04:00
6721,prizepicks,15201786,2026-09-25T17:11:42+00:00,14.0,standard,pre_game,2026-09-24T17:05:47.539-04:00
6722,prizepicks,15201787,2026-09-25T17:11:42+00:00,11.5,standard,pre_game,2026-09-24T17:05:47.555-04:00
6723,prizepicks,15201788,2026-09-25T17:11:42+00:00,14.0,standard,pre_game,2026-09-24T17:05:47.570-04:00
6724,prizepicks,15201789,2026-09-25T17:11:42+00:00,7.0,standard,pre_game,2026-09-24T17:23:44.258-04:00
6725,prizepicks,15201791,2026-09-25T17:11:42+00:00,8.0,standard,pre_game,2026-09-24T17:05:47.612-04:00
6726,prizepicks,15201792,2026-09-25T17:11:42+00:00,8.0,standard,pre_game,2026-09-25T10:22:11.644-04:00
6727,prizepicks,15201793,2026-09-25T17:11:42+00:00,7.5,standard,pre_game,2026-09-24T17:05:47.652-04:00
6728,prizepicks,15201794,2026-09-25T17:11:42+00:00,8.5,standard,pre_game,2026-09-24T17:05:47.669-04:00
6729,prizepicks,15201795,2026-09-25T17:11:42+00:00,8.0,standard,pre_game,2026-09-24T17:05:47.685-04:00
6730,prizepicks,15201796,2026-09-25T17:11:42+00:00,8.5,standard,pre_game,2026-09-24T17:05:47.699-04:00
6731,prizepicks,15201797,2026-09-25T17:11:42+00:00,5.5,standard,pre_game,2026-09-24T17:05:47.715-04:00
6732,prizepicks,15201798,2026-09-25T17:11:42+00:00,5.5,standard,pre_game,2026-09-24T17:05:47.730-04:00
6733,prizepicks,15194630,2026-09-25T17:11:42+00:00,16.0,standard,pre_game,2026-09-25T08:51:34.506-04:00
6734,prizepicks,15194631,2026-09-25T17:11:42+00:00,15.0,standard,pre_game,2026-09-25T10:41:53.569-04:00
6735,prizepicks,15194632,2026-09-25T17:11:42+00:00,14.5,standard,pre_game,2026-09-25T08:51:34.506-04:00
6736,prizepicks,15194633,2026-09-25T17:11:42+00:00,14.0,standard,pre_game,2026-09-25T08:51:34.506-04:00
6737,prizepicks,15194634,2026-09-25T17:11:42+00:00,13.5,standard,pre_game,2026-09-25T08:51:34.506-04:00
6738,prizepicks,15194635,2026-09-25T17:11:42+00:00,14.5,standard,pre_game,2026-09-25T08:51:34.506-04:00
6739,prizepicks,15194636,2026-09-25T17:11:42+00:00,13.5,standard,pre_game,2026-09-25T08:51:34.506-04:00
6740,prizepicks,15194637,2026-09-25T17:11:42+00:00,13.5,standard,pre_game,2026-09-25T08:51:34.506-04:00
6741,prizepicks,15194638,2026-09-25T17:11:42+00:00,13.0,standard,pre_game,2026-09-25T08:51:34.506-04:00
6742,prizepicks,15194639,2026-09-25T17:11:42+00:00,12.5,standard,pre_game,2026-09-25T08:51:34.506-04:00
6743,prizepicks,15194640,2026-09-25T17:11:42+00:00,10.0,standard,pre_game,2026-09-25T08:51:34.506-04:00
6744,prizepicks,15194641,2026-09-25T17:11:42+00:00,6.0,standard,pre_game,2026-09-25T08:51:34.506-04:00
6745,prizepicks,15194642,2026-09-25T17:11:42+00:00,8.5,standard,pre_game,2026-09-25T08:51:34.506-04:00
6746,prizepicks,15194643,2026-09-25T17:11:42+00:00,8.0,standard,pre_game,2026-09-25T08:51:34.506-04:00
6747,prizepicks,15194644,2026-09-25T17:11:42+00:00,8.0,standard,pre_game,2026-09-25T08:51:34.506-04:00
6748,prizepicks,15194645,2026-09-25T17:11:42+00:00,8.5,standard,pre_game,2026-09-25T08:51:34.506-04:00
6749,prizepicks,15194646,2026-09-25T17:11:42+00:00,6.5,standard,pre_game,2026-09-25T08:51:34.506-04:00
6750,prizepicks,15194647,2026-09-25T17:11:42+00:00,7.0,standard,pre_game,2026-09-25T08:51:34.506-04:00
6751,prizepicks,15194648,2026-09-25T17:11:42+00:00,4.5,standard,pre_game,2026-09-25T08:51:34.506-04:00
6752,prizepicks,15194649,2026-09-25T17:11:42+00:00,7.0,standard,pre_game,2026-09-25T08:51:34.506-04:00
6753,prizepicks,15200460,2026-09-25T17:11:42+00:00,32.0,standard,pre_game,2026-09-24T15:57:19.856-04:00
6754,prizepicks,15200461,2026-09-25T17:11:42+00:00,32.0,standard,pre_game,2026-09-24T15:57:19.856-04:00
6755,prizepicks,15200462,2026-09-25T17:11:42+00:00,29.5,standard,pre_game,2026-09-24T15:57:19.856-04:00
6756,prizepicks,15200463,2026-09-25T17:11:42+00:00,27.0,standard,pre_game,2026-09-24T15:57:19.856-04:00
6757,prizepicks,15200464,2026-09-25T17:11:42+00:00,27.0,standard,pre_game,2026-09-24T15:57:19.856-04:00
6758,prizepicks,15200465,2026-09-25T17:11:42+00:00,24.0,standard,pre_game,2026-09-24T16:15:19.996-04:00
6759,prizepicks,15200466,2026-09-25T17:11:42+00:00,25.0,standard,pre_game,2026-09-24T16:15:15.959-04:00
6760,prizepicks,15200467,2026-09-25T17:11:42+00:00,24.5,standard,pre_game,2026-09-24T23:12:21.975-04:00
6761,prizepicks,15200468,2026-09-25T17:11:42+00:00,25.5,standard,pre_game,2026-09-24T15:57:24.152-04:00
6762,prizepicks,15200469,2026-09-25T17:11:42+00:00,24.0,standard,pre_game,2026-09-24T15:57:24.152-04:00
6763,prizepicks,15200470,2026-09-25T17:11:42+00:00,11.0,standard,pre_game,2026-09-24T15:57:19.856-04:00
6764,prizepicks,15200471,2026-09-25T17:11:42+00:00,15.5,standard,pre_game,2026-09-24T15:57:19.856-04:00
6765,prizepicks,15200472,2026-09-25T17:11:42+00:00,17.5,standard,pre_game,2026-09-24T15:57:19.856-04:00
6766,prizepicks,15200473,2026-09-25T17:11:42+00:00,14.5,standard,pre_game,2026-09-24T15:57:19.856-04:00
6767,prizepicks,15200474,2026-09-25T17:11:42+00:00,13.5,standard,pre_game,2026-09-24T15:57:19.856-04:00
6768,prizepicks,15200475,2026-09-25T17:11:42+00:00,15.0,standard,pre_game,2026-09-24T22:41:32.110-04:00
6769,prizepicks,15200476,2026-09-25T17:11:42+00:00,14.5,standard,pre_game,2026-09-24T15:57:24.152-04:00
6770,prizepicks,15200477,2026-09-25T17:11:42+00:00,15.5,standard,pre_game,2026-09-25T11:18:38.932-04:00
6771,prizepicks,15200478,2026-09-25T17:11:42+00:00,9.5,standard,pre_game,2026-09-24T15:57:24.152-04:00
6772,prizepicks,15200479,2026-09-25T17:11:42+00:00,12.0,standard,pre_game,2026-09-24T15:57:24.152-04:00
6773,prizepicks,15198653,2026-09-25T17:11:42+00:00,32.5,standard,pre_game,2026-09-24T15:14:09.253-04:00
6774,prizepicks,15198663,2026-09-25T17:11:42+00:00,19.0,standard,pre_game,2026-09-24T21:14:41.428-04:00
6775,prizepicks,15198654,2026-09-25T17:11:42+00:00,30.5,standard,pre_game,2026-09-24T15:09:32.851-04:00
6776,prizepicks,15198664,2026-09-25T17:11:42+00:00,14.5,standard,pre_game,2026-09-24T15:09:32.851-04:00
6777,prizepicks,15198655,2026-09-25T17:11:42+00:00,29.0,standard,pre_game,2026-09-24T15:09:32.851-04:00
6778,prizepicks,15198665,2026-09-25T17:11:42+00:00,10.5,standard,pre_game,2026-09-24T15:09:32.851-04:00
6779,prizepicks,15198656,2026-09-25T17:11:42+00:00,29.0,standard,pre_game,2026-09-24T15:09:32.851-04:00
6780,prizepicks,15198666,2026-09-25T17:11:42+00:00,16.5,standard,pre_game,2026-09-24T15:09:32.851-04:00
6781,prizepicks,15198657,2026-09-25T17:11:42+00:00,26.0,standard,pre_game,2026-09-24T15:09:32.851-04:00
6782,prizepicks,15198667,2026-09-25T17:11:42+00:00,13.0,standard,pre_game,2026-09-24T15:09:32.851-04:00
6783,prizepicks,15198658,2026-09-25T17:11:42+00:00,27.5,standard,pre_game,2026-09-24T15:09:38.410-04:00
6784,prizepicks,15198668,2026-09-25T17:11:42+00:00,9.5,standard,pre_game,2026-09-24T15:09:38.410-04:00
6785,prizepicks,15198659,2026-09-25T17:11:42+00:00,26.5,standard,pre_game,2026-09-25T01:53:52.670-04:00
6786,prizepicks,15198669,2026-09-25T17:11:42+00:00,13.0,standard,pre_game,2026-09-24T23:11:22.405-04:00
6787,prizepicks,15198660,2026-09-25T17:11:42+00:00,26.0,standard,pre_game,2026-09-24T15:09:38.410-04:00
6788,prizepicks,15198670,2026-09-25T17:11:42+00:00,13.0,standard,pre_game,2026-09-24T15:09:38.410-04:00
6789,prizepicks,15198661,2026-09-25T17:11:42+00:00,26.0,standard,pre_game,2026-09-24T15:09:38.410-04:00
6790,prizepicks,15198671,2026-09-25T17:11:42+00:00,15.5,standard,pre_game,2026-09-24T15:09:38.410-04:00
6791,prizepicks,15198662,2026-09-25T17:11:42+00:00,24.0,standard,pre_game,2026-09-24T23:12:39.431-04:00
6792,prizepicks,15198672,2026-09-25T17:11:42+00:00,12.5,standard,pre_game,2026-09-24T16:16:44.278-04:00
6793,prizepicks,15212932,2026-09-25T17:11:42+00:00,16.5,demon,pre_game,2026-09-25T01:38:38.517-04:00
6794,prizepicks,15212935,2026-09-25T17:11:42+00:00,16.5,demon,pre_game,2026-09-25T01:38:30.160-04:00
6795,prizepicks,15212917,2026-09-25T17:11:42+00:00,15.5,demon,pre_game,2026-09-25T01:38:38.517-04:00
6796,prizepicks,15212920,2026-09-25T17:11:42+00:00,15.5,demon,pre_game,2026-09-25T01:38:30.160-04:00
6797,prizepicks,15212924,2026-09-25T17:11:42+00:00,15.5,demon,pre_game,2026-09-25T01:38:30.160-04:00
6798,prizepicks,15212931,2026-09-25T17:11:42+00:00,15.5,standard,pre_game,2026-09-25T01:38:38.517-04:00
6799,prizepicks,15212934,2026-09-25T17:11:42+00:00,15.5,standard,pre_game,2026-09-25T01:38:30.160-04:00
6800,prizepicks,15212916,2026-09-25T17:11:42+00:00,14.5,standard,pre_game,2026-09-25T01:38:38.517-04:00
6801,prizepicks,15212919,2026-09-25T17:11:42+00:00,14.5,standard,pre_game,2026-09-25T01:38:30.160-04:00
6802,prizepicks,15212933,2026-09-25T17:11:42+00:00,14.5,goblin,pre_game,2026-09-25T01:38:38.517-04:00
6803,prizepicks,15212936,2026-09-25T17:11:42+00:00,14.5,goblin,pre_game,2026-09-25T01:38:30.160-04:00
6804,prizepicks,15212918,2026-09-25T17:11:42+00:00,13.5,goblin,pre_game,2026-09-25T01:38:38.517-04:00
6805,prizepicks,15212921,2026-09-25T17:11:42+00:00,13.5,goblin,pre_game,2026-09-25T01:38:30.160-04:00
6806,prizepicks,15212922,2026-09-25T17:11:42+00:00,13.5,goblin,pre_game,2026-09-25T01:38:38.517-04:00
6807,prizepicks,15212923,2026-09-25T17:11:42+00:00,13.5,goblin,pre_game,2026-09-25T01:38:30.160-04:00
6808,prizepicks,15212905,2026-09-25T17:11:42+00:00,11.5,goblin,pre_game,2026-09-25T01:38:38.517-04:00
6809,prizepicks,15212907,2026-09-25T17:11:42+00:00,11.5,goblin,pre_game,2026-09-25T01:38:30.160-04:00
6810,prizepicks,15212904,2026-09-25T17:11:42+00:00,7.5,standard,pre_game,2026-09-25T08:56:27.543-04:00
6811,prizepicks,15212906,2026-09-25T17:11:42+00:00,7.5,standard,pre_game,2026-09-25T08:56:27.504-04:00
6812,prizepicks,15212980,2026-09-25T17:11:42+00:00,16.5,demon,pre_game,2026-09-25T01:43:27.356-04:00
6813,prizepicks,15212953,2026-09-25T17:11:42+00:00,15.5,demon,pre_game,2026-09-25T01:43:27.356-04:00
6814,prizepicks,15212960,2026-09-25T17:11:42+00:00,15.5,demon,pre_game,2026-09-25T01:40:48.704-04:00
6815,prizepicks,15212968,2026-09-25T17:11:42+00:00,15.5,demon,pre_game,2026-09-25T01:43:27.356-04:00
6816,prizepicks,15212974,2026-09-25T17:11:42+00:00,15.5,demon,pre_game,2026-09-25T01:40:48.704-04:00
6817,prizepicks,15212979,2026-09-25T17:11:42+00:00,15.5,standard,pre_game,2026-09-25T12:22:15.155-04:00
6818,prizepicks,15212997,2026-09-25T17:11:42+00:00,15.5,demon,pre_game,2026-09-25T01:40:48.704-04:00
6819,prizepicks,15212959,2026-09-25T17:11:42+00:00,14.5,standard,pre_game,2026-09-25T01:40:48.704-04:00
6820,prizepicks,15212967,2026-09-25T17:11:42+00:00,14.5,standard,pre_game,2026-09-25T01:43:27.356-04:00
6821,prizepicks,15212973,2026-09-25T17:11:42+00:00,14.5,standard,pre_game,2026-09-25T01:40:48.704-04:00
6822,prizepicks,15212981,2026-09-25T17:11:42+00:00,14.5,goblin,pre_game,2026-09-25T01:43:27.356-04:00
6823,prizepicks,15212996,2026-09-25T17:11:42+00:00,14.5,standard,pre_game,2026-09-25T01:40:48.704-04:00
6824,prizepicks,15212961,2026-09-25T17:11:42+00:00,13.5,goblin,pre_game,2026-09-25T01:40:48.704-04:00
6825,prizepicks,15212969,2026-09-25T17:11:42+00:00,13.5,goblin,pre_game,2026-09-25T01:43:27.356-04:00
6826,prizepicks,15212975,2026-09-25T17:11:42+00:00,13.5,goblin,pre_game,2026-09-25T01:40:48.704-04:00
6827,prizepicks,15212992,2026-09-25T17:11:42+00:00,13.5,demon,pre_game,2026-09-25T01:40:48.704-04:00
6828,prizepicks,15212998,2026-09-25T17:11:42+00:00,13.5,goblin,pre_game,2026-09-25T01:40:48.704-04:00
6829,prizepicks,15212991,2026-09-25T17:11:42+00:00,12.5,standard,pre_game,2026-09-25T12:22:15.132-04:00
6830,prizepicks,15212993,2026-09-25T17:11:42+00:00,11.5,goblin,pre_game,2026-09-25T01:40:48.704-04:00
6831,prizepicks,15212952,2026-09-25T17:11:42+00:00,7.5,standard,pre_game,2026-09-25T01:43:27.356-04:00
6832,prizepicks,15212958,2026-09-25T17:11:42+00:00,7.5,standard,pre_game,2026-09-25T01:40:48.704-04:00
6833,prizepicks,15212966,2026-09-25T17:11:42+00:00,4.5,standard,pre_game,2026-09-25T01:43:27.356-04:00
6834,prizepicks,15215017,2026-09-25T17:11:42+00:00,25.5,standard,pre_game,2026-09-25T01:38:38.517-04:00
6835,prizepicks,15215022,2026-09-25T17:11:42+00:00,14.5,standard,pre_game,2026-09-25T01:38:38.517-04:00
6836,prizepicks,15215018,2026-09-25T17:11:42+00:00,29.5,standard,pre_game,2026-09-25T01:38:38.517-04:00
6837,prizepicks,15215019,2026-09-25T17:11:42+00:00,31.5,standard,pre_game,2026-09-25T01:38:38.517-04:00
6838,prizepicks,15215024,2026-09-25T17:11:42+00:00,16.5,standard,pre_game,2026-09-25T01:38:38.517-04:00
6839,prizepicks,15215020,2026-09-25T17:11:42+00:00,31.5,standard,pre_game,2026-09-25T01:38:38.517-04:00
6840,prizepicks,15215025,2026-09-25T17:11:42+00:00,15.5,standard,pre_game,2026-09-25T01:38:38.517-04:00
6841,prizepicks,15215021,2026-09-25T17:11:42+00:00,29.5,standard,pre_game,2026-09-25T01:38:38.517-04:00
6842,prizepicks,15215026,2026-09-25T17:11:42+00:00,14.5,standard,pre_game,2026-09-25T01:38:38.517-04:00
6843,prizepicks,15215272,2026-09-25T17:11:42+00:00,29.5,standard,pre_game,2026-09-25T01:42:28.810-04:00
6844,prizepicks,15215280,2026-09-25T17:11:42+00:00,15.5,standard,pre_game,2026-09-25T01:42:28.689-04:00
6845,prizepicks,15215273,2026-09-25T17:11:42+00:00,29.5,standard,pre_game,2026-09-25T10:38:29.849-04:00
6846,prizepicks,15215281,2026-09-25T17:11:42+00:00,15.5,standard,pre_game,2026-09-25T01:42:28.723-04:00
6847,prizepicks,15215274,2026-09-25T17:11:42+00:00,24.5,standard,pre_game,2026-09-25T01:42:28.782-04:00
6848,prizepicks,15215282,2026-09-25T17:11:42+00:00,13.5,standard,pre_game,2026-09-25T01:42:28.751-04:00
6849,prizepicks,15215275,2026-09-25T17:11:42+00:00,30.5,standard,pre_game,2026-09-25T01:42:28.640-04:00
6850,prizepicks,15215283,2026-09-25T17:11:42+00:00,16.5,standard,pre_game,2026-09-25T01:42:28.870-04:00
6851,prizepicks,15215276,2026-09-25T17:11:42+00:00,29.5,standard,pre_game,2026-09-25T01:41:18.689-04:00
6852,prizepicks,15215284,2026-09-25T17:11:42+00:00,15.5,standard,pre_game,2026-09-25T01:41:18.689-04:00
6853,prizepicks,15215277,2026-09-25T17:11:42+00:00,31.5,standard,pre_game,2026-09-25T01:41:18.689-04:00
6854,prizepicks,15215285,2026-09-25T17:11:42+00:00,14.5,standard,pre_game,2026-09-25T01:41:18.689-04:00
6855,prizepicks,15215278,2026-09-25T17:11:42+00:00,29.5,standard,pre_game,2026-09-25T01:41:18.689-04:00
6856,prizepicks,15215286,2026-09-25T17:11:42+00:00,10.5,standard,pre_game,2026-09-25T01:41:18.689-04:00
6857,prizepicks,15215279,2026-09-25T17:11:42+00:00,26.5,standard,pre_game,2026-09-25T01:41:18.689-04:00
6858,prizepicks,15215287,2026-09-25T17:11:42+00:00,13.5,standard,pre_game,2026-09-25T01:41:18.689-04:00
6859,prizepicks,15229269,2026-09-25T17:11:42+00:00,29.5,standard,pre_game,2026-09-25T12:09:07.695-04:00
6860,prizepicks,15229270,2026-09-25T17:11:42+00:00,32.5,standard,pre_game,2026-09-25T12:09:07.695-04:00
6861,prizepicks,15229271,2026-09-25T17:11:42+00:00,31.0,standard,pre_game,2026-09-25T12:09:07.695-04:00
6862,prizepicks,15229272,2026-09-25T17:11:42+00:00,28.5,standard,pre_game,2026-09-25T12:38:22.790-04:00
6863,prizepicks,15229273,2026-09-25T17:11:42+00:00,27.5,standard,pre_game,2026-09-25T12:09:07.695-04:00
6864,prizepicks,15229274,2026-09-25T17:11:42+00:00,15.0,standard,pre_game,2026-09-25T12:09:07.695-04:00
6865,prizepicks,15229275,2026-09-25T17:11:42+00:00,21.0,standard,pre_game,2026-09-25T12:09:07.695-04:00
6866,prizepicks,15229276,2026-09-25T17:11:42+00:00,11.5,standard,pre_game,2026-09-25T12:09:07.695-04:00
6867,prizepicks,15229277,2026-09-25T17:11:42+00:00,17.0,standard,pre_game,2026-09-25T12:09:07.695-04:00
6868,prizepicks,15229278,2026-09-25T17:11:42+00:00,15.5,standard,pre_game,2026-09-25T12:23:09.822-04:00
6869,prizepicks,15228548,2026-09-25T17:11:42+00:00,33.0,standard,pre_game,2026-09-25T11:42:51.824-04:00
6870,prizepicks,15228558,2026-09-25T17:11:42+00:00,17.0,standard,pre_game,2026-09-25T11:42:51.824-04:00
6871,prizepicks,15228549,2026-09-25T17:11:42+00:00,31.0,standard,pre_game,2026-09-25T11:42:51.824-04:00
6872,prizepicks,15228559,2026-09-25T17:11:42+00:00,9.0,standard,pre_game,2026-09-25T11:42:51.824-04:00
6873,prizepicks,15228550,2026-09-25T17:11:42+00:00,28.5,standard,pre_game,2026-09-25T11:42:51.824-04:00
6874,prizepicks,15228560,2026-09-25T17:11:42+00:00,16.5,standard,pre_game,2026-09-25T11:42:51.824-04:00
6875,prizepicks,15228551,2026-09-25T17:11:42+00:00,28.5,standard,pre_game,2026-09-25T11:42:51.824-04:00
6876,prizepicks,15228561,2026-09-25T17:11:42+00:00,16.5,standard,pre_game,2026-09-25T11:42:51.824-04:00
6877,prizepicks,15228552,2026-09-25T17:11:42+00:00,28.5,standard,pre_game,2026-09-25T11:42:51.824-04:00
6878,prizepicks,15228562,2026-09-25T17:11:42+00:00,15.0,standard,pre_game,2026-09-25T11:42:51.824-04:00
6879,prizepicks,15228553,2026-09-25T17:11:42+00:00,32.0,standard,pre_game,2026-09-25T11:42:56.585-04:00
6880,prizepicks,15228563,2026-09-25T17:11:42+00:00,17.5,standard,pre_game,2026-09-25T11:42:56.585-04:00
6881,prizepicks,15228554,2026-09-25T17:11:42+00:00,29.5,standard,pre_game,2026-09-25T11:42:56.585-04:00
6882,prizepicks,15228564,2026-09-25T17:11:42+00:00,14.5,standard,pre_game,2026-09-25T11:42:56.585-04:00
6883,prizepicks,15228555,2026-09-25T17:11:42+00:00,28.0,standard,pre_game,2026-09-25T11:42:56.585-04:00
6884,prizepicks,15228565,2026-09-25T17:11:42+00:00,11.0,standard,pre_game,2026-09-25T11:46:26.189-04:00
6885,prizepicks,15228556,2026-09-25T17:11:42+00:00,27.0,standard,pre_game,2026-09-25T11:42:56.585-04:00
6886,prizepicks,15228566,2026-09-25T17:11:42+00:00,14.5,standard,pre_game,2026-09-25T11:42:56.585-04:00
6887,prizepicks,15228557,2026-09-25T17:11:42+00:00,23.5,standard,pre_game,2026-09-25T11:42:56.585-04:00
6888,prizepicks,15228567,2026-09-25T17:11:42+00:00,13.0,standard,pre_game,2026-09-25T11:42:56.585-04:00
6889,prizepicks,15228678,2026-09-25T17:11:42+00:00,33.5,standard,pre_game,2026-09-25T11:42:39.194-04:00
6890,prizepicks,15228683,2026-09-25T17:11:42+00:00,18.5,standard,pre_game,2026-09-25T11:42:39.194-04:00
6891,prizepicks,15228679,2026-09-25T17:11:42+00:00,30.5,standard,pre_game,2026-09-25T11:42:39.194-04:00
6892,prizepicks,15228684,2026-09-25T17:11:42+00:00,19.5,standard,pre_game,2026-09-25T11:42:39.194-04:00
6893,prizepicks,15228680,2026-09-25T17:11:42+00:00,30.0,standard,pre_game,2026-09-25T11:42:39.194-04:00
6894,prizepicks,15228685,2026-09-25T17:11:42+00:00,19.0,standard,pre_game,2026-09-25T11:42:39.194-04:00
6895,prizepicks,15228681,2026-09-25T17:11:42+00:00,28.5,standard,pre_game,2026-09-25T11:42:39.194-04:00
6896,prizepicks,15228686,2026-09-25T17:11:42+00:00,10.0,standard,pre_game,2026-09-25T11:42:39.194-04:00
6897,prizepicks,15228682,2026-09-25T17:11:42+00:00,27.5,standard,pre_game,2026-09-25T11:42:39.194-04:00
6898,prizepicks,15228687,2026-09-25T17:11:42+00:00,13.5,standard,pre_game,2026-09-25T11:42:39.194-04:00
6899,prizepicks,15191450,2026-09-25T17:11:42+00:00,17.5,demon,pre_game,2026-09-25T11:42:51.824-04:00
6900,prizepicks,15191452,2026-09-25T17:11:42+00:00,17.5,demon,pre_game,2026-09-25T11:43:17.748-04:00
6901,prizepicks,15191448,2026-09-25T17:11:42+00:00,16.5,standard,pre_game,2026-09-25T11:42:51.824-04:00
6902,prizepicks,15191451,2026-09-25T17:11:42+00:00,16.5,standard,pre_game,2026-09-25T11:43:17.748-04:00
6903,prizepicks,15191449,2026-09-25T17:11:42+00:00,15.5,goblin,pre_game,2026-09-25T11:42:51.824-04:00
6904,prizepicks,15191455,2026-09-25T17:11:42+00:00,15.5,demon,pre_game,2026-09-25T11:42:51.824-04:00
6905,prizepicks,15191458,2026-09-25T17:11:42+00:00,15.5,demon,pre_game,2026-09-25T11:43:17.748-04:00
6906,prizepicks,15191453,2026-09-25T17:11:42+00:00,14.5,standard,pre_game,2026-09-25T11:42:51.824-04:00
6907,prizepicks,15191456,2026-09-25T17:11:42+00:00,14.5,standard,pre_game,2026-09-25T11:43:17.748-04:00
6908,prizepicks,15191460,2026-09-25T17:11:42+00:00,14.5,demon,pre_game,2026-09-25T11:42:51.824-04:00
6909,prizepicks,15191463,2026-09-25T17:11:42+00:00,14.5,demon,pre_game,2026-09-25T11:43:17.748-04:00
6910,prizepicks,15191467,2026-09-25T17:11:42+00:00,14.5,demon,pre_game,2026-09-25T11:42:51.824-04:00
6911,prizepicks,15191471,2026-09-25T17:11:42+00:00,14.5,demon,pre_game,2026-09-25T11:43:17.748-04:00
6912,prizepicks,15191472,2026-09-25T17:11:42+00:00,14.5,demon,pre_game,2026-09-25T11:42:51.824-04:00
6913,prizepicks,15191474,2026-09-25T17:11:42+00:00,14.5,demon,pre_game,2026-09-25T11:43:17.748-04:00
6914,prizepicks,15191454,2026-09-25T17:11:42+00:00,13.5,goblin,pre_game,2026-09-25T11:42:51.824-04:00
6915,prizepicks,15191457,2026-09-25T17:11:42+00:00,13.5,goblin,pre_game,2026-09-25T11:43:17.748-04:00
6916,prizepicks,15191465,2026-09-25T17:11:42+00:00,13.5,standard,pre_game,2026-09-25T11:42:51.824-04:00
6917,prizepicks,15191469,2026-09-25T17:11:42+00:00,13.5,standard,pre_game,2026-09-25T11:43:17.748-04:00
6918,prizepicks,15191466,2026-09-25T17:11:42+00:00,12.5,goblin,pre_game,2026-09-25T11:42:51.824-04:00
6919,prizepicks,15191470,2026-09-25T17:11:42+00:00,12.5,goblin,pre_game,2026-09-25T11:43:17.748-04:00
6920,prizepicks,15191447,2026-09-25T17:11:42+00:00,9.5,standard,pre_game,2026-09-25T11:42:51.824-04:00
6921,prizepicks,15191459,2026-09-25T17:11:42+00:00,7.5,standard,pre_game,2026-09-25T11:42:51.824-04:00
6922,prizepicks,15191461,2026-09-25T17:11:42+00:00,7.5,standard,pre_game,2026-09-25T11:43:17.748-04:00
6923,prizepicks,15191464,2026-09-25T17:11:42+00:00,7.5,standard,pre_game,2026-09-25T11:42:51.824-04:00
6924,prizepicks,15191468,2026-09-25T17:11:42+00:00,7.5,standard,pre_game,2026-09-25T11:43:17.748-04:00
6925,prizepicks,15198016,2026-09-25T17:11:46+00:00,33.5,standard,pre_game,2026-09-25T10:58:53.581-04:00
6926,prizepicks,15198017,2026-09-25T17:11:46+00:00,28.5,standard,pre_game,2026-09-25T10:58:53.525-04:00
6927,prizepicks,15198018,2026-09-25T17:11:46+00:00,22.5,standard,pre_game,2026-09-24T22:27:48.005-04:00
6928,prizepicks,15198019,2026-09-25T17:11:46+00:00,18.5,standard,pre_game,2026-09-24T22:27:11.430-04:00
6929,prizepicks,15198571,2026-09-25T17:11:46+00:00,10.5,demon,pre_game,2026-09-24T14:57:03.486-04:00
6930,prizepicks,15197798,2026-09-25T17:11:46+00:00,8.5,standard,pre_game,2026-09-24T14:44:03.407-04:00
6931,prizepicks,15198572,2026-09-25T17:11:46+00:00,6.5,goblin,pre_game,2026-09-24T14:57:03.740-04:00
6932,prizepicks,15198493,2026-09-25T17:11:46+00:00,14.5,demon,pre_game,2026-09-24T14:52:23.507-04:00
6933,prizepicks,15197799,2026-09-25T17:11:46+00:00,12.5,standard,pre_game,2026-09-24T14:44:03.407-04:00
6934,prizepicks,15198494,2026-09-25T17:11:46+00:00,10.5,goblin,pre_game,2026-09-24T14:52:23.597-04:00
6935,prizepicks,15198799,2026-09-25T17:11:46+00:00,14.5,demon,pre_game,2026-09-24T15:04:31.551-04:00
6936,prizepicks,15197800,2026-09-25T17:11:46+00:00,12.5,standard,pre_game,2026-09-25T10:58:49.887-04:00
6937,prizepicks,15198800,2026-09-25T17:11:46+00:00,8.5,goblin,pre_game,2026-09-24T15:04:31.614-04:00
6938,prizepicks,15198842,2026-09-25T17:11:46+00:00,18.5,demon,pre_game,2026-09-24T15:06:07.578-04:00
6939,prizepicks,15197801,2026-09-25T17:11:46+00:00,15.5,standard,pre_game,2026-09-24T14:44:03.407-04:00
6940,prizepicks,15198843,2026-09-25T17:11:46+00:00,12.5,goblin,pre_game,2026-09-24T15:06:07.652-04:00
6941,prizepicks,15197973,2026-09-25T17:11:46+00:00,2.5,demon,pre_game,2026-09-24T14:44:03.407-04:00
6942,prizepicks,15198729,2026-09-25T17:11:46+00:00,9.5,demon,pre_game,2026-09-24T15:01:02.182-04:00
6943,prizepicks,15197803,2026-09-25T17:11:46+00:00,7.0,standard,pre_game,2026-09-24T17:10:44.778-04:00
6944,prizepicks,15198730,2026-09-25T17:11:46+00:00,5.5,goblin,pre_game,2026-09-24T15:01:02.257-04:00
6945,prizepicks,15198488,2026-09-25T17:11:46+00:00,9.5,demon,pre_game,2026-09-24T14:51:33.359-04:00
6946,prizepicks,15197804,2026-09-25T17:11:46+00:00,7.0,standard,pre_game,2026-09-24T22:27:40.342-04:00
6947,prizepicks,15198489,2026-09-25T17:11:46+00:00,5.5,goblin,pre_game,2026-09-24T14:51:33.416-04:00
6948,prizepicks,15198468,2026-09-25T17:11:46+00:00,11.5,demon,pre_game,2026-09-24T15:52:25.506-04:00
6949,prizepicks,15197805,2026-09-25T17:11:46+00:00,8.5,standard,pre_game,2026-09-24T15:48:00.789-04:00
6950,prizepicks,15198469,2026-09-25T17:11:46+00:00,5.5,goblin,pre_game,2026-09-24T15:52:28.245-04:00
6951,prizepicks,15198922,2026-09-25T17:11:46+00:00,13.5,demon,pre_game,2026-09-24T15:07:35.389-04:00
6952,prizepicks,15197806,2026-09-25T17:11:46+00:00,10.0,standard,pre_game,2026-09-24T22:27:11.373-04:00
6953,prizepicks,15198923,2026-09-25T17:11:46+00:00,7.5,goblin,pre_game,2026-09-24T15:07:35.441-04:00
6954,prizepicks,15197990,2026-09-25T17:11:46+00:00,1.5,goblin,pre_game,2026-09-24T14:43:54.424-04:00
6955,prizepicks,15194506,2026-09-25T17:11:58+00:00,32.5,standard,pre_game,2026-09-25T12:46:22.352-04:00
6956,prizepicks,15194507,2026-09-25T17:11:58+00:00,30.5,standard,pre_game,2026-09-25T12:46:22.352-04:00
6957,prizepicks,15194508,2026-09-25T17:11:58+00:00,28.5,standard,pre_game,2026-09-25T12:46:22.352-04:00
6958,prizepicks,15194509,2026-09-25T17:11:58+00:00,28.5,standard,pre_game,2026-09-25T12:46:22.352-04:00
6959,prizepicks,15194510,2026-09-25T17:11:58+00:00,27.0,standard,pre_game,2026-09-25T12:46:22.352-04:00
6960,prizepicks,15194511,2026-09-25T17:11:58+00:00,29.0,standard,pre_game,2026-09-25T12:46:22.352-04:00
6961,prizepicks,15194512,2026-09-25T17:11:58+00:00,27.5,standard,pre_game,2026-09-25T12:46:22.352-04:00
6962,prizepicks,15194513,2026-09-25T17:11:58+00:00,27.5,standard,pre_game,2026-09-25T12:46:22.352-04:00
6963,prizepicks,15194514,2026-09-25T17:11:58+00:00,26.5,standard,pre_game,2026-09-25T12:46:22.352-04:00
6964,prizepicks,15194515,2026-09-25T17:11:58+00:00,25.0,standard,pre_game,2026-09-25T12:46:22.352-04:00
6965,prizepicks,15194516,2026-09-25T17:11:58+00:00,21.0,standard,pre_game,2026-09-25T12:46:22.352-04:00
6966,prizepicks,15194517,2026-09-25T17:11:58+00:00,12.5,standard,pre_game,2026-09-25T12:46:22.352-04:00
6967,prizepicks,15194518,2026-09-25T17:11:58+00:00,17.5,standard,pre_game,2026-09-25T12:46:22.352-04:00
6968,prizepicks,15194519,2026-09-25T17:11:58+00:00,18.0,standard,pre_game,2026-09-25T12:46:22.352-04:00
6969,prizepicks,15194520,2026-09-25T17:11:58+00:00,16.0,standard,pre_game,2026-09-25T12:46:22.352-04:00
6970,prizepicks,15194521,2026-09-25T17:11:58+00:00,16.0,standard,pre_game,2026-09-25T12:46:22.352-04:00
6971,prizepicks,15194522,2026-09-25T17:11:58+00:00,13.5,standard,pre_game,2026-09-25T12:46:22.352-04:00
6972,prizepicks,15194523,2026-09-25T17:11:58+00:00,14.5,standard,pre_game,2026-09-25T12:46:22.352-04:00
6973,prizepicks,15194524,2026-09-25T17:11:58+00:00,9.5,standard,pre_game,2026-09-25T12:46:22.352-04:00
6974,prizepicks,15194525,2026-09-25T17:11:58+00:00,13.0,standard,pre_game,2026-09-25T12:46:22.352-04:00
6975,prizepicks,15192251,2026-09-25T17:11:58+00:00,12.5,standard,pre_game,2026-09-24T11:19:41.642-04:00
6976,prizepicks,15192252,2026-09-25T17:11:58+00:00,15.5,standard,pre_game,2026-09-24T11:19:41.642-04:00
6977,prizepicks,15192253,2026-09-25T17:11:58+00:00,11.5,standard,pre_game,2026-09-24T11:19:41.642-04:00
6978,prizepicks,15192254,2026-09-25T17:11:58+00:00,15.5,standard,pre_game,2026-09-24T11:19:41.642-04:00
6979,prizepicks,15192255,2026-09-25T17:11:58+00:00,17.5,standard,pre_game,2026-09-24T11:19:41.642-04:00
6980,prizepicks,15192256,2026-09-25T17:11:58+00:00,17.0,standard,pre_game,2026-09-24T11:19:54.746-04:00
6981,prizepicks,15192257,2026-09-25T17:11:58+00:00,13.5,standard,pre_game,2026-09-24T11:19:54.746-04:00
6982,prizepicks,15192258,2026-09-25T17:11:58+00:00,16.5,standard,pre_game,2026-09-24T11:19:54.746-04:00
6983,prizepicks,15192260,2026-09-25T17:11:58+00:00,17.0,standard,pre_game,2026-09-24T11:19:54.746-04:00
6984,prizepicks,15192241,2026-09-25T17:11:58+00:00,27.0,standard,pre_game,2026-09-24T11:19:41.642-04:00
6985,prizepicks,15192242,2026-09-25T17:11:58+00:00,28.0,standard,pre_game,2026-09-24T11:19:41.642-04:00
6986,prizepicks,15192243,2026-09-25T17:11:58+00:00,31.5,standard,pre_game,2026-09-24T11:19:41.642-04:00
6987,prizepicks,15192244,2026-09-25T17:11:58+00:00,27.5,standard,pre_game,2026-09-24T14:52:25.785-04:00
6988,prizepicks,15192245,2026-09-25T17:11:58+00:00,30.0,standard,pre_game,2026-09-24T17:26:02.563-04:00
6989,prizepicks,15192246,2026-09-25T17:11:58+00:00,27.0,standard,pre_game,2026-09-24T11:19:54.746-04:00
6990,prizepicks,15192247,2026-09-25T17:11:58+00:00,27.0,standard,pre_game,2026-09-24T11:19:54.746-04:00
6991,prizepicks,15192248,2026-09-25T17:11:58+00:00,31.5,standard,pre_game,2026-09-24T11:19:54.746-04:00
6992,prizepicks,15192249,2026-09-25T17:11:58+00:00,33.5,standard,pre_game,2026-09-25T12:35:45.549-04:00
6993,prizepicks,15192250,2026-09-25T17:11:58+00:00,29.5,standard,pre_game,2026-09-24T11:19:54.746-04:00
6994,prizepicks,15192295,2026-09-25T17:11:58+00:00,13.5,standard,pre_game,2026-09-25T12:52:42.638-04:00
6995,prizepicks,15192296,2026-09-25T17:11:58+00:00,14.5,standard,pre_game,2026-09-25T12:52:42.638-04:00
6996,prizepicks,15192297,2026-09-25T17:11:58+00:00,14.5,standard,pre_game,2026-09-25T12:52:42.638-04:00
6997,prizepicks,15192298,2026-09-25T17:11:58+00:00,12.5,standard,pre_game,2026-09-25T12:52:42.638-04:00
6998,prizepicks,15192299,2026-09-25T17:11:58+00:00,15.5,standard,pre_game,2026-09-25T12:52:42.638-04:00
6999,prizepicks,15192300,2026-09-25T17:11:58+00:00,14.0,standard,pre_game,2026-09-25T12:52:47.233-04:00
7000,prizepicks,15192301,2026-09-25T17:11:58+00:00,14.0,standard,pre_game,2026-09-25T12:52:47.233-04:00
7001,prizepicks,15192302,2026-09-25T17:11:58+00:00,14.5,standard,pre_game,2026-09-25T12:52:47.233-04:00
7002,prizepicks,15192304,2026-09-25T17:11:58+00:00,12.0,standard,pre_game,2026-09-25T12:52:47.233-04:00
7003,prizepicks,15192305,2026-09-25T17:11:58+00:00,13.5,standard,pre_game,2026-09-25T12:52:47.233-04:00
7004,prizepicks,15192309,2026-09-25T17:11:58+00:00,8.0,standard,pre_game,2026-09-25T12:52:42.638-04:00
7005,prizepicks,15192310,2026-09-25T17:11:58+00:00,5.0,standard,pre_game,2026-09-25T12:52:42.638-04:00
7006,prizepicks,15192313,2026-09-25T17:11:58+00:00,8.0,standard,pre_game,2026-09-25T12:52:42.638-04:00
7007,prizepicks,15192314,2026-09-25T17:11:58+00:00,7.5,standard,pre_game,2026-09-25T12:52:42.638-04:00
7008,prizepicks,15192315,2026-09-25T17:11:58+00:00,8.0,standard,pre_game,2026-09-25T12:52:42.638-04:00
7009,prizepicks,15192316,2026-09-25T17:11:58+00:00,8.0,standard,pre_game,2026-09-25T12:52:47.233-04:00
7010,prizepicks,15192317,2026-09-25T17:11:58+00:00,4.5,standard,pre_game,2026-09-25T12:52:47.233-04:00
7011,prizepicks,15192318,2026-09-25T17:11:58+00:00,8.0,standard,pre_game,2026-09-25T12:52:47.233-04:00
7012,prizepicks,15192319,2026-09-25T17:11:58+00:00,6.0,standard,pre_game,2026-09-25T12:52:47.233-04:00
7013,prizepicks,15192320,2026-09-25T17:11:58+00:00,7.5,standard,pre_game,2026-09-25T12:52:47.233-04:00
7014,prizepicks,15194526,2026-09-25T17:11:58+00:00,33.0,standard,pre_game,2026-09-24T12:06:53.570-04:00
7015,prizepicks,15194527,2026-09-25T17:11:58+00:00,32.0,standard,pre_game,2026-09-24T12:06:53.570-04:00
7016,prizepicks,15194528,2026-09-25T17:11:58+00:00,28.0,standard,pre_game,2026-09-24T12:06:53.570-04:00
7017,prizepicks,15194529,2026-09-25T17:11:58+00:00,28.0,standard,pre_game,2026-09-24T12:06:53.570-04:00
7018,prizepicks,15194530,2026-09-25T17:11:58+00:00,25.0,standard,pre_game,2026-09-24T14:08:32.752-04:00
7019,prizepicks,15194531,2026-09-25T17:11:58+00:00,31.5,standard,pre_game,2026-09-25T03:58:36.251-04:00
7020,prizepicks,15194532,2026-09-25T17:11:58+00:00,28.0,standard,pre_game,2026-09-24T12:06:59.211-04:00
7021,prizepicks,15194533,2026-09-25T17:11:58+00:00,28.0,standard,pre_game,2026-09-24T12:06:59.211-04:00
7022,prizepicks,15194534,2026-09-25T17:11:58+00:00,27.5,standard,pre_game,2026-09-24T12:06:59.211-04:00
7023,prizepicks,15194535,2026-09-25T17:11:58+00:00,27.0,standard,pre_game,2026-09-24T12:06:59.211-04:00
7024,prizepicks,15194538,2026-09-25T17:11:58+00:00,20.0,standard,pre_game,2026-09-24T12:06:53.570-04:00
7025,prizepicks,15194542,2026-09-25T17:11:58+00:00,17.0,standard,pre_game,2026-09-24T23:55:45.816-04:00
7026,prizepicks,15194543,2026-09-25T17:11:58+00:00,15.5,standard,pre_game,2026-09-24T12:06:53.570-04:00
7027,prizepicks,15194545,2026-09-25T17:11:58+00:00,10.0,standard,pre_game,2026-09-24T12:06:53.570-04:00
7028,prizepicks,15194546,2026-09-25T17:11:58+00:00,11.5,standard,pre_game,2026-09-24T17:25:11.251-04:00
7029,prizepicks,15194547,2026-09-25T17:11:58+00:00,16.5,standard,pre_game,2026-09-24T15:27:03.304-04:00
7030,prizepicks,15194548,2026-09-25T17:11:58+00:00,15.0,standard,pre_game,2026-09-24T12:06:59.211-04:00
7031,prizepicks,15194549,2026-09-25T17:11:58+00:00,9.5,standard,pre_game,2026-09-24T12:06:59.211-04:00
7032,prizepicks,15194550,2026-09-25T17:11:58+00:00,15.0,standard,pre_game,2026-09-24T12:06:59.211-04:00
7033,prizepicks,15194551,2026-09-25T17:11:58+00:00,17.0,standard,pre_game,2026-09-24T12:06:59.211-04:00
7034,prizepicks,15196267,2026-09-25T17:11:58+00:00,14.5,standard,pre_game,2026-09-24T13:43:57.652-04:00
7035,prizepicks,15196277,2026-09-25T17:11:58+00:00,7.0,standard,pre_game,2026-09-24T13:43:58.214-04:00
7036,prizepicks,15196268,2026-09-25T17:11:58+00:00,14.5,standard,pre_game,2026-09-24T13:43:57.765-04:00
7037,prizepicks,15196278,2026-09-25T17:11:58+00:00,7.0,standard,pre_game,2026-09-24T13:43:58.260-04:00
7038,prizepicks,15196269,2026-09-25T17:11:58+00:00,12.0,standard,pre_game,2026-09-24T13:43:57.822-04:00
7039,prizepicks,15196279,2026-09-25T17:11:58+00:00,6.5,standard,pre_game,2026-09-24T13:43:58.312-04:00
7040,prizepicks,15196270,2026-09-25T17:11:58+00:00,14.5,standard,pre_game,2026-09-24T13:43:57.886-04:00
7041,prizepicks,15196280,2026-09-25T17:11:58+00:00,8.0,standard,pre_game,2026-09-24T13:43:58.359-04:00
7042,prizepicks,15196271,2026-09-25T17:11:58+00:00,16.0,standard,pre_game,2026-09-24T13:43:57.934-04:00
7043,prizepicks,15196281,2026-09-25T17:11:58+00:00,5.5,standard,pre_game,2026-09-24T13:43:58.427-04:00
7044,prizepicks,15196272,2026-09-25T17:11:58+00:00,14.0,standard,pre_game,2026-09-24T13:43:57.980-04:00
7045,prizepicks,15196282,2026-09-25T17:11:58+00:00,6.0,standard,pre_game,2026-09-24T13:43:58.475-04:00
7046,prizepicks,15196273,2026-09-25T17:11:58+00:00,14.0,standard,pre_game,2026-09-24T13:43:58.026-04:00
7047,prizepicks,15196283,2026-09-25T17:11:58+00:00,4.5,standard,pre_game,2026-09-24T13:43:58.522-04:00
7048,prizepicks,15196274,2026-09-25T17:11:58+00:00,13.0,standard,pre_game,2026-09-24T13:43:58.075-04:00
7049,prizepicks,15196284,2026-09-25T17:11:58+00:00,8.0,standard,pre_game,2026-09-24T13:43:58.571-04:00
7050,prizepicks,15196275,2026-09-25T17:11:58+00:00,14.0,standard,pre_game,2026-09-24T13:43:58.120-04:00
7051,prizepicks,15196285,2026-09-25T17:11:58+00:00,7.5,standard,pre_game,2026-09-24T13:43:58.618-04:00
7052,prizepicks,15196276,2026-09-25T17:11:58+00:00,13.5,standard,pre_game,2026-09-24T13:43:58.165-04:00
7053,prizepicks,15196286,2026-09-25T17:11:58+00:00,8.0,standard,pre_game,2026-09-24T13:43:58.668-04:00
7054,prizepicks,15201779,2026-09-25T17:11:58+00:00,12.5,standard,pre_game,2026-09-24T17:05:47.422-04:00
7055,prizepicks,15201780,2026-09-25T17:11:58+00:00,14.0,standard,pre_game,2026-09-24T17:05:47.439-04:00
7056,prizepicks,15201781,2026-09-25T17:11:58+00:00,15.5,standard,pre_game,2026-09-24T17:05:47.454-04:00
7057,prizepicks,15201782,2026-09-25T17:11:58+00:00,15.5,standard,pre_game,2026-09-25T10:22:11.697-04:00
7058,prizepicks,15201783,2026-09-25T17:11:58+00:00,15.5,standard,pre_game,2026-09-24T17:05:47.488-04:00
7059,prizepicks,15201784,2026-09-25T17:11:58+00:00,13.0,standard,pre_game,2026-09-25T10:37:39.405-04:00
7060,prizepicks,15201785,2026-09-25T17:11:58+00:00,14.5,standard,pre_game,2026-09-24T17:05:47.524-04:00
7061,prizepicks,15201786,2026-09-25T17:11:58+00:00,14.0,standard,pre_game,2026-09-24T17:05:47.539-04:00
7062,prizepicks,15201787,2026-09-25T17:11:58+00:00,11.5,standard,pre_game,2026-09-24T17:05:47.555-04:00
7063,prizepicks,15201788,2026-09-25T17:11:58+00:00,14.0,standard,pre_game,2026-09-24T17:05:47.570-04:00
7064,prizepicks,15201789,2026-09-25T17:11:58+00:00,7.0,standard,pre_game,2026-09-24T17:23:44.258-04:00
7065,prizepicks,15201791,2026-09-25T17:11:58+00:00,8.0,standard,pre_game,2026-09-24T17:05:47.612-04:00
7066,prizepicks,15201792,2026-09-25T17:11:58+00:00,8.0,standard,pre_game,2026-09-25T10:22:11.644-04:00
7067,prizepicks,15201793,2026-09-25T17:11:58+00:00,7.5,standard,pre_game,2026-09-24T17:05:47.652-04:00
7068,prizepicks,15201794,2026-09-25T17:11:58+00:00,8.5,standard,pre_game,2026-09-24T17:05:47.669-04:00
7069,prizepicks,15201795,2026-09-25T17:11:58+00:00,8.0,standard,pre_game,2026-09-24T17:05:47.685-04:00
7070,prizepicks,15201796,2026-09-25T17:11:58+00:00,8.5,standard,pre_game,2026-09-24T17:05:47.699-04:00
7071,prizepicks,15201797,2026-09-25T17:11:58+00:00,5.5,standard,pre_game,2026-09-24T17:05:47.715-04:00
7072,prizepicks,15201798,2026-09-25T17:11:58+00:00,5.5,standard,pre_game,2026-09-24T17:05:47.730-04:00
7073,prizepicks,15194630,2026-09-25T17:11:58+00:00,16.0,standard,pre_game,2026-09-25T08:51:34.506-04:00
7074,prizepicks,15194631,2026-09-25T17:11:58+00:00,15.0,standard,pre_game,2026-09-25T10:41:53.569-04:00
7075,prizepicks,15194632,2026-09-25T17:11:58+00:00,14.5,standard,pre_game,2026-09-25T08:51:34.506-04:00
7076,prizepicks,15194633,2026-09-25T17:11:58+00:00,14.0,standard,pre_game,2026-09-25T08:51:34.506-04:00
7077,prizepicks,15194634,2026-09-25T17:11:58+00:00,13.5,standard,pre_game,2026-09-25T08:51:34.506-04:00
7078,prizepicks,15194635,2026-09-25T17:11:58+00:00,14.5,standard,pre_game,2026-09-25T08:51:34.506-04:00
7079,prizepicks,15194636,2026-09-25T17:11:58+00:00,13.5,standard,pre_game,2026-09-25T08:51:34.506-04:00
7080,prizepicks,15194637,2026-09-25T17:11:58+00:00,13.5,standard,pre_game,2026-09-25T08:51:34.506-04:00
7081,prizepicks,15194638,2026-09-25T17:11:58+00:00,13.0,standard,pre_game,2026-09-25T08:51:34.506-04:00
7082,prizepicks,15194639,2026-09-25T17:11:58+00:00,12.5,standard,pre_game,2026-09-25T08:51:34.506-04:00
7083,prizepicks,15194640,2026-09-25T17:11:58+00:00,10.0,standard,pre_game,2026-09-25T08:51:34.506-04:00
7084,prizepicks,15194641,2026-09-25T17:11:58+00:00,6.0,standard,pre_game,2026-09-25T08:51:34.506-04:00
7085,prizepicks,15194642,2026-09-25T17:11:58+00:00,8.5,standard,pre_game,2026-09-25T08:51:34.506-04:00
7086,prizepicks,15194643,2026-09-25T17:11:58+00:00,8.0,standard,pre_game,2026-09-25T08:51:34.506-04:00
7087,prizepicks,15194644,2026-09-25T17:11:58+00:00,8.0,standard,pre_game,2026-09-25T08:51:34.506-04:00
7088,prizepicks,15194645,2026-09-25T17:11:58+00:00,8.5,standard,pre_game,2026-09-25T08:51:34.506-04:00
7089,prizepicks,15194646,2026-09-25T17:11:58+00:00,6.5,standard,pre_game,2026-09-25T08:51:34.506-04:00
7090,prizepicks,15194647,2026-09-25T17:11:58+00:00,7.0,standard,pre_game,2026-09-25T08:51:34.506-04:00
7091,prizepicks,15194648,2026-09-25T17:11:58+00:00,4.5,standard,pre_game,2026-09-25T08:51:34.506-04:00
7092,prizepicks,15194649,2026-09-25T17:11:58+00:00,7.0,standard,pre_game,2026-09-25T08:51:34.506-04:00
7093,prizepicks,15200460,2026-09-25T17:11:58+00:00,32.0,standard,pre_game,2026-09-24T15:57:19.856-04:00
7094,prizepicks,15200461,2026-09-25T17:11:58+00:00,32.0,standard,pre_game,2026-09-24T15:57:19.856-04:00
7095,prizepicks,15200462,2026-09-25T17:11:58+00:00,29.5,standard,pre_game,2026-09-24T15:57:19.856-04:00
7096,prizepicks,15200463,2026-09-25T17:11:58+00:00,27.0,standard,pre_game,2026-09-24T15:57:19.856-04:00
7097,prizepicks,15200464,2026-09-25T17:11:58+00:00,27.0,standard,pre_game,2026-09-24T15:57:19.856-04:00
7098,prizepicks,15200465,2026-09-25T17:11:58+00:00,24.0,standard,pre_game,2026-09-24T16:15:19.996-04:00
7099,prizepicks,15200466,2026-09-25T17:11:58+00:00,25.0,standard,pre_game,2026-09-24T16:15:15.959-04:00
7100,prizepicks,15200467,2026-09-25T17:11:58+00:00,24.5,standard,pre_game,2026-09-24T23:12:21.975-04:00
7101,prizepicks,15200468,2026-09-25T17:11:58+00:00,25.5,standard,pre_game,2026-09-24T15:57:24.152-04:00
7102,prizepicks,15200469,2026-09-25T17:11:58+00:00,24.0,standard,pre_game,2026-09-24T15:57:24.152-04:00
7103,prizepicks,15200470,2026-09-25T17:11:58+00:00,11.0,standard,pre_game,2026-09-24T15:57:19.856-04:00
7104,prizepicks,15200471,2026-09-25T17:11:58+00:00,15.5,standard,pre_game,2026-09-24T15:57:19.856-04:00
7105,prizepicks,15200472,2026-09-25T17:11:58+00:00,17.5,standard,pre_game,2026-09-24T15:57:19.856-04:00
7106,prizepicks,15200473,2026-09-25T17:11:58+00:00,14.5,standard,pre_game,2026-09-24T15:57:19.856-04:00
7107,prizepicks,15200474,2026-09-25T17:11:58+00:00,13.5,standard,pre_game,2026-09-24T15:57:19.856-04:00
7108,prizepicks,15200475,2026-09-25T17:11:58+00:00,15.0,standard,pre_game,2026-09-24T22:41:32.110-04:00
7109,prizepicks,15200476,2026-09-25T17:11:58+00:00,14.5,standard,pre_game,2026-09-24T15:57:24.152-04:00
7110,prizepicks,15200477,2026-09-25T17:11:58+00:00,15.5,standard,pre_game,2026-09-25T11:18:38.932-04:00
7111,prizepicks,15200478,2026-09-25T17:11:58+00:00,9.5,standard,pre_game,2026-09-24T15:57:24.152-04:00
7112,prizepicks,15200479,2026-09-25T17:11:58+00:00,12.0,standard,pre_game,2026-09-24T15:57:24.152-04:00
7113,prizepicks,15198653,2026-09-25T17:11:58+00:00,32.5,standard,pre_game,2026-09-24T15:14:09.253-04:00
7114,prizepicks,15198663,2026-09-25T17:11:58+00:00,19.0,standard,pre_game,2026-09-24T21:14:41.428-04:00
7115,prizepicks,15198654,2026-09-25T17:11:58+00:00,30.5,standard,pre_game,2026-09-24T15:09:32.851-04:00
7116,prizepicks,15198664,2026-09-25T17:11:58+00:00,14.5,standard,pre_game,2026-09-24T15:09:32.851-04:00
7117,prizepicks,15198655,2026-09-25T17:11:58+00:00,29.0,standard,pre_game,2026-09-24T15:09:32.851-04:00
7118,prizepicks,15198665,2026-09-25T17:11:58+00:00,10.5,standard,pre_game,2026-09-24T15:09:32.851-04:00
7119,prizepicks,15198656,2026-09-25T17:11:58+00:00,29.0,standard,pre_game,2026-09-24T15:09:32.851-04:00
7120,prizepicks,15198666,2026-09-25T17:11:58+00:00,16.5,standard,pre_game,2026-09-24T15:09:32.851-04:00
7121,prizepicks,15198657,2026-09-25T17:11:58+00:00,26.0,standard,pre_game,2026-09-24T15:09:32.851-04:00
7122,prizepicks,15198667,2026-09-25T17:11:58+00:00,13.0,standard,pre_game,2026-09-24T15:09:32.851-04:00
7123,prizepicks,15198658,2026-09-25T17:11:58+00:00,27.5,standard,pre_game,2026-09-24T15:09:38.410-04:00
7124,prizepicks,15198668,2026-09-25T17:11:58+00:00,9.5,standard,pre_game,2026-09-24T15:09:38.410-04:00
7125,prizepicks,15198659,2026-09-25T17:11:58+00:00,26.5,standard,pre_game,2026-09-25T01:53:52.670-04:00
7126,prizepicks,15198669,2026-09-25T17:11:58+00:00,13.0,standard,pre_game,2026-09-24T23:11:22.405-04:00
7127,prizepicks,15198660,2026-09-25T17:11:58+00:00,26.0,standard,pre_game,2026-09-24T15:09:38.410-04:00
7128,prizepicks,15198670,2026-09-25T17:11:58+00:00,13.0,standard,pre_game,2026-09-24T15:09:38.410-04:00
7129,prizepicks,15198661,2026-09-25T17:11:58+00:00,26.0,standard,pre_game,2026-09-24T15:09:38.410-04:00
7130,prizepicks,15198671,2026-09-25T17:11:58+00:00,15.5,standard,pre_game,2026-09-24T15:09:38.410-04:00
7131,prizepicks,15198662,2026-09-25T17:11:58+00:00,24.0,standard,pre_game,2026-09-24T23:12:39.431-04:00
7132,prizepicks,15198672,2026-09-25T17:11:58+00:00,12.5,standard,pre_game,2026-09-24T16:16:44.278-04:00
7133,prizepicks,15212932,2026-09-25T17:11:58+00:00,16.5,demon,pre_game,2026-09-25T01:38:38.517-04:00
7134,prizepicks,15212935,2026-09-25T17:11:58+00:00,16.5,demon,pre_game,2026-09-25T01:38:30.160-04:00
7135,prizepicks,15212917,2026-09-25T17:11:58+00:00,15.5,demon,pre_game,2026-09-25T01:38:38.517-04:00
7136,prizepicks,15212920,2026-09-25T17:11:58+00:00,15.5,demon,pre_game,2026-09-25T01:38:30.160-04:00
7137,prizepicks,15212924,2026-09-25T17:11:58+00:00,15.5,demon,pre_game,2026-09-25T01:38:30.160-04:00
7138,prizepicks,15212931,2026-09-25T17:11:58+00:00,15.5,standard,pre_game,2026-09-25T01:38:38.517-04:00
7139,prizepicks,15212934,2026-09-25T17:11:58+00:00,15.5,standard,pre_game,2026-09-25T01:38:30.160-04:00
7140,prizepicks,15212916,2026-09-25T17:11:58+00:00,14.5,standard,pre_game,2026-09-25T01:38:38.517-04:00
7141,prizepicks,15212919,2026-09-25T17:11:58+00:00,14.5,standard,pre_game,2026-09-25T01:38:30.160-04:00
7142,prizepicks,15212933,2026-09-25T17:11:58+00:00,14.5,goblin,pre_game,2026-09-25T01:38:38.517-04:00
7143,prizepicks,15212936,2026-09-25T17:11:58+00:00,14.5,goblin,pre_game,2026-09-25T01:38:30.160-04:00
7144,prizepicks,15212918,2026-09-25T17:11:58+00:00,13.5,goblin,pre_game,2026-09-25T01:38:38.517-04:00
7145,prizepicks,15212921,2026-09-25T17:11:58+00:00,13.5,goblin,pre_game,2026-09-25T01:38:30.160-04:00
7146,prizepicks,15212922,2026-09-25T17:11:58+00:00,13.5,goblin,pre_game,2026-09-25T01:38:38.517-04:00
7147,prizepicks,15212923,2026-09-25T17:11:58+00:00,13.5,goblin,pre_game,2026-09-25T01:38:30.160-04:00
7148,prizepicks,15212905,2026-09-25T17:11:58+00:00,11.5,goblin,pre_game,2026-09-25T01:38:38.517-04:00
7149,prizepicks,15212907,2026-09-25T17:11:58+00:00,11.5,goblin,pre_game,2026-09-25T01:38:30.160-04:00
7150,prizepicks,15212904,2026-09-25T17:11:58+00:00,7.5,standard,pre_game,2026-09-25T08:56:27.543-04:00
7151,prizepicks,15212906,2026-09-25T17:11:58+00:00,7.5,standard,pre_game,2026-09-25T08:56:27.504-04:00
7152,prizepicks,15212980,2026-09-25T17:11:58+00:00,16.5,demon,pre_game,2026-09-25T01:43:27.356-04:00
7153,prizepicks,15212953,2026-09-25T17:11:58+00:00,15.5,demon,pre_game,2026-09-25T01:43:27.356-04:00
7154,prizepicks,15212960,2026-09-25T17:11:58+00:00,15.5,demon,pre_game,2026-09-25T01:40:48.704-04:00
7155,prizepicks,15212968,2026-09-25T17:11:58+00:00,15.5,demon,pre_game,2026-09-25T01:43:27.356-04:00
7156,prizepicks,15212974,2026-09-25T17:11:58+00:00,15.5,demon,pre_game,2026-09-25T01:40:48.704-04:00
7157,prizepicks,15212979,2026-09-25T17:11:58+00:00,15.5,standard,pre_game,2026-09-25T12:22:15.155-04:00
7158,prizepicks,15212997,2026-09-25T17:11:58+00:00,15.5,demon,pre_game,2026-09-25T01:40:48.704-04:00
7159,prizepicks,15212959,2026-09-25T17:11:58+00:00,14.5,standard,pre_game,2026-09-25T01:40:48.704-04:00
7160,prizepicks,15212967,2026-09-25T17:11:58+00:00,14.5,standard,pre_game,2026-09-25T01:43:27.356-04:00
7161,prizepicks,15212973,2026-09-25T17:11:58+00:00,14.5,standard,pre_game,2026-09-25T01:40:48.704-04:00
7162,prizepicks,15212981,2026-09-25T17:11:58+00:00,14.5,goblin,pre_game,2026-09-25T01:43:27.356-04:00
7163,prizepicks,15212996,2026-09-25T17:11:58+00:00,14.5,standard,pre_game,2026-09-25T01:40:48.704-04:00
7164,prizepicks,15212961,2026-09-25T17:11:58+00:00,13.5,goblin,pre_game,2026-09-25T01:40:48.704-04:00
7165,prizepicks,15212969,2026-09-25T17:11:58+00:00,13.5,goblin,pre_game,2026-09-25T01:43:27.356-04:00
7166,prizepicks,15212975,2026-09-25T17:11:58+00:00,13.5,goblin,pre_game,2026-09-25T01:40:48.704-04:00
7167,prizepicks,15212992,2026-09-25T17:11:58+00:00,13.5,demon,pre_game,2026-09-25T01:40:48.704-04:00
7168,prizepicks,15212998,2026-09-25T17:11:58+00:00,13.5,goblin,pre_game,2026-09-25T01:40:48.704-04:00
7169,prizepicks,15212991,2026-09-25T17:11:58+00:00,12.5,standard,pre_game,2026-09-25T12:22:15.132-04:00
7170,prizepicks,15212993,2026-09-25T17:11:58+00:00,11.5,goblin,pre_game,2026-09-25T01:40:48.704-04:00
7171,prizepicks,15212952,2026-09-25T17:11:58+00:00,7.5,standard,pre_game,2026-09-25T01:43:27.356-04:00
7172,prizepicks,15212958,2026-09-25T17:11:58+00:00,7.5,standard,pre_game,2026-09-25T01:40:48.704-04:00
7173,prizepicks,15212966,2026-09-25T17:11:58+00:00,4.5,standard,pre_game,2026-09-25T01:43:27.356-04:00
7174,prizepicks,15215017,2026-09-25T17:11:58+00:00,25.5,standard,pre_game,2026-09-25T01:38:38.517-04:00
7175,prizepicks,15215022,2026-09-25T17:11:58+00:00,14.5,standard,pre_game,2026-09-25T01:38:38.517-04:00
7176,prizepicks,15215018,2026-09-25T17:11:58+00:00,29.5,standard,pre_game,2026-09-25T01:38:38.517-04:00
7177,prizepicks,15215019,2026-09-25T17:11:58+00:00,31.5,standard,pre_game,2026-09-25T01:38:38.517-04:00
7178,prizepicks,15215024,2026-09-25T17:11:58+00:00,16.5,standard,pre_game,2026-09-25T01:38:38.517-04:00
7179,prizepicks,15215020,2026-09-25T17:11:58+00:00,31.5,standard,pre_game,2026-09-25T01:38:38.517-04:00
7180,prizepicks,15215025,2026-09-25T17:11:58+00:00,15.5,standard,pre_game,2026-09-25T01:38:38.517-04:00
7181,prizepicks,15215021,2026-09-25T17:11:58+00:00,29.5,standard,pre_game,2026-09-25T01:38:38.517-04:00
7182,prizepicks,15215026,2026-09-25T17:11:58+00:00,14.5,standard,pre_game,2026-09-25T01:38:38.517-04:00
7183,prizepicks,15215272,2026-09-25T17:11:58+00:00,29.5,standard,pre_game,2026-09-25T01:42:28.810-04:00
7184,prizepicks,15215280,2026-09-25T17:11:58+00:00,15.5,standard,pre_game,2026-09-25T01:42:28.689-04:00
7185,prizepicks,15215273,2026-09-25T17:11:58+00:00,29.5,standard,pre_game,2026-09-25T10:38:29.849-04:00
7186,prizepicks,15215281,2026-09-25T17:11:58+00:00,15.5,standard,pre_game,2026-09-25T01:42:28.723-04:00
7187,prizepicks,15215274,2026-09-25T17:11:58+00:00,24.5,standard,pre_game,2026-09-25T01:42:28.782-04:00
7188,prizepicks,15215282,2026-09-25T17:11:58+00:00,13.5,standard,pre_game,2026-09-25T01:42:28.751-04:00
7189,prizepicks,15215275,2026-09-25T17:11:58+00:00,30.5,standard,pre_game,2026-09-25T01:42:28.640-04:00
7190,prizepicks,15215283,2026-09-25T17:11:58+00:00,16.5,standard,pre_game,2026-09-25T01:42:28.870-04:00
7191,prizepicks,15215276,2026-09-25T17:11:58+00:00,29.5,standard,pre_game,2026-09-25T01:41:18.689-04:00
7192,prizepicks,15215284,2026-09-25T17:11:58+00:00,15.5,standard,pre_game,2026-09-25T01:41:18.689-04:00
7193,prizepicks,15215277,2026-09-25T17:11:58+00:00,31.5,standard,pre_game,2026-09-25T01:41:18.689-04:00
7194,prizepicks,15215285,2026-09-25T17:11:58+00:00,14.5,standard,pre_game,2026-09-25T01:41:18.689-04:00
7195,prizepicks,15215278,2026-09-25T17:11:58+00:00,29.5,standard,pre_game,2026-09-25T01:41:18.689-04:00
7196,prizepicks,15215286,2026-09-25T17:11:58+00:00,10.5,standard,pre_game,2026-09-25T01:41:18.689-04:00
7197,prizepicks,15215279,2026-09-25T17:11:58+00:00,26.5,standard,pre_game,2026-09-25T01:41:18.689-04:00
7198,prizepicks,15215287,2026-09-25T17:11:58+00:00,13.5,standard,pre_game,2026-09-25T01:41:18.689-04:00
7199,prizepicks,15229269,2026-09-25T17:11:58+00:00,29.5,standard,pre_game,2026-09-25T12:09:07.695-04:00
7200,prizepicks,15229270,2026-09-25T17:11:58+00:00,32.5,standard,pre_game,2026-09-25T12:09:07.695-04:00
7201,prizepicks,15229271,2026-09-25T17:11:58+00:00,31.0,standard,pre_game,2026-09-25T12:09:07.695-04:00
7202,prizepicks,15229272,2026-09-25T17:11:58+00:00,28.5,standard,pre_game,2026-09-25T12:38:22.790-04:00
7203,prizepicks,15229273,2026-09-25T17:11:58+00:00,27.5,standard,pre_game,2026-09-25T12:09:07.695-04:00
7204,prizepicks,15229274,2026-09-25T17:11:58+00:00,15.0,standard,pre_game,2026-09-25T12:09:07.695-04:00
7205,prizepicks,15229275,2026-09-25T17:11:58+00:00,21.0,standard,pre_game,2026-09-25T12:09:07.695-04:00
7206,prizepicks,15229276,2026-09-25T17:11:58+00:00,11.5,standard,pre_game,2026-09-25T12:09:07.695-04:00
7207,prizepicks,15229277,2026-09-25T17:11:58+00:00,17.0,standard,pre_game,2026-09-25T12:09:07.695-04:00
7208,prizepicks,15229278,2026-09-25T17:11:58+00:00,15.5,standard,pre_game,2026-09-25T12:23:09.822-04:00
7209,prizepicks,15228548,2026-09-25T17:11:58+00:00,33.0,standard,pre_game,2026-09-25T11:42:51.824-04:00
7210,prizepicks,15228558,2026-09-25T17:11:58+00:00,17.0,standard,pre_game,2026-09-25T11:42:51.824-04:00
7211,prizepicks,15228549,2026-09-25T17:11:58+00:00,31.0,standard,pre_game,2026-09-25T11:42:51.824-04:00
7212,prizepicks,15228559,2026-09-25T17:11:58+00:00,9.0,standard,pre_game,2026-09-25T11:42:51.824-04:00
7213,prizepicks,15228550,2026-09-25T17:11:58+00:00,28.5,standard,pre_game,2026-09-25T11:42:51.824-04:00
7214,prizepicks,15228560,2026-09-25T17:11:58+00:00,16.5,standard,pre_game,2026-09-25T11:42:51.824-04:00
7215,prizepicks,15228551,2026-09-25T17:11:58+00:00,28.5,standard,pre_game,2026-09-25T11:42:51.824-04:00
7216,prizepicks,15228561,2026-09-25T17:11:58+00:00,16.5,standard,pre_game,2026-09-25T11:42:51.824-04:00
7217,prizepicks,15228552,2026-09-25T17:11:58+00:00,28.5,standard,pre_game,2026-09-25T11:42:51.824-04:00
7218,prizepicks,15228562,2026-09-25T17:11:58+00:00,15.0,standard,pre_game,2026-09-25T11:42:51.824-04:00
7219,prizepicks,15228553,2026-09-25T17:11:58+00:00,32.0,standard,pre_game,2026-09-25T11:42:56.585-04:00
7220,prizepicks,15228563,2026-09-25T17:11:58+00:00,17.5,standard,pre_game,2026-09-25T11:42:56.585-04:00
7221,prizepicks,15228554,2026-09-25T17:11:58+00:00,29.5,standard,pre_game,2026-09-25T11:42:56.585-04:00
7222,prizepicks,15228564,2026-09-25T17:11:58+00:00,14.5,standard,pre_game,2026-09-25T11:42:56.585-04:00
7223,prizepicks,15228555,2026-09-25T17:11:58+00:00,28.0,standard,pre_game,2026-09-25T11:42:56.585-04:00
7224,prizepicks,15228565,2026-09-25T17:11:58+00:00,11.0,standard,pre_game,2026-09-25T11:46:26.189-04:00
7225,prizepicks,15228556,2026-09-25T17:11:58+00:00,27.0,standard,pre_game,2026-09-25T11:42:56.585-04:00
7226,prizepicks,15228566,2026-09-25T17:11:58+00:00,14.5,standard,pre_game,2026-09-25T11:42:56.585-04:00
7227,prizepicks,15228557,2026-09-25T17:11:58+00:00,23.5,standard,pre_game,2026-09-25T11:42:56.585-04:00
7228,prizepicks,15228567,2026-09-25T17:11:58+00:00,13.0,standard,pre_game,2026-09-25T11:42:56.585-04:00
7229,prizepicks,15228678,2026-09-25T17:11:58+00:00,33.5,standard,pre_game,2026-09-25T11:42:39.194-04:00
7230,prizepicks,15228683,2026-09-25T17:11:58+00:00,18.5,standard,pre_game,2026-09-25T11:42:39.194-04:00
7231,prizepicks,15228679,2026-09-25T17:11:58+00:00,30.5,standard,pre_game,2026-09-25T11:42:39.194-04:00
7232,prizepicks,15228684,2026-09-25T17:11:58+00:00,19.5,standard,pre_game,2026-09-25T11:42:39.194-04:00
7233,prizepicks,15228680,2026-09-25T17:11:58+00:00,30.0,standard,pre_game,2026-09-25T11:42:39.194-04:00
7234,prizepicks,15228685,2026-09-25T17:11:58+00:00,19.0,standard,pre_game,2026-09-25T11:42:39.194-04:00
7235,prizepicks,15228681,2026-09-25T17:11:58+00:00,28.5,standard,pre_game,2026-09-25T11:42:39.194-04:00
7236,prizepicks,15228686,2026-09-25T17:11:58+00:00,10.0,standard,pre_game,2026-09-25T11:42:39.194-04:00
7237,prizepicks,15228682,2026-09-25T17:11:58+00:00,27.5,standard,pre_game,2026-09-25T11:42:39.194-04:00
7238,prizepicks,15228687,2026-09-25T17:11:58+00:00,13.5,standard,pre_game,2026-09-25T11:42:39.194-04:00
7239,prizepicks,15191450,2026-09-25T17:11:58+00:00,17.5,demon,pre_game,2026-09-25T11:42:51.824-04:00
7240,prizepicks,15191452,2026-09-25T17:11:58+00:00,17.5,demon,pre_game,2026-09-25T11:43:17.748-04:00
7241,prizepicks,15191448,2026-09-25T17:11:58+00:00,16.5,standard,pre_game,2026-09-25T11:42:51.824-04:00
7242,prizepicks,15191451,2026-09-25T17:11:58+00:00,16.5,standard,pre_game,2026-09-25T11:43:17.748-04:00
7243,prizepicks,15191449,2026-09-25T17:11:58+00:00,15.5,goblin,pre_game,2026-09-25T11:42:51.824-04:00
7244,prizepicks,15191455,2026-09-25T17:11:58+00:00,15.5,demon,pre_game,2026-09-25T11:42:51.824-04:00
7245,prizepicks,15191458,2026-09-25T17:11:58+00:00,15.5,demon,pre_game,2026-09-25T11:43:17.748-04:00
7246,prizepicks,15191453,2026-09-25T17:11:58+00:00,14.5,standard,pre_game,2026-09-25T11:42:51.824-04:00
7247,prizepicks,15191456,2026-09-25T17:11:58+00:00,14.5,standard,pre_game,2026-09-25T11:43:17.748-04:00
7248,prizepicks,15191460,2026-09-25T17:11:58+00:00,14.5,demon,pre_game,2026-09-25T11:42:51.824-04:00
7249,prizepicks,15191463,2026-09-25T17:11:58+00:00,14.5,demon,pre_game,2026-09-25T11:43:17.748-04:00
7250,prizepicks,15191467,2026-09-25T17:11:58+00:00,14.5,demon,pre_game,2026-09-25T11:42:51.824-04:00
7251,prizepicks,15191471,2026-09-25T17:11:58+00:00,14.5,demon,pre_game,2026-09-25T11:43:17.748-04:00
7252,prizepicks,15191472,2026-09-25T17:11:58+00:00,14.5,demon,pre_game,2026-09-25T11:42:51.824-04:00
7253,prizepicks,15191474,2026-09-25T17:11:58+00:00,14.5,demon,pre_game,2026-09-25T11:43:17.748-04:00
7254,prizepicks,15191454,2026-09-25T17:11:58+00:00,13.5,goblin,pre_game,2026-09-25T11:42:51.824-04:00
7255,prizepicks,15191457,2026-09-25T17:11:58+00:00,13.5,goblin,pre_game,2026-09-25T11:43:17.748-04:00
7256,prizepicks,15191465,2026-09-25T17:11:58+00:00,13.5,standard,pre_game,2026-09-25T11:42:51.824-04:00
7257,prizepicks,15191469,2026-09-25T17:11:58+00:00,13.5,standard,pre_game,2026-09-25T11:43:17.748-04:00
7258,prizepicks,15191466,2026-09-25T17:11:58+00:00,12.5,goblin,pre_game,2026-09-25T11:42:51.824-04:00
7259,prizepicks,15191470,2026-09-25T17:11:58+00:00,12.5,goblin,pre_game,2026-09-25T11:43:17.748-04:00
7260,prizepicks,15191447,2026-09-25T17:11:58+00:00,9.5,standard,pre_game,2026-09-25T11:42:51.824-04:00
7261,prizepicks,15191459,2026-09-25T17:11:58+00:00,7.5,standard,pre_game,2026-09-25T11:42:51.824-04:00
7262,prizepicks,15191461,2026-09-25T17:11:58+00:00,7.5,standard,pre_game,2026-09-25T11:43:17.748-04:00
7263,prizepicks,15191464,2026-09-25T17:11:58+00:00,7.5,standard,pre_game,2026-09-25T11:42:51.824-04:00
7264,prizepicks,15191468,2026-09-25T17:11:58+00:00,7.5,standard,pre_game,2026-09-25T11:43:17.748-04:00
7265,prizepicks,14889444,2026-09-25T17:12:11+00:00,7.5,standard,pre_game,2026-09-23T23:18:35.181-04:00
7266,prizepicks,14893789,2026-09-25T17:12:11+00:00,90.5,standard,pre_game,2026-09-22T10:30:37.173-04:00
7267,prizepicks,14893790,2026-09-25T17:12:11+00:00,94.5,standard,pre_game,2026-09-20T20:06:51.078-04:00
7268,prizepicks,14893661,2026-09-25T17:12:11+00:00,29.5,standard,pre_game,2026-09-15T19:46:42.682-04:00
7269,prizepicks,14893662,2026-09-25T17:12:11+00:00,31.5,standard,pre_game,2026-09-15T19:45:18.094-04:00
7270,prizepicks,14893663,2026-09-25T17:12:11+00:00,26.5,standard,pre_game,2026-09-15T16:44:07.102-04:00
7271,prizepicks,14893664,2026-09-25T17:12:11+00:00,28.5,standard,pre_game,2026-09-15T16:44:07.102-04:00
7272,prizepicks,14893665,2026-09-25T17:12:11+00:00,31.0,standard,pre_game,2026-09-22T17:33:48.439-04:00
7273,prizepicks,14893666,2026-09-25T17:12:11+00:00,31.0,standard,pre_game,2026-09-16T20:06:33.663-04:00
7274,prizepicks,14893667,2026-09-25T17:12:11+00:00,33.5,standard,pre_game,2026-09-20T20:06:51.038-04:00
7275,prizepicks,14893668,2026-09-25T17:12:11+00:00,26.5,standard,pre_game,2026-09-15T16:43:58.006-04:00
7276,prizepicks,14893669,2026-09-25T17:12:11+00:00,29.5,standard,pre_game,2026-09-15T16:43:58.006-04:00
7277,prizepicks,14893670,2026-09-25T17:12:11+00:00,31.5,standard,pre_game,2026-09-15T16:43:58.006-04:00
7278,prizepicks,14889445,2026-09-25T17:12:11+00:00,7.5,standard,pre_game,2026-09-15T16:44:20.483-04:00
7279,prizepicks,14893792,2026-09-25T17:12:11+00:00,59.5,standard,pre_game,2026-09-24T23:29:52.674-04:00
7280,prizepicks,14893672,2026-09-25T17:12:11+00:00,31.5,standard,pre_game,2026-09-23T23:59:58.956-04:00
7281,prizepicks,14893673,2026-09-25T17:12:11+00:00,35.5,standard,pre_game,2026-09-15T19:40:42.526-04:00
7282,prizepicks,14893674,2026-09-25T17:12:11+00:00,29.0,standard,pre_game,2026-09-22T20:26:53.680-04:00
7283,prizepicks,14893675,2026-09-25T17:12:11+00:00,32.5,standard,pre_game,2026-09-15T16:44:20.483-04:00
7284,prizepicks,14893676,2026-09-25T17:12:11+00:00,25.5,standard,pre_game,2026-09-15T19:44:24.606-04:00
7285,prizepicks,14893677,2026-09-25T17:12:11+00:00,34.5,standard,pre_game,2026-09-15T16:49:04.005-04:00
7286,prizepicks,14893678,2026-09-25T17:12:11+00:00,28.0,standard,pre_game,2026-09-15T19:41:03.824-04:00
7287,prizepicks,14893679,2026-09-25T17:12:11+00:00,28.5,standard,pre_game,2026-09-15T19:45:36.562-04:00
7288,prizepicks,14893680,2026-09-25T17:12:11+00:00,25.5,standard,pre_game,2026-09-15T16:48:36.355-04:00
7289,prizepicks,14889446,2026-09-25T17:12:11+00:00,8.5,standard,pre_game,2026-09-15T16:44:41.745-04:00
7290,prizepicks,14893793,2026-09-25T17:12:11+00:00,90.5,standard,pre_game,2026-09-15T16:44:41.745-04:00
7291,prizepicks,14893794,2026-09-25T17:12:11+00:00,62.0,standard,pre_game,2026-09-25T11:19:42.741-04:00
7292,prizepicks,14893681,2026-09-25T17:12:11+00:00,31.0,standard,pre_game,2026-09-24T23:29:08.801-04:00
7293,prizepicks,14893682,2026-09-25T17:12:11+00:00,28.5,standard,pre_game,2026-09-15T19:41:39.730-04:00
7294,prizepicks,14893683,2026-09-25T17:12:11+00:00,31.5,standard,pre_game,2026-09-15T16:44:41.745-04:00
7295,prizepicks,14893684,2026-09-25T17:12:11+00:00,28.0,standard,pre_game,2026-09-15T16:44:41.745-04:00
7296,prizepicks,14893685,2026-09-25T17:12:11+00:00,32.0,standard,pre_game,2026-09-16T20:05:48.179-04:00
7297,prizepicks,14893686,2026-09-25T17:12:11+00:00,24.5,standard,pre_game,2026-09-16T20:04:56.117-04:00
7298,prizepicks,14893687,2026-09-25T17:12:11+00:00,32.0,standard,pre_game,2026-09-22T17:33:27.384-04:00
7299,prizepicks,14893688,2026-09-25T17:12:11+00:00,25.5,standard,pre_game,2026-09-15T16:44:48.797-04:00
7300,prizepicks,14893689,2026-09-25T17:12:11+00:00,31.5,standard,pre_game,2026-09-25T11:19:42.694-04:00
7301,prizepicks,14893690,2026-09-25T17:12:11+00:00,27.5,standard,pre_game,2026-09-15T16:48:12.189-04:00
7302,prizepicks,14889447,2026-09-25T17:12:11+00:00,7.5,standard,pre_game,2026-09-15T16:45:43.494-04:00
7303,prizepicks,14893795,2026-09-25T17:12:11+00:00,88.0,standard,pre_game,2026-09-21T02:33:55.383-04:00
7304,prizepicks,14893796,2026-09-25T17:12:11+00:00,54.0,standard,pre_game,2026-09-15T16:45:28.279-04:00
7305,prizepicks,14893691,2026-09-25T17:12:11+00:00,28.5,standard,pre_game,2026-09-15T19:42:02.481-04:00
7306,prizepicks,14893692,2026-09-25T17:12:11+00:00,24.0,standard,pre_game,2026-09-22T17:34:17.243-04:00
7307,prizepicks,14893693,2026-09-25T17:12:11+00:00,27.5,standard,pre_game,2026-09-15T16:45:28.279-04:00
7308,prizepicks,14893694,2026-09-25T17:12:11+00:00,31.5,standard,pre_game,2026-09-15T16:45:28.279-04:00
7309,prizepicks,14893695,2026-09-25T17:12:11+00:00,26.5,standard,pre_game,2026-09-15T16:45:28.279-04:00
7310,prizepicks,14893696,2026-09-25T17:12:11+00:00,27.5,standard,pre_game,2026-09-15T16:45:43.494-04:00
7311,prizepicks,14893697,2026-09-25T17:12:11+00:00,29.5,standard,pre_game,2026-09-15T16:45:43.494-04:00
7312,prizepicks,14893698,2026-09-25T17:12:11+00:00,31.0,standard,pre_game,2026-09-21T02:33:55.336-04:00
7313,prizepicks,14893699,2026-09-25T17:12:11+00:00,26.5,standard,pre_game,2026-09-15T16:45:43.494-04:00
7314,prizepicks,14893700,2026-09-25T17:12:11+00:00,33.5,standard,pre_game,2026-09-15T16:45:43.494-04:00
7315,prizepicks,15193939,2026-09-25T17:12:11+00:00,91.0,standard,pre_game,2026-09-24T11:52:08.332-04:00
7316,prizepicks,15193940,2026-09-25T17:12:11+00:00,61.0,standard,pre_game,2026-09-24T11:52:08.332-04:00
7317,prizepicks,15193848,2026-09-25T17:12:11+00:00,29.5,standard,pre_game,2026-09-24T11:52:08.332-04:00
7318,prizepicks,15193851,2026-09-25T17:12:11+00:00,29.5,standard,pre_game,2026-09-24T11:52:08.332-04:00
7319,prizepicks,15193853,2026-09-25T17:12:11+00:00,30.5,standard,pre_game,2026-09-24T11:52:08.332-04:00
7320,prizepicks,15193854,2026-09-25T17:12:11+00:00,31.5,standard,pre_game,2026-09-24T11:52:08.332-04:00
7321,prizepicks,15193855,2026-09-25T17:12:11+00:00,29.5,standard,pre_game,2026-09-24T12:09:43.359-04:00
7322,prizepicks,15193856,2026-09-25T17:12:11+00:00,32.0,standard,pre_game,2026-09-24T11:52:08.332-04:00
7323,prizepicks,15193857,2026-09-25T17:12:11+00:00,28.5,standard,pre_game,2026-09-24T11:52:08.332-04:00
7324,prizepicks,15193858,2026-09-25T17:12:11+00:00,29.5,standard,pre_game,2026-09-24T11:52:08.332-04:00
7325,prizepicks,15193859,2026-09-25T17:12:11+00:00,29.5,standard,pre_game,2026-09-24T11:52:08.332-04:00
7326,prizepicks,15193860,2026-09-25T17:12:11+00:00,32.5,standard,pre_game,2026-09-24T12:13:30.387-04:00
7327,prizepicks,15193941,2026-09-25T17:12:11+00:00,93.0,standard,pre_game,2026-09-24T11:52:08.332-04:00
7328,prizepicks,15193861,2026-09-25T17:12:11+00:00,23.5,standard,pre_game,2026-09-24T11:52:08.332-04:00
7329,prizepicks,15193862,2026-09-25T17:12:11+00:00,32.5,standard,pre_game,2026-09-24T23:30:31.801-04:00
7330,prizepicks,15193863,2026-09-25T17:12:11+00:00,26.0,standard,pre_game,2026-09-24T11:52:08.332-04:00
7331,prizepicks,15193864,2026-09-25T17:12:11+00:00,30.5,standard,pre_game,2026-09-24T11:52:08.332-04:00
7332,prizepicks,15193865,2026-09-25T17:12:11+00:00,24.5,standard,pre_game,2026-09-24T11:52:08.332-04:00
7333,prizepicks,15193866,2026-09-25T17:12:11+00:00,31.5,standard,pre_game,2026-09-24T11:52:08.332-04:00
7334,prizepicks,15193867,2026-09-25T17:12:11+00:00,27.5,standard,pre_game,2026-09-24T11:52:08.332-04:00
7335,prizepicks,15193868,2026-09-25T17:12:11+00:00,25.5,standard,pre_game,2026-09-24T11:52:08.332-04:00
7336,prizepicks,15193869,2026-09-25T17:12:11+00:00,34.0,standard,pre_game,2026-09-24T11:52:08.332-04:00
7337,prizepicks,15198016,2026-09-25T17:18:44+00:00,33.5,standard,pre_game,2026-09-25T10:58:53.581-04:00
7338,prizepicks,15198017,2026-09-25T17:18:44+00:00,28.5,standard,pre_game,2026-09-25T10:58:53.525-04:00
7339,prizepicks,15198018,2026-09-25T17:18:44+00:00,22.5,standard,pre_game,2026-09-24T22:27:48.005-04:00
7340,prizepicks,15198019,2026-09-25T17:18:44+00:00,18.5,standard,pre_game,2026-09-24T22:27:11.430-04:00
7341,prizepicks,15198571,2026-09-25T17:18:44+00:00,10.5,demon,pre_game,2026-09-24T14:57:03.486-04:00
7342,prizepicks,15197798,2026-09-25T17:18:44+00:00,8.5,standard,pre_game,2026-09-24T14:44:03.407-04:00
7343,prizepicks,15198572,2026-09-25T17:18:44+00:00,6.5,goblin,pre_game,2026-09-24T14:57:03.740-04:00
7344,prizepicks,15198493,2026-09-25T17:18:44+00:00,14.5,demon,pre_game,2026-09-24T14:52:23.507-04:00
7345,prizepicks,15197799,2026-09-25T17:18:44+00:00,12.5,standard,pre_game,2026-09-24T14:44:03.407-04:00
7346,prizepicks,15198494,2026-09-25T17:18:44+00:00,10.5,goblin,pre_game,2026-09-24T14:52:23.597-04:00
7347,prizepicks,15198799,2026-09-25T17:18:44+00:00,14.5,demon,pre_game,2026-09-24T15:04:31.551-04:00
7348,prizepicks,15197800,2026-09-25T17:18:44+00:00,12.5,standard,pre_game,2026-09-25T10:58:49.887-04:00
7349,prizepicks,15198800,2026-09-25T17:18:44+00:00,8.5,goblin,pre_game,2026-09-24T15:04:31.614-04:00
7350,prizepicks,15198842,2026-09-25T17:18:44+00:00,18.5,demon,pre_game,2026-09-24T15:06:07.578-04:00
7351,prizepicks,15197801,2026-09-25T17:18:44+00:00,15.5,standard,pre_game,2026-09-24T14:44:03.407-04:00
7352,prizepicks,15198843,2026-09-25T17:18:44+00:00,12.5,goblin,pre_game,2026-09-24T15:06:07.652-04:00
7353,prizepicks,15197973,2026-09-25T17:18:44+00:00,2.5,demon,pre_game,2026-09-24T14:44:03.407-04:00
7354,prizepicks,15198729,2026-09-25T17:18:44+00:00,9.5,demon,pre_game,2026-09-24T15:01:02.182-04:00
7355,prizepicks,15197803,2026-09-25T17:18:44+00:00,7.0,standard,pre_game,2026-09-24T17:10:44.778-04:00
7356,prizepicks,15198730,2026-09-25T17:18:44+00:00,5.5,goblin,pre_game,2026-09-24T15:01:02.257-04:00
7357,prizepicks,15198488,2026-09-25T17:18:44+00:00,9.5,demon,pre_game,2026-09-24T14:51:33.359-04:00
7358,prizepicks,15197804,2026-09-25T17:18:44+00:00,7.0,standard,pre_game,2026-09-24T22:27:40.342-04:00
7359,prizepicks,15198489,2026-09-25T17:18:44+00:00,5.5,goblin,pre_game,2026-09-24T14:51:33.416-04:00
7360,prizepicks,15198468,2026-09-25T17:18:44+00:00,11.5,demon,pre_game,2026-09-24T15:52:25.506-04:00
7361,prizepicks,15197805,2026-09-25T17:18:44+00:00,8.5,standard,pre_game,2026-09-24T15:48:00.789-04:00
7362,prizepicks,15198469,2026-09-25T17:18:44+00:00,5.5,goblin,pre_game,2026-09-24T15:52:28.245-04:00
7363,prizepicks,15198922,2026-09-25T17:18:44+00:00,13.5,demon,pre_game,2026-09-24T15:07:35.389-04:00
7364,prizepicks,15197806,2026-09-25T17:18:44+00:00,10.0,standard,pre_game,2026-09-24T22:27:11.373-04:00
7365,prizepicks,15198923,2026-09-25T17:18:44+00:00,7.5,goblin,pre_game,2026-09-24T15:07:35.441-04:00
7366,prizepicks,15197990,2026-09-25T17:18:44+00:00,1.5,goblin,pre_game,2026-09-24T14:43:54.424-04:00
7367,prizepicks,15194506,2026-09-25T17:18:56+00:00,32.5,standard,pre_game,2026-09-25T12:46:22.352-04:00
7368,prizepicks,15194507,2026-09-25T17:18:56+00:00,30.5,standard,pre_game,2026-09-25T12:46:22.352-04:00
7369,prizepicks,15194508,2026-09-25T17:18:56+00:00,28.5,standard,pre_game,2026-09-25T12:46:22.352-04:00
7370,prizepicks,15194509,2026-09-25T17:18:56+00:00,28.5,standard,pre_game,2026-09-25T12:46:22.352-04:00
7371,prizepicks,15194510,2026-09-25T17:18:56+00:00,27.0,standard,pre_game,2026-09-25T12:46:22.352-04:00
7372,prizepicks,15194511,2026-09-25T17:18:56+00:00,29.0,standard,pre_game,2026-09-25T12:46:22.352-04:00
7373,prizepicks,15194512,2026-09-25T17:18:56+00:00,27.5,standard,pre_game,2026-09-25T12:46:22.352-04:00
7374,prizepicks,15194513,2026-09-25T17:18:56+00:00,27.5,standard,pre_game,2026-09-25T12:46:22.352-04:00
7375,prizepicks,15194514,2026-09-25T17:18:56+00:00,26.5,standard,pre_game,2026-09-25T12:46:22.352-04:00
7376,prizepicks,15194515,2026-09-25T17:18:56+00:00,25.0,standard,pre_game,2026-09-25T12:46:22.352-04:00
7377,prizepicks,15194516,2026-09-25T17:18:56+00:00,21.0,standard,pre_game,2026-09-25T12:46:22.352-04:00
7378,prizepicks,15194517,2026-09-25T17:18:56+00:00,12.5,standard,pre_game,2026-09-25T12:46:22.352-04:00
7379,prizepicks,15194518,2026-09-25T17:18:56+00:00,17.5,standard,pre_game,2026-09-25T12:46:22.352-04:00
7380,prizepicks,15194519,2026-09-25T17:18:56+00:00,18.0,standard,pre_game,2026-09-25T12:46:22.352-04:00
7381,prizepicks,15194520,2026-09-25T17:18:56+00:00,16.0,standard,pre_game,2026-09-25T12:46:22.352-04:00
7382,prizepicks,15194521,2026-09-25T17:18:56+00:00,16.0,standard,pre_game,2026-09-25T12:46:22.352-04:00
7383,prizepicks,15194522,2026-09-25T17:18:56+00:00,13.5,standard,pre_game,2026-09-25T12:46:22.352-04:00
7384,prizepicks,15194523,2026-09-25T17:18:56+00:00,14.5,standard,pre_game,2026-09-25T12:46:22.352-04:00
7385,prizepicks,15194524,2026-09-25T17:18:56+00:00,9.5,standard,pre_game,2026-09-25T12:46:22.352-04:00
7386,prizepicks,15194525,2026-09-25T17:18:56+00:00,13.0,standard,pre_game,2026-09-25T12:46:22.352-04:00
7387,prizepicks,15192295,2026-09-25T17:18:56+00:00,13.5,standard,pre_game,2026-09-25T12:52:42.638-04:00
7388,prizepicks,15192296,2026-09-25T17:18:56+00:00,14.5,standard,pre_game,2026-09-25T12:52:42.638-04:00
7389,prizepicks,15192297,2026-09-25T17:18:56+00:00,14.5,standard,pre_game,2026-09-25T12:52:42.638-04:00
7390,prizepicks,15192298,2026-09-25T17:18:56+00:00,12.5,standard,pre_game,2026-09-25T12:52:42.638-04:00
7391,prizepicks,15192299,2026-09-25T17:18:56+00:00,15.5,standard,pre_game,2026-09-25T12:52:42.638-04:00
7392,prizepicks,15192300,2026-09-25T17:18:56+00:00,14.0,standard,pre_game,2026-09-25T12:52:47.233-04:00
7393,prizepicks,15192301,2026-09-25T17:18:56+00:00,14.0,standard,pre_game,2026-09-25T12:52:47.233-04:00
7394,prizepicks,15192302,2026-09-25T17:18:56+00:00,14.5,standard,pre_game,2026-09-25T12:52:47.233-04:00
7395,prizepicks,15192304,2026-09-25T17:18:56+00:00,12.0,standard,pre_game,2026-09-25T12:52:47.233-04:00
7396,prizepicks,15192305,2026-09-25T17:18:56+00:00,13.5,standard,pre_game,2026-09-25T12:52:47.233-04:00
7397,prizepicks,15192309,2026-09-25T17:18:56+00:00,8.0,standard,pre_game,2026-09-25T12:52:42.638-04:00
7398,prizepicks,15192310,2026-09-25T17:18:56+00:00,5.0,standard,pre_game,2026-09-25T12:52:42.638-04:00
7399,prizepicks,15192313,2026-09-25T17:18:56+00:00,8.0,standard,pre_game,2026-09-25T12:52:42.638-04:00
7400,prizepicks,15192314,2026-09-25T17:18:56+00:00,7.5,standard,pre_game,2026-09-25T12:52:42.638-04:00
7401,prizepicks,15192315,2026-09-25T17:18:56+00:00,8.0,standard,pre_game,2026-09-25T12:52:42.638-04:00
7402,prizepicks,15192316,2026-09-25T17:18:56+00:00,8.0,standard,pre_game,2026-09-25T12:52:47.233-04:00
7403,prizepicks,15192317,2026-09-25T17:18:56+00:00,4.5,standard,pre_game,2026-09-25T12:52:47.233-04:00
7404,prizepicks,15192318,2026-09-25T17:18:56+00:00,8.0,standard,pre_game,2026-09-25T12:52:47.233-04:00
7405,prizepicks,15192319,2026-09-25T17:18:56+00:00,6.0,standard,pre_game,2026-09-25T12:52:47.233-04:00
7406,prizepicks,15192320,2026-09-25T17:18:56+00:00,7.5,standard,pre_game,2026-09-25T12:52:47.233-04:00
7407,prizepicks,15194526,2026-09-25T17:18:56+00:00,33.0,standard,pre_game,2026-09-24T12:06:53.570-04:00
7408,prizepicks,15194527,2026-09-25T17:18:56+00:00,32.0,standard,pre_game,2026-09-24T12:06:53.570-04:00
7409,prizepicks,15194528,2026-09-25T17:18:56+00:00,28.0,standard,pre_game,2026-09-24T12:06:53.570-04:00
7410,prizepicks,15194529,2026-09-25T17:18:56+00:00,28.0,standard,pre_game,2026-09-24T12:06:53.570-04:00
7411,prizepicks,15194530,2026-09-25T17:18:56+00:00,25.0,standard,pre_game,2026-09-24T14:08:32.752-04:00
7412,prizepicks,15194531,2026-09-25T17:18:56+00:00,31.5,standard,pre_game,2026-09-25T03:58:36.251-04:00
7413,prizepicks,15194532,2026-09-25T17:18:56+00:00,28.0,standard,pre_game,2026-09-24T12:06:59.211-04:00
7414,prizepicks,15194533,2026-09-25T17:18:56+00:00,28.0,standard,pre_game,2026-09-24T12:06:59.211-04:00
7415,prizepicks,15194534,2026-09-25T17:18:56+00:00,27.5,standard,pre_game,2026-09-24T12:06:59.211-04:00
7416,prizepicks,15194535,2026-09-25T17:18:56+00:00,27.0,standard,pre_game,2026-09-24T12:06:59.211-04:00
7417,prizepicks,15194538,2026-09-25T17:18:56+00:00,20.0,standard,pre_game,2026-09-24T12:06:53.570-04:00
7418,prizepicks,15194542,2026-09-25T17:18:56+00:00,17.0,standard,pre_game,2026-09-24T23:55:45.816-04:00
7419,prizepicks,15194543,2026-09-25T17:18:56+00:00,15.5,standard,pre_game,2026-09-24T12:06:53.570-04:00
7420,prizepicks,15194545,2026-09-25T17:18:56+00:00,10.0,standard,pre_game,2026-09-24T12:06:53.570-04:00
7421,prizepicks,15194546,2026-09-25T17:18:56+00:00,11.5,standard,pre_game,2026-09-24T17:25:11.251-04:00
7422,prizepicks,15194547,2026-09-25T17:18:56+00:00,16.5,standard,pre_game,2026-09-24T15:27:03.304-04:00
7423,prizepicks,15194548,2026-09-25T17:18:56+00:00,15.0,standard,pre_game,2026-09-24T12:06:59.211-04:00
7424,prizepicks,15194549,2026-09-25T17:18:56+00:00,9.5,standard,pre_game,2026-09-24T12:06:59.211-04:00
7425,prizepicks,15194550,2026-09-25T17:18:56+00:00,15.0,standard,pre_game,2026-09-24T12:06:59.211-04:00
7426,prizepicks,15194551,2026-09-25T17:18:56+00:00,17.0,standard,pre_game,2026-09-24T12:06:59.211-04:00
7427,prizepicks,15196267,2026-09-25T17:18:56+00:00,14.5,standard,pre_game,2026-09-24T13:43:57.652-04:00
7428,prizepicks,15196277,2026-09-25T17:18:56+00:00,7.0,standard,pre_game,2026-09-24T13:43:58.214-04:00
7429,prizepicks,15196268,2026-09-25T17:18:56+00:00,14.5,standard,pre_game,2026-09-24T13:43:57.765-04:00
7430,prizepicks,15196278,2026-09-25T17:18:56+00:00,7.0,standard,pre_game,2026-09-24T13:43:58.260-04:00
7431,prizepicks,15196269,2026-09-25T17:18:56+00:00,12.0,standard,pre_game,2026-09-24T13:43:57.822-04:00
7432,prizepicks,15196279,2026-09-25T17:18:56+00:00,6.5,standard,pre_game,2026-09-24T13:43:58.312-04:00
7433,prizepicks,15196270,2026-09-25T17:18:56+00:00,14.5,standard,pre_game,2026-09-24T13:43:57.886-04:00
7434,prizepicks,15196280,2026-09-25T17:18:56+00:00,8.0,standard,pre_game,2026-09-24T13:43:58.359-04:00
7435,prizepicks,15196271,2026-09-25T17:18:56+00:00,16.0,standard,pre_game,2026-09-24T13:43:57.934-04:00
7436,prizepicks,15196281,2026-09-25T17:18:56+00:00,5.5,standard,pre_game,2026-09-24T13:43:58.427-04:00
7437,prizepicks,15196272,2026-09-25T17:18:56+00:00,14.0,standard,pre_game,2026-09-24T13:43:57.980-04:00
7438,prizepicks,15196282,2026-09-25T17:18:56+00:00,6.0,standard,pre_game,2026-09-24T13:43:58.475-04:00
7439,prizepicks,15196273,2026-09-25T17:18:56+00:00,14.0,standard,pre_game,2026-09-24T13:43:58.026-04:00
7440,prizepicks,15196283,2026-09-25T17:18:56+00:00,4.5,standard,pre_game,2026-09-24T13:43:58.522-04:00
7441,prizepicks,15196274,2026-09-25T17:18:56+00:00,13.0,standard,pre_game,2026-09-24T13:43:58.075-04:00
7442,prizepicks,15196284,2026-09-25T17:18:56+00:00,8.0,standard,pre_game,2026-09-24T13:43:58.571-04:00
7443,prizepicks,15196275,2026-09-25T17:18:56+00:00,14.0,standard,pre_game,2026-09-24T13:43:58.120-04:00
7444,prizepicks,15196285,2026-09-25T17:18:56+00:00,7.5,standard,pre_game,2026-09-24T13:43:58.618-04:00
7445,prizepicks,15196276,2026-09-25T17:18:56+00:00,13.5,standard,pre_game,2026-09-24T13:43:58.165-04:00
7446,prizepicks,15196286,2026-09-25T17:18:56+00:00,8.0,standard,pre_game,2026-09-24T13:43:58.668-04:00
7447,prizepicks,15192251,2026-09-25T17:18:56+00:00,12.5,standard,pre_game,2026-09-25T13:16:19.003-04:00
7448,prizepicks,15192252,2026-09-25T17:18:56+00:00,15.5,standard,pre_game,2026-09-25T13:16:19.003-04:00
7449,prizepicks,15192253,2026-09-25T17:18:56+00:00,11.5,standard,pre_game,2026-09-25T13:16:19.003-04:00
7450,prizepicks,15192254,2026-09-25T17:18:56+00:00,15.5,standard,pre_game,2026-09-25T13:16:19.003-04:00
7451,prizepicks,15192255,2026-09-25T17:18:56+00:00,17.5,standard,pre_game,2026-09-25T13:16:19.003-04:00
7452,prizepicks,15192256,2026-09-25T17:18:56+00:00,17.0,standard,pre_game,2026-09-25T13:16:19.003-04:00
7453,prizepicks,15192257,2026-09-25T17:18:56+00:00,13.5,standard,pre_game,2026-09-25T13:16:19.003-04:00
7454,prizepicks,15192258,2026-09-25T17:18:56+00:00,16.5,standard,pre_game,2026-09-25T13:16:19.003-04:00
7455,prizepicks,15192260,2026-09-25T17:18:56+00:00,17.0,standard,pre_game,2026-09-25T13:16:19.003-04:00
7456,prizepicks,15192241,2026-09-25T17:18:56+00:00,27.0,standard,pre_game,2026-09-25T13:16:19.003-04:00
7457,prizepicks,15192242,2026-09-25T17:18:56+00:00,28.0,standard,pre_game,2026-09-25T13:16:19.003-04:00
7458,prizepicks,15192243,2026-09-25T17:18:56+00:00,31.5,standard,pre_game,2026-09-25T13:16:19.003-04:00
7459,prizepicks,15192244,2026-09-25T17:18:56+00:00,27.5,standard,pre_game,2026-09-25T13:16:19.003-04:00
7460,prizepicks,15192245,2026-09-25T17:18:56+00:00,30.0,standard,pre_game,2026-09-25T13:16:19.003-04:00
7461,prizepicks,15192246,2026-09-25T17:18:56+00:00,27.0,standard,pre_game,2026-09-25T13:16:19.003-04:00
7462,prizepicks,15192247,2026-09-25T17:18:56+00:00,27.0,standard,pre_game,2026-09-25T13:16:19.003-04:00
7463,prizepicks,15192248,2026-09-25T17:18:56+00:00,31.5,standard,pre_game,2026-09-25T13:16:19.003-04:00
7464,prizepicks,15192249,2026-09-25T17:18:56+00:00,33.5,standard,pre_game,2026-09-25T13:16:19.003-04:00
7465,prizepicks,15192250,2026-09-25T17:18:56+00:00,29.5,standard,pre_game,2026-09-25T13:16:19.003-04:00
7466,prizepicks,15201779,2026-09-25T17:18:56+00:00,12.5,standard,pre_game,2026-09-24T17:05:47.422-04:00
7467,prizepicks,15201780,2026-09-25T17:18:56+00:00,14.0,standard,pre_game,2026-09-24T17:05:47.439-04:00
7468,prizepicks,15201781,2026-09-25T17:18:56+00:00,15.5,standard,pre_game,2026-09-24T17:05:47.454-04:00
7469,prizepicks,15201782,2026-09-25T17:18:56+00:00,15.5,standard,pre_game,2026-09-25T10:22:11.697-04:00
7470,prizepicks,15201783,2026-09-25T17:18:56+00:00,15.5,standard,pre_game,2026-09-24T17:05:47.488-04:00
7471,prizepicks,15201784,2026-09-25T17:18:56+00:00,13.0,standard,pre_game,2026-09-25T10:37:39.405-04:00
7472,prizepicks,15201785,2026-09-25T17:18:56+00:00,14.5,standard,pre_game,2026-09-24T17:05:47.524-04:00
7473,prizepicks,15201786,2026-09-25T17:18:56+00:00,14.0,standard,pre_game,2026-09-24T17:05:47.539-04:00
7474,prizepicks,15201787,2026-09-25T17:18:56+00:00,11.5,standard,pre_game,2026-09-24T17:05:47.555-04:00
7475,prizepicks,15201788,2026-09-25T17:18:56+00:00,14.0,standard,pre_game,2026-09-24T17:05:47.570-04:00
7476,prizepicks,15201789,2026-09-25T17:18:56+00:00,7.0,standard,pre_game,2026-09-24T17:23:44.258-04:00
7477,prizepicks,15201791,2026-09-25T17:18:56+00:00,8.0,standard,pre_game,2026-09-24T17:05:47.612-04:00
7478,prizepicks,15201792,2026-09-25T17:18:56+00:00,8.0,standard,pre_game,2026-09-25T10:22:11.644-04:00
7479,prizepicks,15201793,2026-09-25T17:18:56+00:00,7.5,standard,pre_game,2026-09-24T17:05:47.652-04:00
7480,prizepicks,15201794,2026-09-25T17:18:56+00:00,8.5,standard,pre_game,2026-09-24T17:05:47.669-04:00
7481,prizepicks,15201795,2026-09-25T17:18:56+00:00,8.0,standard,pre_game,2026-09-24T17:05:47.685-04:00
7482,prizepicks,15201796,2026-09-25T17:18:56+00:00,8.5,standard,pre_game,2026-09-24T17:05:47.699-04:00
7483,prizepicks,15201797,2026-09-25T17:18:56+00:00,5.5,standard,pre_game,2026-09-24T17:05:47.715-04:00
7484,prizepicks,15201798,2026-09-25T17:18:56+00:00,5.5,standard,pre_game,2026-09-24T17:05:47.730-04:00
7485,prizepicks,15194630,2026-09-25T17:18:56+00:00,16.0,standard,pre_game,2026-09-25T08:51:34.506-04:00
7486,prizepicks,15194631,2026-09-25T17:18:56+00:00,15.0,standard,pre_game,2026-09-25T10:41:53.569-04:00
7487,prizepicks,15194632,2026-09-25T17:18:56+00:00,14.5,standard,pre_game,2026-09-25T08:51:34.506-04:00
7488,prizepicks,15194633,2026-09-25T17:18:56+00:00,14.0,standard,pre_game,2026-09-25T08:51:34.506-04:00
7489,prizepicks,15194634,2026-09-25T17:18:56+00:00,13.5,standard,pre_game,2026-09-25T08:51:34.506-04:00
7490,prizepicks,15194635,2026-09-25T17:18:56+00:00,14.5,standard,pre_game,2026-09-25T08:51:34.506-04:00
7491,prizepicks,15194636,2026-09-25T17:18:56+00:00,13.5,standard,pre_game,2026-09-25T08:51:34.506-04:00
7492,prizepicks,15194637,2026-09-25T17:18:56+00:00,13.5,standard,pre_game,2026-09-25T08:51:34.506-04:00
7493,prizepicks,15194638,2026-09-25T17:18:56+00:00,13.0,standard,pre_game,2026-09-25T08:51:34.506-04:00
7494,prizepicks,15194639,2026-09-25T17:18:56+00:00,12.5,standard,pre_game,2026-09-25T08:51:34.506-04:00
7495,prizepicks,15194640,2026-09-25T17:18:56+00:00,10.0,standard,pre_game,2026-09-25T08:51:34.506-04:00
7496,prizepicks,15194641,2026-09-25T17:18:56+00:00,6.0,standard,pre_game,2026-09-25T08:51:34.506-04:00
7497,prizepicks,15194642,2026-09-25T17:18:56+00:00,8.5,standard,pre_game,2026-09-25T08:51:34.506-04:00
7498,prizepicks,15194643,2026-09-25T17:18:56+00:00,8.0,standard,pre_game,2026-09-25T08:51:34.506-04:00
7499,prizepicks,15194644,2026-09-25T17:18:56+00:00,8.0,standard,pre_game,2026-09-25T08:51:34.506-04:00
7500,prizepicks,15194645,2026-09-25T17:18:56+00:00,8.5,standard,pre_game,2026-09-25T08:51:34.506-04:00
7501,prizepicks,15194646,2026-09-25T17:18:56+00:00,6.5,standard,pre_game,2026-09-25T08:51:34.506-04:00
7502,prizepicks,15194647,2026-09-25T17:18:56+00:00,7.0,standard,pre_game,2026-09-25T08:51:34.506-04:00
7503,prizepicks,15194648,2026-09-25T17:18:56+00:00,4.5,standard,pre_game,2026-09-25T08:51:34.506-04:00
7504,prizepicks,15194649,2026-09-25T17:18:56+00:00,7.0,standard,pre_game,2026-09-25T08:51:34.506-04:00
7505,prizepicks,15200460,2026-09-25T17:18:56+00:00,32.0,standard,pre_game,2026-09-24T15:57:19.856-04:00
7506,prizepicks,15200461,2026-09-25T17:18:56+00:00,32.0,standard,pre_game,2026-09-24T15:57:19.856-04:00
7507,prizepicks,15200462,2026-09-25T17:18:56+00:00,29.5,standard,pre_game,2026-09-24T15:57:19.856-04:00
7508,prizepicks,15200463,2026-09-25T17:18:56+00:00,27.0,standard,pre_game,2026-09-24T15:57:19.856-04:00
7509,prizepicks,15200464,2026-09-25T17:18:56+00:00,27.0,standard,pre_game,2026-09-24T15:57:19.856-04:00
7510,prizepicks,15200465,2026-09-25T17:18:56+00:00,24.0,standard,pre_game,2026-09-24T16:15:19.996-04:00
7511,prizepicks,15200466,2026-09-25T17:18:56+00:00,25.0,standard,pre_game,2026-09-24T16:15:15.959-04:00
7512,prizepicks,15200467,2026-09-25T17:18:56+00:00,24.5,standard,pre_game,2026-09-24T23:12:21.975-04:00
7513,prizepicks,15200468,2026-09-25T17:18:56+00:00,25.5,standard,pre_game,2026-09-24T15:57:24.152-04:00
7514,prizepicks,15200469,2026-09-25T17:18:56+00:00,24.0,standard,pre_game,2026-09-24T15:57:24.152-04:00
7515,prizepicks,15200470,2026-09-25T17:18:56+00:00,11.0,standard,pre_game,2026-09-24T15:57:19.856-04:00
7516,prizepicks,15200471,2026-09-25T17:18:56+00:00,15.5,standard,pre_game,2026-09-24T15:57:19.856-04:00
7517,prizepicks,15200472,2026-09-25T17:18:56+00:00,17.5,standard,pre_game,2026-09-24T15:57:19.856-04:00
7518,prizepicks,15200473,2026-09-25T17:18:56+00:00,14.5,standard,pre_game,2026-09-24T15:57:19.856-04:00
7519,prizepicks,15200474,2026-09-25T17:18:56+00:00,13.5,standard,pre_game,2026-09-24T15:57:19.856-04:00
7520,prizepicks,15200475,2026-09-25T17:18:56+00:00,15.0,standard,pre_game,2026-09-24T22:41:32.110-04:00
7521,prizepicks,15200476,2026-09-25T17:18:56+00:00,14.5,standard,pre_game,2026-09-24T15:57:24.152-04:00
7522,prizepicks,15200477,2026-09-25T17:18:56+00:00,15.5,standard,pre_game,2026-09-25T11:18:38.932-04:00
7523,prizepicks,15200478,2026-09-25T17:18:56+00:00,9.5,standard,pre_game,2026-09-24T15:57:24.152-04:00
7524,prizepicks,15200479,2026-09-25T17:18:56+00:00,12.0,standard,pre_game,2026-09-24T15:57:24.152-04:00
7525,prizepicks,15198653,2026-09-25T17:18:56+00:00,32.5,standard,pre_game,2026-09-24T15:14:09.253-04:00
7526,prizepicks,15198663,2026-09-25T17:18:56+00:00,19.0,standard,pre_game,2026-09-24T21:14:41.428-04:00
7527,prizepicks,15198654,2026-09-25T17:18:56+00:00,30.5,standard,pre_game,2026-09-24T15:09:32.851-04:00
7528,prizepicks,15198664,2026-09-25T17:18:56+00:00,14.5,standard,pre_game,2026-09-24T15:09:32.851-04:00
7529,prizepicks,15198655,2026-09-25T17:18:56+00:00,29.0,standard,pre_game,2026-09-24T15:09:32.851-04:00
7530,prizepicks,15198665,2026-09-25T17:18:56+00:00,10.5,standard,pre_game,2026-09-24T15:09:32.851-04:00
7531,prizepicks,15198656,2026-09-25T17:18:56+00:00,29.0,standard,pre_game,2026-09-24T15:09:32.851-04:00
7532,prizepicks,15198666,2026-09-25T17:18:56+00:00,16.5,standard,pre_game,2026-09-24T15:09:32.851-04:00
7533,prizepicks,15198657,2026-09-25T17:18:56+00:00,26.0,standard,pre_game,2026-09-24T15:09:32.851-04:00
7534,prizepicks,15198667,2026-09-25T17:18:56+00:00,13.0,standard,pre_game,2026-09-24T15:09:32.851-04:00
7535,prizepicks,15198658,2026-09-25T17:18:56+00:00,27.5,standard,pre_game,2026-09-24T15:09:38.410-04:00
7536,prizepicks,15198668,2026-09-25T17:18:56+00:00,9.5,standard,pre_game,2026-09-24T15:09:38.410-04:00
7537,prizepicks,15198659,2026-09-25T17:18:56+00:00,26.5,standard,pre_game,2026-09-25T01:53:52.670-04:00
7538,prizepicks,15198669,2026-09-25T17:18:56+00:00,13.0,standard,pre_game,2026-09-24T23:11:22.405-04:00
7539,prizepicks,15198660,2026-09-25T17:18:56+00:00,26.0,standard,pre_game,2026-09-24T15:09:38.410-04:00
7540,prizepicks,15198670,2026-09-25T17:18:56+00:00,13.0,standard,pre_game,2026-09-24T15:09:38.410-04:00
7541,prizepicks,15198661,2026-09-25T17:18:56+00:00,26.0,standard,pre_game,2026-09-24T15:09:38.410-04:00
7542,prizepicks,15198671,2026-09-25T17:18:56+00:00,15.5,standard,pre_game,2026-09-24T15:09:38.410-04:00
7543,prizepicks,15198662,2026-09-25T17:18:56+00:00,24.0,standard,pre_game,2026-09-24T23:12:39.431-04:00
7544,prizepicks,15198672,2026-09-25T17:18:56+00:00,12.5,standard,pre_game,2026-09-24T16:16:44.278-04:00
7545,prizepicks,15212932,2026-09-25T17:18:56+00:00,16.5,demon,pre_game,2026-09-25T01:38:38.517-04:00
7546,prizepicks,15212935,2026-09-25T17:18:56+00:00,16.5,demon,pre_game,2026-09-25T01:38:30.160-04:00
7547,prizepicks,15212917,2026-09-25T17:18:56+00:00,15.5,demon,pre_game,2026-09-25T01:38:38.517-04:00
7548,prizepicks,15212920,2026-09-25T17:18:56+00:00,15.5,demon,pre_game,2026-09-25T01:38:30.160-04:00
7549,prizepicks,15212924,2026-09-25T17:18:56+00:00,15.5,demon,pre_game,2026-09-25T01:38:30.160-04:00
7550,prizepicks,15212931,2026-09-25T17:18:56+00:00,15.5,standard,pre_game,2026-09-25T01:38:38.517-04:00
7551,prizepicks,15212934,2026-09-25T17:18:56+00:00,15.5,standard,pre_game,2026-09-25T01:38:30.160-04:00
7552,prizepicks,15212916,2026-09-25T17:18:56+00:00,14.5,standard,pre_game,2026-09-25T01:38:38.517-04:00
7553,prizepicks,15212919,2026-09-25T17:18:56+00:00,14.5,standard,pre_game,2026-09-25T01:38:30.160-04:00
7554,prizepicks,15212933,2026-09-25T17:18:56+00:00,14.5,goblin,pre_game,2026-09-25T01:38:38.517-04:00
7555,prizepicks,15212936,2026-09-25T17:18:56+00:00,14.5,goblin,pre_game,2026-09-25T01:38:30.160-04:00
7556,prizepicks,15212918,2026-09-25T17:18:56+00:00,13.5,goblin,pre_game,2026-09-25T01:38:38.517-04:00
7557,prizepicks,15212921,2026-09-25T17:18:56+00:00,13.5,goblin,pre_game,2026-09-25T01:38:30.160-04:00
7558,prizepicks,15212922,2026-09-25T17:18:56+00:00,13.5,goblin,pre_game,2026-09-25T01:38:38.517-04:00
7559,prizepicks,15212923,2026-09-25T17:18:56+00:00,13.5,goblin,pre_game,2026-09-25T01:38:30.160-04:00
7560,prizepicks,15212905,2026-09-25T17:18:56+00:00,11.5,goblin,pre_game,2026-09-25T01:38:38.517-04:00
7561,prizepicks,15212907,2026-09-25T17:18:56+00:00,11.5,goblin,pre_game,2026-09-25T01:38:30.160-04:00
7562,prizepicks,15212904,2026-09-25T17:18:56+00:00,7.5,standard,pre_game,2026-09-25T08:56:27.543-04:00
7563,prizepicks,15212906,2026-09-25T17:18:56+00:00,7.5,standard,pre_game,2026-09-25T08:56:27.504-04:00
7564,prizepicks,15212980,2026-09-25T17:18:56+00:00,16.5,demon,pre_game,2026-09-25T01:43:27.356-04:00
7565,prizepicks,15212953,2026-09-25T17:18:56+00:00,15.5,demon,pre_game,2026-09-25T01:43:27.356-04:00
7566,prizepicks,15212960,2026-09-25T17:18:56+00:00,15.5,demon,pre_game,2026-09-25T01:40:48.704-04:00
7567,prizepicks,15212968,2026-09-25T17:18:56+00:00,15.5,demon,pre_game,2026-09-25T01:43:27.356-04:00
7568,prizepicks,15212974,2026-09-25T17:18:56+00:00,15.5,demon,pre_game,2026-09-25T01:40:48.704-04:00
7569,prizepicks,15212979,2026-09-25T17:18:56+00:00,15.5,standard,pre_game,2026-09-25T12:22:15.155-04:00
7570,prizepicks,15212997,2026-09-25T17:18:56+00:00,15.5,demon,pre_game,2026-09-25T01:40:48.704-04:00
7571,prizepicks,15212959,2026-09-25T17:18:56+00:00,14.5,standard,pre_game,2026-09-25T01:40:48.704-04:00
7572,prizepicks,15212967,2026-09-25T17:18:56+00:00,14.5,standard,pre_game,2026-09-25T01:43:27.356-04:00
7573,prizepicks,15212973,2026-09-25T17:18:56+00:00,14.5,standard,pre_game,2026-09-25T01:40:48.704-04:00
7574,prizepicks,15212981,2026-09-25T17:18:56+00:00,14.5,goblin,pre_game,2026-09-25T01:43:27.356-04:00
7575,prizepicks,15212996,2026-09-25T17:18:56+00:00,14.5,standard,pre_game,2026-09-25T01:40:48.704-04:00
7576,prizepicks,15212961,2026-09-25T17:18:56+00:00,13.5,goblin,pre_game,2026-09-25T01:40:48.704-04:00
7577,prizepicks,15212969,2026-09-25T17:18:56+00:00,13.5,goblin,pre_game,2026-09-25T01:43:27.356-04:00
7578,prizepicks,15212975,2026-09-25T17:18:56+00:00,13.5,goblin,pre_game,2026-09-25T01:40:48.704-04:00
7579,prizepicks,15212992,2026-09-25T17:18:56+00:00,13.5,demon,pre_game,2026-09-25T01:40:48.704-04:00
7580,prizepicks,15212998,2026-09-25T17:18:56+00:00,13.5,goblin,pre_game,2026-09-25T01:40:48.704-04:00
7581,prizepicks,15212991,2026-09-25T17:18:56+00:00,12.5,standard,pre_game,2026-09-25T12:22:15.132-04:00
7582,prizepicks,15212993,2026-09-25T17:18:56+00:00,11.5,goblin,pre_game,2026-09-25T01:40:48.704-04:00
7583,prizepicks,15212952,2026-09-25T17:18:56+00:00,7.5,standard,pre_game,2026-09-25T01:43:27.356-04:00
7584,prizepicks,15212958,2026-09-25T17:18:56+00:00,7.5,standard,pre_game,2026-09-25T01:40:48.704-04:00
7585,prizepicks,15212966,2026-09-25T17:18:56+00:00,4.5,standard,pre_game,2026-09-25T01:43:27.356-04:00
7586,prizepicks,15215017,2026-09-25T17:18:56+00:00,25.5,standard,pre_game,2026-09-25T01:38:38.517-04:00
7587,prizepicks,15215022,2026-09-25T17:18:56+00:00,14.5,standard,pre_game,2026-09-25T01:38:38.517-04:00
7588,prizepicks,15215018,2026-09-25T17:18:56+00:00,29.5,standard,pre_game,2026-09-25T01:38:38.517-04:00
7589,prizepicks,15215019,2026-09-25T17:18:56+00:00,31.5,standard,pre_game,2026-09-25T01:38:38.517-04:00
7590,prizepicks,15215024,2026-09-25T17:18:56+00:00,16.5,standard,pre_game,2026-09-25T01:38:38.517-04:00
7591,prizepicks,15215020,2026-09-25T17:18:56+00:00,31.5,standard,pre_game,2026-09-25T01:38:38.517-04:00
7592,prizepicks,15215025,2026-09-25T17:18:56+00:00,15.5,standard,pre_game,2026-09-25T01:38:38.517-04:00
7593,prizepicks,15215021,2026-09-25T17:18:56+00:00,29.5,standard,pre_game,2026-09-25T01:38:38.517-04:00
7594,prizepicks,15215026,2026-09-25T17:18:56+00:00,14.5,standard,pre_game,2026-09-25T01:38:38.517-04:00
7595,prizepicks,15215272,2026-09-25T17:18:56+00:00,29.5,standard,pre_game,2026-09-25T01:42:28.810-04:00
7596,prizepicks,15215280,2026-09-25T17:18:56+00:00,15.5,standard,pre_game,2026-09-25T01:42:28.689-04:00
7597,prizepicks,15215273,2026-09-25T17:18:56+00:00,29.5,standard,pre_game,2026-09-25T10:38:29.849-04:00
7598,prizepicks,15215281,2026-09-25T17:18:56+00:00,15.5,standard,pre_game,2026-09-25T01:42:28.723-04:00
7599,prizepicks,15215274,2026-09-25T17:18:56+00:00,24.5,standard,pre_game,2026-09-25T01:42:28.782-04:00
7600,prizepicks,15215282,2026-09-25T17:18:56+00:00,13.5,standard,pre_game,2026-09-25T01:42:28.751-04:00
7601,prizepicks,15215275,2026-09-25T17:18:56+00:00,30.5,standard,pre_game,2026-09-25T01:42:28.640-04:00
7602,prizepicks,15215283,2026-09-25T17:18:56+00:00,16.5,standard,pre_game,2026-09-25T01:42:28.870-04:00
7603,prizepicks,15215276,2026-09-25T17:18:56+00:00,29.5,standard,pre_game,2026-09-25T01:41:18.689-04:00
7604,prizepicks,15215284,2026-09-25T17:18:56+00:00,15.5,standard,pre_game,2026-09-25T01:41:18.689-04:00
7605,prizepicks,15215277,2026-09-25T17:18:56+00:00,31.5,standard,pre_game,2026-09-25T01:41:18.689-04:00
7606,prizepicks,15215285,2026-09-25T17:18:56+00:00,14.5,standard,pre_game,2026-09-25T01:41:18.689-04:00
7607,prizepicks,15215278,2026-09-25T17:18:56+00:00,29.5,standard,pre_game,2026-09-25T01:41:18.689-04:00
7608,prizepicks,15215286,2026-09-25T17:18:56+00:00,10.5,standard,pre_game,2026-09-25T01:41:18.689-04:00
7609,prizepicks,15215279,2026-09-25T17:18:56+00:00,26.5,standard,pre_game,2026-09-25T01:41:18.689-04:00
7610,prizepicks,15215287,2026-09-25T17:18:56+00:00,13.5,standard,pre_game,2026-09-25T01:41:18.689-04:00
7611,prizepicks,15229269,2026-09-25T17:18:56+00:00,29.5,standard,pre_game,2026-09-25T12:09:07.695-04:00
7612,prizepicks,15229270,2026-09-25T17:18:56+00:00,32.5,standard,pre_game,2026-09-25T12:09:07.695-04:00
7613,prizepicks,15229271,2026-09-25T17:18:56+00:00,31.0,standard,pre_game,2026-09-25T12:09:07.695-04:00
7614,prizepicks,15229272,2026-09-25T17:18:56+00:00,28.5,standard,pre_game,2026-09-25T12:38:22.790-04:00
7615,prizepicks,15229273,2026-09-25T17:18:56+00:00,27.5,standard,pre_game,2026-09-25T12:09:07.695-04:00
7616,prizepicks,15229274,2026-09-25T17:18:56+00:00,15.0,standard,pre_game,2026-09-25T12:09:07.695-04:00
7617,prizepicks,15229275,2026-09-25T17:18:56+00:00,21.0,standard,pre_game,2026-09-25T12:09:07.695-04:00
7618,prizepicks,15229276,2026-09-25T17:18:56+00:00,11.5,standard,pre_game,2026-09-25T12:09:07.695-04:00
7619,prizepicks,15229277,2026-09-25T17:18:56+00:00,17.0,standard,pre_game,2026-09-25T12:09:07.695-04:00
7620,prizepicks,15229278,2026-09-25T17:18:56+00:00,15.5,standard,pre_game,2026-09-25T12:23:09.822-04:00
7621,prizepicks,15228548,2026-09-25T17:18:56+00:00,33.0,standard,pre_game,2026-09-25T11:42:51.824-04:00
7622,prizepicks,15228558,2026-09-25T17:18:56+00:00,17.0,standard,pre_game,2026-09-25T11:42:51.824-04:00
7623,prizepicks,15228549,2026-09-25T17:18:56+00:00,31.0,standard,pre_game,2026-09-25T11:42:51.824-04:00
7624,prizepicks,15228559,2026-09-25T17:18:56+00:00,9.0,standard,pre_game,2026-09-25T11:42:51.824-04:00
7625,prizepicks,15228550,2026-09-25T17:18:56+00:00,28.5,standard,pre_game,2026-09-25T11:42:51.824-04:00
7626,prizepicks,15228560,2026-09-25T17:18:56+00:00,16.5,standard,pre_game,2026-09-25T11:42:51.824-04:00
7627,prizepicks,15228551,2026-09-25T17:18:56+00:00,28.5,standard,pre_game,2026-09-25T11:42:51.824-04:00
7628,prizepicks,15228561,2026-09-25T17:18:56+00:00,16.5,standard,pre_game,2026-09-25T11:42:51.824-04:00
7629,prizepicks,15228552,2026-09-25T17:18:56+00:00,28.5,standard,pre_game,2026-09-25T11:42:51.824-04:00
7630,prizepicks,15228562,2026-09-25T17:18:56+00:00,15.0,standard,pre_game,2026-09-25T11:42:51.824-04:00
7631,prizepicks,15228553,2026-09-25T17:18:56+00:00,32.0,standard,pre_game,2026-09-25T11:42:56.585-04:00
7632,prizepicks,15228563,2026-09-25T17:18:56+00:00,17.5,standard,pre_game,2026-09-25T11:42:56.585-04:00
7633,prizepicks,15228554,2026-09-25T17:18:56+00:00,29.5,standard,pre_game,2026-09-25T11:42:56.585-04:00
7634,prizepicks,15228564,2026-09-25T17:18:56+00:00,14.5,standard,pre_game,2026-09-25T11:42:56.585-04:00
7635,prizepicks,15228555,2026-09-25T17:18:56+00:00,28.0,standard,pre_game,2026-09-25T11:42:56.585-04:00
7636,prizepicks,15228565,2026-09-25T17:18:56+00:00,11.0,standard,pre_game,2026-09-25T11:46:26.189-04:00
7637,prizepicks,15228556,2026-09-25T17:18:56+00:00,27.0,standard,pre_game,2026-09-25T11:42:56.585-04:00
7638,prizepicks,15228566,2026-09-25T17:18:56+00:00,14.5,standard,pre_game,2026-09-25T11:42:56.585-04:00
7639,prizepicks,15228557,2026-09-25T17:18:56+00:00,23.5,standard,pre_game,2026-09-25T11:42:56.585-04:00
7640,prizepicks,15228567,2026-09-25T17:18:56+00:00,13.0,standard,pre_game,2026-09-25T11:42:56.585-04:00
7641,prizepicks,15228678,2026-09-25T17:18:56+00:00,33.5,standard,pre_game,2026-09-25T11:42:39.194-04:00
7642,prizepicks,15228683,2026-09-25T17:18:56+00:00,18.5,standard,pre_game,2026-09-25T11:42:39.194-04:00
7643,prizepicks,15228679,2026-09-25T17:18:56+00:00,30.5,standard,pre_game,2026-09-25T11:42:39.194-04:00
7644,prizepicks,15228684,2026-09-25T17:18:56+00:00,19.5,standard,pre_game,2026-09-25T11:42:39.194-04:00
7645,prizepicks,15228680,2026-09-25T17:18:56+00:00,30.0,standard,pre_game,2026-09-25T11:42:39.194-04:00
7646,prizepicks,15228685,2026-09-25T17:18:56+00:00,19.0,standard,pre_game,2026-09-25T11:42:39.194-04:00
7647,prizepicks,15228681,2026-09-25T17:18:56+00:00,28.5,standard,pre_game,2026-09-25T11:42:39.194-04:00
7648,prizepicks,15228686,2026-09-25T17:18:56+00:00,10.0,standard,pre_game,2026-09-25T11:42:39.194-04:00
7649,prizepicks,15228682,2026-09-25T17:18:56+00:00,27.5,standard,pre_game,2026-09-25T11:42:39.194-04:00
7650,prizepicks,15228687,2026-09-25T17:18:56+00:00,13.5,standard,pre_game,2026-09-25T11:42:39.194-04:00
7651,prizepicks,15191450,2026-09-25T17:18:56+00:00,17.5,demon,pre_game,2026-09-25T11:42:51.824-04:00
7652,prizepicks,15191452,2026-09-25T17:18:56+00:00,17.5,demon,pre_game,2026-09-25T11:43:17.748-04:00
7653,prizepicks,15191448,2026-09-25T17:18:56+00:00,16.5,standard,pre_game,2026-09-25T11:42:51.824-04:00
7654,prizepicks,15191451,2026-09-25T17:18:56+00:00,16.5,standard,pre_game,2026-09-25T11:43:17.748-04:00
7655,prizepicks,15191449,2026-09-25T17:18:56+00:00,15.5,goblin,pre_game,2026-09-25T11:42:51.824-04:00
7656,prizepicks,15191455,2026-09-25T17:18:56+00:00,15.5,demon,pre_game,2026-09-25T11:42:51.824-04:00
7657,prizepicks,15191458,2026-09-25T17:18:56+00:00,15.5,demon,pre_game,2026-09-25T11:43:17.748-04:00
7658,prizepicks,15191453,2026-09-25T17:18:56+00:00,14.5,standard,pre_game,2026-09-25T11:42:51.824-04:00
7659,prizepicks,15191456,2026-09-25T17:18:56+00:00,14.5,standard,pre_game,2026-09-25T11:43:17.748-04:00
7660,prizepicks,15191460,2026-09-25T17:18:56+00:00,14.5,demon,pre_game,2026-09-25T11:42:51.824-04:00
7661,prizepicks,15191463,2026-09-25T17:18:56+00:00,14.5,demon,pre_game,2026-09-25T11:43:17.748-04:00
7662,prizepicks,15191467,2026-09-25T17:18:56+00:00,14.5,demon,pre_game,2026-09-25T11:42:51.824-04:00
7663,prizepicks,15191471,2026-09-25T17:18:56+00:00,14.5,demon,pre_game,2026-09-25T11:43:17.748-04:00
7664,prizepicks,15191472,2026-09-25T17:18:56+00:00,14.5,demon,pre_game,2026-09-25T11:42:51.824-04:00
7665,prizepicks,15191474,2026-09-25T17:18:56+00:00,14.5,demon,pre_game,2026-09-25T11:43:17.748-04:00
7666,prizepicks,15191454,2026-09-25T17:18:56+00:00,13.5,goblin,pre_game,2026-09-25T11:42:51.824-04:00
7667,prizepicks,15191457,2026-09-25T17:18:56+00:00,13.5,goblin,pre_game,2026-09-25T11:43:17.748-04:00
7668,prizepicks,15191465,2026-09-25T17:18:56+00:00,13.5,standard,pre_game,2026-09-25T11:42:51.824-04:00
7669,prizepicks,15191469,2026-09-25T17:18:56+00:00,13.5,standard,pre_game,2026-09-25T11:43:17.748-04:00
7670,prizepicks,15191466,2026-09-25T17:18:56+00:00,12.5,goblin,pre_game,2026-09-25T11:42:51.824-04:00
7671,prizepicks,15191470,2026-09-25T17:18:56+00:00,12.5,goblin,pre_game,2026-09-25T11:43:17.748-04:00
7672,prizepicks,15191447,2026-09-25T17:18:56+00:00,9.5,standard,pre_game,2026-09-25T11:42:51.824-04:00
7673,prizepicks,15191459,2026-09-25T17:18:56+00:00,7.5,standard,pre_game,2026-09-25T11:42:51.824-04:00
7674,prizepicks,15191461,2026-09-25T17:18:56+00:00,7.5,standard,pre_game,2026-09-25T11:43:17.748-04:00
7675,prizepicks,15191464,2026-09-25T17:18:56+00:00,7.5,standard,pre_game,2026-09-25T11:42:51.824-04:00
7676,prizepicks,15191468,2026-09-25T17:18:56+00:00,7.5,standard,pre_game,2026-09-25T11:43:17.748-04:00
7677,prizepicks,14889444,2026-09-25T17:19:08+00:00,7.5,standard,pre_game,2026-09-23T23:18:35.181-04:00
7678,prizepicks,14893789,2026-09-25T17:19:08+00:00,90.5,standard,pre_game,2026-09-22T10:30:37.173-04:00
7679,prizepicks,14893790,2026-09-25T17:19:08+00:00,94.5,standard,pre_game,2026-09-20T20:06:51.078-04:00
7680,prizepicks,14893661,2026-09-25T17:19:08+00:00,29.5,standard,pre_game,2026-09-15T19:46:42.682-04:00
7681,prizepicks,14893662,2026-09-25T17:19:08+00:00,31.5,standard,pre_game,2026-09-15T19:45:18.094-04:00
7682,prizepicks,14893663,2026-09-25T17:19:08+00:00,26.5,standard,pre_game,2026-09-15T16:44:07.102-04:00
7683,prizepicks,14893664,2026-09-25T17:19:08+00:00,28.5,standard,pre_game,2026-09-15T16:44:07.102-04:00
7684,prizepicks,14893665,2026-09-25T17:19:08+00:00,31.0,standard,pre_game,2026-09-22T17:33:48.439-04:00
7685,prizepicks,14893666,2026-09-25T17:19:08+00:00,31.0,standard,pre_game,2026-09-16T20:06:33.663-04:00
7686,prizepicks,14893667,2026-09-25T17:19:08+00:00,33.5,standard,pre_game,2026-09-20T20:06:51.038-04:00
7687,prizepicks,14893668,2026-09-25T17:19:08+00:00,26.5,standard,pre_game,2026-09-15T16:43:58.006-04:00
7688,prizepicks,14893669,2026-09-25T17:19:08+00:00,29.5,standard,pre_game,2026-09-15T16:43:58.006-04:00
7689,prizepicks,14893670,2026-09-25T17:19:08+00:00,31.5,standard,pre_game,2026-09-15T16:43:58.006-04:00
7690,prizepicks,14889445,2026-09-25T17:19:08+00:00,7.5,standard,pre_game,2026-09-15T16:44:20.483-04:00
7691,prizepicks,14893792,2026-09-25T17:19:08+00:00,59.5,standard,pre_game,2026-09-24T23:29:52.674-04:00
7692,prizepicks,14893672,2026-09-25T17:19:08+00:00,31.5,standard,pre_game,2026-09-23T23:59:58.956-04:00
7693,prizepicks,14893673,2026-09-25T17:19:08+00:00,35.5,standard,pre_game,2026-09-15T19:40:42.526-04:00
7694,prizepicks,14893674,2026-09-25T17:19:08+00:00,29.0,standard,pre_game,2026-09-22T20:26:53.680-04:00
7695,prizepicks,14893675,2026-09-25T17:19:08+00:00,32.5,standard,pre_game,2026-09-15T16:44:20.483-04:00
7696,prizepicks,14893676,2026-09-25T17:19:08+00:00,25.5,standard,pre_game,2026-09-15T19:44:24.606-04:00
7697,prizepicks,14893677,2026-09-25T17:19:08+00:00,34.5,standard,pre_game,2026-09-15T16:49:04.005-04:00
7698,prizepicks,14893678,2026-09-25T17:19:08+00:00,28.0,standard,pre_game,2026-09-15T19:41:03.824-04:00
7699,prizepicks,14893679,2026-09-25T17:19:08+00:00,28.5,standard,pre_game,2026-09-15T19:45:36.562-04:00
7700,prizepicks,14893680,2026-09-25T17:19:08+00:00,25.5,standard,pre_game,2026-09-15T16:48:36.355-04:00
7701,prizepicks,14889446,2026-09-25T17:19:08+00:00,8.5,standard,pre_game,2026-09-15T16:44:41.745-04:00
7702,prizepicks,14893793,2026-09-25T17:19:08+00:00,90.5,standard,pre_game,2026-09-15T16:44:41.745-04:00
7703,prizepicks,14893794,2026-09-25T17:19:08+00:00,62.0,standard,pre_game,2026-09-25T11:19:42.741-04:00
7704,prizepicks,14893681,2026-09-25T17:19:08+00:00,31.0,standard,pre_game,2026-09-24T23:29:08.801-04:00
7705,prizepicks,14893682,2026-09-25T17:19:08+00:00,28.5,standard,pre_game,2026-09-15T19:41:39.730-04:00
7706,prizepicks,14893683,2026-09-25T17:19:08+00:00,31.5,standard,pre_game,2026-09-15T16:44:41.745-04:00
7707,prizepicks,14893684,2026-09-25T17:19:08+00:00,28.0,standard,pre_game,2026-09-15T16:44:41.745-04:00
7708,prizepicks,14893685,2026-09-25T17:19:08+00:00,32.0,standard,pre_game,2026-09-16T20:05:48.179-04:00
7709,prizepicks,14893686,2026-09-25T17:19:08+00:00,24.5,standard,pre_game,2026-09-16T20:04:56.117-04:00
7710,prizepicks,14893687,2026-09-25T17:19:08+00:00,32.0,standard,pre_game,2026-09-22T17:33:27.384-04:00
7711,prizepicks,14893688,2026-09-25T17:19:08+00:00,25.5,standard,pre_game,2026-09-15T16:44:48.797-04:00
7712,prizepicks,14893689,2026-09-25T17:19:08+00:00,31.5,standard,pre_game,2026-09-25T11:19:42.694-04:00
7713,prizepicks,14893690,2026-09-25T17:19:08+00:00,27.5,standard,pre_game,2026-09-15T16:48:12.189-04:00
7714,prizepicks,14889447,2026-09-25T17:19:08+00:00,7.5,standard,pre_game,2026-09-15T16:45:43.494-04:00
7715,prizepicks,14893795,2026-09-25T17:19:08+00:00,88.0,standard,pre_game,2026-09-21T02:33:55.383-04:00
7716,prizepicks,14893796,2026-09-25T17:19:08+00:00,54.0,standard,pre_game,2026-09-15T16:45:28.279-04:00
7717,prizepicks,14893691,2026-09-25T17:19:08+00:00,28.5,standard,pre_game,2026-09-15T19:42:02.481-04:00
7718,prizepicks,14893692,2026-09-25T17:19:08+00:00,24.0,standard,pre_game,2026-09-22T17:34:17.243-04:00
7719,prizepicks,14893693,2026-09-25T17:19:08+00:00,27.5,standard,pre_game,2026-09-15T16:45:28.279-04:00
7720,prizepicks,14893694,2026-09-25T17:19:08+00:00,31.5,standard,pre_game,2026-09-15T16:45:28.279-04:00
7721,prizepicks,14893695,2026-09-25T17:19:08+00:00,26.5,standard,pre_game,2026-09-15T16:45:28.279-04:00
7722,prizepicks,14893696,2026-09-25T17:19:08+00:00,27.5,standard,pre_game,2026-09-15T16:45:43.494-04:00
7723,prizepicks,14893697,2026-09-25T17:19:08+00:00,29.5,standard,pre_game,2026-09-15T16:45:43.494-04:00
7724,prizepicks,14893698,2026-09-25T17:19:08+00:00,31.0,standard,pre_game,2026-09-21T02:33:55.336-04:00
7725,prizepicks,14893699,2026-09-25T17:19:08+00:00,26.5,standard,pre_game,2026-09-15T16:45:43.494-04:00
7726,prizepicks,14893700,2026-09-25T17:19:08+00:00,33.5,standard,pre_game,2026-09-15T16:45:43.494-04:00
7727,prizepicks,15193939,2026-09-25T17:19:08+00:00,91.0,standard,pre_game,2026-09-24T11:52:08.332-04:00
7728,prizepicks,15193940,2026-09-25T17:19:08+00:00,61.0,standard,pre_game,2026-09-24T11:52:08.332-04:00
7729,prizepicks,15193848,2026-09-25T17:19:08+00:00,29.5,standard,pre_game,2026-09-24T11:52:08.332-04:00
7730,prizepicks,15193851,2026-09-25T17:19:08+00:00,29.5,standard,pre_game,2026-09-24T11:52:08.332-04:00
7731,prizepicks,15193853,2026-09-25T17:19:08+00:00,30.5,standard,pre_game,2026-09-24T11:52:08.332-04:00
7732,prizepicks,15193854,2026-09-25T17:19:08+00:00,31.5,standard,pre_game,2026-09-24T11:52:08.332-04:00
7733,prizepicks,15193855,2026-09-25T17:19:08+00:00,29.5,standard,pre_game,2026-09-24T12:09:43.359-04:00
7734,prizepicks,15193856,2026-09-25T17:19:08+00:00,32.0,standard,pre_game,2026-09-24T11:52:08.332-04:00
7735,prizepicks,15193857,2026-09-25T17:19:08+00:00,28.5,standard,pre_game,2026-09-24T11:52:08.332-04:00
7736,prizepicks,15193858,2026-09-25T17:19:08+00:00,29.5,standard,pre_game,2026-09-24T11:52:08.332-04:00
7737,prizepicks,15193859,2026-09-25T17:19:08+00:00,29.5,standard,pre_game,2026-09-24T11:52:08.332-04:00
7738,prizepicks,15193860,2026-09-25T17:19:08+00:00,32.5,standard,pre_game,2026-09-24T12:13:30.387-04:00
7739,prizepicks,15193941,2026-09-25T17:19:08+00:00,93.0,standard,pre_game,2026-09-24T11:52:08.332-04:00
7740,prizepicks,15193861,2026-09-25T17:19:08+00:00,23.5,standard,pre_game,2026-09-24T11:52:08.332-04:00
7741,prizepicks,15193862,2026-09-25T17:19:08+00:00,32.5,standard,pre_game,2026-09-24T23:30:31.801-04:00
7742,prizepicks,15193863,2026-09-25T17:19:08+00:00,26.0,standard,pre_game,2026-09-24T11:52:08.332-04:00
7743,prizepicks,15193864,2026-09-25T17:19:08+00:00,30.5,standard,pre_game,2026-09-24T11:52:08.332-04:00
7744,prizepicks,15193865,2026-09-25T17:19:08+00:00,24.5,standard,pre_game,2026-09-24T11:52:08.332-04:00
7745,prizepicks,15193866,2026-09-25T17:19:08+00:00,31.5,standard,pre_game,2026-09-24T11:52:08.332-04:00
7746,prizepicks,15193867,2026-09-25T17:19:08+00:00,27.5,standard,pre_game,2026-09-24T11:52:08.332-04:00
7747,prizepicks,15193868,2026-09-25T17:19:08+00:00,25.5,standard,pre_game,2026-09-24T11:52:08.332-04:00
7748,prizepicks,15193869,2026-09-25T17:19:08+00:00,34.0,standard,pre_game,2026-09-24T11:52:08.332-04:00
7749,prizepicks,15198016,2026-09-25T17:25:45+00:00,33.5,standard,pre_game,2026-09-25T10:58:53.581-04:00
7750,prizepicks,15198017,2026-09-25T17:25:45+00:00,28.5,standard,pre_game,2026-09-25T10:58:53.525-04:00
7751,prizepicks,15198018,2026-09-25T17:25:45+00:00,22.5,standard,pre_game,2026-09-24T22:27:48.005-04:00
7752,prizepicks,15198019,2026-09-25T17:25:45+00:00,18.5,standard,pre_game,2026-09-24T22:27:11.430-04:00
7753,prizepicks,15198571,2026-09-25T17:25:45+00:00,10.5,demon,pre_game,2026-09-24T14:57:03.486-04:00
7754,prizepicks,15197798,2026-09-25T17:25:45+00:00,8.5,standard,pre_game,2026-09-24T14:44:03.407-04:00
7755,prizepicks,15198572,2026-09-25T17:25:45+00:00,6.5,goblin,pre_game,2026-09-24T14:57:03.740-04:00
7756,prizepicks,15198493,2026-09-25T17:25:45+00:00,14.5,demon,pre_game,2026-09-24T14:52:23.507-04:00
7757,prizepicks,15197799,2026-09-25T17:25:45+00:00,12.5,standard,pre_game,2026-09-24T14:44:03.407-04:00
7758,prizepicks,15198494,2026-09-25T17:25:45+00:00,10.5,goblin,pre_game,2026-09-24T14:52:23.597-04:00
7759,prizepicks,15198799,2026-09-25T17:25:45+00:00,14.5,demon,pre_game,2026-09-24T15:04:31.551-04:00
7760,prizepicks,15197800,2026-09-25T17:25:45+00:00,12.5,standard,pre_game,2026-09-25T10:58:49.887-04:00
7761,prizepicks,15198800,2026-09-25T17:25:45+00:00,8.5,goblin,pre_game,2026-09-24T15:04:31.614-04:00
7762,prizepicks,15198842,2026-09-25T17:25:45+00:00,18.5,demon,pre_game,2026-09-24T15:06:07.578-04:00
7763,prizepicks,15197801,2026-09-25T17:25:45+00:00,15.5,standard,pre_game,2026-09-24T14:44:03.407-04:00
7764,prizepicks,15198843,2026-09-25T17:25:45+00:00,12.5,goblin,pre_game,2026-09-24T15:06:07.652-04:00
7765,prizepicks,15197973,2026-09-25T17:25:45+00:00,2.5,demon,pre_game,2026-09-24T14:44:03.407-04:00
7766,prizepicks,15198729,2026-09-25T17:25:45+00:00,9.5,demon,pre_game,2026-09-24T15:01:02.182-04:00
7767,prizepicks,15197803,2026-09-25T17:25:45+00:00,7.0,standard,pre_game,2026-09-24T17:10:44.778-04:00
7768,prizepicks,15198730,2026-09-25T17:25:45+00:00,5.5,goblin,pre_game,2026-09-24T15:01:02.257-04:00
7769,prizepicks,15198488,2026-09-25T17:25:45+00:00,9.5,demon,pre_game,2026-09-24T14:51:33.359-04:00
7770,prizepicks,15197804,2026-09-25T17:25:45+00:00,7.0,standard,pre_game,2026-09-24T22:27:40.342-04:00
7771,prizepicks,15198489,2026-09-25T17:25:45+00:00,5.5,goblin,pre_game,2026-09-24T14:51:33.416-04:00
7772,prizepicks,15198468,2026-09-25T17:25:45+00:00,11.5,demon,pre_game,2026-09-24T15:52:25.506-04:00
7773,prizepicks,15197805,2026-09-25T17:25:45+00:00,8.5,standard,pre_game,2026-09-24T15:48:00.789-04:00
7774,prizepicks,15198469,2026-09-25T17:25:45+00:00,5.5,goblin,pre_game,2026-09-24T15:52:28.245-04:00
7775,prizepicks,15198922,2026-09-25T17:25:45+00:00,13.5,demon,pre_game,2026-09-24T15:07:35.389-04:00
7776,prizepicks,15197806,2026-09-25T17:25:45+00:00,10.0,standard,pre_game,2026-09-24T22:27:11.373-04:00
7777,prizepicks,15198923,2026-09-25T17:25:45+00:00,7.5,goblin,pre_game,2026-09-24T15:07:35.441-04:00
7778,prizepicks,15197990,2026-09-25T17:25:45+00:00,1.5,goblin,pre_game,2026-09-24T14:43:54.424-04:00
7779,prizepicks,15192295,2026-09-25T17:25:57+00:00,13.5,standard,pre_game,2026-09-25T12:52:42.638-04:00
7780,prizepicks,15192296,2026-09-25T17:25:57+00:00,14.5,standard,pre_game,2026-09-25T12:52:42.638-04:00
7781,prizepicks,15192297,2026-09-25T17:25:57+00:00,14.5,standard,pre_game,2026-09-25T12:52:42.638-04:00
7782,prizepicks,15192298,2026-09-25T17:25:57+00:00,12.5,standard,pre_game,2026-09-25T12:52:42.638-04:00
7783,prizepicks,15192299,2026-09-25T17:25:57+00:00,15.5,standard,pre_game,2026-09-25T12:52:42.638-04:00
7784,prizepicks,15192300,2026-09-25T17:25:57+00:00,14.0,standard,pre_game,2026-09-25T12:52:47.233-04:00
7785,prizepicks,15192301,2026-09-25T17:25:57+00:00,14.0,standard,pre_game,2026-09-25T12:52:47.233-04:00
7786,prizepicks,15192302,2026-09-25T17:25:57+00:00,14.5,standard,pre_game,2026-09-25T12:52:47.233-04:00
7787,prizepicks,15192304,2026-09-25T17:25:57+00:00,12.0,standard,pre_game,2026-09-25T12:52:47.233-04:00
7788,prizepicks,15192305,2026-09-25T17:25:57+00:00,13.5,standard,pre_game,2026-09-25T12:52:47.233-04:00
7789,prizepicks,15192309,2026-09-25T17:25:57+00:00,8.0,standard,pre_game,2026-09-25T12:52:42.638-04:00
7790,prizepicks,15192310,2026-09-25T17:25:57+00:00,5.0,standard,pre_game,2026-09-25T12:52:42.638-04:00
7791,prizepicks,15192313,2026-09-25T17:25:57+00:00,8.0,standard,pre_game,2026-09-25T12:52:42.638-04:00
7792,prizepicks,15192314,2026-09-25T17:25:57+00:00,7.5,standard,pre_game,2026-09-25T12:52:42.638-04:00
7793,prizepicks,15192315,2026-09-25T17:25:57+00:00,8.0,standard,pre_game,2026-09-25T12:52:42.638-04:00
7794,prizepicks,15192316,2026-09-25T17:25:57+00:00,8.0,standard,pre_game,2026-09-25T12:52:47.233-04:00
7795,prizepicks,15192317,2026-09-25T17:25:57+00:00,4.5,standard,pre_game,2026-09-25T12:52:47.233-04:00
7796,prizepicks,15192318,2026-09-25T17:25:57+00:00,8.0,standard,pre_game,2026-09-25T12:52:47.233-04:00
7797,prizepicks,15192319,2026-09-25T17:25:57+00:00,6.0,standard,pre_game,2026-09-25T12:52:47.233-04:00
7798,prizepicks,15192320,2026-09-25T17:25:57+00:00,7.5,standard,pre_game,2026-09-25T12:52:47.233-04:00
7799,prizepicks,15194526,2026-09-25T17:25:57+00:00,33.0,standard,pre_game,2026-09-24T12:06:53.570-04:00
7800,prizepicks,15194527,2026-09-25T17:25:57+00:00,32.0,standard,pre_game,2026-09-24T12:06:53.570-04:00
7801,prizepicks,15194528,2026-09-25T17:25:57+00:00,28.0,standard,pre_game,2026-09-24T12:06:53.570-04:00
7802,prizepicks,15194529,2026-09-25T17:25:57+00:00,28.0,standard,pre_game,2026-09-24T12:06:53.570-04:00
7803,prizepicks,15194530,2026-09-25T17:25:57+00:00,25.0,standard,pre_game,2026-09-24T14:08:32.752-04:00
7804,prizepicks,15194531,2026-09-25T17:25:57+00:00,31.5,standard,pre_game,2026-09-25T03:58:36.251-04:00
7805,prizepicks,15194532,2026-09-25T17:25:57+00:00,28.0,standard,pre_game,2026-09-24T12:06:59.211-04:00
7806,prizepicks,15194533,2026-09-25T17:25:57+00:00,28.0,standard,pre_game,2026-09-24T12:06:59.211-04:00
7807,prizepicks,15194534,2026-09-25T17:25:57+00:00,27.5,standard,pre_game,2026-09-24T12:06:59.211-04:00
7808,prizepicks,15194535,2026-09-25T17:25:57+00:00,27.0,standard,pre_game,2026-09-24T12:06:59.211-04:00
7809,prizepicks,15194538,2026-09-25T17:25:57+00:00,20.0,standard,pre_game,2026-09-24T12:06:53.570-04:00
7810,prizepicks,15194542,2026-09-25T17:25:57+00:00,17.0,standard,pre_game,2026-09-24T23:55:45.816-04:00
7811,prizepicks,15194543,2026-09-25T17:25:57+00:00,15.5,standard,pre_game,2026-09-24T12:06:53.570-04:00
7812,prizepicks,15194545,2026-09-25T17:25:57+00:00,10.0,standard,pre_game,2026-09-24T12:06:53.570-04:00
7813,prizepicks,15194546,2026-09-25T17:25:57+00:00,11.5,standard,pre_game,2026-09-24T17:25:11.251-04:00
7814,prizepicks,15194547,2026-09-25T17:25:57+00:00,16.5,standard,pre_game,2026-09-24T15:27:03.304-04:00
7815,prizepicks,15194548,2026-09-25T17:25:57+00:00,15.0,standard,pre_game,2026-09-24T12:06:59.211-04:00
7816,prizepicks,15194549,2026-09-25T17:25:57+00:00,9.5,standard,pre_game,2026-09-24T12:06:59.211-04:00
7817,prizepicks,15194550,2026-09-25T17:25:57+00:00,15.0,standard,pre_game,2026-09-24T12:06:59.211-04:00
7818,prizepicks,15194551,2026-09-25T17:25:57+00:00,17.0,standard,pre_game,2026-09-24T12:06:59.211-04:00
7819,prizepicks,15196267,2026-09-25T17:25:57+00:00,14.5,standard,pre_game,2026-09-24T13:43:57.652-04:00
7820,prizepicks,15196277,2026-09-25T17:25:57+00:00,7.0,standard,pre_game,2026-09-24T13:43:58.214-04:00
7821,prizepicks,15196268,2026-09-25T17:25:57+00:00,14.5,standard,pre_game,2026-09-24T13:43:57.765-04:00
7822,prizepicks,15196278,2026-09-25T17:25:57+00:00,7.0,standard,pre_game,2026-09-24T13:43:58.260-04:00
7823,prizepicks,15196269,2026-09-25T17:25:57+00:00,12.0,standard,pre_game,2026-09-24T13:43:57.822-04:00
7824,prizepicks,15196279,2026-09-25T17:25:57+00:00,6.5,standard,pre_game,2026-09-24T13:43:58.312-04:00
7825,prizepicks,15196270,2026-09-25T17:25:57+00:00,14.5,standard,pre_game,2026-09-24T13:43:57.886-04:00
7826,prizepicks,15196280,2026-09-25T17:25:57+00:00,8.0,standard,pre_game,2026-09-24T13:43:58.359-04:00
7827,prizepicks,15196271,2026-09-25T17:25:57+00:00,16.0,standard,pre_game,2026-09-24T13:43:57.934-04:00
7828,prizepicks,15196281,2026-09-25T17:25:57+00:00,5.5,standard,pre_game,2026-09-24T13:43:58.427-04:00
7829,prizepicks,15196272,2026-09-25T17:25:57+00:00,14.0,standard,pre_game,2026-09-24T13:43:57.980-04:00
7830,prizepicks,15196282,2026-09-25T17:25:57+00:00,6.0,standard,pre_game,2026-09-24T13:43:58.475-04:00
7831,prizepicks,15196273,2026-09-25T17:25:57+00:00,14.0,standard,pre_game,2026-09-24T13:43:58.026-04:00
7832,prizepicks,15196283,2026-09-25T17:25:57+00:00,4.5,standard,pre_game,2026-09-24T13:43:58.522-04:00
7833,prizepicks,15196274,2026-09-25T17:25:57+00:00,13.0,standard,pre_game,2026-09-24T13:43:58.075-04:00
7834,prizepicks,15196284,2026-09-25T17:25:57+00:00,8.0,standard,pre_game,2026-09-24T13:43:58.571-04:00
7835,prizepicks,15196275,2026-09-25T17:25:57+00:00,14.0,standard,pre_game,2026-09-24T13:43:58.120-04:00
7836,prizepicks,15196285,2026-09-25T17:25:57+00:00,7.5,standard,pre_game,2026-09-24T13:43:58.618-04:00
7837,prizepicks,15196276,2026-09-25T17:25:57+00:00,13.5,standard,pre_game,2026-09-24T13:43:58.165-04:00
7838,prizepicks,15196286,2026-09-25T17:25:57+00:00,8.0,standard,pre_game,2026-09-24T13:43:58.668-04:00
7839,prizepicks,15192251,2026-09-25T17:25:57+00:00,12.5,standard,pre_game,2026-09-25T13:16:19.003-04:00
7840,prizepicks,15192252,2026-09-25T17:25:57+00:00,15.5,standard,pre_game,2026-09-25T13:16:19.003-04:00
7841,prizepicks,15192253,2026-09-25T17:25:57+00:00,11.5,standard,pre_game,2026-09-25T13:16:19.003-04:00
7842,prizepicks,15192254,2026-09-25T17:25:57+00:00,15.5,standard,pre_game,2026-09-25T13:16:19.003-04:00
7843,prizepicks,15192255,2026-09-25T17:25:57+00:00,17.5,standard,pre_game,2026-09-25T13:16:19.003-04:00
7844,prizepicks,15192256,2026-09-25T17:25:57+00:00,17.0,standard,pre_game,2026-09-25T13:16:19.003-04:00
7845,prizepicks,15192257,2026-09-25T17:25:57+00:00,13.5,standard,pre_game,2026-09-25T13:16:19.003-04:00
7846,prizepicks,15192258,2026-09-25T17:25:57+00:00,16.5,standard,pre_game,2026-09-25T13:16:19.003-04:00
7847,prizepicks,15192260,2026-09-25T17:25:57+00:00,17.0,standard,pre_game,2026-09-25T13:16:19.003-04:00
7848,prizepicks,15192241,2026-09-25T17:25:57+00:00,27.0,standard,pre_game,2026-09-25T13:16:19.003-04:00
7849,prizepicks,15192242,2026-09-25T17:25:57+00:00,28.0,standard,pre_game,2026-09-25T13:16:19.003-04:00
7850,prizepicks,15192243,2026-09-25T17:25:57+00:00,31.5,standard,pre_game,2026-09-25T13:16:19.003-04:00
7851,prizepicks,15192244,2026-09-25T17:25:57+00:00,27.5,standard,pre_game,2026-09-25T13:16:19.003-04:00
7852,prizepicks,15192245,2026-09-25T17:25:57+00:00,30.0,standard,pre_game,2026-09-25T13:16:19.003-04:00
7853,prizepicks,15192246,2026-09-25T17:25:57+00:00,27.0,standard,pre_game,2026-09-25T13:16:19.003-04:00
7854,prizepicks,15192247,2026-09-25T17:25:57+00:00,27.0,standard,pre_game,2026-09-25T13:16:19.003-04:00
7855,prizepicks,15192248,2026-09-25T17:25:57+00:00,31.5,standard,pre_game,2026-09-25T13:16:19.003-04:00
7856,prizepicks,15192249,2026-09-25T17:25:57+00:00,33.5,standard,pre_game,2026-09-25T13:16:19.003-04:00
7857,prizepicks,15192250,2026-09-25T17:25:57+00:00,29.5,standard,pre_game,2026-09-25T13:16:19.003-04:00
7858,prizepicks,15201779,2026-09-25T17:25:57+00:00,12.5,standard,pre_game,2026-09-24T17:05:47.422-04:00
7859,prizepicks,15201780,2026-09-25T17:25:57+00:00,14.0,standard,pre_game,2026-09-24T17:05:47.439-04:00
7860,prizepicks,15201781,2026-09-25T17:25:57+00:00,15.5,standard,pre_game,2026-09-24T17:05:47.454-04:00
7861,prizepicks,15201782,2026-09-25T17:25:57+00:00,15.5,standard,pre_game,2026-09-25T10:22:11.697-04:00
7862,prizepicks,15201783,2026-09-25T17:25:57+00:00,15.5,standard,pre_game,2026-09-24T17:05:47.488-04:00
7863,prizepicks,15201784,2026-09-25T17:25:57+00:00,13.0,standard,pre_game,2026-09-25T10:37:39.405-04:00
7864,prizepicks,15201785,2026-09-25T17:25:57+00:00,14.5,standard,pre_game,2026-09-24T17:05:47.524-04:00
7865,prizepicks,15201786,2026-09-25T17:25:57+00:00,14.0,standard,pre_game,2026-09-24T17:05:47.539-04:00
7866,prizepicks,15201787,2026-09-25T17:25:57+00:00,11.5,standard,pre_game,2026-09-24T17:05:47.555-04:00
7867,prizepicks,15201788,2026-09-25T17:25:57+00:00,14.0,standard,pre_game,2026-09-24T17:05:47.570-04:00
7868,prizepicks,15201789,2026-09-25T17:25:57+00:00,7.0,standard,pre_game,2026-09-24T17:23:44.258-04:00
7869,prizepicks,15201791,2026-09-25T17:25:57+00:00,8.0,standard,pre_game,2026-09-24T17:05:47.612-04:00
7870,prizepicks,15201792,2026-09-25T17:25:57+00:00,8.0,standard,pre_game,2026-09-25T10:22:11.644-04:00
7871,prizepicks,15201793,2026-09-25T17:25:57+00:00,7.5,standard,pre_game,2026-09-24T17:05:47.652-04:00
7872,prizepicks,15201794,2026-09-25T17:25:57+00:00,8.5,standard,pre_game,2026-09-24T17:05:47.669-04:00
7873,prizepicks,15201795,2026-09-25T17:25:57+00:00,8.0,standard,pre_game,2026-09-24T17:05:47.685-04:00
7874,prizepicks,15201796,2026-09-25T17:25:57+00:00,8.5,standard,pre_game,2026-09-24T17:05:47.699-04:00
7875,prizepicks,15201797,2026-09-25T17:25:57+00:00,5.5,standard,pre_game,2026-09-24T17:05:47.715-04:00
7876,prizepicks,15201798,2026-09-25T17:25:57+00:00,5.5,standard,pre_game,2026-09-24T17:05:47.730-04:00
7877,prizepicks,15194630,2026-09-25T17:25:57+00:00,16.0,standard,pre_game,2026-09-25T08:51:34.506-04:00
7878,prizepicks,15194631,2026-09-25T17:25:57+00:00,15.0,standard,pre_game,2026-09-25T10:41:53.569-04:00
7879,prizepicks,15194632,2026-09-25T17:25:57+00:00,14.5,standard,pre_game,2026-09-25T08:51:34.506-04:00
7880,prizepicks,15194633,2026-09-25T17:25:57+00:00,14.0,standard,pre_game,2026-09-25T08:51:34.506-04:00
7881,prizepicks,15194634,2026-09-25T17:25:57+00:00,13.5,standard,pre_game,2026-09-25T08:51:34.506-04:00
7882,prizepicks,15194635,2026-09-25T17:25:57+00:00,14.5,standard,pre_game,2026-09-25T08:51:34.506-04:00
7883,prizepicks,15194636,2026-09-25T17:25:57+00:00,13.5,standard,pre_game,2026-09-25T08:51:34.506-04:00
7884,prizepicks,15194637,2026-09-25T17:25:57+00:00,13.5,standard,pre_game,2026-09-25T08:51:34.506-04:00
7885,prizepicks,15194638,2026-09-25T17:25:57+00:00,13.0,standard,pre_game,2026-09-25T08:51:34.506-04:00
7886,prizepicks,15194639,2026-09-25T17:25:57+00:00,12.5,standard,pre_game,2026-09-25T08:51:34.506-04:00
7887,prizepicks,15194640,2026-09-25T17:25:57+00:00,10.0,standard,pre_game,2026-09-25T08:51:34.506-04:00
7888,prizepicks,15194641,2026-09-25T17:25:57+00:00,6.0,standard,pre_game,2026-09-25T08:51:34.506-04:00
7889,prizepicks,15194642,2026-09-25T17:25:57+00:00,8.5,standard,pre_game,2026-09-25T08:51:34.506-04:00
7890,prizepicks,15194643,2026-09-25T17:25:57+00:00,8.0,standard,pre_game,2026-09-25T08:51:34.506-04:00
7891,prizepicks,15194644,2026-09-25T17:25:57+00:00,8.0,standard,pre_game,2026-09-25T08:51:34.506-04:00
7892,prizepicks,15194645,2026-09-25T17:25:57+00:00,8.5,standard,pre_game,2026-09-25T08:51:34.506-04:00
7893,prizepicks,15194646,2026-09-25T17:25:57+00:00,6.5,standard,pre_game,2026-09-25T08:51:34.506-04:00
7894,prizepicks,15194647,2026-09-25T17:25:57+00:00,7.0,standard,pre_game,2026-09-25T08:51:34.506-04:00
7895,prizepicks,15194648,2026-09-25T17:25:57+00:00,4.5,standard,pre_game,2026-09-25T08:51:34.506-04:00
7896,prizepicks,15194649,2026-09-25T17:25:57+00:00,7.0,standard,pre_game,2026-09-25T08:51:34.506-04:00
7897,prizepicks,15200460,2026-09-25T17:25:57+00:00,32.0,standard,pre_game,2026-09-24T15:57:19.856-04:00
7898,prizepicks,15200461,2026-09-25T17:25:57+00:00,32.0,standard,pre_game,2026-09-24T15:57:19.856-04:00
7899,prizepicks,15200462,2026-09-25T17:25:57+00:00,29.5,standard,pre_game,2026-09-24T15:57:19.856-04:00
7900,prizepicks,15200463,2026-09-25T17:25:57+00:00,27.0,standard,pre_game,2026-09-24T15:57:19.856-04:00
7901,prizepicks,15200464,2026-09-25T17:25:57+00:00,27.0,standard,pre_game,2026-09-24T15:57:19.856-04:00
7902,prizepicks,15200465,2026-09-25T17:25:57+00:00,24.0,standard,pre_game,2026-09-24T16:15:19.996-04:00
7903,prizepicks,15200466,2026-09-25T17:25:57+00:00,25.0,standard,pre_game,2026-09-24T16:15:15.959-04:00
7904,prizepicks,15200467,2026-09-25T17:25:57+00:00,24.5,standard,pre_game,2026-09-24T23:12:21.975-04:00
7905,prizepicks,15200468,2026-09-25T17:25:57+00:00,25.5,standard,pre_game,2026-09-24T15:57:24.152-04:00
7906,prizepicks,15200469,2026-09-25T17:25:57+00:00,24.0,standard,pre_game,2026-09-24T15:57:24.152-04:00
7907,prizepicks,15200470,2026-09-25T17:25:57+00:00,11.0,standard,pre_game,2026-09-24T15:57:19.856-04:00
7908,prizepicks,15200471,2026-09-25T17:25:57+00:00,15.5,standard,pre_game,2026-09-24T15:57:19.856-04:00
7909,prizepicks,15200472,2026-09-25T17:25:57+00:00,17.5,standard,pre_game,2026-09-24T15:57:19.856-04:00
7910,prizepicks,15200473,2026-09-25T17:25:57+00:00,14.5,standard,pre_game,2026-09-24T15:57:19.856-04:00
7911,prizepicks,15200474,2026-09-25T17:25:57+00:00,13.5,standard,pre_game,2026-09-24T15:57:19.856-04:00
7912,prizepicks,15200475,2026-09-25T17:25:57+00:00,15.0,standard,pre_game,2026-09-24T22:41:32.110-04:00
7913,prizepicks,15200476,2026-09-25T17:25:57+00:00,14.5,standard,pre_game,2026-09-24T15:57:24.152-04:00
7914,prizepicks,15200477,2026-09-25T17:25:57+00:00,15.5,standard,pre_game,2026-09-25T11:18:38.932-04:00
7915,prizepicks,15200478,2026-09-25T17:25:57+00:00,9.5,standard,pre_game,2026-09-24T15:57:24.152-04:00
7916,prizepicks,15200479,2026-09-25T17:25:57+00:00,12.0,standard,pre_game,2026-09-24T15:57:24.152-04:00
7917,prizepicks,15198653,2026-09-25T17:25:57+00:00,32.5,standard,pre_game,2026-09-24T15:14:09.253-04:00
7918,prizepicks,15198663,2026-09-25T17:25:57+00:00,19.0,standard,pre_game,2026-09-24T21:14:41.428-04:00
7919,prizepicks,15198654,2026-09-25T17:25:57+00:00,30.5,standard,pre_game,2026-09-24T15:09:32.851-04:00
7920,prizepicks,15198664,2026-09-25T17:25:57+00:00,14.5,standard,pre_game,2026-09-24T15:09:32.851-04:00
7921,prizepicks,15198655,2026-09-25T17:25:57+00:00,29.0,standard,pre_game,2026-09-24T15:09:32.851-04:00
7922,prizepicks,15198665,2026-09-25T17:25:57+00:00,10.5,standard,pre_game,2026-09-24T15:09:32.851-04:00
7923,prizepicks,15198656,2026-09-25T17:25:57+00:00,29.0,standard,pre_game,2026-09-24T15:09:32.851-04:00
7924,prizepicks,15198666,2026-09-25T17:25:57+00:00,16.5,standard,pre_game,2026-09-24T15:09:32.851-04:00
7925,prizepicks,15198657,2026-09-25T17:25:57+00:00,26.0,standard,pre_game,2026-09-24T15:09:32.851-04:00
7926,prizepicks,15198667,2026-09-25T17:25:57+00:00,13.0,standard,pre_game,2026-09-24T15:09:32.851-04:00
7927,prizepicks,15198658,2026-09-25T17:25:57+00:00,27.5,standard,pre_game,2026-09-24T15:09:38.410-04:00
7928,prizepicks,15198668,2026-09-25T17:25:57+00:00,9.5,standard,pre_game,2026-09-24T15:09:38.410-04:00
7929,prizepicks,15198659,2026-09-25T17:25:57+00:00,26.5,standard,pre_game,2026-09-25T01:53:52.670-04:00
7930,prizepicks,15198669,2026-09-25T17:25:57+00:00,13.0,standard,pre_game,2026-09-24T23:11:22.405-04:00
7931,prizepicks,15198660,2026-09-25T17:25:57+00:00,26.0,standard,pre_game,2026-09-24T15:09:38.410-04:00
7932,prizepicks,15198670,2026-09-25T17:25:57+00:00,13.0,standard,pre_game,2026-09-24T15:09:38.410-04:00
7933,prizepicks,15198661,2026-09-25T17:25:57+00:00,26.0,standard,pre_game,2026-09-24T15:09:38.410-04:00
7934,prizepicks,15198671,2026-09-25T17:25:57+00:00,15.5,standard,pre_game,2026-09-24T15:09:38.410-04:00
7935,prizepicks,15198662,2026-09-25T17:25:57+00:00,24.0,standard,pre_game,2026-09-24T23:12:39.431-04:00
7936,prizepicks,15198672,2026-09-25T17:25:57+00:00,12.5,standard,pre_game,2026-09-24T16:16:44.278-04:00
7937,prizepicks,15212932,2026-09-25T17:25:57+00:00,16.5,demon,pre_game,2026-09-25T01:38:38.517-04:00
7938,prizepicks,15212935,2026-09-25T17:25:57+00:00,16.5,demon,pre_game,2026-09-25T01:38:30.160-04:00
7939,prizepicks,15212917,2026-09-25T17:25:57+00:00,15.5,demon,pre_game,2026-09-25T01:38:38.517-04:00
7940,prizepicks,15212920,2026-09-25T17:25:57+00:00,15.5,demon,pre_game,2026-09-25T01:38:30.160-04:00
7941,prizepicks,15212924,2026-09-25T17:25:57+00:00,15.5,demon,pre_game,2026-09-25T01:38:30.160-04:00
7942,prizepicks,15212931,2026-09-25T17:25:57+00:00,15.5,standard,pre_game,2026-09-25T01:38:38.517-04:00
7943,prizepicks,15212934,2026-09-25T17:25:57+00:00,15.5,standard,pre_game,2026-09-25T01:38:30.160-04:00
7944,prizepicks,15212916,2026-09-25T17:25:57+00:00,14.5,standard,pre_game,2026-09-25T01:38:38.517-04:00
7945,prizepicks,15212919,2026-09-25T17:25:57+00:00,14.5,standard,pre_game,2026-09-25T01:38:30.160-04:00
7946,prizepicks,15212933,2026-09-25T17:25:57+00:00,14.5,goblin,pre_game,2026-09-25T01:38:38.517-04:00
7947,prizepicks,15212936,2026-09-25T17:25:57+00:00,14.5,goblin,pre_game,2026-09-25T01:38:30.160-04:00
7948,prizepicks,15212918,2026-09-25T17:25:57+00:00,13.5,goblin,pre_game,2026-09-25T01:38:38.517-04:00
7949,prizepicks,15212921,2026-09-25T17:25:57+00:00,13.5,goblin,pre_game,2026-09-25T01:38:30.160-04:00
7950,prizepicks,15212922,2026-09-25T17:25:57+00:00,13.5,goblin,pre_game,2026-09-25T01:38:38.517-04:00
7951,prizepicks,15212923,2026-09-25T17:25:57+00:00,13.5,goblin,pre_game,2026-09-25T01:38:30.160-04:00
7952,prizepicks,15212905,2026-09-25T17:25:57+00:00,11.5,goblin,pre_game,2026-09-25T01:38:38.517-04:00
7953,prizepicks,15212907,2026-09-25T17:25:57+00:00,11.5,goblin,pre_game,2026-09-25T01:38:30.160-04:00
7954,prizepicks,15212904,2026-09-25T17:25:57+00:00,7.5,standard,pre_game,2026-09-25T08:56:27.543-04:00
7955,prizepicks,15212906,2026-09-25T17:25:57+00:00,7.5,standard,pre_game,2026-09-25T08:56:27.504-04:00
7956,prizepicks,15212980,2026-09-25T17:25:57+00:00,16.5,demon,pre_game,2026-09-25T01:43:27.356-04:00
7957,prizepicks,15212953,2026-09-25T17:25:57+00:00,15.5,demon,pre_game,2026-09-25T01:43:27.356-04:00
7958,prizepicks,15212960,2026-09-25T17:25:57+00:00,15.5,demon,pre_game,2026-09-25T01:40:48.704-04:00
7959,prizepicks,15212968,2026-09-25T17:25:57+00:00,15.5,demon,pre_game,2026-09-25T01:43:27.356-04:00
7960,prizepicks,15212974,2026-09-25T17:25:57+00:00,15.5,demon,pre_game,2026-09-25T01:40:48.704-04:00
7961,prizepicks,15212979,2026-09-25T17:25:57+00:00,15.5,standard,pre_game,2026-09-25T12:22:15.155-04:00
7962,prizepicks,15212997,2026-09-25T17:25:57+00:00,15.5,demon,pre_game,2026-09-25T01:40:48.704-04:00
7963,prizepicks,15212959,2026-09-25T17:25:57+00:00,14.5,standard,pre_game,2026-09-25T01:40:48.704-04:00
7964,prizepicks,15212967,2026-09-25T17:25:57+00:00,14.5,standard,pre_game,2026-09-25T01:43:27.356-04:00
7965,prizepicks,15212973,2026-09-25T17:25:57+00:00,14.5,standard,pre_game,2026-09-25T01:40:48.704-04:00
7966,prizepicks,15212981,2026-09-25T17:25:57+00:00,14.5,goblin,pre_game,2026-09-25T01:43:27.356-04:00
7967,prizepicks,15212996,2026-09-25T17:25:57+00:00,14.5,standard,pre_game,2026-09-25T01:40:48.704-04:00
7968,prizepicks,15212961,2026-09-25T17:25:57+00:00,13.5,goblin,pre_game,2026-09-25T01:40:48.704-04:00
7969,prizepicks,15212969,2026-09-25T17:25:57+00:00,13.5,goblin,pre_game,2026-09-25T01:43:27.356-04:00
7970,prizepicks,15212975,2026-09-25T17:25:57+00:00,13.5,goblin,pre_game,2026-09-25T01:40:48.704-04:00
7971,prizepicks,15212992,2026-09-25T17:25:57+00:00,13.5,demon,pre_game,2026-09-25T01:40:48.704-04:00
7972,prizepicks,15212998,2026-09-25T17:25:57+00:00,13.5,goblin,pre_game,2026-09-25T01:40:48.704-04:00
7973,prizepicks,15212991,2026-09-25T17:25:57+00:00,12.5,standard,pre_game,2026-09-25T12:22:15.132-04:00
7974,prizepicks,15212993,2026-09-25T17:25:57+00:00,11.5,goblin,pre_game,2026-09-25T01:40:48.704-04:00
7975,prizepicks,15212952,2026-09-25T17:25:57+00:00,7.5,standard,pre_game,2026-09-25T01:43:27.356-04:00
7976,prizepicks,15212958,2026-09-25T17:25:57+00:00,7.5,standard,pre_game,2026-09-25T01:40:48.704-04:00
7977,prizepicks,15212966,2026-09-25T17:25:57+00:00,4.5,standard,pre_game,2026-09-25T01:43:27.356-04:00
7978,prizepicks,15215017,2026-09-25T17:25:57+00:00,25.5,standard,pre_game,2026-09-25T01:38:38.517-04:00
7979,prizepicks,15215022,2026-09-25T17:25:57+00:00,14.5,standard,pre_game,2026-09-25T01:38:38.517-04:00
7980,prizepicks,15215018,2026-09-25T17:25:57+00:00,29.5,standard,pre_game,2026-09-25T01:38:38.517-04:00
7981,prizepicks,15215019,2026-09-25T17:25:57+00:00,31.5,standard,pre_game,2026-09-25T01:38:38.517-04:00
7982,prizepicks,15215024,2026-09-25T17:25:57+00:00,16.5,standard,pre_game,2026-09-25T01:38:38.517-04:00
7983,prizepicks,15215020,2026-09-25T17:25:57+00:00,31.5,standard,pre_game,2026-09-25T01:38:38.517-04:00
7984,prizepicks,15215025,2026-09-25T17:25:57+00:00,15.5,standard,pre_game,2026-09-25T01:38:38.517-04:00
7985,prizepicks,15215021,2026-09-25T17:25:57+00:00,29.5,standard,pre_game,2026-09-25T01:38:38.517-04:00
7986,prizepicks,15215026,2026-09-25T17:25:57+00:00,14.5,standard,pre_game,2026-09-25T01:38:38.517-04:00
7987,prizepicks,15215272,2026-09-25T17:25:57+00:00,29.5,standard,pre_game,2026-09-25T01:42:28.810-04:00
7988,prizepicks,15215280,2026-09-25T17:25:57+00:00,15.5,standard,pre_game,2026-09-25T01:42:28.689-04:00
7989,prizepicks,15215273,2026-09-25T17:25:57+00:00,29.5,standard,pre_game,2026-09-25T10:38:29.849-04:00
7990,prizepicks,15215281,2026-09-25T17:25:57+00:00,15.5,standard,pre_game,2026-09-25T01:42:28.723-04:00
7991,prizepicks,15215274,2026-09-25T17:25:57+00:00,24.5,standard,pre_game,2026-09-25T01:42:28.782-04:00
7992,prizepicks,15215282,2026-09-25T17:25:57+00:00,13.5,standard,pre_game,2026-09-25T01:42:28.751-04:00
7993,prizepicks,15215275,2026-09-25T17:25:57+00:00,30.5,standard,pre_game,2026-09-25T01:42:28.640-04:00
7994,prizepicks,15215283,2026-09-25T17:25:57+00:00,16.5,standard,pre_game,2026-09-25T01:42:28.870-04:00
7995,prizepicks,15215276,2026-09-25T17:25:57+00:00,29.5,standard,pre_game,2026-09-25T01:41:18.689-04:00
7996,prizepicks,15215284,2026-09-25T17:25:57+00:00,15.5,standard,pre_game,2026-09-25T01:41:18.689-04:00
7997,prizepicks,15215277,2026-09-25T17:25:57+00:00,31.5,standard,pre_game,2026-09-25T01:41:18.689-04:00
7998,prizepicks,15215285,2026-09-25T17:25:57+00:00,14.5,standard,pre_game,2026-09-25T01:41:18.689-04:00
7999,prizepicks,15215278,2026-09-25T17:25:57+00:00,29.5,standard,pre_game,2026-09-25T01:41:18.689-04:00
8000,prizepicks,15215286,2026-09-25T17:25:57+00:00,10.5,standard,pre_game,2026-09-25T01:41:18.689-04:00
8001,prizepicks,15215279,2026-09-25T17:25:57+00:00,26.5,standard,pre_game,2026-09-25T01:41:18.689-04:00
8002,prizepicks,15215287,2026-09-25T17:25:57+00:00,13.5,standard,pre_game,2026-09-25T01:41:18.689-04:00
8003,prizepicks,15229269,2026-09-25T17:25:57+00:00,29.5,standard,pre_game,2026-09-25T12:09:07.695-04:00
8004,prizepicks,15229270,2026-09-25T17:25:57+00:00,32.5,standard,pre_game,2026-09-25T12:09:07.695-04:00
8005,prizepicks,15229271,2026-09-25T17:25:57+00:00,31.0,standard,pre_game,2026-09-25T12:09:07.695-04:00
8006,prizepicks,15229272,2026-09-25T17:25:57+00:00,28.5,standard,pre_game,2026-09-25T12:38:22.790-04:00
8007,prizepicks,15229273,2026-09-25T17:25:57+00:00,27.5,standard,pre_game,2026-09-25T12:09:07.695-04:00
8008,prizepicks,15229274,2026-09-25T17:25:57+00:00,15.0,standard,pre_game,2026-09-25T12:09:07.695-04:00
8009,prizepicks,15229275,2026-09-25T17:25:57+00:00,21.0,standard,pre_game,2026-09-25T12:09:07.695-04:00
8010,prizepicks,15229276,2026-09-25T17:25:57+00:00,11.5,standard,pre_game,2026-09-25T12:09:07.695-04:00
8011,prizepicks,15229277,2026-09-25T17:25:57+00:00,17.0,standard,pre_game,2026-09-25T12:09:07.695-04:00
8012,prizepicks,15229278,2026-09-25T17:25:57+00:00,15.5,standard,pre_game,2026-09-25T12:23:09.822-04:00
8013,prizepicks,15228548,2026-09-25T17:25:57+00:00,33.0,standard,pre_game,2026-09-25T11:42:51.824-04:00
8014,prizepicks,15228558,2026-09-25T17:25:57+00:00,17.0,standard,pre_game,2026-09-25T11:42:51.824-04:00
8015,prizepicks,15228549,2026-09-25T17:25:57+00:00,31.0,standard,pre_game,2026-09-25T11:42:51.824-04:00
8016,prizepicks,15228559,2026-09-25T17:25:57+00:00,9.0,standard,pre_game,2026-09-25T11:42:51.824-04:00
8017,prizepicks,15228550,2026-09-25T17:25:57+00:00,28.5,standard,pre_game,2026-09-25T11:42:51.824-04:00
8018,prizepicks,15228560,2026-09-25T17:25:57+00:00,16.5,standard,pre_game,2026-09-25T11:42:51.824-04:00
8019,prizepicks,15228551,2026-09-25T17:25:57+00:00,28.5,standard,pre_game,2026-09-25T11:42:51.824-04:00
8020,prizepicks,15228561,2026-09-25T17:25:57+00:00,16.5,standard,pre_game,2026-09-25T11:42:51.824-04:00
8021,prizepicks,15228552,2026-09-25T17:25:57+00:00,28.5,standard,pre_game,2026-09-25T11:42:51.824-04:00
8022,prizepicks,15228562,2026-09-25T17:25:57+00:00,15.0,standard,pre_game,2026-09-25T11:42:51.824-04:00
8023,prizepicks,15228553,2026-09-25T17:25:57+00:00,32.0,standard,pre_game,2026-09-25T11:42:56.585-04:00
8024,prizepicks,15228563,2026-09-25T17:25:57+00:00,17.5,standard,pre_game,2026-09-25T11:42:56.585-04:00
8025,prizepicks,15228554,2026-09-25T17:25:57+00:00,29.5,standard,pre_game,2026-09-25T11:42:56.585-04:00
8026,prizepicks,15228564,2026-09-25T17:25:57+00:00,14.5,standard,pre_game,2026-09-25T11:42:56.585-04:00
8027,prizepicks,15228555,2026-09-25T17:25:57+00:00,28.0,standard,pre_game,2026-09-25T11:42:56.585-04:00
8028,prizepicks,15228565,2026-09-25T17:25:57+00:00,11.0,standard,pre_game,2026-09-25T11:46:26.189-04:00
8029,prizepicks,15228556,2026-09-25T17:25:57+00:00,27.0,standard,pre_game,2026-09-25T11:42:56.585-04:00
8030,prizepicks,15228566,2026-09-25T17:25:57+00:00,14.5,standard,pre_game,2026-09-25T11:42:56.585-04:00
8031,prizepicks,15228557,2026-09-25T17:25:57+00:00,23.5,standard,pre_game,2026-09-25T11:42:56.585-04:00
8032,prizepicks,15228567,2026-09-25T17:25:57+00:00,13.0,standard,pre_game,2026-09-25T11:42:56.585-04:00
8033,prizepicks,15228678,2026-09-25T17:25:57+00:00,33.5,standard,pre_game,2026-09-25T11:42:39.194-04:00
8034,prizepicks,15228683,2026-09-25T17:25:57+00:00,18.5,standard,pre_game,2026-09-25T11:42:39.194-04:00
8035,prizepicks,15228679,2026-09-25T17:25:57+00:00,30.5,standard,pre_game,2026-09-25T11:42:39.194-04:00
8036,prizepicks,15228684,2026-09-25T17:25:57+00:00,19.5,standard,pre_game,2026-09-25T11:42:39.194-04:00
8037,prizepicks,15228680,2026-09-25T17:25:57+00:00,30.0,standard,pre_game,2026-09-25T11:42:39.194-04:00
8038,prizepicks,15228685,2026-09-25T17:25:57+00:00,19.0,standard,pre_game,2026-09-25T11:42:39.194-04:00
8039,prizepicks,15228681,2026-09-25T17:25:57+00:00,28.5,standard,pre_game,2026-09-25T11:42:39.194-04:00
8040,prizepicks,15228686,2026-09-25T17:25:57+00:00,10.0,standard,pre_game,2026-09-25T11:42:39.194-04:00
8041,prizepicks,15228682,2026-09-25T17:25:57+00:00,27.5,standard,pre_game,2026-09-25T11:42:39.194-04:00
8042,prizepicks,15228687,2026-09-25T17:25:57+00:00,13.5,standard,pre_game,2026-09-25T11:42:39.194-04:00
8043,prizepicks,15191450,2026-09-25T17:25:57+00:00,17.5,demon,pre_game,2026-09-25T11:42:51.824-04:00
8044,prizepicks,15191452,2026-09-25T17:25:57+00:00,17.5,demon,pre_game,2026-09-25T11:43:17.748-04:00
8045,prizepicks,15191448,2026-09-25T17:25:57+00:00,16.5,standard,pre_game,2026-09-25T11:42:51.824-04:00
8046,prizepicks,15191451,2026-09-25T17:25:57+00:00,16.5,standard,pre_game,2026-09-25T11:43:17.748-04:00
8047,prizepicks,15191449,2026-09-25T17:25:57+00:00,15.5,goblin,pre_game,2026-09-25T11:42:51.824-04:00
8048,prizepicks,15191455,2026-09-25T17:25:57+00:00,15.5,demon,pre_game,2026-09-25T11:42:51.824-04:00
8049,prizepicks,15191458,2026-09-25T17:25:57+00:00,15.5,demon,pre_game,2026-09-25T11:43:17.748-04:00
8050,prizepicks,15191453,2026-09-25T17:25:57+00:00,14.5,standard,pre_game,2026-09-25T11:42:51.824-04:00
8051,prizepicks,15191456,2026-09-25T17:25:57+00:00,14.5,standard,pre_game,2026-09-25T11:43:17.748-04:00
8052,prizepicks,15191460,2026-09-25T17:25:57+00:00,14.5,demon,pre_game,2026-09-25T11:42:51.824-04:00
8053,prizepicks,15191463,2026-09-25T17:25:57+00:00,14.5,demon,pre_game,2026-09-25T11:43:17.748-04:00
8054,prizepicks,15191467,2026-09-25T17:25:57+00:00,14.5,demon,pre_game,2026-09-25T11:42:51.824-04:00
8055,prizepicks,15191471,2026-09-25T17:25:57+00:00,14.5,demon,pre_game,2026-09-25T11:43:17.748-04:00
8056,prizepicks,15191472,2026-09-25T17:25:57+00:00,14.5,demon,pre_game,2026-09-25T11:42:51.824-04:00
8057,prizepicks,15191474,2026-09-25T17:25:57+00:00,14.5,demon,pre_game,2026-09-25T11:43:17.748-04:00
8058,prizepicks,15191454,2026-09-25T17:25:57+00:00,13.5,goblin,pre_game,2026-09-25T11:42:51.824-04:00
8059,prizepicks,15191457,2026-09-25T17:25:57+00:00,13.5,goblin,pre_game,2026-09-25T11:43:17.748-04:00
8060,prizepicks,15191465,2026-09-25T17:25:57+00:00,13.5,standard,pre_game,2026-09-25T11:42:51.824-04:00
8061,prizepicks,15191469,2026-09-25T17:25:57+00:00,13.5,standard,pre_game,2026-09-25T11:43:17.748-04:00
8062,prizepicks,15191466,2026-09-25T17:25:57+00:00,12.5,goblin,pre_game,2026-09-25T11:42:51.824-04:00
8063,prizepicks,15191470,2026-09-25T17:25:57+00:00,12.5,goblin,pre_game,2026-09-25T11:43:17.748-04:00
8064,prizepicks,15191447,2026-09-25T17:25:57+00:00,9.5,standard,pre_game,2026-09-25T11:42:51.824-04:00
8065,prizepicks,15191459,2026-09-25T17:25:57+00:00,7.5,standard,pre_game,2026-09-25T11:42:51.824-04:00
8066,prizepicks,15191461,2026-09-25T17:25:57+00:00,7.5,standard,pre_game,2026-09-25T11:43:17.748-04:00
8067,prizepicks,15191464,2026-09-25T17:25:57+00:00,7.5,standard,pre_game,2026-09-25T11:42:51.824-04:00
8068,prizepicks,15191468,2026-09-25T17:25:57+00:00,7.5,standard,pre_game,2026-09-25T11:43:17.748-04:00
8069,prizepicks,14889444,2026-09-25T17:26:09+00:00,7.5,standard,pre_game,2026-09-23T23:18:35.181-04:00
8070,prizepicks,14893789,2026-09-25T17:26:09+00:00,90.5,standard,pre_game,2026-09-22T10:30:37.173-04:00
8071,prizepicks,14893790,2026-09-25T17:26:09+00:00,94.5,standard,pre_game,2026-09-20T20:06:51.078-04:00
8072,prizepicks,14893661,2026-09-25T17:26:09+00:00,29.5,standard,pre_game,2026-09-15T19:46:42.682-04:00
8073,prizepicks,14893662,2026-09-25T17:26:09+00:00,31.5,standard,pre_game,2026-09-15T19:45:18.094-04:00
8074,prizepicks,14893663,2026-09-25T17:26:09+00:00,26.5,standard,pre_game,2026-09-15T16:44:07.102-04:00
8075,prizepicks,14893664,2026-09-25T17:26:09+00:00,28.5,standard,pre_game,2026-09-15T16:44:07.102-04:00
8076,prizepicks,14893665,2026-09-25T17:26:09+00:00,31.0,standard,pre_game,2026-09-22T17:33:48.439-04:00
8077,prizepicks,14893666,2026-09-25T17:26:09+00:00,31.0,standard,pre_game,2026-09-16T20:06:33.663-04:00
8078,prizepicks,14893667,2026-09-25T17:26:09+00:00,33.5,standard,pre_game,2026-09-20T20:06:51.038-04:00
8079,prizepicks,14893668,2026-09-25T17:26:09+00:00,26.5,standard,pre_game,2026-09-15T16:43:58.006-04:00
8080,prizepicks,14893669,2026-09-25T17:26:09+00:00,29.5,standard,pre_game,2026-09-15T16:43:58.006-04:00
8081,prizepicks,14893670,2026-09-25T17:26:09+00:00,31.5,standard,pre_game,2026-09-15T16:43:58.006-04:00
8082,prizepicks,14889445,2026-09-25T17:26:09+00:00,7.5,standard,pre_game,2026-09-15T16:44:20.483-04:00
8083,prizepicks,14893792,2026-09-25T17:26:09+00:00,59.5,standard,pre_game,2026-09-24T23:29:52.674-04:00
8084,prizepicks,14893672,2026-09-25T17:26:09+00:00,31.5,standard,pre_game,2026-09-23T23:59:58.956-04:00
8085,prizepicks,14893673,2026-09-25T17:26:09+00:00,35.5,standard,pre_game,2026-09-15T19:40:42.526-04:00
8086,prizepicks,14893674,2026-09-25T17:26:09+00:00,29.0,standard,pre_game,2026-09-22T20:26:53.680-04:00
8087,prizepicks,14893675,2026-09-25T17:26:09+00:00,32.5,standard,pre_game,2026-09-15T16:44:20.483-04:00
8088,prizepicks,14893676,2026-09-25T17:26:09+00:00,25.5,standard,pre_game,2026-09-15T19:44:24.606-04:00
8089,prizepicks,14893677,2026-09-25T17:26:09+00:00,34.5,standard,pre_game,2026-09-15T16:49:04.005-04:00
8090,prizepicks,14893678,2026-09-25T17:26:09+00:00,28.0,standard,pre_game,2026-09-15T19:41:03.824-04:00
8091,prizepicks,14893679,2026-09-25T17:26:09+00:00,28.5,standard,pre_game,2026-09-15T19:45:36.562-04:00
8092,prizepicks,14893680,2026-09-25T17:26:09+00:00,25.5,standard,pre_game,2026-09-15T16:48:36.355-04:00
8093,prizepicks,14889446,2026-09-25T17:26:09+00:00,8.5,standard,pre_game,2026-09-15T16:44:41.745-04:00
8094,prizepicks,14893793,2026-09-25T17:26:09+00:00,90.5,standard,pre_game,2026-09-15T16:44:41.745-04:00
8095,prizepicks,14893794,2026-09-25T17:26:09+00:00,62.0,standard,pre_game,2026-09-25T11:19:42.741-04:00
8096,prizepicks,14893681,2026-09-25T17:26:09+00:00,31.0,standard,pre_game,2026-09-24T23:29:08.801-04:00
8097,prizepicks,14893682,2026-09-25T17:26:09+00:00,28.5,standard,pre_game,2026-09-15T19:41:39.730-04:00
8098,prizepicks,14893683,2026-09-25T17:26:09+00:00,31.5,standard,pre_game,2026-09-15T16:44:41.745-04:00
8099,prizepicks,14893684,2026-09-25T17:26:09+00:00,28.0,standard,pre_game,2026-09-15T16:44:41.745-04:00
8100,prizepicks,14893685,2026-09-25T17:26:09+00:00,32.0,standard,pre_game,2026-09-16T20:05:48.179-04:00
8101,prizepicks,14893686,2026-09-25T17:26:09+00:00,24.5,standard,pre_game,2026-09-16T20:04:56.117-04:00
8102,prizepicks,14893687,2026-09-25T17:26:09+00:00,32.0,standard,pre_game,2026-09-22T17:33:27.384-04:00
8103,prizepicks,14893688,2026-09-25T17:26:09+00:00,25.5,standard,pre_game,2026-09-15T16:44:48.797-04:00
8104,prizepicks,14893689,2026-09-25T17:26:09+00:00,31.5,standard,pre_game,2026-09-25T11:19:42.694-04:00
8105,prizepicks,14893690,2026-09-25T17:26:09+00:00,27.5,standard,pre_game,2026-09-15T16:48:12.189-04:00
8106,prizepicks,14889447,2026-09-25T17:26:09+00:00,7.5,standard,pre_game,2026-09-15T16:45:43.494-04:00
8107,prizepicks,14893795,2026-09-25T17:26:09+00:00,88.0,standard,pre_game,2026-09-21T02:33:55.383-04:00
8108,prizepicks,14893796,2026-09-25T17:26:09+00:00,54.0,standard,pre_game,2026-09-15T16:45:28.279-04:00
8109,prizepicks,14893691,2026-09-25T17:26:09+00:00,28.5,standard,pre_game,2026-09-15T19:42:02.481-04:00
8110,prizepicks,14893692,2026-09-25T17:26:09+00:00,24.0,standard,pre_game,2026-09-22T17:34:17.243-04:00
8111,prizepicks,14893693,2026-09-25T17:26:09+00:00,27.5,standard,pre_game,2026-09-15T16:45:28.279-04:00
8112,prizepicks,14893694,2026-09-25T17:26:09+00:00,31.5,standard,pre_game,2026-09-15T16:45:28.279-04:00
8113,prizepicks,14893695,2026-09-25T17:26:09+00:00,26.5,standard,pre_game,2026-09-15T16:45:28.279-04:00
8114,prizepicks,14893696,2026-09-25T17:26:09+00:00,27.5,standard,pre_game,2026-09-15T16:45:43.494-04:00
8115,prizepicks,14893697,2026-09-25T17:26:09+00:00,29.5,standard,pre_game,2026-09-15T16:45:43.494-04:00
8116,prizepicks,14893698,2026-09-25T17:26:09+00:00,31.0,standard,pre_game,2026-09-21T02:33:55.336-04:00
8117,prizepicks,14893699,2026-09-25T17:26:09+00:00,26.5,standard,pre_game,2026-09-15T16:45:43.494-04:00
8118,prizepicks,14893700,2026-09-25T17:26:09+00:00,33.5,standard,pre_game,2026-09-15T16:45:43.494-04:00
8119,prizepicks,15193939,2026-09-25T17:26:09+00:00,91.0,standard,pre_game,2026-09-24T11:52:08.332-04:00
8120,prizepicks,15193940,2026-09-25T17:26:09+00:00,61.0,standard,pre_game,2026-09-24T11:52:08.332-04:00
8121,prizepicks,15193848,2026-09-25T17:26:09+00:00,29.5,standard,pre_game,2026-09-24T11:52:08.332-04:00
8122,prizepicks,15193851,2026-09-25T17:26:09+00:00,29.5,standard,pre_game,2026-09-24T11:52:08.332-04:00
8123,prizepicks,15193853,2026-09-25T17:26:09+00:00,30.5,standard,pre_game,2026-09-24T11:52:08.332-04:00
8124,prizepicks,15193854,2026-09-25T17:26:09+00:00,31.5,standard,pre_game,2026-09-24T11:52:08.332-04:00
8125,prizepicks,15193855,2026-09-25T17:26:09+00:00,29.5,standard,pre_game,2026-09-24T12:09:43.359-04:00
8126,prizepicks,15193856,2026-09-25T17:26:09+00:00,32.0,standard,pre_game,2026-09-24T11:52:08.332-04:00
8127,prizepicks,15193857,2026-09-25T17:26:09+00:00,28.5,standard,pre_game,2026-09-24T11:52:08.332-04:00
8128,prizepicks,15193858,2026-09-25T17:26:09+00:00,29.5,standard,pre_game,2026-09-24T11:52:08.332-04:00
8129,prizepicks,15193859,2026-09-25T17:26:09+00:00,29.5,standard,pre_game,2026-09-24T11:52:08.332-04:00
8130,prizepicks,15193860,2026-09-25T17:26:09+00:00,32.5,standard,pre_game,2026-09-24T12:13:30.387-04:00
8131,prizepicks,15193941,2026-09-25T17:26:09+00:00,93.0,standard,pre_game,2026-09-24T11:52:08.332-04:00
8132,prizepicks,15193861,2026-09-25T17:26:09+00:00,23.5,standard,pre_game,2026-09-24T11:52:08.332-04:00
8133,prizepicks,15193862,2026-09-25T17:26:09+00:00,32.5,standard,pre_game,2026-09-24T23:30:31.801-04:00
8134,prizepicks,15193863,2026-09-25T17:26:09+00:00,26.0,standard,pre_game,2026-09-24T11:52:08.332-04:00
8135,prizepicks,15193864,2026-09-25T17:26:09+00:00,30.5,standard,pre_game,2026-09-24T11:52:08.332-04:00
8136,prizepicks,15193865,2026-09-25T17:26:09+00:00,24.5,standard,pre_game,2026-09-24T11:52:08.332-04:00
8137,prizepicks,15193866,2026-09-25T17:26:09+00:00,31.5,standard,pre_game,2026-09-24T11:52:08.332-04:00
8138,prizepicks,15193867,2026-09-25T17:26:09+00:00,27.5,standard,pre_game,2026-09-24T11:52:08.332-04:00
8139,prizepicks,15193868,2026-09-25T17:26:09+00:00,25.5,standard,pre_game,2026-09-24T11:52:08.332-04:00
8140,prizepicks,15193869,2026-09-25T17:26:09+00:00,34.0,standard,pre_game,2026-09-24T11:52:08.332-04:00
8141,prizepicks,15198016,2026-09-25T17:32:38+00:00,33.5,standard,pre_game,2026-09-25T10:58:53.581-04:00
8142,prizepicks,15198017,2026-09-25T17:32:38+00:00,28.5,standard,pre_game,2026-09-25T10:58:53.525-04:00
8143,prizepicks,15198018,2026-09-25T17:32:38+00:00,22.5,standard,pre_game,2026-09-24T22:27:48.005-04:00
8144,prizepicks,15198019,2026-09-25T17:32:38+00:00,18.5,standard,pre_game,2026-09-24T22:27:11.430-04:00
8145,prizepicks,15198571,2026-09-25T17:32:38+00:00,10.5,demon,pre_game,2026-09-24T14:57:03.486-04:00
8146,prizepicks,15197798,2026-09-25T17:32:38+00:00,8.5,standard,pre_game,2026-09-24T14:44:03.407-04:00
8147,prizepicks,15198572,2026-09-25T17:32:38+00:00,6.5,goblin,pre_game,2026-09-24T14:57:03.740-04:00
8148,prizepicks,15198493,2026-09-25T17:32:38+00:00,14.5,demon,pre_game,2026-09-24T14:52:23.507-04:00
8149,prizepicks,15197799,2026-09-25T17:32:38+00:00,12.5,standard,pre_game,2026-09-24T14:44:03.407-04:00
8150,prizepicks,15198494,2026-09-25T17:32:38+00:00,10.5,goblin,pre_game,2026-09-24T14:52:23.597-04:00
8151,prizepicks,15198799,2026-09-25T17:32:38+00:00,14.5,demon,pre_game,2026-09-24T15:04:31.551-04:00
8152,prizepicks,15197800,2026-09-25T17:32:38+00:00,12.5,standard,pre_game,2026-09-25T10:58:49.887-04:00
8153,prizepicks,15198800,2026-09-25T17:32:38+00:00,8.5,goblin,pre_game,2026-09-24T15:04:31.614-04:00
8154,prizepicks,15198842,2026-09-25T17:32:38+00:00,18.5,demon,pre_game,2026-09-24T15:06:07.578-04:00
8155,prizepicks,15197801,2026-09-25T17:32:38+00:00,15.5,standard,pre_game,2026-09-24T14:44:03.407-04:00
8156,prizepicks,15198843,2026-09-25T17:32:38+00:00,12.5,goblin,pre_game,2026-09-24T15:06:07.652-04:00
8157,prizepicks,15197973,2026-09-25T17:32:38+00:00,2.5,demon,pre_game,2026-09-24T14:44:03.407-04:00
8158,prizepicks,15198729,2026-09-25T17:32:38+00:00,9.5,demon,pre_game,2026-09-24T15:01:02.182-04:00
8159,prizepicks,15197803,2026-09-25T17:32:38+00:00,7.0,standard,pre_game,2026-09-24T17:10:44.778-04:00
8160,prizepicks,15198730,2026-09-25T17:32:38+00:00,5.5,goblin,pre_game,2026-09-24T15:01:02.257-04:00
8161,prizepicks,15198488,2026-09-25T17:32:38+00:00,9.5,demon,pre_game,2026-09-24T14:51:33.359-04:00
8162,prizepicks,15197804,2026-09-25T17:32:38+00:00,7.0,standard,pre_game,2026-09-24T22:27:40.342-04:00
8163,prizepicks,15198489,2026-09-25T17:32:38+00:00,5.5,goblin,pre_game,2026-09-24T14:51:33.416-04:00
8164,prizepicks,15198468,2026-09-25T17:32:38+00:00,11.5,demon,pre_game,2026-09-24T15:52:25.506-04:00
8165,prizepicks,15197805,2026-09-25T17:32:38+00:00,8.5,standard,pre_game,2026-09-24T15:48:00.789-04:00
8166,prizepicks,15198469,2026-09-25T17:32:38+00:00,5.5,goblin,pre_game,2026-09-24T15:52:28.245-04:00
8167,prizepicks,15198922,2026-09-25T17:32:38+00:00,13.5,demon,pre_game,2026-09-24T15:07:35.389-04:00
8168,prizepicks,15197806,2026-09-25T17:32:38+00:00,10.0,standard,pre_game,2026-09-24T22:27:11.373-04:00
8169,prizepicks,15198923,2026-09-25T17:32:38+00:00,7.5,goblin,pre_game,2026-09-24T15:07:35.441-04:00
8170,prizepicks,15197990,2026-09-25T17:32:38+00:00,1.5,goblin,pre_game,2026-09-24T14:43:54.424-04:00
8171,prizepicks,15192295,2026-09-25T17:32:50+00:00,13.5,standard,pre_game,2026-09-25T12:52:42.638-04:00
8172,prizepicks,15192296,2026-09-25T17:32:50+00:00,14.5,standard,pre_game,2026-09-25T12:52:42.638-04:00
8173,prizepicks,15192297,2026-09-25T17:32:50+00:00,14.5,standard,pre_game,2026-09-25T12:52:42.638-04:00
8174,prizepicks,15192298,2026-09-25T17:32:50+00:00,12.5,standard,pre_game,2026-09-25T12:52:42.638-04:00
8175,prizepicks,15192299,2026-09-25T17:32:50+00:00,15.5,standard,pre_game,2026-09-25T12:52:42.638-04:00
8176,prizepicks,15192300,2026-09-25T17:32:50+00:00,14.0,standard,pre_game,2026-09-25T12:52:47.233-04:00
8177,prizepicks,15192301,2026-09-25T17:32:50+00:00,14.0,standard,pre_game,2026-09-25T12:52:47.233-04:00
8178,prizepicks,15192302,2026-09-25T17:32:50+00:00,14.5,standard,pre_game,2026-09-25T12:52:47.233-04:00
8179,prizepicks,15192304,2026-09-25T17:32:50+00:00,12.0,standard,pre_game,2026-09-25T12:52:47.233-04:00
8180,prizepicks,15192305,2026-09-25T17:32:50+00:00,13.5,standard,pre_game,2026-09-25T12:52:47.233-04:00
8181,prizepicks,15192309,2026-09-25T17:32:50+00:00,8.0,standard,pre_game,2026-09-25T12:52:42.638-04:00
8182,prizepicks,15192310,2026-09-25T17:32:50+00:00,5.0,standard,pre_game,2026-09-25T12:52:42.638-04:00
8183,prizepicks,15192313,2026-09-25T17:32:50+00:00,8.0,standard,pre_game,2026-09-25T12:52:42.638-04:00
8184,prizepicks,15192314,2026-09-25T17:32:50+00:00,7.5,standard,pre_game,2026-09-25T12:52:42.638-04:00
8185,prizepicks,15192315,2026-09-25T17:32:50+00:00,8.0,standard,pre_game,2026-09-25T12:52:42.638-04:00
8186,prizepicks,15192316,2026-09-25T17:32:50+00:00,8.0,standard,pre_game,2026-09-25T12:52:47.233-04:00
8187,prizepicks,15192317,2026-09-25T17:32:50+00:00,4.5,standard,pre_game,2026-09-25T12:52:47.233-04:00
8188,prizepicks,15192318,2026-09-25T17:32:50+00:00,8.0,standard,pre_game,2026-09-25T12:52:47.233-04:00
8189,prizepicks,15192319,2026-09-25T17:32:50+00:00,6.0,standard,pre_game,2026-09-25T12:52:47.233-04:00
8190,prizepicks,15192320,2026-09-25T17:32:50+00:00,7.5,standard,pre_game,2026-09-25T12:52:47.233-04:00
8191,prizepicks,15194526,2026-09-25T17:32:50+00:00,33.0,standard,pre_game,2026-09-24T12:06:53.570-04:00
8192,prizepicks,15194527,2026-09-25T17:32:50+00:00,32.0,standard,pre_game,2026-09-24T12:06:53.570-04:00
8193,prizepicks,15194528,2026-09-25T17:32:50+00:00,28.0,standard,pre_game,2026-09-24T12:06:53.570-04:00
8194,prizepicks,15194529,2026-09-25T17:32:50+00:00,28.0,standard,pre_game,2026-09-24T12:06:53.570-04:00
8195,prizepicks,15194530,2026-09-25T17:32:50+00:00,25.0,standard,pre_game,2026-09-24T14:08:32.752-04:00
8196,prizepicks,15194531,2026-09-25T17:32:50+00:00,31.5,standard,pre_game,2026-09-25T03:58:36.251-04:00
8197,prizepicks,15194532,2026-09-25T17:32:50+00:00,28.0,standard,pre_game,2026-09-24T12:06:59.211-04:00
8198,prizepicks,15194533,2026-09-25T17:32:50+00:00,28.0,standard,pre_game,2026-09-24T12:06:59.211-04:00
8199,prizepicks,15194534,2026-09-25T17:32:50+00:00,27.5,standard,pre_game,2026-09-24T12:06:59.211-04:00
8200,prizepicks,15194535,2026-09-25T17:32:50+00:00,27.0,standard,pre_game,2026-09-24T12:06:59.211-04:00
8201,prizepicks,15194538,2026-09-25T17:32:50+00:00,20.0,standard,pre_game,2026-09-24T12:06:53.570-04:00
8202,prizepicks,15194542,2026-09-25T17:32:50+00:00,17.0,standard,pre_game,2026-09-24T23:55:45.816-04:00
8203,prizepicks,15194543,2026-09-25T17:32:50+00:00,15.5,standard,pre_game,2026-09-24T12:06:53.570-04:00
8204,prizepicks,15194545,2026-09-25T17:32:50+00:00,10.0,standard,pre_game,2026-09-24T12:06:53.570-04:00
8205,prizepicks,15194546,2026-09-25T17:32:50+00:00,11.5,standard,pre_game,2026-09-24T17:25:11.251-04:00
8206,prizepicks,15194547,2026-09-25T17:32:50+00:00,16.5,standard,pre_game,2026-09-24T15:27:03.304-04:00
8207,prizepicks,15194548,2026-09-25T17:32:50+00:00,15.0,standard,pre_game,2026-09-24T12:06:59.211-04:00
8208,prizepicks,15194549,2026-09-25T17:32:50+00:00,9.5,standard,pre_game,2026-09-24T12:06:59.211-04:00
8209,prizepicks,15194550,2026-09-25T17:32:50+00:00,15.0,standard,pre_game,2026-09-24T12:06:59.211-04:00
8210,prizepicks,15194551,2026-09-25T17:32:50+00:00,17.0,standard,pre_game,2026-09-24T12:06:59.211-04:00
8211,prizepicks,15196267,2026-09-25T17:32:50+00:00,14.5,standard,pre_game,2026-09-24T13:43:57.652-04:00
8212,prizepicks,15196277,2026-09-25T17:32:50+00:00,7.0,standard,pre_game,2026-09-24T13:43:58.214-04:00
8213,prizepicks,15196268,2026-09-25T17:32:50+00:00,14.5,standard,pre_game,2026-09-24T13:43:57.765-04:00
8214,prizepicks,15196278,2026-09-25T17:32:50+00:00,7.0,standard,pre_game,2026-09-24T13:43:58.260-04:00
8215,prizepicks,15196269,2026-09-25T17:32:50+00:00,12.0,standard,pre_game,2026-09-24T13:43:57.822-04:00
8216,prizepicks,15196279,2026-09-25T17:32:50+00:00,6.5,standard,pre_game,2026-09-24T13:43:58.312-04:00
8217,prizepicks,15196270,2026-09-25T17:32:50+00:00,14.5,standard,pre_game,2026-09-24T13:43:57.886-04:00
8218,prizepicks,15196280,2026-09-25T17:32:50+00:00,8.0,standard,pre_game,2026-09-24T13:43:58.359-04:00
8219,prizepicks,15196271,2026-09-25T17:32:50+00:00,16.0,standard,pre_game,2026-09-24T13:43:57.934-04:00
8220,prizepicks,15196281,2026-09-25T17:32:50+00:00,5.5,standard,pre_game,2026-09-24T13:43:58.427-04:00
8221,prizepicks,15196272,2026-09-25T17:32:50+00:00,14.0,standard,pre_game,2026-09-24T13:43:57.980-04:00
8222,prizepicks,15196282,2026-09-25T17:32:50+00:00,6.0,standard,pre_game,2026-09-24T13:43:58.475-04:00
8223,prizepicks,15196273,2026-09-25T17:32:50+00:00,14.0,standard,pre_game,2026-09-24T13:43:58.026-04:00
8224,prizepicks,15196283,2026-09-25T17:32:50+00:00,4.5,standard,pre_game,2026-09-24T13:43:58.522-04:00
8225,prizepicks,15196274,2026-09-25T17:32:50+00:00,13.0,standard,pre_game,2026-09-24T13:43:58.075-04:00
8226,prizepicks,15196284,2026-09-25T17:32:50+00:00,8.0,standard,pre_game,2026-09-24T13:43:58.571-04:00
8227,prizepicks,15196275,2026-09-25T17:32:50+00:00,14.0,standard,pre_game,2026-09-24T13:43:58.120-04:00
8228,prizepicks,15196285,2026-09-25T17:32:50+00:00,7.5,standard,pre_game,2026-09-24T13:43:58.618-04:00
8229,prizepicks,15196276,2026-09-25T17:32:50+00:00,13.5,standard,pre_game,2026-09-24T13:43:58.165-04:00
8230,prizepicks,15196286,2026-09-25T17:32:50+00:00,8.0,standard,pre_game,2026-09-24T13:43:58.668-04:00
8231,prizepicks,15192251,2026-09-25T17:32:50+00:00,12.5,standard,pre_game,2026-09-25T13:16:19.003-04:00
8232,prizepicks,15192252,2026-09-25T17:32:50+00:00,15.5,standard,pre_game,2026-09-25T13:16:19.003-04:00
8233,prizepicks,15192253,2026-09-25T17:32:50+00:00,11.5,standard,pre_game,2026-09-25T13:16:19.003-04:00
8234,prizepicks,15192254,2026-09-25T17:32:50+00:00,15.5,standard,pre_game,2026-09-25T13:16:19.003-04:00
8235,prizepicks,15192255,2026-09-25T17:32:50+00:00,17.5,standard,pre_game,2026-09-25T13:16:19.003-04:00
8236,prizepicks,15192256,2026-09-25T17:32:50+00:00,17.0,standard,pre_game,2026-09-25T13:16:19.003-04:00
8237,prizepicks,15192257,2026-09-25T17:32:50+00:00,13.5,standard,pre_game,2026-09-25T13:16:19.003-04:00
8238,prizepicks,15192258,2026-09-25T17:32:50+00:00,16.5,standard,pre_game,2026-09-25T13:16:19.003-04:00
8239,prizepicks,15192260,2026-09-25T17:32:50+00:00,17.0,standard,pre_game,2026-09-25T13:16:19.003-04:00
8240,prizepicks,15192241,2026-09-25T17:32:50+00:00,27.0,standard,pre_game,2026-09-25T13:16:19.003-04:00
8241,prizepicks,15192242,2026-09-25T17:32:50+00:00,28.0,standard,pre_game,2026-09-25T13:16:19.003-04:00
8242,prizepicks,15192243,2026-09-25T17:32:50+00:00,31.5,standard,pre_game,2026-09-25T13:16:19.003-04:00
8243,prizepicks,15192244,2026-09-25T17:32:50+00:00,27.5,standard,pre_game,2026-09-25T13:16:19.003-04:00
8244,prizepicks,15192245,2026-09-25T17:32:50+00:00,30.0,standard,pre_game,2026-09-25T13:16:19.003-04:00
8245,prizepicks,15192246,2026-09-25T17:32:50+00:00,27.0,standard,pre_game,2026-09-25T13:16:19.003-04:00
8246,prizepicks,15192247,2026-09-25T17:32:50+00:00,27.0,standard,pre_game,2026-09-25T13:16:19.003-04:00
8247,prizepicks,15192248,2026-09-25T17:32:50+00:00,31.5,standard,pre_game,2026-09-25T13:16:19.003-04:00
8248,prizepicks,15192249,2026-09-25T17:32:50+00:00,33.5,standard,pre_game,2026-09-25T13:16:19.003-04:00
8249,prizepicks,15192250,2026-09-25T17:32:50+00:00,29.5,standard,pre_game,2026-09-25T13:16:19.003-04:00
8250,prizepicks,15201779,2026-09-25T17:32:50+00:00,12.5,standard,pre_game,2026-09-24T17:05:47.422-04:00
8251,prizepicks,15201780,2026-09-25T17:32:50+00:00,14.0,standard,pre_game,2026-09-24T17:05:47.439-04:00
8252,prizepicks,15201781,2026-09-25T17:32:50+00:00,15.5,standard,pre_game,2026-09-24T17:05:47.454-04:00
8253,prizepicks,15201782,2026-09-25T17:32:50+00:00,15.5,standard,pre_game,2026-09-25T10:22:11.697-04:00
8254,prizepicks,15201783,2026-09-25T17:32:50+00:00,15.5,standard,pre_game,2026-09-24T17:05:47.488-04:00
8255,prizepicks,15201784,2026-09-25T17:32:50+00:00,13.0,standard,pre_game,2026-09-25T10:37:39.405-04:00
8256,prizepicks,15201785,2026-09-25T17:32:50+00:00,14.5,standard,pre_game,2026-09-24T17:05:47.524-04:00
8257,prizepicks,15201786,2026-09-25T17:32:50+00:00,14.0,standard,pre_game,2026-09-24T17:05:47.539-04:00
8258,prizepicks,15201787,2026-09-25T17:32:50+00:00,11.5,standard,pre_game,2026-09-24T17:05:47.555-04:00
8259,prizepicks,15201788,2026-09-25T17:32:50+00:00,14.0,standard,pre_game,2026-09-24T17:05:47.570-04:00
8260,prizepicks,15201789,2026-09-25T17:32:50+00:00,7.0,standard,pre_game,2026-09-24T17:23:44.258-04:00
8261,prizepicks,15201791,2026-09-25T17:32:50+00:00,8.0,standard,pre_game,2026-09-24T17:05:47.612-04:00
8262,prizepicks,15201792,2026-09-25T17:32:50+00:00,8.0,standard,pre_game,2026-09-25T10:22:11.644-04:00
8263,prizepicks,15201793,2026-09-25T17:32:50+00:00,7.5,standard,pre_game,2026-09-24T17:05:47.652-04:00
8264,prizepicks,15201794,2026-09-25T17:32:50+00:00,8.5,standard,pre_game,2026-09-24T17:05:47.669-04:00
8265,prizepicks,15201795,2026-09-25T17:32:50+00:00,8.0,standard,pre_game,2026-09-24T17:05:47.685-04:00
8266,prizepicks,15201796,2026-09-25T17:32:50+00:00,8.5,standard,pre_game,2026-09-24T17:05:47.699-04:00
8267,prizepicks,15201797,2026-09-25T17:32:50+00:00,5.5,standard,pre_game,2026-09-24T17:05:47.715-04:00
8268,prizepicks,15201798,2026-09-25T17:32:50+00:00,5.5,standard,pre_game,2026-09-24T17:05:47.730-04:00
8269,prizepicks,15195183,2026-09-25T17:32:50+00:00,16.0,standard,pre_game,2026-09-25T10:37:27.108-04:00
8270,prizepicks,15195189,2026-09-25T17:32:50+00:00,9.0,standard,pre_game,2026-09-24T12:45:39.427-04:00
8271,prizepicks,15200481,2026-09-25T17:32:50+00:00,15.5,standard,pre_game,2026-09-24T15:54:24.896-04:00
8272,prizepicks,15195184,2026-09-25T17:32:50+00:00,14.5,standard,pre_game,2026-09-25T10:38:00.660-04:00
8273,prizepicks,15195190,2026-09-25T17:32:50+00:00,5.0,standard,pre_game,2026-09-24T12:45:39.427-04:00
8274,prizepicks,15200482,2026-09-25T17:32:50+00:00,15.5,standard,pre_game,2026-09-24T15:54:24.963-04:00
8275,prizepicks,15195186,2026-09-25T17:32:50+00:00,14.5,standard,pre_game,2026-09-24T12:45:39.427-04:00
8276,prizepicks,15195191,2026-09-25T17:32:50+00:00,9.5,standard,pre_game,2026-09-24T12:45:39.427-04:00
8277,prizepicks,15200483,2026-09-25T17:32:50+00:00,15.5,standard,pre_game,2026-09-24T15:54:25.006-04:00
8278,prizepicks,15195187,2026-09-25T17:32:50+00:00,14.0,standard,pre_game,2026-09-24T12:45:39.427-04:00
8279,prizepicks,15195192,2026-09-25T17:32:50+00:00,6.0,standard,pre_game,2026-09-24T12:45:39.427-04:00
8280,prizepicks,15200484,2026-09-25T17:32:50+00:00,14.0,standard,pre_game,2026-09-24T15:54:25.055-04:00
8281,prizepicks,15195188,2026-09-25T17:32:50+00:00,13.0,standard,pre_game,2026-09-24T12:45:39.427-04:00
8282,prizepicks,15195193,2026-09-25T17:32:50+00:00,7.0,standard,pre_game,2026-09-24T12:45:39.427-04:00
8283,prizepicks,15200485,2026-09-25T17:32:50+00:00,13.5,standard,pre_game,2026-09-24T15:54:25.099-04:00
8284,prizepicks,15200486,2026-09-25T17:32:50+00:00,15.0,standard,pre_game,2026-09-24T15:54:25.146-04:00
8285,prizepicks,15200487,2026-09-25T17:32:50+00:00,14.0,standard,pre_game,2026-09-25T10:38:10.918-04:00
8286,prizepicks,15200488,2026-09-25T17:32:50+00:00,14.0,standard,pre_game,2026-09-24T15:54:25.235-04:00
8287,prizepicks,15200489,2026-09-25T17:32:50+00:00,13.5,standard,pre_game,2026-09-24T15:54:25.279-04:00
8288,prizepicks,15200490,2026-09-25T17:32:50+00:00,12.0,standard,pre_game,2026-09-24T15:54:25.323-04:00
8289,prizepicks,15200491,2026-09-25T17:32:50+00:00,9.0,standard,pre_game,2026-09-24T15:54:25.369-04:00
8290,prizepicks,15200492,2026-09-25T17:32:50+00:00,6.5,standard,pre_game,2026-09-24T15:54:25.415-04:00
8291,prizepicks,15200493,2026-09-25T17:32:50+00:00,9.0,standard,pre_game,2026-09-24T15:54:25.460-04:00
8292,prizepicks,15200494,2026-09-25T17:32:50+00:00,7.5,standard,pre_game,2026-09-24T15:54:25.515-04:00
8293,prizepicks,15200495,2026-09-25T17:32:50+00:00,7.5,standard,pre_game,2026-09-24T15:54:25.559-04:00
8294,prizepicks,15200496,2026-09-25T17:32:50+00:00,5.5,standard,pre_game,2026-09-24T15:54:25.603-04:00
8295,prizepicks,15200497,2026-09-25T17:32:50+00:00,7.0,standard,pre_game,2026-09-24T15:54:25.648-04:00
8296,prizepicks,15200498,2026-09-25T17:32:50+00:00,7.0,standard,pre_game,2026-09-24T15:54:25.694-04:00
8297,prizepicks,15200499,2026-09-25T17:32:50+00:00,7.0,standard,pre_game,2026-09-24T15:54:25.742-04:00
8298,prizepicks,15200500,2026-09-25T17:32:50+00:00,6.0,standard,pre_game,2026-09-24T15:54:25.788-04:00
8299,prizepicks,15194630,2026-09-25T17:32:50+00:00,16.0,standard,pre_game,2026-09-25T08:51:34.506-04:00
8300,prizepicks,15194631,2026-09-25T17:32:50+00:00,15.0,standard,pre_game,2026-09-25T10:41:53.569-04:00
8301,prizepicks,15194632,2026-09-25T17:32:50+00:00,14.5,standard,pre_game,2026-09-25T08:51:34.506-04:00
8302,prizepicks,15194633,2026-09-25T17:32:50+00:00,14.0,standard,pre_game,2026-09-25T08:51:34.506-04:00
8303,prizepicks,15194634,2026-09-25T17:32:50+00:00,13.5,standard,pre_game,2026-09-25T08:51:34.506-04:00
8304,prizepicks,15194635,2026-09-25T17:32:50+00:00,14.5,standard,pre_game,2026-09-25T08:51:34.506-04:00
8305,prizepicks,15194636,2026-09-25T17:32:50+00:00,13.5,standard,pre_game,2026-09-25T08:51:34.506-04:00
8306,prizepicks,15194637,2026-09-25T17:32:50+00:00,13.5,standard,pre_game,2026-09-25T08:51:34.506-04:00
8307,prizepicks,15194638,2026-09-25T17:32:50+00:00,13.0,standard,pre_game,2026-09-25T08:51:34.506-04:00
8308,prizepicks,15194639,2026-09-25T17:32:50+00:00,12.5,standard,pre_game,2026-09-25T08:51:34.506-04:00
8309,prizepicks,15194640,2026-09-25T17:32:50+00:00,10.0,standard,pre_game,2026-09-25T08:51:34.506-04:00
8310,prizepicks,15194641,2026-09-25T17:32:50+00:00,6.0,standard,pre_game,2026-09-25T08:51:34.506-04:00
8311,prizepicks,15194642,2026-09-25T17:32:50+00:00,8.5,standard,pre_game,2026-09-25T08:51:34.506-04:00
8312,prizepicks,15194643,2026-09-25T17:32:50+00:00,8.0,standard,pre_game,2026-09-25T08:51:34.506-04:00
8313,prizepicks,15194644,2026-09-25T17:32:50+00:00,8.0,standard,pre_game,2026-09-25T08:51:34.506-04:00
8314,prizepicks,15194645,2026-09-25T17:32:50+00:00,8.5,standard,pre_game,2026-09-25T08:51:34.506-04:00
8315,prizepicks,15194646,2026-09-25T17:32:50+00:00,6.5,standard,pre_game,2026-09-25T08:51:34.506-04:00
8316,prizepicks,15194647,2026-09-25T17:32:50+00:00,7.0,standard,pre_game,2026-09-25T08:51:34.506-04:00
8317,prizepicks,15194648,2026-09-25T17:32:50+00:00,4.5,standard,pre_game,2026-09-25T08:51:34.506-04:00
8318,prizepicks,15194649,2026-09-25T17:32:50+00:00,7.0,standard,pre_game,2026-09-25T08:51:34.506-04:00
8319,prizepicks,15213162,2026-09-25T17:32:50+00:00,16.0,standard,pre_game,2026-09-25T00:03:15.566-04:00
8320,prizepicks,15213163,2026-09-25T17:32:50+00:00,13.5,standard,pre_game,2026-09-25T12:12:49.965-04:00
8321,prizepicks,15213165,2026-09-25T17:32:50+00:00,16.0,standard,pre_game,2026-09-25T00:03:15.625-04:00
8322,prizepicks,15213166,2026-09-25T17:32:50+00:00,13.5,standard,pre_game,2026-09-25T00:03:15.644-04:00
8323,prizepicks,15213167,2026-09-25T17:32:50+00:00,8.5,standard,pre_game,2026-09-25T00:03:15.663-04:00
8324,prizepicks,15213168,2026-09-25T17:32:50+00:00,8.0,standard,pre_game,2026-09-25T00:03:15.690-04:00
8325,prizepicks,15213170,2026-09-25T17:32:50+00:00,5.0,standard,pre_game,2026-09-25T00:03:15.731-04:00
8326,prizepicks,15213171,2026-09-25T17:32:50+00:00,7.5,standard,pre_game,2026-09-25T00:03:15.750-04:00
8327,prizepicks,15200460,2026-09-25T17:32:50+00:00,32.0,standard,pre_game,2026-09-24T15:57:19.856-04:00
8328,prizepicks,15200461,2026-09-25T17:32:50+00:00,32.0,standard,pre_game,2026-09-24T15:57:19.856-04:00
8329,prizepicks,15200462,2026-09-25T17:32:50+00:00,29.5,standard,pre_game,2026-09-24T15:57:19.856-04:00
8330,prizepicks,15200463,2026-09-25T17:32:50+00:00,27.0,standard,pre_game,2026-09-24T15:57:19.856-04:00
8331,prizepicks,15200464,2026-09-25T17:32:50+00:00,27.0,standard,pre_game,2026-09-24T15:57:19.856-04:00
8332,prizepicks,15200465,2026-09-25T17:32:50+00:00,24.0,standard,pre_game,2026-09-24T16:15:19.996-04:00
8333,prizepicks,15200466,2026-09-25T17:32:50+00:00,25.0,standard,pre_game,2026-09-24T16:15:15.959-04:00
8334,prizepicks,15200467,2026-09-25T17:32:50+00:00,24.5,standard,pre_game,2026-09-24T23:12:21.975-04:00
8335,prizepicks,15200468,2026-09-25T17:32:50+00:00,25.5,standard,pre_game,2026-09-24T15:57:24.152-04:00
8336,prizepicks,15200469,2026-09-25T17:32:50+00:00,24.0,standard,pre_game,2026-09-24T15:57:24.152-04:00
8337,prizepicks,15200470,2026-09-25T17:32:50+00:00,11.0,standard,pre_game,2026-09-24T15:57:19.856-04:00
8338,prizepicks,15200471,2026-09-25T17:32:50+00:00,15.5,standard,pre_game,2026-09-24T15:57:19.856-04:00
8339,prizepicks,15200472,2026-09-25T17:32:50+00:00,17.5,standard,pre_game,2026-09-24T15:57:19.856-04:00
8340,prizepicks,15200473,2026-09-25T17:32:50+00:00,14.5,standard,pre_game,2026-09-24T15:57:19.856-04:00
8341,prizepicks,15200474,2026-09-25T17:32:50+00:00,13.5,standard,pre_game,2026-09-24T15:57:19.856-04:00
8342,prizepicks,15200475,2026-09-25T17:32:50+00:00,15.0,standard,pre_game,2026-09-24T22:41:32.110-04:00
8343,prizepicks,15200476,2026-09-25T17:32:50+00:00,14.5,standard,pre_game,2026-09-24T15:57:24.152-04:00
8344,prizepicks,15200477,2026-09-25T17:32:50+00:00,15.5,standard,pre_game,2026-09-25T11:18:38.932-04:00
8345,prizepicks,15200478,2026-09-25T17:32:50+00:00,9.5,standard,pre_game,2026-09-24T15:57:24.152-04:00
8346,prizepicks,15200479,2026-09-25T17:32:50+00:00,12.0,standard,pre_game,2026-09-24T15:57:24.152-04:00
8347,prizepicks,15198653,2026-09-25T17:32:50+00:00,32.5,standard,pre_game,2026-09-24T15:14:09.253-04:00
8348,prizepicks,15198663,2026-09-25T17:32:50+00:00,19.0,standard,pre_game,2026-09-24T21:14:41.428-04:00
8349,prizepicks,15198654,2026-09-25T17:32:50+00:00,30.5,standard,pre_game,2026-09-24T15:09:32.851-04:00
8350,prizepicks,15198664,2026-09-25T17:32:50+00:00,14.5,standard,pre_game,2026-09-24T15:09:32.851-04:00
8351,prizepicks,15198655,2026-09-25T17:32:50+00:00,29.0,standard,pre_game,2026-09-24T15:09:32.851-04:00
8352,prizepicks,15198665,2026-09-25T17:32:50+00:00,10.5,standard,pre_game,2026-09-24T15:09:32.851-04:00
8353,prizepicks,15198656,2026-09-25T17:32:50+00:00,29.0,standard,pre_game,2026-09-24T15:09:32.851-04:00
8354,prizepicks,15198666,2026-09-25T17:32:50+00:00,16.5,standard,pre_game,2026-09-24T15:09:32.851-04:00
8355,prizepicks,15198657,2026-09-25T17:32:50+00:00,26.0,standard,pre_game,2026-09-24T15:09:32.851-04:00
8356,prizepicks,15198667,2026-09-25T17:32:50+00:00,13.0,standard,pre_game,2026-09-24T15:09:32.851-04:00
8357,prizepicks,15198658,2026-09-25T17:32:50+00:00,27.5,standard,pre_game,2026-09-24T15:09:38.410-04:00
8358,prizepicks,15198668,2026-09-25T17:32:50+00:00,9.5,standard,pre_game,2026-09-24T15:09:38.410-04:00
8359,prizepicks,15198659,2026-09-25T17:32:50+00:00,26.5,standard,pre_game,2026-09-25T01:53:52.670-04:00
8360,prizepicks,15198669,2026-09-25T17:32:50+00:00,13.0,standard,pre_game,2026-09-24T23:11:22.405-04:00
8361,prizepicks,15198660,2026-09-25T17:32:50+00:00,26.0,standard,pre_game,2026-09-24T15:09:38.410-04:00
8362,prizepicks,15198670,2026-09-25T17:32:50+00:00,13.0,standard,pre_game,2026-09-24T15:09:38.410-04:00
8363,prizepicks,15198661,2026-09-25T17:32:50+00:00,26.0,standard,pre_game,2026-09-24T15:09:38.410-04:00
8364,prizepicks,15198671,2026-09-25T17:32:50+00:00,15.5,standard,pre_game,2026-09-24T15:09:38.410-04:00
8365,prizepicks,15198662,2026-09-25T17:32:50+00:00,24.0,standard,pre_game,2026-09-24T23:12:39.431-04:00
8366,prizepicks,15198672,2026-09-25T17:32:50+00:00,12.5,standard,pre_game,2026-09-24T16:16:44.278-04:00
8367,prizepicks,15212932,2026-09-25T17:32:50+00:00,16.5,demon,pre_game,2026-09-25T01:38:38.517-04:00
8368,prizepicks,15212935,2026-09-25T17:32:50+00:00,16.5,demon,pre_game,2026-09-25T01:38:30.160-04:00
8369,prizepicks,15212917,2026-09-25T17:32:50+00:00,15.5,demon,pre_game,2026-09-25T01:38:38.517-04:00
8370,prizepicks,15212920,2026-09-25T17:32:50+00:00,15.5,demon,pre_game,2026-09-25T01:38:30.160-04:00
8371,prizepicks,15212924,2026-09-25T17:32:50+00:00,15.5,demon,pre_game,2026-09-25T01:38:30.160-04:00
8372,prizepicks,15212931,2026-09-25T17:32:50+00:00,15.5,standard,pre_game,2026-09-25T01:38:38.517-04:00
8373,prizepicks,15212934,2026-09-25T17:32:50+00:00,15.5,standard,pre_game,2026-09-25T01:38:30.160-04:00
8374,prizepicks,15212916,2026-09-25T17:32:50+00:00,14.5,standard,pre_game,2026-09-25T01:38:38.517-04:00
8375,prizepicks,15212919,2026-09-25T17:32:50+00:00,14.5,standard,pre_game,2026-09-25T01:38:30.160-04:00
8376,prizepicks,15212933,2026-09-25T17:32:50+00:00,14.5,goblin,pre_game,2026-09-25T01:38:38.517-04:00
8377,prizepicks,15212936,2026-09-25T17:32:50+00:00,14.5,goblin,pre_game,2026-09-25T01:38:30.160-04:00
8378,prizepicks,15212918,2026-09-25T17:32:50+00:00,13.5,goblin,pre_game,2026-09-25T01:38:38.517-04:00
8379,prizepicks,15212921,2026-09-25T17:32:50+00:00,13.5,goblin,pre_game,2026-09-25T01:38:30.160-04:00
8380,prizepicks,15212922,2026-09-25T17:32:50+00:00,13.5,goblin,pre_game,2026-09-25T01:38:38.517-04:00
8381,prizepicks,15212923,2026-09-25T17:32:50+00:00,13.5,goblin,pre_game,2026-09-25T01:38:30.160-04:00
8382,prizepicks,15212905,2026-09-25T17:32:50+00:00,11.5,goblin,pre_game,2026-09-25T01:38:38.517-04:00
8383,prizepicks,15212907,2026-09-25T17:32:50+00:00,11.5,goblin,pre_game,2026-09-25T01:38:30.160-04:00
8384,prizepicks,15212904,2026-09-25T17:32:50+00:00,7.5,standard,pre_game,2026-09-25T08:56:27.543-04:00
8385,prizepicks,15212906,2026-09-25T17:32:50+00:00,7.5,standard,pre_game,2026-09-25T08:56:27.504-04:00
8386,prizepicks,15212980,2026-09-25T17:32:50+00:00,16.5,demon,pre_game,2026-09-25T01:43:27.356-04:00
8387,prizepicks,15212953,2026-09-25T17:32:50+00:00,15.5,demon,pre_game,2026-09-25T01:43:27.356-04:00
8388,prizepicks,15212960,2026-09-25T17:32:50+00:00,15.5,demon,pre_game,2026-09-25T01:40:48.704-04:00
8389,prizepicks,15212968,2026-09-25T17:32:50+00:00,15.5,demon,pre_game,2026-09-25T01:43:27.356-04:00
8390,prizepicks,15212974,2026-09-25T17:32:50+00:00,15.5,demon,pre_game,2026-09-25T01:40:48.704-04:00
8391,prizepicks,15212979,2026-09-25T17:32:50+00:00,15.5,standard,pre_game,2026-09-25T12:22:15.155-04:00
8392,prizepicks,15212997,2026-09-25T17:32:50+00:00,15.5,demon,pre_game,2026-09-25T01:40:48.704-04:00
8393,prizepicks,15212959,2026-09-25T17:32:50+00:00,14.5,standard,pre_game,2026-09-25T01:40:48.704-04:00
8394,prizepicks,15212967,2026-09-25T17:32:50+00:00,14.5,standard,pre_game,2026-09-25T01:43:27.356-04:00
8395,prizepicks,15212973,2026-09-25T17:32:50+00:00,14.5,standard,pre_game,2026-09-25T01:40:48.704-04:00
8396,prizepicks,15212981,2026-09-25T17:32:50+00:00,14.5,goblin,pre_game,2026-09-25T01:43:27.356-04:00
8397,prizepicks,15212996,2026-09-25T17:32:50+00:00,14.5,standard,pre_game,2026-09-25T01:40:48.704-04:00
8398,prizepicks,15212961,2026-09-25T17:32:50+00:00,13.5,goblin,pre_game,2026-09-25T01:40:48.704-04:00
8399,prizepicks,15212969,2026-09-25T17:32:50+00:00,13.5,goblin,pre_game,2026-09-25T01:43:27.356-04:00
8400,prizepicks,15212975,2026-09-25T17:32:50+00:00,13.5,goblin,pre_game,2026-09-25T01:40:48.704-04:00
8401,prizepicks,15212992,2026-09-25T17:32:50+00:00,13.5,demon,pre_game,2026-09-25T01:40:48.704-04:00
8402,prizepicks,15212998,2026-09-25T17:32:50+00:00,13.5,goblin,pre_game,2026-09-25T01:40:48.704-04:00
8403,prizepicks,15212991,2026-09-25T17:32:50+00:00,12.5,standard,pre_game,2026-09-25T12:22:15.132-04:00
8404,prizepicks,15212993,2026-09-25T17:32:50+00:00,11.5,goblin,pre_game,2026-09-25T01:40:48.704-04:00
8405,prizepicks,15212952,2026-09-25T17:32:50+00:00,7.5,standard,pre_game,2026-09-25T01:43:27.356-04:00
8406,prizepicks,15212958,2026-09-25T17:32:50+00:00,7.5,standard,pre_game,2026-09-25T01:40:48.704-04:00
8407,prizepicks,15212966,2026-09-25T17:32:50+00:00,4.5,standard,pre_game,2026-09-25T01:43:27.356-04:00
8408,prizepicks,15215017,2026-09-25T17:32:50+00:00,25.5,standard,pre_game,2026-09-25T01:38:38.517-04:00
8409,prizepicks,15215022,2026-09-25T17:32:50+00:00,14.5,standard,pre_game,2026-09-25T01:38:38.517-04:00
8410,prizepicks,15215018,2026-09-25T17:32:50+00:00,29.5,standard,pre_game,2026-09-25T01:38:38.517-04:00
8411,prizepicks,15215019,2026-09-25T17:32:50+00:00,31.5,standard,pre_game,2026-09-25T01:38:38.517-04:00
8412,prizepicks,15215024,2026-09-25T17:32:50+00:00,16.5,standard,pre_game,2026-09-25T01:38:38.517-04:00
8413,prizepicks,15215020,2026-09-25T17:32:50+00:00,31.5,standard,pre_game,2026-09-25T01:38:38.517-04:00
8414,prizepicks,15215025,2026-09-25T17:32:50+00:00,15.5,standard,pre_game,2026-09-25T01:38:38.517-04:00
8415,prizepicks,15215021,2026-09-25T17:32:50+00:00,29.5,standard,pre_game,2026-09-25T01:38:38.517-04:00
8416,prizepicks,15215026,2026-09-25T17:32:50+00:00,14.5,standard,pre_game,2026-09-25T01:38:38.517-04:00
8417,prizepicks,15215272,2026-09-25T17:32:50+00:00,29.5,standard,pre_game,2026-09-25T01:42:28.810-04:00
8418,prizepicks,15215280,2026-09-25T17:32:50+00:00,15.5,standard,pre_game,2026-09-25T01:42:28.689-04:00
8419,prizepicks,15215273,2026-09-25T17:32:50+00:00,29.5,standard,pre_game,2026-09-25T10:38:29.849-04:00
8420,prizepicks,15215281,2026-09-25T17:32:50+00:00,15.5,standard,pre_game,2026-09-25T01:42:28.723-04:00
8421,prizepicks,15215274,2026-09-25T17:32:50+00:00,24.5,standard,pre_game,2026-09-25T01:42:28.782-04:00
8422,prizepicks,15215282,2026-09-25T17:32:50+00:00,13.5,standard,pre_game,2026-09-25T01:42:28.751-04:00
8423,prizepicks,15215275,2026-09-25T17:32:50+00:00,30.5,standard,pre_game,2026-09-25T01:42:28.640-04:00
8424,prizepicks,15215283,2026-09-25T17:32:50+00:00,16.5,standard,pre_game,2026-09-25T01:42:28.870-04:00
8425,prizepicks,15215276,2026-09-25T17:32:50+00:00,29.5,standard,pre_game,2026-09-25T01:41:18.689-04:00
8426,prizepicks,15215284,2026-09-25T17:32:50+00:00,15.5,standard,pre_game,2026-09-25T01:41:18.689-04:00
8427,prizepicks,15215277,2026-09-25T17:32:50+00:00,31.5,standard,pre_game,2026-09-25T01:41:18.689-04:00
8428,prizepicks,15215285,2026-09-25T17:32:50+00:00,14.5,standard,pre_game,2026-09-25T01:41:18.689-04:00
8429,prizepicks,15215278,2026-09-25T17:32:50+00:00,29.5,standard,pre_game,2026-09-25T01:41:18.689-04:00
8430,prizepicks,15215286,2026-09-25T17:32:50+00:00,10.5,standard,pre_game,2026-09-25T01:41:18.689-04:00
8431,prizepicks,15215279,2026-09-25T17:32:50+00:00,26.5,standard,pre_game,2026-09-25T01:41:18.689-04:00
8432,prizepicks,15215287,2026-09-25T17:32:50+00:00,13.5,standard,pre_game,2026-09-25T01:41:18.689-04:00
8433,prizepicks,15229269,2026-09-25T17:32:50+00:00,29.5,standard,pre_game,2026-09-25T12:09:07.695-04:00
8434,prizepicks,15229270,2026-09-25T17:32:50+00:00,32.5,standard,pre_game,2026-09-25T12:09:07.695-04:00
8435,prizepicks,15229271,2026-09-25T17:32:50+00:00,31.0,standard,pre_game,2026-09-25T12:09:07.695-04:00
8436,prizepicks,15229272,2026-09-25T17:32:50+00:00,28.5,standard,pre_game,2026-09-25T12:38:22.790-04:00
8437,prizepicks,15229273,2026-09-25T17:32:50+00:00,27.5,standard,pre_game,2026-09-25T12:09:07.695-04:00
8438,prizepicks,15229274,2026-09-25T17:32:50+00:00,15.0,standard,pre_game,2026-09-25T12:09:07.695-04:00
8439,prizepicks,15229275,2026-09-25T17:32:50+00:00,21.0,standard,pre_game,2026-09-25T12:09:07.695-04:00
8440,prizepicks,15229276,2026-09-25T17:32:50+00:00,11.5,standard,pre_game,2026-09-25T12:09:07.695-04:00
8441,prizepicks,15229277,2026-09-25T17:32:50+00:00,17.0,standard,pre_game,2026-09-25T12:09:07.695-04:00
8442,prizepicks,15229278,2026-09-25T17:32:50+00:00,15.5,standard,pre_game,2026-09-25T12:23:09.822-04:00
8443,prizepicks,15228548,2026-09-25T17:32:50+00:00,33.0,standard,pre_game,2026-09-25T11:42:51.824-04:00
8444,prizepicks,15228558,2026-09-25T17:32:50+00:00,17.0,standard,pre_game,2026-09-25T11:42:51.824-04:00
8445,prizepicks,15228549,2026-09-25T17:32:50+00:00,31.0,standard,pre_game,2026-09-25T11:42:51.824-04:00
8446,prizepicks,15228559,2026-09-25T17:32:50+00:00,9.0,standard,pre_game,2026-09-25T11:42:51.824-04:00
8447,prizepicks,15228550,2026-09-25T17:32:50+00:00,28.5,standard,pre_game,2026-09-25T11:42:51.824-04:00
8448,prizepicks,15228560,2026-09-25T17:32:50+00:00,16.5,standard,pre_game,2026-09-25T11:42:51.824-04:00
8449,prizepicks,15228551,2026-09-25T17:32:50+00:00,28.5,standard,pre_game,2026-09-25T11:42:51.824-04:00
8450,prizepicks,15228561,2026-09-25T17:32:50+00:00,16.5,standard,pre_game,2026-09-25T11:42:51.824-04:00
8451,prizepicks,15228552,2026-09-25T17:32:50+00:00,28.5,standard,pre_game,2026-09-25T11:42:51.824-04:00
8452,prizepicks,15228562,2026-09-25T17:32:50+00:00,15.0,standard,pre_game,2026-09-25T11:42:51.824-04:00
8453,prizepicks,15228553,2026-09-25T17:32:50+00:00,32.0,standard,pre_game,2026-09-25T11:42:56.585-04:00
8454,prizepicks,15228563,2026-09-25T17:32:50+00:00,17.5,standard,pre_game,2026-09-25T11:42:56.585-04:00
8455,prizepicks,15228554,2026-09-25T17:32:50+00:00,29.5,standard,pre_game,2026-09-25T11:42:56.585-04:00
8456,prizepicks,15228564,2026-09-25T17:32:50+00:00,14.5,standard,pre_game,2026-09-25T11:42:56.585-04:00
8457,prizepicks,15228555,2026-09-25T17:32:50+00:00,28.0,standard,pre_game,2026-09-25T11:42:56.585-04:00
8458,prizepicks,15228565,2026-09-25T17:32:50+00:00,11.0,standard,pre_game,2026-09-25T11:46:26.189-04:00
8459,prizepicks,15228556,2026-09-25T17:32:50+00:00,27.0,standard,pre_game,2026-09-25T11:42:56.585-04:00
8460,prizepicks,15228566,2026-09-25T17:32:50+00:00,14.5,standard,pre_game,2026-09-25T11:42:56.585-04:00
8461,prizepicks,15228557,2026-09-25T17:32:50+00:00,23.5,standard,pre_game,2026-09-25T11:42:56.585-04:00
8462,prizepicks,15228567,2026-09-25T17:32:50+00:00,13.0,standard,pre_game,2026-09-25T11:42:56.585-04:00
8463,prizepicks,15228678,2026-09-25T17:32:50+00:00,33.5,standard,pre_game,2026-09-25T11:42:39.194-04:00
8464,prizepicks,15228683,2026-09-25T17:32:50+00:00,18.5,standard,pre_game,2026-09-25T11:42:39.194-04:00
8465,prizepicks,15228679,2026-09-25T17:32:50+00:00,30.5,standard,pre_game,2026-09-25T11:42:39.194-04:00
8466,prizepicks,15228684,2026-09-25T17:32:50+00:00,19.5,standard,pre_game,2026-09-25T11:42:39.194-04:00
8467,prizepicks,15228680,2026-09-25T17:32:50+00:00,30.0,standard,pre_game,2026-09-25T11:42:39.194-04:00
8468,prizepicks,15228685,2026-09-25T17:32:50+00:00,19.0,standard,pre_game,2026-09-25T11:42:39.194-04:00
8469,prizepicks,15228681,2026-09-25T17:32:50+00:00,28.5,standard,pre_game,2026-09-25T11:42:39.194-04:00
8470,prizepicks,15228686,2026-09-25T17:32:50+00:00,10.0,standard,pre_game,2026-09-25T11:42:39.194-04:00
8471,prizepicks,15228682,2026-09-25T17:32:50+00:00,27.5,standard,pre_game,2026-09-25T11:42:39.194-04:00
8472,prizepicks,15228687,2026-09-25T17:32:50+00:00,13.5,standard,pre_game,2026-09-25T11:42:39.194-04:00
8473,prizepicks,15191450,2026-09-25T17:32:50+00:00,17.5,demon,pre_game,2026-09-25T11:42:51.824-04:00
8474,prizepicks,15191452,2026-09-25T17:32:50+00:00,17.5,demon,pre_game,2026-09-25T11:43:17.748-04:00
8475,prizepicks,15191448,2026-09-25T17:32:50+00:00,16.5,standard,pre_game,2026-09-25T11:42:51.824-04:00
8476,prizepicks,15191451,2026-09-25T17:32:50+00:00,16.5,standard,pre_game,2026-09-25T11:43:17.748-04:00
8477,prizepicks,15191449,2026-09-25T17:32:50+00:00,15.5,goblin,pre_game,2026-09-25T11:42:51.824-04:00
8478,prizepicks,15191455,2026-09-25T17:32:50+00:00,15.5,demon,pre_game,2026-09-25T11:42:51.824-04:00
8479,prizepicks,15191458,2026-09-25T17:32:50+00:00,15.5,demon,pre_game,2026-09-25T11:43:17.748-04:00
8480,prizepicks,15191453,2026-09-25T17:32:50+00:00,14.5,standard,pre_game,2026-09-25T11:42:51.824-04:00
8481,prizepicks,15191456,2026-09-25T17:32:50+00:00,14.5,standard,pre_game,2026-09-25T11:43:17.748-04:00
8482,prizepicks,15191460,2026-09-25T17:32:50+00:00,14.5,demon,pre_game,2026-09-25T11:42:51.824-04:00
8483,prizepicks,15191463,2026-09-25T17:32:50+00:00,14.5,demon,pre_game,2026-09-25T11:43:17.748-04:00
8484,prizepicks,15191467,2026-09-25T17:32:50+00:00,14.5,demon,pre_game,2026-09-25T11:42:51.824-04:00
8485,prizepicks,15191471,2026-09-25T17:32:50+00:00,14.5,demon,pre_game,2026-09-25T11:43:17.748-04:00
8486,prizepicks,15191472,2026-09-25T17:32:50+00:00,14.5,demon,pre_game,2026-09-25T11:42:51.824-04:00
8487,prizepicks,15191474,2026-09-25T17:32:50+00:00,14.5,demon,pre_game,2026-09-25T11:43:17.748-04:00
8488,prizepicks,15191454,2026-09-25T17:32:50+00:00,13.5,goblin,pre_game,2026-09-25T11:42:51.824-04:00
8489,prizepicks,15191457,2026-09-25T17:32:50+00:00,13.5,goblin,pre_game,2026-09-25T11:43:17.748-04:00
8490,prizepicks,15191465,2026-09-25T17:32:50+00:00,13.5,standard,pre_game,2026-09-25T11:42:51.824-04:00
8491,prizepicks,15191469,2026-09-25T17:32:50+00:00,13.5,standard,pre_game,2026-09-25T11:43:17.748-04:00
8492,prizepicks,15191466,2026-09-25T17:32:50+00:00,12.5,goblin,pre_game,2026-09-25T11:42:51.824-04:00
8493,prizepicks,15191470,2026-09-25T17:32:50+00:00,12.5,goblin,pre_game,2026-09-25T11:43:17.748-04:00
8494,prizepicks,15191447,2026-09-25T17:32:50+00:00,9.5,standard,pre_game,2026-09-25T11:42:51.824-04:00
8495,prizepicks,15191459,2026-09-25T17:32:50+00:00,7.5,standard,pre_game,2026-09-25T11:42:51.824-04:00
8496,prizepicks,15191461,2026-09-25T17:32:50+00:00,7.5,standard,pre_game,2026-09-25T11:43:17.748-04:00
8497,prizepicks,15191464,2026-09-25T17:32:50+00:00,7.5,standard,pre_game,2026-09-25T11:42:51.824-04:00
8498,prizepicks,15191468,2026-09-25T17:32:50+00:00,7.5,standard,pre_game,2026-09-25T11:43:17.748-04:00
8499,prizepicks,14889444,2026-09-25T17:33:02+00:00,7.5,standard,pre_game,2026-09-23T23:18:35.181-04:00
8500,prizepicks,14893789,2026-09-25T17:33:02+00:00,90.5,standard,pre_game,2026-09-22T10:30:37.173-04:00
8501,prizepicks,14893790,2026-09-25T17:33:02+00:00,94.5,standard,pre_game,2026-09-20T20:06:51.078-04:00
8502,prizepicks,14893661,2026-09-25T17:33:02+00:00,29.5,standard,pre_game,2026-09-15T19:46:42.682-04:00
8503,prizepicks,14893662,2026-09-25T17:33:02+00:00,31.5,standard,pre_game,2026-09-15T19:45:18.094-04:00
8504,prizepicks,14893663,2026-09-25T17:33:02+00:00,26.5,standard,pre_game,2026-09-15T16:44:07.102-04:00
8505,prizepicks,14893664,2026-09-25T17:33:02+00:00,28.5,standard,pre_game,2026-09-15T16:44:07.102-04:00
8506,prizepicks,14893665,2026-09-25T17:33:02+00:00,31.0,standard,pre_game,2026-09-22T17:33:48.439-04:00
8507,prizepicks,14893666,2026-09-25T17:33:02+00:00,31.0,standard,pre_game,2026-09-16T20:06:33.663-04:00
8508,prizepicks,14893667,2026-09-25T17:33:02+00:00,33.5,standard,pre_game,2026-09-20T20:06:51.038-04:00
8509,prizepicks,14893668,2026-09-25T17:33:02+00:00,26.5,standard,pre_game,2026-09-15T16:43:58.006-04:00
8510,prizepicks,14893669,2026-09-25T17:33:02+00:00,29.5,standard,pre_game,2026-09-15T16:43:58.006-04:00
8511,prizepicks,14893670,2026-09-25T17:33:02+00:00,31.5,standard,pre_game,2026-09-15T16:43:58.006-04:00
8512,prizepicks,14889445,2026-09-25T17:33:02+00:00,7.5,standard,pre_game,2026-09-15T16:44:20.483-04:00
8513,prizepicks,14893792,2026-09-25T17:33:02+00:00,59.5,standard,pre_game,2026-09-24T23:29:52.674-04:00
8514,prizepicks,14893672,2026-09-25T17:33:02+00:00,31.5,standard,pre_game,2026-09-23T23:59:58.956-04:00
8515,prizepicks,14893673,2026-09-25T17:33:02+00:00,35.5,standard,pre_game,2026-09-15T19:40:42.526-04:00
8516,prizepicks,14893674,2026-09-25T17:33:02+00:00,29.0,standard,pre_game,2026-09-22T20:26:53.680-04:00
8517,prizepicks,14893675,2026-09-25T17:33:02+00:00,32.5,standard,pre_game,2026-09-15T16:44:20.483-04:00
8518,prizepicks,14893676,2026-09-25T17:33:02+00:00,25.5,standard,pre_game,2026-09-15T19:44:24.606-04:00
8519,prizepicks,14893677,2026-09-25T17:33:02+00:00,34.5,standard,pre_game,2026-09-15T16:49:04.005-04:00
8520,prizepicks,14893678,2026-09-25T17:33:02+00:00,28.0,standard,pre_game,2026-09-15T19:41:03.824-04:00
8521,prizepicks,14893679,2026-09-25T17:33:02+00:00,28.5,standard,pre_game,2026-09-15T19:45:36.562-04:00
8522,prizepicks,14893680,2026-09-25T17:33:02+00:00,25.5,standard,pre_game,2026-09-15T16:48:36.355-04:00
8523,prizepicks,14889446,2026-09-25T17:33:02+00:00,8.5,standard,pre_game,2026-09-15T16:44:41.745-04:00
8524,prizepicks,14893793,2026-09-25T17:33:02+00:00,90.5,standard,pre_game,2026-09-15T16:44:41.745-04:00
8525,prizepicks,14893794,2026-09-25T17:33:02+00:00,62.0,standard,pre_game,2026-09-25T11:19:42.741-04:00
8526,prizepicks,14893681,2026-09-25T17:33:02+00:00,31.0,standard,pre_game,2026-09-24T23:29:08.801-04:00
8527,prizepicks,14893682,2026-09-25T17:33:02+00:00,28.5,standard,pre_game,2026-09-15T19:41:39.730-04:00
8528,prizepicks,14893683,2026-09-25T17:33:02+00:00,31.5,standard,pre_game,2026-09-15T16:44:41.745-04:00
8529,prizepicks,14893684,2026-09-25T17:33:02+00:00,28.0,standard,pre_game,2026-09-15T16:44:41.745-04:00
8530,prizepicks,14893685,2026-09-25T17:33:02+00:00,32.0,standard,pre_game,2026-09-16T20:05:48.179-04:00
8531,prizepicks,14893686,2026-09-25T17:33:02+00:00,24.5,standard,pre_game,2026-09-16T20:04:56.117-04:00
8532,prizepicks,14893687,2026-09-25T17:33:02+00:00,32.0,standard,pre_game,2026-09-22T17:33:27.384-04:00
8533,prizepicks,14893688,2026-09-25T17:33:02+00:00,25.5,standard,pre_game,2026-09-15T16:44:48.797-04:00
8534,prizepicks,14893689,2026-09-25T17:33:02+00:00,31.5,standard,pre_game,2026-09-25T11:19:42.694-04:00
8535,prizepicks,14893690,2026-09-25T17:33:02+00:00,27.5,standard,pre_game,2026-09-15T16:48:12.189-04:00
8536,prizepicks,14889447,2026-09-25T17:33:02+00:00,7.5,standard,pre_game,2026-09-15T16:45:43.494-04:00
8537,prizepicks,14893795,2026-09-25T17:33:02+00:00,88.0,standard,pre_game,2026-09-21T02:33:55.383-04:00
8538,prizepicks,14893796,2026-09-25T17:33:02+00:00,54.0,standard,pre_game,2026-09-15T16:45:28.279-04:00
8539,prizepicks,14893691,2026-09-25T17:33:02+00:00,28.5,standard,pre_game,2026-09-15T19:42:02.481-04:00
8540,prizepicks,14893692,2026-09-25T17:33:02+00:00,24.0,standard,pre_game,2026-09-22T17:34:17.243-04:00
8541,prizepicks,14893693,2026-09-25T17:33:02+00:00,27.5,standard,pre_game,2026-09-15T16:45:28.279-04:00
8542,prizepicks,14893694,2026-09-25T17:33:02+00:00,31.5,standard,pre_game,2026-09-15T16:45:28.279-04:00
8543,prizepicks,14893695,2026-09-25T17:33:02+00:00,26.5,standard,pre_game,2026-09-15T16:45:28.279-04:00
8544,prizepicks,14893696,2026-09-25T17:33:02+00:00,27.5,standard,pre_game,2026-09-15T16:45:43.494-04:00
8545,prizepicks,14893697,2026-09-25T17:33:02+00:00,29.5,standard,pre_game,2026-09-15T16:45:43.494-04:00
8546,prizepicks,14893698,2026-09-25T17:33:02+00:00,31.0,standard,pre_game,2026-09-21T02:33:55.336-04:00
8547,prizepicks,14893699,2026-09-25T17:33:02+00:00,26.5,standard,pre_game,2026-09-15T16:45:43.494-04:00
8548,prizepicks,14893700,2026-09-25T17:33:02+00:00,33.5,standard,pre_game,2026-09-15T16:45:43.494-04:00
8549,prizepicks,15193939,2026-09-25T17:33:02+00:00,91.0,standard,pre_game,2026-09-24T11:52:08.332-04:00
8550,prizepicks,15193940,2026-09-25T17:33:02+00:00,61.0,standard,pre_game,2026-09-24T11:52:08.332-04:00
8551,prizepicks,15193848,2026-09-25T17:33:02+00:00,29.5,standard,pre_game,2026-09-24T11:52:08.332-04:00
8552,prizepicks,15193851,2026-09-25T17:33:02+00:00,29.5,standard,pre_game,2026-09-24T11:52:08.332-04:00
8553,prizepicks,15193853,2026-09-25T17:33:02+00:00,30.5,standard,pre_game,2026-09-24T11:52:08.332-04:00
8554,prizepicks,15193854,2026-09-25T17:33:02+00:00,31.5,standard,pre_game,2026-09-24T11:52:08.332-04:00
8555,prizepicks,15193855,2026-09-25T17:33:02+00:00,29.5,standard,pre_game,2026-09-24T12:09:43.359-04:00
8556,prizepicks,15193856,2026-09-25T17:33:02+00:00,32.0,standard,pre_game,2026-09-24T11:52:08.332-04:00
8557,prizepicks,15193857,2026-09-25T17:33:02+00:00,28.5,standard,pre_game,2026-09-24T11:52:08.332-04:00
8558,prizepicks,15193858,2026-09-25T17:33:02+00:00,29.5,standard,pre_game,2026-09-24T11:52:08.332-04:00
8559,prizepicks,15193859,2026-09-25T17:33:02+00:00,29.5,standard,pre_game,2026-09-24T11:52:08.332-04:00
8560,prizepicks,15193860,2026-09-25T17:33:02+00:00,32.5,standard,pre_game,2026-09-24T12:13:30.387-04:00
8561,prizepicks,15193941,2026-09-25T17:33:02+00:00,93.0,standard,pre_game,2026-09-24T11:52:08.332-04:00
8562,prizepicks,15193861,2026-09-25T17:33:02+00:00,23.5,standard,pre_game,2026-09-24T11:52:08.332-04:00
8563,prizepicks,15193862,2026-09-25T17:33:02+00:00,32.5,standard,pre_game,2026-09-24T23:30:31.801-04:00
8564,prizepicks,15193863,2026-09-25T17:33:02+00:00,26.0,standard,pre_game,2026-09-24T11:52:08.332-04:00
8565,prizepicks,15193864,2026-09-25T17:33:02+00:00,30.5,standard,pre_game,2026-09-24T11:52:08.332-04:00
8566,prizepicks,15193865,2026-09-25T17:33:02+00:00,24.5,standard,pre_game,2026-09-24T11:52:08.332-04:00
8567,prizepicks,15193866,2026-09-25T17:33:02+00:00,31.5,standard,pre_game,2026-09-24T11:52:08.332-04:00
8568,prizepicks,15193867,2026-09-25T17:33:02+00:00,27.5,standard,pre_game,2026-09-24T11:52:08.332-04:00
8569,prizepicks,15193868,2026-09-25T17:33:02+00:00,25.5,standard,pre_game,2026-09-24T11:52:08.332-04:00
8570,prizepicks,15193869,2026-09-25T17:33:02+00:00,34.0,standard,pre_game,2026-09-24T11:52:08.332-04:00
