book,projection_id,sport,league,player_id,player_name,team,opponent,position,game_id,stat_type,stat,map_from,map_to,combo,combo_players,voidable,board_time,start_time,open_line,open_seen_at,current_line,current_odds_type,last_seen_at,status,odds_over,odds_under
prizepicks,15194837,lol,LoL,233809,Jaehyuk,DPKC,Cupid Esports,TOP,Cupid EsportsDPKC46290.0833333333,MAP 1 Kills,kills,1,1,0,,0,2026-09-24T02:00:00.000-04:00,2026-09-25T02:00:00.000-04:00,4.0,2026-09-25T05:34:18+00:00,4.0,standard,2026-09-25T05:34:18+00:00,pre_game,,
prizepicks,15194838,lol,LoL,330152,Solid,DPKC,Cupid Esports,JNG,Cupid EsportsDPKC46290.0833333333,MAP 1 Kills,kills,1,1,0,,0,2026-09-24T02:00:00.000-04:00,2026-09-25T02:00:00.000-04:00,4.0,2026-09-25T05:34:18+00:00,4.0,standard,2026-09-25T05:34:18+00:00,pre_game,,
prizepicks,15194839,lol,LoL,233811,Garden,DPKC,Cupid Esports,MID,Cupid EsportsDPKC46290.0833333333,MAP 1 Kills,kills,1,1,0,,0,2026-09-24T02:00:00.000-04:00,2026-09-25T02:00:00.000-04:00,5.0,2026-09-25T05:34:18+00:00,5.0,standard,2026-09-25T05:34:18+00:00,pre_game,,
prizepicks,15194840,lol,LoL,233812,Wayne,DPKC,Cupid Esports,BOT,Cupid EsportsDPKC46290.0833333333,MAP 1 Kills,kills,1,1,0,,0,2026-09-24T02:00:00.000-04:00,2026-09-25T02:00:00.000-04:00,6.0,2026-09-25T05:34:18+00:00,6.0,standard,2026-09-25T05:34:18+00:00,pre_game,,
prizepicks,15194841,lol,LoL,40689,Kryze,SLY,GL,TOP,SLYGL46290.2083333333,MAP 1 Kills,kills,1,1,0,,0,2026-09-24T05:00:00.000-04:00,2026-09-25T05:00:00.000-04:00,3.0,2026-09-25T05:34:18+00:00,3.0,standard,2026-09-25T05:34:18+00:00,pre_game,,
prizepicks,15194842,lol,LoL,295245,Zicssi,SLY,GL,JNG,SLYGL46290.2083333333,MAP 1 Kills,kills,1,1,0,,0,2026-09-24T05:00:00.000-04:00,2026-09-25T05:00:00.000-04:00,4.5,2026-09-25T05:34:18+00:00,4.5,standard,2026-09-25T05:34:18+00:00,pre_game,,
prizepicks,15194843,lol,LoL,295246,Jool,SLY,GL,MID,SLYGL46290.2083333333,MAP 1 Kills,kills,1,1,0,,0,2026-09-24T05:00:00.000-04:00,2026-09-25T05:00:00.000-04:00,4.5,2026-09-25T05:34:18+00:00,4.5,standard,2026-09-25T05:34:18+00:00,pre_game,,
prizepicks,15194844,lol,LoL,285858,Aetinoth,SLY,GL,BOT,SLYGL46290.2083333333,MAP 1 Kills,kills,1,1,0,,0,2026-09-24T05:00:00.000-04:00,2026-09-25T05:00:00.000-04:00,4.5,2026-09-25T05:34:18+00:00,4.5,standard,2026-09-25T05:34:18+00:00,pre_game,,
prizepicks,15194845,lol,LoL,295244,Carlsen,GL,SLY,TOP,SLYGL46290.2083333333,MAP 1 Kills,kills,1,1,0,,0,2026-09-24T05:00:00.000-04:00,2026-09-25T05:00:00.000-04:00,3.5,2026-09-25T05:34:18+00:00,3.5,standard,2026-09-25T05:34:18+00:00,pre_game,,
prizepicks,15194846,lol,LoL,285841,Thayger,GL,SLY,JNG,SLYGL46290.2083333333,MAP 1 Kills,kills,1,1,0,,0,2026-09-24T05:00:00.000-04:00,2026-09-25T05:00:00.000-04:00,4.0,2026-09-25T05:34:18+00:00,4.0,standard,2026-09-25T05:34:18+00:00,pre_game,,
prizepicks,15194847,lol,LoL,285840,OMON,GL,SLY,MID,SLYGL46290.2083333333,MAP 1 Kills,kills,1,1,0,,0,2026-09-24T05:00:00.000-04:00,2026-09-25T05:00:00.000-04:00,4.5,2026-09-25T05:34:18+00:00,4.5,standard,2026-09-25T05:34:18+00:00,pre_game,,
prizepicks,15194848,lol,LoL,248718,Harpoon,GL,SLY,BOT,SLYGL46290.2083333333,MAP 1 Kills,kills,1,1,0,,0,2026-09-24T05:00:00.000-04:00,2026-09-25T05:00:00.000-04:00,5.0,2026-09-25T05:34:18+00:00,5.0,standard,2026-09-25T05:34:18+00:00,pre_game,,
prizepicks,15195110,lol,LoL,233809,Jaehyuk,DPKC,FENNEL,TOP,FENNELDPKC46290.25,MAP 1 Kills,kills,1,1,0,,0,2026-09-24T06:00:00.000-04:00,2026-09-25T06:00:00.000-04:00,4.5,2026-09-25T05:34:18+00:00,4.5,standard,2026-09-25T05:34:18+00:00,pre_game,,
prizepicks,15195111,lol,LoL,330152,Solid,DPKC,FENNEL,JNG,FENNELDPKC46290.25,MAP 1 Kills,kills,1,1,0,,0,2026-09-24T06:00:00.000-04:00,2026-09-25T06:00:00.000-04:00,5.0,2026-09-25T05:34:18+00:00,5.0,standard,2026-09-25T05:34:18+00:00,pre_game,,
prizepicks,15195112,lol,LoL,233811,Garden,DPKC,FENNEL,MID,FENNELDPKC46290.25,MAP 1 Kills,kills,1,1,0,,0,2026-09-24T06:00:00.000-04:00,2026-09-25T06:00:00.000-04:00,5.5,2026-09-25T05:34:18+00:00,5.5,standard,2026-09-25T05:34:18+00:00,pre_game,,
prizepicks,15195113,lol,LoL,233812,Wayne,DPKC,FENNEL,BOT,FENNELDPKC46290.25,MAP 1 Kills,kills,1,1,0,,0,2026-09-24T06:00:00.000-04:00,2026-09-25T06:00:00.000-04:00,6.5,2026-09-25T05:34:18+00:00,6.5,standard,2026-09-25T05:34:18+00:00,pre_game,,
prizepicks,15195114,lol,LoL,40689,Kryze,SLY,Saigon Warriors,TOP,SLYSaigon Warriors46290.3333333333,MAP 1 Kills,kills,1,1,0,,0,2026-09-24T08:00:00.000-04:00,2026-09-25T08:00:00.000-04:00,3.5,2026-09-25T05:34:18+00:00,3.5,standard,2026-09-25T05:34:18+00:00,pre_game,,
prizepicks,15195115,lol,LoL,295245,Zicssi,SLY,Saigon Warriors,JNG,SLYSaigon Warriors46290.3333333333,MAP 1 Kills,kills,1,1,0,,0,2026-09-24T08:00:00.000-04:00,2026-09-25T08:00:00.000-04:00,5.5,2026-09-25T05:34:18+00:00,5.5,standard,2026-09-25T05:34:18+00:00,pre_game,,
prizepicks,15195116,lol,LoL,295246,Jool,SLY,Saigon Warriors,MID,SLYSaigon Warriors46290.3333333333,MAP 1 Kills,kills,1,1,0,,0,2026-09-24T08:00:00.000-04:00,2026-09-25T08:00:00.000-04:00,5.5,2026-09-25T05:34:18+00:00,5.5,standard,2026-09-25T05:34:18+00:00,pre_game,,
prizepicks,15195117,lol,LoL,285858,Aetinoth,SLY,Saigon Warriors,BOT,SLYSaigon Warriors46290.3333333333,MAP 1 Kills,kills,1,1,0,,0,2026-09-24T08:00:00.000-04:00,2026-09-25T08:00:00.000-04:00,5.5,2026-09-25T05:34:18+00:00,5.5,standard,2026-09-25T05:34:18+00:00,pre_game,,
prizepicks,15195118,lol,LoL,295244,Carlsen,GL,ZSK,TOP,ZSKGL46290.375,MAP 1 Kills,kills,1,1,0,,0,2026-09-24T09:00:00.000-04:00,2026-09-25T09:00:00.000-04:00,4.5,2026-09-25T05:34:18+00:00,4.5,standard,2026-09-25T05:34:18+00:00,pre_game,,
prizepicks,15195119,lol,LoL,285841,Thayger,GL,ZSK,JNG,ZSKGL46290.375,MAP 1 Kills,kills,1,1,0,,0,2026-09-24T09:00:00.000-04:00,2026-09-25T09:00:00.000-04:00,4.5,2026-09-25T05:34:18+00:00,4.5,standard,2026-09-25T05:34:18+00:00,pre_game,,
prizepicks,15195120,lol,LoL,285840,OMON,GL,ZSK,MID,ZSKGL46290.375,MAP 1 Kills,kills,1,1,0,,0,2026-09-24T09:00:00.000-04:00,2026-09-25T09:00:00.000-04:00,5.5,2026-09-25T05:34:18+00:00,5.5,standard,2026-09-25T05:34:18+00:00,pre_game,,
prizepicks,15195121,lol,LoL,248718,Harpoon,GL,ZSK,BOT,ZSKGL46290.375,MAP 1 Kills,kills,1,1,0,,0,2026-09-24T09:00:00.000-04:00,2026-09-25T09:00:00.000-04:00,6.5,2026-09-25T05:34:18+00:00,6.5,standard,2026-09-25T05:34:18+00:00,pre_game,,
prizepicks,15198016,lol,LoL,296144,GaKGoS + Gryffinn + Quad,FLY,SR,TOP/JNG/MID,SRFLY46290.7916666667,MAPS 1-3 Kills (Combo),kills,1,3,1,"[""GaKGoS"", ""Gryffinn"", ""Quad""]",1,2026-09-22T16:00:00.000-04:00,2026-09-25T16:00:00.000-04:00,32.5,2026-09-25T05:34:18+00:00,33.5,standard,2026-09-25T19:56:06+00:00,pre_game,,
prizepicks,15198017,lol,LoL,200290,Quad + Massu,FLY,SR,MID/BOT,SRFLY46290.7916666667,MAPS 1-3 Kills (Combo),kills,1,3,1,"[""Quad"", ""Massu""]",1,2026-09-22T16:00:00.000-04:00,2026-09-25T16:00:00.000-04:00,27.5,2026-09-25T05:34:18+00:00,28.5,standard,2026-09-25T19:56:06+00:00,pre_game,,
prizepicks,15198018,lol,LoL,296145,Fudge + Contractz + Zinie,SR,FLY,TOP/JNG/MID,SRFLY46290.7916666667,MAPS 1-3 Kills (Combo),kills,1,3,1,"[""Fudge"", ""Contractz"", ""Zinie""]",1,2026-09-22T16:00:00.000-04:00,2026-09-25T16:00:00.000-04:00,22.5,2026-09-25T05:34:18+00:00,22.0,standard,2026-09-25T19:56:06+00:00,pre_game,,
prizepicks,15198019,lol,LoL,296146,Zinie + Bvoy,SR,FLY,MID/BOT,SRFLY46290.7916666667,MAPS 1-3 Kills (Combo),kills,1,3,1,"[""Zinie"", ""Bvoy""]",1,2026-09-22T16:00:00.000-04:00,2026-09-25T16:00:00.000-04:00,18.5,2026-09-25T05:34:18+00:00,18.5,standard,2026-09-25T19:56:06+00:00,pre_game,,
prizepicks,15198571,lol,LoL,263878,GaKGoS,FLY,SR,TOP,SRFLY46290.7916666667,MAPS 1-3 Kills,kills,1,3,0,,1,2026-09-22T16:00:00.000-04:00,2026-09-25T16:00:00.000-04:00,10.5,2026-09-25T05:34:18+00:00,10.5,demon,2026-09-25T19:56:06+00:00,pre_game,,
prizepicks,15197798,lol,LoL,263878,GaKGoS,FLY,SR,TOP,SRFLY46290.7916666667,MAPS 1-3 Kills,kills,1,3,0,,1,2026-09-22T16:00:00.000-04:00,2026-09-25T16:00:00.000-04:00,8.5,2026-09-25T05:34:18+00:00,8.5,standard,2026-09-25T19:56:06+00:00,pre_game,,
prizepicks,15198572,lol,LoL,263878,GaKGoS,FLY,SR,TOP,SRFLY46290.7916666667,MAPS 1-3 Kills,kills,1,3,0,,1,2026-09-22T16:00:00.000-04:00,2026-09-25T16:00:00.000-04:00,6.5,2026-09-25T05:34:18+00:00,6.5,goblin,2026-09-25T19:56:06+00:00,pre_game,,
prizepicks,15198493,lol,LoL,285806,Gryffinn,FLY,SR,JNG,SRFLY46290.7916666667,MAPS 1-3 Kills,kills,1,3,0,,1,2026-09-22T16:00:00.000-04:00,2026-09-25T16:00:00.000-04:00,14.5,2026-09-25T05:34:18+00:00,14.5,demon,2026-09-25T19:56:06+00:00,pre_game,,
prizepicks,15197799,lol,LoL,285806,Gryffinn,FLY,SR,JNG,SRFLY46290.7916666667,MAPS 1-3 Kills,kills,1,3,0,,1,2026-09-22T16:00:00.000-04:00,2026-09-25T16:00:00.000-04:00,12.5,2026-09-25T05:34:18+00:00,12.5,standard,2026-09-25T19:56:06+00:00,pre_game,,
prizepicks,15198494,lol,LoL,285806,Gryffinn,FLY,SR,JNG,SRFLY46290.7916666667,MAPS 1-3 Kills,kills,1,3,0,,1,2026-09-22T16:00:00.000-04:00,2026-09-25T16:00:00.000-04:00,10.5,2026-09-25T05:34:18+00:00,10.5,goblin,2026-09-25T19:56:06+00:00,pre_game,,
prizepicks,15198799,lol,LoL,199715,Quad,FLY,SR,MID,SRFLY46290.7916666667,MAPS 1-3 Kills,kills,1,3,0,,1,2026-09-22T16:00:00.000-04:00,2026-09-25T16:00:00.000-04:00,14.5,2026-09-25T05:34:18+00:00,14.5,demon,2026-09-25T19:56:06+00:00,pre_game,,
prizepicks,15197800,lol,LoL,199715,Quad,FLY,SR,MID,SRFLY46290.7916666667,MAPS 1-3 Kills,kills,1,3,0,,1,2026-09-22T16:00:00.000-04:00,2026-09-25T16:00:00.000-04:00,11.5,2026-09-25T05:34:18+00:00,12.5,standard,2026-09-25T19:56:06+00:00,pre_game,,
prizepicks,15198800,lol,LoL,199715,Quad,FLY,SR,MID,SRFLY46290.7916666667,MAPS 1-3 Kills,kills,1,3,0,,1,2026-09-22T16:00:00.000-04:00,2026-09-25T16:00:00.000-04:00,8.5,2026-09-25T05:34:18+00:00,8.5,goblin,2026-09-25T19:56:06+00:00,pre_game,,
prizepicks,15198842,lol,LoL,95512,Massu,FLY,SR,BOT,SRFLY46290.7916666667,MAPS 1-3 Kills,kills,1,3,0,,1,2026-09-22T16:00:00.000-04:00,2026-09-25T16:00:00.000-04:00,18.5,2026-09-25T05:34:18+00:00,18.5,demon,2026-09-25T19:56:06+00:00,pre_game,,
prizepicks,15197801,lol,LoL,95512,Massu,FLY,SR,BOT,SRFLY46290.7916666667,MAPS 1-3 Kills,kills,1,3,0,,1,2026-09-22T16:00:00.000-04:00,2026-09-25T16:00:00.000-04:00,15.5,2026-09-25T05:34:18+00:00,15.5,standard,2026-09-25T19:56:06+00:00,pre_game,,
prizepicks,15198843,lol,LoL,95512,Massu,FLY,SR,BOT,SRFLY46290.7916666667,MAPS 1-3 Kills,kills,1,3,0,,1,2026-09-22T16:00:00.000-04:00,2026-09-25T16:00:00.000-04:00,12.5,2026-09-25T05:34:18+00:00,12.5,goblin,2026-09-25T19:56:06+00:00,pre_game,,
prizepicks,15197973,lol,LoL,285821,Cryogen,FLY,SR,SUP,SRFLY46290.7916666667,MAPS 1-3 Kills,kills,1,3,0,,1,2026-09-22T16:00:00.000-04:00,2026-09-25T16:00:00.000-04:00,2.5,2026-09-25T05:34:18+00:00,2.5,demon,2026-09-25T19:56:06+00:00,pre_game,,
prizepicks,15198729,lol,LoL,225986,Fudge,SR,FLY,TOP,SRFLY46290.7916666667,MAPS 1-3 Kills,kills,1,3,0,,1,2026-09-22T16:00:00.000-04:00,2026-09-25T16:00:00.000-04:00,9.5,2026-09-25T05:34:18+00:00,9.5,demon,2026-09-25T19:56:06+00:00,pre_game,,
prizepicks,15197803,lol,LoL,225986,Fudge,SR,FLY,TOP,SRFLY46290.7916666667,MAPS 1-3 Kills,kills,1,3,0,,1,2026-09-22T16:00:00.000-04:00,2026-09-25T16:00:00.000-04:00,7.0,2026-09-25T05:34:18+00:00,7.0,standard,2026-09-25T19:56:06+00:00,pre_game,,
prizepicks,15198730,lol,LoL,225986,Fudge,SR,FLY,TOP,SRFLY46290.7916666667,MAPS 1-3 Kills,kills,1,3,0,,1,2026-09-22T16:00:00.000-04:00,2026-09-25T16:00:00.000-04:00,5.5,2026-09-25T05:34:18+00:00,5.5,goblin,2026-09-25T19:56:06+00:00,pre_game,,
prizepicks,15198488,lol,LoL,225987,Contractz,SR,FLY,JNG,SRFLY46290.7916666667,MAPS 1-3 Kills,kills,1,3,0,,1,2026-09-22T16:00:00.000-04:00,2026-09-25T16:00:00.000-04:00,9.5,2026-09-25T05:34:18+00:00,9.5,demon,2026-09-25T19:56:06+00:00,pre_game,,
prizepicks,15197804,lol,LoL,225987,Contractz,SR,FLY,JNG,SRFLY46290.7916666667,MAPS 1-3 Kills,kills,1,3,0,,1,2026-09-22T16:00:00.000-04:00,2026-09-25T16:00:00.000-04:00,7.0,2026-09-25T05:34:18+00:00,7.0,standard,2026-09-25T19:56:06+00:00,pre_game,,
prizepicks,15198489,lol,LoL,225987,Contractz,SR,FLY,JNG,SRFLY46290.7916666667,MAPS 1-3 Kills,kills,1,3,0,,1,2026-09-22T16:00:00.000-04:00,2026-09-25T16:00:00.000-04:00,5.5,2026-09-25T05:34:18+00:00,5.5,goblin,2026-09-25T19:56:06+00:00,pre_game,,
prizepicks,15198468,lol,LoL,296138,Zinie,SR,FLY,MID,SRFLY46290.7916666667,MAPS 1-3 Kills,kills,1,3,0,,1,2026-09-22T16:00:00.000-04:00,2026-09-25T16:00:00.000-04:00,11.5,2026-09-25T05:34:18+00:00,11.5,demon,2026-09-25T19:56:06+00:00,pre_game,,
prizepicks,15197805,lol,LoL,296138,Zinie,SR,FLY,MID,SRFLY46290.7916666667,MAPS 1-3 Kills,kills,1,3,0,,1,2026-09-22T16:00:00.000-04:00,2026-09-25T16:00:00.000-04:00,8.5,2026-09-25T05:34:18+00:00,8.5,standard,2026-09-25T19:56:06+00:00,pre_game,,
prizepicks,15198469,lol,LoL,296138,Zinie,SR,FLY,MID,SRFLY46290.7916666667,MAPS 1-3 Kills,kills,1,3,0,,1,2026-09-22T16:00:00.000-04:00,2026-09-25T16:00:00.000-04:00,5.5,2026-09-25T05:34:18+00:00,5.5,goblin,2026-09-25T19:56:06+00:00,pre_game,,
prizepicks,15198922,lol,LoL,95225,Bvoy,SR,FLY,BOT,SRFLY46290.7916666667,MAPS 1-3 Kills,kills,1,3,0,,1,2026-09-22T16:00:00.000-04:00,2026-09-25T16:00:00.000-04:00,13.5,2026-09-25T05:34:18+00:00,13.5,demon,2026-09-25T19:56:06+00:00,pre_game,,
prizepicks,15197806,lol,LoL,95225,Bvoy,SR,FLY,BOT,SRFLY46290.7916666667,MAPS 1-3 Kills,kills,1,3,0,,1,2026-09-22T16:00:00.000-04:00,2026-09-25T16:00:00.000-04:00,10.0,2026-09-25T05:34:18+00:00,10.0,standard,2026-09-25T19:56:06+00:00,pre_game,,
prizepicks,15198923,lol,LoL,95225,Bvoy,SR,FLY,BOT,SRFLY46290.7916666667,MAPS 1-3 Kills,kills,1,3,0,,1,2026-09-22T16:00:00.000-04:00,2026-09-25T16:00:00.000-04:00,7.5,2026-09-25T05:34:18+00:00,7.5,goblin,2026-09-25T19:56:06+00:00,pre_game,,
prizepicks,15197990,lol,LoL,225989,Zeyzal,SR,FLY,SUP,SRFLY46290.7916666667,MAPS 1-3 Kills,kills,1,3,0,,1,2026-09-22T16:00:00.000-04:00,2026-09-25T16:00:00.000-04:00,1.5,2026-09-25T05:34:18+00:00,1.5,goblin,2026-09-25T19:56:06+00:00,pre_game,,
prizepicks,15213032,cs2,,328534,Brollan,HEROIC,fnatic,G,fnaticHEROIC46290.1666666667,MAPS 1-2 Kills,kills,1,2,0,,0,2026-09-24T04:00:00.000-04:00,2026-09-25T04:00:00.000-04:00,30.5,2026-09-25T05:34:20+00:00,30.5,standard,2026-09-25T05:34:20+00:00,pre_game,,
prizepicks,15213033,cs2,,328535,MartinezSa,HEROIC,fnatic,G,fnaticHEROIC46290.1666666667,MAPS 1-2 Kills,kills,1,2,0,,0,2026-09-24T04:00:00.000-04:00,2026-09-25T04:00:00.000-04:00,31.5,2026-09-25T05:34:20+00:00,31.5,standard,2026-09-25T05:34:20+00:00,pre_game,,
prizepicks,15213034,cs2,,247237,nilo,HEROIC,fnatic,G,fnaticHEROIC46290.1666666667,MAPS 1-2 Kills,kills,1,2,0,,0,2026-09-24T04:00:00.000-04:00,2026-09-25T04:00:00.000-04:00,32.5,2026-09-25T05:34:20+00:00,32.5,standard,2026-09-25T05:34:20+00:00,pre_game,,
prizepicks,15213035,cs2,,291757,Chr1zn,HEROIC,fnatic,G,fnaticHEROIC46290.1666666667,MAPS 1-2 Kills,kills,1,2,0,,0,2026-09-24T04:00:00.000-04:00,2026-09-25T04:00:00.000-04:00,27.5,2026-09-25T05:34:20+00:00,27.5,standard,2026-09-25T05:34:20+00:00,pre_game,,
prizepicks,15213036,cs2,,291758,susp,HEROIC,fnatic,G,fnaticHEROIC46290.1666666667,MAPS 1-2 Kills,kills,1,2,0,,0,2026-09-24T04:00:00.000-04:00,2026-09-25T04:00:00.000-04:00,27.5,2026-09-25T05:34:20+00:00,27.5,standard,2026-09-25T05:34:20+00:00,pre_game,,
prizepicks,15213037,cs2,,224279,fear,fnatic,HEROIC,G,fnaticHEROIC46290.1666666667,MAPS 1-2 Kills,kills,1,2,0,,0,2026-09-24T04:00:00.000-04:00,2026-09-25T04:00:00.000-04:00,23.5,2026-09-25T05:34:20+00:00,23.5,standard,2026-09-25T05:34:20+00:00,pre_game,,
prizepicks,15213038,cs2,,166332,jambo,fnatic,HEROIC,G,fnaticHEROIC46290.1666666667,MAPS 1-2 Kills,kills,1,2,0,,0,2026-09-24T04:00:00.000-04:00,2026-09-25T04:00:00.000-04:00,31.5,2026-09-25T05:34:20+00:00,31.5,standard,2026-09-25T05:34:20+00:00,pre_game,,
prizepicks,15213039,cs2,,267308,jackasmo,fnatic,HEROIC,G,fnaticHEROIC46290.1666666667,MAPS 1-2 Kills,kills,1,2,0,,0,2026-09-24T04:00:00.000-04:00,2026-09-25T04:00:00.000-04:00,28.5,2026-09-25T05:34:20+00:00,28.5,standard,2026-09-25T05:34:20+00:00,pre_game,,
prizepicks,15213040,cs2,,328136,cairne,fnatic,HEROIC,G,fnaticHEROIC46290.1666666667,MAPS 1-2 Kills,kills,1,2,0,,0,2026-09-24T04:00:00.000-04:00,2026-09-25T04:00:00.000-04:00,28.5,2026-09-25T05:34:20+00:00,28.5,standard,2026-09-25T05:34:20+00:00,pre_game,,
prizepicks,15213041,cs2,,328137,mazay,fnatic,HEROIC,G,fnaticHEROIC46290.1666666667,MAPS 1-2 Kills,kills,1,2,0,,0,2026-09-24T04:00:00.000-04:00,2026-09-25T04:00:00.000-04:00,25.5,2026-09-25T05:34:20+00:00,25.5,standard,2026-09-25T05:34:20+00:00,pre_game,,
prizepicks,15213042,cs2,,328534,Brollan,HEROIC,fnatic,G,fnaticHEROIC46290.1666666667,MAPS 1-2 Headshots,headshots,1,2,0,,0,2026-09-24T04:00:00.000-04:00,2026-09-25T04:00:00.000-04:00,17.5,2026-09-25T05:34:20+00:00,17.5,standard,2026-09-25T05:34:20+00:00,pre_game,,
prizepicks,15213043,cs2,,328535,MartinezSa,HEROIC,fnatic,G,fnaticHEROIC46290.1666666667,MAPS 1-2 Headshots,headshots,1,2,0,,0,2026-09-24T04:00:00.000-04:00,2026-09-25T04:00:00.000-04:00,12.5,2026-09-25T05:34:20+00:00,12.5,standard,2026-09-25T05:34:20+00:00,pre_game,,
prizepicks,15213044,cs2,,247237,nilo,HEROIC,fnatic,G,fnaticHEROIC46290.1666666667,MAPS 1-2 Headshots,headshots,1,2,0,,0,2026-09-24T04:00:00.000-04:00,2026-09-25T04:00:00.000-04:00,19.5,2026-09-25T05:34:20+00:00,19.5,standard,2026-09-25T05:34:20+00:00,pre_game,,
prizepicks,15213045,cs2,,291757,Chr1zn,HEROIC,fnatic,G,fnaticHEROIC46290.1666666667,MAPS 1-2 Headshots,headshots,1,2,0,,0,2026-09-24T04:00:00.000-04:00,2026-09-25T04:00:00.000-04:00,15.5,2026-09-25T05:34:20+00:00,15.5,standard,2026-09-25T05:34:20+00:00,pre_game,,
prizepicks,15213046,cs2,,291758,susp,HEROIC,fnatic,G,fnaticHEROIC46290.1666666667,MAPS 1-2 Headshots,headshots,1,2,0,,0,2026-09-24T04:00:00.000-04:00,2026-09-25T04:00:00.000-04:00,15.5,2026-09-25T05:34:20+00:00,15.5,standard,2026-09-25T05:34:20+00:00,pre_game,,
prizepicks,15213047,cs2,,224279,fear,fnatic,HEROIC,G,fnaticHEROIC46290.1666666667,MAPS 1-2 Headshots,headshots,1,2,0,,0,2026-09-24T04:00:00.000-04:00,2026-09-25T04:00:00.000-04:00,11.5,2026-09-25T05:34:20+00:00,11.5,standard,2026-09-25T05:34:20+00:00,pre_game,,
prizepicks,15213048,cs2,,166332,jambo,fnatic,HEROIC,G,fnaticHEROIC46290.1666666667,MAPS 1-2 Headshots,headshots,1,2,0,,0,2026-09-24T04:00:00.000-04:00,2026-09-25T04:00:00.000-04:00,12.5,2026-09-25T05:34:20+00:00,12.5,standard,2026-09-25T05:34:20+00:00,pre_game,,
prizepicks,15213049,cs2,,267308,jackasmo,fnatic,HEROIC,G,fnaticHEROIC46290.1666666667,MAPS 1-2 Headshots,headshots,1,2,0,,0,2026-09-24T04:00:00.000-04:00,2026-09-25T04:00:00.000-04:00,16.5,2026-09-25T05:34:20+00:00,16.5,standard,2026-09-25T05:34:20+00:00,pre_game,,
prizepicks,15213050,cs2,,328136,cairne,fnatic,HEROIC,G,fnaticHEROIC46290.1666666667,MAPS 1-2 Headshots,headshots,1,2,0,,0,2026-09-24T04:00:00.000-04:00,2026-09-25T04:00:00.000-04:00,15.5,2026-09-25T05:34:20+00:00,15.5,standard,2026-09-25T05:34:20+00:00,pre_game,,
prizepicks,15213051,cs2,,328137,mazay,fnatic,HEROIC,G,fnaticHEROIC46290.1666666667,MAPS 1-2 Headshots,headshots,1,2,0,,0,2026-09-24T04:00:00.000-04:00,2026-09-25T04:00:00.000-04:00,14.5,2026-09-25T05:34:20+00:00,14.5,standard,2026-09-25T05:34:20+00:00,pre_game,,
prizepicks,15195529,cs2,,344469,l0gicman,PCIFIC,Bebop,G,CS2_match_UxNgW4Mw0HHRbppXg7WzlRil,MAPS 1-2 Kills,kills,1,2,0,,0,2026-09-01T04:00:00.000-04:00,2026-09-25T04:00:00.000-04:00,26.5,2026-09-25T05:34:20+00:00,26.5,standard,2026-09-25T05:34:20+00:00,pre_game,,
prizepicks,15195530,cs2,,325386,lugseN,PCIFIC,Bebop,G,CS2_match_UxNgW4Mw0HHRbppXg7WzlRil,MAPS 1-2 Kills,kills,1,2,0,,0,2026-09-01T04:00:00.000-04:00,2026-09-25T04:00:00.000-04:00,32.5,2026-09-25T05:34:20+00:00,32.5,standard,2026-09-25T05:34:20+00:00,pre_game,,
prizepicks,15195531,cs2,,325385,jresy,PCIFIC,Bebop,G,CS2_match_UxNgW4Mw0HHRbppXg7WzlRil,MAPS 1-2 Kills,kills,1,2,0,,0,2026-09-01T04:00:00.000-04:00,2026-09-25T04:00:00.000-04:00,31.5,2026-09-25T05:34:20+00:00,31.5,standard,2026-09-25T05:34:20+00:00,pre_game,,
prizepicks,15195532,cs2,,325389,scolleN,PCIFIC,Bebop,G,CS2_match_UxNgW4Mw0HHRbppXg7WzlRil,MAPS 1-2 Kills,kills,1,2,0,,0,2026-09-01T04:00:00.000-04:00,2026-09-25T04:00:00.000-04:00,28.5,2026-09-25T05:34:20+00:00,28.5,standard,2026-09-25T05:34:20+00:00,pre_game,,
prizepicks,15195533,cs2,,337579,oyesil,PCIFIC,Bebop,G,CS2_match_UxNgW4Mw0HHRbppXg7WzlRil,MAPS 1-2 Kills,kills,1,2,0,,0,2026-09-01T04:00:00.000-04:00,2026-09-25T04:00:00.000-04:00,27.5,2026-09-25T05:34:20+00:00,27.5,standard,2026-09-25T05:34:20+00:00,pre_game,,
prizepicks,15195535,cs2,,330021,redzed,Bebop,PCIFIC,G,CS2_match_UxNgW4Mw0HHRbppXg7WzlRil,MAPS 1-2 Kills,kills,1,2,0,,0,2026-09-01T04:00:00.000-04:00,2026-09-25T04:00:00.000-04:00,26.5,2026-09-25T05:34:20+00:00,26.5,standard,2026-09-25T05:34:20+00:00,pre_game,,
prizepicks,15195537,cs2,,300643,iDISBALANCE,Bebop,PCIFIC,G,CS2_match_UxNgW4Mw0HHRbppXg7WzlRil,MAPS 1-2 Kills,kills,1,2,0,,0,2026-09-01T04:00:00.000-04:00,2026-09-25T04:00:00.000-04:00,31.5,2026-09-25T05:34:20+00:00,31.5,standard,2026-09-25T05:34:20+00:00,pre_game,,
prizepicks,15195538,cs2,,342847,KENSI,Bebop,PCIFIC,G,CS2_match_UxNgW4Mw0HHRbppXg7WzlRil,MAPS 1-2 Kills,kills,1,2,0,,0,2026-09-01T04:00:00.000-04:00,2026-09-25T04:00:00.000-04:00,28.5,2026-09-25T05:34:20+00:00,28.5,standard,2026-09-25T05:34:20+00:00,pre_game,,
prizepicks,15195539,cs2,,290383,faydett,Bebop,PCIFIC,G,CS2_match_UxNgW4Mw0HHRbppXg7WzlRil,MAPS 1-2 Kills,kills,1,2,0,,0,2026-09-01T04:00:00.000-04:00,2026-09-25T04:00:00.000-04:00,28.0,2026-09-25T05:34:20+00:00,28.0,standard,2026-09-25T05:34:20+00:00,pre_game,,
prizepicks,15195540,cs2,,344469,l0gicman,PCIFIC,Bebop,G,CS2_match_UxNgW4Mw0HHRbppXg7WzlRil,MAPS 1-2 Headshots,headshots,1,2,0,,0,2026-09-01T04:00:00.000-04:00,2026-09-25T04:00:00.000-04:00,16.5,2026-09-25T05:34:20+00:00,16.5,standard,2026-09-25T05:34:20+00:00,pre_game,,
prizepicks,15195541,cs2,,325386,lugseN,PCIFIC,Bebop,G,CS2_match_UxNgW4Mw0HHRbppXg7WzlRil,MAPS 1-2 Headshots,headshots,1,2,0,,0,2026-09-01T04:00:00.000-04:00,2026-09-25T04:00:00.000-04:00,9.5,2026-09-25T05:34:20+00:00,9.5,standard,2026-09-25T05:34:20+00:00,pre_game,,
prizepicks,15195542,cs2,,325385,jresy,PCIFIC,Bebop,G,CS2_match_UxNgW4Mw0HHRbppXg7WzlRil,MAPS 1-2 Headshots,headshots,1,2,0,,0,2026-09-01T04:00:00.000-04:00,2026-09-25T04:00:00.000-04:00,15.5,2026-09-25T05:34:20+00:00,15.5,standard,2026-09-25T05:34:20+00:00,pre_game,,
prizepicks,15195544,cs2,,325389,scolleN,PCIFIC,Bebop,G,CS2_match_UxNgW4Mw0HHRbppXg7WzlRil,MAPS 1-2 Headshots,headshots,1,2,0,,0,2026-09-01T04:00:00.000-04:00,2026-09-25T04:00:00.000-04:00,17.0,2026-09-25T05:34:20+00:00,17.0,standard,2026-09-25T05:34:20+00:00,pre_game,,
prizepicks,15195545,cs2,,337579,oyesil,PCIFIC,Bebop,G,CS2_match_UxNgW4Mw0HHRbppXg7WzlRil,MAPS 1-2 Headshots,headshots,1,2,0,,0,2026-09-01T04:00:00.000-04:00,2026-09-25T04:00:00.000-04:00,17.5,2026-09-25T05:34:20+00:00,17.5,standard,2026-09-25T05:34:20+00:00,pre_game,,
prizepicks,15195547,cs2,,330021,redzed,Bebop,PCIFIC,G,CS2_match_UxNgW4Mw0HHRbppXg7WzlRil,MAPS 1-2 Headshots,headshots,1,2,0,,0,2026-09-01T04:00:00.000-04:00,2026-09-25T04:00:00.000-04:00,16.5,2026-09-25T05:34:20+00:00,16.5,standard,2026-09-25T05:34:20+00:00,pre_game,,
prizepicks,15195548,cs2,,300643,iDISBALANCE,Bebop,PCIFIC,G,CS2_match_UxNgW4Mw0HHRbppXg7WzlRil,MAPS 1-2 Headshots,headshots,1,2,0,,0,2026-09-01T04:00:00.000-04:00,2026-09-25T04:00:00.000-04:00,11.5,2026-09-25T05:34:20+00:00,11.5,standard,2026-09-25T05:34:20+00:00,pre_game,,
prizepicks,15195549,cs2,,342847,KENSI,Bebop,PCIFIC,G,CS2_match_UxNgW4Mw0HHRbppXg7WzlRil,MAPS 1-2 Headshots,headshots,1,2,0,,0,2026-09-01T04:00:00.000-04:00,2026-09-25T04:00:00.000-04:00,16.5,2026-09-25T05:34:20+00:00,16.5,standard,2026-09-25T05:34:20+00:00,pre_game,,
prizepicks,15195550,cs2,,290383,faydett,Bebop,PCIFIC,G,CS2_match_UxNgW4Mw0HHRbppXg7WzlRil,MAPS 1-2 Headshots,headshots,1,2,0,,0,2026-09-01T04:00:00.000-04:00,2026-09-25T04:00:00.000-04:00,15.5,2026-09-25T05:34:20+00:00,15.5,standard,2026-09-25T05:34:20+00:00,pre_game,,
prizepicks,15195553,cs2,,315204,SaMey,Walczaki,ENCE,G,ENCEWalczaki46290.1666666667,MAPS 1-2 Kills,kills,1,2,0,,0,2026-09-01T04:00:00.000-04:00,2026-09-25T04:00:00.000-04:00,30.5,2026-09-25T05:34:20+00:00,30.5,standard,2026-09-25T05:34:20+00:00,pre_game,,
prizepicks,15195554,cs2,,315206,olimp,Walczaki,ENCE,G,ENCEWalczaki46290.1666666667,MAPS 1-2 Kills,kills,1,2,0,,0,2026-09-01T04:00:00.000-04:00,2026-09-25T04:00:00.000-04:00,28.5,2026-09-25T05:34:20+00:00,28.5,standard,2026-09-25T05:34:20+00:00,pre_game,,
prizepicks,15195555,cs2,,315205,bajmi,Walczaki,ENCE,G,ENCEWalczaki46290.1666666667,MAPS 1-2 Kills,kills,1,2,0,,0,2026-09-01T04:00:00.000-04:00,2026-09-25T04:00:00.000-04:00,29.5,2026-09-25T05:34:20+00:00,29.5,standard,2026-09-25T05:34:20+00:00,pre_game,,
prizepicks,15195556,cs2,,315203,reiko,Walczaki,ENCE,G,ENCEWalczaki46290.1666666667,MAPS 1-2 Kills,kills,1,2,0,,0,2026-09-01T04:00:00.000-04:00,2026-09-25T04:00:00.000-04:00,33.5,2026-09-25T05:34:20+00:00,33.5,standard,2026-09-25T05:34:20+00:00,pre_game,,
prizepicks,15195557,cs2,,333511,joeski,ENCE,Walczaki,G,ENCEWalczaki46290.1666666667,MAPS 1-2 Kills,kills,1,2,0,,0,2026-09-01T04:00:00.000-04:00,2026-09-25T04:00:00.000-04:00,28.5,2026-09-25T05:34:20+00:00,28.5,standard,2026-09-25T05:34:20+00:00,pre_game,,
prizepicks,15195558,cs2,,313049,Schwarz,ENCE,Walczaki,G,ENCEWalczaki46290.1666666667,MAPS 1-2 Kills,kills,1,2,0,,0,2026-09-01T04:00:00.000-04:00,2026-09-25T04:00:00.000-04:00,28.0,2026-09-25T05:34:20+00:00,28.0,standard,2026-09-25T05:34:20+00:00,pre_game,,
prizepicks,15195559,cs2,,313050,teme,ENCE,Walczaki,G,ENCEWalczaki46290.1666666667,MAPS 1-2 Kills,kills,1,2,0,,0,2026-09-01T04:00:00.000-04:00,2026-09-25T04:00:00.000-04:00,25.5,2026-09-25T05:34:20+00:00,25.5,standard,2026-09-25T05:34:20+00:00,pre_game,,
prizepicks,15195561,cs2,,313051,millert,ENCE,Walczaki,G,ENCEWalczaki46290.1666666667,MAPS 1-2 Kills,kills,1,2,0,,0,2026-09-01T04:00:00.000-04:00,2026-09-25T04:00:00.000-04:00,29.5,2026-09-25T05:34:20+00:00,29.5,standard,2026-09-25T05:34:20+00:00,pre_game,,
prizepicks,15195562,cs2,,313052,HENU,ENCE,Walczaki,G,ENCEWalczaki46290.1666666667,MAPS 1-2 Kills,kills,1,2,0,,0,2026-09-01T04:00:00.000-04:00,2026-09-25T04:00:00.000-04:00,29.5,2026-09-25T05:34:20+00:00,29.5,standard,2026-09-25T05:34:20+00:00,pre_game,,
prizepicks,15195564,cs2,,315204,SaMey,Walczaki,ENCE,G,ENCEWalczaki46290.1666666667,MAPS 1-2 Headshots,headshots,1,2,0,,0,2026-09-01T04:00:00.000-04:00,2026-09-25T04:00:00.000-04:00,12.5,2026-09-25T05:34:20+00:00,12.5,standard,2026-09-25T05:34:20+00:00,pre_game,,
prizepicks,15195565,cs2,,315206,olimp,Walczaki,ENCE,G,ENCEWalczaki46290.1666666667,MAPS 1-2 Headshots,headshots,1,2,0,,0,2026-09-01T04:00:00.000-04:00,2026-09-25T04:00:00.000-04:00,15.5,2026-09-25T05:34:20+00:00,15.5,standard,2026-09-25T05:34:20+00:00,pre_game,,
prizepicks,15195566,cs2,,315205,bajmi,Walczaki,ENCE,G,ENCEWalczaki46290.1666666667,MAPS 1-2 Headshots,headshots,1,2,0,,0,2026-09-01T04:00:00.000-04:00,2026-09-25T04:00:00.000-04:00,14.5,2026-09-25T05:34:20+00:00,14.5,standard,2026-09-25T05:34:20+00:00,pre_game,,
prizepicks,15195567,cs2,,315203,reiko,Walczaki,ENCE,G,ENCEWalczaki46290.1666666667,MAPS 1-2 Headshots,headshots,1,2,0,,0,2026-09-01T04:00:00.000-04:00,2026-09-25T04:00:00.000-04:00,14.5,2026-09-25T05:34:20+00:00,14.5,standard,2026-09-25T05:34:20+00:00,pre_game,,
prizepicks,15195568,cs2,,333511,joeski,ENCE,Walczaki,G,ENCEWalczaki46290.1666666667,MAPS 1-2 Headshots,headshots,1,2,0,,0,2026-09-01T04:00:00.000-04:00,2026-09-25T04:00:00.000-04:00,15.5,2026-09-25T05:34:20+00:00,15.5,standard,2026-09-25T05:34:20+00:00,pre_game,,
prizepicks,15195570,cs2,,313049,Schwarz,ENCE,Walczaki,G,ENCEWalczaki46290.1666666667,MAPS 1-2 Headshots,headshots,1,2,0,,0,2026-09-01T04:00:00.000-04:00,2026-09-25T04:00:00.000-04:00,17.0,2026-09-25T05:34:20+00:00,17.0,standard,2026-09-25T05:34:20+00:00,pre_game,,
prizepicks,15195571,cs2,,313050,teme,ENCE,Walczaki,G,ENCEWalczaki46290.1666666667,MAPS 1-2 Headshots,headshots,1,2,0,,0,2026-09-01T04:00:00.000-04:00,2026-09-25T04:00:00.000-04:00,15.5,2026-09-25T05:34:20+00:00,15.5,standard,2026-09-25T05:34:20+00:00,pre_game,,
prizepicks,15195572,cs2,,313051,millert,ENCE,Walczaki,G,ENCEWalczaki46290.1666666667,MAPS 1-2 Headshots,headshots,1,2,0,,0,2026-09-01T04:00:00.000-04:00,2026-09-25T04:00:00.000-04:00,9.5,2026-09-25T05:34:20+00:00,9.5,standard,2026-09-25T05:34:20+00:00,pre_game,,
prizepicks,15195573,cs2,,313052,HENU,ENCE,Walczaki,G,ENCEWalczaki46290.1666666667,MAPS 1-2 Headshots,headshots,1,2,0,,0,2026-09-01T04:00:00.000-04:00,2026-09-25T04:00:00.000-04:00,15.5,2026-09-25T05:34:20+00:00,15.5,standard,2026-09-25T05:34:20+00:00,pre_game,,
prizepicks,15145674,cs2,CS2,301256,idisbalance,Bebop,PCIFIC,G,CS2_match_UxNgW4Mw0HHRbppXg7WzlRil,MAP 1 Kills,kills,1,1,0,,0,2026-09-01T04:00:00.000-04:00,2026-09-25T04:00:00.000-04:00,16.5,2026-09-25T05:34:20+00:00,16.5,demon,2026-09-25T05:34:20+00:00,pre_game,,
prizepicks,15145678,cs2,CS2,301256,idisbalance,Bebop,PCIFIC,G,CS2_match_UxNgW4Mw0HHRbppXg7WzlRil,MAP 2 Kills,kills,2,2,0,,0,2026-09-01T04:00:00.000-04:00,2026-09-25T04:00:00.000-04:00,16.5,2026-09-25T05:34:20+00:00,16.5,demon,2026-09-25T05:34:20+00:00,pre_game,,
prizepicks,15145673,cs2,CS2,301256,idisbalance,Bebop,PCIFIC,G,CS2_match_UxNgW4Mw0HHRbppXg7WzlRil,MAP 1 Kills,kills,1,1,0,,0,2026-09-01T04:00:00.000-04:00,2026-09-25T04:00:00.000-04:00,15.5,2026-09-25T05:34:20+00:00,15.5,standard,2026-09-25T05:34:20+00:00,pre_game,,
prizepicks,15145677,cs2,CS2,301256,idisbalance,Bebop,PCIFIC,G,CS2_match_UxNgW4Mw0HHRbppXg7WzlRil,MAP 2 Kills,kills,2,2,0,,0,2026-09-01T04:00:00.000-04:00,2026-09-25T04:00:00.000-04:00,15.5,2026-09-25T05:34:20+00:00,15.5,standard,2026-09-25T05:34:20+00:00,pre_game,,
prizepicks,15145666,cs2,CS2,292996,faydett,Bebop,PCIFIC,G,CS2_match_UxNgW4Mw0HHRbppXg7WzlRil,MAP 1 Kills,kills,1,1,0,,0,2026-09-01T04:00:00.000-04:00,2026-09-25T04:00:00.000-04:00,14.5,2026-09-25T05:34:20+00:00,14.5,demon,2026-09-25T05:34:20+00:00,pre_game,,
prizepicks,15145670,cs2,CS2,292996,faydett,Bebop,PCIFIC,G,CS2_match_UxNgW4Mw0HHRbppXg7WzlRil,MAP 2 Kills,kills,2,2,0,,0,2026-09-01T04:00:00.000-04:00,2026-09-25T04:00:00.000-04:00,14.5,2026-09-25T05:34:20+00:00,14.5,demon,2026-09-25T05:34:20+00:00,pre_game,,
prizepicks,15145675,cs2,CS2,301256,idisbalance,Bebop,PCIFIC,G,CS2_match_UxNgW4Mw0HHRbppXg7WzlRil,MAP 1 Kills,kills,1,1,0,,0,2026-09-01T04:00:00.000-04:00,2026-09-25T04:00:00.000-04:00,14.5,2026-09-25T05:34:20+00:00,14.5,goblin,2026-09-25T05:34:20+00:00,pre_game,,
prizepicks,15145679,cs2,CS2,301256,idisbalance,Bebop,PCIFIC,G,CS2_match_UxNgW4Mw0HHRbppXg7WzlRil,MAP 2 Kills,kills,2,2,0,,0,2026-09-01T04:00:00.000-04:00,2026-09-25T04:00:00.000-04:00,14.5,2026-09-25T05:34:20+00:00,14.5,goblin,2026-09-25T05:34:20+00:00,pre_game,,
prizepicks,15145681,cs2,CS2,335665,redzed,Bebop,PCIFIC,G,CS2_match_UxNgW4Mw0HHRbppXg7WzlRil,MAP 1 Kills,kills,1,1,0,,0,2026-09-01T04:00:00.000-04:00,2026-09-25T04:00:00.000-04:00,14.5,2026-09-25T05:34:20+00:00,14.5,demon,2026-09-25T05:34:20+00:00,pre_game,,
prizepicks,15145684,cs2,CS2,335665,redzed,Bebop,PCIFIC,G,CS2_match_UxNgW4Mw0HHRbppXg7WzlRil,MAP 2 Kills,kills,2,2,0,,0,2026-09-01T04:00:00.000-04:00,2026-09-25T04:00:00.000-04:00,14.5,2026-09-25T05:34:20+00:00,14.5,demon,2026-09-25T05:34:20+00:00,pre_game,,
prizepicks,15145665,cs2,CS2,292996,faydett,Bebop,PCIFIC,G,CS2_match_UxNgW4Mw0HHRbppXg7WzlRil,MAP 1 Kills,kills,1,1,0,,0,2026-09-01T04:00:00.000-04:00,2026-09-25T04:00:00.000-04:00,13.5,2026-09-25T05:34:20+00:00,13.5,standard,2026-09-25T05:34:20+00:00,pre_game,,
prizepicks,15145669,cs2,CS2,292996,faydett,Bebop,PCIFIC,G,CS2_match_UxNgW4Mw0HHRbppXg7WzlRil,MAP 2 Kills,kills,2,2,0,,0,2026-09-01T04:00:00.000-04:00,2026-09-25T04:00:00.000-04:00,13.5,2026-09-25T05:34:20+00:00,13.5,standard,2026-09-25T05:34:20+00:00,pre_game,,
prizepicks,15145680,cs2,CS2,335665,redzed,Bebop,PCIFIC,G,CS2_match_UxNgW4Mw0HHRbppXg7WzlRil,MAP 1 Kills,kills,1,1,0,,0,2026-09-01T04:00:00.000-04:00,2026-09-25T04:00:00.000-04:00,13.5,2026-09-25T05:34:20+00:00,13.5,standard,2026-09-25T05:34:20+00:00,pre_game,,
prizepicks,15145683,cs2,CS2,335665,redzed,Bebop,PCIFIC,G,CS2_match_UxNgW4Mw0HHRbppXg7WzlRil,MAP 2 Kills,kills,2,2,0,,0,2026-09-01T04:00:00.000-04:00,2026-09-25T04:00:00.000-04:00,13.5,2026-09-25T05:34:20+00:00,13.5,standard,2026-09-25T05:34:20+00:00,pre_game,,
prizepicks,15145667,cs2,CS2,292996,faydett,Bebop,PCIFIC,G,CS2_match_UxNgW4Mw0HHRbppXg7WzlRil,MAP 1 Kills,kills,1,1,0,,0,2026-09-01T04:00:00.000-04:00,2026-09-25T04:00:00.000-04:00,12.5,2026-09-25T05:34:20+00:00,12.5,goblin,2026-09-25T05:34:20+00:00,pre_game,,
prizepicks,15145671,cs2,CS2,292996,faydett,Bebop,PCIFIC,G,CS2_match_UxNgW4Mw0HHRbppXg7WzlRil,MAP 2 Kills,kills,2,2,0,,0,2026-09-01T04:00:00.000-04:00,2026-09-25T04:00:00.000-04:00,12.5,2026-09-25T05:34:20+00:00,12.5,goblin,2026-09-25T05:34:20+00:00,pre_game,,
prizepicks,15145682,cs2,CS2,335665,redzed,Bebop,PCIFIC,G,CS2_match_UxNgW4Mw0HHRbppXg7WzlRil,MAP 1 Kills,kills,1,1,0,,0,2026-09-01T04:00:00.000-04:00,2026-09-25T04:00:00.000-04:00,12.5,2026-09-25T05:34:20+00:00,12.5,goblin,2026-09-25T05:34:20+00:00,pre_game,,
prizepicks,15145685,cs2,CS2,335665,redzed,Bebop,PCIFIC,G,CS2_match_UxNgW4Mw0HHRbppXg7WzlRil,MAP 2 Kills,kills,2,2,0,,0,2026-09-01T04:00:00.000-04:00,2026-09-25T04:00:00.000-04:00,12.5,2026-09-25T05:34:20+00:00,12.5,goblin,2026-09-25T05:34:20+00:00,pre_game,,
prizepicks,15145664,cs2,CS2,292996,faydett,Bebop,PCIFIC,G,CS2_match_UxNgW4Mw0HHRbppXg7WzlRil,MAP 1 Headshots,headshots,1,1,0,,0,2026-09-01T04:00:00.000-04:00,2026-09-25T04:00:00.000-04:00,7.5,2026-09-25T05:34:20+00:00,7.5,standard,2026-09-25T05:34:20+00:00,pre_game,,
prizepicks,15145668,cs2,CS2,292996,faydett,Bebop,PCIFIC,G,CS2_match_UxNgW4Mw0HHRbppXg7WzlRil,MAP 2 Headshots,headshots,2,2,0,,0,2026-09-01T04:00:00.000-04:00,2026-09-25T04:00:00.000-04:00,7.5,2026-09-25T05:34:20+00:00,7.5,standard,2026-09-25T05:34:20+00:00,pre_game,,
prizepicks,15145672,cs2,CS2,301256,idisbalance,Bebop,PCIFIC,G,CS2_match_UxNgW4Mw0HHRbppXg7WzlRil,MAP 1 Headshots,headshots,1,1,0,,0,2026-09-01T04:00:00.000-04:00,2026-09-25T04:00:00.000-04:00,5.5,2026-09-25T05:34:20+00:00,5.5,standard,2026-09-25T05:34:20+00:00,pre_game,,
prizepicks,15145676,cs2,CS2,301256,idisbalance,Bebop,PCIFIC,G,CS2_match_UxNgW4Mw0HHRbppXg7WzlRil,MAP 2 Headshots,headshots,2,2,0,,0,2026-09-01T04:00:00.000-04:00,2026-09-25T04:00:00.000-04:00,5.5,2026-09-25T05:34:20+00:00,5.5,standard,2026-09-25T05:34:20+00:00,pre_game,,
prizepicks,15194466,cs2,CS2,221465,eraa,Alliance,SINNERS,G,SINNERSAlliance46290.2083333333,MAPS 1-2 Kills,kills,1,2,1,"[""eraa""]",0,2026-09-24T05:00:00.000-04:00,2026-09-25T05:00:00.000-04:00,33.5,2026-09-25T05:34:20+00:00,33.5,standard,2026-09-25T05:34:20+00:00,pre_game,,
prizepicks,15194467,cs2,CS2,323775,bobeksde,Alliance,SINNERS,G,SINNERSAlliance46290.2083333333,MAPS 1-2 Kills,kills,1,2,0,,0,2026-09-24T05:00:00.000-04:00,2026-09-25T05:00:00.000-04:00,32.0,2026-09-25T05:34:20+00:00,32.0,standard,2026-09-25T05:34:20+00:00,pre_game,,
prizepicks,15194468,cs2,CS2,169198,twist,Alliance,SINNERS,G,SINNERSAlliance46290.2083333333,MAPS 1-2 Kills,kills,1,2,0,,0,2026-09-24T05:00:00.000-04:00,2026-09-25T05:00:00.000-04:00,26.5,2026-09-25T05:34:20+00:00,26.5,standard,2026-09-25T05:34:20+00:00,pre_game,,
prizepicks,15194469,cs2,CS2,166147,avid,Alliance,SINNERS,G,SINNERSAlliance46290.2083333333,MAPS 1-2 Kills,kills,1,2,0,,0,2026-09-24T05:00:00.000-04:00,2026-09-25T05:00:00.000-04:00,29.0,2026-09-25T05:34:20+00:00,29.0,standard,2026-09-25T05:34:20+00:00,pre_game,,
prizepicks,15194470,cs2,CS2,207814,upE,Alliance,SINNERS,G,SINNERSAlliance46290.2083333333,MAPS 1-2 Kills,kills,1,2,0,,0,2026-09-24T05:00:00.000-04:00,2026-09-25T05:00:00.000-04:00,25.5,2026-09-25T05:34:20+00:00,25.5,standard,2026-09-25T05:34:20+00:00,pre_game,,
prizepicks,15194471,cs2,CS2,248621,stressarN,SINNERS,Alliance,G,SINNERSAlliance46290.2083333333,MAPS 1-2 Kills,kills,1,2,0,,0,2026-09-24T05:00:00.000-04:00,2026-09-25T05:00:00.000-04:00,31.0,2026-09-25T05:34:20+00:00,31.0,standard,2026-09-25T05:34:20+00:00,pre_game,,
prizepicks,15194472,cs2,CS2,297065,MoDo,SINNERS,Alliance,G,SINNERSAlliance46290.2083333333,MAPS 1-2 Kills,kills,1,2,0,,0,2026-09-24T05:00:00.000-04:00,2026-09-25T05:00:00.000-04:00,29.5,2026-09-25T05:34:20+00:00,29.5,standard,2026-09-25T05:34:20+00:00,pre_game,,
prizepicks,15194473,cs2,CS2,185439,kisserek,SINNERS,Alliance,G,SINNERSAlliance46290.2083333333,MAPS 1-2 Kills,kills,1,2,0,,0,2026-09-24T05:00:00.000-04:00,2026-09-25T05:00:00.000-04:00,29.5,2026-09-25T05:34:20+00:00,29.5,standard,2026-09-25T05:34:20+00:00,pre_game,,
prizepicks,15194474,cs2,CS2,168969,SHOCK,SINNERS,Alliance,G,SINNERSAlliance46290.2083333333,MAPS 1-2 Kills,kills,1,2,0,,0,2026-09-24T05:00:00.000-04:00,2026-09-25T05:00:00.000-04:00,26.5,2026-09-25T05:34:20+00:00,26.5,standard,2026-09-25T05:34:20+00:00,pre_game,,
prizepicks,15194475,cs2,CS2,168970,beastik,SINNERS,Alliance,G,SINNERSAlliance46290.2083333333,MAPS 1-2 Kills,kills,1,2,0,,0,2026-09-24T05:00:00.000-04:00,2026-09-25T05:00:00.000-04:00,26.0,2026-09-25T05:34:20+00:00,26.0,standard,2026-09-25T05:34:20+00:00,pre_game,,
prizepicks,15194476,cs2,CS2,221465,eraa,Alliance,SINNERS,G,SINNERSAlliance46290.2083333333,MAPS 1-2 Headshots,headshots,1,2,1,"[""eraa""]",0,2026-09-24T05:00:00.000-04:00,2026-09-25T05:00:00.000-04:00,11.5,2026-09-25T05:34:20+00:00,11.5,standard,2026-09-25T05:34:20+00:00,pre_game,,
prizepicks,15194477,cs2,CS2,323775,bobeksde,Alliance,SINNERS,G,SINNERSAlliance46290.2083333333,MAPS 1-2 Headshots,headshots,1,2,0,,0,2026-09-24T05:00:00.000-04:00,2026-09-25T05:00:00.000-04:00,20.0,2026-09-25T05:34:20+00:00,20.0,standard,2026-09-25T05:34:20+00:00,pre_game,,
prizepicks,15194478,cs2,CS2,169198,twist,Alliance,SINNERS,G,SINNERSAlliance46290.2083333333,MAPS 1-2 Headshots,headshots,1,2,0,,0,2026-09-24T05:00:00.000-04:00,2026-09-25T05:00:00.000-04:00,14.5,2026-09-25T05:34:20+00:00,14.5,standard,2026-09-25T05:34:20+00:00,pre_game,,
prizepicks,15194479,cs2,CS2,166147,avid,Alliance,SINNERS,G,SINNERSAlliance46290.2083333333,MAPS 1-2 Headshots,headshots,1,2,0,,0,2026-09-24T05:00:00.000-04:00,2026-09-25T05:00:00.000-04:00,16.5,2026-09-25T05:34:20+00:00,16.5,standard,2026-09-25T05:34:20+00:00,pre_game,,
prizepicks,15194480,cs2,CS2,207814,upE,Alliance,SINNERS,G,SINNERSAlliance46290.2083333333,MAPS 1-2 Headshots,headshots,1,2,0,,0,2026-09-24T05:00:00.000-04:00,2026-09-25T05:00:00.000-04:00,16.0,2026-09-25T05:34:20+00:00,16.0,standard,2026-09-25T05:34:20+00:00,pre_game,,
prizepicks,15194481,cs2,CS2,248621,stressarN,SINNERS,Alliance,G,SINNERSAlliance46290.2083333333,MAPS 1-2 Headshots,headshots,1,2,0,,0,2026-09-24T05:00:00.000-04:00,2026-09-25T05:00:00.000-04:00,16.5,2026-09-25T05:34:20+00:00,16.5,standard,2026-09-25T05:34:20+00:00,pre_game,,
prizepicks,15194482,cs2,CS2,297065,MoDo,SINNERS,Alliance,G,SINNERSAlliance46290.2083333333,MAPS 1-2 Headshots,headshots,1,2,0,,0,2026-09-24T05:00:00.000-04:00,2026-09-25T05:00:00.000-04:00,9.0,2026-09-25T05:34:20+00:00,9.0,standard,2026-09-25T05:34:20+00:00,pre_game,,
prizepicks,15194483,cs2,CS2,185439,kisserek,SINNERS,Alliance,G,SINNERSAlliance46290.2083333333,MAPS 1-2 Headshots,headshots,1,2,0,,0,2026-09-24T05:00:00.000-04:00,2026-09-25T05:00:00.000-04:00,17.0,2026-09-25T05:34:20+00:00,17.0,standard,2026-09-25T05:34:20+00:00,pre_game,,
prizepicks,15194484,cs2,CS2,168969,SHOCK,SINNERS,Alliance,G,SINNERSAlliance46290.2083333333,MAPS 1-2 Headshots,headshots,1,2,0,,0,2026-09-24T05:00:00.000-04:00,2026-09-25T05:00:00.000-04:00,16.5,2026-09-25T05:34:20+00:00,16.5,standard,2026-09-25T05:34:20+00:00,pre_game,,
prizepicks,15194485,cs2,CS2,168970,beastik,SINNERS,Alliance,G,SINNERSAlliance46290.2083333333,MAPS 1-2 Headshots,headshots,1,2,0,,0,2026-09-24T05:00:00.000-04:00,2026-09-25T05:00:00.000-04:00,15.0,2026-09-25T05:34:20+00:00,15.0,standard,2026-09-25T05:34:20+00:00,pre_game,,
prizepicks,15201345,cs2,,248095,jks,FlyQuest,Rooster,G,RoosterFlyQuest46290.2083333333,MAPS 1-2 Kills,kills,1,2,0,,0,2026-09-01T05:00:00.000-04:00,2026-09-25T05:00:00.000-04:00,31.5,2026-09-25T05:34:20+00:00,31.5,standard,2026-09-25T05:34:20+00:00,pre_game,,
prizepicks,15201346,cs2,,169165,INS,FlyQuest,Rooster,G,RoosterFlyQuest46290.2083333333,MAPS 1-2 Kills,kills,1,2,0,,0,2026-09-01T05:00:00.000-04:00,2026-09-25T05:00:00.000-04:00,27.5,2026-09-25T05:34:20+00:00,27.5,standard,2026-09-25T05:34:20+00:00,pre_game,,
prizepicks,15201347,cs2,,168040,Vexite,FlyQuest,Rooster,G,RoosterFlyQuest46290.2083333333,MAPS 1-2 Kills,kills,1,2,0,,0,2026-09-01T05:00:00.000-04:00,2026-09-25T05:00:00.000-04:00,32.5,2026-09-25T05:34:20+00:00,32.5,standard,2026-09-25T05:34:20+00:00,pre_game,,
prizepicks,15201348,cs2,,235047,nettik,FlyQuest,Rooster,G,RoosterFlyQuest46290.2083333333,MAPS 1-2 Kills,kills,1,2,0,,0,2026-09-01T05:00:00.000-04:00,2026-09-25T05:00:00.000-04:00,27.5,2026-09-25T05:34:20+00:00,27.5,standard,2026-09-25T05:34:20+00:00,pre_game,,
prizepicks,15201349,cs2,,341070,aliStair,FlyQuest,Rooster,G,RoosterFlyQuest46290.2083333333,MAPS 1-2 Kills,kills,1,2,0,,0,2026-09-01T05:00:00.000-04:00,2026-09-25T05:00:00.000-04:00,28.5,2026-09-25T05:34:20+00:00,28.5,standard,2026-09-25T05:34:20+00:00,pre_game,,
prizepicks,15201350,cs2,,248095,jks,FlyQuest,Rooster,G,RoosterFlyQuest46290.2083333333,MAPS 1-2 Headshots,headshots,1,2,0,,0,2026-09-01T05:00:00.000-04:00,2026-09-25T05:00:00.000-04:00,19.5,2026-09-25T05:34:20+00:00,19.5,standard,2026-09-25T05:34:20+00:00,pre_game,,
prizepicks,15201351,cs2,,169165,INS,FlyQuest,Rooster,G,RoosterFlyQuest46290.2083333333,MAPS 1-2 Headshots,headshots,1,2,0,,0,2026-09-01T05:00:00.000-04:00,2026-09-25T05:00:00.000-04:00,14.5,2026-09-25T05:34:20+00:00,14.5,standard,2026-09-25T05:34:20+00:00,pre_game,,
prizepicks,15201352,cs2,,168040,Vexite,FlyQuest,Rooster,G,RoosterFlyQuest46290.2083333333,MAPS 1-2 Headshots,headshots,1,2,0,,0,2026-09-01T05:00:00.000-04:00,2026-09-25T05:00:00.000-04:00,19.0,2026-09-25T05:34:20+00:00,19.0,standard,2026-09-25T05:34:20+00:00,pre_game,,
prizepicks,15201353,cs2,,235047,nettik,FlyQuest,Rooster,G,RoosterFlyQuest46290.2083333333,MAPS 1-2 Headshots,headshots,1,2,0,,0,2026-09-01T05:00:00.000-04:00,2026-09-25T05:00:00.000-04:00,16.5,2026-09-25T05:34:20+00:00,16.5,standard,2026-09-25T05:34:20+00:00,pre_game,,
prizepicks,15201354,cs2,,341070,aliStair,FlyQuest,Rooster,G,RoosterFlyQuest46290.2083333333,MAPS 1-2 Headshots,headshots,1,2,0,,0,2026-09-01T05:00:00.000-04:00,2026-09-25T05:00:00.000-04:00,9.5,2026-09-25T05:34:20+00:00,9.5,standard,2026-09-25T05:34:20+00:00,pre_game,,
prizepicks,15201355,cs2,,338978,viridian,THUNDER dOWNUNDER,Ground Zero,G,Ground ZeroTHUNDER dOWNUNDER46290.2083333333,MAPS 1-2 Kills,kills,1,2,0,,0,2026-09-01T05:00:00.000-04:00,2026-09-25T05:00:00.000-04:00,26.5,2026-09-25T05:34:20+00:00,26.5,standard,2026-09-25T05:34:20+00:00,pre_game,,
prizepicks,15201356,cs2,,280765,TjP,THUNDER dOWNUNDER,Ground Zero,G,Ground ZeroTHUNDER dOWNUNDER46290.2083333333,MAPS 1-2 Kills,kills,1,2,0,,0,2026-09-01T05:00:00.000-04:00,2026-09-25T05:00:00.000-04:00,28.5,2026-09-25T05:34:20+00:00,28.5,standard,2026-09-25T05:34:20+00:00,pre_game,,
prizepicks,15201357,cs2,,280761,dexter,THUNDER dOWNUNDER,Ground Zero,G,Ground ZeroTHUNDER dOWNUNDER46290.2083333333,MAPS 1-2 Kills,kills,1,2,0,,0,2026-09-01T05:00:00.000-04:00,2026-09-25T05:00:00.000-04:00,30.5,2026-09-25T05:34:20+00:00,30.5,standard,2026-09-25T05:34:20+00:00,pre_game,,
prizepicks,15201358,cs2,,339840,Gratisfaction,THUNDER dOWNUNDER,Ground Zero,G,Ground ZeroTHUNDER dOWNUNDER46290.2083333333,MAPS 1-2 Kills,kills,1,2,0,,0,2026-09-01T05:00:00.000-04:00,2026-09-25T05:00:00.000-04:00,29.5,2026-09-25T05:34:20+00:00,29.5,standard,2026-09-25T05:34:20+00:00,pre_game,,
prizepicks,15201359,cs2,,280762,Liazz,THUNDER dOWNUNDER,Ground Zero,G,Ground ZeroTHUNDER dOWNUNDER46290.2083333333,MAPS 1-2 Kills,kills,1,2,0,,0,2026-09-01T05:00:00.000-04:00,2026-09-25T05:00:00.000-04:00,31.5,2026-09-25T05:34:20+00:00,31.5,standard,2026-09-25T05:34:20+00:00,pre_game,,
prizepicks,15201360,cs2,,323178,hazr,Ground Zero,THUNDER dOWNUNDER,G,Ground ZeroTHUNDER dOWNUNDER46290.2083333333,MAPS 1-2 Kills,kills,1,2,0,,0,2026-09-01T05:00:00.000-04:00,2026-09-25T05:00:00.000-04:00,26.5,2026-09-25T05:34:20+00:00,26.5,standard,2026-09-25T05:34:20+00:00,pre_game,,
prizepicks,15201361,cs2,,216467,apocdud,Ground Zero,THUNDER dOWNUNDER,G,Ground ZeroTHUNDER dOWNUNDER46290.2083333333,MAPS 1-2 Kills,kills,1,2,0,,0,2026-09-01T05:00:00.000-04:00,2026-09-25T05:00:00.000-04:00,25.0,2026-09-25T05:34:20+00:00,25.0,standard,2026-09-25T05:34:20+00:00,pre_game,,
prizepicks,15201362,cs2,,260946,Omichella,Ground Zero,THUNDER dOWNUNDER,G,Ground ZeroTHUNDER dOWNUNDER46290.2083333333,MAPS 1-2 Kills,kills,1,2,0,,0,2026-09-01T05:00:00.000-04:00,2026-09-25T05:00:00.000-04:00,25.5,2026-09-25T05:34:20+00:00,25.5,standard,2026-09-25T05:34:20+00:00,pre_game,,
prizepicks,15201363,cs2,,227486,vision,Ground Zero,THUNDER dOWNUNDER,G,Ground ZeroTHUNDER dOWNUNDER46290.2083333333,MAPS 1-2 Kills,kills,1,2,0,,0,2026-09-01T05:00:00.000-04:00,2026-09-25T05:00:00.000-04:00,26.5,2026-09-25T05:34:20+00:00,26.5,standard,2026-09-25T05:34:20+00:00,pre_game,,
prizepicks,15201364,cs2,,312140,sliimey,Ground Zero,THUNDER dOWNUNDER,G,Ground ZeroTHUNDER dOWNUNDER46290.2083333333,MAPS 1-2 Kills,kills,1,2,0,,0,2026-09-01T05:00:00.000-04:00,2026-09-25T05:00:00.000-04:00,31.0,2026-09-25T05:34:20+00:00,31.0,standard,2026-09-25T05:34:20+00:00,pre_game,,
prizepicks,15201366,cs2,,280765,TjP,THUNDER dOWNUNDER,Ground Zero,G,Ground ZeroTHUNDER dOWNUNDER46290.2083333333,MAPS 1-2 Headshots,headshots,1,2,0,,0,2026-09-01T05:00:00.000-04:00,2026-09-25T05:00:00.000-04:00,16.0,2026-09-25T05:34:20+00:00,16.0,standard,2026-09-25T05:34:20+00:00,pre_game,,
prizepicks,15201367,cs2,,280761,dexter,THUNDER dOWNUNDER,Ground Zero,G,Ground ZeroTHUNDER dOWNUNDER46290.2083333333,MAPS 1-2 Headshots,headshots,1,2,0,,0,2026-09-01T05:00:00.000-04:00,2026-09-25T05:00:00.000-04:00,17.5,2026-09-25T05:34:20+00:00,17.5,standard,2026-09-25T05:34:20+00:00,pre_game,,
prizepicks,15201369,cs2,,280762,Liazz,THUNDER dOWNUNDER,Ground Zero,G,Ground ZeroTHUNDER dOWNUNDER46290.2083333333,MAPS 1-2 Headshots,headshots,1,2,0,,0,2026-09-01T05:00:00.000-04:00,2026-09-25T05:00:00.000-04:00,16.5,2026-09-25T05:34:20+00:00,16.5,standard,2026-09-25T05:34:20+00:00,pre_game,,
prizepicks,15201370,cs2,,323178,hazr,Ground Zero,THUNDER dOWNUNDER,G,Ground ZeroTHUNDER dOWNUNDER46290.2083333333,MAPS 1-2 Headshots,headshots,1,2,0,,0,2026-09-01T05:00:00.000-04:00,2026-09-25T05:00:00.000-04:00,16.5,2026-09-25T05:34:20+00:00,16.5,standard,2026-09-25T05:34:20+00:00,pre_game,,
prizepicks,15201372,cs2,,260946,Omichella,Ground Zero,THUNDER dOWNUNDER,G,Ground ZeroTHUNDER dOWNUNDER46290.2083333333,MAPS 1-2 Headshots,headshots,1,2,0,,0,2026-09-01T05:00:00.000-04:00,2026-09-25T05:00:00.000-04:00,14.5,2026-09-25T05:34:20+00:00,14.5,standard,2026-09-25T05:34:20+00:00,pre_game,,
prizepicks,15201373,cs2,,227486,vision,Ground Zero,THUNDER dOWNUNDER,G,Ground ZeroTHUNDER dOWNUNDER46290.2083333333,MAPS 1-2 Headshots,headshots,1,2,0,,0,2026-09-01T05:00:00.000-04:00,2026-09-25T05:00:00.000-04:00,15.5,2026-09-25T05:34:20+00:00,15.5,standard,2026-09-25T05:34:20+00:00,pre_game,,
prizepicks,15201374,cs2,,312140,sliimey,Ground Zero,THUNDER dOWNUNDER,G,Ground ZeroTHUNDER dOWNUNDER46290.2083333333,MAPS 1-2 Headshots,headshots,1,2,0,,0,2026-09-01T05:00:00.000-04:00,2026-09-25T05:00:00.000-04:00,17.5,2026-09-25T05:34:20+00:00,17.5,standard,2026-09-25T05:34:20+00:00,pre_game,,
prizepicks,15192191,cs2,CS2,347401,Psycho,WBT,Eternal Fire,G,Eternal FireWBT46290.2083333333,MAPS 1-2 Kills,kills,1,2,0,,0,2026-09-23T11:17:00.000-04:00,2026-09-25T05:00:00.000-04:00,22.5,2026-09-25T05:34:20+00:00,22.5,standard,2026-09-25T05:34:20+00:00,pre_game,,
prizepicks,15192192,cs2,CS2,347402,Smash,WBT,Eternal Fire,G,Eternal FireWBT46290.2083333333,MAPS 1-2 Kills,kills,1,2,0,,0,2026-09-23T11:17:00.000-04:00,2026-09-25T05:00:00.000-04:00,25.0,2026-09-25T05:34:20+00:00,25.0,standard,2026-09-25T05:34:20+00:00,pre_game,,
prizepicks,15192193,cs2,CS2,347403,s4ltovsk1yy,WBT,Eternal Fire,G,Eternal FireWBT46290.2083333333,MAPS 1-2 Kills,kills,1,2,0,,0,2026-09-23T11:17:00.000-04:00,2026-09-25T05:00:00.000-04:00,27.0,2026-09-25T05:34:20+00:00,27.0,standard,2026-09-25T05:34:20+00:00,pre_game,,
prizepicks,15192194,cs2,CS2,347404,DemQQ,WBT,Eternal Fire,G,Eternal FireWBT46290.2083333333,MAPS 1-2 Kills,kills,1,2,0,,0,2026-09-23T11:17:00.000-04:00,2026-09-25T05:00:00.000-04:00,27.5,2026-09-25T05:34:20+00:00,27.5,standard,2026-09-25T05:34:20+00:00,pre_game,,
prizepicks,15192195,cs2,CS2,347405,tyr1k,WBT,Eternal Fire,G,Eternal FireWBT46290.2083333333,MAPS 1-2 Kills,kills,1,2,0,,0,2026-09-23T11:17:00.000-04:00,2026-09-25T05:00:00.000-04:00,26.5,2026-09-25T05:34:20+00:00,26.5,standard,2026-09-25T05:34:20+00:00,pre_game,,
prizepicks,15192196,cs2,CS2,337549,soulfly,Eternal Fire,WBT,G,Eternal FireWBT46290.2083333333,MAPS 1-2 Kills,kills,1,2,0,,0,2026-09-23T11:17:00.000-04:00,2026-09-25T05:00:00.000-04:00,29.5,2026-09-25T05:34:20+00:00,29.5,standard,2026-09-25T05:34:20+00:00,pre_game,,
prizepicks,15192197,cs2,CS2,315010,regali,Eternal Fire,WBT,G,Eternal FireWBT46290.2083333333,MAPS 1-2 Kills,kills,1,2,0,,0,2026-09-23T11:17:00.000-04:00,2026-09-25T05:00:00.000-04:00,29.5,2026-09-25T05:34:20+00:00,29.5,standard,2026-09-25T05:34:20+00:00,pre_game,,
prizepicks,15192198,cs2,CS2,329257,Kvem,Eternal Fire,WBT,G,Eternal FireWBT46290.2083333333,MAPS 1-2 Kills,kills,1,2,0,,0,2026-09-23T11:17:00.000-04:00,2026-09-25T05:00:00.000-04:00,32.0,2026-09-25T05:34:20+00:00,32.0,standard,2026-09-25T05:34:20+00:00,pre_game,,
prizepicks,15192199,cs2,CS2,234335,jottAAA,Eternal Fire,WBT,G,Eternal FireWBT46290.2083333333,MAPS 1-2 Kills,kills,1,2,0,,0,2026-09-23T11:17:00.000-04:00,2026-09-25T05:00:00.000-04:00,31.5,2026-09-25T05:34:20+00:00,31.5,standard,2026-09-25T05:34:20+00:00,pre_game,,
prizepicks,15192200,cs2,CS2,315009,MisteM,Eternal Fire,WBT,G,Eternal FireWBT46290.2083333333,MAPS 1-2 Kills,kills,1,2,0,,0,2026-09-23T11:17:00.000-04:00,2026-09-25T05:00:00.000-04:00,25.5,2026-09-25T05:34:20+00:00,25.5,standard,2026-09-25T05:34:20+00:00,pre_game,,
prizepicks,15192201,cs2,CS2,347401,Psycho,WBT,Eternal Fire,G,Eternal FireWBT46290.2083333333,MAPS 1-2 Headshots,headshots,1,2,0,,0,2026-09-23T11:17:00.000-04:00,2026-09-25T05:00:00.000-04:00,12.5,2026-09-25T05:34:20+00:00,12.5,standard,2026-09-25T05:34:20+00:00,pre_game,,
prizepicks,15192202,cs2,CS2,347402,Smash,WBT,Eternal Fire,G,Eternal FireWBT46290.2083333333,MAPS 1-2 Headshots,headshots,1,2,0,,0,2026-09-23T11:17:00.000-04:00,2026-09-25T05:00:00.000-04:00,12.5,2026-09-25T05:34:20+00:00,12.5,standard,2026-09-25T05:34:20+00:00,pre_game,,
prizepicks,15192203,cs2,CS2,347403,s4ltovsk1yy,WBT,Eternal Fire,G,Eternal FireWBT46290.2083333333,MAPS 1-2 Headshots,headshots,1,2,0,,0,2026-09-23T11:17:00.000-04:00,2026-09-25T05:00:00.000-04:00,9.5,2026-09-25T05:34:20+00:00,9.5,standard,2026-09-25T05:34:20+00:00,pre_game,,
prizepicks,15192204,cs2,CS2,347404,DemQQ,WBT,Eternal Fire,G,Eternal FireWBT46290.2083333333,MAPS 1-2 Headshots,headshots,1,2,0,,0,2026-09-23T11:17:00.000-04:00,2026-09-25T05:00:00.000-04:00,14.0,2026-09-25T05:34:20+00:00,14.0,standard,2026-09-25T05:34:20+00:00,pre_game,,
prizepicks,15192205,cs2,CS2,347405,tyr1k,WBT,Eternal Fire,G,Eternal FireWBT46290.2083333333,MAPS 1-2 Headshots,headshots,1,2,0,,0,2026-09-23T11:17:00.000-04:00,2026-09-25T05:00:00.000-04:00,14.0,2026-09-25T05:34:20+00:00,14.0,standard,2026-09-25T05:34:20+00:00,pre_game,,
prizepicks,15192206,cs2,CS2,337549,soulfly,Eternal Fire,WBT,G,Eternal FireWBT46290.2083333333,MAPS 1-2 Headshots,headshots,1,2,0,,0,2026-09-23T11:17:00.000-04:00,2026-09-25T05:00:00.000-04:00,16.5,2026-09-25T05:34:20+00:00,16.5,standard,2026-09-25T05:34:20+00:00,pre_game,,
prizepicks,15192207,cs2,CS2,315010,regali,Eternal Fire,WBT,G,Eternal FireWBT46290.2083333333,MAPS 1-2 Headshots,headshots,1,2,0,,0,2026-09-23T11:17:00.000-04:00,2026-09-25T05:00:00.000-04:00,11.5,2026-09-25T05:34:20+00:00,11.5,standard,2026-09-25T05:34:20+00:00,pre_game,,
prizepicks,15192208,cs2,CS2,329257,Kvem,Eternal Fire,WBT,G,Eternal FireWBT46290.2083333333,MAPS 1-2 Headshots,headshots,1,2,0,,0,2026-09-23T11:17:00.000-04:00,2026-09-25T05:00:00.000-04:00,19.0,2026-09-25T05:34:20+00:00,19.0,standard,2026-09-25T05:34:20+00:00,pre_game,,
prizepicks,15192209,cs2,CS2,234335,jottAAA,Eternal Fire,WBT,G,Eternal FireWBT46290.2083333333,MAPS 1-2 Headshots,headshots,1,2,0,,0,2026-09-23T11:17:00.000-04:00,2026-09-25T05:00:00.000-04:00,19.0,2026-09-25T05:34:20+00:00,19.0,standard,2026-09-25T05:34:20+00:00,pre_game,,
prizepicks,15192210,cs2,CS2,315009,MisteM,Eternal Fire,WBT,G,Eternal FireWBT46290.2083333333,MAPS 1-2 Headshots,headshots,1,2,0,,0,2026-09-23T11:17:00.000-04:00,2026-09-25T05:00:00.000-04:00,14.5,2026-09-25T05:34:20+00:00,14.5,standard,2026-09-25T05:34:20+00:00,pre_game,,
prizepicks,15213052,cs2,,301686,device,100 Thieves,BBL,G,BBL100 Thieves46290.2916666667,MAPS 1-2 Kills,kills,1,2,0,,0,2026-09-24T07:00:00.000-04:00,2026-09-25T07:00:00.000-04:00,30.5,2026-09-25T05:34:20+00:00,30.5,standard,2026-09-25T05:34:20+00:00,pre_game,,
prizepicks,15213053,cs2,,301688,rain,100 Thieves,BBL,G,BBL100 Thieves46290.2916666667,MAPS 1-2 Kills,kills,1,2,0,,0,2026-09-24T07:00:00.000-04:00,2026-09-25T07:00:00.000-04:00,30.5,2026-09-25T05:34:20+00:00,30.5,standard,2026-09-25T05:34:20+00:00,pre_game,,
prizepicks,15213054,cs2,,329408,Gizmy,100 Thieves,BBL,G,BBL100 Thieves46290.2916666667,MAPS 1-2 Kills,kills,1,2,0,,0,2026-09-24T07:00:00.000-04:00,2026-09-25T07:00:00.000-04:00,27.5,2026-09-25T05:34:20+00:00,27.5,standard,2026-09-25T05:34:20+00:00,pre_game,,
prizepicks,15213055,cs2,,301691,poiii,100 Thieves,BBL,G,BBL100 Thieves46290.2916666667,MAPS 1-2 Kills,kills,1,2,0,,0,2026-09-24T07:00:00.000-04:00,2026-09-25T07:00:00.000-04:00,31.5,2026-09-25T05:34:20+00:00,31.5,standard,2026-09-25T05:34:20+00:00,pre_game,,
prizepicks,15213056,cs2,,301690,sirah,100 Thieves,BBL,G,BBL100 Thieves46290.2916666667,MAPS 1-2 Kills,kills,1,2,0,,0,2026-09-24T07:00:00.000-04:00,2026-09-25T07:00:00.000-04:00,28.5,2026-09-25T05:34:20+00:00,28.5,standard,2026-09-25T05:34:20+00:00,pre_game,,
prizepicks,15213057,cs2,,339491,leakz,BBL,100 Thieves,G,BBL100 Thieves46290.2916666667,MAPS 1-2 Kills,kills,1,2,0,,0,2026-09-24T07:00:00.000-04:00,2026-09-25T07:00:00.000-04:00,32.5,2026-09-25T05:34:20+00:00,32.5,standard,2026-09-25T05:34:20+00:00,pre_game,,
prizepicks,15213058,cs2,,339490,salazar,BBL,100 Thieves,G,BBL100 Thieves46290.2916666667,MAPS 1-2 Kills,kills,1,2,0,,0,2026-09-24T07:00:00.000-04:00,2026-09-25T07:00:00.000-04:00,26.5,2026-09-25T05:34:20+00:00,26.5,standard,2026-09-25T05:34:20+00:00,pre_game,,
prizepicks,15213059,cs2,,339493,NickyB,BBL,100 Thieves,G,BBL100 Thieves46290.2916666667,MAPS 1-2 Kills,kills,1,2,0,,0,2026-09-24T07:00:00.000-04:00,2026-09-25T07:00:00.000-04:00,28.5,2026-09-25T05:34:20+00:00,28.5,standard,2026-09-25T05:34:20+00:00,pre_game,,
prizepicks,15213060,cs2,,339492,Boye,BBL,100 Thieves,G,BBL100 Thieves46290.2916666667,MAPS 1-2 Kills,kills,1,2,0,,0,2026-09-24T07:00:00.000-04:00,2026-09-25T07:00:00.000-04:00,27.5,2026-09-25T05:34:20+00:00,27.5,standard,2026-09-25T05:34:20+00:00,pre_game,,
prizepicks,15213062,cs2,,301686,device,100 Thieves,BBL,G,BBL100 Thieves46290.2916666667,MAPS 1-2 Headshots,headshots,1,2,0,,0,2026-09-24T07:00:00.000-04:00,2026-09-25T07:00:00.000-04:00,9.5,2026-09-25T05:34:20+00:00,9.5,standard,2026-09-25T05:34:20+00:00,pre_game,,
prizepicks,15213063,cs2,,301688,rain,100 Thieves,BBL,G,BBL100 Thieves46290.2916666667,MAPS 1-2 Headshots,headshots,1,2,0,,0,2026-09-24T07:00:00.000-04:00,2026-09-25T07:00:00.000-04:00,17.5,2026-09-25T05:34:20+00:00,17.5,standard,2026-09-25T05:34:20+00:00,pre_game,,
prizepicks,15213064,cs2,,329408,Gizmy,100 Thieves,BBL,G,BBL100 Thieves46290.2916666667,MAPS 1-2 Headshots,headshots,1,2,0,,0,2026-09-24T07:00:00.000-04:00,2026-09-25T07:00:00.000-04:00,15.5,2026-09-25T05:34:20+00:00,15.5,standard,2026-09-25T05:34:20+00:00,pre_game,,
prizepicks,15213065,cs2,,301691,poiii,100 Thieves,BBL,G,BBL100 Thieves46290.2916666667,MAPS 1-2 Headshots,headshots,1,2,0,,0,2026-09-24T07:00:00.000-04:00,2026-09-25T07:00:00.000-04:00,18.5,2026-09-25T05:34:20+00:00,18.5,standard,2026-09-25T05:34:20+00:00,pre_game,,
prizepicks,15213066,cs2,,301690,sirah,100 Thieves,BBL,G,BBL100 Thieves46290.2916666667,MAPS 1-2 Headshots,headshots,1,2,0,,0,2026-09-24T07:00:00.000-04:00,2026-09-25T07:00:00.000-04:00,16.5,2026-09-25T05:34:20+00:00,16.5,standard,2026-09-25T05:34:20+00:00,pre_game,,
prizepicks,15213067,cs2,,339491,leakz,BBL,100 Thieves,G,BBL100 Thieves46290.2916666667,MAPS 1-2 Headshots,headshots,1,2,0,,0,2026-09-24T07:00:00.000-04:00,2026-09-25T07:00:00.000-04:00,18.5,2026-09-25T05:34:20+00:00,18.5,standard,2026-09-25T05:34:20+00:00,pre_game,,
prizepicks,15213068,cs2,,339490,salazar,BBL,100 Thieves,G,BBL100 Thieves46290.2916666667,MAPS 1-2 Headshots,headshots,1,2,0,,0,2026-09-24T07:00:00.000-04:00,2026-09-25T07:00:00.000-04:00,10.5,2026-09-25T05:34:20+00:00,10.5,standard,2026-09-25T05:34:20+00:00,pre_game,,
prizepicks,15213069,cs2,,339493,NickyB,BBL,100 Thieves,G,BBL100 Thieves46290.2916666667,MAPS 1-2 Headshots,headshots,1,2,0,,0,2026-09-24T07:00:00.000-04:00,2026-09-25T07:00:00.000-04:00,15.5,2026-09-25T05:34:20+00:00,15.5,standard,2026-09-25T05:34:20+00:00,pre_game,,
prizepicks,15213070,cs2,,339492,Boye,BBL,100 Thieves,G,BBL100 Thieves46290.2916666667,MAPS 1-2 Headshots,headshots,1,2,0,,0,2026-09-24T07:00:00.000-04:00,2026-09-25T07:00:00.000-04:00,14.5,2026-09-25T05:34:20+00:00,14.5,standard,2026-09-25T05:34:20+00:00,pre_game,,
prizepicks,15194486,cs2,CS2,314980,stavn,Ninjas in Pyjamas,3DMAX,G,3DMAXNinjas in Pyjamas46290.3333333333,MAPS 1-2 Kills,kills,1,2,0,,0,2026-09-24T08:00:00.000-04:00,2026-09-25T09:45:00.000-04:00,31.0,2026-09-25T05:34:20+00:00,31.0,standard,2026-09-25T13:21:15+00:00,pre_game,,
prizepicks,15194487,cs2,CS2,196100,xKacpersky,Ninjas in Pyjamas,3DMAX,G,3DMAXNinjas in Pyjamas46290.3333333333,MAPS 1-2 Kills,kills,1,2,0,,0,2026-09-24T08:00:00.000-04:00,2026-09-25T09:45:00.000-04:00,30.0,2026-09-25T05:34:20+00:00,30.0,standard,2026-09-25T13:21:15+00:00,pre_game,,
prizepicks,15194488,cs2,CS2,168502,sjuush,Ninjas in Pyjamas,3DMAX,G,3DMAXNinjas in Pyjamas46290.3333333333,MAPS 1-2 Kills,kills,1,2,0,,0,2026-09-24T08:00:00.000-04:00,2026-09-25T09:45:00.000-04:00,29.0,2026-09-25T05:34:20+00:00,29.0,standard,2026-09-25T13:21:15+00:00,pre_game,,
prizepicks,15194489,cs2,CS2,344693,adamb,Ninjas in Pyjamas,3DMAX,G,3DMAXNinjas in Pyjamas46290.3333333333,MAPS 1-2 Kills,kills,1,2,0,,0,2026-09-24T08:00:00.000-04:00,2026-09-25T09:45:00.000-04:00,28.5,2026-09-25T05:34:20+00:00,28.5,standard,2026-09-25T13:21:15+00:00,pre_game,,
prizepicks,15194490,cs2,CS2,340611,Krimbo,Ninjas in Pyjamas,3DMAX,G,3DMAXNinjas in Pyjamas46290.3333333333,MAPS 1-2 Kills,kills,1,2,0,,0,2026-09-24T08:00:00.000-04:00,2026-09-25T09:45:00.000-04:00,27.0,2026-09-25T05:34:20+00:00,27.0,standard,2026-09-25T13:21:15+00:00,pre_game,,
prizepicks,15194491,cs2,CS2,169058,Maka,3DMAX,Ninjas in Pyjamas,G,3DMAXNinjas in Pyjamas46290.3333333333,MAPS 1-2 Kills,kills,1,2,0,,0,2026-09-24T08:00:00.000-04:00,2026-09-25T09:45:00.000-04:00,30.0,2026-09-25T05:34:20+00:00,30.0,standard,2026-09-25T13:21:15+00:00,pre_game,,
prizepicks,15194492,cs2,CS2,326231,Kursy,3DMAX,Ninjas in Pyjamas,G,3DMAXNinjas in Pyjamas46290.3333333333,MAPS 1-2 Kills,kills,1,2,0,,0,2026-09-24T08:00:00.000-04:00,2026-09-25T09:45:00.000-04:00,30.0,2026-09-25T05:34:20+00:00,30.0,standard,2026-09-25T13:21:15+00:00,pre_game,,
prizepicks,15194493,cs2,CS2,169057,lucky,3DMAX,Ninjas in Pyjamas,G,3DMAXNinjas in Pyjamas46290.3333333333,MAPS 1-2 Kills,kills,1,2,0,,0,2026-09-24T08:00:00.000-04:00,2026-09-25T09:45:00.000-04:00,28.5,2026-09-25T05:34:20+00:00,28.5,standard,2026-09-25T13:21:15+00:00,pre_game,,
prizepicks,15194494,cs2,CS2,303785,misutaaa,3DMAX,Ninjas in Pyjamas,G,3DMAXNinjas in Pyjamas46290.3333333333,MAPS 1-2 Kills,kills,1,2,0,,0,2026-09-24T08:00:00.000-04:00,2026-09-25T09:45:00.000-04:00,29.0,2026-09-25T05:34:20+00:00,29.0,standard,2026-09-25T13:21:15+00:00,pre_game,,
prizepicks,15194495,cs2,CS2,193007,Graviti,3DMAX,Ninjas in Pyjamas,G,3DMAXNinjas in Pyjamas46290.3333333333,MAPS 1-2 Kills,kills,1,2,0,,0,2026-09-24T08:00:00.000-04:00,2026-09-25T09:45:00.000-04:00,27.5,2026-09-25T05:34:20+00:00,26.5,standard,2026-09-25T13:21:15+00:00,pre_game,,
prizepicks,15194496,cs2,CS2,314980,stavn,Ninjas in Pyjamas,3DMAX,G,3DMAXNinjas in Pyjamas46290.3333333333,MAPS 1-2 Headshots,headshots,1,2,0,,0,2026-09-24T08:00:00.000-04:00,2026-09-25T09:45:00.000-04:00,9.5,2026-09-25T05:34:20+00:00,9.5,standard,2026-09-25T13:21:15+00:00,pre_game,,
prizepicks,15194497,cs2,CS2,196100,xKacpersky,Ninjas in Pyjamas,3DMAX,G,3DMAXNinjas in Pyjamas46290.3333333333,MAPS 1-2 Headshots,headshots,1,2,0,,0,2026-09-24T08:00:00.000-04:00,2026-09-25T09:45:00.000-04:00,17.0,2026-09-25T05:34:20+00:00,17.0,standard,2026-09-25T13:21:15+00:00,pre_game,,
prizepicks,15194498,cs2,CS2,168502,sjuush,Ninjas in Pyjamas,3DMAX,G,3DMAXNinjas in Pyjamas46290.3333333333,MAPS 1-2 Headshots,headshots,1,2,0,,0,2026-09-24T08:00:00.000-04:00,2026-09-25T09:45:00.000-04:00,16.5,2026-09-25T05:34:20+00:00,16.5,standard,2026-09-25T13:21:15+00:00,pre_game,,
prizepicks,15194499,cs2,CS2,344693,adamb,Ninjas in Pyjamas,3DMAX,G,3DMAXNinjas in Pyjamas46290.3333333333,MAPS 1-2 Headshots,headshots,1,2,0,,0,2026-09-24T08:00:00.000-04:00,2026-09-25T09:45:00.000-04:00,16.5,2026-09-25T05:34:20+00:00,16.5,standard,2026-09-25T13:21:15+00:00,pre_game,,
prizepicks,15194500,cs2,CS2,340611,Krimbo,Ninjas in Pyjamas,3DMAX,G,3DMAXNinjas in Pyjamas46290.3333333333,MAPS 1-2 Headshots,headshots,1,2,0,,0,2026-09-24T08:00:00.000-04:00,2026-09-25T09:45:00.000-04:00,15.5,2026-09-25T05:34:20+00:00,15.5,standard,2026-09-25T13:21:15+00:00,pre_game,,
prizepicks,15194501,cs2,CS2,169058,Maka,3DMAX,Ninjas in Pyjamas,G,3DMAXNinjas in Pyjamas46290.3333333333,MAPS 1-2 Headshots,headshots,1,2,0,,0,2026-09-24T08:00:00.000-04:00,2026-09-25T09:45:00.000-04:00,12.5,2026-09-25T05:34:20+00:00,11.5,standard,2026-09-25T13:21:15+00:00,pre_game,,
prizepicks,15194502,cs2,CS2,326231,Kursy,3DMAX,Ninjas in Pyjamas,G,3DMAXNinjas in Pyjamas46290.3333333333,MAPS 1-2 Headshots,headshots,1,2,0,,0,2026-09-24T08:00:00.000-04:00,2026-09-25T09:45:00.000-04:00,18.0,2026-09-25T05:34:20+00:00,18.0,standard,2026-09-25T13:21:15+00:00,pre_game,,
prizepicks,15194503,cs2,CS2,169057,lucky,3DMAX,Ninjas in Pyjamas,G,3DMAXNinjas in Pyjamas46290.3333333333,MAPS 1-2 Headshots,headshots,1,2,0,,0,2026-09-24T08:00:00.000-04:00,2026-09-25T09:45:00.000-04:00,14.5,2026-09-25T05:34:20+00:00,14.5,standard,2026-09-25T13:21:15+00:00,pre_game,,
prizepicks,15194504,cs2,CS2,303785,misutaaa,3DMAX,Ninjas in Pyjamas,G,3DMAXNinjas in Pyjamas46290.3333333333,MAPS 1-2 Headshots,headshots,1,2,0,,0,2026-09-24T08:00:00.000-04:00,2026-09-25T09:45:00.000-04:00,17.5,2026-09-25T05:34:20+00:00,17.5,standard,2026-09-25T13:21:15+00:00,pre_game,,
prizepicks,15194505,cs2,CS2,193007,Graviti,3DMAX,Ninjas in Pyjamas,G,3DMAXNinjas in Pyjamas46290.3333333333,MAPS 1-2 Headshots,headshots,1,2,0,,0,2026-09-24T08:00:00.000-04:00,2026-09-25T09:45:00.000-04:00,16.5,2026-09-25T05:34:20+00:00,16.5,standard,2026-09-25T13:21:15+00:00,pre_game,,
prizepicks,15192211,cs2,CS2,230397,senka,Nuclear TigeRES,Zero Tenacity,G,ex-Zero TenacityNuclear TigeRES46290.3333333333,MAPS 1-2 Kills,kills,1,2,0,,0,2026-09-23T11:17:00.000-04:00,2026-09-25T08:00:00.000-04:00,24.5,2026-09-25T05:34:20+00:00,24.5,standard,2026-09-25T05:34:20+00:00,pre_game,,
prizepicks,15192212,cs2,CS2,230395,flouzer,Nuclear TigeRES,Zero Tenacity,G,ex-Zero TenacityNuclear TigeRES46290.3333333333,MAPS 1-2 Kills,kills,1,2,0,,0,2026-09-23T11:17:00.000-04:00,2026-09-25T08:00:00.000-04:00,32.5,2026-09-25T05:34:20+00:00,32.5,standard,2026-09-25T05:34:20+00:00,pre_game,,
prizepicks,15192213,cs2,CS2,294767,ayuki,Nuclear TigeRES,Zero Tenacity,G,ex-Zero TenacityNuclear TigeRES46290.3333333333,MAPS 1-2 Kills,kills,1,2,0,,0,2026-09-23T11:17:00.000-04:00,2026-09-25T08:00:00.000-04:00,29.5,2026-09-25T05:34:20+00:00,29.5,standard,2026-09-25T05:34:20+00:00,pre_game,,
prizepicks,15192214,cs2,CS2,347406,Djon8,Nuclear TigeRES,Zero Tenacity,G,ex-Zero TenacityNuclear TigeRES46290.3333333333,MAPS 1-2 Kills,kills,1,2,0,,0,2026-09-23T11:17:00.000-04:00,2026-09-25T08:00:00.000-04:00,32.5,2026-09-25T05:34:20+00:00,32.5,standard,2026-09-25T05:34:20+00:00,pre_game,,
prizepicks,15192216,cs2,CS2,230397,senka,Nuclear TigeRES,Zero Tenacity,G,ex-Zero TenacityNuclear TigeRES46290.3333333333,MAPS 1-2 Headshots,headshots,1,2,0,,0,2026-09-23T11:17:00.000-04:00,2026-09-25T08:00:00.000-04:00,13.5,2026-09-25T05:34:20+00:00,13.5,standard,2026-09-25T05:34:20+00:00,pre_game,,
prizepicks,15192217,cs2,CS2,230395,flouzer,Nuclear TigeRES,Zero Tenacity,G,ex-Zero TenacityNuclear TigeRES46290.3333333333,MAPS 1-2 Headshots,headshots,1,2,0,,0,2026-09-23T11:17:00.000-04:00,2026-09-25T08:00:00.000-04:00,18.0,2026-09-25T05:34:20+00:00,18.0,standard,2026-09-25T05:34:20+00:00,pre_game,,
prizepicks,15192218,cs2,CS2,294767,ayuki,Nuclear TigeRES,Zero Tenacity,G,ex-Zero TenacityNuclear TigeRES46290.3333333333,MAPS 1-2 Headshots,headshots,1,2,0,,0,2026-09-23T11:17:00.000-04:00,2026-09-25T08:00:00.000-04:00,17.5,2026-09-25T05:34:20+00:00,17.5,standard,2026-09-25T05:34:20+00:00,pre_game,,
prizepicks,15192219,cs2,CS2,347406,Djon8,Nuclear TigeRES,Zero Tenacity,G,ex-Zero TenacityNuclear TigeRES46290.3333333333,MAPS 1-2 Headshots,headshots,1,2,0,,0,2026-09-23T11:17:00.000-04:00,2026-09-25T08:00:00.000-04:00,19.5,2026-09-25T05:34:20+00:00,19.5,standard,2026-09-25T05:34:20+00:00,pre_game,,
prizepicks,15213661,cs2,CS2,238167,Starry,Lynn Vision,,G,CS2_match_jK5zVitISUteWHLKlzQxxcbH,MAPS 1-2 Kills,kills,1,2,0,,0,2026-09-24T09:00:00.000-04:00,2026-09-25T09:00:00.000-04:00,31.5,2026-09-25T05:34:20+00:00,30.5,standard,2026-09-25T12:41:59+00:00,pre_game,,
prizepicks,15213666,cs2,CS2,238167,Starry,Lynn Vision,,G,CS2_match_jK5zVitISUteWHLKlzQxxcbH,MAPS 1-2 Headshots,headshots,1,2,0,,0,2026-09-24T09:00:00.000-04:00,2026-09-25T09:00:00.000-04:00,18.5,2026-09-25T05:34:20+00:00,18.5,standard,2026-09-25T12:41:59+00:00,pre_game,,
prizepicks,15201739,cs2,,304159,pepe,Bounty Hunters,Yawara,G,YawaraBounty Hunters46290.375,MAPS 1-2 Kills,kills,1,2,0,,0,2026-09-01T09:00:00.000-04:00,2026-09-25T09:00:00.000-04:00,31.5,2026-09-25T05:34:20+00:00,31.5,standard,2026-09-25T12:41:59+00:00,pre_game,,
prizepicks,15213662,cs2,CS2,238165,EmiliaQAQ,Lynn Vision,,G,CS2_match_jK5zVitISUteWHLKlzQxxcbH,MAPS 1-2 Kills,kills,1,2,0,,0,2026-09-24T09:00:00.000-04:00,2026-09-25T09:00:00.000-04:00,26.5,2026-09-25T05:34:20+00:00,26.5,standard,2026-09-25T12:41:59+00:00,pre_game,,
prizepicks,15213667,cs2,CS2,238165,EmiliaQAQ,Lynn Vision,,G,CS2_match_jK5zVitISUteWHLKlzQxxcbH,MAPS 1-2 Headshots,headshots,1,2,0,,0,2026-09-24T09:00:00.000-04:00,2026-09-25T09:00:00.000-04:00,16.5,2026-09-25T05:34:20+00:00,16.5,standard,2026-09-25T12:41:59+00:00,pre_game,,
prizepicks,15201740,cs2,,337785,urban0,Bounty Hunters,Yawara,G,YawaraBounty Hunters46290.375,MAPS 1-2 Kills,kills,1,2,0,,0,2026-09-01T09:00:00.000-04:00,2026-09-25T09:00:00.000-04:00,30.5,2026-09-25T05:34:20+00:00,30.5,standard,2026-09-25T12:41:59+00:00,pre_game,,
prizepicks,15213663,cs2,CS2,311754,C4LLM3SU3,Lynn Vision,,G,CS2_match_jK5zVitISUteWHLKlzQxxcbH,MAPS 1-2 Kills,kills,1,2,0,,0,2026-09-24T09:00:00.000-04:00,2026-09-25T09:00:00.000-04:00,27.5,2026-09-25T05:34:20+00:00,27.5,standard,2026-09-25T12:41:59+00:00,pre_game,,
prizepicks,15213668,cs2,CS2,311754,C4LLM3SU3,Lynn Vision,,G,CS2_match_jK5zVitISUteWHLKlzQxxcbH,MAPS 1-2 Headshots,headshots,1,2,0,,0,2026-09-24T09:00:00.000-04:00,2026-09-25T09:00:00.000-04:00,15.5,2026-09-25T05:34:20+00:00,15.5,standard,2026-09-25T12:41:59+00:00,pre_game,,
prizepicks,15201741,cs2,,238974,ponter,Bounty Hunters,Yawara,G,YawaraBounty Hunters46290.375,MAPS 1-2 Kills,kills,1,2,0,,0,2026-09-01T09:00:00.000-04:00,2026-09-25T09:00:00.000-04:00,26.5,2026-09-25T05:34:20+00:00,26.5,standard,2026-09-25T12:41:59+00:00,pre_game,,
prizepicks,15213664,cs2,CS2,238168,z4KR,Lynn Vision,,G,CS2_match_jK5zVitISUteWHLKlzQxxcbH,MAPS 1-2 Kills,kills,1,2,0,,0,2026-09-24T09:00:00.000-04:00,2026-09-25T09:00:00.000-04:00,32.5,2026-09-25T05:34:20+00:00,32.5,standard,2026-09-25T12:41:59+00:00,pre_game,,
prizepicks,15213669,cs2,CS2,238168,z4KR,Lynn Vision,,G,CS2_match_jK5zVitISUteWHLKlzQxxcbH,MAPS 1-2 Headshots,headshots,1,2,0,,0,2026-09-24T09:00:00.000-04:00,2026-09-25T09:00:00.000-04:00,11.5,2026-09-25T05:34:20+00:00,11.5,standard,2026-09-25T12:41:59+00:00,pre_game,,
prizepicks,15201742,cs2,,201961,zock,Bounty Hunters,Yawara,G,YawaraBounty Hunters46290.375,MAPS 1-2 Kills,kills,1,2,0,,0,2026-09-01T09:00:00.000-04:00,2026-09-25T09:00:00.000-04:00,29.5,2026-09-25T05:34:20+00:00,29.5,standard,2026-09-25T12:41:59+00:00,pre_game,,
prizepicks,15213665,cs2,CS2,238166,Westmelon,Lynn Vision,,G,CS2_match_jK5zVitISUteWHLKlzQxxcbH,MAPS 1-2 Kills,kills,1,2,0,,0,2026-09-24T09:00:00.000-04:00,2026-09-25T09:00:00.000-04:00,29.5,2026-09-25T05:34:20+00:00,29.5,standard,2026-09-25T12:41:59+00:00,pre_game,,
prizepicks,15213670,cs2,CS2,238166,Westmelon,Lynn Vision,,G,CS2_match_jK5zVitISUteWHLKlzQxxcbH,MAPS 1-2 Headshots,headshots,1,2,0,,0,2026-09-24T09:00:00.000-04:00,2026-09-25T09:00:00.000-04:00,18.5,2026-09-25T05:34:20+00:00,18.5,standard,2026-09-25T12:41:59+00:00,pre_game,,
prizepicks,15201743,cs2,,199253,KAISER,Bounty Hunters,Yawara,G,YawaraBounty Hunters46290.375,MAPS 1-2 Kills,kills,1,2,0,,0,2026-09-01T09:00:00.000-04:00,2026-09-25T09:00:00.000-04:00,29.5,2026-09-25T05:34:20+00:00,29.5,standard,2026-09-25T12:41:59+00:00,pre_game,,
prizepicks,15201744,cs2,,304159,pepe,Bounty Hunters,Yawara,G,YawaraBounty Hunters46290.375,MAPS 1-2 Headshots,headshots,1,2,0,,0,2026-09-01T09:00:00.000-04:00,2026-09-25T09:00:00.000-04:00,19.5,2026-09-25T05:34:20+00:00,19.5,standard,2026-09-25T12:41:59+00:00,pre_game,,
prizepicks,15201745,cs2,,337785,urban0,Bounty Hunters,Yawara,G,YawaraBounty Hunters46290.375,MAPS 1-2 Headshots,headshots,1,2,0,,0,2026-09-01T09:00:00.000-04:00,2026-09-25T09:00:00.000-04:00,18.5,2026-09-25T05:34:20+00:00,18.5,standard,2026-09-25T12:41:59+00:00,pre_game,,
prizepicks,15201746,cs2,,238974,ponter,Bounty Hunters,Yawara,G,YawaraBounty Hunters46290.375,MAPS 1-2 Headshots,headshots,1,2,0,,0,2026-09-01T09:00:00.000-04:00,2026-09-25T09:00:00.000-04:00,16.5,2026-09-25T05:34:20+00:00,15.5,standard,2026-09-25T12:41:59+00:00,pre_game,,
prizepicks,15201747,cs2,,201961,zock,Bounty Hunters,Yawara,G,YawaraBounty Hunters46290.375,MAPS 1-2 Headshots,headshots,1,2,0,,0,2026-09-01T09:00:00.000-04:00,2026-09-25T09:00:00.000-04:00,15.5,2026-09-25T05:34:20+00:00,15.5,standard,2026-09-25T12:41:59+00:00,pre_game,,
prizepicks,15201748,cs2,,199253,KAISER,Bounty Hunters,Yawara,G,YawaraBounty Hunters46290.375,MAPS 1-2 Headshots,headshots,1,2,0,,0,2026-09-01T09:00:00.000-04:00,2026-09-25T09:00:00.000-04:00,12.0,2026-09-25T05:34:20+00:00,12.0,standard,2026-09-25T12:41:59+00:00,pre_game,,
prizepicks,15214351,cs2,CS2,316127,AccuracyTG,NEXVOID,,G,CS2_match_6Reg8sAQFPZdxHZCTumKE56g,MAPS 1-2 Kills,kills,1,2,0,,0,2026-09-24T09:00:00.000-04:00,2026-09-25T09:00:00.000-04:00,29.5,2026-09-25T05:34:20+00:00,29.5,standard,2026-09-25T12:41:59+00:00,pre_game,,
prizepicks,15214355,cs2,CS2,316127,AccuracyTG,NEXVOID,,G,CS2_match_6Reg8sAQFPZdxHZCTumKE56g,MAPS 1-2 Headshots,headshots,1,2,0,,0,2026-09-24T09:00:00.000-04:00,2026-09-25T09:00:00.000-04:00,10.5,2026-09-25T05:34:20+00:00,10.5,standard,2026-09-25T12:41:59+00:00,pre_game,,
prizepicks,15214352,cs2,CS2,339005,xerolte,NEXVOID,,G,CS2_match_6Reg8sAQFPZdxHZCTumKE56g,MAPS 1-2 Kills,kills,1,2,0,,0,2026-09-24T09:00:00.000-04:00,2026-09-25T09:00:00.000-04:00,29.5,2026-09-25T05:34:20+00:00,29.5,standard,2026-09-25T12:41:59+00:00,pre_game,,
prizepicks,15214356,cs2,CS2,339005,xerolte,NEXVOID,,G,CS2_match_6Reg8sAQFPZdxHZCTumKE56g,MAPS 1-2 Headshots,headshots,1,2,0,,0,2026-09-24T09:00:00.000-04:00,2026-09-25T09:00:00.000-04:00,16.5,2026-09-25T05:34:20+00:00,16.5,standard,2026-09-25T12:41:59+00:00,pre_game,,
prizepicks,15214353,cs2,CS2,316128,erkaSt,NEXVOID,,G,CS2_match_6Reg8sAQFPZdxHZCTumKE56g,MAPS 1-2 Kills,kills,1,2,0,,0,2026-09-24T09:00:00.000-04:00,2026-09-25T09:00:00.000-04:00,28.5,2026-09-25T05:34:20+00:00,28.5,standard,2026-09-25T12:41:59+00:00,pre_game,,
prizepicks,15214357,cs2,CS2,316128,erkaSt,NEXVOID,,G,CS2_match_6Reg8sAQFPZdxHZCTumKE56g,MAPS 1-2 Headshots,headshots,1,2,0,,0,2026-09-24T09:00:00.000-04:00,2026-09-25T09:00:00.000-04:00,14.5,2026-09-25T05:34:20+00:00,14.5,standard,2026-09-25T12:41:59+00:00,pre_game,,
prizepicks,15214354,cs2,CS2,339003,Zesta,NEXVOID,,G,CS2_match_6Reg8sAQFPZdxHZCTumKE56g,MAPS 1-2 Kills,kills,1,2,0,,0,2026-09-24T09:00:00.000-04:00,2026-09-25T09:00:00.000-04:00,28.5,2026-09-25T05:34:20+00:00,28.5,standard,2026-09-25T12:41:59+00:00,pre_game,,
prizepicks,15214358,cs2,CS2,339003,Zesta,NEXVOID,,G,CS2_match_6Reg8sAQFPZdxHZCTumKE56g,MAPS 1-2 Headshots,headshots,1,2,0,,0,2026-09-24T09:00:00.000-04:00,2026-09-25T09:00:00.000-04:00,18.5,2026-09-25T05:34:20+00:00,18.5,standard,2026-09-25T12:41:59+00:00,pre_game,,
prizepicks,15200556,cs2,,328525,laser,Procyon,QUINTESSÊNCIA,G,QUINTESSÊNCIAProcyon46290.375,MAPS 1-2 Kills,kills,1,2,0,,0,2026-09-01T09:00:00.000-04:00,2026-09-25T09:00:00.000-04:00,28.5,2026-09-25T05:34:20+00:00,28.5,standard,2026-09-25T12:41:59+00:00,pre_game,,
prizepicks,15200557,cs2,,267598,lenci,Procyon,QUINTESSÊNCIA,G,QUINTESSÊNCIAProcyon46290.375,MAPS 1-2 Kills,kills,1,2,0,,0,2026-09-01T09:00:00.000-04:00,2026-09-25T09:00:00.000-04:00,32.5,2026-09-25T05:34:20+00:00,32.5,standard,2026-09-25T12:41:59+00:00,pre_game,,
prizepicks,15200558,cs2,,267600,pavv,Procyon,QUINTESSÊNCIA,G,QUINTESSÊNCIAProcyon46290.375,MAPS 1-2 Kills,kills,1,2,0,,0,2026-09-01T09:00:00.000-04:00,2026-09-25T09:00:00.000-04:00,27.5,2026-09-25T05:34:20+00:00,27.5,standard,2026-09-25T12:41:59+00:00,pre_game,,
prizepicks,15200559,cs2,,295696,MaxOff,Procyon,QUINTESSÊNCIA,G,QUINTESSÊNCIAProcyon46290.375,MAPS 1-2 Kills,kills,1,2,0,,0,2026-09-01T09:00:00.000-04:00,2026-09-25T09:00:00.000-04:00,30.5,2026-09-25T05:34:20+00:00,30.5,standard,2026-09-25T12:41:59+00:00,pre_game,,
prizepicks,15200560,cs2,,295697,next,Procyon,QUINTESSÊNCIA,G,QUINTESSÊNCIAProcyon46290.375,MAPS 1-2 Kills,kills,1,2,0,,0,2026-09-01T09:00:00.000-04:00,2026-09-25T09:00:00.000-04:00,28.5,2026-09-25T05:34:20+00:00,28.5,standard,2026-09-25T12:41:59+00:00,pre_game,,
prizepicks,15200561,cs2,,328525,laser,Procyon,QUINTESSÊNCIA,G,QUINTESSÊNCIAProcyon46290.375,MAPS 1-2 Headshots,headshots,1,2,0,,0,2026-09-01T09:00:00.000-04:00,2026-09-25T09:00:00.000-04:00,9.5,2026-09-25T05:34:20+00:00,9.5,standard,2026-09-25T12:41:59+00:00,pre_game,,
prizepicks,15200562,cs2,,267598,lenci,Procyon,QUINTESSÊNCIA,G,QUINTESSÊNCIAProcyon46290.375,MAPS 1-2 Headshots,headshots,1,2,0,,0,2026-09-01T09:00:00.000-04:00,2026-09-25T09:00:00.000-04:00,16.5,2026-09-25T05:34:20+00:00,16.5,standard,2026-09-25T12:41:59+00:00,pre_game,,
prizepicks,15200563,cs2,,267600,pavv,Procyon,QUINTESSÊNCIA,G,QUINTESSÊNCIAProcyon46290.375,MAPS 1-2 Headshots,headshots,1,2,0,,0,2026-09-01T09:00:00.000-04:00,2026-09-25T09:00:00.000-04:00,15.5,2026-09-25T05:34:20+00:00,15.5,standard,2026-09-25T12:41:59+00:00,pre_game,,
prizepicks,15200564,cs2,,295696,MaxOff,Procyon,QUINTESSÊNCIA,G,QUINTESSÊNCIAProcyon46290.375,MAPS 1-2 Headshots,headshots,1,2,0,,0,2026-09-01T09:00:00.000-04:00,2026-09-25T09:00:00.000-04:00,17.5,2026-09-25T05:34:20+00:00,17.5,standard,2026-09-25T12:41:59+00:00,pre_game,,
prizepicks,15213072,cs2,,291751,phzy,Astralis,Betclic,G,BetclicAstralis46290.4166666667,MAPS 1-2 Kills,kills,1,2,0,,0,2026-09-24T10:00:00.000-04:00,2026-09-25T10:00:00.000-04:00,29.5,2026-09-25T05:34:20+00:00,29.5,standard,2026-09-25T13:21:15+00:00,pre_game,,
prizepicks,15213073,cs2,,237532,HooXi,Astralis,Betclic,G,BetclicAstralis46290.4166666667,MAPS 1-2 Kills,kills,1,2,0,,0,2026-09-24T10:00:00.000-04:00,2026-09-25T10:00:00.000-04:00,24.5,2026-09-25T05:34:20+00:00,24.5,standard,2026-09-25T13:21:15+00:00,pre_game,,
prizepicks,15213074,cs2,,169105,jabbi,Astralis,Betclic,G,BetclicAstralis46290.4166666667,MAPS 1-2 Kills,kills,1,2,0,,0,2026-09-24T10:00:00.000-04:00,2026-09-25T10:00:00.000-04:00,31.5,2026-09-25T05:34:20+00:00,31.5,standard,2026-09-25T13:21:15+00:00,pre_game,,
prizepicks,15213075,cs2,,168368,Staehr,Astralis,Betclic,G,BetclicAstralis46290.4166666667,MAPS 1-2 Kills,kills,1,2,0,,0,2026-09-24T10:00:00.000-04:00,2026-09-25T10:00:00.000-04:00,32.5,2026-09-25T05:34:20+00:00,32.5,standard,2026-09-25T13:21:15+00:00,pre_game,,
prizepicks,15213076,cs2,,291752,ryu,Astralis,Betclic,G,BetclicAstralis46290.4166666667,MAPS 1-2 Kills,kills,1,2,0,,0,2026-09-24T10:00:00.000-04:00,2026-09-25T10:00:00.000-04:00,30.5,2026-09-25T05:34:20+00:00,30.5,standard,2026-09-25T13:21:15+00:00,pre_game,,
prizepicks,15213077,cs2,,242640,Demho,Betclic,Astralis,G,BetclicAstralis46290.4166666667,MAPS 1-2 Kills,kills,1,2,0,,0,2026-09-24T10:00:00.000-04:00,2026-09-25T10:00:00.000-04:00,24.5,2026-09-25T05:34:20+00:00,24.5,standard,2026-09-25T13:21:15+00:00,pre_game,,
prizepicks,15213078,cs2,,242642,Prism,Betclic,Astralis,G,BetclicAstralis46290.4166666667,MAPS 1-2 Kills,kills,1,2,0,,0,2026-09-24T10:00:00.000-04:00,2026-09-25T10:00:00.000-04:00,27.5,2026-09-25T05:34:20+00:00,27.5,standard,2026-09-25T13:21:15+00:00,pre_game,,
prizepicks,15213079,cs2,,330653,ex1st,Betclic,Astralis,G,BetclicAstralis46290.4166666667,MAPS 1-2 Kills,kills,1,2,0,,0,2026-09-24T10:00:00.000-04:00,2026-09-25T10:00:00.000-04:00,30.5,2026-09-25T05:34:20+00:00,29.5,standard,2026-09-25T13:21:15+00:00,pre_game,,
prizepicks,15213080,cs2,,324958,Qlocuu,Betclic,Astralis,G,BetclicAstralis46290.4166666667,MAPS 1-2 Kills,kills,1,2,0,,0,2026-09-24T10:00:00.000-04:00,2026-09-25T10:00:00.000-04:00,27.5,2026-09-25T05:34:20+00:00,27.5,standard,2026-09-25T13:21:15+00:00,pre_game,,
prizepicks,15213081,cs2,,341082,ultimate,Betclic,Astralis,G,BetclicAstralis46290.4166666667,MAPS 1-2 Kills,kills,1,2,0,,0,2026-09-24T10:00:00.000-04:00,2026-09-25T10:00:00.000-04:00,27.5,2026-09-25T05:34:20+00:00,27.5,standard,2026-09-25T13:21:15+00:00,pre_game,,
prizepicks,15213083,cs2,,237532,HooXi,Astralis,Betclic,G,BetclicAstralis46290.4166666667,MAPS 1-2 Headshots,headshots,1,2,0,,0,2026-09-24T10:00:00.000-04:00,2026-09-25T10:00:00.000-04:00,13.0,2026-09-25T05:34:20+00:00,14.0,standard,2026-09-25T13:21:15+00:00,pre_game,,
prizepicks,15213084,cs2,,169105,jabbi,Astralis,Betclic,G,BetclicAstralis46290.4166666667,MAPS 1-2 Headshots,headshots,1,2,0,,0,2026-09-24T10:00:00.000-04:00,2026-09-25T10:00:00.000-04:00,21.5,2026-09-25T05:34:20+00:00,21.5,standard,2026-09-25T13:21:15+00:00,pre_game,,
prizepicks,15213085,cs2,,168368,Staehr,Astralis,Betclic,G,BetclicAstralis46290.4166666667,MAPS 1-2 Headshots,headshots,1,2,0,,0,2026-09-24T10:00:00.000-04:00,2026-09-25T10:00:00.000-04:00,18.5,2026-09-25T05:34:20+00:00,18.5,standard,2026-09-25T13:21:15+00:00,pre_game,,
prizepicks,15213086,cs2,,291752,ryu,Astralis,Betclic,G,BetclicAstralis46290.4166666667,MAPS 1-2 Headshots,headshots,1,2,0,,0,2026-09-24T10:00:00.000-04:00,2026-09-25T10:00:00.000-04:00,16.5,2026-09-25T05:34:20+00:00,16.5,standard,2026-09-25T13:21:15+00:00,pre_game,,
prizepicks,15213087,cs2,,242640,Demho,Betclic,Astralis,G,BetclicAstralis46290.4166666667,MAPS 1-2 Headshots,headshots,1,2,0,,0,2026-09-24T10:00:00.000-04:00,2026-09-25T10:00:00.000-04:00,11.5,2026-09-25T05:34:20+00:00,11.5,standard,2026-09-25T13:21:15+00:00,pre_game,,
prizepicks,15213088,cs2,,242642,Prism,Betclic,Astralis,G,BetclicAstralis46290.4166666667,MAPS 1-2 Headshots,headshots,1,2,0,,0,2026-09-24T10:00:00.000-04:00,2026-09-25T10:00:00.000-04:00,13.5,2026-09-25T05:34:20+00:00,13.5,standard,2026-09-25T13:21:15+00:00,pre_game,,
prizepicks,15213089,cs2,,330653,ex1st,Betclic,Astralis,G,BetclicAstralis46290.4166666667,MAPS 1-2 Headshots,headshots,1,2,0,,0,2026-09-24T10:00:00.000-04:00,2026-09-25T10:00:00.000-04:00,16.5,2026-09-25T05:34:20+00:00,15.5,standard,2026-09-25T13:21:15+00:00,pre_game,,
prizepicks,15213090,cs2,,324958,Qlocuu,Betclic,Astralis,G,BetclicAstralis46290.4166666667,MAPS 1-2 Headshots,headshots,1,2,0,,0,2026-09-24T10:00:00.000-04:00,2026-09-25T10:00:00.000-04:00,14.5,2026-09-25T05:34:20+00:00,14.5,standard,2026-09-25T13:21:15+00:00,pre_game,,
prizepicks,15213091,cs2,,341082,ultimate,Betclic,Astralis,G,BetclicAstralis46290.4166666667,MAPS 1-2 Headshots,headshots,1,2,0,,0,2026-09-24T10:00:00.000-04:00,2026-09-25T10:00:00.000-04:00,9.5,2026-09-25T05:34:20+00:00,9.5,standard,2026-09-25T13:21:15+00:00,pre_game,,
prizepicks,15195574,cs2,,330067,Brilliance,ex-RUSTEC,Omega,G,Omegaex-RUSTEC46290.4166666667,MAPS 1-2 Kills,kills,1,2,0,,0,2026-09-02T10:00:00.000-04:00,2026-09-25T10:00:00.000-04:00,28.5,2026-09-25T05:34:20+00:00,28.5,standard,2026-09-25T13:21:15+00:00,pre_game,,
prizepicks,15195575,cs2,,330070,youka,ex-RUSTEC,Omega,G,Omegaex-RUSTEC46290.4166666667,MAPS 1-2 Kills,kills,1,2,0,,0,2026-09-02T10:00:00.000-04:00,2026-09-25T10:00:00.000-04:00,31.5,2026-09-25T05:34:20+00:00,31.5,standard,2026-09-25T13:21:15+00:00,pre_game,,
prizepicks,15195576,cs2,,330069,yiksrezo,ex-RUSTEC,Omega,G,Omegaex-RUSTEC46290.4166666667,MAPS 1-2 Kills,kills,1,2,0,,0,2026-09-02T10:00:00.000-04:00,2026-09-25T10:00:00.000-04:00,31.5,2026-09-25T05:34:20+00:00,31.5,standard,2026-09-25T13:21:15+00:00,pre_game,,
prizepicks,15195577,cs2,,331452,shalfey,ex-RUSTEC,Omega,G,Omegaex-RUSTEC46290.4166666667,MAPS 1-2 Kills,kills,1,2,0,,0,2026-09-02T10:00:00.000-04:00,2026-09-25T10:00:00.000-04:00,31.5,2026-09-25T05:34:20+00:00,31.5,standard,2026-09-25T13:21:15+00:00,pre_game,,
prizepicks,15195579,cs2,,330071,jakekeS,ex-RUSTEC,Omega,G,Omegaex-RUSTEC46290.4166666667,MAPS 1-2 Kills,kills,1,2,0,,0,2026-09-02T10:00:00.000-04:00,2026-09-25T10:00:00.000-04:00,25.5,2026-09-25T05:34:20+00:00,25.5,standard,2026-09-25T13:21:15+00:00,pre_game,,
prizepicks,15195580,cs2,,330067,Brilliance,ex-RUSTEC,Omega,G,Omegaex-RUSTEC46290.4166666667,MAPS 1-2 Headshots,headshots,1,2,0,,0,2026-09-02T10:00:00.000-04:00,2026-09-25T10:00:00.000-04:00,16.5,2026-09-25T05:34:20+00:00,16.5,standard,2026-09-25T13:21:15+00:00,pre_game,,
prizepicks,15195581,cs2,,330070,youka,ex-RUSTEC,Omega,G,Omegaex-RUSTEC46290.4166666667,MAPS 1-2 Headshots,headshots,1,2,0,,0,2026-09-02T10:00:00.000-04:00,2026-09-25T10:00:00.000-04:00,10.5,2026-09-25T05:34:20+00:00,10.5,standard,2026-09-25T13:21:15+00:00,pre_game,,
prizepicks,15195582,cs2,,330069,yiksrezo,ex-RUSTEC,Omega,G,Omegaex-RUSTEC46290.4166666667,MAPS 1-2 Headshots,headshots,1,2,0,,0,2026-09-02T10:00:00.000-04:00,2026-09-25T10:00:00.000-04:00,21.5,2026-09-25T05:34:20+00:00,21.5,standard,2026-09-25T13:21:15+00:00,pre_game,,
prizepicks,15195583,cs2,,331452,shalfey,ex-RUSTEC,Omega,G,Omegaex-RUSTEC46290.4166666667,MAPS 1-2 Headshots,headshots,1,2,0,,0,2026-09-02T10:00:00.000-04:00,2026-09-25T10:00:00.000-04:00,18.5,2026-09-25T05:34:20+00:00,18.5,standard,2026-09-25T13:21:15+00:00,pre_game,,
prizepicks,15195584,cs2,,330071,jakekeS,ex-RUSTEC,Omega,G,Omegaex-RUSTEC46290.4166666667,MAPS 1-2 Headshots,headshots,1,2,0,,0,2026-09-02T10:00:00.000-04:00,2026-09-25T10:00:00.000-04:00,13.5,2026-09-25T05:34:20+00:00,13.5,standard,2026-09-25T13:21:15+00:00,pre_game,,
prizepicks,15194506,cs2,CS2,296304,tENZY,magic,EYEBALLERS,G,EYEBALLERSmagic46290.4583333333,MAPS 1-2 Kills,kills,1,2,0,,0,2026-09-24T11:00:00.000-04:00,2026-09-25T13:20:00.000-04:00,33.0,2026-09-25T05:34:20+00:00,32.5,standard,2026-09-25T17:18:56+00:00,pre_game,,
prizepicks,15194507,cs2,CS2,310976,mo0n,magic,EYEBALLERS,G,EYEBALLERSmagic46290.4583333333,MAPS 1-2 Kills,kills,1,2,0,,0,2026-09-24T11:00:00.000-04:00,2026-09-25T13:20:00.000-04:00,29.5,2026-09-25T05:34:20+00:00,30.5,standard,2026-09-25T17:18:56+00:00,pre_game,,
prizepicks,15194508,cs2,CS2,296307,AW,magic,EYEBALLERS,G,EYEBALLERSmagic46290.4583333333,MAPS 1-2 Kills,kills,1,2,0,,0,2026-09-24T11:00:00.000-04:00,2026-09-25T13:20:00.000-04:00,28.5,2026-09-25T05:34:20+00:00,28.5,standard,2026-09-25T17:18:56+00:00,pre_game,,
prizepicks,15194509,cs2,CS2,296305,MaSvAl,magic,EYEBALLERS,G,EYEBALLERSmagic46290.4583333333,MAPS 1-2 Kills,kills,1,2,0,,0,2026-09-24T11:00:00.000-04:00,2026-09-25T13:20:00.000-04:00,28.5,2026-09-25T05:34:20+00:00,28.5,standard,2026-09-25T17:18:56+00:00,pre_game,,
prizepicks,15194510,cs2,CS2,296308,sFade8,magic,EYEBALLERS,G,EYEBALLERSmagic46290.4583333333,MAPS 1-2 Kills,kills,1,2,0,,0,2026-09-24T11:00:00.000-04:00,2026-09-25T13:20:00.000-04:00,27.0,2026-09-25T05:34:20+00:00,27.0,standard,2026-09-25T17:18:56+00:00,pre_game,,
prizepicks,15194511,cs2,CS2,193011,maxster,EYEBALLERS,magic,G,EYEBALLERSmagic46290.4583333333,MAPS 1-2 Kills,kills,1,2,0,,0,2026-09-24T11:00:00.000-04:00,2026-09-25T13:20:00.000-04:00,29.0,2026-09-25T05:34:20+00:00,29.0,standard,2026-09-25T17:18:56+00:00,pre_game,,
prizepicks,15194512,cs2,CS2,326233,KRIMZ,EYEBALLERS,magic,G,EYEBALLERSmagic46290.4583333333,MAPS 1-2 Kills,kills,1,2,0,,0,2026-09-24T11:00:00.000-04:00,2026-09-25T13:20:00.000-04:00,27.5,2026-09-25T05:34:20+00:00,27.5,standard,2026-09-25T17:18:56+00:00,pre_game,,
prizepicks,15194513,cs2,CS2,211173,dex,EYEBALLERS,magic,G,EYEBALLERSmagic46290.4583333333,MAPS 1-2 Kills,kills,1,2,0,,0,2026-09-24T11:00:00.000-04:00,2026-09-25T13:20:00.000-04:00,27.5,2026-09-25T05:34:20+00:00,27.5,standard,2026-09-25T17:18:56+00:00,pre_game,,
prizepicks,15194514,cs2,CS2,169325,JW,EYEBALLERS,magic,G,EYEBALLERSmagic46290.4583333333,MAPS 1-2 Kills,kills,1,2,0,,0,2026-09-24T11:00:00.000-04:00,2026-09-25T13:20:00.000-04:00,26.5,2026-09-25T05:34:20+00:00,26.5,standard,2026-09-25T17:18:56+00:00,pre_game,,
prizepicks,15194515,cs2,CS2,238926,Ro1f,EYEBALLERS,magic,G,EYEBALLERSmagic46290.4583333333,MAPS 1-2 Kills,kills,1,2,0,,0,2026-09-24T11:00:00.000-04:00,2026-09-25T13:20:00.000-04:00,25.0,2026-09-25T05:34:20+00:00,25.0,standard,2026-09-25T17:18:56+00:00,pre_game,,
prizepicks,15194516,cs2,CS2,296304,tENZY,magic,EYEBALLERS,G,EYEBALLERSmagic46290.4583333333,MAPS 1-2 Headshots,headshots,1,2,0,,0,2026-09-24T11:00:00.000-04:00,2026-09-25T13:20:00.000-04:00,21.0,2026-09-25T05:34:20+00:00,21.0,standard,2026-09-25T17:18:56+00:00,pre_game,,
prizepicks,15194517,cs2,CS2,310976,mo0n,magic,EYEBALLERS,G,EYEBALLERSmagic46290.4583333333,MAPS 1-2 Headshots,headshots,1,2,0,,0,2026-09-24T11:00:00.000-04:00,2026-09-25T13:20:00.000-04:00,12.5,2026-09-25T05:34:20+00:00,12.5,standard,2026-09-25T17:18:56+00:00,pre_game,,
prizepicks,15194518,cs2,CS2,296307,AW,magic,EYEBALLERS,G,EYEBALLERSmagic46290.4583333333,MAPS 1-2 Headshots,headshots,1,2,0,,0,2026-09-24T11:00:00.000-04:00,2026-09-25T13:20:00.000-04:00,17.5,2026-09-25T05:34:20+00:00,17.5,standard,2026-09-25T17:18:56+00:00,pre_game,,
prizepicks,15194519,cs2,CS2,296305,MaSvAl,magic,EYEBALLERS,G,EYEBALLERSmagic46290.4583333333,MAPS 1-2 Headshots,headshots,1,2,0,,0,2026-09-24T11:00:00.000-04:00,2026-09-25T13:20:00.000-04:00,18.0,2026-09-25T05:34:20+00:00,18.0,standard,2026-09-25T17:18:56+00:00,pre_game,,
prizepicks,15194520,cs2,CS2,296308,sFade8,magic,EYEBALLERS,G,EYEBALLERSmagic46290.4583333333,MAPS 1-2 Headshots,headshots,1,2,0,,0,2026-09-24T11:00:00.000-04:00,2026-09-25T13:20:00.000-04:00,16.0,2026-09-25T05:34:20+00:00,16.0,standard,2026-09-25T17:18:56+00:00,pre_game,,
prizepicks,15194521,cs2,CS2,193011,maxster,EYEBALLERS,magic,G,EYEBALLERSmagic46290.4583333333,MAPS 1-2 Headshots,headshots,1,2,0,,0,2026-09-24T11:00:00.000-04:00,2026-09-25T13:20:00.000-04:00,17.0,2026-09-25T05:34:20+00:00,16.0,standard,2026-09-25T17:18:56+00:00,pre_game,,
prizepicks,15194522,cs2,CS2,326233,KRIMZ,EYEBALLERS,magic,G,EYEBALLERSmagic46290.4583333333,MAPS 1-2 Headshots,headshots,1,2,0,,0,2026-09-24T11:00:00.000-04:00,2026-09-25T13:20:00.000-04:00,13.5,2026-09-25T05:34:20+00:00,13.5,standard,2026-09-25T17:18:56+00:00,pre_game,,
prizepicks,15194523,cs2,CS2,211173,dex,EYEBALLERS,magic,G,EYEBALLERSmagic46290.4583333333,MAPS 1-2 Headshots,headshots,1,2,0,,0,2026-09-24T11:00:00.000-04:00,2026-09-25T13:20:00.000-04:00,14.5,2026-09-25T05:34:20+00:00,14.5,standard,2026-09-25T17:18:56+00:00,pre_game,,
prizepicks,15194524,cs2,CS2,169325,JW,EYEBALLERS,magic,G,EYEBALLERSmagic46290.4583333333,MAPS 1-2 Headshots,headshots,1,2,0,,0,2026-09-24T11:00:00.000-04:00,2026-09-25T13:20:00.000-04:00,9.5,2026-09-25T05:34:20+00:00,9.5,standard,2026-09-25T17:18:56+00:00,pre_game,,
prizepicks,15194525,cs2,CS2,238926,Ro1f,EYEBALLERS,magic,G,EYEBALLERSmagic46290.4583333333,MAPS 1-2 Headshots,headshots,1,2,0,,0,2026-09-24T11:00:00.000-04:00,2026-09-25T13:20:00.000-04:00,14.0,2026-09-25T05:34:20+00:00,13.0,standard,2026-09-25T17:18:56+00:00,pre_game,,
prizepicks,15192221,cs2,CS2,168969,SHOCK,SINNERS,ex-RUBY,G,ex-RUBYSINNERS46290.4583333333,MAPS 1-2 Kills,kills,1,2,0,,0,2026-09-23T11:17:00.000-04:00,2026-09-25T11:55:00.000-04:00,27.5,2026-09-25T05:34:20+00:00,27.5,standard,2026-09-25T15:39:47+00:00,pre_game,,
prizepicks,15192222,cs2,CS2,297065,MoDo,SINNERS,ex-RUBY,G,ex-RUBYSINNERS46290.4583333333,MAPS 1-2 Kills,kills,1,2,0,,0,2026-09-23T11:17:00.000-04:00,2026-09-25T11:55:00.000-04:00,29.5,2026-09-25T05:34:20+00:00,29.5,standard,2026-09-25T15:39:47+00:00,pre_game,,
prizepicks,15192223,cs2,CS2,185439,kisserek,SINNERS,ex-RUBY,G,ex-RUBYSINNERS46290.4583333333,MAPS 1-2 Kills,kills,1,2,0,,0,2026-09-23T11:17:00.000-04:00,2026-09-25T11:55:00.000-04:00,30.5,2026-09-25T05:34:20+00:00,30.5,standard,2026-09-25T15:39:47+00:00,pre_game,,
prizepicks,15192224,cs2,CS2,168970,beastik,SINNERS,ex-RUBY,G,ex-RUBYSINNERS46290.4583333333,MAPS 1-2 Kills,kills,1,2,0,,0,2026-09-23T11:17:00.000-04:00,2026-09-25T11:55:00.000-04:00,26.5,2026-09-25T05:34:20+00:00,26.5,standard,2026-09-25T15:39:47+00:00,pre_game,,
prizepicks,15192225,cs2,CS2,248621,stressarN,SINNERS,ex-RUBY,G,ex-RUBYSINNERS46290.4583333333,MAPS 1-2 Kills,kills,1,2,0,,0,2026-09-23T11:17:00.000-04:00,2026-09-25T11:55:00.000-04:00,31.5,2026-09-25T05:34:20+00:00,31.5,standard,2026-09-25T15:39:47+00:00,pre_game,,
prizepicks,15192226,cs2,CS2,280578,sh1nejezzz,ex-RUBY,SINNERS,G,ex-RUBYSINNERS46290.4583333333,MAPS 1-2 Kills,kills,1,2,0,,0,2026-09-23T11:17:00.000-04:00,2026-09-25T11:55:00.000-04:00,28.0,2026-09-25T05:34:20+00:00,28.0,standard,2026-09-25T15:39:47+00:00,pre_game,,
prizepicks,15192227,cs2,CS2,347408,z1k4,ex-RUBY,SINNERS,G,ex-RUBYSINNERS46290.4583333333,MAPS 1-2 Kills,kills,1,2,0,,0,2026-09-23T11:17:00.000-04:00,2026-09-25T11:55:00.000-04:00,29.5,2026-09-25T05:34:20+00:00,29.5,standard,2026-09-25T15:39:47+00:00,pre_game,,
prizepicks,15192228,cs2,CS2,347409,H4SAN4TOR,ex-RUBY,SINNERS,G,ex-RUBYSINNERS46290.4583333333,MAPS 1-2 Kills,kills,1,2,0,,0,2026-09-23T11:17:00.000-04:00,2026-09-25T11:55:00.000-04:00,30.5,2026-09-25T05:34:20+00:00,30.5,standard,2026-09-25T15:39:47+00:00,pre_game,,
prizepicks,15192229,cs2,CS2,329642,1eeR,ex-RUBY,SINNERS,G,ex-RUBYSINNERS46290.4583333333,MAPS 1-2 Kills,kills,1,2,0,,0,2026-09-23T11:17:00.000-04:00,2026-09-25T11:55:00.000-04:00,24.0,2026-09-25T05:34:20+00:00,24.0,standard,2026-09-25T15:39:47+00:00,pre_game,,
prizepicks,15192230,cs2,CS2,337550,sowalio,ex-RUBY,SINNERS,G,ex-RUBYSINNERS46290.4583333333,MAPS 1-2 Kills,kills,1,2,0,,0,2026-09-23T11:17:00.000-04:00,2026-09-25T11:55:00.000-04:00,27.0,2026-09-25T05:34:20+00:00,27.0,standard,2026-09-25T15:39:47+00:00,pre_game,,
prizepicks,15192231,cs2,CS2,168969,SHOCK,SINNERS,ex-RUBY,G,ex-RUBYSINNERS46290.4583333333,MAPS 1-2 Headshots,headshots,1,2,0,,0,2026-09-23T11:17:00.000-04:00,2026-09-25T11:55:00.000-04:00,16.5,2026-09-25T05:34:20+00:00,16.5,standard,2026-09-25T15:39:47+00:00,pre_game,,
prizepicks,15192232,cs2,CS2,297065,MoDo,SINNERS,ex-RUBY,G,ex-RUBYSINNERS46290.4583333333,MAPS 1-2 Headshots,headshots,1,2,0,,0,2026-09-23T11:17:00.000-04:00,2026-09-25T11:55:00.000-04:00,10.5,2026-09-25T05:34:20+00:00,10.5,standard,2026-09-25T15:39:47+00:00,pre_game,,
prizepicks,15192233,cs2,CS2,185439,kisserek,SINNERS,ex-RUBY,G,ex-RUBYSINNERS46290.4583333333,MAPS 1-2 Headshots,headshots,1,2,0,,0,2026-09-23T11:17:00.000-04:00,2026-09-25T11:55:00.000-04:00,17.5,2026-09-25T05:34:20+00:00,17.5,standard,2026-09-25T15:39:47+00:00,pre_game,,
prizepicks,15192234,cs2,CS2,168970,beastik,SINNERS,ex-RUBY,G,ex-RUBYSINNERS46290.4583333333,MAPS 1-2 Headshots,headshots,1,2,0,,0,2026-09-23T11:17:00.000-04:00,2026-09-25T11:55:00.000-04:00,15.5,2026-09-25T05:34:20+00:00,15.5,standard,2026-09-25T15:39:47+00:00,pre_game,,
prizepicks,15192235,cs2,CS2,248621,stressarN,SINNERS,ex-RUBY,G,ex-RUBYSINNERS46290.4583333333,MAPS 1-2 Headshots,headshots,1,2,0,,0,2026-09-23T11:17:00.000-04:00,2026-09-25T11:55:00.000-04:00,16.5,2026-09-25T05:34:20+00:00,16.5,standard,2026-09-25T15:39:47+00:00,pre_game,,
prizepicks,15192236,cs2,CS2,280578,sh1nejezzz,ex-RUBY,SINNERS,G,ex-RUBYSINNERS46290.4583333333,MAPS 1-2 Headshots,headshots,1,2,0,,0,2026-09-23T11:17:00.000-04:00,2026-09-25T11:55:00.000-04:00,16.5,2026-09-25T05:34:20+00:00,16.5,standard,2026-09-25T15:39:47+00:00,pre_game,,
prizepicks,15192237,cs2,CS2,347408,z1k4,ex-RUBY,SINNERS,G,ex-RUBYSINNERS46290.4583333333,MAPS 1-2 Headshots,headshots,1,2,0,,0,2026-09-23T11:17:00.000-04:00,2026-09-25T11:55:00.000-04:00,9.0,2026-09-25T05:34:20+00:00,9.0,standard,2026-09-25T15:39:47+00:00,pre_game,,
prizepicks,15192238,cs2,CS2,347409,H4SAN4TOR,ex-RUBY,SINNERS,G,ex-RUBYSINNERS46290.4583333333,MAPS 1-2 Headshots,headshots,1,2,0,,0,2026-09-23T11:17:00.000-04:00,2026-09-25T11:55:00.000-04:00,16.0,2026-09-25T05:34:20+00:00,16.0,standard,2026-09-25T15:39:47+00:00,pre_game,,
prizepicks,15192239,cs2,CS2,329642,1eeR,ex-RUBY,SINNERS,G,ex-RUBYSINNERS46290.4583333333,MAPS 1-2 Headshots,headshots,1,2,0,,0,2026-09-23T11:17:00.000-04:00,2026-09-25T11:55:00.000-04:00,12.0,2026-09-25T05:34:20+00:00,12.0,standard,2026-09-25T15:39:47+00:00,pre_game,,
prizepicks,15192240,cs2,CS2,337550,sowalio,ex-RUBY,SINNERS,G,ex-RUBYSINNERS46290.4583333333,MAPS 1-2 Headshots,headshots,1,2,0,,0,2026-09-23T11:17:00.000-04:00,2026-09-25T11:55:00.000-04:00,15.5,2026-09-25T05:34:20+00:00,15.5,standard,2026-09-25T15:39:47+00:00,pre_game,,
prizepicks,15196226,cs2,CS2,326344,bnc,ALKA,BORRACHEIROS,G,CS2_match_B28VvuqmfAZZakkag10PJ7qV,MAPS 1-2 Kills,kills,1,2,0,,0,2026-09-01T12:00:00.000-04:00,2026-09-25T12:00:00.000-04:00,29.5,2026-09-25T05:34:20+00:00,29.5,standard,2026-09-25T15:39:47+00:00,pre_game,,
prizepicks,15196236,cs2,CS2,326344,bnc,ALKA,BORRACHEIROS,G,CS2_match_B28VvuqmfAZZakkag10PJ7qV,MAPS 1-2 Headshots,headshots,1,2,0,,0,2026-09-01T12:00:00.000-04:00,2026-09-25T12:00:00.000-04:00,15.0,2026-09-25T05:34:20+00:00,15.0,standard,2026-09-25T15:39:47+00:00,pre_game,,
prizepicks,15196227,cs2,CS2,339307,cerolzin,ALKA,BORRACHEIROS,G,CS2_match_B28VvuqmfAZZakkag10PJ7qV,MAPS 1-2 Kills,kills,1,2,0,,0,2026-09-01T12:00:00.000-04:00,2026-09-25T12:00:00.000-04:00,29.5,2026-09-25T05:34:20+00:00,29.5,standard,2026-09-25T15:39:47+00:00,pre_game,,
prizepicks,15196237,cs2,CS2,339307,cerolzin,ALKA,BORRACHEIROS,G,CS2_match_B28VvuqmfAZZakkag10PJ7qV,MAPS 1-2 Headshots,headshots,1,2,0,,0,2026-09-01T12:00:00.000-04:00,2026-09-25T12:00:00.000-04:00,14.5,2026-09-25T05:34:20+00:00,14.5,standard,2026-09-25T15:39:47+00:00,pre_game,,
prizepicks,15196228,cs2,CS2,326345,puni,ALKA,BORRACHEIROS,G,CS2_match_B28VvuqmfAZZakkag10PJ7qV,MAPS 1-2 Kills,kills,1,2,0,,0,2026-09-01T12:00:00.000-04:00,2026-09-25T12:00:00.000-04:00,25.0,2026-09-25T05:34:20+00:00,25.0,standard,2026-09-25T15:39:47+00:00,pre_game,,
prizepicks,15196238,cs2,CS2,326345,puni,ALKA,BORRACHEIROS,G,CS2_match_B28VvuqmfAZZakkag10PJ7qV,MAPS 1-2 Headshots,headshots,1,2,0,,0,2026-09-01T12:00:00.000-04:00,2026-09-25T12:00:00.000-04:00,14.5,2026-09-25T05:34:20+00:00,14.5,standard,2026-09-25T15:39:47+00:00,pre_game,,
prizepicks,15196229,cs2,CS2,328618,vinaabEAST,ALKA,BORRACHEIROS,G,CS2_match_B28VvuqmfAZZakkag10PJ7qV,MAPS 1-2 Kills,kills,1,2,0,,0,2026-09-01T12:00:00.000-04:00,2026-09-25T12:00:00.000-04:00,29.5,2026-09-25T05:34:20+00:00,29.5,standard,2026-09-25T15:39:47+00:00,pre_game,,
prizepicks,15196239,cs2,CS2,328618,vinaabEAST,ALKA,BORRACHEIROS,G,CS2_match_B28VvuqmfAZZakkag10PJ7qV,MAPS 1-2 Headshots,headshots,1,2,0,,0,2026-09-01T12:00:00.000-04:00,2026-09-25T12:00:00.000-04:00,16.5,2026-09-25T05:34:20+00:00,16.5,standard,2026-09-25T15:39:47+00:00,pre_game,,
prizepicks,15196231,cs2,CS2,347465,fl4sh,BORRACHEIROS,ALKA,G,CS2_match_B28VvuqmfAZZakkag10PJ7qV,MAPS 1-2 Kills,kills,1,2,0,,0,2026-09-01T12:00:00.000-04:00,2026-09-25T12:00:00.000-04:00,28.5,2026-09-25T05:34:20+00:00,28.5,standard,2026-09-25T15:39:47+00:00,pre_game,,
prizepicks,15196232,cs2,CS2,328619,zock9,BORRACHEIROS,ALKA,G,CS2_match_B28VvuqmfAZZakkag10PJ7qV,MAPS 1-2 Kills,kills,1,2,0,,0,2026-09-01T12:00:00.000-04:00,2026-09-25T12:00:00.000-04:00,28.5,2026-09-25T05:34:20+00:00,28.5,standard,2026-09-25T15:39:47+00:00,pre_game,,
prizepicks,15196242,cs2,CS2,328619,zock9,BORRACHEIROS,ALKA,G,CS2_match_B28VvuqmfAZZakkag10PJ7qV,MAPS 1-2 Headshots,headshots,1,2,0,,0,2026-09-01T12:00:00.000-04:00,2026-09-25T12:00:00.000-04:00,9.5,2026-09-25T05:34:20+00:00,9.0,standard,2026-09-25T15:39:47+00:00,pre_game,,
prizepicks,15196233,cs2,CS2,328615,neozix,BORRACHEIROS,ALKA,G,CS2_match_B28VvuqmfAZZakkag10PJ7qV,MAPS 1-2 Kills,kills,1,2,0,,0,2026-09-01T12:00:00.000-04:00,2026-09-25T12:00:00.000-04:00,26.5,2026-09-25T05:34:20+00:00,26.5,standard,2026-09-25T15:39:47+00:00,pre_game,,
prizepicks,15196243,cs2,CS2,328615,neozix,BORRACHEIROS,ALKA,G,CS2_match_B28VvuqmfAZZakkag10PJ7qV,MAPS 1-2 Headshots,headshots,1,2,0,,0,2026-09-01T12:00:00.000-04:00,2026-09-25T12:00:00.000-04:00,16.5,2026-09-25T05:34:20+00:00,16.5,standard,2026-09-25T15:39:47+00:00,pre_game,,
prizepicks,15196234,cs2,CS2,338198,trindade,BORRACHEIROS,ALKA,G,CS2_match_B28VvuqmfAZZakkag10PJ7qV,MAPS 1-2 Kills,kills,1,2,0,,0,2026-09-01T12:00:00.000-04:00,2026-09-25T12:00:00.000-04:00,28.5,2026-09-25T05:34:20+00:00,28.5,standard,2026-09-25T15:39:47+00:00,pre_game,,
prizepicks,15196244,cs2,CS2,338198,trindade,BORRACHEIROS,ALKA,G,CS2_match_B28VvuqmfAZZakkag10PJ7qV,MAPS 1-2 Headshots,headshots,1,2,0,,0,2026-09-01T12:00:00.000-04:00,2026-09-25T12:00:00.000-04:00,15.5,2026-09-25T05:34:20+00:00,15.5,standard,2026-09-25T15:39:47+00:00,pre_game,,
prizepicks,15196235,cs2,CS2,338197,Lacerda,BORRACHEIROS,ALKA,G,CS2_match_B28VvuqmfAZZakkag10PJ7qV,MAPS 1-2 Kills,kills,1,2,0,,0,2026-09-01T12:00:00.000-04:00,2026-09-25T12:00:00.000-04:00,27.5,2026-09-25T05:34:20+00:00,27.5,standard,2026-09-25T15:39:47+00:00,pre_game,,
prizepicks,15196245,cs2,CS2,338197,Lacerda,BORRACHEIROS,ALKA,G,CS2_match_B28VvuqmfAZZakkag10PJ7qV,MAPS 1-2 Headshots,headshots,1,2,0,,0,2026-09-01T12:00:00.000-04:00,2026-09-25T12:00:00.000-04:00,15.5,2026-09-25T05:34:20+00:00,15.5,standard,2026-09-25T15:39:47+00:00,pre_game,,
prizepicks,15201749,cs2,,330333,PKL,Galorys,Keyd Stars,G,Keyd StarsGalorys46290.5208333333,MAPS 1-2 Kills,kills,1,2,0,,0,2026-09-01T12:30:00.000-04:00,2026-09-25T12:30:00.000-04:00,25.5,2026-09-25T05:34:20+00:00,25.5,standard,2026-09-25T16:29:41+00:00,pre_game,,
prizepicks,15201750,cs2,,330334,detr0ittJ,Galorys,Keyd Stars,G,Keyd StarsGalorys46290.5208333333,MAPS 1-2 Kills,kills,1,2,0,,0,2026-09-01T12:30:00.000-04:00,2026-09-25T12:30:00.000-04:00,28.5,2026-09-25T05:34:20+00:00,28.5,standard,2026-09-25T16:29:41+00:00,pre_game,,
prizepicks,15201751,cs2,,261826,tomate,Galorys,Keyd Stars,G,Keyd StarsGalorys46290.5208333333,MAPS 1-2 Kills,kills,1,2,0,,0,2026-09-01T12:30:00.000-04:00,2026-09-25T12:30:00.000-04:00,31.5,2026-09-25T05:34:20+00:00,31.5,standard,2026-09-25T16:29:41+00:00,pre_game,,
prizepicks,15201752,cs2,,261828,gbb,Galorys,Keyd Stars,G,Keyd StarsGalorys46290.5208333333,MAPS 1-2 Kills,kills,1,2,0,,0,2026-09-01T12:30:00.000-04:00,2026-09-25T12:30:00.000-04:00,30.5,2026-09-25T05:34:20+00:00,31.0,standard,2026-09-25T16:29:41+00:00,pre_game,,
prizepicks,15201753,cs2,,261830,destiny,Galorys,Keyd Stars,G,Keyd StarsGalorys46290.5208333333,MAPS 1-2 Kills,kills,1,2,0,,0,2026-09-01T12:30:00.000-04:00,2026-09-25T12:30:00.000-04:00,30.5,2026-09-25T05:34:20+00:00,30.5,standard,2026-09-25T16:29:41+00:00,pre_game,,
prizepicks,15201754,cs2,,346624,drg,Keyd Stars,Galorys,G,Keyd StarsGalorys46290.5208333333,MAPS 1-2 Kills,kills,1,2,0,,0,2026-09-01T12:30:00.000-04:00,2026-09-25T12:30:00.000-04:00,27.5,2026-09-25T05:34:20+00:00,26.5,standard,2026-09-25T16:29:41+00:00,pre_game,,
prizepicks,15201755,cs2,,325216,ckzao,Keyd Stars,Galorys,G,Keyd StarsGalorys46290.5208333333,MAPS 1-2 Kills,kills,1,2,0,,0,2026-09-01T12:30:00.000-04:00,2026-09-25T12:30:00.000-04:00,29.5,2026-09-25T05:34:20+00:00,29.5,standard,2026-09-25T16:29:41+00:00,pre_game,,
prizepicks,15201756,cs2,,309913,zede,Keyd Stars,Galorys,G,Keyd StarsGalorys46290.5208333333,MAPS 1-2 Kills,kills,1,2,0,,0,2026-09-01T12:30:00.000-04:00,2026-09-25T12:30:00.000-04:00,28.5,2026-09-25T05:34:20+00:00,28.5,standard,2026-09-25T16:29:41+00:00,pre_game,,
prizepicks,15201757,cs2,,304496,xureba,Keyd Stars,Galorys,G,Keyd StarsGalorys46290.5208333333,MAPS 1-2 Kills,kills,1,2,0,,0,2026-09-01T12:30:00.000-04:00,2026-09-25T12:30:00.000-04:00,23.5,2026-09-25T05:34:20+00:00,23.5,standard,2026-09-25T16:29:41+00:00,pre_game,,
prizepicks,15201758,cs2,,292384,lash,Keyd Stars,Galorys,G,Keyd StarsGalorys46290.5208333333,MAPS 1-2 Kills,kills,1,2,0,,0,2026-09-01T12:30:00.000-04:00,2026-09-25T12:30:00.000-04:00,27.5,2026-09-25T05:34:20+00:00,27.5,standard,2026-09-25T16:29:41+00:00,pre_game,,
prizepicks,15201759,cs2,,330333,PKL,Galorys,Keyd Stars,G,Keyd StarsGalorys46290.5208333333,MAPS 1-2 Headshots,headshots,1,2,0,,0,2026-09-01T12:30:00.000-04:00,2026-09-25T12:30:00.000-04:00,15.0,2026-09-25T05:34:20+00:00,15.5,standard,2026-09-25T16:29:41+00:00,pre_game,,
prizepicks,15201761,cs2,,261826,tomate,Galorys,Keyd Stars,G,Keyd StarsGalorys46290.5208333333,MAPS 1-2 Headshots,headshots,1,2,0,,0,2026-09-01T12:30:00.000-04:00,2026-09-25T12:30:00.000-04:00,16.5,2026-09-25T05:34:20+00:00,16.5,standard,2026-09-25T16:29:41+00:00,pre_game,,
prizepicks,15201762,cs2,,261828,gbb,Galorys,Keyd Stars,G,Keyd StarsGalorys46290.5208333333,MAPS 1-2 Headshots,headshots,1,2,0,,0,2026-09-01T12:30:00.000-04:00,2026-09-25T12:30:00.000-04:00,15.5,2026-09-25T05:34:20+00:00,16.0,standard,2026-09-25T16:29:41+00:00,pre_game,,
prizepicks,15201763,cs2,,261830,destiny,Galorys,Keyd Stars,G,Keyd StarsGalorys46290.5208333333,MAPS 1-2 Headshots,headshots,1,2,0,,0,2026-09-01T12:30:00.000-04:00,2026-09-25T12:30:00.000-04:00,15.0,2026-09-25T05:34:20+00:00,15.0,standard,2026-09-25T16:29:41+00:00,pre_game,,
prizepicks,15201764,cs2,,346624,drg,Keyd Stars,Galorys,G,Keyd StarsGalorys46290.5208333333,MAPS 1-2 Headshots,headshots,1,2,0,,0,2026-09-01T12:30:00.000-04:00,2026-09-25T12:30:00.000-04:00,16.5,2026-09-25T05:34:20+00:00,16.5,standard,2026-09-25T16:29:41+00:00,pre_game,,
prizepicks,15201765,cs2,,325216,ckzao,Keyd Stars,Galorys,G,Keyd StarsGalorys46290.5208333333,MAPS 1-2 Headshots,headshots,1,2,0,,0,2026-09-01T12:30:00.000-04:00,2026-09-25T12:30:00.000-04:00,16.5,2026-09-25T05:34:20+00:00,16.5,standard,2026-09-25T16:29:41+00:00,pre_game,,
prizepicks,15201766,cs2,,309913,zede,Keyd Stars,Galorys,G,Keyd StarsGalorys46290.5208333333,MAPS 1-2 Headshots,headshots,1,2,0,,0,2026-09-01T12:30:00.000-04:00,2026-09-25T12:30:00.000-04:00,17.5,2026-09-25T05:34:20+00:00,17.5,standard,2026-09-25T16:29:41+00:00,pre_game,,
prizepicks,15201767,cs2,,304496,xureba,Keyd Stars,Galorys,G,Keyd StarsGalorys46290.5208333333,MAPS 1-2 Headshots,headshots,1,2,0,,0,2026-09-01T12:30:00.000-04:00,2026-09-25T12:30:00.000-04:00,11.5,2026-09-25T05:34:20+00:00,11.5,standard,2026-09-25T16:29:41+00:00,pre_game,,
prizepicks,15201768,cs2,,292384,lash,Keyd Stars,Galorys,G,Keyd StarsGalorys46290.5208333333,MAPS 1-2 Headshots,headshots,1,2,0,,0,2026-09-01T12:30:00.000-04:00,2026-09-25T12:30:00.000-04:00,10.5,2026-09-25T05:34:20+00:00,10.5,standard,2026-09-25T16:29:41+00:00,pre_game,,
prizepicks,15195194,cs2,CS2,304000,EliGE,Team Liquid,,G,CS2_match_Sf4j2Bp1azAU8V1sHYZF973j,MAPS 1-2 Kills,kills,1,2,0,,0,2026-09-23T13:00:00.000-04:00,2026-09-25T13:00:00.000-04:00,33.5,2026-09-25T05:34:20+00:00,32.5,standard,2026-09-25T16:59:00+00:00,pre_game,,
prizepicks,15195199,cs2,CS2,304000,EliGE,Team Liquid,,G,CS2_match_Sf4j2Bp1azAU8V1sHYZF973j,MAPS 1-2 Headshots,headshots,1,2,0,,0,2026-09-23T13:00:00.000-04:00,2026-09-25T13:00:00.000-04:00,18.5,2026-09-25T05:34:20+00:00,18.5,standard,2026-09-25T16:59:00+00:00,pre_game,,
prizepicks,15195195,cs2,CS2,329619,Jorko,Team Liquid,,G,CS2_match_Sf4j2Bp1azAU8V1sHYZF973j,MAPS 1-2 Kills,kills,1,2,0,,0,2026-09-23T13:00:00.000-04:00,2026-09-25T13:00:00.000-04:00,30.0,2026-09-25T05:34:20+00:00,29.5,standard,2026-09-25T16:59:00+00:00,pre_game,,
prizepicks,15195200,cs2,CS2,329619,Jorko,Team Liquid,,G,CS2_match_Sf4j2Bp1azAU8V1sHYZF973j,MAPS 1-2 Headshots,headshots,1,2,0,,0,2026-09-23T13:00:00.000-04:00,2026-09-25T13:00:00.000-04:00,10.5,2026-09-25T05:34:20+00:00,10.5,standard,2026-09-25T16:59:00+00:00,pre_game,,
prizepicks,15195196,cs2,CS2,309160,malbsMd,Team Liquid,,G,CS2_match_Sf4j2Bp1azAU8V1sHYZF973j,MAPS 1-2 Kills,kills,1,2,0,,0,2026-09-23T13:00:00.000-04:00,2026-09-25T13:00:00.000-04:00,29.0,2026-09-25T05:34:20+00:00,29.0,standard,2026-09-25T16:59:00+00:00,pre_game,,
prizepicks,15195201,cs2,CS2,309160,malbsMd,Team Liquid,,G,CS2_match_Sf4j2Bp1azAU8V1sHYZF973j,MAPS 1-2 Headshots,headshots,1,2,0,,0,2026-09-23T13:00:00.000-04:00,2026-09-25T13:00:00.000-04:00,19.5,2026-09-25T05:34:20+00:00,19.5,standard,2026-09-25T16:59:00+00:00,pre_game,,
prizepicks,15195197,cs2,CS2,213304,NAF-FLY,Team Liquid,,G,CS2_match_Sf4j2Bp1azAU8V1sHYZF973j,MAPS 1-2 Kills,kills,1,2,0,,0,2026-09-23T13:00:00.000-04:00,2026-09-25T13:00:00.000-04:00,28.5,2026-09-25T05:34:20+00:00,28.5,standard,2026-09-25T16:59:00+00:00,pre_game,,
prizepicks,15195202,cs2,CS2,213304,NAF-FLY,Team Liquid,,G,CS2_match_Sf4j2Bp1azAU8V1sHYZF973j,MAPS 1-2 Headshots,headshots,1,2,0,,0,2026-09-23T13:00:00.000-04:00,2026-09-25T13:00:00.000-04:00,12.5,2026-09-25T05:34:20+00:00,12.5,standard,2026-09-25T16:59:00+00:00,pre_game,,
prizepicks,15195198,cs2,CS2,329620,JT,Team Liquid,,G,CS2_match_Sf4j2Bp1azAU8V1sHYZF973j,MAPS 1-2 Kills,kills,1,2,0,,0,2026-09-23T13:00:00.000-04:00,2026-09-25T13:00:00.000-04:00,26.5,2026-09-25T05:34:20+00:00,26.5,standard,2026-09-25T16:59:00+00:00,pre_game,,
prizepicks,15195203,cs2,CS2,329620,JT,Team Liquid,,G,CS2_match_Sf4j2Bp1azAU8V1sHYZF973j,MAPS 1-2 Headshots,headshots,1,2,0,,0,2026-09-23T13:00:00.000-04:00,2026-09-25T13:00:00.000-04:00,14.5,2026-09-25T05:34:20+00:00,14.5,standard,2026-09-25T16:59:00+00:00,pre_game,,
prizepicks,15200440,cs2,CS2,265916,Sonic,NRG,Wildcard,G,WildcardNRG46290.5416666667,MAPS 1-2 Kills,kills,1,2,0,,0,2026-09-22T13:00:00.000-04:00,2026-09-25T13:00:00.000-04:00,31.0,2026-09-25T05:34:20+00:00,31.0,standard,2026-09-25T16:59:00+00:00,pre_game,,
prizepicks,15200441,cs2,CS2,330389,hallzerk,NRG,Wildcard,G,WildcardNRG46290.5416666667,MAPS 1-2 Kills,kills,1,2,0,,0,2026-09-22T13:00:00.000-04:00,2026-09-25T13:00:00.000-04:00,30.5,2026-09-25T05:34:20+00:00,30.5,standard,2026-09-25T16:59:00+00:00,pre_game,,
prizepicks,15200442,cs2,CS2,303720,Grim,NRG,Wildcard,G,WildcardNRG46290.5416666667,MAPS 1-2 Kills,kills,1,2,0,,0,2026-09-22T13:00:00.000-04:00,2026-09-25T13:00:00.000-04:00,31.5,2026-09-25T05:34:20+00:00,31.5,standard,2026-09-25T16:59:00+00:00,pre_game,,
prizepicks,15200443,cs2,CS2,220182,Jeorge,NRG,Wildcard,G,WildcardNRG46290.5416666667,MAPS 1-2 Kills,kills,1,2,0,,0,2026-09-22T13:00:00.000-04:00,2026-09-25T13:00:00.000-04:00,28.0,2026-09-25T05:34:20+00:00,28.0,standard,2026-09-25T16:59:00+00:00,pre_game,,
prizepicks,15200444,cs2,CS2,202695,nitr0,NRG,Wildcard,G,WildcardNRG46290.5416666667,MAPS 1-2 Kills,kills,1,2,0,,0,2026-09-22T13:00:00.000-04:00,2026-09-25T13:00:00.000-04:00,27.5,2026-09-25T05:34:20+00:00,27.5,standard,2026-09-25T16:59:00+00:00,pre_game,,
prizepicks,15200445,cs2,CS2,231000,fr3nd,Wildcard,NRG,G,WildcardNRG46290.5416666667,MAPS 1-2 Kills,kills,1,2,0,,0,2026-09-22T13:00:00.000-04:00,2026-09-25T13:00:00.000-04:00,29.0,2026-09-25T05:34:20+00:00,29.0,standard,2026-09-25T16:59:00+00:00,pre_game,,
prizepicks,15200446,cs2,CS2,315465,Cxzi,Wildcard,NRG,G,WildcardNRG46290.5416666667,MAPS 1-2 Kills,kills,1,2,0,,0,2026-09-22T13:00:00.000-04:00,2026-09-25T13:00:00.000-04:00,29.0,2026-09-25T05:34:20+00:00,28.5,standard,2026-09-25T16:59:00+00:00,pre_game,,
prizepicks,15200447,cs2,CS2,298113,HexT,Wildcard,NRG,G,WildcardNRG46290.5416666667,MAPS 1-2 Kills,kills,1,2,0,,0,2026-09-22T13:00:00.000-04:00,2026-09-25T13:00:00.000-04:00,28.5,2026-09-25T05:34:20+00:00,28.5,standard,2026-09-25T16:59:00+00:00,pre_game,,
prizepicks,15200448,cs2,CS2,309299,nEMANHA,Wildcard,NRG,G,WildcardNRG46290.5416666667,MAPS 1-2 Kills,kills,1,2,0,,0,2026-09-22T13:00:00.000-04:00,2026-09-25T13:00:00.000-04:00,27.0,2026-09-25T05:34:20+00:00,27.0,standard,2026-09-25T16:59:00+00:00,pre_game,,
prizepicks,15200449,cs2,CS2,290163,reck,Wildcard,NRG,G,WildcardNRG46290.5416666667,MAPS 1-2 Kills,kills,1,2,0,,0,2026-09-22T13:00:00.000-04:00,2026-09-25T13:00:00.000-04:00,25.0,2026-09-25T05:34:20+00:00,25.0,standard,2026-09-25T16:59:00+00:00,pre_game,,
prizepicks,15200450,cs2,CS2,265916,Sonic,NRG,Wildcard,G,WildcardNRG46290.5416666667,MAPS 1-2 Headshots,headshots,1,2,0,,0,2026-09-22T13:00:00.000-04:00,2026-09-25T13:00:00.000-04:00,18.5,2026-09-25T05:34:20+00:00,18.5,standard,2026-09-25T16:59:00+00:00,pre_game,,
prizepicks,15200451,cs2,CS2,330389,hallzerk,NRG,Wildcard,G,WildcardNRG46290.5416666667,MAPS 1-2 Headshots,headshots,1,2,0,,0,2026-09-22T13:00:00.000-04:00,2026-09-25T13:00:00.000-04:00,12.0,2026-09-25T05:34:20+00:00,12.0,standard,2026-09-25T16:59:00+00:00,pre_game,,
prizepicks,15200452,cs2,CS2,303720,Grim,NRG,Wildcard,G,WildcardNRG46290.5416666667,MAPS 1-2 Headshots,headshots,1,2,0,,0,2026-09-22T13:00:00.000-04:00,2026-09-25T13:00:00.000-04:00,18.0,2026-09-25T05:34:20+00:00,18.0,standard,2026-09-25T16:59:00+00:00,pre_game,,
prizepicks,15200453,cs2,CS2,220182,Jeorge,NRG,Wildcard,G,WildcardNRG46290.5416666667,MAPS 1-2 Headshots,headshots,1,2,0,,0,2026-09-22T13:00:00.000-04:00,2026-09-25T13:00:00.000-04:00,15.5,2026-09-25T05:34:20+00:00,15.5,standard,2026-09-25T16:59:00+00:00,pre_game,,
prizepicks,15200454,cs2,CS2,202695,nitr0,NRG,Wildcard,G,WildcardNRG46290.5416666667,MAPS 1-2 Headshots,headshots,1,2,0,,0,2026-09-22T13:00:00.000-04:00,2026-09-25T13:00:00.000-04:00,15.0,2026-09-25T05:34:20+00:00,15.0,standard,2026-09-25T16:59:00+00:00,pre_game,,
prizepicks,15200455,cs2,CS2,231000,fr3nd,Wildcard,NRG,G,WildcardNRG46290.5416666667,MAPS 1-2 Headshots,headshots,1,2,0,,0,2026-09-22T13:00:00.000-04:00,2026-09-25T13:00:00.000-04:00,11.0,2026-09-25T05:34:20+00:00,11.0,standard,2026-09-25T16:59:00+00:00,pre_game,,
prizepicks,15200456,cs2,CS2,315465,Cxzi,Wildcard,NRG,G,WildcardNRG46290.5416666667,MAPS 1-2 Headshots,headshots,1,2,0,,0,2026-09-22T13:00:00.000-04:00,2026-09-25T13:00:00.000-04:00,14.0,2026-09-25T05:34:20+00:00,14.0,standard,2026-09-25T16:59:00+00:00,pre_game,,
prizepicks,15200457,cs2,CS2,298113,HexT,Wildcard,NRG,G,WildcardNRG46290.5416666667,MAPS 1-2 Headshots,headshots,1,2,0,,0,2026-09-22T13:00:00.000-04:00,2026-09-25T13:00:00.000-04:00,14.5,2026-09-25T05:34:20+00:00,14.5,standard,2026-09-25T16:59:00+00:00,pre_game,,
prizepicks,15200458,cs2,CS2,309299,nEMANHA,Wildcard,NRG,G,WildcardNRG46290.5416666667,MAPS 1-2 Headshots,headshots,1,2,0,,0,2026-09-22T13:00:00.000-04:00,2026-09-25T13:00:00.000-04:00,14.5,2026-09-25T05:34:20+00:00,14.5,standard,2026-09-25T16:59:00+00:00,pre_game,,
prizepicks,15200459,cs2,CS2,290163,reck,Wildcard,NRG,G,WildcardNRG46290.5416666667,MAPS 1-2 Headshots,headshots,1,2,0,,0,2026-09-22T13:00:00.000-04:00,2026-09-25T13:00:00.000-04:00,13.0,2026-09-25T05:34:20+00:00,13.0,standard,2026-09-25T16:59:00+00:00,pre_game,,
prizepicks,15213092,cs2,,315211,CacaNito,JiJieHao,Sangal,G,SangalJiJieHao46290.5416666667,MAPS 1-2 Kills,kills,1,2,0,,0,2026-09-24T13:00:00.000-04:00,2026-09-25T13:05:00.000-04:00,32.5,2026-09-25T05:34:20+00:00,32.5,standard,2026-09-25T16:59:00+00:00,pre_game,,
prizepicks,15213093,cs2,,278062,sinnopsyy,JiJieHao,Sangal,G,SangalJiJieHao46290.5416666667,MAPS 1-2 Kills,kills,1,2,0,,0,2026-09-24T13:00:00.000-04:00,2026-09-25T13:05:00.000-04:00,28.5,2026-09-25T05:34:20+00:00,27.5,standard,2026-09-25T16:59:00+00:00,pre_game,,
prizepicks,15213095,cs2,,166505,m1N1,JiJieHao,Sangal,G,SangalJiJieHao46290.5416666667,MAPS 1-2 Kills,kills,1,2,0,,0,2026-09-24T13:00:00.000-04:00,2026-09-25T13:05:00.000-04:00,32.5,2026-09-25T05:34:20+00:00,32.5,standard,2026-09-25T16:59:00+00:00,pre_game,,
prizepicks,15213096,cs2,,202910,0SAMAS,JiJieHao,Sangal,G,SangalJiJieHao46290.5416666667,MAPS 1-2 Kills,kills,1,2,0,,0,2026-09-24T13:00:00.000-04:00,2026-09-25T13:05:00.000-04:00,27.5,2026-09-25T05:34:20+00:00,28.5,standard,2026-09-25T16:59:00+00:00,pre_game,,
prizepicks,15213097,cs2,,315211,CacaNito,JiJieHao,Sangal,G,SangalJiJieHao46290.5416666667,MAPS 1-2 Headshots,headshots,1,2,0,,0,2026-09-24T13:00:00.000-04:00,2026-09-25T13:05:00.000-04:00,17.5,2026-09-25T05:34:20+00:00,17.5,standard,2026-09-25T16:59:00+00:00,pre_game,,
prizepicks,15213098,cs2,,278062,sinnopsyy,JiJieHao,Sangal,G,SangalJiJieHao46290.5416666667,MAPS 1-2 Headshots,headshots,1,2,0,,0,2026-09-24T13:00:00.000-04:00,2026-09-25T13:05:00.000-04:00,16.5,2026-09-25T05:34:20+00:00,16.0,standard,2026-09-25T16:59:00+00:00,pre_game,,
prizepicks,15213100,cs2,,166505,m1N1,JiJieHao,Sangal,G,SangalJiJieHao46290.5416666667,MAPS 1-2 Headshots,headshots,1,2,0,,0,2026-09-24T13:00:00.000-04:00,2026-09-25T13:05:00.000-04:00,10.5,2026-09-25T05:34:20+00:00,10.5,standard,2026-09-25T16:59:00+00:00,pre_game,,
prizepicks,15213101,cs2,,202910,0SAMAS,JiJieHao,Sangal,G,SangalJiJieHao46290.5416666667,MAPS 1-2 Headshots,headshots,1,2,0,,0,2026-09-24T13:00:00.000-04:00,2026-09-25T13:05:00.000-04:00,15.5,2026-09-25T05:34:20+00:00,15.5,standard,2026-09-25T16:59:00+00:00,pre_game,,
prizepicks,15192251,cs2,CS2,330458,Anlelele,Sashi,9INE,G,9INESashi46290.5625,MAPS 1-2 Headshots,headshots,1,2,0,,0,2026-09-23T11:17:00.000-04:00,2026-09-25T14:15:00.000-04:00,12.5,2026-09-25T05:34:20+00:00,12.5,standard,2026-09-25T18:08:27+00:00,pre_game,,
prizepicks,15192252,cs2,CS2,194376,Cabbi,Sashi,9INE,G,9INESashi46290.5625,MAPS 1-2 Headshots,headshots,1,2,0,,0,2026-09-23T11:17:00.000-04:00,2026-09-25T14:15:00.000-04:00,15.5,2026-09-25T05:34:20+00:00,15.5,standard,2026-09-25T18:08:27+00:00,pre_game,,
prizepicks,15192253,cs2,CS2,292827,acoR,Sashi,9INE,G,9INESashi46290.5625,MAPS 1-2 Headshots,headshots,1,2,0,,0,2026-09-23T11:17:00.000-04:00,2026-09-25T14:15:00.000-04:00,11.5,2026-09-25T05:34:20+00:00,11.5,standard,2026-09-25T18:08:27+00:00,pre_game,,
prizepicks,15192254,cs2,CS2,194380,MistR,Sashi,9INE,G,9INESashi46290.5625,MAPS 1-2 Headshots,headshots,1,2,0,,0,2026-09-23T11:17:00.000-04:00,2026-09-25T14:15:00.000-04:00,15.5,2026-09-25T05:34:20+00:00,15.5,standard,2026-09-25T18:08:27+00:00,pre_game,,
prizepicks,15192255,cs2,CS2,167023,Zyphon,Sashi,9INE,G,9INESashi46290.5625,MAPS 1-2 Headshots,headshots,1,2,0,,0,2026-09-23T11:17:00.000-04:00,2026-09-25T14:15:00.000-04:00,17.5,2026-09-25T05:34:20+00:00,17.5,standard,2026-09-25T18:08:27+00:00,pre_game,,
prizepicks,15192256,cs2,CS2,199053,raalz,9INE,Sashi,G,9INESashi46290.5625,MAPS 1-2 Headshots,headshots,1,2,0,,0,2026-09-23T11:17:00.000-04:00,2026-09-25T14:15:00.000-04:00,17.0,2026-09-25T05:34:20+00:00,17.0,standard,2026-09-25T18:08:27+00:00,pre_game,,
prizepicks,15192257,cs2,CS2,224650,kraghen,9INE,Sashi,G,9INESashi46290.5625,MAPS 1-2 Headshots,headshots,1,2,0,,0,2026-09-23T11:17:00.000-04:00,2026-09-25T14:15:00.000-04:00,13.5,2026-09-25T05:34:20+00:00,14.0,standard,2026-09-25T18:08:27+00:00,pre_game,,
prizepicks,15192258,cs2,CS2,324956,rim3,9INE,Sashi,G,9INESashi46290.5625,MAPS 1-2 Headshots,headshots,1,2,0,,0,2026-09-23T11:17:00.000-04:00,2026-09-25T14:15:00.000-04:00,16.5,2026-09-25T05:34:20+00:00,16.5,standard,2026-09-25T18:08:27+00:00,pre_game,,
prizepicks,15192260,cs2,CS2,324957,b1elany,9INE,Sashi,G,9INESashi46290.5625,MAPS 1-2 Headshots,headshots,1,2,0,,0,2026-09-23T11:17:00.000-04:00,2026-09-25T14:15:00.000-04:00,17.0,2026-09-25T05:34:20+00:00,17.0,standard,2026-09-25T18:08:27+00:00,pre_game,,
prizepicks,15192241,cs2,CS2,330458,Anlelele,Sashi,9INE,G,9INESashi46290.5625,MAPS 1-2 Kills,kills,1,2,0,,0,2026-09-23T11:17:00.000-04:00,2026-09-25T14:15:00.000-04:00,27.0,2026-09-25T05:34:20+00:00,27.0,standard,2026-09-25T18:08:27+00:00,pre_game,,
prizepicks,15192242,cs2,CS2,194376,Cabbi,Sashi,9INE,G,9INESashi46290.5625,MAPS 1-2 Kills,kills,1,2,0,,0,2026-09-23T11:17:00.000-04:00,2026-09-25T14:15:00.000-04:00,28.0,2026-09-25T05:34:20+00:00,28.0,standard,2026-09-25T18:08:27+00:00,pre_game,,
prizepicks,15192243,cs2,CS2,292827,acoR,Sashi,9INE,G,9INESashi46290.5625,MAPS 1-2 Kills,kills,1,2,0,,0,2026-09-23T11:17:00.000-04:00,2026-09-25T14:15:00.000-04:00,31.5,2026-09-25T05:34:20+00:00,31.5,standard,2026-09-25T18:08:27+00:00,pre_game,,
prizepicks,15192244,cs2,CS2,194380,MistR,Sashi,9INE,G,9INESashi46290.5625,MAPS 1-2 Kills,kills,1,2,0,,0,2026-09-23T11:17:00.000-04:00,2026-09-25T14:15:00.000-04:00,27.5,2026-09-25T05:34:20+00:00,27.5,standard,2026-09-25T18:08:27+00:00,pre_game,,
prizepicks,15192245,cs2,CS2,167023,Zyphon,Sashi,9INE,G,9INESashi46290.5625,MAPS 1-2 Kills,kills,1,2,0,,0,2026-09-23T11:17:00.000-04:00,2026-09-25T14:15:00.000-04:00,30.0,2026-09-25T05:34:20+00:00,30.0,standard,2026-09-25T18:08:27+00:00,pre_game,,
prizepicks,15192246,cs2,CS2,199053,raalz,9INE,Sashi,G,9INESashi46290.5625,MAPS 1-2 Kills,kills,1,2,0,,0,2026-09-23T11:17:00.000-04:00,2026-09-25T14:15:00.000-04:00,27.0,2026-09-25T05:34:20+00:00,27.0,standard,2026-09-25T18:08:27+00:00,pre_game,,
prizepicks,15192247,cs2,CS2,224650,kraghen,9INE,Sashi,G,9INESashi46290.5625,MAPS 1-2 Kills,kills,1,2,0,,0,2026-09-23T11:17:00.000-04:00,2026-09-25T14:15:00.000-04:00,27.0,2026-09-25T05:34:20+00:00,27.0,standard,2026-09-25T18:08:27+00:00,pre_game,,
prizepicks,15192248,cs2,CS2,324956,rim3,9INE,Sashi,G,9INESashi46290.5625,MAPS 1-2 Kills,kills,1,2,0,,0,2026-09-23T11:17:00.000-04:00,2026-09-25T14:15:00.000-04:00,31.5,2026-09-25T05:34:20+00:00,31.5,standard,2026-09-25T18:08:27+00:00,pre_game,,
prizepicks,15192249,cs2,CS2,305130,flayy,9INE,Sashi,G,9INESashi46290.5625,MAPS 1-2 Kills,kills,1,2,0,,0,2026-09-23T11:17:00.000-04:00,2026-09-25T14:15:00.000-04:00,33.0,2026-09-25T05:34:20+00:00,33.5,standard,2026-09-25T18:08:27+00:00,pre_game,,
prizepicks,15192250,cs2,CS2,324957,b1elany,9INE,Sashi,G,9INESashi46290.5625,MAPS 1-2 Kills,kills,1,2,0,,0,2026-09-23T11:17:00.000-04:00,2026-09-25T14:15:00.000-04:00,29.5,2026-09-25T05:34:20+00:00,29.5,standard,2026-09-25T18:08:27+00:00,pre_game,,
prizepicks,15194526,cs2,CS2,329405,FL4MUS,GamerLegion,K27,G,K27GamerLegion46290.5833333333,MAPS 1-2 Kills,kills,1,2,0,,0,2026-09-23T14:00:00.000-04:00,2026-09-25T16:40:00.000-04:00,33.0,2026-09-25T05:34:20+00:00,33.0,standard,2026-09-25T20:34:07+00:00,pre_game,,
prizepicks,15194527,cs2,CS2,224977,REZ,GamerLegion,K27,G,K27GamerLegion46290.5833333333,MAPS 1-2 Kills,kills,1,2,0,,0,2026-09-23T14:00:00.000-04:00,2026-09-25T16:40:00.000-04:00,32.0,2026-09-25T05:34:20+00:00,32.0,standard,2026-09-25T20:34:07+00:00,pre_game,,
prizepicks,15194528,cs2,CS2,214510,Tauson,GamerLegion,K27,G,K27GamerLegion46290.5833333333,MAPS 1-2 Kills,kills,1,2,0,,0,2026-09-23T14:00:00.000-04:00,2026-09-25T16:40:00.000-04:00,28.0,2026-09-25T05:34:20+00:00,28.0,standard,2026-09-25T20:34:07+00:00,pre_game,,
prizepicks,15194529,cs2,CS2,265914,hypex,GamerLegion,K27,G,K27GamerLegion46290.5833333333,MAPS 1-2 Kills,kills,1,2,0,,0,2026-09-23T14:00:00.000-04:00,2026-09-25T16:40:00.000-04:00,28.0,2026-09-25T05:34:20+00:00,28.0,standard,2026-09-25T20:34:07+00:00,pre_game,,
prizepicks,15194530,cs2,CS2,290157,Snax,GamerLegion,K27,G,K27GamerLegion46290.5833333333,MAPS 1-2 Kills,kills,1,2,0,,0,2026-09-23T14:00:00.000-04:00,2026-09-25T16:40:00.000-04:00,25.0,2026-09-25T05:34:20+00:00,25.0,standard,2026-09-25T20:34:07+00:00,pre_game,,
prizepicks,15194531,cs2,CS2,213227,XeeDo,K27,GamerLegion,G,K27GamerLegion46290.5833333333,MAPS 1-2 Kills,kills,1,2,0,,0,2026-09-23T14:00:00.000-04:00,2026-09-25T16:40:00.000-04:00,30.5,2026-09-25T05:34:20+00:00,31.5,standard,2026-09-25T20:34:07+00:00,pre_game,,
prizepicks,15194532,cs2,CS2,329416,clax,K27,GamerLegion,G,K27GamerLegion46290.5833333333,MAPS 1-2 Kills,kills,1,2,0,,0,2026-09-23T14:00:00.000-04:00,2026-09-25T16:40:00.000-04:00,28.0,2026-09-25T05:34:20+00:00,28.5,standard,2026-09-25T20:34:07+00:00,pre_game,,
prizepicks,15194533,cs2,CS2,213226,kashl1d,K27,GamerLegion,G,K27GamerLegion46290.5833333333,MAPS 1-2 Kills,kills,1,2,0,,0,2026-09-23T14:00:00.000-04:00,2026-09-25T16:40:00.000-04:00,28.0,2026-09-25T05:34:20+00:00,28.0,standard,2026-09-25T20:34:07+00:00,pre_game,,
prizepicks,15194534,cs2,CS2,253321,X5G7V,K27,GamerLegion,G,K27GamerLegion46290.5833333333,MAPS 1-2 Kills,kills,1,2,0,,0,2026-09-23T14:00:00.000-04:00,2026-09-25T16:40:00.000-04:00,27.5,2026-09-25T05:34:20+00:00,27.5,standard,2026-09-25T20:34:07+00:00,pre_game,,
prizepicks,15194535,cs2,CS2,222383,qw1nk1,K27,GamerLegion,G,K27GamerLegion46290.5833333333,MAPS 1-2 Kills,kills,1,2,0,,0,2026-09-23T14:00:00.000-04:00,2026-09-25T16:40:00.000-04:00,27.0,2026-09-25T05:34:20+00:00,27.0,standard,2026-09-25T20:34:07+00:00,pre_game,,
prizepicks,15194538,cs2,CS2,329405,FL4MUS,GamerLegion,K27,G,K27GamerLegion46290.5833333333,MAPS 1-2 Headshots,headshots,1,2,0,,0,2026-09-23T14:00:00.000-04:00,2026-09-25T16:40:00.000-04:00,20.0,2026-09-25T05:34:20+00:00,20.0,standard,2026-09-25T20:34:07+00:00,pre_game,,
prizepicks,15194542,cs2,CS2,224977,REZ,GamerLegion,K27,G,K27GamerLegion46290.5833333333,MAPS 1-2 Headshots,headshots,1,2,0,,0,2026-09-23T14:00:00.000-04:00,2026-09-25T16:40:00.000-04:00,17.0,2026-09-25T05:34:20+00:00,17.0,standard,2026-09-25T20:34:07+00:00,pre_game,,
prizepicks,15194543,cs2,CS2,214510,Tauson,GamerLegion,K27,G,K27GamerLegion46290.5833333333,MAPS 1-2 Headshots,headshots,1,2,0,,0,2026-09-23T14:00:00.000-04:00,2026-09-25T16:40:00.000-04:00,15.5,2026-09-25T05:34:20+00:00,15.5,standard,2026-09-25T20:34:07+00:00,pre_game,,
prizepicks,15194545,cs2,CS2,265914,hypex,GamerLegion,K27,G,K27GamerLegion46290.5833333333,MAPS 1-2 Headshots,headshots,1,2,0,,0,2026-09-23T14:00:00.000-04:00,2026-09-25T16:40:00.000-04:00,10.0,2026-09-25T05:34:20+00:00,10.0,standard,2026-09-25T20:34:07+00:00,pre_game,,
prizepicks,15194546,cs2,CS2,290157,Snax,GamerLegion,K27,G,K27GamerLegion46290.5833333333,MAPS 1-2 Headshots,headshots,1,2,0,,0,2026-09-23T14:00:00.000-04:00,2026-09-25T16:40:00.000-04:00,11.5,2026-09-25T05:34:20+00:00,11.5,standard,2026-09-25T20:34:07+00:00,pre_game,,
prizepicks,15194547,cs2,CS2,213227,XeeDo,K27,GamerLegion,G,K27GamerLegion46290.5833333333,MAPS 1-2 Headshots,headshots,1,2,0,,0,2026-09-23T14:00:00.000-04:00,2026-09-25T16:40:00.000-04:00,16.5,2026-09-25T05:34:20+00:00,16.5,standard,2026-09-25T20:34:07+00:00,pre_game,,
prizepicks,15194548,cs2,CS2,329416,clax,K27,GamerLegion,G,K27GamerLegion46290.5833333333,MAPS 1-2 Headshots,headshots,1,2,0,,0,2026-09-23T14:00:00.000-04:00,2026-09-25T16:40:00.000-04:00,15.0,2026-09-25T05:34:20+00:00,15.5,standard,2026-09-25T20:34:07+00:00,pre_game,,
prizepicks,15194549,cs2,CS2,213226,kashl1d,K27,GamerLegion,G,K27GamerLegion46290.5833333333,MAPS 1-2 Headshots,headshots,1,2,0,,0,2026-09-23T14:00:00.000-04:00,2026-09-25T16:40:00.000-04:00,9.5,2026-09-25T05:34:20+00:00,9.5,standard,2026-09-25T20:34:07+00:00,pre_game,,
prizepicks,15194550,cs2,CS2,253321,X5G7V,K27,GamerLegion,G,K27GamerLegion46290.5833333333,MAPS 1-2 Headshots,headshots,1,2,0,,0,2026-09-23T14:00:00.000-04:00,2026-09-25T16:40:00.000-04:00,15.0,2026-09-25T05:34:20+00:00,15.0,standard,2026-09-25T20:34:07+00:00,pre_game,,
prizepicks,15194551,cs2,CS2,222383,qw1nk1,K27,GamerLegion,G,K27GamerLegion46290.5833333333,MAPS 1-2 Headshots,headshots,1,2,0,,0,2026-09-23T14:00:00.000-04:00,2026-09-25T16:40:00.000-04:00,17.0,2026-09-25T05:34:20+00:00,17.0,standard,2026-09-25T20:34:07+00:00,pre_game,,
prizepicks,15200460,cs2,CS2,168977,slaxz-,M80,BESTIA,G,BESTIAM8046290.6666666667,MAPS 1-2 Kills,kills,1,2,0,,0,2026-09-22T16:00:00.000-04:00,2026-09-25T16:00:00.000-04:00,32.0,2026-09-25T05:34:20+00:00,32.0,standard,2026-09-25T19:56:18+00:00,pre_game,,
prizepicks,15200461,cs2,CS2,166484,Lake,M80,BESTIA,G,BESTIAM8046290.6666666667,MAPS 1-2 Kills,kills,1,2,0,,0,2026-09-22T16:00:00.000-04:00,2026-09-25T16:00:00.000-04:00,32.0,2026-09-25T05:34:20+00:00,32.0,standard,2026-09-25T19:56:18+00:00,pre_game,,
prizepicks,15200462,cs2,CS2,290015,JBa,M80,BESTIA,G,BESTIAM8046290.6666666667,MAPS 1-2 Kills,kills,1,2,0,,0,2026-09-22T16:00:00.000-04:00,2026-09-25T16:00:00.000-04:00,29.5,2026-09-25T05:34:20+00:00,29.5,standard,2026-09-25T19:56:18+00:00,pre_game,,
prizepicks,15200463,cs2,CS2,192353,s1n,M80,BESTIA,G,BESTIAM8046290.6666666667,MAPS 1-2 Kills,kills,1,2,0,,0,2026-09-22T16:00:00.000-04:00,2026-09-25T16:00:00.000-04:00,27.0,2026-09-25T05:34:20+00:00,26.0,standard,2026-09-25T19:56:18+00:00,pre_game,,
prizepicks,15200464,cs2,CS2,168486,Swisher,M80,BESTIA,G,BESTIAM8046290.6666666667,MAPS 1-2 Kills,kills,1,2,0,,0,2026-09-22T16:00:00.000-04:00,2026-09-25T16:00:00.000-04:00,27.0,2026-09-25T05:34:20+00:00,27.0,standard,2026-09-25T19:56:18+00:00,pre_game,,
prizepicks,15200465,cs2,CS2,342948,kauez,BESTIA,M80,G,BESTIAM8046290.6666666667,MAPS 1-2 Kills,kills,1,2,0,,0,2026-09-22T16:00:00.000-04:00,2026-09-25T16:00:00.000-04:00,24.0,2026-09-25T05:34:20+00:00,24.0,standard,2026-09-25T19:56:18+00:00,pre_game,,
prizepicks,15200466,cs2,CS2,233323,timo,BESTIA,M80,G,BESTIAM8046290.6666666667,MAPS 1-2 Kills,kills,1,2,0,,0,2026-09-22T16:00:00.000-04:00,2026-09-25T16:00:00.000-04:00,25.0,2026-09-25T05:34:20+00:00,25.0,standard,2026-09-25T19:56:18+00:00,pre_game,,
prizepicks,15200467,cs2,CS2,342947,drop,BESTIA,M80,G,BESTIAM8046290.6666666667,MAPS 1-2 Kills,kills,1,2,0,,0,2026-09-22T16:00:00.000-04:00,2026-09-25T16:00:00.000-04:00,24.5,2026-09-25T05:34:20+00:00,24.5,standard,2026-09-25T19:56:18+00:00,pre_game,,
prizepicks,15200468,cs2,CS2,229736,cass1n,BESTIA,M80,G,BESTIAM8046290.6666666667,MAPS 1-2 Kills,kills,1,2,0,,0,2026-09-22T16:00:00.000-04:00,2026-09-25T16:00:00.000-04:00,25.5,2026-09-25T05:34:20+00:00,25.5,standard,2026-09-25T19:56:18+00:00,pre_game,,
prizepicks,15200469,cs2,CS2,279845,buda,BESTIA,M80,G,BESTIAM8046290.6666666667,MAPS 1-2 Kills,kills,1,2,0,,0,2026-09-22T16:00:00.000-04:00,2026-09-25T16:00:00.000-04:00,24.0,2026-09-25T05:34:20+00:00,24.0,standard,2026-09-25T19:56:18+00:00,pre_game,,
prizepicks,15200470,cs2,CS2,168977,slaxz-,M80,BESTIA,G,BESTIAM8046290.6666666667,MAPS 1-2 Headshots,headshots,1,2,0,,0,2026-09-22T16:00:00.000-04:00,2026-09-25T16:00:00.000-04:00,11.0,2026-09-25T05:34:20+00:00,11.0,standard,2026-09-25T19:56:18+00:00,pre_game,,
prizepicks,15200471,cs2,CS2,166484,Lake,M80,BESTIA,G,BESTIAM8046290.6666666667,MAPS 1-2 Headshots,headshots,1,2,0,,0,2026-09-22T16:00:00.000-04:00,2026-09-25T16:00:00.000-04:00,15.5,2026-09-25T05:34:20+00:00,15.5,standard,2026-09-25T19:56:18+00:00,pre_game,,
prizepicks,15200472,cs2,CS2,290015,JBa,M80,BESTIA,G,BESTIAM8046290.6666666667,MAPS 1-2 Headshots,headshots,1,2,0,,0,2026-09-22T16:00:00.000-04:00,2026-09-25T16:00:00.000-04:00,17.5,2026-09-25T05:34:20+00:00,17.5,standard,2026-09-25T19:56:18+00:00,pre_game,,
prizepicks,15200473,cs2,CS2,192353,s1n,M80,BESTIA,G,BESTIAM8046290.6666666667,MAPS 1-2 Headshots,headshots,1,2,0,,0,2026-09-22T16:00:00.000-04:00,2026-09-25T16:00:00.000-04:00,14.5,2026-09-25T05:34:20+00:00,14.5,standard,2026-09-25T19:56:18+00:00,pre_game,,
prizepicks,15200474,cs2,CS2,168486,Swisher,M80,BESTIA,G,BESTIAM8046290.6666666667,MAPS 1-2 Headshots,headshots,1,2,0,,0,2026-09-22T16:00:00.000-04:00,2026-09-25T16:00:00.000-04:00,13.5,2026-09-25T05:34:20+00:00,13.5,standard,2026-09-25T19:56:18+00:00,pre_game,,
prizepicks,15200475,cs2,CS2,342948,kauez,BESTIA,M80,G,BESTIAM8046290.6666666667,MAPS 1-2 Headshots,headshots,1,2,0,,0,2026-09-22T16:00:00.000-04:00,2026-09-25T16:00:00.000-04:00,15.0,2026-09-25T05:34:20+00:00,15.0,standard,2026-09-25T19:56:18+00:00,pre_game,,
prizepicks,15200476,cs2,CS2,233323,timo,BESTIA,M80,G,BESTIAM8046290.6666666667,MAPS 1-2 Headshots,headshots,1,2,0,,0,2026-09-22T16:00:00.000-04:00,2026-09-25T16:00:00.000-04:00,14.5,2026-09-25T05:34:20+00:00,14.5,standard,2026-09-25T19:56:18+00:00,pre_game,,
prizepicks,15200477,cs2,CS2,342947,drop,BESTIA,M80,G,BESTIAM8046290.6666666667,MAPS 1-2 Headshots,headshots,1,2,0,,0,2026-09-22T16:00:00.000-04:00,2026-09-25T16:00:00.000-04:00,16.0,2026-09-25T05:34:20+00:00,15.5,standard,2026-09-25T19:56:18+00:00,pre_game,,
prizepicks,15200478,cs2,CS2,229736,cass1n,BESTIA,M80,G,BESTIAM8046290.6666666667,MAPS 1-2 Headshots,headshots,1,2,0,,0,2026-09-22T16:00:00.000-04:00,2026-09-25T16:00:00.000-04:00,9.5,2026-09-25T05:34:20+00:00,9.5,standard,2026-09-25T19:56:18+00:00,pre_game,,
prizepicks,15200479,cs2,CS2,279845,buda,BESTIA,M80,G,BESTIAM8046290.6666666667,MAPS 1-2 Headshots,headshots,1,2,0,,0,2026-09-22T16:00:00.000-04:00,2026-09-25T16:00:00.000-04:00,12.0,2026-09-25T05:34:20+00:00,12.0,standard,2026-09-25T19:56:18+00:00,pre_game,,
prizepicks,15198653,cs2,CS2,347497,doc,DENDELE,Voca,G,CS2_match_c8Jc5k5LaNIJXbthN0kAFULj,MAPS 1-2 Kills,kills,1,2,0,,0,2026-09-23T16:00:00.000-04:00,2026-09-25T16:00:00.000-04:00,32.5,2026-09-25T05:34:20+00:00,32.5,standard,2026-09-25T19:42:12+00:00,pre_game,,
prizepicks,15198663,cs2,CS2,347497,doc,DENDELE,Voca,G,CS2_match_c8Jc5k5LaNIJXbthN0kAFULj,MAPS 1-2 Headshots,headshots,1,2,0,,0,2026-09-23T16:00:00.000-04:00,2026-09-25T16:00:00.000-04:00,19.0,2026-09-25T05:34:20+00:00,18.5,standard,2026-09-25T19:42:12+00:00,pre_game,,
prizepicks,15198654,cs2,CS2,347498,koala,DENDELE,Voca,G,CS2_match_c8Jc5k5LaNIJXbthN0kAFULj,MAPS 1-2 Kills,kills,1,2,0,,0,2026-09-23T16:00:00.000-04:00,2026-09-25T16:00:00.000-04:00,30.5,2026-09-25T05:34:20+00:00,30.5,standard,2026-09-25T19:42:12+00:00,pre_game,,
prizepicks,15198664,cs2,CS2,347498,koala,DENDELE,Voca,G,CS2_match_c8Jc5k5LaNIJXbthN0kAFULj,MAPS 1-2 Headshots,headshots,1,2,0,,0,2026-09-23T16:00:00.000-04:00,2026-09-25T16:00:00.000-04:00,14.5,2026-09-25T05:34:20+00:00,14.5,standard,2026-09-25T19:42:12+00:00,pre_game,,
prizepicks,15198655,cs2,CS2,347499,maxxkor,DENDELE,Voca,G,CS2_match_c8Jc5k5LaNIJXbthN0kAFULj,MAPS 1-2 Kills,kills,1,2,0,,0,2026-09-23T16:00:00.000-04:00,2026-09-25T16:00:00.000-04:00,29.0,2026-09-25T05:34:20+00:00,29.0,standard,2026-09-25T19:42:12+00:00,pre_game,,
prizepicks,15198665,cs2,CS2,347499,maxxkor,DENDELE,Voca,G,CS2_match_c8Jc5k5LaNIJXbthN0kAFULj,MAPS 1-2 Headshots,headshots,1,2,0,,0,2026-09-23T16:00:00.000-04:00,2026-09-25T16:00:00.000-04:00,10.5,2026-09-25T05:34:20+00:00,10.5,standard,2026-09-25T19:42:12+00:00,pre_game,,
prizepicks,15198656,cs2,CS2,347500,rdnzao,DENDELE,Voca,G,CS2_match_c8Jc5k5LaNIJXbthN0kAFULj,MAPS 1-2 Kills,kills,1,2,0,,0,2026-09-23T16:00:00.000-04:00,2026-09-25T16:00:00.000-04:00,29.0,2026-09-25T05:34:20+00:00,29.0,standard,2026-09-25T19:42:12+00:00,pre_game,,
prizepicks,15198666,cs2,CS2,347500,rdnzao,DENDELE,Voca,G,CS2_match_c8Jc5k5LaNIJXbthN0kAFULj,MAPS 1-2 Headshots,headshots,1,2,0,,0,2026-09-23T16:00:00.000-04:00,2026-09-25T16:00:00.000-04:00,16.5,2026-09-25T05:34:20+00:00,16.5,standard,2026-09-25T19:42:12+00:00,pre_game,,
prizepicks,15198657,cs2,CS2,347501,gafolo,DENDELE,Voca,G,CS2_match_c8Jc5k5LaNIJXbthN0kAFULj,MAPS 1-2 Kills,kills,1,2,0,,0,2026-09-23T16:00:00.000-04:00,2026-09-25T16:00:00.000-04:00,26.0,2026-09-25T05:34:20+00:00,26.0,standard,2026-09-25T19:42:12+00:00,pre_game,,
prizepicks,15198667,cs2,CS2,347501,gafolo,DENDELE,Voca,G,CS2_match_c8Jc5k5LaNIJXbthN0kAFULj,MAPS 1-2 Headshots,headshots,1,2,0,,0,2026-09-23T16:00:00.000-04:00,2026-09-25T16:00:00.000-04:00,13.0,2026-09-25T05:34:20+00:00,13.0,standard,2026-09-25T19:42:12+00:00,pre_game,,
prizepicks,15198658,cs2,CS2,340238,junior,Voca,DENDELE,G,CS2_match_c8Jc5k5LaNIJXbthN0kAFULj,MAPS 1-2 Kills,kills,1,2,0,,0,2026-09-22T16:00:00.000-04:00,2026-09-25T16:00:00.000-04:00,27.5,2026-09-25T05:34:20+00:00,27.5,standard,2026-09-25T19:42:12+00:00,pre_game,,
prizepicks,15198668,cs2,CS2,340238,junior,Voca,DENDELE,G,CS2_match_c8Jc5k5LaNIJXbthN0kAFULj,MAPS 1-2 Headshots,headshots,1,2,0,,0,2026-09-22T16:00:00.000-04:00,2026-09-25T16:00:00.000-04:00,9.5,2026-09-25T05:34:20+00:00,9.5,standard,2026-09-25T19:42:12+00:00,pre_game,,
prizepicks,15198659,cs2,CS2,340237,dare,Voca,DENDELE,G,CS2_match_c8Jc5k5LaNIJXbthN0kAFULj,MAPS 1-2 Kills,kills,1,2,0,,0,2026-09-22T16:00:00.000-04:00,2026-09-25T16:00:00.000-04:00,27.5,2026-09-25T05:34:20+00:00,26.5,standard,2026-09-25T19:42:12+00:00,pre_game,,
prizepicks,15198669,cs2,CS2,340237,dare,Voca,DENDELE,G,CS2_match_c8Jc5k5LaNIJXbthN0kAFULj,MAPS 1-2 Headshots,headshots,1,2,0,,0,2026-09-22T16:00:00.000-04:00,2026-09-25T16:00:00.000-04:00,13.0,2026-09-25T05:34:20+00:00,13.0,standard,2026-09-25T19:42:12+00:00,pre_game,,
prizepicks,15198660,cs2,CS2,340240,snav,Voca,DENDELE,G,CS2_match_c8Jc5k5LaNIJXbthN0kAFULj,MAPS 1-2 Kills,kills,1,2,0,,0,2026-09-22T16:00:00.000-04:00,2026-09-25T16:00:00.000-04:00,26.0,2026-09-25T05:34:20+00:00,26.0,standard,2026-09-25T19:42:12+00:00,pre_game,,
prizepicks,15198670,cs2,CS2,340240,snav,Voca,DENDELE,G,CS2_match_c8Jc5k5LaNIJXbthN0kAFULj,MAPS 1-2 Headshots,headshots,1,2,0,,0,2026-09-22T16:00:00.000-04:00,2026-09-25T16:00:00.000-04:00,13.0,2026-09-25T05:34:20+00:00,13.0,standard,2026-09-25T19:42:12+00:00,pre_game,,
prizepicks,15198661,cs2,CS2,340236,MarKE,Voca,DENDELE,G,CS2_match_c8Jc5k5LaNIJXbthN0kAFULj,MAPS 1-2 Kills,kills,1,2,0,,0,2026-09-22T16:00:00.000-04:00,2026-09-25T16:00:00.000-04:00,26.0,2026-09-25T05:34:20+00:00,26.0,standard,2026-09-25T19:42:12+00:00,pre_game,,
prizepicks,15198671,cs2,CS2,340236,MarKE,Voca,DENDELE,G,CS2_match_c8Jc5k5LaNIJXbthN0kAFULj,MAPS 1-2 Headshots,headshots,1,2,0,,0,2026-09-22T16:00:00.000-04:00,2026-09-25T16:00:00.000-04:00,15.5,2026-09-25T05:34:20+00:00,15.5,standard,2026-09-25T19:42:12+00:00,pre_game,,
prizepicks,15198662,cs2,CS2,340239,nosraC,Voca,DENDELE,G,CS2_match_c8Jc5k5LaNIJXbthN0kAFULj,MAPS 1-2 Kills,kills,1,2,0,,0,2026-09-22T16:00:00.000-04:00,2026-09-25T16:00:00.000-04:00,24.0,2026-09-25T05:34:20+00:00,24.0,standard,2026-09-25T19:42:12+00:00,pre_game,,
prizepicks,15198672,cs2,CS2,340239,nosraC,Voca,DENDELE,G,CS2_match_c8Jc5k5LaNIJXbthN0kAFULj,MAPS 1-2 Headshots,headshots,1,2,0,,0,2026-09-22T16:00:00.000-04:00,2026-09-25T16:00:00.000-04:00,12.5,2026-09-25T05:34:20+00:00,12.5,standard,2026-09-25T19:42:12+00:00,pre_game,,
prizepicks,14889441,val,VAL,201765,Dambi,Nongshim RedForce,NRG,G,NRGNongshim RedForce46290.2083333333,MAPS 1-2 First Bloods,first_bloods,1,2,0,,0,2026-09-01T05:00:00.000-04:00,2026-09-25T05:00:00.000-04:00,6.5,2026-09-25T05:35:23+00:00,6.5,standard,2026-09-25T05:35:23+00:00,pre_game,,
prizepicks,14893785,val,VAL,295459,Dambi + Francis + Xross,Nongshim RedForce,NRG,G,NRGNongshim RedForce46290.2083333333,MAPS 1-2 Kills (Combo),kills,1,2,1,"[""Dambi"", ""Francis"", ""Xross""]",0,2026-09-01T05:00:00.000-04:00,2026-09-25T05:00:00.000-04:00,95.5,2026-09-25T05:35:23+00:00,95.5,standard,2026-09-25T05:35:23+00:00,pre_game,,
prizepicks,14889442,val,VAL,59898,mada,NRG,Nongshim RedForce,G,NRGNongshim RedForce46290.2083333333,MAPS 1-2 First Bloods,first_bloods,1,2,0,,0,2026-09-01T05:00:00.000-04:00,2026-09-25T05:00:00.000-04:00,7.0,2026-09-25T05:35:23+00:00,7.0,standard,2026-09-25T05:35:23+00:00,pre_game,,
prizepicks,14893786,val,VAL,294175,mada + Keiko + skuba,NRG,Nongshim RedForce,G,NRGNongshim RedForce46290.2083333333,MAPS 1-2 Kills (Combo),kills,1,2,1,"[""mada"", ""Keiko"", ""skuba""]",0,2026-09-01T05:00:00.000-04:00,2026-09-25T05:00:00.000-04:00,94.5,2026-09-25T05:35:23+00:00,94.5,standard,2026-09-25T05:35:23+00:00,pre_game,,
prizepicks,14893641,val,VAL,51095,Rb,Nongshim RedForce,NRG,G,NRGNongshim RedForce46290.2083333333,MAPS 1-2 Kills,kills,1,2,0,,0,2026-09-01T05:00:00.000-04:00,2026-09-25T05:00:00.000-04:00,25.5,2026-09-25T05:35:23+00:00,25.5,standard,2026-09-25T05:35:23+00:00,pre_game,,
prizepicks,14893642,val,VAL,201765,Dambi,Nongshim RedForce,NRG,G,NRGNongshim RedForce46290.2083333333,MAPS 1-2 Kills,kills,1,2,0,,0,2026-09-01T05:00:00.000-04:00,2026-09-25T05:00:00.000-04:00,32.5,2026-09-25T05:35:23+00:00,32.5,standard,2026-09-25T05:35:23+00:00,pre_game,,
prizepicks,14893643,val,VAL,201766,Francis,Nongshim RedForce,NRG,G,NRGNongshim RedForce46290.2083333333,MAPS 1-2 Kills,kills,1,2,0,,0,2026-09-01T05:00:00.000-04:00,2026-09-25T05:00:00.000-04:00,32.5,2026-09-25T05:35:23+00:00,32.5,standard,2026-09-25T05:35:23+00:00,pre_game,,
prizepicks,14893644,val,VAL,277916,Ivy,Nongshim RedForce,NRG,G,NRGNongshim RedForce46290.2083333333,MAPS 1-2 Kills,kills,1,2,0,,0,2026-09-01T05:00:00.000-04:00,2026-09-25T05:00:00.000-04:00,27.5,2026-09-25T05:35:23+00:00,27.5,standard,2026-09-25T05:35:23+00:00,pre_game,,
prizepicks,14893645,val,VAL,202796,Xross,Nongshim RedForce,NRG,G,NRGNongshim RedForce46290.2083333333,MAPS 1-2 Kills,kills,1,2,0,,0,2026-09-01T05:00:00.000-04:00,2026-09-25T05:00:00.000-04:00,27.0,2026-09-25T05:35:23+00:00,27.0,standard,2026-09-25T05:35:23+00:00,pre_game,,
prizepicks,14893646,val,VAL,64445,brawk,NRG,Nongshim RedForce,G,NRGNongshim RedForce46290.2083333333,MAPS 1-2 Kills,kills,1,2,0,,0,2026-09-01T05:00:00.000-04:00,2026-09-25T05:00:00.000-04:00,29.5,2026-09-25T05:35:23+00:00,29.5,standard,2026-09-25T05:35:23+00:00,pre_game,,
prizepicks,14893647,val,VAL,59898,mada,NRG,Nongshim RedForce,G,NRGNongshim RedForce46290.2083333333,MAPS 1-2 Kills,kills,1,2,0,,0,2026-09-01T05:00:00.000-04:00,2026-09-25T05:00:00.000-04:00,33.0,2026-09-25T05:35:23+00:00,33.0,standard,2026-09-25T05:35:23+00:00,pre_game,,
prizepicks,14893648,val,VAL,41498,skuba,NRG,Nongshim RedForce,G,NRGNongshim RedForce46290.2083333333,MAPS 1-2 Kills,kills,1,2,0,,0,2026-09-01T05:00:00.000-04:00,2026-09-25T05:00:00.000-04:00,28.5,2026-09-25T05:35:23+00:00,28.5,standard,2026-09-25T05:35:23+00:00,pre_game,,
prizepicks,14893649,val,VAL,37388,Ethan,NRG,Nongshim RedForce,G,NRGNongshim RedForce46290.2083333333,MAPS 1-2 Kills,kills,1,2,0,,0,2026-09-01T05:00:00.000-04:00,2026-09-25T05:00:00.000-04:00,26.5,2026-09-25T05:35:23+00:00,26.5,standard,2026-09-25T05:35:23+00:00,pre_game,,
prizepicks,14893650,val,VAL,144083,Keiko,NRG,Nongshim RedForce,G,NRGNongshim RedForce46290.2083333333,MAPS 1-2 Kills,kills,1,2,0,,0,2026-09-01T05:00:00.000-04:00,2026-09-25T05:00:00.000-04:00,33.0,2026-09-25T05:35:23+00:00,33.0,standard,2026-09-25T05:35:23+00:00,pre_game,,
prizepicks,14889443,val,VAL,219728,LewN,Karmine Corp,XLG Esports,G,XLG EsportsKarmine Corp46290.3333333333,MAPS 1-2 First Bloods,first_bloods,1,2,0,,0,2026-09-01T08:00:00.000-04:00,2026-09-25T08:00:00.000-04:00,6.5,2026-09-25T05:35:23+00:00,6.5,standard,2026-09-25T05:35:23+00:00,pre_game,,
prizepicks,14893787,val,VAL,339373,Avez + N4RRATE + LewN,Karmine Corp,XLG Esports,G,XLG EsportsKarmine Corp46290.3333333333,MAPS 1-2 Kills (Combo),kills,1,2,1,"[""Avez"", ""N4RRATE"", ""LewN""]",0,2026-09-01T08:00:00.000-04:00,2026-09-25T08:00:00.000-04:00,95.0,2026-09-25T05:35:23+00:00,95.0,standard,2026-09-25T05:35:23+00:00,pre_game,,
prizepicks,14893788,val,VAL,297279,NoMan + Lysoar,XLG Esports,Karmine Corp,G,XLG EsportsKarmine Corp46290.3333333333,MAPS 1-2 Kills (Combo),kills,1,2,1,"[""NoMan"", ""Lysoar""]",0,2026-09-01T08:00:00.000-04:00,2026-09-25T08:00:00.000-04:00,54.0,2026-09-25T05:35:23+00:00,54.0,standard,2026-09-25T05:35:23+00:00,pre_game,,
prizepicks,14893651,val,VAL,45461,SUYGETSU,Karmine Corp,XLG Esports,G,XLG EsportsKarmine Corp46290.3333333333,MAPS 1-2 Kills,kills,1,2,0,,0,2026-09-01T08:00:00.000-04:00,2026-09-25T08:00:00.000-04:00,28.0,2026-09-25T05:35:23+00:00,28.0,standard,2026-09-25T05:35:23+00:00,pre_game,,
prizepicks,14893652,val,VAL,184264,avez,Karmine Corp,XLG Esports,G,XLG EsportsKarmine Corp46290.3333333333,MAPS 1-2 Kills,kills,1,2,0,,0,2026-09-01T08:00:00.000-04:00,2026-09-25T08:00:00.000-04:00,27.5,2026-09-25T05:35:23+00:00,27.5,standard,2026-09-25T05:35:23+00:00,pre_game,,
prizepicks,14893653,val,VAL,223798,dos9,Karmine Corp,XLG Esports,G,XLG EsportsKarmine Corp46290.3333333333,MAPS 1-2 Kills,kills,1,2,0,,0,2026-09-01T08:00:00.000-04:00,2026-09-25T08:00:00.000-04:00,28.5,2026-09-25T05:35:23+00:00,28.5,standard,2026-09-25T05:35:23+00:00,pre_game,,
prizepicks,14893654,val,VAL,219728,LewN,Karmine Corp,XLG Esports,G,XLG EsportsKarmine Corp46290.3333333333,MAPS 1-2 Kills,kills,1,2,0,,0,2026-09-01T08:00:00.000-04:00,2026-09-25T08:00:00.000-04:00,33.5,2026-09-25T05:35:23+00:00,33.5,standard,2026-09-25T05:35:23+00:00,pre_game,,
prizepicks,14893655,val,VAL,311189,N4RRATE,Karmine Corp,XLG Esports,G,XLG EsportsKarmine Corp46290.3333333333,MAPS 1-2 Kills,kills,1,2,0,,0,2026-09-01T08:00:00.000-04:00,2026-09-25T08:00:00.000-04:00,34.0,2026-09-25T05:35:23+00:00,34.0,standard,2026-09-25T05:35:23+00:00,pre_game,,
prizepicks,14893656,val,VAL,297281,NoMan,XLG Esports,Karmine Corp,G,XLG EsportsKarmine Corp46290.3333333333,MAPS 1-2 Kills,kills,1,2,0,,0,2026-09-01T08:00:00.000-04:00,2026-09-25T08:00:00.000-04:00,26.5,2026-09-25T05:35:23+00:00,26.5,standard,2026-09-25T05:35:23+00:00,pre_game,,
prizepicks,14893657,val,VAL,213224,Rarga,XLG Esports,Karmine Corp,G,XLG EsportsKarmine Corp46290.3333333333,MAPS 1-2 Kills,kills,1,2,0,,0,2026-09-01T08:00:00.000-04:00,2026-09-25T08:00:00.000-04:00,30.0,2026-09-25T05:35:23+00:00,30.0,standard,2026-09-25T05:35:23+00:00,pre_game,,
prizepicks,14893658,val,VAL,297282,WsLeo,XLG Esports,Karmine Corp,G,XLG EsportsKarmine Corp46290.3333333333,MAPS 1-2 Kills,kills,1,2,0,,0,2026-09-01T08:00:00.000-04:00,2026-09-25T08:00:00.000-04:00,24.5,2026-09-25T05:35:23+00:00,24.5,standard,2026-09-25T05:35:23+00:00,pre_game,,
prizepicks,14893659,val,VAL,297280,Lysoar,XLG Esports,Karmine Corp,G,XLG EsportsKarmine Corp46290.3333333333,MAPS 1-2 Kills,kills,1,2,0,,0,2026-09-01T08:00:00.000-04:00,2026-09-25T08:00:00.000-04:00,27.5,2026-09-25T05:35:23+00:00,27.5,standard,2026-09-25T05:35:23+00:00,pre_game,,
prizepicks,14893660,val,VAL,299216,happywei,XLG Esports,Karmine Corp,G,XLG EsportsKarmine Corp46290.3333333333,MAPS 1-2 Kills,kills,1,2,0,,0,2026-09-01T08:00:00.000-04:00,2026-09-25T08:00:00.000-04:00,28.5,2026-09-25T05:35:23+00:00,28.5,standard,2026-09-25T05:35:23+00:00,pre_game,,
prizepicks,14889444,val,VAL,225025,Derke,Team Vitality,Global Esports,G,Team VitalityGlobal Esports46291.2083333333,MAPS 1-2 First Bloods,first_bloods,1,2,0,,0,2026-09-01T05:00:00.000-04:00,2026-09-26T05:00:00.000-04:00,7.5,2026-09-25T05:35:23+00:00,7.5,standard,2026-09-26T07:55:09+00:00,pre_game,,
prizepicks,14893789,val,VAL,297015,UdoTan + xavi8k + PatMen,Global Esports,Team Vitality,G,Team VitalityGlobal Esports46291.2083333333,MAPS 1-2 Kills (Combo),kills,1,2,1,"[""UdoTan"", ""xavi8k"", ""PatMen""]",0,2026-09-01T05:00:00.000-04:00,2026-09-26T05:00:00.000-04:00,90.5,2026-09-25T05:35:23+00:00,90.5,standard,2026-09-26T07:55:09+00:00,pre_game,,
prizepicks,14893790,val,VAL,295296,Chronicle + Derke + Jamppi,Team Vitality,Global Esports,G,Team VitalityGlobal Esports46291.2083333333,MAPS 1-2 Kills (Combo),kills,1,2,1,"[""Chronicle"", ""Derke"", ""Jamppi""]",0,2026-09-01T05:00:00.000-04:00,2026-09-26T05:00:00.000-04:00,94.5,2026-09-25T05:35:23+00:00,94.5,standard,2026-09-26T07:55:09+00:00,pre_game,,
prizepicks,14893661,val,VAL,178972,Autumn,Global Esports,Team Vitality,G,Team VitalityGlobal Esports46291.2083333333,MAPS 1-2 Kills,kills,1,2,0,,0,2026-09-01T05:00:00.000-04:00,2026-09-26T05:00:00.000-04:00,29.5,2026-09-25T05:35:23+00:00,29.5,standard,2026-09-26T07:55:09+00:00,pre_game,,
prizepicks,14893662,val,VAL,213220,UdoTan,Global Esports,Team Vitality,G,Team VitalityGlobal Esports46291.2083333333,MAPS 1-2 Kills,kills,1,2,0,,0,2026-09-01T05:00:00.000-04:00,2026-09-26T05:00:00.000-04:00,31.5,2026-09-25T05:35:23+00:00,31.5,standard,2026-09-26T07:55:09+00:00,pre_game,,
prizepicks,14893663,val,VAL,222352,Kr1stal,Global Esports,Team Vitality,G,Team VitalityGlobal Esports46291.2083333333,MAPS 1-2 Kills,kills,1,2,0,,0,2026-09-01T05:00:00.000-04:00,2026-09-26T05:00:00.000-04:00,26.5,2026-09-25T05:35:23+00:00,26.5,standard,2026-09-26T07:55:09+00:00,pre_game,,
prizepicks,14893664,val,VAL,272968,xavi8k,Global Esports,Team Vitality,G,Team VitalityGlobal Esports46291.2083333333,MAPS 1-2 Kills,kills,1,2,0,,0,2026-09-01T05:00:00.000-04:00,2026-09-26T05:00:00.000-04:00,28.5,2026-09-25T05:35:23+00:00,28.5,standard,2026-09-26T07:55:09+00:00,pre_game,,
prizepicks,14893665,val,VAL,295492,PatMen,Global Esports,Team Vitality,G,Team VitalityGlobal Esports46291.2083333333,MAPS 1-2 Kills,kills,1,2,0,,0,2026-09-01T05:00:00.000-04:00,2026-09-26T05:00:00.000-04:00,31.0,2026-09-25T05:35:23+00:00,31.0,standard,2026-09-26T07:55:09+00:00,pre_game,,
prizepicks,14893666,val,VAL,51073,Chronicle,Team Vitality,Global Esports,G,Team VitalityGlobal Esports46291.2083333333,MAPS 1-2 Kills,kills,1,2,0,,0,2026-09-01T05:00:00.000-04:00,2026-09-26T05:00:00.000-04:00,31.0,2026-09-25T05:35:23+00:00,31.0,standard,2026-09-26T07:55:09+00:00,pre_game,,
prizepicks,14893667,val,VAL,225025,Derke,Team Vitality,Global Esports,G,Team VitalityGlobal Esports46291.2083333333,MAPS 1-2 Kills,kills,1,2,0,,0,2026-09-01T05:00:00.000-04:00,2026-09-26T05:00:00.000-04:00,33.5,2026-09-25T05:35:23+00:00,34.0,standard,2026-09-26T07:55:09+00:00,pre_game,,
prizepicks,14893668,val,VAL,219730,PROFEK,Team Vitality,Global Esports,G,Team VitalityGlobal Esports46291.2083333333,MAPS 1-2 Kills,kills,1,2,0,,0,2026-09-01T05:00:00.000-04:00,2026-09-26T05:00:00.000-04:00,26.5,2026-09-25T05:35:23+00:00,26.5,standard,2026-09-26T07:55:09+00:00,pre_game,,
prizepicks,14893669,val,VAL,219729,Jamppi,Team Vitality,Global Esports,G,Team VitalityGlobal Esports46291.2083333333,MAPS 1-2 Kills,kills,1,2,0,,0,2026-09-01T05:00:00.000-04:00,2026-09-26T05:00:00.000-04:00,29.5,2026-09-25T05:35:23+00:00,29.5,standard,2026-09-26T07:55:09+00:00,pre_game,,
prizepicks,14893670,val,VAL,224119,Sayonara,Team Vitality,Global Esports,G,Team VitalityGlobal Esports46291.2083333333,MAPS 1-2 Kills,kills,1,2,0,,0,2026-09-01T05:00:00.000-04:00,2026-09-26T05:00:00.000-04:00,31.5,2026-09-25T05:35:23+00:00,31.5,standard,2026-09-26T07:55:09+00:00,pre_game,,
prizepicks,14889445,val,VAL,212783,lukxo,LOUD,EDward Gaming,G,EDward GamingLOUD46291.3333333333,MAPS 1-2 First Bloods,first_bloods,1,2,0,,0,2026-09-01T08:00:00.000-04:00,2026-09-26T08:00:00.000-04:00,7.5,2026-09-25T05:35:23+00:00,7.5,standard,2026-09-26T10:30:17+00:00,pre_game,,
prizepicks,14893792,val,VAL,196582,ZmjjKK + nobody,EDward Gaming,LOUD,G,EDward GamingLOUD46291.3333333333,MAPS 1-2 Kills (Combo),kills,1,2,1,"[""ZmjjKK"", ""nobody""]",0,2026-09-01T08:00:00.000-04:00,2026-09-26T08:00:00.000-04:00,59.5,2026-09-25T05:35:23+00:00,59.5,standard,2026-09-26T10:30:17+00:00,pre_game,,
prizepicks,14893672,val,VAL,144191,Darker,LOUD,EDward Gaming,G,EDward GamingLOUD46291.3333333333,MAPS 1-2 Kills,kills,1,2,0,,0,2026-09-01T08:00:00.000-04:00,2026-09-26T08:00:00.000-04:00,31.5,2026-09-25T05:35:23+00:00,30.5,standard,2026-09-26T10:30:17+00:00,pre_game,,
prizepicks,14893673,val,VAL,212783,lukxo,LOUD,EDward Gaming,G,EDward GamingLOUD46291.3333333333,MAPS 1-2 Kills,kills,1,2,0,,0,2026-09-01T08:00:00.000-04:00,2026-09-26T08:00:00.000-04:00,35.5,2026-09-25T05:35:23+00:00,35.5,standard,2026-09-26T10:30:17+00:00,pre_game,,
prizepicks,14893674,val,VAL,316399,erde,LOUD,EDward Gaming,G,EDward GamingLOUD46291.3333333333,MAPS 1-2 Kills,kills,1,2,0,,0,2026-09-01T08:00:00.000-04:00,2026-09-26T08:00:00.000-04:00,29.0,2026-09-25T05:35:23+00:00,28.5,standard,2026-09-26T10:30:17+00:00,pre_game,,
prizepicks,14893675,val,VAL,328686,tkzin,LOUD,EDward Gaming,G,EDward GamingLOUD46291.3333333333,MAPS 1-2 Kills,kills,1,2,0,,0,2026-09-01T08:00:00.000-04:00,2026-09-26T08:00:00.000-04:00,32.5,2026-09-25T05:35:23+00:00,32.5,standard,2026-09-26T10:30:17+00:00,pre_game,,
prizepicks,14893676,val,VAL,142445,nobody,EDward Gaming,LOUD,G,EDward GamingLOUD46291.3333333333,MAPS 1-2 Kills,kills,1,2,0,,0,2026-09-01T08:00:00.000-04:00,2026-09-26T08:00:00.000-04:00,25.5,2026-09-25T05:35:23+00:00,25.5,standard,2026-09-26T10:30:17+00:00,pre_game,,
prizepicks,14893677,val,VAL,142441,ZmjjKK,EDward Gaming,LOUD,G,EDward GamingLOUD46291.3333333333,MAPS 1-2 Kills,kills,1,2,0,,0,2026-09-01T08:00:00.000-04:00,2026-09-26T08:00:00.000-04:00,34.5,2026-09-25T05:35:23+00:00,34.5,standard,2026-09-26T10:30:17+00:00,pre_game,,
prizepicks,14893678,val,VAL,142444,Smoggy,EDward Gaming,LOUD,G,EDward GamingLOUD46291.3333333333,MAPS 1-2 Kills,kills,1,2,0,,0,2026-09-01T08:00:00.000-04:00,2026-09-26T08:00:00.000-04:00,28.0,2026-09-25T05:35:23+00:00,28.0,standard,2026-09-26T10:30:17+00:00,pre_game,,
prizepicks,14893679,val,VAL,142443,CHICHOO,EDward Gaming,LOUD,G,EDward GamingLOUD46291.3333333333,MAPS 1-2 Kills,kills,1,2,0,,0,2026-09-01T08:00:00.000-04:00,2026-09-26T08:00:00.000-04:00,28.5,2026-09-25T05:35:23+00:00,28.5,standard,2026-09-26T10:30:17+00:00,pre_game,,
prizepicks,14893680,val,VAL,234946,Jieni7,EDward Gaming,LOUD,G,EDward GamingLOUD46291.3333333333,MAPS 1-2 Kills,kills,1,2,0,,0,2026-09-01T08:00:00.000-04:00,2026-09-26T08:00:00.000-04:00,25.5,2026-09-25T05:35:23+00:00,25.5,standard,2026-09-26T10:30:17+00:00,pre_game,,
prizepicks,14889446,val,VAL,284830,Timotino,100 Thieves,T1,G,T1100 Thieves46292.2083333333,MAPS 1-2 First Bloods,first_bloods,1,2,0,,0,2026-09-01T05:00:00.000-04:00,2026-09-27T05:00:00.000-04:00,8.5,2026-09-25T05:35:23+00:00,8.5,standard,2026-09-26T12:30:08+00:00,pre_game,,
prizepicks,14893793,val,VAL,292398,Asuna + bang + Cryocells,100 Thieves,T1,G,T1100 Thieves46292.2083333333,MAPS 1-2 Kills (Combo),kills,1,2,1,"[""Asuna"", ""bang"", ""Cryocells""]",0,2026-09-01T05:00:00.000-04:00,2026-09-27T05:00:00.000-04:00,90.5,2026-09-25T05:35:23+00:00,91.5,standard,2026-09-26T12:30:08+00:00,pre_game,,
prizepicks,14893794,val,VAL,229346,BuZz + Meteor,T1,100 Thieves,G,T1100 Thieves46292.2083333333,MAPS 1-2 Kills (Combo),kills,1,2,1,"[""BuZz"", ""Meteor""]",0,2026-09-01T05:00:00.000-04:00,2026-09-27T05:00:00.000-04:00,62.5,2026-09-25T05:35:23+00:00,62.0,standard,2026-09-26T12:30:08+00:00,pre_game,,
prizepicks,14893681,val,VAL,37387,Asuna,100 Thieves,T1,G,T1100 Thieves46292.2083333333,MAPS 1-2 Kills,kills,1,2,0,,0,2026-09-01T05:00:00.000-04:00,2026-09-27T05:00:00.000-04:00,31.0,2026-09-25T05:35:23+00:00,31.0,standard,2026-09-26T12:30:08+00:00,pre_game,,
prizepicks,14893682,val,VAL,284828,bang,100 Thieves,T1,G,T1100 Thieves46292.2083333333,MAPS 1-2 Kills,kills,1,2,0,,0,2026-09-01T05:00:00.000-04:00,2026-09-27T05:00:00.000-04:00,28.5,2026-09-25T05:35:23+00:00,28.5,standard,2026-09-26T12:30:08+00:00,pre_game,,
prizepicks,14893683,val,VAL,59880,Cryocells,100 Thieves,T1,G,T1100 Thieves46292.2083333333,MAPS 1-2 Kills,kills,1,2,0,,0,2026-09-01T05:00:00.000-04:00,2026-09-27T05:00:00.000-04:00,31.5,2026-09-25T05:35:23+00:00,31.5,standard,2026-09-26T12:30:08+00:00,pre_game,,
prizepicks,14893684,val,VAL,284829,vora,100 Thieves,T1,G,T1100 Thieves46292.2083333333,MAPS 1-2 Kills,kills,1,2,0,,0,2026-09-01T05:00:00.000-04:00,2026-09-27T05:00:00.000-04:00,28.0,2026-09-25T05:35:23+00:00,28.0,standard,2026-09-26T12:30:08+00:00,pre_game,,
prizepicks,14893685,val,VAL,284830,Timotino,100 Thieves,T1,G,T1100 Thieves46292.2083333333,MAPS 1-2 Kills,kills,1,2,0,,0,2026-09-01T05:00:00.000-04:00,2026-09-27T05:00:00.000-04:00,32.0,2026-09-25T05:35:23+00:00,32.0,standard,2026-09-26T12:30:08+00:00,pre_game,,
prizepicks,14893686,val,VAL,51094,stax,T1,100 Thieves,G,T1100 Thieves46292.2083333333,MAPS 1-2 Kills,kills,1,2,0,,0,2026-09-01T05:00:00.000-04:00,2026-09-27T05:00:00.000-04:00,24.5,2026-09-25T05:35:23+00:00,24.5,standard,2026-09-26T12:30:08+00:00,pre_game,,
prizepicks,14893687,val,VAL,51097,BuZz,T1,100 Thieves,G,T1100 Thieves46292.2083333333,MAPS 1-2 Kills,kills,1,2,0,,0,2026-09-01T05:00:00.000-04:00,2026-09-27T05:00:00.000-04:00,32.0,2026-09-25T05:35:23+00:00,32.0,standard,2026-09-26T12:30:08+00:00,pre_game,,
prizepicks,14893688,val,VAL,39474,Munchkin,T1,100 Thieves,G,T1100 Thieves46292.2083333333,MAPS 1-2 Kills,kills,1,2,0,,0,2026-09-01T05:00:00.000-04:00,2026-09-27T05:00:00.000-04:00,25.5,2026-09-25T05:35:23+00:00,25.5,standard,2026-09-26T12:30:08+00:00,pre_game,,
prizepicks,14893689,val,VAL,68476,Meteor,T1,100 Thieves,G,T1100 Thieves46292.2083333333,MAPS 1-2 Kills,kills,1,2,0,,0,2026-09-01T05:00:00.000-04:00,2026-09-27T05:00:00.000-04:00,32.0,2026-09-25T05:35:23+00:00,31.5,standard,2026-09-26T12:30:08+00:00,pre_game,,
prizepicks,14893690,val,VAL,180210,iZu,T1,100 Thieves,G,T1100 Thieves46292.2083333333,MAPS 1-2 Kills,kills,1,2,0,,0,2026-09-01T05:00:00.000-04:00,2026-09-27T05:00:00.000-04:00,27.5,2026-09-25T05:35:23+00:00,27.5,standard,2026-09-26T12:30:08+00:00,pre_game,,
prizepicks,14889447,val,VAL,313047,s0pp,FUT Esports,JD Gaming,G,FUT EsportsJD Gaming46292.3333333333,MAPS 1-2 First Bloods,first_bloods,1,2,0,,0,2026-09-01T08:00:00.000-04:00,2026-09-27T08:00:00.000-04:00,7.5,2026-09-25T05:35:23+00:00,8.5,standard,2026-09-26T12:30:08+00:00,pre_game,,
prizepicks,14893795,val,VAL,315003,yetujey + xeus + sociablEE,FUT Esports,JD Gaming,G,FUT EsportsJD Gaming46292.3333333333,MAPS 1-2 Kills (Combo),kills,1,2,1,"[""yetujey"", ""xeus"", ""sociablEE""]",0,2026-09-01T08:00:00.000-04:00,2026-09-27T08:00:00.000-04:00,88.0,2026-09-25T05:35:23+00:00,88.0,standard,2026-09-26T12:30:08+00:00,pre_game,,
prizepicks,14893796,val,VAL,344466,jkuro + crownfisher,JD Gaming,FUT Esports,G,FUT EsportsJD Gaming46292.3333333333,MAPS 1-2 Kills (Combo),kills,1,2,1,"[""jkuro"", ""crownfisher""]",0,2026-09-01T08:00:00.000-04:00,2026-09-27T08:00:00.000-04:00,54.0,2026-09-25T05:35:23+00:00,54.0,standard,2026-09-26T12:30:08+00:00,pre_game,,
prizepicks,14893691,val,VAL,177727,jkuro,JD Gaming,FUT Esports,G,FUT EsportsJD Gaming46292.3333333333,MAPS 1-2 Kills,kills,1,2,0,,0,2026-09-01T08:00:00.000-04:00,2026-09-27T08:00:00.000-04:00,28.5,2026-09-25T05:35:23+00:00,28.5,standard,2026-09-26T12:30:08+00:00,pre_game,,
prizepicks,14893692,val,VAL,327682,BerLIN,JD Gaming,FUT Esports,G,FUT EsportsJD Gaming46292.3333333333,MAPS 1-2 Kills,kills,1,2,0,,0,2026-09-01T08:00:00.000-04:00,2026-09-27T08:00:00.000-04:00,24.0,2026-09-25T05:35:23+00:00,24.0,standard,2026-09-26T12:30:08+00:00,pre_game,,
prizepicks,14893693,val,VAL,193360,Yuicaw,JD Gaming,FUT Esports,G,FUT EsportsJD Gaming46292.3333333333,MAPS 1-2 Kills,kills,1,2,0,,0,2026-09-01T08:00:00.000-04:00,2026-09-27T08:00:00.000-04:00,27.5,2026-09-25T05:35:23+00:00,27.5,standard,2026-09-26T12:30:08+00:00,pre_game,,
prizepicks,14893694,val,VAL,279184,zhe,JD Gaming,FUT Esports,G,FUT EsportsJD Gaming46292.3333333333,MAPS 1-2 Kills,kills,1,2,0,,0,2026-09-01T08:00:00.000-04:00,2026-09-27T08:00:00.000-04:00,31.5,2026-09-25T05:35:23+00:00,31.5,standard,2026-09-26T12:30:08+00:00,pre_game,,
prizepicks,14893695,val,VAL,327681,crownfisher,JD Gaming,FUT Esports,G,FUT EsportsJD Gaming46292.3333333333,MAPS 1-2 Kills,kills,1,2,0,,0,2026-09-01T08:00:00.000-04:00,2026-09-27T08:00:00.000-04:00,26.5,2026-09-25T05:35:23+00:00,26.0,standard,2026-09-26T12:30:08+00:00,pre_game,,
prizepicks,14893696,val,VAL,313046,sociablEE,FUT Esports,JD Gaming,G,FUT EsportsJD Gaming46292.3333333333,MAPS 1-2 Kills,kills,1,2,0,,0,2026-09-01T08:00:00.000-04:00,2026-09-27T08:00:00.000-04:00,27.5,2026-09-25T05:35:23+00:00,27.5,standard,2026-09-26T12:30:08+00:00,pre_game,,
prizepicks,14893697,val,VAL,188227,yetujey,FUT Esports,JD Gaming,G,FUT EsportsJD Gaming46292.3333333333,MAPS 1-2 Kills,kills,1,2,0,,0,2026-09-01T08:00:00.000-04:00,2026-09-27T08:00:00.000-04:00,29.5,2026-09-25T05:35:23+00:00,29.5,standard,2026-09-26T12:30:08+00:00,pre_game,,
prizepicks,14893698,val,VAL,219955,xeus,FUT Esports,JD Gaming,G,FUT EsportsJD Gaming46292.3333333333,MAPS 1-2 Kills,kills,1,2,0,,0,2026-09-01T08:00:00.000-04:00,2026-09-27T08:00:00.000-04:00,31.0,2026-09-25T05:35:23+00:00,31.0,standard,2026-09-26T12:30:08+00:00,pre_game,,
prizepicks,14893699,val,VAL,226151,KROSTALY,FUT Esports,JD Gaming,G,FUT EsportsJD Gaming46292.3333333333,MAPS 1-2 Kills,kills,1,2,0,,0,2026-09-01T08:00:00.000-04:00,2026-09-27T08:00:00.000-04:00,26.5,2026-09-25T05:35:23+00:00,26.5,standard,2026-09-26T12:30:08+00:00,pre_game,,
prizepicks,14893700,val,VAL,313047,s0pp,FUT Esports,JD Gaming,G,FUT EsportsJD Gaming46292.3333333333,MAPS 1-2 Kills,kills,1,2,0,,0,2026-09-01T08:00:00.000-04:00,2026-09-27T08:00:00.000-04:00,33.5,2026-09-25T05:35:23+00:00,33.5,standard,2026-09-26T12:30:08+00:00,pre_game,,
prizepicks,15193939,val,VAL,242181,f0rsakeN + Jinggg + d4v41,Paper Rex,G2 Esports,G,Paper RexG2 Esports46294.2083333333,MAPS 1-2 Kills (Combo),kills,1,2,1,"[""f0rsakeN"", ""Jinggg"", ""d4v41""]",0,2026-09-23T11:50:00.000-04:00,2026-09-29T05:00:00.000-04:00,91.0,2026-09-25T05:35:23+00:00,91.0,standard,2026-09-26T12:30:08+00:00,pre_game,,
prizepicks,15193940,val,VAL,245936,jawgemo + trent,G2 Esports,Paper Rex,G,Paper RexG2 Esports46294.2083333333,MAPS 1-2 Kills (Combo),kills,1,2,1,"[""jawgemo"", ""trent""]",0,2026-09-23T11:50:00.000-04:00,2026-09-29T05:00:00.000-04:00,61.0,2026-09-25T05:35:23+00:00,61.0,standard,2026-09-26T12:30:08+00:00,pre_game,,
prizepicks,15193848,val,VAL,247873,babybay,G2 Esports,Paper Rex,G,Paper RexG2 Esports46294.2083333333,MAPS 1-2 Kills,kills,1,2,0,,0,2026-09-23T11:50:00.000-04:00,2026-09-29T05:00:00.000-04:00,29.5,2026-09-25T05:35:23+00:00,29.5,standard,2026-09-26T12:30:08+00:00,pre_game,,
prizepicks,15193851,val,VAL,59882,valyn,G2 Esports,Paper Rex,G,Paper RexG2 Esports46294.2083333333,MAPS 1-2 Kills,kills,1,2,0,,0,2026-09-23T11:50:00.000-04:00,2026-09-29T05:00:00.000-04:00,29.5,2026-09-25T05:35:23+00:00,29.5,standard,2026-09-26T12:30:08+00:00,pre_game,,
prizepicks,15193853,val,VAL,219720,jawgemo,G2 Esports,Paper Rex,G,Paper RexG2 Esports46294.2083333333,MAPS 1-2 Kills,kills,1,2,0,,0,2026-09-23T11:50:00.000-04:00,2026-09-29T05:00:00.000-04:00,30.5,2026-09-25T05:35:23+00:00,30.5,standard,2026-09-26T12:30:08+00:00,pre_game,,
prizepicks,15193854,val,VAL,37884,leaf,G2 Esports,Paper Rex,G,Paper RexG2 Esports46294.2083333333,MAPS 1-2 Kills,kills,1,2,0,,0,2026-09-23T11:50:00.000-04:00,2026-09-29T05:00:00.000-04:00,31.5,2026-09-25T05:35:23+00:00,31.5,standard,2026-09-26T12:30:08+00:00,pre_game,,
prizepicks,15193855,val,VAL,59885,trent,G2 Esports,Paper Rex,G,Paper RexG2 Esports46294.2083333333,MAPS 1-2 Kills,kills,1,2,0,,0,2026-09-23T11:50:00.000-04:00,2026-09-29T05:00:00.000-04:00,29.5,2026-09-25T05:35:23+00:00,29.5,standard,2026-09-26T12:30:08+00:00,pre_game,,
prizepicks,15193856,val,VAL,63216,Jinggg,Paper Rex,G2 Esports,G,Paper RexG2 Esports46294.2083333333,MAPS 1-2 Kills,kills,1,2,0,,0,2026-09-23T11:50:00.000-04:00,2026-09-29T05:00:00.000-04:00,32.0,2026-09-25T05:35:23+00:00,32.0,standard,2026-09-26T12:30:08+00:00,pre_game,,
prizepicks,15193857,val,VAL,287015,invy,Paper Rex,G2 Esports,G,Paper RexG2 Esports46294.2083333333,MAPS 1-2 Kills,kills,1,2,0,,0,2026-09-23T11:50:00.000-04:00,2026-09-29T05:00:00.000-04:00,28.5,2026-09-25T05:35:23+00:00,28.5,standard,2026-09-26T12:30:08+00:00,pre_game,,
prizepicks,15193858,val,VAL,51111,f0rsakeN,Paper Rex,G2 Esports,G,Paper RexG2 Esports46294.2083333333,MAPS 1-2 Kills,kills,1,2,0,,0,2026-09-23T11:50:00.000-04:00,2026-09-29T05:00:00.000-04:00,29.5,2026-09-25T05:35:23+00:00,29.5,standard,2026-09-26T12:30:08+00:00,pre_game,,
prizepicks,15193859,val,VAL,51110,d4v41,Paper Rex,G2 Esports,G,Paper RexG2 Esports46294.2083333333,MAPS 1-2 Kills,kills,1,2,0,,0,2026-09-23T11:50:00.000-04:00,2026-09-29T05:00:00.000-04:00,29.5,2026-09-25T05:35:23+00:00,29.5,standard,2026-09-26T12:30:08+00:00,pre_game,,
prizepicks,15193860,val,VAL,141204,something,Paper Rex,G2 Esports,G,Paper RexG2 Esports46294.2083333333,MAPS 1-2 Kills,kills,1,2,0,,0,2026-09-23T11:50:00.000-04:00,2026-09-29T05:00:00.000-04:00,32.5,2026-09-25T05:35:23+00:00,32.5,standard,2026-09-26T12:30:08+00:00,pre_game,,
prizepicks,15193941,val,VAL,330309,nAts + trexx + kamo,Team Liquid,TYLOO,G,Team LiquidTYLOO46296.2083333333,MAPS 1-2 Kills (Combo),kills,1,2,1,"[""nAts"", ""trexx"", ""kamo""]",0,2026-09-23T11:50:00.000-04:00,2026-10-01T05:00:00.000-04:00,93.0,2026-09-25T05:35:23+00:00,93.0,standard,2026-09-26T12:30:08+00:00,pre_game,,
prizepicks,15193861,val,VAL,327683,SiuFatBB,TYLOO,Team Liquid,G,Team LiquidTYLOO46296.2083333333,MAPS 1-2 Kills,kills,1,2,0,,0,2026-09-23T11:50:00.000-04:00,2026-10-01T05:00:00.000-04:00,23.5,2026-09-25T05:35:23+00:00,23.5,standard,2026-09-26T12:30:08+00:00,pre_game,,
prizepicks,15193862,val,VAL,258840,splash,TYLOO,Team Liquid,G,Team LiquidTYLOO46296.2083333333,MAPS 1-2 Kills,kills,1,2,0,,0,2026-09-23T11:50:00.000-04:00,2026-10-01T05:00:00.000-04:00,32.5,2026-09-25T05:35:23+00:00,32.5,standard,2026-09-26T12:30:08+00:00,pre_game,,
prizepicks,15193863,val,VAL,199807,Scales,TYLOO,Team Liquid,G,Team LiquidTYLOO46296.2083333333,MAPS 1-2 Kills,kills,1,2,0,,0,2026-09-23T11:50:00.000-04:00,2026-10-01T05:00:00.000-04:00,26.0,2026-09-25T05:35:23+00:00,26.0,standard,2026-09-26T12:30:08+00:00,pre_game,,
prizepicks,15193864,val,VAL,188801,slowly,TYLOO,Team Liquid,G,Team LiquidTYLOO46296.2083333333,MAPS 1-2 Kills,kills,1,2,0,,0,2026-09-23T11:50:00.000-04:00,2026-10-01T05:00:00.000-04:00,30.5,2026-09-25T05:35:23+00:00,30.5,standard,2026-09-26T12:30:08+00:00,pre_game,,
prizepicks,15193865,val,VAL,295458,Erv,TYLOO,Team Liquid,G,Team LiquidTYLOO46296.2083333333,MAPS 1-2 Kills,kills,1,2,0,,0,2026-09-23T11:50:00.000-04:00,2026-10-01T05:00:00.000-04:00,24.5,2026-09-25T05:35:23+00:00,24.5,standard,2026-09-26T12:30:08+00:00,pre_game,,
prizepicks,15193866,val,VAL,38606,nAts,Team Liquid,TYLOO,G,Team LiquidTYLOO46296.2083333333,MAPS 1-2 Kills,kills,1,2,0,,0,2026-09-23T11:50:00.000-04:00,2026-10-01T05:00:00.000-04:00,31.5,2026-09-25T05:35:23+00:00,31.5,standard,2026-09-26T12:30:08+00:00,pre_game,,
prizepicks,15193867,val,VAL,247452,trexx,Team Liquid,TYLOO,G,Team LiquidTYLOO46296.2083333333,MAPS 1-2 Kills,kills,1,2,0,,0,2026-09-23T11:50:00.000-04:00,2026-10-01T05:00:00.000-04:00,27.5,2026-09-25T05:35:23+00:00,27.5,standard,2026-09-26T12:30:08+00:00,pre_game,,
prizepicks,15193868,val,VAL,328854,Kicks,Team Liquid,TYLOO,G,Team LiquidTYLOO46296.2083333333,MAPS 1-2 Kills,kills,1,2,0,,0,2026-09-23T11:50:00.000-04:00,2026-10-01T05:00:00.000-04:00,25.5,2026-09-25T05:35:23+00:00,25.5,standard,2026-09-26T12:30:08+00:00,pre_game,,
prizepicks,15193869,val,VAL,143000,kamo,Team Liquid,TYLOO,G,Team LiquidTYLOO46296.2083333333,MAPS 1-2 Kills,kills,1,2,0,,0,2026-09-23T11:50:00.000-04:00,2026-10-01T05:00:00.000-04:00,34.0,2026-09-25T05:35:23+00:00,34.0,standard,2026-09-26T12:30:08+00:00,pre_game,,
prizepicks,15199438,dota,Dota2,345228,JaCkky,Nem,NAVI,1,NAVINem46290.125,MAPS 1-2 Kills,kills,1,2,0,,0,2026-09-24T03:00:00.000-04:00,2026-09-25T03:00:00.000-04:00,11.5,2026-09-25T05:36:52+00:00,11.5,standard,2026-09-25T05:36:52+00:00,pre_game,,
prizepicks,15199439,dota,Dota2,345229,Mo13ei,Nem,NAVI,2,NAVINem46290.125,MAPS 1-2 Kills,kills,1,2,0,,0,2026-09-24T03:00:00.000-04:00,2026-09-25T03:00:00.000-04:00,11.0,2026-09-25T05:36:52+00:00,11.0,standard,2026-09-25T05:36:52+00:00,pre_game,,
prizepicks,15199440,dota,Dota2,345230,SaberLight,Nem,NAVI,3,NAVINem46290.125,MAPS 1-2 Kills,kills,1,2,0,,0,2026-09-24T03:00:00.000-04:00,2026-09-25T03:00:00.000-04:00,7.5,2026-09-25T05:36:52+00:00,7.5,standard,2026-09-25T05:36:52+00:00,pre_game,,
prizepicks,15199441,dota,Dota2,345231,Jhocam,Nem,NAVI,4,NAVINem46290.125,MAPS 1-2 Kills,kills,1,2,0,,0,2026-09-24T03:00:00.000-04:00,2026-09-25T03:00:00.000-04:00,4.0,2026-09-25T05:36:52+00:00,4.0,standard,2026-09-25T05:36:52+00:00,pre_game,,
prizepicks,15199442,dota,Dota2,345232,NARMAN,Nem,NAVI,5,NAVINem46290.125,MAPS 1-2 Kills,kills,1,2,0,,0,2026-09-24T03:00:00.000-04:00,2026-09-25T03:00:00.000-04:00,4.5,2026-09-25T05:36:52+00:00,4.5,standard,2026-09-25T05:36:52+00:00,pre_game,,
prizepicks,15199443,dota,Dota2,150789,gotthejuice,NAVI,Nem,1,NAVINem46290.125,MAPS 1-2 Kills,kills,1,2,0,,0,2026-09-24T03:00:00.000-04:00,2026-09-25T03:00:00.000-04:00,17.0,2026-09-25T05:36:52+00:00,17.0,standard,2026-09-25T05:36:52+00:00,pre_game,,
prizepicks,15199444,dota,Dota2,223576,Niku,NAVI,Nem,2,NAVINem46290.125,MAPS 1-2 Kills,kills,1,2,0,,0,2026-09-24T03:00:00.000-04:00,2026-09-25T03:00:00.000-04:00,16.5,2026-09-25T05:36:52+00:00,16.5,standard,2026-09-25T05:36:52+00:00,pre_game,,
prizepicks,15199445,dota,Dota2,150790,pma,NAVI,Nem,3,NAVINem46290.125,MAPS 1-2 Kills,kills,1,2,0,,0,2026-09-24T03:00:00.000-04:00,2026-09-25T03:00:00.000-04:00,11.5,2026-09-25T05:36:52+00:00,11.5,standard,2026-09-25T05:36:52+00:00,pre_game,,
prizepicks,15199446,dota,Dota2,311504,daze,NAVI,Nem,4,NAVINem46290.125,MAPS 1-2 Kills,kills,1,2,0,,0,2026-09-24T03:00:00.000-04:00,2026-09-25T03:00:00.000-04:00,7.5,2026-09-25T05:36:52+00:00,7.5,standard,2026-09-25T05:36:52+00:00,pre_game,,
prizepicks,15199447,dota,Dota2,150792,Riddys,NAVI,Nem,5,NAVINem46290.125,MAPS 1-2 Kills,kills,1,2,0,,0,2026-09-24T03:00:00.000-04:00,2026-09-25T03:00:00.000-04:00,7.0,2026-09-25T05:36:52+00:00,7.0,standard,2026-09-25T05:36:52+00:00,pre_game,,
prizepicks,15199448,dota,Dota2,342092,Timado,GL,1win,1,1winGL46290.25,MAPS 1-2 Kills,kills,1,2,0,,0,2026-09-24T06:00:00.000-04:00,2026-09-25T06:00:00.000-04:00,13.0,2026-09-25T05:36:52+00:00,13.0,standard,2026-09-25T05:36:52+00:00,pre_game,,
prizepicks,15199449,dota,Dota2,222459,RCY,GL,1win,2,1winGL46290.25,MAPS 1-2 Kills,kills,1,2,0,,0,2026-09-24T06:00:00.000-04:00,2026-09-25T06:00:00.000-04:00,14.0,2026-09-25T05:36:52+00:00,14.0,standard,2026-09-25T05:36:52+00:00,pre_game,,
prizepicks,15199450,dota,Dota2,222460,Fayde,GL,1win,3,1winGL46290.25,MAPS 1-2 Kills,kills,1,2,0,,0,2026-09-24T06:00:00.000-04:00,2026-09-25T06:00:00.000-04:00,7.5,2026-09-25T05:36:52+00:00,7.5,standard,2026-09-25T05:36:52+00:00,pre_game,,
prizepicks,15199451,dota,Dota2,222461,Bignum,GL,1win,4,1winGL46290.25,MAPS 1-2 Kills,kills,1,2,0,,0,2026-09-24T06:00:00.000-04:00,2026-09-25T06:00:00.000-04:00,6.0,2026-09-25T05:36:52+00:00,6.0,standard,2026-09-25T05:36:52+00:00,pre_game,,
prizepicks,15199452,dota,Dota2,222462,Speeed,GL,1win,5,1winGL46290.25,MAPS 1-2 Kills,kills,1,2,0,,0,2026-09-24T06:00:00.000-04:00,2026-09-25T06:00:00.000-04:00,5.5,2026-09-25T05:36:52+00:00,5.5,standard,2026-09-25T05:36:52+00:00,pre_game,,
prizepicks,15199453,dota,Dota2,345223,Shad,1win,GL,1,1winGL46290.25,MAPS 1-2 Kills,kills,1,2,0,,0,2026-09-24T06:00:00.000-04:00,2026-09-25T06:00:00.000-04:00,15.5,2026-09-25T05:36:52+00:00,15.5,standard,2026-09-25T05:36:52+00:00,pre_game,,
prizepicks,15199454,dota,Dota2,345224,bzm,1win,GL,2,1winGL46290.25,MAPS 1-2 Kills,kills,1,2,0,,0,2026-09-24T06:00:00.000-04:00,2026-09-25T06:00:00.000-04:00,17.0,2026-09-25T05:36:52+00:00,17.0,standard,2026-09-25T05:36:52+00:00,pre_game,,
prizepicks,15199455,dota,Dota2,345225,33,1win,GL,3,1winGL46290.25,MAPS 1-2 Kills,kills,1,2,0,,0,2026-09-24T06:00:00.000-04:00,2026-09-25T06:00:00.000-04:00,11.5,2026-09-25T05:36:52+00:00,11.5,standard,2026-09-25T05:36:52+00:00,pre_game,,
prizepicks,15199456,dota,Dota2,345226,Ari,1win,GL,4,1winGL46290.25,MAPS 1-2 Kills,kills,1,2,0,,0,2026-09-24T06:00:00.000-04:00,2026-09-25T06:00:00.000-04:00,7.0,2026-09-25T05:36:52+00:00,7.0,standard,2026-09-25T05:36:52+00:00,pre_game,,
prizepicks,15199457,dota,Dota2,345227,Whitemon,1win,GL,5,1winGL46290.25,MAPS 1-2 Kills,kills,1,2,0,,0,2026-09-24T06:00:00.000-04:00,2026-09-25T06:00:00.000-04:00,7.0,2026-09-25T05:36:52+00:00,7.0,standard,2026-09-25T05:36:52+00:00,pre_game,,
prizepicks,15199458,dota,Dota2,230485,Ame,XG,LGD,1,LGDXG46290.375,MAPS 1-2 Kills,kills,1,2,0,,0,2026-09-24T09:00:00.000-04:00,2026-09-25T09:00:00.000-04:00,15.5,2026-09-25T05:36:52+00:00,15.5,standard,2026-09-25T05:36:52+00:00,pre_game,,
prizepicks,15199459,dota,Dota2,345233,Xm,XG,LGD,2,LGDXG46290.375,MAPS 1-2 Kills,kills,1,2,0,,0,2026-09-24T09:00:00.000-04:00,2026-09-25T10:30:00.000-04:00,14.0,2026-09-25T05:36:52+00:00,14.0,standard,2026-09-25T13:22:39+00:00,pre_game,,
prizepicks,15199460,dota,Dota2,345234,zeal,XG,LGD,3,LGDXG46290.375,MAPS 1-2 Kills,kills,1,2,0,,0,2026-09-24T09:00:00.000-04:00,2026-09-25T10:30:00.000-04:00,9.5,2026-09-25T05:36:52+00:00,9.5,standard,2026-09-25T13:22:39+00:00,pre_game,,
prizepicks,15199461,dota,Dota2,345235,XinQ,XG,LGD,4,LGDXG46290.375,MAPS 1-2 Kills,kills,1,2,0,,0,2026-09-24T09:00:00.000-04:00,2026-09-25T10:30:00.000-04:00,7.0,2026-09-25T05:36:52+00:00,7.0,standard,2026-09-25T13:22:39+00:00,pre_game,,
prizepicks,15199462,dota,Dota2,345236,BoBoKa,XG,LGD,5,LGDXG46290.375,MAPS 1-2 Kills,kills,1,2,0,,0,2026-09-24T09:00:00.000-04:00,2026-09-25T10:30:00.000-04:00,6.0,2026-09-25T05:36:52+00:00,6.0,standard,2026-09-25T13:22:39+00:00,pre_game,,
prizepicks,15199463,dota,Dota2,345267,Wits,LGD,XG,1,LGDXG46290.375,MAPS 1-2 Kills,kills,1,2,0,,0,2026-09-24T09:00:00.000-04:00,2026-09-25T10:30:00.000-04:00,13.5,2026-09-25T05:36:52+00:00,13.5,standard,2026-09-25T13:22:39+00:00,pre_game,,
prizepicks,15199464,dota,Dota2,345268,SumaiL,LGD,XG,2,LGDXG46290.375,MAPS 1-2 Kills,kills,1,2,0,,0,2026-09-24T09:00:00.000-04:00,2026-09-25T10:30:00.000-04:00,13.5,2026-09-25T05:36:52+00:00,13.5,standard,2026-09-25T13:22:39+00:00,pre_game,,
prizepicks,15199465,dota,Dota2,345269,Davai,LGD,XG,3,LGDXG46290.375,MAPS 1-2 Kills,kills,1,2,0,,0,2026-09-24T09:00:00.000-04:00,2026-09-25T10:30:00.000-04:00,8.0,2026-09-25T05:36:52+00:00,8.0,standard,2026-09-25T13:22:39+00:00,pre_game,,
prizepicks,15199466,dota,Dota2,320353,Thiolicor,LGD,XG,4,LGDXG46290.375,MAPS 1-2 Kills,kills,1,2,0,,0,2026-09-24T09:00:00.000-04:00,2026-09-25T10:30:00.000-04:00,5.0,2026-09-25T05:36:52+00:00,5.0,standard,2026-09-25T13:22:39+00:00,pre_game,,
prizepicks,15199467,dota,Dota2,345270,Sneyking,LGD,XG,5,LGDXG46290.375,MAPS 1-2 Kills,kills,1,2,0,,0,2026-09-24T09:00:00.000-04:00,2026-09-25T10:30:00.000-04:00,4.5,2026-09-25T05:36:52+00:00,4.5,standard,2026-09-25T13:22:39+00:00,pre_game,,
prizepicks,15199468,dota,Dota2,267484,watson,Yandex,Aurora,1,AuroraYandex46290.5,MAPS 1-2 Kills,kills,1,2,0,,0,2026-09-01T12:00:00.000-04:00,2026-09-25T14:00:00.000-04:00,17.0,2026-09-25T05:36:52+00:00,17.0,standard,2026-09-25T17:07:17+00:00,pre_game,,
prizepicks,15199469,dota,Dota2,240239,CHIRA_JUNIOR,Yandex,Aurora,2,AuroraYandex46290.5,MAPS 1-2 Kills,kills,1,2,0,,0,2026-09-01T12:00:00.000-04:00,2026-09-25T14:00:00.000-04:00,16.5,2026-09-25T05:36:52+00:00,16.5,standard,2026-09-25T17:07:17+00:00,pre_game,,
prizepicks,15199470,dota,Dota2,345264,ATF,Yandex,Aurora,3,AuroraYandex46290.5,MAPS 1-2 Kills,kills,1,2,0,,0,2026-09-01T12:00:00.000-04:00,2026-09-25T14:00:00.000-04:00,13.5,2026-09-25T05:36:52+00:00,13.5,standard,2026-09-25T17:07:17+00:00,pre_game,,
prizepicks,15199471,dota,Dota2,272038,Saksa,Yandex,Aurora,4,AuroraYandex46290.5,MAPS 1-2 Kills,kills,1,2,0,,0,2026-09-01T12:00:00.000-04:00,2026-09-25T14:00:00.000-04:00,7.0,2026-09-25T05:36:52+00:00,7.0,standard,2026-09-25T17:07:17+00:00,pre_game,,
prizepicks,15199472,dota,Dota2,267485,Malady,Yandex,Aurora,5,AuroraYandex46290.5,MAPS 1-2 Kills,kills,1,2,0,,0,2026-09-01T12:00:00.000-04:00,2026-09-25T14:00:00.000-04:00,5.5,2026-09-25T05:36:52+00:00,5.5,standard,2026-09-25T17:07:17+00:00,pre_game,,
prizepicks,15199473,dota,Dota2,345256,skiter,Aurora,Yandex,1,AuroraYandex46290.5,MAPS 1-2 Kills,kills,1,2,0,,0,2026-09-24T12:00:00.000-04:00,2026-09-25T14:00:00.000-04:00,13.5,2026-09-25T05:36:52+00:00,12.5,standard,2026-09-25T17:07:17+00:00,pre_game,,
prizepicks,15199474,dota,Dota2,345257,Stojkov,Aurora,Yandex,2,AuroraYandex46290.5,MAPS 1-2 Kills,kills,1,2,0,,0,2026-09-24T12:00:00.000-04:00,2026-09-25T14:00:00.000-04:00,14.0,2026-09-25T05:36:52+00:00,13.5,standard,2026-09-25T17:07:17+00:00,pre_game,,
prizepicks,15199475,dota,Dota2,291295,Ws,Aurora,Yandex,3,AuroraYandex46290.5,MAPS 1-2 Kills,kills,1,2,0,,0,2026-09-24T12:00:00.000-04:00,2026-09-25T14:00:00.000-04:00,11.5,2026-09-25T05:36:52+00:00,11.5,standard,2026-09-25T17:07:17+00:00,pre_game,,
prizepicks,15199476,dota,Dota2,230491,Mira,Aurora,Yandex,4,AuroraYandex46290.5,MAPS 1-2 Kills,kills,1,2,0,,0,2026-09-24T12:00:00.000-04:00,2026-09-25T14:00:00.000-04:00,6.0,2026-09-25T05:36:52+00:00,6.0,standard,2026-09-25T17:07:17+00:00,pre_game,,
prizepicks,15199477,dota,Dota2,291296,kaori,Aurora,Yandex,5,AuroraYandex46290.5,MAPS 1-2 Kills,kills,1,2,0,,0,2026-09-24T12:00:00.000-04:00,2026-09-25T14:00:00.000-04:00,5.0,2026-09-25T05:36:52+00:00,5.0,standard,2026-09-25T17:07:17+00:00,pre_game,,
prizepicks,15213122,cs2,,301686,device,100 Thieves,BBL,G,BBL100 Thieves46290.375,MAP 3 Kills,kills,3,3,0,,1,2026-09-25T07:30:00.000-04:00,2026-09-25T09:00:00.000-04:00,15.0,2026-09-25T12:41:59+00:00,15.0,standard,2026-09-25T12:41:59+00:00,pre_game,,
prizepicks,15213123,cs2,,301688,rain,100 Thieves,BBL,G,BBL100 Thieves46290.375,MAP 3 Kills,kills,3,3,0,,1,2026-09-25T07:30:00.000-04:00,2026-09-25T09:00:00.000-04:00,15.0,2026-09-25T12:41:59+00:00,15.0,standard,2026-09-25T12:41:59+00:00,pre_game,,
prizepicks,15213124,cs2,,329408,Gizmy,100 Thieves,BBL,G,BBL100 Thieves46290.375,MAP 3 Kills,kills,3,3,0,,1,2026-09-25T07:30:00.000-04:00,2026-09-25T09:00:00.000-04:00,13.5,2026-09-25T12:41:59+00:00,13.5,standard,2026-09-25T12:41:59+00:00,pre_game,,
prizepicks,15213125,cs2,,301691,poiii,100 Thieves,BBL,G,BBL100 Thieves46290.375,MAP 3 Kills,kills,3,3,0,,1,2026-09-25T07:30:00.000-04:00,2026-09-25T09:00:00.000-04:00,15.5,2026-09-25T12:41:59+00:00,15.5,standard,2026-09-25T12:41:59+00:00,pre_game,,
prizepicks,15213126,cs2,,301690,sirah,100 Thieves,BBL,G,BBL100 Thieves46290.375,MAP 3 Kills,kills,3,3,0,,1,2026-09-25T07:30:00.000-04:00,2026-09-25T09:00:00.000-04:00,14.0,2026-09-25T12:41:59+00:00,14.0,standard,2026-09-25T12:41:59+00:00,pre_game,,
prizepicks,15213127,cs2,,339491,leakz,BBL,100 Thieves,G,BBL100 Thieves46290.375,MAP 3 Kills,kills,3,3,0,,1,2026-09-25T07:30:00.000-04:00,2026-09-25T09:00:00.000-04:00,16.0,2026-09-25T12:41:59+00:00,16.0,standard,2026-09-25T12:41:59+00:00,pre_game,,
prizepicks,15213128,cs2,,339490,salazar,BBL,100 Thieves,G,BBL100 Thieves46290.375,MAP 3 Kills,kills,3,3,0,,1,2026-09-25T07:30:00.000-04:00,2026-09-25T09:00:00.000-04:00,13.0,2026-09-25T12:41:59+00:00,13.0,standard,2026-09-25T12:41:59+00:00,pre_game,,
prizepicks,15213129,cs2,,339493,NickyB,BBL,100 Thieves,G,BBL100 Thieves46290.375,MAP 3 Kills,kills,3,3,0,,1,2026-09-25T07:30:00.000-04:00,2026-09-25T09:00:00.000-04:00,14.0,2026-09-25T12:41:59+00:00,14.0,standard,2026-09-25T12:41:59+00:00,pre_game,,
prizepicks,15213130,cs2,,339492,Boye,BBL,100 Thieves,G,BBL100 Thieves46290.375,MAP 3 Kills,kills,3,3,0,,1,2026-09-25T07:30:00.000-04:00,2026-09-25T09:00:00.000-04:00,13.5,2026-09-25T12:41:59+00:00,13.5,standard,2026-09-25T12:41:59+00:00,pre_game,,
prizepicks,15213132,cs2,,301686,device,100 Thieves,BBL,G,BBL100 Thieves46290.375,MAP 3 Headshots,headshots,3,3,0,,1,2026-09-25T07:30:00.000-04:00,2026-09-25T09:00:00.000-04:00,4.5,2026-09-25T12:41:59+00:00,4.5,standard,2026-09-25T12:41:59+00:00,pre_game,,
prizepicks,15213133,cs2,,301688,rain,100 Thieves,BBL,G,BBL100 Thieves46290.375,MAP 3 Headshots,headshots,3,3,0,,1,2026-09-25T07:30:00.000-04:00,2026-09-25T09:00:00.000-04:00,8.5,2026-09-25T12:41:59+00:00,8.5,standard,2026-09-25T12:41:59+00:00,pre_game,,
prizepicks,15213134,cs2,,329408,Gizmy,100 Thieves,BBL,G,BBL100 Thieves46290.375,MAP 3 Headshots,headshots,3,3,0,,1,2026-09-25T07:30:00.000-04:00,2026-09-25T09:00:00.000-04:00,7.5,2026-09-25T12:41:59+00:00,7.5,standard,2026-09-25T12:41:59+00:00,pre_game,,
prizepicks,15213135,cs2,,301691,poiii,100 Thieves,BBL,G,BBL100 Thieves46290.375,MAP 3 Headshots,headshots,3,3,0,,1,2026-09-25T07:30:00.000-04:00,2026-09-25T09:00:00.000-04:00,9.0,2026-09-25T12:41:59+00:00,9.0,standard,2026-09-25T12:41:59+00:00,pre_game,,
prizepicks,15213136,cs2,,301690,sirah,100 Thieves,BBL,G,BBL100 Thieves46290.375,MAP 3 Headshots,headshots,3,3,0,,1,2026-09-25T07:30:00.000-04:00,2026-09-25T09:00:00.000-04:00,8.0,2026-09-25T12:41:59+00:00,8.0,standard,2026-09-25T12:41:59+00:00,pre_game,,
prizepicks,15213137,cs2,,339491,leakz,BBL,100 Thieves,G,BBL100 Thieves46290.375,MAP 3 Headshots,headshots,3,3,0,,1,2026-09-25T07:30:00.000-04:00,2026-09-25T09:00:00.000-04:00,9.0,2026-09-25T12:41:59+00:00,9.0,standard,2026-09-25T12:41:59+00:00,pre_game,,
prizepicks,15213138,cs2,,339490,salazar,BBL,100 Thieves,G,BBL100 Thieves46290.375,MAP 3 Headshots,headshots,3,3,0,,1,2026-09-25T07:30:00.000-04:00,2026-09-25T09:00:00.000-04:00,5.0,2026-09-25T12:41:59+00:00,5.0,standard,2026-09-25T12:41:59+00:00,pre_game,,
prizepicks,15213139,cs2,,339493,NickyB,BBL,100 Thieves,G,BBL100 Thieves46290.375,MAP 3 Headshots,headshots,3,3,0,,1,2026-09-25T07:30:00.000-04:00,2026-09-25T09:00:00.000-04:00,7.5,2026-09-25T12:41:59+00:00,7.5,standard,2026-09-25T12:41:59+00:00,pre_game,,
prizepicks,15213140,cs2,,339492,Boye,BBL,100 Thieves,G,BBL100 Thieves46290.375,MAP 3 Headshots,headshots,3,3,0,,1,2026-09-25T07:30:00.000-04:00,2026-09-25T09:00:00.000-04:00,7.0,2026-09-25T12:41:59+00:00,7.0,standard,2026-09-25T12:41:59+00:00,pre_game,,
prizepicks,15192285,cs2,CS2,230397,senka,Nuclear TigeRES,Zero Tenacity,G,ex-Zero TenacityNuclear TigeRES46290.4166666667,MAP 3 Kills,kills,3,3,0,,1,2026-09-25T08:30:00.000-04:00,2026-09-25T10:20:00.000-04:00,12.5,2026-09-25T12:41:59+00:00,12.5,standard,2026-09-25T13:21:15+00:00,pre_game,,
prizepicks,15192286,cs2,CS2,230395,flouzer,Nuclear TigeRES,Zero Tenacity,G,ex-Zero TenacityNuclear TigeRES46290.4166666667,MAP 3 Kills,kills,3,3,0,,1,2026-09-25T08:30:00.000-04:00,2026-09-25T10:20:00.000-04:00,16.0,2026-09-25T12:41:59+00:00,16.0,standard,2026-09-25T13:21:15+00:00,pre_game,,
prizepicks,15192287,cs2,CS2,294767,ayuki,Nuclear TigeRES,Zero Tenacity,G,ex-Zero TenacityNuclear TigeRES46290.4166666667,MAP 3 Kills,kills,3,3,0,,1,2026-09-25T08:30:00.000-04:00,2026-09-25T10:20:00.000-04:00,14.5,2026-09-25T12:41:59+00:00,14.5,standard,2026-09-25T13:21:15+00:00,pre_game,,
prizepicks,15192288,cs2,CS2,347406,Djon8,Nuclear TigeRES,Zero Tenacity,G,ex-Zero TenacityNuclear TigeRES46290.4166666667,MAP 3 Kills,kills,3,3,0,,1,2026-09-25T08:30:00.000-04:00,2026-09-25T10:20:00.000-04:00,16.0,2026-09-25T12:41:59+00:00,16.0,standard,2026-09-25T13:21:15+00:00,pre_game,,
prizepicks,15192289,cs2,CS2,347407,tronic,Nuclear TigeRES,Zero Tenacity,G,ex-Zero TenacityNuclear TigeRES46290.4166666667,MAP 3 Kills,kills,3,3,0,,1,2026-09-25T08:30:00.000-04:00,2026-09-25T10:20:00.000-04:00,13.5,2026-09-25T12:41:59+00:00,13.5,standard,2026-09-25T13:21:15+00:00,pre_game,,
prizepicks,15192290,cs2,CS2,230397,senka,Nuclear TigeRES,Zero Tenacity,G,ex-Zero TenacityNuclear TigeRES46290.4166666667,MAP 3 Headshots,headshots,3,3,0,,1,2026-09-25T08:30:00.000-04:00,2026-09-25T10:20:00.000-04:00,6.5,2026-09-25T12:41:59+00:00,6.5,standard,2026-09-25T13:21:15+00:00,pre_game,,
prizepicks,15192291,cs2,CS2,230395,flouzer,Nuclear TigeRES,Zero Tenacity,G,ex-Zero TenacityNuclear TigeRES46290.4166666667,MAP 3 Headshots,headshots,3,3,0,,1,2026-09-25T08:30:00.000-04:00,2026-09-25T10:20:00.000-04:00,8.5,2026-09-25T12:41:59+00:00,8.5,standard,2026-09-25T13:21:15+00:00,pre_game,,
prizepicks,15192292,cs2,CS2,294767,ayuki,Nuclear TigeRES,Zero Tenacity,G,ex-Zero TenacityNuclear TigeRES46290.4166666667,MAP 3 Headshots,headshots,3,3,0,,1,2026-09-25T08:30:00.000-04:00,2026-09-25T10:20:00.000-04:00,8.0,2026-09-25T12:41:59+00:00,8.0,standard,2026-09-25T13:21:15+00:00,pre_game,,
prizepicks,15192293,cs2,CS2,347406,Djon8,Nuclear TigeRES,Zero Tenacity,G,ex-Zero TenacityNuclear TigeRES46290.4166666667,MAP 3 Headshots,headshots,3,3,0,,1,2026-09-25T08:30:00.000-04:00,2026-09-25T10:20:00.000-04:00,9.5,2026-09-25T12:41:59+00:00,9.5,standard,2026-09-25T13:21:15+00:00,pre_game,,
prizepicks,15192294,cs2,CS2,347407,tronic,Nuclear TigeRES,Zero Tenacity,G,ex-Zero TenacityNuclear TigeRES46290.4166666667,MAP 3 Headshots,headshots,3,3,0,,1,2026-09-25T08:30:00.000-04:00,2026-09-25T10:20:00.000-04:00,5.5,2026-09-25T12:41:59+00:00,5.5,standard,2026-09-25T13:21:15+00:00,pre_game,,
prizepicks,15194610,cs2,CS2,314980,stavn,Ninjas in Pyjamas,3DMAX,G,3DMAXNinjas in Pyjamas46290.4166666667,MAP 3 Kills,kills,3,3,0,,1,2026-09-25T08:30:00.000-04:00,2026-09-25T12:45:00.000-04:00,15.5,2026-09-25T12:41:59+00:00,15.5,standard,2026-09-25T16:29:41+00:00,pre_game,,
prizepicks,15194611,cs2,CS2,196100,xKacpersky,Ninjas in Pyjamas,3DMAX,G,3DMAXNinjas in Pyjamas46290.4166666667,MAP 3 Kills,kills,3,3,0,,1,2026-09-25T08:30:00.000-04:00,2026-09-25T12:45:00.000-04:00,15.0,2026-09-25T12:41:59+00:00,15.0,standard,2026-09-25T16:29:41+00:00,pre_game,,
prizepicks,15194612,cs2,CS2,168502,sjuush,Ninjas in Pyjamas,3DMAX,G,3DMAXNinjas in Pyjamas46290.4166666667,MAP 3 Kills,kills,3,3,0,,1,2026-09-25T08:30:00.000-04:00,2026-09-25T12:45:00.000-04:00,14.0,2026-09-25T12:41:59+00:00,14.0,standard,2026-09-25T16:29:41+00:00,pre_game,,
prizepicks,15194613,cs2,CS2,344693,adamb,Ninjas in Pyjamas,3DMAX,G,3DMAXNinjas in Pyjamas46290.4166666667,MAP 3 Kills,kills,3,3,0,,1,2026-09-25T08:30:00.000-04:00,2026-09-25T12:45:00.000-04:00,14.0,2026-09-25T12:41:59+00:00,14.0,standard,2026-09-25T16:29:41+00:00,pre_game,,
prizepicks,15194614,cs2,CS2,340611,Krimbo,Ninjas in Pyjamas,3DMAX,G,3DMAXNinjas in Pyjamas46290.4166666667,MAP 3 Kills,kills,3,3,0,,1,2026-09-25T08:30:00.000-04:00,2026-09-25T12:45:00.000-04:00,13.5,2026-09-25T12:41:59+00:00,13.5,standard,2026-09-25T16:29:41+00:00,pre_game,,
prizepicks,15194615,cs2,CS2,169058,Maka,3DMAX,Ninjas in Pyjamas,G,3DMAXNinjas in Pyjamas46290.4166666667,MAP 3 Kills,kills,3,3,0,,1,2026-09-25T08:30:00.000-04:00,2026-09-25T12:45:00.000-04:00,15.0,2026-09-25T12:41:59+00:00,15.0,standard,2026-09-25T16:29:41+00:00,pre_game,,
prizepicks,15194616,cs2,CS2,326231,Kursy,3DMAX,Ninjas in Pyjamas,G,3DMAXNinjas in Pyjamas46290.4166666667,MAP 3 Kills,kills,3,3,0,,1,2026-09-25T08:30:00.000-04:00,2026-09-25T12:45:00.000-04:00,15.0,2026-09-25T12:41:59+00:00,15.0,standard,2026-09-25T16:29:41+00:00,pre_game,,
prizepicks,15194617,cs2,CS2,169057,lucky,3DMAX,Ninjas in Pyjamas,G,3DMAXNinjas in Pyjamas46290.4166666667,MAP 3 Kills,kills,3,3,0,,1,2026-09-25T08:30:00.000-04:00,2026-09-25T12:45:00.000-04:00,14.5,2026-09-25T12:41:59+00:00,14.5,standard,2026-09-25T16:29:41+00:00,pre_game,,
prizepicks,15194618,cs2,CS2,303785,misutaaa,3DMAX,Ninjas in Pyjamas,G,3DMAXNinjas in Pyjamas46290.4166666667,MAP 3 Kills,kills,3,3,0,,1,2026-09-25T08:30:00.000-04:00,2026-09-25T12:45:00.000-04:00,14.5,2026-09-25T12:41:59+00:00,14.5,standard,2026-09-25T16:29:41+00:00,pre_game,,
prizepicks,15194619,cs2,CS2,193007,Graviti,3DMAX,Ninjas in Pyjamas,G,3DMAXNinjas in Pyjamas46290.4166666667,MAP 3 Kills,kills,3,3,0,,1,2026-09-25T08:30:00.000-04:00,2026-09-25T12:45:00.000-04:00,13.5,2026-09-25T12:41:59+00:00,13.5,standard,2026-09-25T16:29:41+00:00,pre_game,,
prizepicks,15194620,cs2,CS2,314980,stavn,Ninjas in Pyjamas,3DMAX,G,3DMAXNinjas in Pyjamas46290.4166666667,MAP 3 Headshots,headshots,3,3,0,,1,2026-09-25T08:30:00.000-04:00,2026-09-25T12:45:00.000-04:00,4.5,2026-09-25T12:41:59+00:00,4.5,standard,2026-09-25T16:29:41+00:00,pre_game,,
prizepicks,15194621,cs2,CS2,196100,xKacpersky,Ninjas in Pyjamas,3DMAX,G,3DMAXNinjas in Pyjamas46290.4166666667,MAP 3 Headshots,headshots,3,3,0,,1,2026-09-25T08:30:00.000-04:00,2026-09-25T12:45:00.000-04:00,9.0,2026-09-25T12:41:59+00:00,9.0,standard,2026-09-25T16:29:41+00:00,pre_game,,
prizepicks,15194622,cs2,CS2,168502,sjuush,Ninjas in Pyjamas,3DMAX,G,3DMAXNinjas in Pyjamas46290.4166666667,MAP 3 Headshots,headshots,3,3,0,,1,2026-09-25T08:30:00.000-04:00,2026-09-25T12:45:00.000-04:00,8.0,2026-09-25T12:41:59+00:00,8.0,standard,2026-09-25T16:29:41+00:00,pre_game,,
prizepicks,15194623,cs2,CS2,344693,adamb,Ninjas in Pyjamas,3DMAX,G,3DMAXNinjas in Pyjamas46290.4166666667,MAP 3 Headshots,headshots,3,3,0,,1,2026-09-25T08:30:00.000-04:00,2026-09-25T12:45:00.000-04:00,8.0,2026-09-25T12:41:59+00:00,8.0,standard,2026-09-25T16:29:41+00:00,pre_game,,
prizepicks,15194624,cs2,CS2,340611,Krimbo,Ninjas in Pyjamas,3DMAX,G,3DMAXNinjas in Pyjamas46290.4166666667,MAP 3 Headshots,headshots,3,3,0,,1,2026-09-25T08:30:00.000-04:00,2026-09-25T12:45:00.000-04:00,7.5,2026-09-25T12:41:59+00:00,7.5,standard,2026-09-25T16:29:41+00:00,pre_game,,
prizepicks,15194625,cs2,CS2,169058,Maka,3DMAX,Ninjas in Pyjamas,G,3DMAXNinjas in Pyjamas46290.4166666667,MAP 3 Headshots,headshots,3,3,0,,1,2026-09-25T08:30:00.000-04:00,2026-09-25T12:45:00.000-04:00,6.0,2026-09-25T12:41:59+00:00,6.0,standard,2026-09-25T16:29:41+00:00,pre_game,,
prizepicks,15194626,cs2,CS2,326231,Kursy,3DMAX,Ninjas in Pyjamas,G,3DMAXNinjas in Pyjamas46290.4166666667,MAP 3 Headshots,headshots,3,3,0,,1,2026-09-25T08:30:00.000-04:00,2026-09-25T12:45:00.000-04:00,8.5,2026-09-25T12:41:59+00:00,8.5,standard,2026-09-25T16:29:41+00:00,pre_game,,
prizepicks,15194627,cs2,CS2,169057,lucky,3DMAX,Ninjas in Pyjamas,G,3DMAXNinjas in Pyjamas46290.4166666667,MAP 3 Headshots,headshots,3,3,0,,1,2026-09-25T08:30:00.000-04:00,2026-09-25T12:45:00.000-04:00,7.5,2026-09-25T12:41:59+00:00,7.5,standard,2026-09-25T16:29:41+00:00,pre_game,,
prizepicks,15194628,cs2,CS2,303785,misutaaa,3DMAX,Ninjas in Pyjamas,G,3DMAXNinjas in Pyjamas46290.4166666667,MAP 3 Headshots,headshots,3,3,0,,1,2026-09-25T08:30:00.000-04:00,2026-09-25T12:45:00.000-04:00,8.5,2026-09-25T12:41:59+00:00,8.5,standard,2026-09-25T16:29:41+00:00,pre_game,,
prizepicks,15194629,cs2,CS2,193007,Graviti,3DMAX,Ninjas in Pyjamas,G,3DMAXNinjas in Pyjamas46290.4166666667,MAP 3 Headshots,headshots,3,3,0,,1,2026-09-25T08:30:00.000-04:00,2026-09-25T12:45:00.000-04:00,8.0,2026-09-25T12:41:59+00:00,8.0,standard,2026-09-25T16:29:41+00:00,pre_game,,
prizepicks,15212932,cs2,CS2,261216,tomate,Galorys,,G,CS2_match_avZgCqXGXnWFOWFbmWt1Jjd1,MAP 1 Kills,kills,1,1,0,,0,2026-09-01T17:00:00.000-04:00,2026-09-25T17:00:00.000-04:00,16.5,2026-09-25T12:41:59+00:00,16.5,demon,2026-09-25T20:56:21+00:00,pre_game,,
prizepicks,15212935,cs2,CS2,261216,tomate,Galorys,,G,CS2_match_avZgCqXGXnWFOWFbmWt1Jjd1,MAP 2 Kills,kills,2,2,0,,0,2026-09-01T17:00:00.000-04:00,2026-09-25T17:00:00.000-04:00,16.5,2026-09-25T12:41:59+00:00,16.5,demon,2026-09-25T20:56:21+00:00,pre_game,,
prizepicks,15212917,cs2,CS2,261220,destiny,Galorys,,G,CS2_match_avZgCqXGXnWFOWFbmWt1Jjd1,MAP 1 Kills,kills,1,1,0,,0,2026-09-01T17:00:00.000-04:00,2026-09-25T17:00:00.000-04:00,15.5,2026-09-25T12:41:59+00:00,15.5,demon,2026-09-25T20:56:21+00:00,pre_game,,
prizepicks,15212920,cs2,CS2,261220,destiny,Galorys,,G,CS2_match_avZgCqXGXnWFOWFbmWt1Jjd1,MAP 2 Kills,kills,2,2,0,,0,2026-09-01T17:00:00.000-04:00,2026-09-25T17:00:00.000-04:00,15.5,2026-09-25T12:41:59+00:00,15.5,demon,2026-09-25T20:56:21+00:00,pre_game,,
prizepicks,15212924,cs2,CS2,261218,gbb,Galorys,,G,CS2_match_avZgCqXGXnWFOWFbmWt1Jjd1,MAP 2 Kills,kills,2,2,0,,0,2026-09-01T17:00:00.000-04:00,2026-09-25T17:00:00.000-04:00,15.5,2026-09-25T12:41:59+00:00,15.5,demon,2026-09-25T20:56:21+00:00,pre_game,,
prizepicks,15212931,cs2,CS2,261216,tomate,Galorys,,G,CS2_match_avZgCqXGXnWFOWFbmWt1Jjd1,MAP 1 Kills,kills,1,1,0,,0,2026-09-01T17:00:00.000-04:00,2026-09-25T17:00:00.000-04:00,15.5,2026-09-25T12:41:59+00:00,15.5,standard,2026-09-25T20:56:21+00:00,pre_game,,
prizepicks,15212934,cs2,CS2,261216,tomate,Galorys,,G,CS2_match_avZgCqXGXnWFOWFbmWt1Jjd1,MAP 2 Kills,kills,2,2,0,,0,2026-09-01T17:00:00.000-04:00,2026-09-25T17:00:00.000-04:00,15.5,2026-09-25T12:41:59+00:00,15.5,standard,2026-09-25T20:56:21+00:00,pre_game,,
prizepicks,15212916,cs2,CS2,261220,destiny,Galorys,,G,CS2_match_avZgCqXGXnWFOWFbmWt1Jjd1,MAP 1 Kills,kills,1,1,0,,0,2026-09-01T17:00:00.000-04:00,2026-09-25T17:00:00.000-04:00,14.5,2026-09-25T12:41:59+00:00,14.5,standard,2026-09-25T20:48:40+00:00,pre_game,,
prizepicks,15212919,cs2,CS2,261220,destiny,Galorys,,G,CS2_match_avZgCqXGXnWFOWFbmWt1Jjd1,MAP 2 Kills,kills,2,2,0,,0,2026-09-01T17:00:00.000-04:00,2026-09-25T17:00:00.000-04:00,14.5,2026-09-25T12:41:59+00:00,14.5,standard,2026-09-25T20:48:40+00:00,pre_game,,
prizepicks,15212933,cs2,CS2,261216,tomate,Galorys,,G,CS2_match_avZgCqXGXnWFOWFbmWt1Jjd1,MAP 1 Kills,kills,1,1,0,,0,2026-09-01T17:00:00.000-04:00,2026-09-25T17:00:00.000-04:00,14.5,2026-09-25T12:41:59+00:00,14.5,goblin,2026-09-25T20:56:21+00:00,pre_game,,
prizepicks,15212936,cs2,CS2,261216,tomate,Galorys,,G,CS2_match_avZgCqXGXnWFOWFbmWt1Jjd1,MAP 2 Kills,kills,2,2,0,,0,2026-09-01T17:00:00.000-04:00,2026-09-25T17:00:00.000-04:00,14.5,2026-09-25T12:41:59+00:00,14.5,goblin,2026-09-25T20:56:21+00:00,pre_game,,
prizepicks,15212918,cs2,CS2,261220,destiny,Galorys,,G,CS2_match_avZgCqXGXnWFOWFbmWt1Jjd1,MAP 1 Kills,kills,1,1,0,,0,2026-09-01T17:00:00.000-04:00,2026-09-25T17:00:00.000-04:00,13.5,2026-09-25T12:41:59+00:00,13.5,goblin,2026-09-25T20:48:40+00:00,pre_game,,
prizepicks,15212921,cs2,CS2,261220,destiny,Galorys,,G,CS2_match_avZgCqXGXnWFOWFbmWt1Jjd1,MAP 2 Kills,kills,2,2,0,,0,2026-09-01T17:00:00.000-04:00,2026-09-25T17:00:00.000-04:00,13.5,2026-09-25T12:41:59+00:00,13.5,goblin,2026-09-25T20:48:40+00:00,pre_game,,
prizepicks,15212922,cs2,CS2,338742,detr0ittJ,Galorys,,G,CS2_match_avZgCqXGXnWFOWFbmWt1Jjd1,MAP 1 Kills,kills,1,1,0,,0,2026-09-01T17:00:00.000-04:00,2026-09-25T17:00:00.000-04:00,13.5,2026-09-25T12:41:59+00:00,13.5,goblin,2026-09-25T20:56:21+00:00,pre_game,,
prizepicks,15212923,cs2,CS2,338742,detr0ittJ,Galorys,,G,CS2_match_avZgCqXGXnWFOWFbmWt1Jjd1,MAP 2 Kills,kills,2,2,0,,0,2026-09-01T17:00:00.000-04:00,2026-09-25T17:00:00.000-04:00,13.5,2026-09-25T12:41:59+00:00,13.5,goblin,2026-09-25T20:56:21+00:00,pre_game,,
prizepicks,15212905,cs2,CS2,338741,PKL,Galorys,,G,CS2_match_avZgCqXGXnWFOWFbmWt1Jjd1,MAP 1 Kills,kills,1,1,0,,0,2026-09-01T17:00:00.000-04:00,2026-09-25T17:00:00.000-04:00,11.5,2026-09-25T12:41:59+00:00,11.5,goblin,2026-09-25T20:56:21+00:00,pre_game,,
prizepicks,15212907,cs2,CS2,338741,PKL,Galorys,,G,CS2_match_avZgCqXGXnWFOWFbmWt1Jjd1,MAP 2 Kills,kills,2,2,0,,0,2026-09-01T17:00:00.000-04:00,2026-09-25T17:00:00.000-04:00,11.5,2026-09-25T12:41:59+00:00,11.5,goblin,2026-09-25T20:56:21+00:00,pre_game,,
prizepicks,15212904,cs2,CS2,338741,PKL,Galorys,,G,CS2_match_avZgCqXGXnWFOWFbmWt1Jjd1,MAP 1 Headshots,headshots,1,1,0,,0,2026-09-01T17:00:00.000-04:00,2026-09-25T17:00:00.000-04:00,6.5,2026-09-25T12:41:59+00:00,7.5,standard,2026-09-25T20:56:21+00:00,pre_game,,
prizepicks,15212906,cs2,CS2,338741,PKL,Galorys,,G,CS2_match_avZgCqXGXnWFOWFbmWt1Jjd1,MAP 2 Headshots,headshots,2,2,0,,0,2026-09-01T17:00:00.000-04:00,2026-09-25T17:00:00.000-04:00,6.5,2026-09-25T12:41:59+00:00,7.5,standard,2026-09-25T20:56:21+00:00,pre_game,,
prizepicks,15212980,cs2,CS2,340736,nyezin,MEIA NOITE,ALKA,G,CS2_match_Ldp1rAFF9qpVTAbnwCJRJnJ,MAP 2 Kills,kills,2,2,0,,0,2026-09-01T17:00:00.000-04:00,2026-09-25T17:00:00.000-04:00,16.5,2026-09-25T12:41:59+00:00,16.5,demon,2026-09-25T20:56:21+00:00,pre_game,,
prizepicks,15212953,cs2,CS2,340734,abr,MEIA NOITE,ALKA,G,CS2_match_Ldp1rAFF9qpVTAbnwCJRJnJ,MAP 2 Kills,kills,2,2,0,,0,2026-09-01T17:00:00.000-04:00,2026-09-25T17:00:00.000-04:00,15.5,2026-09-25T12:41:59+00:00,15.5,demon,2026-09-25T20:56:21+00:00,pre_game,,
prizepicks,15212960,cs2,CS2,326344,bnc,ALKA,MEIA NOITE,G,CS2_match_Ldp1rAFF9qpVTAbnwCJRJnJ,MAP 2 Kills,kills,2,2,0,,0,2026-09-01T17:00:00.000-04:00,2026-09-25T17:00:00.000-04:00,15.5,2026-09-25T12:41:59+00:00,15.5,demon,2026-09-25T20:56:21+00:00,pre_game,,
prizepicks,15212968,cs2,CS2,340735,bsd,MEIA NOITE,ALKA,G,CS2_match_Ldp1rAFF9qpVTAbnwCJRJnJ,MAP 2 Kills,kills,2,2,0,,0,2026-09-01T17:00:00.000-04:00,2026-09-25T17:00:00.000-04:00,15.5,2026-09-25T12:41:59+00:00,15.5,demon,2026-09-25T20:56:21+00:00,pre_game,,
prizepicks,15212974,cs2,CS2,339307,cerolzin,ALKA,MEIA NOITE,G,CS2_match_Ldp1rAFF9qpVTAbnwCJRJnJ,MAP 2 Kills,kills,2,2,0,,0,2026-09-01T17:00:00.000-04:00,2026-09-25T17:00:00.000-04:00,15.5,2026-09-25T12:41:59+00:00,15.5,demon,2026-09-25T20:56:21+00:00,pre_game,,
prizepicks,15212979,cs2,CS2,340736,nyezin,MEIA NOITE,ALKA,G,CS2_match_Ldp1rAFF9qpVTAbnwCJRJnJ,MAP 2 Kills,kills,2,2,0,,0,2026-09-01T17:00:00.000-04:00,2026-09-25T17:00:00.000-04:00,15.5,2026-09-25T12:41:59+00:00,15.5,standard,2026-09-25T20:56:21+00:00,pre_game,,
prizepicks,15212997,cs2,CS2,328618,vinaabEAST,ALKA,MEIA NOITE,G,CS2_match_Ldp1rAFF9qpVTAbnwCJRJnJ,MAP 2 Kills,kills,2,2,0,,0,2026-09-01T17:00:00.000-04:00,2026-09-25T17:00:00.000-04:00,15.5,2026-09-25T12:41:59+00:00,15.5,demon,2026-09-25T20:56:21+00:00,pre_game,,
prizepicks,15212959,cs2,CS2,326344,bnc,ALKA,MEIA NOITE,G,CS2_match_Ldp1rAFF9qpVTAbnwCJRJnJ,MAP 2 Kills,kills,2,2,0,,0,2026-09-01T17:00:00.000-04:00,2026-09-25T17:00:00.000-04:00,14.5,2026-09-25T12:41:59+00:00,14.5,standard,2026-09-25T20:56:21+00:00,pre_game,,
prizepicks,15212967,cs2,CS2,340735,bsd,MEIA NOITE,ALKA,G,CS2_match_Ldp1rAFF9qpVTAbnwCJRJnJ,MAP 2 Kills,kills,2,2,0,,0,2026-09-01T17:00:00.000-04:00,2026-09-25T17:00:00.000-04:00,14.5,2026-09-25T12:41:59+00:00,14.5,standard,2026-09-25T20:56:21+00:00,pre_game,,
prizepicks,15212973,cs2,CS2,339307,cerolzin,ALKA,MEIA NOITE,G,CS2_match_Ldp1rAFF9qpVTAbnwCJRJnJ,MAP 2 Kills,kills,2,2,0,,0,2026-09-01T17:00:00.000-04:00,2026-09-25T17:00:00.000-04:00,14.5,2026-09-25T12:41:59+00:00,14.5,standard,2026-09-25T20:56:21+00:00,pre_game,,
prizepicks,15212981,cs2,CS2,340736,nyezin,MEIA NOITE,ALKA,G,CS2_match_Ldp1rAFF9qpVTAbnwCJRJnJ,MAP 2 Kills,kills,2,2,0,,0,2026-09-01T17:00:00.000-04:00,2026-09-25T17:00:00.000-04:00,14.5,2026-09-25T12:41:59+00:00,14.5,goblin,2026-09-25T20:56:21+00:00,pre_game,,
prizepicks,15212996,cs2,CS2,328618,vinaabEAST,ALKA,MEIA NOITE,G,CS2_match_Ldp1rAFF9qpVTAbnwCJRJnJ,MAP 2 Kills,kills,2,2,0,,0,2026-09-01T17:00:00.000-04:00,2026-09-25T17:00:00.000-04:00,14.5,2026-09-25T12:41:59+00:00,14.5,standard,2026-09-25T20:48:40+00:00,pre_game,,
prizepicks,15212961,cs2,CS2,326344,bnc,ALKA,MEIA NOITE,G,CS2_match_Ldp1rAFF9qpVTAbnwCJRJnJ,MAP 2 Kills,kills,2,2,0,,0,2026-09-01T17:00:00.000-04:00,2026-09-25T17:00:00.000-04:00,13.5,2026-09-25T12:41:59+00:00,13.5,goblin,2026-09-25T20:56:21+00:00,pre_game,,
prizepicks,15212969,cs2,CS2,340735,bsd,MEIA NOITE,ALKA,G,CS2_match_Ldp1rAFF9qpVTAbnwCJRJnJ,MAP 2 Kills,kills,2,2,0,,0,2026-09-01T17:00:00.000-04:00,2026-09-25T17:00:00.000-04:00,13.5,2026-09-25T12:41:59+00:00,13.5,goblin,2026-09-25T20:56:21+00:00,pre_game,,
prizepicks,15212975,cs2,CS2,339307,cerolzin,ALKA,MEIA NOITE,G,CS2_match_Ldp1rAFF9qpVTAbnwCJRJnJ,MAP 2 Kills,kills,2,2,0,,0,2026-09-01T17:00:00.000-04:00,2026-09-25T17:00:00.000-04:00,13.5,2026-09-25T12:41:59+00:00,13.5,goblin,2026-09-25T20:56:21+00:00,pre_game,,
prizepicks,15212992,cs2,CS2,326345,puni,ALKA,MEIA NOITE,G,CS2_match_Ldp1rAFF9qpVTAbnwCJRJnJ,MAP 2 Kills,kills,2,2,0,,0,2026-09-01T17:00:00.000-04:00,2026-09-25T17:00:00.000-04:00,13.5,2026-09-25T12:41:59+00:00,13.5,demon,2026-09-25T20:56:21+00:00,pre_game,,
prizepicks,15212998,cs2,CS2,328618,vinaabEAST,ALKA,MEIA NOITE,G,CS2_match_Ldp1rAFF9qpVTAbnwCJRJnJ,MAP 2 Kills,kills,2,2,0,,0,2026-09-01T17:00:00.000-04:00,2026-09-25T17:00:00.000-04:00,13.5,2026-09-25T12:41:59+00:00,13.5,goblin,2026-09-25T20:56:21+00:00,pre_game,,
prizepicks,15212991,cs2,CS2,326345,puni,ALKA,MEIA NOITE,G,CS2_match_Ldp1rAFF9qpVTAbnwCJRJnJ,MAP 2 Kills,kills,2,2,0,,0,2026-09-01T17:00:00.000-04:00,2026-09-25T17:00:00.000-04:00,12.5,2026-09-25T12:41:59+00:00,12.5,standard,2026-09-25T20:56:21+00:00,pre_game,,
prizepicks,15212993,cs2,CS2,326345,puni,ALKA,MEIA NOITE,G,CS2_match_Ldp1rAFF9qpVTAbnwCJRJnJ,MAP 2 Kills,kills,2,2,0,,0,2026-09-01T17:00:00.000-04:00,2026-09-25T17:00:00.000-04:00,11.5,2026-09-25T12:41:59+00:00,11.5,goblin,2026-09-25T20:56:21+00:00,pre_game,,
prizepicks,15212952,cs2,CS2,340734,abr,MEIA NOITE,ALKA,G,CS2_match_Ldp1rAFF9qpVTAbnwCJRJnJ,MAP 2 Headshots,headshots,2,2,0,,0,2026-09-01T17:00:00.000-04:00,2026-09-25T17:00:00.000-04:00,7.5,2026-09-25T12:41:59+00:00,7.5,standard,2026-09-25T20:56:21+00:00,pre_game,,
prizepicks,15212958,cs2,CS2,326344,bnc,ALKA,MEIA NOITE,G,CS2_match_Ldp1rAFF9qpVTAbnwCJRJnJ,MAP 2 Headshots,headshots,2,2,0,,0,2026-09-01T17:00:00.000-04:00,2026-09-25T17:00:00.000-04:00,7.5,2026-09-25T12:41:59+00:00,7.5,standard,2026-09-25T20:56:21+00:00,pre_game,,
prizepicks,15212966,cs2,CS2,340735,bsd,MEIA NOITE,ALKA,G,CS2_match_Ldp1rAFF9qpVTAbnwCJRJnJ,MAP 2 Headshots,headshots,2,2,0,,0,2026-09-01T17:00:00.000-04:00,2026-09-25T17:00:00.000-04:00,4.5,2026-09-25T12:41:59+00:00,4.5,standard,2026-09-25T20:56:21+00:00,pre_game,,
prizepicks,15215017,cs2,CS2,338741,PKL,Galorys,,G,CS2_match_avZgCqXGXnWFOWFbmWt1Jjd1,MAPS 1-2 Kills,kills,1,2,0,,0,2026-09-01T17:00:00.000-04:00,2026-09-25T17:00:00.000-04:00,25.5,2026-09-25T12:41:59+00:00,25.5,standard,2026-09-25T20:56:21+00:00,pre_game,,
prizepicks,15215022,cs2,CS2,338741,PKL,Galorys,,G,CS2_match_avZgCqXGXnWFOWFbmWt1Jjd1,MAPS 1-2 Headshots,headshots,1,2,0,,0,2026-09-01T17:00:00.000-04:00,2026-09-25T17:00:00.000-04:00,14.5,2026-09-25T12:41:59+00:00,14.5,standard,2026-09-25T20:56:21+00:00,pre_game,,
prizepicks,15215018,cs2,CS2,338742,detr0ittJ,Galorys,,G,CS2_match_avZgCqXGXnWFOWFbmWt1Jjd1,MAPS 1-2 Kills,kills,1,2,0,,0,2026-09-01T17:00:00.000-04:00,2026-09-25T17:00:00.000-04:00,29.5,2026-09-25T12:41:59+00:00,28.5,standard,2026-09-25T20:56:21+00:00,pre_game,,
prizepicks,15215019,cs2,CS2,261216,tomate,Galorys,,G,CS2_match_avZgCqXGXnWFOWFbmWt1Jjd1,MAPS 1-2 Kills,kills,1,2,0,,0,2026-09-01T17:00:00.000-04:00,2026-09-25T17:00:00.000-04:00,31.5,2026-09-25T12:41:59+00:00,31.5,standard,2026-09-25T20:56:21+00:00,pre_game,,
prizepicks,15215024,cs2,CS2,261216,tomate,Galorys,,G,CS2_match_avZgCqXGXnWFOWFbmWt1Jjd1,MAPS 1-2 Headshots,headshots,1,2,0,,0,2026-09-01T17:00:00.000-04:00,2026-09-25T17:00:00.000-04:00,16.5,2026-09-25T12:41:59+00:00,16.5,standard,2026-09-25T20:56:21+00:00,pre_game,,
prizepicks,15215020,cs2,CS2,261218,gbb,Galorys,,G,CS2_match_avZgCqXGXnWFOWFbmWt1Jjd1,MAPS 1-2 Kills,kills,1,2,0,,0,2026-09-01T17:00:00.000-04:00,2026-09-25T17:00:00.000-04:00,31.5,2026-09-25T12:41:59+00:00,31.5,standard,2026-09-25T20:56:21+00:00,pre_game,,
prizepicks,15215025,cs2,CS2,261218,gbb,Galorys,,G,CS2_match_avZgCqXGXnWFOWFbmWt1Jjd1,MAPS 1-2 Headshots,headshots,1,2,0,,0,2026-09-01T17:00:00.000-04:00,2026-09-25T17:00:00.000-04:00,15.5,2026-09-25T12:41:59+00:00,15.5,standard,2026-09-25T20:56:21+00:00,pre_game,,
prizepicks,15215021,cs2,CS2,261220,destiny,Galorys,,G,CS2_match_avZgCqXGXnWFOWFbmWt1Jjd1,MAPS 1-2 Kills,kills,1,2,0,,0,2026-09-01T17:00:00.000-04:00,2026-09-25T17:00:00.000-04:00,29.5,2026-09-25T12:41:59+00:00,29.5,standard,2026-09-25T20:56:21+00:00,pre_game,,
prizepicks,15215026,cs2,CS2,261220,destiny,Galorys,,G,CS2_match_avZgCqXGXnWFOWFbmWt1Jjd1,MAPS 1-2 Headshots,headshots,1,2,0,,0,2026-09-01T17:00:00.000-04:00,2026-09-25T17:00:00.000-04:00,14.5,2026-09-25T12:41:59+00:00,14.5,standard,2026-09-25T20:56:21+00:00,pre_game,,
prizepicks,15215272,cs2,CS2,326344,bnc,ALKA,MEIA NOITE,G,CS2_match_Ldp1rAFF9qpVTAbnwCJRJnJ,MAPS 1-2 Kills,kills,1,2,0,,0,2026-09-01T17:00:00.000-04:00,2026-09-25T17:00:00.000-04:00,29.5,2026-09-25T12:41:59+00:00,29.5,standard,2026-09-25T20:56:21+00:00,pre_game,,
prizepicks,15215280,cs2,CS2,326344,bnc,ALKA,MEIA NOITE,G,CS2_match_Ldp1rAFF9qpVTAbnwCJRJnJ,MAPS 1-2 Headshots,headshots,1,2,0,,0,2026-09-01T17:00:00.000-04:00,2026-09-25T17:00:00.000-04:00,15.5,2026-09-25T12:41:59+00:00,15.5,standard,2026-09-25T20:56:21+00:00,pre_game,,
prizepicks,15215273,cs2,CS2,339307,cerolzin,ALKA,MEIA NOITE,G,CS2_match_Ldp1rAFF9qpVTAbnwCJRJnJ,MAPS 1-2 Kills,kills,1,2,0,,0,2026-09-01T17:00:00.000-04:00,2026-09-25T17:00:00.000-04:00,30.5,2026-09-25T12:41:59+00:00,29.5,standard,2026-09-25T20:56:21+00:00,pre_game,,
prizepicks,15215281,cs2,CS2,339307,cerolzin,ALKA,MEIA NOITE,G,CS2_match_Ldp1rAFF9qpVTAbnwCJRJnJ,MAPS 1-2 Headshots,headshots,1,2,0,,0,2026-09-01T17:00:00.000-04:00,2026-09-25T17:00:00.000-04:00,15.5,2026-09-25T12:41:59+00:00,15.5,standard,2026-09-25T20:56:21+00:00,pre_game,,
prizepicks,15215274,cs2,CS2,326345,puni,ALKA,MEIA NOITE,G,CS2_match_Ldp1rAFF9qpVTAbnwCJRJnJ,MAPS 1-2 Kills,kills,1,2,0,,0,2026-09-01T17:00:00.000-04:00,2026-09-25T17:00:00.000-04:00,24.5,2026-09-25T12:41:59+00:00,24.5,standard,2026-09-25T20:56:21+00:00,pre_game,,
prizepicks,15215282,cs2,CS2,326345,puni,ALKA,MEIA NOITE,G,CS2_match_Ldp1rAFF9qpVTAbnwCJRJnJ,MAPS 1-2 Headshots,headshots,1,2,0,,0,2026-09-01T17:00:00.000-04:00,2026-09-25T17:00:00.000-04:00,13.5,2026-09-25T12:41:59+00:00,13.5,standard,2026-09-25T20:56:21+00:00,pre_game,,
prizepicks,15215275,cs2,CS2,328618,vinaabEAST,ALKA,MEIA NOITE,G,CS2_match_Ldp1rAFF9qpVTAbnwCJRJnJ,MAPS 1-2 Kills,kills,1,2,0,,0,2026-09-01T17:00:00.000-04:00,2026-09-25T17:00:00.000-04:00,30.5,2026-09-25T12:41:59+00:00,30.5,standard,2026-09-25T20:56:21+00:00,pre_game,,
prizepicks,15215283,cs2,CS2,328618,vinaabEAST,ALKA,MEIA NOITE,G,CS2_match_Ldp1rAFF9qpVTAbnwCJRJnJ,MAPS 1-2 Headshots,headshots,1,2,0,,0,2026-09-01T17:00:00.000-04:00,2026-09-25T17:00:00.000-04:00,16.5,2026-09-25T12:41:59+00:00,16.5,standard,2026-09-25T20:56:21+00:00,pre_game,,
prizepicks,15215276,cs2,CS2,340734,abr,MEIA NOITE,ALKA,G,CS2_match_Ldp1rAFF9qpVTAbnwCJRJnJ,MAPS 1-2 Kills,kills,1,2,0,,0,2026-09-01T17:00:00.000-04:00,2026-09-25T17:00:00.000-04:00,29.5,2026-09-25T12:41:59+00:00,29.5,standard,2026-09-25T20:56:21+00:00,pre_game,,
prizepicks,15215284,cs2,CS2,340734,abr,MEIA NOITE,ALKA,G,CS2_match_Ldp1rAFF9qpVTAbnwCJRJnJ,MAPS 1-2 Headshots,headshots,1,2,0,,0,2026-09-01T17:00:00.000-04:00,2026-09-25T17:00:00.000-04:00,15.5,2026-09-25T12:41:59+00:00,15.5,standard,2026-09-25T20:56:21+00:00,pre_game,,
prizepicks,15215277,cs2,CS2,340736,nyezin,MEIA NOITE,ALKA,G,CS2_match_Ldp1rAFF9qpVTAbnwCJRJnJ,MAPS 1-2 Kills,kills,1,2,0,,0,2026-09-01T17:00:00.000-04:00,2026-09-25T17:00:00.000-04:00,31.5,2026-09-25T12:41:59+00:00,31.5,standard,2026-09-25T20:56:21+00:00,pre_game,,
prizepicks,15215285,cs2,CS2,340736,nyezin,MEIA NOITE,ALKA,G,CS2_match_Ldp1rAFF9qpVTAbnwCJRJnJ,MAPS 1-2 Headshots,headshots,1,2,0,,0,2026-09-01T17:00:00.000-04:00,2026-09-25T17:00:00.000-04:00,14.5,2026-09-25T12:41:59+00:00,14.5,standard,2026-09-25T20:56:21+00:00,pre_game,,
prizepicks,15215278,cs2,CS2,340735,bsd,MEIA NOITE,ALKA,G,CS2_match_Ldp1rAFF9qpVTAbnwCJRJnJ,MAPS 1-2 Kills,kills,1,2,0,,0,2026-09-01T17:00:00.000-04:00,2026-09-25T17:00:00.000-04:00,29.5,2026-09-25T12:41:59+00:00,29.5,standard,2026-09-25T20:56:21+00:00,pre_game,,
prizepicks,15215286,cs2,CS2,340735,bsd,MEIA NOITE,ALKA,G,CS2_match_Ldp1rAFF9qpVTAbnwCJRJnJ,MAPS 1-2 Headshots,headshots,1,2,0,,0,2026-09-01T17:00:00.000-04:00,2026-09-25T17:00:00.000-04:00,10.5,2026-09-25T12:41:59+00:00,10.5,standard,2026-09-25T20:56:21+00:00,pre_game,,
prizepicks,15215279,cs2,CS2,347609,Jerr1,MEIA NOITE,ALKA,G,CS2_match_Ldp1rAFF9qpVTAbnwCJRJnJ,MAPS 1-2 Kills,kills,1,2,0,,0,2026-09-01T17:00:00.000-04:00,2026-09-25T17:00:00.000-04:00,26.5,2026-09-25T12:41:59+00:00,26.5,standard,2026-09-25T20:56:21+00:00,pre_game,,
prizepicks,15215287,cs2,CS2,347609,Jerr1,MEIA NOITE,ALKA,G,CS2_match_Ldp1rAFF9qpVTAbnwCJRJnJ,MAPS 1-2 Headshots,headshots,1,2,0,,0,2026-09-01T17:00:00.000-04:00,2026-09-25T17:00:00.000-04:00,13.5,2026-09-25T12:41:59+00:00,13.5,standard,2026-09-25T20:56:21+00:00,pre_game,,
prizepicks,14893731,val,VAL,45461,SUYGETSU,Karmine Corp,XLG Esports,G,XLG EsportsKarmine Corp46290.4166666667,MAP 3 Kills,kills,3,3,0,,1,2026-09-25T07:55:00.000-04:00,2026-09-25T09:25:00.000-04:00,13.5,2026-09-25T12:42:11+00:00,13.5,standard,2026-09-25T12:42:11+00:00,pre_game,,
prizepicks,14893732,val,VAL,184264,avez,Karmine Corp,XLG Esports,G,XLG EsportsKarmine Corp46290.4166666667,MAP 3 Kills,kills,3,3,0,,1,2026-09-25T07:55:00.000-04:00,2026-09-25T09:25:00.000-04:00,13.5,2026-09-25T12:42:11+00:00,13.5,standard,2026-09-25T12:42:11+00:00,pre_game,,
prizepicks,14893733,val,VAL,223798,dos9,Karmine Corp,XLG Esports,G,XLG EsportsKarmine Corp46290.4166666667,MAP 3 Kills,kills,3,3,0,,1,2026-09-25T07:55:00.000-04:00,2026-09-25T09:25:00.000-04:00,13.5,2026-09-25T12:42:11+00:00,13.5,standard,2026-09-25T12:42:11+00:00,pre_game,,
prizepicks,14893734,val,VAL,219728,LewN,Karmine Corp,XLG Esports,G,XLG EsportsKarmine Corp46290.4166666667,MAP 3 Kills,kills,3,3,0,,1,2026-09-25T07:55:00.000-04:00,2026-09-25T09:25:00.000-04:00,16.5,2026-09-25T12:42:11+00:00,16.5,standard,2026-09-25T12:42:11+00:00,pre_game,,
prizepicks,14893735,val,VAL,311189,N4RRATE,Karmine Corp,XLG Esports,G,XLG EsportsKarmine Corp46290.4166666667,MAP 3 Kills,kills,3,3,0,,1,2026-09-25T07:55:00.000-04:00,2026-09-25T09:25:00.000-04:00,17.0,2026-09-25T12:42:11+00:00,17.0,standard,2026-09-25T12:42:11+00:00,pre_game,,
prizepicks,14893736,val,VAL,297281,NoMan,XLG Esports,Karmine Corp,G,XLG EsportsKarmine Corp46290.4166666667,MAP 3 Kills,kills,3,3,0,,1,2026-09-25T07:55:00.000-04:00,2026-09-25T09:25:00.000-04:00,13.0,2026-09-25T12:42:11+00:00,13.0,standard,2026-09-25T12:42:11+00:00,pre_game,,
prizepicks,14893737,val,VAL,213224,Rarga,XLG Esports,Karmine Corp,G,XLG EsportsKarmine Corp46290.4166666667,MAP 3 Kills,kills,3,3,0,,1,2026-09-25T07:55:00.000-04:00,2026-09-25T09:25:00.000-04:00,15.0,2026-09-25T12:42:11+00:00,15.0,standard,2026-09-25T12:42:11+00:00,pre_game,,
prizepicks,14893738,val,VAL,297282,WsLeo,XLG Esports,Karmine Corp,G,XLG EsportsKarmine Corp46290.4166666667,MAP 3 Kills,kills,3,3,0,,1,2026-09-25T07:55:00.000-04:00,2026-09-25T09:25:00.000-04:00,12.0,2026-09-25T12:42:11+00:00,12.0,standard,2026-09-25T12:42:11+00:00,pre_game,,
prizepicks,14893739,val,VAL,297280,Lysoar,XLG Esports,Karmine Corp,G,XLG EsportsKarmine Corp46290.4166666667,MAP 3 Kills,kills,3,3,0,,1,2026-09-25T07:55:00.000-04:00,2026-09-25T09:25:00.000-04:00,13.5,2026-09-25T12:42:11+00:00,13.5,standard,2026-09-25T12:42:11+00:00,pre_game,,
prizepicks,14893740,val,VAL,299216,happywei,XLG Esports,Karmine Corp,G,XLG EsportsKarmine Corp46290.4166666667,MAP 3 Kills,kills,3,3,0,,1,2026-09-25T07:55:00.000-04:00,2026-09-25T09:25:00.000-04:00,14.0,2026-09-25T12:42:11+00:00,14.0,standard,2026-09-25T12:42:11+00:00,pre_game,,
prizepicks,15199491,dota,Dota2,342092,Timado,GL,1win,1,1winGL46290.3333333333,MAP 3 Kills,kills,3,3,0,,1,2026-09-25T06:30:00.000-04:00,2026-09-25T09:25:00.000-04:00,6.5,2026-09-25T13:22:39+00:00,6.5,standard,2026-09-25T13:22:39+00:00,pre_game,,
prizepicks,15199492,dota,Dota2,222459,RCY,GL,1win,2,1winGL46290.3333333333,MAP 3 Kills,kills,3,3,0,,1,2026-09-25T06:30:00.000-04:00,2026-09-25T09:25:00.000-04:00,7.0,2026-09-25T13:22:39+00:00,7.0,standard,2026-09-25T13:22:39+00:00,pre_game,,
prizepicks,15199493,dota,Dota2,222460,Fayde,GL,1win,3,1winGL46290.3333333333,MAP 3 Kills,kills,3,3,0,,1,2026-09-25T06:30:00.000-04:00,2026-09-25T09:25:00.000-04:00,3.5,2026-09-25T13:22:39+00:00,3.5,standard,2026-09-25T13:22:39+00:00,pre_game,,
prizepicks,15199494,dota,Dota2,222461,Bignum,GL,1win,4,1winGL46290.3333333333,MAP 3 Kills,kills,3,3,0,,1,2026-09-25T06:30:00.000-04:00,2026-09-25T09:25:00.000-04:00,3.0,2026-09-25T13:22:39+00:00,3.0,standard,2026-09-25T13:22:39+00:00,pre_game,,
prizepicks,15199495,dota,Dota2,222462,Speeed,GL,1win,5,1winGL46290.3333333333,MAP 3 Kills,kills,3,3,0,,1,2026-09-25T06:30:00.000-04:00,2026-09-25T09:25:00.000-04:00,2.5,2026-09-25T13:22:39+00:00,2.5,standard,2026-09-25T13:22:39+00:00,pre_game,,
prizepicks,15199496,dota,Dota2,345223,Shad,1win,GL,1,1winGL46290.3333333333,MAP 3 Kills,kills,3,3,0,,1,2026-09-25T06:30:00.000-04:00,2026-09-25T09:25:00.000-04:00,7.5,2026-09-25T13:22:39+00:00,7.5,standard,2026-09-25T13:22:39+00:00,pre_game,,
prizepicks,15199497,dota,Dota2,345224,bzm,1win,GL,2,1winGL46290.3333333333,MAP 3 Kills,kills,3,3,0,,1,2026-09-25T06:30:00.000-04:00,2026-09-25T09:25:00.000-04:00,8.5,2026-09-25T13:22:39+00:00,8.5,standard,2026-09-25T13:22:39+00:00,pre_game,,
prizepicks,15199498,dota,Dota2,345225,33,1win,GL,3,1winGL46290.3333333333,MAP 3 Kills,kills,3,3,0,,1,2026-09-25T06:30:00.000-04:00,2026-09-25T09:25:00.000-04:00,5.5,2026-09-25T13:22:39+00:00,5.5,standard,2026-09-25T13:22:39+00:00,pre_game,,
prizepicks,15199499,dota,Dota2,345226,Ari,1win,GL,4,1winGL46290.3333333333,MAP 3 Kills,kills,3,3,0,,1,2026-09-25T06:30:00.000-04:00,2026-09-25T09:25:00.000-04:00,3.0,2026-09-25T13:22:39+00:00,3.0,standard,2026-09-25T13:22:39+00:00,pre_game,,
prizepicks,15199500,dota,Dota2,345227,Whitemon,1win,GL,5,1winGL46290.3333333333,MAP 3 Kills,kills,3,3,0,,1,2026-09-25T06:30:00.000-04:00,2026-09-25T09:25:00.000-04:00,3.5,2026-09-25T13:22:39+00:00,3.5,standard,2026-09-25T13:22:39+00:00,pre_game,,
prizepicks,15213142,cs2,,291751,phzy,Astralis,Betclic,G,BetclicAstralis46290.5,MAP 3 Kills,kills,3,3,0,,1,2026-09-25T10:30:00.000-04:00,2026-09-25T12:20:00.000-04:00,14.5,2026-09-25T15:31:07+00:00,14.5,standard,2026-09-25T15:39:47+00:00,pre_game,,
prizepicks,15213143,cs2,,237532,HooXi,Astralis,Betclic,G,BetclicAstralis46290.5,MAP 3 Kills,kills,3,3,0,,1,2026-09-25T10:30:00.000-04:00,2026-09-25T12:20:00.000-04:00,12.0,2026-09-25T15:31:07+00:00,12.0,standard,2026-09-25T15:39:47+00:00,pre_game,,
prizepicks,15213144,cs2,,169105,jabbi,Astralis,Betclic,G,BetclicAstralis46290.5,MAP 3 Kills,kills,3,3,0,,1,2026-09-25T10:30:00.000-04:00,2026-09-25T12:20:00.000-04:00,15.5,2026-09-25T15:31:07+00:00,15.5,standard,2026-09-25T15:39:47+00:00,pre_game,,
prizepicks,15213145,cs2,,168368,Staehr,Astralis,Betclic,G,BetclicAstralis46290.5,MAP 3 Kills,kills,3,3,0,,1,2026-09-25T10:30:00.000-04:00,2026-09-25T12:20:00.000-04:00,16.0,2026-09-25T15:31:07+00:00,16.0,standard,2026-09-25T15:39:47+00:00,pre_game,,
prizepicks,15213146,cs2,,291752,ryu,Astralis,Betclic,G,BetclicAstralis46290.5,MAP 3 Kills,kills,3,3,0,,1,2026-09-25T10:30:00.000-04:00,2026-09-25T12:20:00.000-04:00,15.0,2026-09-25T15:31:07+00:00,15.0,standard,2026-09-25T15:39:47+00:00,pre_game,,
prizepicks,15213147,cs2,,242640,Demho,Betclic,Astralis,G,BetclicAstralis46290.5,MAP 3 Kills,kills,3,3,0,,1,2026-09-25T10:30:00.000-04:00,2026-09-25T12:20:00.000-04:00,12.0,2026-09-25T15:31:07+00:00,12.0,standard,2026-09-25T15:39:47+00:00,pre_game,,
prizepicks,15213148,cs2,,242642,Prism,Betclic,Astralis,G,BetclicAstralis46290.5,MAP 3 Kills,kills,3,3,0,,1,2026-09-25T10:30:00.000-04:00,2026-09-25T12:20:00.000-04:00,13.5,2026-09-25T15:31:07+00:00,13.5,standard,2026-09-25T15:39:47+00:00,pre_game,,
prizepicks,15213149,cs2,,330653,ex1st,Betclic,Astralis,G,BetclicAstralis46290.5,MAP 3 Kills,kills,3,3,0,,1,2026-09-25T10:30:00.000-04:00,2026-09-25T12:20:00.000-04:00,15.0,2026-09-25T15:31:07+00:00,15.0,standard,2026-09-25T15:39:47+00:00,pre_game,,
prizepicks,15213150,cs2,,324958,Qlocuu,Betclic,Astralis,G,BetclicAstralis46290.5,MAP 3 Kills,kills,3,3,0,,1,2026-09-25T10:30:00.000-04:00,2026-09-25T12:20:00.000-04:00,13.5,2026-09-25T15:31:07+00:00,13.5,standard,2026-09-25T15:39:47+00:00,pre_game,,
prizepicks,15213151,cs2,,341082,ultimate,Betclic,Astralis,G,BetclicAstralis46290.5,MAP 3 Kills,kills,3,3,0,,1,2026-09-25T10:30:00.000-04:00,2026-09-25T12:20:00.000-04:00,13.5,2026-09-25T15:31:07+00:00,13.5,standard,2026-09-25T15:39:47+00:00,pre_game,,
prizepicks,15213153,cs2,,237532,HooXi,Astralis,Betclic,G,BetclicAstralis46290.5,MAP 3 Headshots,headshots,3,3,0,,1,2026-09-25T10:30:00.000-04:00,2026-09-25T12:20:00.000-04:00,6.5,2026-09-25T15:31:07+00:00,6.5,standard,2026-09-25T15:39:47+00:00,pre_game,,
prizepicks,15213154,cs2,,169105,jabbi,Astralis,Betclic,G,BetclicAstralis46290.5,MAP 3 Headshots,headshots,3,3,0,,1,2026-09-25T10:30:00.000-04:00,2026-09-25T12:20:00.000-04:00,10.5,2026-09-25T15:31:07+00:00,10.5,standard,2026-09-25T15:39:47+00:00,pre_game,,
prizepicks,15213155,cs2,,168368,Staehr,Astralis,Betclic,G,BetclicAstralis46290.5,MAP 3 Headshots,headshots,3,3,0,,1,2026-09-25T10:30:00.000-04:00,2026-09-25T12:20:00.000-04:00,9.0,2026-09-25T15:31:07+00:00,9.0,standard,2026-09-25T15:39:47+00:00,pre_game,,
prizepicks,15213156,cs2,,291752,ryu,Astralis,Betclic,G,BetclicAstralis46290.5,MAP 3 Headshots,headshots,3,3,0,,1,2026-09-25T10:30:00.000-04:00,2026-09-25T12:20:00.000-04:00,8.0,2026-09-25T15:31:07+00:00,8.0,standard,2026-09-25T15:39:47+00:00,pre_game,,
prizepicks,15213157,cs2,,242640,Demho,Betclic,Astralis,G,BetclicAstralis46290.5,MAP 3 Headshots,headshots,3,3,0,,1,2026-09-25T10:30:00.000-04:00,2026-09-25T12:20:00.000-04:00,5.5,2026-09-25T15:31:07+00:00,5.5,standard,2026-09-25T15:39:47+00:00,pre_game,,
prizepicks,15213158,cs2,,242642,Prism,Betclic,Astralis,G,BetclicAstralis46290.5,MAP 3 Headshots,headshots,3,3,0,,1,2026-09-25T10:30:00.000-04:00,2026-09-25T12:20:00.000-04:00,6.5,2026-09-25T15:31:07+00:00,6.5,standard,2026-09-25T15:39:47+00:00,pre_game,,
prizepicks,15213159,cs2,,330653,ex1st,Betclic,Astralis,G,BetclicAstralis46290.5,MAP 3 Headshots,headshots,3,3,0,,1,2026-09-25T10:30:00.000-04:00,2026-09-25T12:20:00.000-04:00,8.0,2026-09-25T15:31:07+00:00,8.0,standard,2026-09-25T15:39:47+00:00,pre_game,,
prizepicks,15213160,cs2,,324958,Qlocuu,Betclic,Astralis,G,BetclicAstralis46290.5,MAP 3 Headshots,headshots,3,3,0,,1,2026-09-25T10:30:00.000-04:00,2026-09-25T12:20:00.000-04:00,7.0,2026-09-25T15:31:07+00:00,7.0,standard,2026-09-25T15:39:47+00:00,pre_game,,
prizepicks,15213161,cs2,,341082,ultimate,Betclic,Astralis,G,BetclicAstralis46290.5,MAP 3 Headshots,headshots,3,3,0,,1,2026-09-25T10:30:00.000-04:00,2026-09-25T12:20:00.000-04:00,4.5,2026-09-25T15:31:07+00:00,4.5,standard,2026-09-25T15:39:47+00:00,pre_game,,
prizepicks,15195630,cs2,,330067,Brilliance,ex-RUSTEC,Omega,G,Omegaex-RUSTEC46290.5,MAP 3 Kills,kills,3,3,0,,1,2026-09-25T10:45:00.000-04:00,2026-09-25T12:45:00.000-04:00,14.0,2026-09-25T15:31:07+00:00,14.0,standard,2026-09-25T16:41:23+00:00,pre_game,,
prizepicks,15195631,cs2,,330070,youka,ex-RUSTEC,Omega,G,Omegaex-RUSTEC46290.5,MAP 3 Kills,kills,3,3,0,,1,2026-09-25T10:45:00.000-04:00,2026-09-25T12:45:00.000-04:00,15.5,2026-09-25T15:31:07+00:00,15.5,standard,2026-09-25T16:41:23+00:00,pre_game,,
prizepicks,15195632,cs2,,330069,yiksrezo,ex-RUSTEC,Omega,G,Omegaex-RUSTEC46290.5,MAP 3 Kills,kills,3,3,0,,1,2026-09-25T10:45:00.000-04:00,2026-09-25T12:45:00.000-04:00,15.5,2026-09-25T15:31:07+00:00,15.5,standard,2026-09-25T16:41:23+00:00,pre_game,,
prizepicks,15195633,cs2,,331452,shalfey,ex-RUSTEC,Omega,G,Omegaex-RUSTEC46290.5,MAP 3 Kills,kills,3,3,0,,1,2026-09-25T10:45:00.000-04:00,2026-09-25T12:45:00.000-04:00,15.5,2026-09-25T15:31:07+00:00,15.5,standard,2026-09-25T16:41:23+00:00,pre_game,,
prizepicks,15195634,cs2,,330071,jakekeS,ex-RUSTEC,Omega,G,Omegaex-RUSTEC46290.5,MAP 3 Kills,kills,3,3,0,,1,2026-09-25T10:45:00.000-04:00,2026-09-25T12:45:00.000-04:00,12.5,2026-09-25T15:31:07+00:00,12.5,standard,2026-09-25T16:41:23+00:00,pre_game,,
prizepicks,15195635,cs2,,330067,Brilliance,ex-RUSTEC,Omega,G,Omegaex-RUSTEC46290.5,MAP 3 Headshots,headshots,3,3,0,,1,2026-09-25T10:45:00.000-04:00,2026-09-25T12:45:00.000-04:00,8.0,2026-09-25T15:31:07+00:00,8.0,standard,2026-09-25T16:41:23+00:00,pre_game,,
prizepicks,15195636,cs2,,330070,youka,ex-RUSTEC,Omega,G,Omegaex-RUSTEC46290.5,MAP 3 Headshots,headshots,3,3,0,,1,2026-09-25T10:45:00.000-04:00,2026-09-25T12:45:00.000-04:00,5.0,2026-09-25T15:31:07+00:00,5.0,standard,2026-09-25T16:41:23+00:00,pre_game,,
prizepicks,15195637,cs2,,330069,yiksrezo,ex-RUSTEC,Omega,G,Omegaex-RUSTEC46290.5,MAP 3 Headshots,headshots,3,3,0,,1,2026-09-25T10:45:00.000-04:00,2026-09-25T12:45:00.000-04:00,10.5,2026-09-25T15:31:07+00:00,10.5,standard,2026-09-25T16:41:23+00:00,pre_game,,
prizepicks,15195638,cs2,,331452,shalfey,ex-RUSTEC,Omega,G,Omegaex-RUSTEC46290.5,MAP 3 Headshots,headshots,3,3,0,,1,2026-09-25T10:45:00.000-04:00,2026-09-25T12:45:00.000-04:00,9.0,2026-09-25T15:31:07+00:00,9.0,standard,2026-09-25T16:41:23+00:00,pre_game,,
prizepicks,15195639,cs2,,330071,jakekeS,ex-RUSTEC,Omega,G,Omegaex-RUSTEC46290.5,MAP 3 Headshots,headshots,3,3,0,,1,2026-09-25T10:45:00.000-04:00,2026-09-25T12:45:00.000-04:00,6.5,2026-09-25T15:31:07+00:00,6.5,standard,2026-09-25T16:41:23+00:00,pre_game,,
prizepicks,15194630,cs2,CS2,296304,tENZY,magic,EYEBALLERS,G,EYEBALLERSmagic46290.5416666667,MAP 3 Kills,kills,3,3,0,,1,2026-09-25T11:30:00.000-04:00,2026-09-25T15:25:00.000-04:00,16.0,2026-09-25T15:31:07+00:00,16.0,standard,2026-09-25T19:20:36+00:00,pre_game,,
prizepicks,15194631,cs2,CS2,310976,mo0n,magic,EYEBALLERS,G,EYEBALLERSmagic46290.5416666667,MAP 3 Kills,kills,3,3,0,,1,2026-09-25T11:30:00.000-04:00,2026-09-25T15:25:00.000-04:00,15.0,2026-09-25T15:31:07+00:00,15.0,standard,2026-09-25T19:20:36+00:00,pre_game,,
prizepicks,15194632,cs2,CS2,296307,AW,magic,EYEBALLERS,G,EYEBALLERSmagic46290.5416666667,MAP 3 Kills,kills,3,3,0,,1,2026-09-25T11:30:00.000-04:00,2026-09-25T15:25:00.000-04:00,14.5,2026-09-25T15:31:07+00:00,14.5,standard,2026-09-25T19:20:36+00:00,pre_game,,
prizepicks,15194633,cs2,CS2,296305,MaSvAl,magic,EYEBALLERS,G,EYEBALLERSmagic46290.5416666667,MAP 3 Kills,kills,3,3,0,,1,2026-09-25T11:30:00.000-04:00,2026-09-25T15:25:00.000-04:00,14.0,2026-09-25T15:31:07+00:00,14.0,standard,2026-09-25T19:20:36+00:00,pre_game,,
prizepicks,15194634,cs2,CS2,296308,sFade8,magic,EYEBALLERS,G,EYEBALLERSmagic46290.5416666667,MAP 3 Kills,kills,3,3,0,,1,2026-09-25T11:30:00.000-04:00,2026-09-25T15:25:00.000-04:00,13.5,2026-09-25T15:31:07+00:00,13.5,standard,2026-09-25T19:20:36+00:00,pre_game,,
prizepicks,15194635,cs2,CS2,193011,maxster,EYEBALLERS,magic,G,EYEBALLERSmagic46290.5416666667,MAP 3 Kills,kills,3,3,0,,1,2026-09-25T11:30:00.000-04:00,2026-09-25T15:25:00.000-04:00,14.5,2026-09-25T15:31:07+00:00,14.5,standard,2026-09-25T19:20:36+00:00,pre_game,,
prizepicks,15194636,cs2,CS2,326233,KRIMZ,EYEBALLERS,magic,G,EYEBALLERSmagic46290.5416666667,MAP 3 Kills,kills,3,3,0,,1,2026-09-25T11:30:00.000-04:00,2026-09-25T15:25:00.000-04:00,13.5,2026-09-25T15:31:07+00:00,13.5,standard,2026-09-25T19:20:36+00:00,pre_game,,
prizepicks,15194637,cs2,CS2,211173,dex,EYEBALLERS,magic,G,EYEBALLERSmagic46290.5416666667,MAP 3 Kills,kills,3,3,0,,1,2026-09-25T11:30:00.000-04:00,2026-09-25T15:25:00.000-04:00,13.5,2026-09-25T15:31:07+00:00,13.5,standard,2026-09-25T19:20:36+00:00,pre_game,,
prizepicks,15194638,cs2,CS2,169325,JW,EYEBALLERS,magic,G,EYEBALLERSmagic46290.5416666667,MAP 3 Kills,kills,3,3,0,,1,2026-09-25T11:30:00.000-04:00,2026-09-25T15:25:00.000-04:00,13.0,2026-09-25T15:31:07+00:00,13.0,standard,2026-09-25T19:20:36+00:00,pre_game,,
prizepicks,15194639,cs2,CS2,238926,Ro1f,EYEBALLERS,magic,G,EYEBALLERSmagic46290.5416666667,MAP 3 Kills,kills,3,3,0,,1,2026-09-25T11:30:00.000-04:00,2026-09-25T15:25:00.000-04:00,12.5,2026-09-25T15:31:07+00:00,12.5,standard,2026-09-25T19:20:36+00:00,pre_game,,
prizepicks,15194640,cs2,CS2,296304,tENZY,magic,EYEBALLERS,G,EYEBALLERSmagic46290.5416666667,MAP 3 Headshots,headshots,3,3,0,,1,2026-09-25T11:30:00.000-04:00,2026-09-25T15:25:00.000-04:00,10.0,2026-09-25T15:31:07+00:00,10.0,standard,2026-09-25T19:20:36+00:00,pre_game,,
prizepicks,15194641,cs2,CS2,310976,mo0n,magic,EYEBALLERS,G,EYEBALLERSmagic46290.5416666667,MAP 3 Headshots,headshots,3,3,0,,1,2026-09-25T11:30:00.000-04:00,2026-09-25T15:25:00.000-04:00,6.0,2026-09-25T15:31:07+00:00,6.0,standard,2026-09-25T19:20:36+00:00,pre_game,,
prizepicks,15194642,cs2,CS2,296307,AW,magic,EYEBALLERS,G,EYEBALLERSmagic46290.5416666667,MAP 3 Headshots,headshots,3,3,0,,1,2026-09-25T11:30:00.000-04:00,2026-09-25T15:25:00.000-04:00,8.5,2026-09-25T15:31:07+00:00,8.5,standard,2026-09-25T19:20:36+00:00,pre_game,,
prizepicks,15194643,cs2,CS2,296305,MaSvAl,magic,EYEBALLERS,G,EYEBALLERSmagic46290.5416666667,MAP 3 Headshots,headshots,3,3,0,,1,2026-09-25T11:30:00.000-04:00,2026-09-25T15:25:00.000-04:00,8.0,2026-09-25T15:31:07+00:00,8.0,standard,2026-09-25T19:20:36+00:00,pre_game,,
prizepicks,15194644,cs2,CS2,296308,sFade8,magic,EYEBALLERS,G,EYEBALLERSmagic46290.5416666667,MAP 3 Headshots,headshots,3,3,0,,1,2026-09-25T11:30:00.000-04:00,2026-09-25T15:25:00.000-04:00,8.0,2026-09-25T15:31:07+00:00,8.0,standard,2026-09-25T19:20:36+00:00,pre_game,,
prizepicks,15194645,cs2,CS2,193011,maxster,EYEBALLERS,magic,G,EYEBALLERSmagic46290.5416666667,MAP 3 Headshots,headshots,3,3,0,,1,2026-09-25T11:30:00.000-04:00,2026-09-25T15:25:00.000-04:00,8.5,2026-09-25T15:31:07+00:00,8.5,standard,2026-09-25T19:20:36+00:00,pre_game,,
prizepicks,15194646,cs2,CS2,326233,KRIMZ,EYEBALLERS,magic,G,EYEBALLERSmagic46290.5416666667,MAP 3 Headshots,headshots,3,3,0,,1,2026-09-25T11:30:00.000-04:00,2026-09-25T15:25:00.000-04:00,6.5,2026-09-25T15:31:07+00:00,6.5,standard,2026-09-25T19:20:36+00:00,pre_game,,
prizepicks,15194647,cs2,CS2,211173,dex,EYEBALLERS,magic,G,EYEBALLERSmagic46290.5416666667,MAP 3 Headshots,headshots,3,3,0,,1,2026-09-25T11:30:00.000-04:00,2026-09-25T15:25:00.000-04:00,7.0,2026-09-25T15:31:07+00:00,7.0,standard,2026-09-25T19:20:36+00:00,pre_game,,
prizepicks,15194648,cs2,CS2,169325,JW,EYEBALLERS,magic,G,EYEBALLERSmagic46290.5416666667,MAP 3 Headshots,headshots,3,3,0,,1,2026-09-25T11:30:00.000-04:00,2026-09-25T15:25:00.000-04:00,4.5,2026-09-25T15:31:07+00:00,4.5,standard,2026-09-25T19:20:36+00:00,pre_game,,
prizepicks,15194649,cs2,CS2,238926,Ro1f,EYEBALLERS,magic,G,EYEBALLERSmagic46290.5416666667,MAP 3 Headshots,headshots,3,3,0,,1,2026-09-25T11:30:00.000-04:00,2026-09-25T15:25:00.000-04:00,7.0,2026-09-25T15:31:07+00:00,7.0,standard,2026-09-25T19:20:36+00:00,pre_game,,
prizepicks,15199501,dota,Dota2,230485,Ame,XG,LGD,1,LGDXG46290.4583333333,MAP 3 Kills,kills,3,3,0,,1,2026-09-25T09:30:00.000-04:00,2026-09-25T13:15:00.000-04:00,7.0,2026-09-25T15:41:11+00:00,7.0,standard,2026-09-25T17:07:17+00:00,pre_game,,
prizepicks,15199502,dota,Dota2,345233,Xm,XG,LGD,2,LGDXG46290.4583333333,MAP 3 Kills,kills,3,3,0,,1,2026-09-25T09:30:00.000-04:00,2026-09-25T13:15:00.000-04:00,6.5,2026-09-25T15:41:11+00:00,6.5,standard,2026-09-25T17:07:17+00:00,pre_game,,
prizepicks,15199503,dota,Dota2,345234,zeal,XG,LGD,3,LGDXG46290.4583333333,MAP 3 Kills,kills,3,3,0,,1,2026-09-25T09:30:00.000-04:00,2026-09-25T13:15:00.000-04:00,4.5,2026-09-25T15:41:11+00:00,4.5,standard,2026-09-25T17:07:17+00:00,pre_game,,
prizepicks,15199504,dota,Dota2,345235,XinQ,XG,LGD,4,LGDXG46290.4583333333,MAP 3 Kills,kills,3,3,0,,1,2026-09-25T09:30:00.000-04:00,2026-09-25T13:15:00.000-04:00,3.0,2026-09-25T15:41:11+00:00,3.0,standard,2026-09-25T17:07:17+00:00,pre_game,,
prizepicks,15199505,dota,Dota2,345236,BoBoKa,XG,LGD,5,LGDXG46290.4583333333,MAP 3 Kills,kills,3,3,0,,1,2026-09-25T09:30:00.000-04:00,2026-09-25T13:15:00.000-04:00,3.0,2026-09-25T15:41:11+00:00,3.0,standard,2026-09-25T17:07:17+00:00,pre_game,,
prizepicks,15199506,dota,Dota2,345267,Wits,LGD,XG,1,LGDXG46290.4583333333,MAP 3 Kills,kills,3,3,0,,1,2026-09-25T09:30:00.000-04:00,2026-09-25T13:15:00.000-04:00,6.5,2026-09-25T15:41:11+00:00,6.5,standard,2026-09-25T17:07:17+00:00,pre_game,,
prizepicks,15199507,dota,Dota2,345268,SumaiL,LGD,XG,2,LGDXG46290.4583333333,MAP 3 Kills,kills,3,3,0,,1,2026-09-25T09:30:00.000-04:00,2026-09-25T13:15:00.000-04:00,6.5,2026-09-25T15:41:11+00:00,6.5,standard,2026-09-25T17:07:17+00:00,pre_game,,
prizepicks,15199508,dota,Dota2,345269,Davai,LGD,XG,3,LGDXG46290.4583333333,MAP 3 Kills,kills,3,3,0,,1,2026-09-25T09:30:00.000-04:00,2026-09-25T13:15:00.000-04:00,4.0,2026-09-25T15:41:11+00:00,4.0,standard,2026-09-25T17:07:17+00:00,pre_game,,
prizepicks,15199509,dota,Dota2,320353,Thiolicor,LGD,XG,4,LGDXG46290.4583333333,MAP 3 Kills,kills,3,3,0,,1,2026-09-25T09:30:00.000-04:00,2026-09-25T13:15:00.000-04:00,2.5,2026-09-25T15:41:11+00:00,2.5,standard,2026-09-25T17:07:17+00:00,pre_game,,
prizepicks,15199510,dota,Dota2,345270,Sneyking,LGD,XG,5,LGDXG46290.4583333333,MAP 3 Kills,kills,3,3,0,,1,2026-09-25T09:30:00.000-04:00,2026-09-25T13:15:00.000-04:00,2.0,2026-09-25T15:41:11+00:00,2.0,standard,2026-09-25T17:07:17+00:00,pre_game,,
prizepicks,15229269,cs2,CS2,341625,autimatic,Without a Roof,F5,G,F5Without a Roof46290.8333333333,MAPS 1-2 Kills,kills,1,2,0,,0,2026-09-22T11:50:00.000-04:00,2026-09-25T17:30:00.000-04:00,29.5,2026-09-25T16:23:50+00:00,29.5,standard,2026-09-25T21:23:41+00:00,pre_game,,
prizepicks,15229270,cs2,CS2,341626,Brehze,Without a Roof,F5,G,F5Without a Roof46290.8333333333,MAPS 1-2 Kills,kills,1,2,0,,0,2026-09-22T11:50:00.000-04:00,2026-09-25T17:30:00.000-04:00,32.5,2026-09-25T16:23:50+00:00,32.5,standard,2026-09-25T21:23:41+00:00,pre_game,,
prizepicks,15229271,cs2,CS2,341627,CeRq,Without a Roof,F5,G,F5Without a Roof46290.8333333333,MAPS 1-2 Kills,kills,1,2,0,,0,2026-09-22T11:50:00.000-04:00,2026-09-25T17:30:00.000-04:00,31.0,2026-09-25T16:23:50+00:00,31.5,standard,2026-09-25T21:23:41+00:00,pre_game,,
prizepicks,15229272,cs2,CS2,341628,FaNg,Without a Roof,F5,G,F5Without a Roof46290.8333333333,MAPS 1-2 Kills,kills,1,2,0,,0,2026-09-22T11:50:00.000-04:00,2026-09-25T17:30:00.000-04:00,27.5,2026-09-25T16:23:50+00:00,28.5,standard,2026-09-25T21:23:41+00:00,pre_game,,
prizepicks,15229273,cs2,CS2,341629,Stewie2K,Without a Roof,F5,G,F5Without a Roof46290.8333333333,MAPS 1-2 Kills,kills,1,2,0,,0,2026-09-22T11:50:00.000-04:00,2026-09-25T17:30:00.000-04:00,27.5,2026-09-25T16:23:50+00:00,27.5,standard,2026-09-25T21:23:41+00:00,pre_game,,
prizepicks,15229274,cs2,CS2,341625,autimatic,Without a Roof,F5,G,F5Without a Roof46290.8333333333,MAPS 1-2 Headshots,headshots,1,2,0,,0,2026-09-22T11:50:00.000-04:00,2026-09-25T17:30:00.000-04:00,15.0,2026-09-25T16:23:50+00:00,15.0,standard,2026-09-25T21:23:41+00:00,pre_game,,
prizepicks,15229275,cs2,CS2,341626,Brehze,Without a Roof,F5,G,F5Without a Roof46290.8333333333,MAPS 1-2 Headshots,headshots,1,2,0,,0,2026-09-22T11:50:00.000-04:00,2026-09-25T17:30:00.000-04:00,21.0,2026-09-25T16:23:50+00:00,21.0,standard,2026-09-25T21:23:41+00:00,pre_game,,
prizepicks,15229276,cs2,CS2,341627,CeRq,Without a Roof,F5,G,F5Without a Roof46290.8333333333,MAPS 1-2 Headshots,headshots,1,2,0,,0,2026-09-22T11:50:00.000-04:00,2026-09-25T17:30:00.000-04:00,11.5,2026-09-25T16:23:50+00:00,10.5,standard,2026-09-25T21:23:41+00:00,pre_game,,
prizepicks,15229277,cs2,CS2,341628,FaNg,Without a Roof,F5,G,F5Without a Roof46290.8333333333,MAPS 1-2 Headshots,headshots,1,2,0,,0,2026-09-22T11:50:00.000-04:00,2026-09-25T17:30:00.000-04:00,17.0,2026-09-25T16:23:50+00:00,17.0,standard,2026-09-25T21:23:41+00:00,pre_game,,
prizepicks,15229278,cs2,CS2,341629,Stewie2K,Without a Roof,F5,G,F5Without a Roof46290.8333333333,MAPS 1-2 Headshots,headshots,1,2,0,,0,2026-09-22T11:50:00.000-04:00,2026-09-25T17:30:00.000-04:00,15.5,2026-09-25T16:23:50+00:00,15.5,standard,2026-09-25T21:23:41+00:00,pre_game,,
prizepicks,15228548,cs2,CS2,328008,Cryptic,LAG,Overtake Sector,G,CS2_match_Jx2DUwEUmZHJGprplnQxCSEc,MAPS 1-2 Kills,kills,1,2,0,,0,2026-09-23T21:00:00.000-04:00,2026-09-25T21:00:00.000-04:00,33.0,2026-09-25T16:23:50+00:00,33.0,standard,2026-09-26T00:53:28+00:00,pre_game,,
prizepicks,15228558,cs2,CS2,328008,Cryptic,LAG,Overtake Sector,G,CS2_match_Jx2DUwEUmZHJGprplnQxCSEc,MAPS 1-2 Headshots,headshots,1,2,0,,0,2026-09-23T21:00:00.000-04:00,2026-09-25T21:00:00.000-04:00,17.0,2026-09-25T16:23:50+00:00,17.5,standard,2026-09-26T00:53:28+00:00,pre_game,,
prizepicks,15228549,cs2,CS2,328009,SLIGHT,LAG,Overtake Sector,G,CS2_match_Jx2DUwEUmZHJGprplnQxCSEc,MAPS 1-2 Kills,kills,1,2,0,,0,2026-09-23T21:00:00.000-04:00,2026-09-25T21:00:00.000-04:00,31.0,2026-09-25T16:23:50+00:00,31.0,standard,2026-09-26T00:53:28+00:00,pre_game,,
prizepicks,15228559,cs2,CS2,328009,SLIGHT,LAG,Overtake Sector,G,CS2_match_Jx2DUwEUmZHJGprplnQxCSEc,MAPS 1-2 Headshots,headshots,1,2,0,,0,2026-09-23T21:00:00.000-04:00,2026-09-25T21:00:00.000-04:00,9.0,2026-09-25T16:23:50+00:00,9.0,standard,2026-09-26T00:53:28+00:00,pre_game,,
prizepicks,15228550,cs2,CS2,328010,bwills,LAG,Overtake Sector,G,CS2_match_Jx2DUwEUmZHJGprplnQxCSEc,MAPS 1-2 Kills,kills,1,2,0,,0,2026-09-23T21:00:00.000-04:00,2026-09-25T21:00:00.000-04:00,28.5,2026-09-25T16:23:50+00:00,28.5,standard,2026-09-26T00:53:28+00:00,pre_game,,
prizepicks,15228560,cs2,CS2,328010,bwills,LAG,Overtake Sector,G,CS2_match_Jx2DUwEUmZHJGprplnQxCSEc,MAPS 1-2 Headshots,headshots,1,2,0,,0,2026-09-23T21:00:00.000-04:00,2026-09-25T21:00:00.000-04:00,16.5,2026-09-25T16:23:50+00:00,16.5,standard,2026-09-26T00:53:28+00:00,pre_game,,
prizepicks,15228551,cs2,CS2,309687,djay,LAG,Overtake Sector,G,CS2_match_Jx2DUwEUmZHJGprplnQxCSEc,MAPS 1-2 Kills,kills,1,2,0,,0,2026-09-23T21:00:00.000-04:00,2026-09-25T21:00:00.000-04:00,28.5,2026-09-25T16:23:50+00:00,28.5,standard,2026-09-26T00:53:28+00:00,pre_game,,
prizepicks,15228561,cs2,CS2,309687,djay,LAG,Overtake Sector,G,CS2_match_Jx2DUwEUmZHJGprplnQxCSEc,MAPS 1-2 Headshots,headshots,1,2,0,,0,2026-09-23T21:00:00.000-04:00,2026-09-25T21:00:00.000-04:00,16.5,2026-09-25T16:23:50+00:00,15.5,standard,2026-09-26T00:53:28+00:00,pre_game,,
prizepicks,15228552,cs2,CS2,309685,Sandman,LAG,Overtake Sector,G,CS2_match_Jx2DUwEUmZHJGprplnQxCSEc,MAPS 1-2 Kills,kills,1,2,0,,0,2026-09-23T21:00:00.000-04:00,2026-09-25T21:00:00.000-04:00,28.5,2026-09-25T16:23:50+00:00,28.5,standard,2026-09-26T00:53:28+00:00,pre_game,,
prizepicks,15228562,cs2,CS2,309685,Sandman,LAG,Overtake Sector,G,CS2_match_Jx2DUwEUmZHJGprplnQxCSEc,MAPS 1-2 Headshots,headshots,1,2,0,,0,2026-09-23T21:00:00.000-04:00,2026-09-25T21:00:00.000-04:00,15.0,2026-09-25T16:23:50+00:00,15.5,standard,2026-09-26T00:53:28+00:00,pre_game,,
prizepicks,15228553,cs2,CS2,344249,intra,Overtake Sector,LAG,G,CS2_match_Jx2DUwEUmZHJGprplnQxCSEc,MAPS 1-2 Kills,kills,1,2,0,,0,2026-09-23T21:00:00.000-04:00,2026-09-25T21:00:00.000-04:00,32.0,2026-09-25T16:23:50+00:00,30.5,standard,2026-09-26T00:53:28+00:00,pre_game,,
prizepicks,15228563,cs2,CS2,344249,intra,Overtake Sector,LAG,G,CS2_match_Jx2DUwEUmZHJGprplnQxCSEc,MAPS 1-2 Headshots,headshots,1,2,0,,0,2026-09-23T21:00:00.000-04:00,2026-09-25T21:00:00.000-04:00,17.5,2026-09-25T16:23:50+00:00,16.5,standard,2026-09-26T00:53:28+00:00,pre_game,,
prizepicks,15228554,cs2,CS2,344250,Jason,Overtake Sector,LAG,G,CS2_match_Jx2DUwEUmZHJGprplnQxCSEc,MAPS 1-2 Kills,kills,1,2,0,,0,2026-09-23T21:00:00.000-04:00,2026-09-25T21:00:00.000-04:00,29.5,2026-09-25T16:23:50+00:00,28.5,standard,2026-09-26T00:53:28+00:00,pre_game,,
prizepicks,15228564,cs2,CS2,344250,Jason,Overtake Sector,LAG,G,CS2_match_Jx2DUwEUmZHJGprplnQxCSEc,MAPS 1-2 Headshots,headshots,1,2,0,,0,2026-09-23T21:00:00.000-04:00,2026-09-25T21:00:00.000-04:00,14.5,2026-09-25T16:23:50+00:00,14.5,standard,2026-09-26T00:53:28+00:00,pre_game,,
prizepicks,15228555,cs2,CS2,344251,Umar,Overtake Sector,LAG,G,CS2_match_Jx2DUwEUmZHJGprplnQxCSEc,MAPS 1-2 Kills,kills,1,2,0,,0,2026-09-23T21:00:00.000-04:00,2026-09-25T21:00:00.000-04:00,28.0,2026-09-25T16:23:50+00:00,28.0,standard,2026-09-26T00:53:28+00:00,pre_game,,
prizepicks,15228565,cs2,CS2,344251,Umar,Overtake Sector,LAG,G,CS2_match_Jx2DUwEUmZHJGprplnQxCSEc,MAPS 1-2 Headshots,headshots,1,2,0,,0,2026-09-23T21:00:00.000-04:00,2026-09-25T21:00:00.000-04:00,11.0,2026-09-25T16:23:50+00:00,10.0,standard,2026-09-26T00:53:28+00:00,pre_game,,
prizepicks,15228556,cs2,CS2,344252,corim,Overtake Sector,LAG,G,CS2_match_Jx2DUwEUmZHJGprplnQxCSEc,MAPS 1-2 Kills,kills,1,2,0,,0,2026-09-23T21:00:00.000-04:00,2026-09-25T21:00:00.000-04:00,27.0,2026-09-25T16:23:50+00:00,27.0,standard,2026-09-26T00:53:28+00:00,pre_game,,
prizepicks,15228566,cs2,CS2,344252,corim,Overtake Sector,LAG,G,CS2_match_Jx2DUwEUmZHJGprplnQxCSEc,MAPS 1-2 Headshots,headshots,1,2,0,,0,2026-09-23T21:00:00.000-04:00,2026-09-25T21:00:00.000-04:00,14.5,2026-09-25T16:23:50+00:00,14.5,standard,2026-09-26T00:53:28+00:00,pre_game,,
prizepicks,15228557,cs2,CS2,344253,learsi,Overtake Sector,LAG,G,CS2_match_Jx2DUwEUmZHJGprplnQxCSEc,MAPS 1-2 Kills,kills,1,2,0,,0,2026-09-23T21:00:00.000-04:00,2026-09-25T21:00:00.000-04:00,23.5,2026-09-25T16:23:50+00:00,23.5,standard,2026-09-26T00:53:28+00:00,pre_game,,
prizepicks,15228567,cs2,CS2,344253,learsi,Overtake Sector,LAG,G,CS2_match_Jx2DUwEUmZHJGprplnQxCSEc,MAPS 1-2 Headshots,headshots,1,2,0,,0,2026-09-23T21:00:00.000-04:00,2026-09-25T21:00:00.000-04:00,13.0,2026-09-25T16:23:50+00:00,13.0,standard,2026-09-26T00:53:28+00:00,pre_game,,
prizepicks,15228678,cs2,CS2,235121,Grizz,Marsborne,,G,CS2_match_WlXdgFGjpo07HwR0eM9VFN9q,MAPS 1-2 Kills,kills,1,2,0,,0,2026-09-23T21:00:00.000-04:00,2026-09-25T21:00:00.000-04:00,33.5,2026-09-25T16:23:50+00:00,33.5,standard,2026-09-25T21:53:34+00:00,pre_game,,
prizepicks,15228683,cs2,CS2,235121,Grizz,Marsborne,,G,CS2_match_WlXdgFGjpo07HwR0eM9VFN9q,MAPS 1-2 Headshots,headshots,1,2,0,,0,2026-09-23T21:00:00.000-04:00,2026-09-25T21:00:00.000-04:00,18.5,2026-09-25T16:23:50+00:00,18.5,standard,2026-09-25T21:53:34+00:00,pre_game,,
prizepicks,15228679,cs2,CS2,339167,nicx,Marsborne,,G,CS2_match_WlXdgFGjpo07HwR0eM9VFN9q,MAPS 1-2 Kills,kills,1,2,0,,0,2026-09-23T21:00:00.000-04:00,2026-09-25T21:00:00.000-04:00,30.5,2026-09-25T16:23:50+00:00,30.5,standard,2026-09-25T21:53:34+00:00,pre_game,,
prizepicks,15228684,cs2,CS2,339167,nicx,Marsborne,,G,CS2_match_WlXdgFGjpo07HwR0eM9VFN9q,MAPS 1-2 Headshots,headshots,1,2,0,,0,2026-09-23T21:00:00.000-04:00,2026-09-25T21:00:00.000-04:00,19.5,2026-09-25T16:23:50+00:00,19.5,standard,2026-09-25T21:53:34+00:00,pre_game,,
prizepicks,15228680,cs2,CS2,339190,WUMBO,Marsborne,,G,CS2_match_WlXdgFGjpo07HwR0eM9VFN9q,MAPS 1-2 Kills,kills,1,2,0,,0,2026-09-23T21:00:00.000-04:00,2026-09-25T21:00:00.000-04:00,30.0,2026-09-25T16:23:50+00:00,30.0,standard,2026-09-25T21:53:34+00:00,pre_game,,
prizepicks,15228685,cs2,CS2,339190,WUMBO,Marsborne,,G,CS2_match_WlXdgFGjpo07HwR0eM9VFN9q,MAPS 1-2 Headshots,headshots,1,2,0,,0,2026-09-23T21:00:00.000-04:00,2026-09-25T21:00:00.000-04:00,19.0,2026-09-25T16:23:50+00:00,19.0,standard,2026-09-25T21:53:34+00:00,pre_game,,
prizepicks,15228681,cs2,CS2,339189,ogwizard,Marsborne,,G,CS2_match_WlXdgFGjpo07HwR0eM9VFN9q,MAPS 1-2 Kills,kills,1,2,0,,0,2026-09-23T21:00:00.000-04:00,2026-09-25T21:00:00.000-04:00,28.5,2026-09-25T16:23:50+00:00,28.5,standard,2026-09-25T21:53:34+00:00,pre_game,,
prizepicks,15228686,cs2,CS2,339189,ogwizard,Marsborne,,G,CS2_match_WlXdgFGjpo07HwR0eM9VFN9q,MAPS 1-2 Headshots,headshots,1,2,0,,0,2026-09-23T21:00:00.000-04:00,2026-09-25T21:00:00.000-04:00,10.0,2026-09-25T16:23:50+00:00,10.0,standard,2026-09-25T21:53:34+00:00,pre_game,,
prizepicks,15228682,cs2,CS2,339166,freshie,Marsborne,,G,CS2_match_WlXdgFGjpo07HwR0eM9VFN9q,MAPS 1-2 Kills,kills,1,2,0,,0,2026-09-23T21:00:00.000-04:00,2026-09-25T21:00:00.000-04:00,27.5,2026-09-25T16:23:50+00:00,27.5,standard,2026-09-25T21:53:34+00:00,pre_game,,
prizepicks,15228687,cs2,CS2,339166,freshie,Marsborne,,G,CS2_match_WlXdgFGjpo07HwR0eM9VFN9q,MAPS 1-2 Headshots,headshots,1,2,0,,0,2026-09-23T21:00:00.000-04:00,2026-09-25T21:00:00.000-04:00,13.5,2026-09-25T16:23:50+00:00,13.5,standard,2026-09-25T21:53:34+00:00,pre_game,,
prizepicks,15191450,cs2,CS2,328008,Cryptic,LAG,Overtake Sector,G,CS2_match_Jx2DUwEUmZHJGprplnQxCSEc,MAP 1 Kills,kills,1,1,0,,0,2026-09-23T21:00:00.000-04:00,2026-09-25T21:00:00.000-04:00,17.5,2026-09-25T16:23:50+00:00,17.5,demon,2026-09-26T00:53:28+00:00,pre_game,,
prizepicks,15191452,cs2,CS2,328008,Cryptic,LAG,Overtake Sector,G,CS2_match_Jx2DUwEUmZHJGprplnQxCSEc,MAP 2 Kills,kills,2,2,0,,0,2026-09-23T21:00:00.000-04:00,2026-09-25T21:00:00.000-04:00,17.5,2026-09-25T16:23:50+00:00,17.5,demon,2026-09-26T00:45:33+00:00,pre_game,,
prizepicks,15191448,cs2,CS2,328008,Cryptic,LAG,Overtake Sector,G,CS2_match_Jx2DUwEUmZHJGprplnQxCSEc,MAP 1 Kills,kills,1,1,0,,0,2026-09-23T21:00:00.000-04:00,2026-09-25T21:00:00.000-04:00,16.5,2026-09-25T16:23:50+00:00,16.5,standard,2026-09-26T00:53:28+00:00,pre_game,,
prizepicks,15191451,cs2,CS2,328008,Cryptic,LAG,Overtake Sector,G,CS2_match_Jx2DUwEUmZHJGprplnQxCSEc,MAP 2 Kills,kills,2,2,0,,0,2026-09-23T21:00:00.000-04:00,2026-09-25T21:00:00.000-04:00,16.5,2026-09-25T16:23:50+00:00,15.5,standard,2026-09-26T00:53:28+00:00,pre_game,,
prizepicks,15191449,cs2,CS2,328008,Cryptic,LAG,Overtake Sector,G,CS2_match_Jx2DUwEUmZHJGprplnQxCSEc,MAP 1 Kills,kills,1,1,0,,0,2026-09-23T21:00:00.000-04:00,2026-09-25T21:00:00.000-04:00,15.5,2026-09-25T16:23:50+00:00,15.5,goblin,2026-09-26T00:53:28+00:00,pre_game,,
prizepicks,15191455,cs2,CS2,328009,SLIGHT,LAG,Overtake Sector,G,CS2_match_Jx2DUwEUmZHJGprplnQxCSEc,MAP 1 Kills,kills,1,1,0,,0,2026-09-23T21:00:00.000-04:00,2026-09-25T21:00:00.000-04:00,15.5,2026-09-25T16:23:50+00:00,15.5,demon,2026-09-26T00:53:28+00:00,pre_game,,
prizepicks,15191458,cs2,CS2,328009,SLIGHT,LAG,Overtake Sector,G,CS2_match_Jx2DUwEUmZHJGprplnQxCSEc,MAP 2 Kills,kills,2,2,0,,0,2026-09-23T21:00:00.000-04:00,2026-09-25T21:00:00.000-04:00,15.5,2026-09-25T16:23:50+00:00,15.5,demon,2026-09-26T00:53:28+00:00,pre_game,,
prizepicks,15191453,cs2,CS2,328009,SLIGHT,LAG,Overtake Sector,G,CS2_match_Jx2DUwEUmZHJGprplnQxCSEc,MAP 1 Kills,kills,1,1,0,,0,2026-09-23T21:00:00.000-04:00,2026-09-25T21:00:00.000-04:00,14.5,2026-09-25T16:23:50+00:00,14.5,standard,2026-09-26T00:53:28+00:00,pre_game,,
prizepicks,15191456,cs2,CS2,328009,SLIGHT,LAG,Overtake Sector,G,CS2_match_Jx2DUwEUmZHJGprplnQxCSEc,MAP 2 Kills,kills,2,2,0,,0,2026-09-23T21:00:00.000-04:00,2026-09-25T21:00:00.000-04:00,14.5,2026-09-25T16:23:50+00:00,14.5,standard,2026-09-26T00:53:28+00:00,pre_game,,
prizepicks,15191460,cs2,CS2,309685,Sandman,LAG,Overtake Sector,G,CS2_match_Jx2DUwEUmZHJGprplnQxCSEc,MAP 1 Kills,kills,1,1,0,,0,2026-09-23T21:00:00.000-04:00,2026-09-25T21:00:00.000-04:00,14.5,2026-09-25T16:23:50+00:00,14.5,demon,2026-09-26T00:45:33+00:00,pre_game,,
prizepicks,15191463,cs2,CS2,309685,Sandman,LAG,Overtake Sector,G,CS2_match_Jx2DUwEUmZHJGprplnQxCSEc,MAP 2 Kills,kills,2,2,0,,0,2026-09-23T21:00:00.000-04:00,2026-09-25T21:00:00.000-04:00,14.5,2026-09-25T16:23:50+00:00,14.5,demon,2026-09-26T00:53:28+00:00,pre_game,,
prizepicks,15191467,cs2,CS2,328010,bwills,LAG,Overtake Sector,G,CS2_match_Jx2DUwEUmZHJGprplnQxCSEc,MAP 1 Kills,kills,1,1,0,,0,2026-09-23T21:00:00.000-04:00,2026-09-25T21:00:00.000-04:00,14.5,2026-09-25T16:23:50+00:00,14.5,demon,2026-09-26T00:53:28+00:00,pre_game,,
prizepicks,15191471,cs2,CS2,328010,bwills,LAG,Overtake Sector,G,CS2_match_Jx2DUwEUmZHJGprplnQxCSEc,MAP 2 Kills,kills,2,2,0,,0,2026-09-23T21:00:00.000-04:00,2026-09-25T21:00:00.000-04:00,14.5,2026-09-25T16:23:50+00:00,14.5,demon,2026-09-26T00:53:28+00:00,pre_game,,
prizepicks,15191472,cs2,CS2,309687,djay,LAG,Overtake Sector,G,CS2_match_Jx2DUwEUmZHJGprplnQxCSEc,MAP 1 Kills,kills,1,1,0,,0,2026-09-23T21:00:00.000-04:00,2026-09-25T21:00:00.000-04:00,14.5,2026-09-25T16:23:50+00:00,14.5,demon,2026-09-26T00:45:33+00:00,pre_game,,
prizepicks,15191474,cs2,CS2,309687,djay,LAG,Overtake Sector,G,CS2_match_Jx2DUwEUmZHJGprplnQxCSEc,MAP 2 Kills,kills,2,2,0,,0,2026-09-23T21:00:00.000-04:00,2026-09-25T21:00:00.000-04:00,14.5,2026-09-25T16:23:50+00:00,14.5,demon,2026-09-26T00:53:28+00:00,pre_game,,
prizepicks,15191454,cs2,CS2,328009,SLIGHT,LAG,Overtake Sector,G,CS2_match_Jx2DUwEUmZHJGprplnQxCSEc,MAP 1 Kills,kills,1,1,0,,0,2026-09-23T21:00:00.000-04:00,2026-09-25T21:00:00.000-04:00,13.5,2026-09-25T16:23:50+00:00,13.5,goblin,2026-09-26T00:53:28+00:00,pre_game,,
prizepicks,15191457,cs2,CS2,328009,SLIGHT,LAG,Overtake Sector,G,CS2_match_Jx2DUwEUmZHJGprplnQxCSEc,MAP 2 Kills,kills,2,2,0,,0,2026-09-23T21:00:00.000-04:00,2026-09-25T21:00:00.000-04:00,13.5,2026-09-25T16:23:50+00:00,13.5,goblin,2026-09-26T00:53:28+00:00,pre_game,,
prizepicks,15191465,cs2,CS2,328010,bwills,LAG,Overtake Sector,G,CS2_match_Jx2DUwEUmZHJGprplnQxCSEc,MAP 1 Kills,kills,1,1,0,,0,2026-09-23T21:00:00.000-04:00,2026-09-25T21:00:00.000-04:00,13.5,2026-09-25T16:23:50+00:00,13.5,standard,2026-09-26T00:45:33+00:00,pre_game,,
prizepicks,15191469,cs2,CS2,328010,bwills,LAG,Overtake Sector,G,CS2_match_Jx2DUwEUmZHJGprplnQxCSEc,MAP 2 Kills,kills,2,2,0,,0,2026-09-23T21:00:00.000-04:00,2026-09-25T21:00:00.000-04:00,13.5,2026-09-25T16:23:50+00:00,13.5,standard,2026-09-26T00:53:28+00:00,pre_game,,
prizepicks,15191466,cs2,CS2,328010,bwills,LAG,Overtake Sector,G,CS2_match_Jx2DUwEUmZHJGprplnQxCSEc,MAP 1 Kills,kills,1,1,0,,0,2026-09-23T21:00:00.000-04:00,2026-09-25T21:00:00.000-04:00,12.5,2026-09-25T16:23:50+00:00,12.5,goblin,2026-09-26T00:45:33+00:00,pre_game,,
prizepicks,15191470,cs2,CS2,328010,bwills,LAG,Overtake Sector,G,CS2_match_Jx2DUwEUmZHJGprplnQxCSEc,MAP 2 Kills,kills,2,2,0,,0,2026-09-23T21:00:00.000-04:00,2026-09-25T21:00:00.000-04:00,12.5,2026-09-25T16:23:50+00:00,12.5,goblin,2026-09-26T00:53:28+00:00,pre_game,,
prizepicks,15191447,cs2,CS2,328008,Cryptic,LAG,Overtake Sector,G,CS2_match_Jx2DUwEUmZHJGprplnQxCSEc,MAP 1 Headshots,headshots,1,1,0,,0,2026-09-23T21:00:00.000-04:00,2026-09-25T21:00:00.000-04:00,9.5,2026-09-25T16:23:50+00:00,9.5,standard,2026-09-26T00:53:28+00:00,pre_game,,
prizepicks,15191459,cs2,CS2,309685,Sandman,LAG,Overtake Sector,G,CS2_match_Jx2DUwEUmZHJGprplnQxCSEc,MAP 1 Headshots,headshots,1,1,0,,0,2026-09-23T21:00:00.000-04:00,2026-09-25T21:00:00.000-04:00,7.5,2026-09-25T16:23:50+00:00,7.5,standard,2026-09-26T00:45:33+00:00,pre_game,,
prizepicks,15191461,cs2,CS2,309685,Sandman,LAG,Overtake Sector,G,CS2_match_Jx2DUwEUmZHJGprplnQxCSEc,MAP 2 Headshots,headshots,2,2,0,,0,2026-09-23T21:00:00.000-04:00,2026-09-25T21:00:00.000-04:00,7.5,2026-09-25T16:23:50+00:00,7.5,standard,2026-09-26T00:53:28+00:00,pre_game,,
prizepicks,15191464,cs2,CS2,328010,bwills,LAG,Overtake Sector,G,CS2_match_Jx2DUwEUmZHJGprplnQxCSEc,MAP 1 Headshots,headshots,1,1,0,,0,2026-09-23T21:00:00.000-04:00,2026-09-25T21:00:00.000-04:00,7.5,2026-09-25T16:23:50+00:00,7.5,standard,2026-09-26T00:45:33+00:00,pre_game,,
prizepicks,15191468,cs2,CS2,328010,bwills,LAG,Overtake Sector,G,CS2_match_Jx2DUwEUmZHJGprplnQxCSEc,MAP 2 Headshots,headshots,2,2,0,,0,2026-09-23T21:00:00.000-04:00,2026-09-25T21:00:00.000-04:00,7.5,2026-09-25T16:23:50+00:00,7.5,standard,2026-09-26T00:53:28+00:00,pre_game,,
prizepicks,15199511,dota,Dota2,267484,watson,Yandex,Aurora,1,AuroraYandex46290.5833333333,MAP 3 Kills,kills,3,3,0,,1,2026-09-25T12:30:00.000-04:00,2026-09-25T16:00:00.000-04:00,8.5,2026-09-25T16:31:05+00:00,8.5,standard,2026-09-25T19:22:00+00:00,pre_game,,
prizepicks,15199512,dota,Dota2,240239,CHIRA_JUNIOR,Yandex,Aurora,2,AuroraYandex46290.5833333333,MAP 3 Kills,kills,3,3,0,,1,2026-09-25T12:30:00.000-04:00,2026-09-25T16:00:00.000-04:00,7.5,2026-09-25T16:31:05+00:00,7.5,standard,2026-09-25T19:22:00+00:00,pre_game,,
prizepicks,15199513,dota,Dota2,345264,ATF,Yandex,Aurora,3,AuroraYandex46290.5833333333,MAP 3 Kills,kills,3,3,0,,1,2026-09-25T12:30:00.000-04:00,2026-09-25T16:00:00.000-04:00,6.5,2026-09-25T16:31:05+00:00,6.5,standard,2026-09-25T19:22:00+00:00,pre_game,,
prizepicks,15199514,dota,Dota2,272038,Saksa,Yandex,Aurora,4,AuroraYandex46290.5833333333,MAP 3 Kills,kills,3,3,0,,1,2026-09-25T12:30:00.000-04:00,2026-09-25T16:00:00.000-04:00,3.5,2026-09-25T16:31:05+00:00,3.5,standard,2026-09-25T19:22:00+00:00,pre_game,,
prizepicks,15199515,dota,Dota2,267485,Malady,Yandex,Aurora,5,AuroraYandex46290.5833333333,MAP 3 Kills,kills,3,3,0,,1,2026-09-25T12:30:00.000-04:00,2026-09-25T16:00:00.000-04:00,2.5,2026-09-25T16:31:05+00:00,2.5,standard,2026-09-25T19:22:00+00:00,pre_game,,
prizepicks,15199516,dota,Dota2,345256,skiter,Aurora,Yandex,1,AuroraYandex46290.5833333333,MAP 3 Kills,kills,3,3,0,,1,2026-09-25T12:30:00.000-04:00,2026-09-25T16:00:00.000-04:00,6.0,2026-09-25T16:31:05+00:00,6.0,standard,2026-09-25T19:22:00+00:00,pre_game,,
prizepicks,15199517,dota,Dota2,345257,Stojkov,Aurora,Yandex,2,AuroraYandex46290.5833333333,MAP 3 Kills,kills,3,3,0,,1,2026-09-25T12:30:00.000-04:00,2026-09-25T16:00:00.000-04:00,7.0,2026-09-25T16:31:05+00:00,7.0,standard,2026-09-25T19:22:00+00:00,pre_game,,
prizepicks,15199518,dota,Dota2,291295,Ws,Aurora,Yandex,3,AuroraYandex46290.5833333333,MAP 3 Kills,kills,3,3,0,,1,2026-09-25T12:30:00.000-04:00,2026-09-25T16:00:00.000-04:00,5.5,2026-09-25T16:31:05+00:00,5.5,standard,2026-09-25T19:22:00+00:00,pre_game,,
prizepicks,15199519,dota,Dota2,230491,Mira,Aurora,Yandex,4,AuroraYandex46290.5833333333,MAP 3 Kills,kills,3,3,0,,1,2026-09-25T12:30:00.000-04:00,2026-09-25T16:00:00.000-04:00,3.0,2026-09-25T16:31:05+00:00,3.0,standard,2026-09-25T19:22:00+00:00,pre_game,,
prizepicks,15199520,dota,Dota2,291296,kaori,Aurora,Yandex,5,AuroraYandex46290.5833333333,MAP 3 Kills,kills,3,3,0,,1,2026-09-25T12:30:00.000-04:00,2026-09-25T16:00:00.000-04:00,2.5,2026-09-25T16:31:05+00:00,2.5,standard,2026-09-25T19:22:00+00:00,pre_game,,
prizepicks,15196267,cs2,CS2,326344,bnc,ALKA,BORRACHEIROS,G,CS2_match_B28VvuqmfAZZakkag10PJ7qV,MAP 3 Kills,kills,3,3,0,,1,2026-09-25T12:30:00.000-04:00,2026-09-25T14:00:00.000-04:00,14.5,2026-09-25T16:35:30+00:00,14.5,standard,2026-09-25T17:37:29+00:00,pre_game,,
prizepicks,15196277,cs2,CS2,326344,bnc,ALKA,BORRACHEIROS,G,CS2_match_B28VvuqmfAZZakkag10PJ7qV,MAP 3 Headshots,headshots,3,3,0,,1,2026-09-25T12:30:00.000-04:00,2026-09-25T14:00:00.000-04:00,7.0,2026-09-25T16:35:30+00:00,7.0,standard,2026-09-25T17:37:29+00:00,pre_game,,
prizepicks,15196268,cs2,CS2,339307,cerolzin,ALKA,BORRACHEIROS,G,CS2_match_B28VvuqmfAZZakkag10PJ7qV,MAP 3 Kills,kills,3,3,0,,1,2026-09-25T12:30:00.000-04:00,2026-09-25T14:00:00.000-04:00,14.5,2026-09-25T16:35:30+00:00,14.5,standard,2026-09-25T17:37:29+00:00,pre_game,,
prizepicks,15196278,cs2,CS2,339307,cerolzin,ALKA,BORRACHEIROS,G,CS2_match_B28VvuqmfAZZakkag10PJ7qV,MAP 3 Headshots,headshots,3,3,0,,1,2026-09-25T12:30:00.000-04:00,2026-09-25T14:00:00.000-04:00,7.0,2026-09-25T16:35:30+00:00,7.0,standard,2026-09-25T17:37:29+00:00,pre_game,,
prizepicks,15196269,cs2,CS2,326345,puni,ALKA,BORRACHEIROS,G,CS2_match_B28VvuqmfAZZakkag10PJ7qV,MAP 3 Kills,kills,3,3,0,,1,2026-09-25T12:30:00.000-04:00,2026-09-25T14:00:00.000-04:00,12.0,2026-09-25T16:35:30+00:00,12.0,standard,2026-09-25T17:37:29+00:00,pre_game,,
prizepicks,15196279,cs2,CS2,326345,puni,ALKA,BORRACHEIROS,G,CS2_match_B28VvuqmfAZZakkag10PJ7qV,MAP 3 Headshots,headshots,3,3,0,,1,2026-09-25T12:30:00.000-04:00,2026-09-25T14:00:00.000-04:00,6.5,2026-09-25T16:35:30+00:00,6.5,standard,2026-09-25T17:37:29+00:00,pre_game,,
prizepicks,15196270,cs2,CS2,328618,vinaabEAST,ALKA,BORRACHEIROS,G,CS2_match_B28VvuqmfAZZakkag10PJ7qV,MAP 3 Kills,kills,3,3,0,,1,2026-09-25T12:30:00.000-04:00,2026-09-25T14:00:00.000-04:00,14.5,2026-09-25T16:35:30+00:00,14.5,standard,2026-09-25T17:37:29+00:00,pre_game,,
prizepicks,15196280,cs2,CS2,328618,vinaabEAST,ALKA,BORRACHEIROS,G,CS2_match_B28VvuqmfAZZakkag10PJ7qV,MAP 3 Headshots,headshots,3,3,0,,1,2026-09-25T12:30:00.000-04:00,2026-09-25T14:00:00.000-04:00,8.0,2026-09-25T16:35:30+00:00,8.0,standard,2026-09-25T17:37:29+00:00,pre_game,,
prizepicks,15196271,cs2,CS2,328616,proSHOW,ALKA,BORRACHEIROS,G,CS2_match_B28VvuqmfAZZakkag10PJ7qV,MAP 3 Kills,kills,3,3,0,,1,2026-09-25T12:30:00.000-04:00,2026-09-25T14:00:00.000-04:00,16.0,2026-09-25T16:35:30+00:00,16.0,standard,2026-09-25T17:37:29+00:00,pre_game,,
prizepicks,15196281,cs2,CS2,328616,proSHOW,ALKA,BORRACHEIROS,G,CS2_match_B28VvuqmfAZZakkag10PJ7qV,MAP 3 Headshots,headshots,3,3,0,,1,2026-09-25T12:30:00.000-04:00,2026-09-25T14:00:00.000-04:00,5.5,2026-09-25T16:35:30+00:00,5.5,standard,2026-09-25T17:37:29+00:00,pre_game,,
prizepicks,15196272,cs2,CS2,347465,fl4sh,BORRACHEIROS,ALKA,G,CS2_match_B28VvuqmfAZZakkag10PJ7qV,MAP 3 Kills,kills,3,3,0,,1,2026-09-25T12:30:00.000-04:00,2026-09-25T14:00:00.000-04:00,14.0,2026-09-25T16:35:30+00:00,14.0,standard,2026-09-25T17:37:29+00:00,pre_game,,
prizepicks,15196282,cs2,CS2,347465,fl4sh,BORRACHEIROS,ALKA,G,CS2_match_B28VvuqmfAZZakkag10PJ7qV,MAP 3 Headshots,headshots,3,3,0,,1,2026-09-25T12:30:00.000-04:00,2026-09-25T14:00:00.000-04:00,6.0,2026-09-25T16:35:30+00:00,6.0,standard,2026-09-25T17:37:29+00:00,pre_game,,
prizepicks,15196273,cs2,CS2,328619,zock9,BORRACHEIROS,ALKA,G,CS2_match_B28VvuqmfAZZakkag10PJ7qV,MAP 3 Kills,kills,3,3,0,,1,2026-09-25T12:30:00.000-04:00,2026-09-25T14:00:00.000-04:00,14.0,2026-09-25T16:35:30+00:00,14.0,standard,2026-09-25T17:37:29+00:00,pre_game,,
prizepicks,15196283,cs2,CS2,328619,zock9,BORRACHEIROS,ALKA,G,CS2_match_B28VvuqmfAZZakkag10PJ7qV,MAP 3 Headshots,headshots,3,3,0,,1,2026-09-25T12:30:00.000-04:00,2026-09-25T14:00:00.000-04:00,4.5,2026-09-25T16:35:30+00:00,4.5,standard,2026-09-25T17:37:29+00:00,pre_game,,
prizepicks,15196274,cs2,CS2,328615,neozix,BORRACHEIROS,ALKA,G,CS2_match_B28VvuqmfAZZakkag10PJ7qV,MAP 3 Kills,kills,3,3,0,,1,2026-09-25T12:30:00.000-04:00,2026-09-25T14:00:00.000-04:00,13.0,2026-09-25T16:35:30+00:00,13.0,standard,2026-09-25T17:37:29+00:00,pre_game,,
prizepicks,15196284,cs2,CS2,328615,neozix,BORRACHEIROS,ALKA,G,CS2_match_B28VvuqmfAZZakkag10PJ7qV,MAP 3 Headshots,headshots,3,3,0,,1,2026-09-25T12:30:00.000-04:00,2026-09-25T14:00:00.000-04:00,8.0,2026-09-25T16:35:30+00:00,8.0,standard,2026-09-25T17:37:29+00:00,pre_game,,
prizepicks,15196275,cs2,CS2,338198,trindade,BORRACHEIROS,ALKA,G,CS2_match_B28VvuqmfAZZakkag10PJ7qV,MAP 3 Kills,kills,3,3,0,,1,2026-09-25T12:30:00.000-04:00,2026-09-25T14:00:00.000-04:00,14.0,2026-09-25T16:35:30+00:00,14.0,standard,2026-09-25T17:37:29+00:00,pre_game,,
prizepicks,15196285,cs2,CS2,338198,trindade,BORRACHEIROS,ALKA,G,CS2_match_B28VvuqmfAZZakkag10PJ7qV,MAP 3 Headshots,headshots,3,3,0,,1,2026-09-25T12:30:00.000-04:00,2026-09-25T14:00:00.000-04:00,7.5,2026-09-25T16:35:30+00:00,7.5,standard,2026-09-25T17:37:29+00:00,pre_game,,
prizepicks,15196276,cs2,CS2,338197,Lacerda,BORRACHEIROS,ALKA,G,CS2_match_B28VvuqmfAZZakkag10PJ7qV,MAP 3 Kills,kills,3,3,0,,1,2026-09-25T12:30:00.000-04:00,2026-09-25T14:00:00.000-04:00,13.5,2026-09-25T16:35:30+00:00,13.5,standard,2026-09-25T17:37:29+00:00,pre_game,,
prizepicks,15196286,cs2,CS2,338197,Lacerda,BORRACHEIROS,ALKA,G,CS2_match_B28VvuqmfAZZakkag10PJ7qV,MAP 3 Headshots,headshots,3,3,0,,1,2026-09-25T12:30:00.000-04:00,2026-09-25T14:00:00.000-04:00,8.0,2026-09-25T16:35:30+00:00,8.0,standard,2026-09-25T17:37:29+00:00,pre_game,,
prizepicks,15192295,cs2,CS2,168969,SHOCK,SINNERS,ex-RUBY,G,ex-RUBYSINNERS46290.5416666667,MAP 3 Kills,kills,3,3,0,,1,2026-09-25T12:20:00.000-04:00,2026-09-25T14:10:00.000-04:00,13.5,2026-09-25T16:53:09+00:00,13.5,standard,2026-09-25T18:00:46+00:00,pre_game,,
prizepicks,15192296,cs2,CS2,297065,MoDo,SINNERS,ex-RUBY,G,ex-RUBYSINNERS46290.5416666667,MAP 3 Kills,kills,3,3,0,,1,2026-09-25T12:20:00.000-04:00,2026-09-25T14:10:00.000-04:00,14.5,2026-09-25T16:53:09+00:00,14.5,standard,2026-09-25T18:00:46+00:00,pre_game,,
prizepicks,15192297,cs2,CS2,185439,kisserek,SINNERS,ex-RUBY,G,ex-RUBYSINNERS46290.5416666667,MAP 3 Kills,kills,3,3,0,,1,2026-09-25T12:20:00.000-04:00,2026-09-25T14:10:00.000-04:00,14.5,2026-09-25T16:53:09+00:00,14.5,standard,2026-09-25T18:00:46+00:00,pre_game,,
prizepicks,15192298,cs2,CS2,168970,beastik,SINNERS,ex-RUBY,G,ex-RUBYSINNERS46290.5416666667,MAP 3 Kills,kills,3,3,0,,1,2026-09-25T12:20:00.000-04:00,2026-09-25T14:10:00.000-04:00,12.5,2026-09-25T16:53:09+00:00,12.5,standard,2026-09-25T18:00:46+00:00,pre_game,,
prizepicks,15192299,cs2,CS2,248621,stressarN,SINNERS,ex-RUBY,G,ex-RUBYSINNERS46290.5416666667,MAP 3 Kills,kills,3,3,0,,1,2026-09-25T12:20:00.000-04:00,2026-09-25T14:10:00.000-04:00,15.5,2026-09-25T16:53:09+00:00,15.5,standard,2026-09-25T18:00:46+00:00,pre_game,,
prizepicks,15192300,cs2,CS2,280578,sh1nejezzz,ex-RUBY,SINNERS,G,ex-RUBYSINNERS46290.5416666667,MAP 3 Kills,kills,3,3,0,,1,2026-09-25T12:20:00.000-04:00,2026-09-25T14:10:00.000-04:00,14.0,2026-09-25T16:53:09+00:00,14.0,standard,2026-09-25T18:00:46+00:00,pre_game,,
prizepicks,15192301,cs2,CS2,347408,z1k4,ex-RUBY,SINNERS,G,ex-RUBYSINNERS46290.5416666667,MAP 3 Kills,kills,3,3,0,,1,2026-09-25T12:20:00.000-04:00,2026-09-25T14:10:00.000-04:00,14.0,2026-09-25T16:53:09+00:00,14.0,standard,2026-09-25T18:00:46+00:00,pre_game,,
prizepicks,15192302,cs2,CS2,347409,H4SAN4TOR,ex-RUBY,SINNERS,G,ex-RUBYSINNERS46290.5416666667,MAP 3 Kills,kills,3,3,0,,1,2026-09-25T12:20:00.000-04:00,2026-09-25T14:10:00.000-04:00,14.5,2026-09-25T16:53:09+00:00,14.5,standard,2026-09-25T18:00:46+00:00,pre_game,,
prizepicks,15192304,cs2,CS2,329642,1eeR,ex-RUBY,SINNERS,G,ex-RUBYSINNERS46290.5416666667,MAP 3 Kills,kills,3,3,0,,1,2026-09-25T12:20:00.000-04:00,2026-09-25T14:10:00.000-04:00,12.0,2026-09-25T16:53:09+00:00,12.0,standard,2026-09-25T18:00:46+00:00,pre_game,,
prizepicks,15192305,cs2,CS2,337550,sowalio,ex-RUBY,SINNERS,G,ex-RUBYSINNERS46290.5416666667,MAP 3 Kills,kills,3,3,0,,1,2026-09-25T12:20:00.000-04:00,2026-09-25T14:10:00.000-04:00,13.5,2026-09-25T16:53:09+00:00,13.5,standard,2026-09-25T18:00:46+00:00,pre_game,,
prizepicks,15192309,cs2,CS2,168969,SHOCK,SINNERS,ex-RUBY,G,ex-RUBYSINNERS46290.5416666667,MAP 3 Headshots,headshots,3,3,0,,1,2026-09-25T12:20:00.000-04:00,2026-09-25T14:10:00.000-04:00,8.0,2026-09-25T16:53:09+00:00,8.0,standard,2026-09-25T18:00:46+00:00,pre_game,,
prizepicks,15192310,cs2,CS2,297065,MoDo,SINNERS,ex-RUBY,G,ex-RUBYSINNERS46290.5416666667,MAP 3 Headshots,headshots,3,3,0,,1,2026-09-25T12:20:00.000-04:00,2026-09-25T14:10:00.000-04:00,5.0,2026-09-25T16:53:09+00:00,5.0,standard,2026-09-25T18:00:46+00:00,pre_game,,
prizepicks,15192313,cs2,CS2,185439,kisserek,SINNERS,ex-RUBY,G,ex-RUBYSINNERS46290.5416666667,MAP 3 Headshots,headshots,3,3,0,,1,2026-09-25T12:20:00.000-04:00,2026-09-25T14:10:00.000-04:00,8.0,2026-09-25T16:53:09+00:00,8.0,standard,2026-09-25T18:00:46+00:00,pre_game,,
prizepicks,15192314,cs2,CS2,168970,beastik,SINNERS,ex-RUBY,G,ex-RUBYSINNERS46290.5416666667,MAP 3 Headshots,headshots,3,3,0,,1,2026-09-25T12:20:00.000-04:00,2026-09-25T14:10:00.000-04:00,7.5,2026-09-25T16:53:09+00:00,7.5,standard,2026-09-25T18:00:46+00:00,pre_game,,
prizepicks,15192315,cs2,CS2,248621,stressarN,SINNERS,ex-RUBY,G,ex-RUBYSINNERS46290.5416666667,MAP 3 Headshots,headshots,3,3,0,,1,2026-09-25T12:20:00.000-04:00,2026-09-25T14:10:00.000-04:00,8.0,2026-09-25T16:53:09+00:00,8.0,standard,2026-09-25T18:00:46+00:00,pre_game,,
prizepicks,15192316,cs2,CS2,280578,sh1nejezzz,ex-RUBY,SINNERS,G,ex-RUBYSINNERS46290.5416666667,MAP 3 Headshots,headshots,3,3,0,,1,2026-09-25T12:20:00.000-04:00,2026-09-25T14:10:00.000-04:00,8.0,2026-09-25T16:53:09+00:00,8.0,standard,2026-09-25T18:00:46+00:00,pre_game,,
prizepicks,15192317,cs2,CS2,347408,z1k4,ex-RUBY,SINNERS,G,ex-RUBYSINNERS46290.5416666667,MAP 3 Headshots,headshots,3,3,0,,1,2026-09-25T12:20:00.000-04:00,2026-09-25T14:10:00.000-04:00,4.5,2026-09-25T16:53:09+00:00,4.5,standard,2026-09-25T18:00:46+00:00,pre_game,,
prizepicks,15192318,cs2,CS2,347409,H4SAN4TOR,ex-RUBY,SINNERS,G,ex-RUBYSINNERS46290.5416666667,MAP 3 Headshots,headshots,3,3,0,,1,2026-09-25T12:20:00.000-04:00,2026-09-25T14:10:00.000-04:00,8.0,2026-09-25T16:53:09+00:00,8.0,standard,2026-09-25T18:00:46+00:00,pre_game,,
prizepicks,15192319,cs2,CS2,329642,1eeR,ex-RUBY,SINNERS,G,ex-RUBYSINNERS46290.5416666667,MAP 3 Headshots,headshots,3,3,0,,1,2026-09-25T12:20:00.000-04:00,2026-09-25T14:10:00.000-04:00,6.0,2026-09-25T16:53:09+00:00,6.0,standard,2026-09-25T18:00:46+00:00,pre_game,,
prizepicks,15192320,cs2,CS2,337550,sowalio,ex-RUBY,SINNERS,G,ex-RUBYSINNERS46290.5416666667,MAP 3 Headshots,headshots,3,3,0,,1,2026-09-25T12:20:00.000-04:00,2026-09-25T14:10:00.000-04:00,7.5,2026-09-25T16:53:09+00:00,7.5,standard,2026-09-25T18:00:46+00:00,pre_game,,
prizepicks,15201779,cs2,,330333,PKL,Galorys,Keyd Stars,G,Keyd StarsGalorys46290.6041666667,MAP 3 Kills,kills,3,3,0,,1,2026-09-25T13:00:00.000-04:00,2026-09-25T14:30:00.000-04:00,12.5,2026-09-25T17:05:52+00:00,12.5,standard,2026-09-25T18:08:27+00:00,pre_game,,
prizepicks,15201780,cs2,,330334,detr0ittJ,Galorys,Keyd Stars,G,Keyd StarsGalorys46290.6041666667,MAP 3 Kills,kills,3,3,0,,1,2026-09-25T13:00:00.000-04:00,2026-09-25T14:30:00.000-04:00,14.0,2026-09-25T17:05:52+00:00,14.0,standard,2026-09-25T18:08:27+00:00,pre_game,,
prizepicks,15201781,cs2,,261826,tomate,Galorys,Keyd Stars,G,Keyd StarsGalorys46290.6041666667,MAP 3 Kills,kills,3,3,0,,1,2026-09-25T13:00:00.000-04:00,2026-09-25T14:30:00.000-04:00,15.5,2026-09-25T17:05:52+00:00,15.5,standard,2026-09-25T18:08:27+00:00,pre_game,,
prizepicks,15201782,cs2,,261828,gbb,Galorys,Keyd Stars,G,Keyd StarsGalorys46290.6041666667,MAP 3 Kills,kills,3,3,0,,1,2026-09-25T13:00:00.000-04:00,2026-09-25T14:30:00.000-04:00,15.5,2026-09-25T17:05:52+00:00,15.5,standard,2026-09-25T18:08:27+00:00,pre_game,,
prizepicks,15201783,cs2,,261830,destiny,Galorys,Keyd Stars,G,Keyd StarsGalorys46290.6041666667,MAP 3 Kills,kills,3,3,0,,1,2026-09-25T13:00:00.000-04:00,2026-09-25T14:30:00.000-04:00,15.5,2026-09-25T17:05:52+00:00,15.5,standard,2026-09-25T18:08:27+00:00,pre_game,,
prizepicks,15201784,cs2,,346624,drg,Keyd Stars,Galorys,G,Keyd StarsGalorys46290.6041666667,MAP 3 Kills,kills,3,3,0,,1,2026-09-25T13:00:00.000-04:00,2026-09-25T14:30:00.000-04:00,13.0,2026-09-25T17:05:52+00:00,13.0,standard,2026-09-25T18:08:27+00:00,pre_game,,
prizepicks,15201785,cs2,,325216,ckzao,Keyd Stars,Galorys,G,Keyd StarsGalorys46290.6041666667,MAP 3 Kills,kills,3,3,0,,1,2026-09-25T13:00:00.000-04:00,2026-09-25T14:30:00.000-04:00,14.5,2026-09-25T17:05:52+00:00,14.5,standard,2026-09-25T18:08:27+00:00,pre_game,,
prizepicks,15201786,cs2,,309913,zede,Keyd Stars,Galorys,G,Keyd StarsGalorys46290.6041666667,MAP 3 Kills,kills,3,3,0,,1,2026-09-25T13:00:00.000-04:00,2026-09-25T14:30:00.000-04:00,14.0,2026-09-25T17:05:52+00:00,14.0,standard,2026-09-25T18:08:27+00:00,pre_game,,
prizepicks,15201787,cs2,,304496,xureba,Keyd Stars,Galorys,G,Keyd StarsGalorys46290.6041666667,MAP 3 Kills,kills,3,3,0,,1,2026-09-25T13:00:00.000-04:00,2026-09-25T14:30:00.000-04:00,11.5,2026-09-25T17:05:52+00:00,11.5,standard,2026-09-25T18:08:27+00:00,pre_game,,
prizepicks,15201788,cs2,,292384,lash,Keyd Stars,Galorys,G,Keyd StarsGalorys46290.6041666667,MAP 3 Kills,kills,3,3,0,,1,2026-09-25T13:00:00.000-04:00,2026-09-25T14:30:00.000-04:00,14.0,2026-09-25T17:05:52+00:00,14.0,standard,2026-09-25T18:08:27+00:00,pre_game,,
prizepicks,15201789,cs2,,330333,PKL,Galorys,Keyd Stars,G,Keyd StarsGalorys46290.6041666667,MAP 3 Headshots,headshots,3,3,0,,1,2026-09-25T13:00:00.000-04:00,2026-09-25T14:30:00.000-04:00,7.0,2026-09-25T17:05:52+00:00,7.0,standard,2026-09-25T18:08:27+00:00,pre_game,,
prizepicks,15201791,cs2,,261826,tomate,Galorys,Keyd Stars,G,Keyd StarsGalorys46290.6041666667,MAP 3 Headshots,headshots,3,3,0,,1,2026-09-25T13:00:00.000-04:00,2026-09-25T14:30:00.000-04:00,8.0,2026-09-25T17:05:52+00:00,8.0,standard,2026-09-25T18:08:27+00:00,pre_game,,
prizepicks,15201792,cs2,,261828,gbb,Galorys,Keyd Stars,G,Keyd StarsGalorys46290.6041666667,MAP 3 Headshots,headshots,3,3,0,,1,2026-09-25T13:00:00.000-04:00,2026-09-25T14:30:00.000-04:00,8.0,2026-09-25T17:05:52+00:00,8.0,standard,2026-09-25T18:08:27+00:00,pre_game,,
prizepicks,15201793,cs2,,261830,destiny,Galorys,Keyd Stars,G,Keyd StarsGalorys46290.6041666667,MAP 3 Headshots,headshots,3,3,0,,1,2026-09-25T13:00:00.000-04:00,2026-09-25T14:30:00.000-04:00,7.5,2026-09-25T17:05:52+00:00,7.5,standard,2026-09-25T18:08:27+00:00,pre_game,,
prizepicks,15201794,cs2,,346624,drg,Keyd Stars,Galorys,G,Keyd StarsGalorys46290.6041666667,MAP 3 Headshots,headshots,3,3,0,,1,2026-09-25T13:00:00.000-04:00,2026-09-25T14:30:00.000-04:00,8.5,2026-09-25T17:05:52+00:00,8.5,standard,2026-09-25T18:08:27+00:00,pre_game,,
prizepicks,15201795,cs2,,325216,ckzao,Keyd Stars,Galorys,G,Keyd StarsGalorys46290.6041666667,MAP 3 Headshots,headshots,3,3,0,,1,2026-09-25T13:00:00.000-04:00,2026-09-25T14:30:00.000-04:00,8.0,2026-09-25T17:05:52+00:00,8.0,standard,2026-09-25T18:08:27+00:00,pre_game,,
prizepicks,15201796,cs2,,309913,zede,Keyd Stars,Galorys,G,Keyd StarsGalorys46290.6041666667,MAP 3 Headshots,headshots,3,3,0,,1,2026-09-25T13:00:00.000-04:00,2026-09-25T14:30:00.000-04:00,8.5,2026-09-25T17:05:52+00:00,8.5,standard,2026-09-25T18:08:27+00:00,pre_game,,
prizepicks,15201797,cs2,,304496,xureba,Keyd Stars,Galorys,G,Keyd StarsGalorys46290.6041666667,MAP 3 Headshots,headshots,3,3,0,,1,2026-09-25T13:00:00.000-04:00,2026-09-25T14:30:00.000-04:00,5.5,2026-09-25T17:05:52+00:00,5.5,standard,2026-09-25T18:08:27+00:00,pre_game,,
prizepicks,15201798,cs2,,292384,lash,Keyd Stars,Galorys,G,Keyd StarsGalorys46290.6041666667,MAP 3 Headshots,headshots,3,3,0,,1,2026-09-25T13:00:00.000-04:00,2026-09-25T14:30:00.000-04:00,5.5,2026-09-25T17:05:52+00:00,5.5,standard,2026-09-25T18:08:27+00:00,pre_game,,
prizepicks,15195183,cs2,CS2,304000,EliGE,Team Liquid,,G,CS2_match_Sf4j2Bp1azAU8V1sHYZF973j,MAP 3 Kills,kills,3,3,0,,1,2026-09-25T13:30:00.000-04:00,2026-09-25T15:00:00.000-04:00,16.0,2026-09-25T17:32:50+00:00,16.0,standard,2026-09-25T18:52:28+00:00,pre_game,,
prizepicks,15195189,cs2,CS2,304000,EliGE,Team Liquid,,G,CS2_match_Sf4j2Bp1azAU8V1sHYZF973j,MAP 3 Headshots,headshots,3,3,0,,1,2026-09-25T13:30:00.000-04:00,2026-09-25T15:00:00.000-04:00,9.0,2026-09-25T17:32:50+00:00,9.0,standard,2026-09-25T18:52:28+00:00,pre_game,,
prizepicks,15200481,cs2,CS2,265916,Sonic,NRG,Wildcard,G,WildcardNRG46290.625,MAP 3 Kills,kills,3,3,0,,1,2026-09-25T13:30:00.000-04:00,2026-09-25T15:15:00.000-04:00,15.5,2026-09-25T17:32:50+00:00,15.5,standard,2026-09-25T19:06:38+00:00,pre_game,,
prizepicks,15195184,cs2,CS2,329619,Jorko,Team Liquid,,G,CS2_match_Sf4j2Bp1azAU8V1sHYZF973j,MAP 3 Kills,kills,3,3,0,,1,2026-09-25T13:30:00.000-04:00,2026-09-25T15:00:00.000-04:00,14.5,2026-09-25T17:32:50+00:00,14.5,standard,2026-09-25T18:52:28+00:00,pre_game,,
prizepicks,15195190,cs2,CS2,329619,Jorko,Team Liquid,,G,CS2_match_Sf4j2Bp1azAU8V1sHYZF973j,MAP 3 Headshots,headshots,3,3,0,,1,2026-09-25T13:30:00.000-04:00,2026-09-25T15:00:00.000-04:00,5.0,2026-09-25T17:32:50+00:00,5.0,standard,2026-09-25T18:52:28+00:00,pre_game,,
prizepicks,15200482,cs2,CS2,330389,hallzerk,NRG,Wildcard,G,WildcardNRG46290.625,MAP 3 Kills,kills,3,3,0,,1,2026-09-25T13:30:00.000-04:00,2026-09-25T15:15:00.000-04:00,15.5,2026-09-25T17:32:50+00:00,15.5,standard,2026-09-25T19:06:38+00:00,pre_game,,
prizepicks,15195186,cs2,CS2,309160,malbsMd,Team Liquid,,G,CS2_match_Sf4j2Bp1azAU8V1sHYZF973j,MAP 3 Kills,kills,3,3,0,,1,2026-09-25T13:30:00.000-04:00,2026-09-25T15:00:00.000-04:00,14.5,2026-09-25T17:32:50+00:00,14.5,standard,2026-09-25T18:52:28+00:00,pre_game,,
prizepicks,15195191,cs2,CS2,309160,malbsMd,Team Liquid,,G,CS2_match_Sf4j2Bp1azAU8V1sHYZF973j,MAP 3 Headshots,headshots,3,3,0,,1,2026-09-25T13:30:00.000-04:00,2026-09-25T15:00:00.000-04:00,9.5,2026-09-25T17:32:50+00:00,9.5,standard,2026-09-25T18:52:28+00:00,pre_game,,
prizepicks,15200483,cs2,CS2,303720,Grim,NRG,Wildcard,G,WildcardNRG46290.625,MAP 3 Kills,kills,3,3,0,,1,2026-09-25T13:30:00.000-04:00,2026-09-25T15:15:00.000-04:00,15.5,2026-09-25T17:32:50+00:00,15.5,standard,2026-09-25T19:06:38+00:00,pre_game,,
prizepicks,15195187,cs2,CS2,213304,NAF-FLY,Team Liquid,,G,CS2_match_Sf4j2Bp1azAU8V1sHYZF973j,MAP 3 Kills,kills,3,3,0,,1,2026-09-25T13:30:00.000-04:00,2026-09-25T15:00:00.000-04:00,14.0,2026-09-25T17:32:50+00:00,14.0,standard,2026-09-25T18:52:28+00:00,pre_game,,
prizepicks,15195192,cs2,CS2,213304,NAF-FLY,Team Liquid,,G,CS2_match_Sf4j2Bp1azAU8V1sHYZF973j,MAP 3 Headshots,headshots,3,3,0,,1,2026-09-25T13:30:00.000-04:00,2026-09-25T15:00:00.000-04:00,6.0,2026-09-25T17:32:50+00:00,6.0,standard,2026-09-25T18:52:28+00:00,pre_game,,
prizepicks,15200484,cs2,CS2,220182,Jeorge,NRG,Wildcard,G,WildcardNRG46290.625,MAP 3 Kills,kills,3,3,0,,1,2026-09-25T13:30:00.000-04:00,2026-09-25T15:15:00.000-04:00,14.0,2026-09-25T17:32:50+00:00,14.0,standard,2026-09-25T19:06:38+00:00,pre_game,,
prizepicks,15195188,cs2,CS2,329620,JT,Team Liquid,,G,CS2_match_Sf4j2Bp1azAU8V1sHYZF973j,MAP 3 Kills,kills,3,3,0,,1,2026-09-25T13:30:00.000-04:00,2026-09-25T15:00:00.000-04:00,13.0,2026-09-25T17:32:50+00:00,13.0,standard,2026-09-25T18:52:28+00:00,pre_game,,
prizepicks,15195193,cs2,CS2,329620,JT,Team Liquid,,G,CS2_match_Sf4j2Bp1azAU8V1sHYZF973j,MAP 3 Headshots,headshots,3,3,0,,1,2026-09-25T13:30:00.000-04:00,2026-09-25T15:00:00.000-04:00,7.0,2026-09-25T17:32:50+00:00,7.0,standard,2026-09-25T18:52:28+00:00,pre_game,,
prizepicks,15200485,cs2,CS2,202695,nitr0,NRG,Wildcard,G,WildcardNRG46290.625,MAP 3 Kills,kills,3,3,0,,1,2026-09-25T13:30:00.000-04:00,2026-09-25T15:15:00.000-04:00,13.5,2026-09-25T17:32:50+00:00,13.5,standard,2026-09-25T19:06:38+00:00,pre_game,,
prizepicks,15200486,cs2,CS2,231000,fr3nd,Wildcard,NRG,G,WildcardNRG46290.625,MAP 3 Kills,kills,3,3,0,,1,2026-09-25T13:30:00.000-04:00,2026-09-25T15:15:00.000-04:00,15.0,2026-09-25T17:32:50+00:00,15.0,standard,2026-09-25T19:06:38+00:00,pre_game,,
prizepicks,15200487,cs2,CS2,315465,Cxzi,Wildcard,NRG,G,WildcardNRG46290.625,MAP 3 Kills,kills,3,3,0,,1,2026-09-25T13:30:00.000-04:00,2026-09-25T15:15:00.000-04:00,14.0,2026-09-25T17:32:50+00:00,14.0,standard,2026-09-25T19:06:38+00:00,pre_game,,
prizepicks,15200488,cs2,CS2,298113,HexT,Wildcard,NRG,G,WildcardNRG46290.625,MAP 3 Kills,kills,3,3,0,,1,2026-09-25T13:30:00.000-04:00,2026-09-25T15:15:00.000-04:00,14.0,2026-09-25T17:32:50+00:00,14.0,standard,2026-09-25T19:06:38+00:00,pre_game,,
prizepicks,15200489,cs2,CS2,309299,nEMANHA,Wildcard,NRG,G,WildcardNRG46290.625,MAP 3 Kills,kills,3,3,0,,1,2026-09-25T13:30:00.000-04:00,2026-09-25T15:15:00.000-04:00,13.5,2026-09-25T17:32:50+00:00,13.5,standard,2026-09-25T19:06:38+00:00,pre_game,,
prizepicks,15200490,cs2,CS2,290163,reck,Wildcard,NRG,G,WildcardNRG46290.625,MAP 3 Kills,kills,3,3,0,,1,2026-09-25T13:30:00.000-04:00,2026-09-25T15:15:00.000-04:00,12.0,2026-09-25T17:32:50+00:00,12.0,standard,2026-09-25T19:06:38+00:00,pre_game,,
prizepicks,15200491,cs2,CS2,265916,Sonic,NRG,Wildcard,G,WildcardNRG46290.625,MAP 3 Headshots,headshots,3,3,0,,1,2026-09-25T13:30:00.000-04:00,2026-09-25T15:15:00.000-04:00,9.0,2026-09-25T17:32:50+00:00,9.0,standard,2026-09-25T19:06:38+00:00,pre_game,,
prizepicks,15200492,cs2,CS2,330389,hallzerk,NRG,Wildcard,G,WildcardNRG46290.625,MAP 3 Headshots,headshots,3,3,0,,1,2026-09-25T13:30:00.000-04:00,2026-09-25T15:15:00.000-04:00,6.5,2026-09-25T17:32:50+00:00,6.5,standard,2026-09-25T19:06:38+00:00,pre_game,,
prizepicks,15200493,cs2,CS2,303720,Grim,NRG,Wildcard,G,WildcardNRG46290.625,MAP 3 Headshots,headshots,3,3,0,,1,2026-09-25T13:30:00.000-04:00,2026-09-25T15:15:00.000-04:00,9.0,2026-09-25T17:32:50+00:00,9.0,standard,2026-09-25T19:06:38+00:00,pre_game,,
prizepicks,15200494,cs2,CS2,220182,Jeorge,NRG,Wildcard,G,WildcardNRG46290.625,MAP 3 Headshots,headshots,3,3,0,,1,2026-09-25T13:30:00.000-04:00,2026-09-25T15:15:00.000-04:00,7.5,2026-09-25T17:32:50+00:00,7.5,standard,2026-09-25T19:06:38+00:00,pre_game,,
prizepicks,15200495,cs2,CS2,202695,nitr0,NRG,Wildcard,G,WildcardNRG46290.625,MAP 3 Headshots,headshots,3,3,0,,1,2026-09-25T13:30:00.000-04:00,2026-09-25T15:15:00.000-04:00,7.5,2026-09-25T17:32:50+00:00,7.5,standard,2026-09-25T19:06:38+00:00,pre_game,,
prizepicks,15200496,cs2,CS2,231000,fr3nd,Wildcard,NRG,G,WildcardNRG46290.625,MAP 3 Headshots,headshots,3,3,0,,1,2026-09-25T13:30:00.000-04:00,2026-09-25T15:15:00.000-04:00,5.5,2026-09-25T17:32:50+00:00,5.5,standard,2026-09-25T19:06:38+00:00,pre_game,,
prizepicks,15200497,cs2,CS2,315465,Cxzi,Wildcard,NRG,G,WildcardNRG46290.625,MAP 3 Headshots,headshots,3,3,0,,1,2026-09-25T13:30:00.000-04:00,2026-09-25T15:15:00.000-04:00,7.0,2026-09-25T17:32:50+00:00,7.0,standard,2026-09-25T19:06:38+00:00,pre_game,,
prizepicks,15200498,cs2,CS2,298113,HexT,Wildcard,NRG,G,WildcardNRG46290.625,MAP 3 Headshots,headshots,3,3,0,,1,2026-09-25T13:30:00.000-04:00,2026-09-25T15:15:00.000-04:00,7.0,2026-09-25T17:32:50+00:00,7.0,standard,2026-09-25T19:06:38+00:00,pre_game,,
prizepicks,15200499,cs2,CS2,309299,nEMANHA,Wildcard,NRG,G,WildcardNRG46290.625,MAP 3 Headshots,headshots,3,3,0,,1,2026-09-25T13:30:00.000-04:00,2026-09-25T15:15:00.000-04:00,7.0,2026-09-25T17:32:50+00:00,7.0,standard,2026-09-25T19:06:38+00:00,pre_game,,
prizepicks,15200500,cs2,CS2,290163,reck,Wildcard,NRG,G,WildcardNRG46290.625,MAP 3 Headshots,headshots,3,3,0,,1,2026-09-25T13:30:00.000-04:00,2026-09-25T15:15:00.000-04:00,6.0,2026-09-25T17:32:50+00:00,6.0,standard,2026-09-25T19:06:38+00:00,pre_game,,
prizepicks,15213162,cs2,,315211,CacaNito,JiJieHao,Sangal,G,SangalJiJieHao46290.625,MAP 3 Kills,kills,3,3,0,,1,2026-09-25T13:30:00.000-04:00,2026-09-25T15:10:00.000-04:00,16.0,2026-09-25T17:32:50+00:00,16.0,standard,2026-09-25T19:00:02+00:00,pre_game,,
prizepicks,15213163,cs2,,278062,sinnopsyy,JiJieHao,Sangal,G,SangalJiJieHao46290.625,MAP 3 Kills,kills,3,3,0,,1,2026-09-25T13:30:00.000-04:00,2026-09-25T15:10:00.000-04:00,13.5,2026-09-25T17:32:50+00:00,13.5,standard,2026-09-25T19:00:02+00:00,pre_game,,
prizepicks,15213165,cs2,,166505,m1N1,JiJieHao,Sangal,G,SangalJiJieHao46290.625,MAP 3 Kills,kills,3,3,0,,1,2026-09-25T13:30:00.000-04:00,2026-09-25T15:10:00.000-04:00,16.0,2026-09-25T17:32:50+00:00,16.0,standard,2026-09-25T19:00:02+00:00,pre_game,,
prizepicks,15213166,cs2,,202910,0SAMAS,JiJieHao,Sangal,G,SangalJiJieHao46290.625,MAP 3 Kills,kills,3,3,0,,1,2026-09-25T13:30:00.000-04:00,2026-09-25T15:10:00.000-04:00,13.5,2026-09-25T17:32:50+00:00,13.5,standard,2026-09-25T19:00:02+00:00,pre_game,,
prizepicks,15213167,cs2,,315211,CacaNito,JiJieHao,Sangal,G,SangalJiJieHao46290.625,MAP 3 Headshots,headshots,3,3,0,,1,2026-09-25T13:30:00.000-04:00,2026-09-25T15:10:00.000-04:00,8.5,2026-09-25T17:32:50+00:00,8.5,standard,2026-09-25T19:00:02+00:00,pre_game,,
prizepicks,15213168,cs2,,278062,sinnopsyy,JiJieHao,Sangal,G,SangalJiJieHao46290.625,MAP 3 Headshots,headshots,3,3,0,,1,2026-09-25T13:30:00.000-04:00,2026-09-25T15:10:00.000-04:00,8.0,2026-09-25T17:32:50+00:00,8.0,standard,2026-09-25T19:00:02+00:00,pre_game,,
prizepicks,15213170,cs2,,166505,m1N1,JiJieHao,Sangal,G,SangalJiJieHao46290.625,MAP 3 Headshots,headshots,3,3,0,,1,2026-09-25T13:30:00.000-04:00,2026-09-25T15:10:00.000-04:00,5.0,2026-09-25T17:32:50+00:00,5.0,standard,2026-09-25T19:00:02+00:00,pre_game,,
prizepicks,15213171,cs2,,202910,0SAMAS,JiJieHao,Sangal,G,SangalJiJieHao46290.625,MAP 3 Headshots,headshots,3,3,0,,1,2026-09-25T13:30:00.000-04:00,2026-09-25T15:10:00.000-04:00,7.5,2026-09-25T17:32:50+00:00,7.5,standard,2026-09-25T19:00:02+00:00,pre_game,,
prizepicks,15232591,lol,LoL,295470,yeti,SC,CG,TOP,CGSC46291.5,MAP 1 Kills,kills,1,1,0,,0,2026-09-25T12:00:00.000-04:00,2026-09-26T12:00:00.000-04:00,3.5,2026-09-25T18:00:34+00:00,3.5,demon,2026-09-26T13:00:15+00:00,pre_game,,
prizepicks,15232583,lol,LoL,285871,Irrelevant,BIG,FEC,TOP,FECBIG46291.5,MAP 1 Kills,kills,1,1,0,,0,2026-09-25T12:00:00.000-04:00,2026-09-26T12:00:00.000-04:00,3.5,2026-09-25T18:00:34+00:00,3.5,standard,2026-09-26T13:00:15+00:00,pre_game,,
prizepicks,15232587,lol,LoL,277359,selenex,BAR,JSK,TOP,JSKBAR46291.5,MAP 1 Kills,kills,1,1,0,,0,2026-09-25T12:00:00.000-04:00,2026-09-26T12:00:00.000-04:00,3.5,2026-09-25T18:00:34+00:00,3.5,standard,2026-09-26T13:00:15+00:00,pre_game,,
prizepicks,15232592,lol,LoL,295471,SPOOKY,SC,CG,JNG,CGSC46291.5,MAP 1 Kills,kills,1,1,0,,0,2026-09-25T12:00:00.000-04:00,2026-09-26T12:00:00.000-04:00,4.5,2026-09-25T18:00:34+00:00,4.5,standard,2026-09-26T13:00:15+00:00,pre_game,,
prizepicks,15232584,lol,LoL,340315,113,BIG,FEC,JNG,FECBIG46291.5,MAP 1 Kills,kills,1,1,0,,0,2026-09-25T12:00:00.000-04:00,2026-09-26T12:00:00.000-04:00,5.5,2026-09-25T18:00:34+00:00,5.0,standard,2026-09-26T13:00:15+00:00,pre_game,,
prizepicks,15232588,lol,LoL,277360,Koldo,BAR,JSK,JNG,JSKBAR46291.5,MAP 1 Kills,kills,1,1,0,,0,2026-09-25T12:00:00.000-04:00,2026-09-26T12:00:00.000-04:00,5.0,2026-09-25T18:00:34+00:00,4.5,standard,2026-09-26T13:00:15+00:00,pre_game,,
prizepicks,15232593,lol,LoL,295472,Nafkelah,SC,CG,MID,CGSC46291.5,MAP 1 Kills,kills,1,1,0,,0,2026-09-25T12:00:00.000-04:00,2026-09-26T12:00:00.000-04:00,5.0,2026-09-25T18:00:34+00:00,5.0,standard,2026-09-26T13:00:15+00:00,pre_game,,
prizepicks,15232585,lol,LoL,285873,Reeker,BIG,FEC,MID,FECBIG46291.5,MAP 1 Kills,kills,1,1,0,,0,2026-09-25T12:00:00.000-04:00,2026-09-26T12:00:00.000-04:00,5.5,2026-09-25T18:00:34+00:00,5.5,standard,2026-09-26T13:00:15+00:00,pre_game,,
prizepicks,15232589,lol,LoL,277363,Macaquino,BAR,JSK,MID,JSKBAR46291.5,MAP 1 Kills,kills,1,1,0,,0,2026-09-25T12:00:00.000-04:00,2026-09-26T12:00:00.000-04:00,5.0,2026-09-25T18:00:34+00:00,5.0,standard,2026-09-26T13:00:15+00:00,pre_game,,
prizepicks,15232594,lol,LoL,329369,Exofeng,SC,CG,BOT,CGSC46291.5,MAP 1 Kills,kills,1,1,0,,0,2026-09-25T12:00:00.000-04:00,2026-09-26T12:00:00.000-04:00,7.0,2026-09-25T18:00:34+00:00,7.0,standard,2026-09-26T13:00:15+00:00,pre_game,,
prizepicks,15232586,lol,LoL,309537,Patrik,BIG,FEC,BOT,FECBIG46291.5,MAP 1 Kills,kills,1,1,0,,0,2026-09-25T12:00:00.000-04:00,2026-09-26T12:00:00.000-04:00,6.5,2026-09-25T18:00:34+00:00,6.0,standard,2026-09-26T13:00:15+00:00,pre_game,,
prizepicks,15232590,lol,LoL,150498,Legolas,BAR,JSK,BOT,JSKBAR46291.5,MAP 1 Kills,kills,1,1,0,,0,2026-09-25T12:00:00.000-04:00,2026-09-26T12:00:00.000-04:00,7.5,2026-09-25T18:00:34+00:00,7.5,standard,2026-09-26T13:00:15+00:00,pre_game,,
prizepicks,15232610,lol,LoL,285859,Kozi,UCAM,HMBLE,TOP,HMBLEUCAM46291.5416666667,MAP 1 Kills,kills,1,1,0,,0,2026-09-25T13:00:00.000-04:00,2026-09-26T13:00:00.000-04:00,4.5,2026-09-25T18:00:34+00:00,4.0,standard,2026-09-26T13:00:15+00:00,pre_game,,
prizepicks,15232606,lol,LoL,296811,Spooder,TLNP,Magaza,TOP,MagazaTLNP46291.5416666667,MAP 1 Kills,kills,1,1,0,,0,2026-09-25T13:00:00.000-04:00,2026-09-26T13:00:00.000-04:00,3.0,2026-09-25T18:00:34+00:00,3.0,standard,2026-09-26T13:00:15+00:00,pre_game,,
prizepicks,15232596,lol,LoL,326237,BODA,KHK,RC,TOP,RCKHK46291.5416666667,MAP 1 Kills,kills,1,1,0,,0,2026-09-25T13:00:00.000-04:00,2026-09-26T13:00:00.000-04:00,4.5,2026-09-25T18:00:34+00:00,4.5,standard,2026-09-26T13:00:15+00:00,pre_game,,
prizepicks,15232601,lol,LoL,330404,Aytekn,BW,Senshi,TOP,SenshiBW46291.5416666667,MAP 1 Kills,kills,1,1,0,,0,2026-09-25T13:00:00.000-04:00,2026-09-26T13:00:00.000-04:00,3.5,2026-09-25T18:00:34+00:00,3.5,standard,2026-09-26T13:00:15+00:00,pre_game,,
prizepicks,15232611,lol,LoL,247248,bluerzor,UCAM,HMBLE,JNG,HMBLEUCAM46291.5416666667,MAP 1 Kills,kills,1,1,0,,0,2026-09-25T13:00:00.000-04:00,2026-09-26T13:00:00.000-04:00,4.5,2026-09-25T18:00:34+00:00,4.5,standard,2026-09-26T13:00:15+00:00,pre_game,,
prizepicks,15232607,lol,LoL,296812,Stefan,TLNP,Magaza,JNG,MagazaTLNP46291.5416666667,MAP 1 Kills,kills,1,1,0,,0,2026-09-25T13:00:00.000-04:00,2026-09-26T13:00:00.000-04:00,3.5,2026-09-25T18:00:34+00:00,3.5,standard,2026-09-26T13:00:15+00:00,pre_game,,
prizepicks,15232597,lol,LoL,315580,Densi,KHK,RC,JNG,RCKHK46291.5416666667,MAP 1 Kills,kills,1,1,0,,0,2026-09-25T13:00:00.000-04:00,2026-09-26T13:00:00.000-04:00,4.0,2026-09-25T18:00:34+00:00,4.0,standard,2026-09-26T13:00:15+00:00,pre_game,,
prizepicks,15232602,lol,LoL,330405,Osman123,BW,Senshi,JNG,SenshiBW46291.5416666667,MAP 1 Kills,kills,1,1,0,,0,2026-09-25T13:00:00.000-04:00,2026-09-26T13:00:00.000-04:00,4.5,2026-09-25T18:00:34+00:00,4.5,standard,2026-09-26T13:00:15+00:00,pre_game,,
prizepicks,15232612,lol,LoL,63270,ESCIK,UCAM,HMBLE,MID,HMBLEUCAM46291.5416666667,MAP 1 Kills,kills,1,1,0,,0,2026-09-25T13:00:00.000-04:00,2026-09-26T13:00:00.000-04:00,5.0,2026-09-25T18:00:34+00:00,5.0,standard,2026-09-26T13:00:15+00:00,pre_game,,
prizepicks,15232608,lol,LoL,296813,Toffe,TLNP,Magaza,MID,MagazaTLNP46291.5416666667,MAP 1 Kills,kills,1,1,0,,0,2026-09-25T13:00:00.000-04:00,2026-09-26T13:00:00.000-04:00,5.0,2026-09-25T18:00:34+00:00,5.0,standard,2026-09-26T13:00:15+00:00,pre_game,,
prizepicks,15232598,lol,LoL,300045,Abbedagge,KHK,RC,MID,RCKHK46291.5416666667,MAP 1 Kills,kills,1,1,0,,0,2026-09-25T13:00:00.000-04:00,2026-09-26T13:00:00.000-04:00,4.0,2026-09-25T18:00:34+00:00,4.0,standard,2026-09-26T13:00:15+00:00,pre_game,,
prizepicks,15232603,lol,LoL,330406,Camana,BW,Senshi,MID,SenshiBW46291.5416666667,MAP 1 Kills,kills,1,1,0,,0,2026-09-25T13:00:00.000-04:00,2026-09-26T13:00:00.000-04:00,5.5,2026-09-25T18:00:34+00:00,5.5,standard,2026-09-26T13:00:15+00:00,pre_game,,
prizepicks,15232613,lol,LoL,95422,Andariel,UCAM,HMBLE,BOT,HMBLEUCAM46291.5416666667,MAP 1 Kills,kills,1,1,0,,0,2026-09-25T13:00:00.000-04:00,2026-09-26T13:00:00.000-04:00,6.0,2026-09-25T18:00:34+00:00,6.0,standard,2026-09-26T13:00:15+00:00,pre_game,,
prizepicks,15232609,lol,LoL,296814,Axelent,TLNP,Magaza,BOT,MagazaTLNP46291.5416666667,MAP 1 Kills,kills,1,1,0,,0,2026-09-25T13:00:00.000-04:00,2026-09-26T13:00:00.000-04:00,6.0,2026-09-25T18:00:34+00:00,6.0,standard,2026-09-26T13:00:15+00:00,pre_game,,
prizepicks,15232599,lol,LoL,315840,UNFORGIVEN,KHK,RC,BOT,RCKHK46291.5416666667,MAP 1 Kills,kills,1,1,0,,0,2026-09-25T13:00:00.000-04:00,2026-09-26T13:00:00.000-04:00,6.0,2026-09-25T18:00:34+00:00,6.0,standard,2026-09-26T13:00:15+00:00,pre_game,,
prizepicks,15232604,lol,LoL,330407,Ruep,BW,Senshi,BOT,SenshiBW46291.5416666667,MAP 1 Kills,kills,1,1,0,,0,2026-09-25T13:00:00.000-04:00,2026-09-26T13:00:00.000-04:00,6.0,2026-09-25T18:00:34+00:00,6.0,standard,2026-09-26T13:00:15+00:00,pre_game,,
prizepicks,15232833,cs2,CS2,207814,upE,Alliance,3DMAX,G,3DMAXAlliance46291.2083333333,MAPS 1-2 Kills,kills,1,2,0,,0,2026-09-22T11:50:00.000-04:00,2026-09-26T05:00:00.000-04:00,26.5,2026-09-25T18:08:27+00:00,25.5,standard,2026-09-26T08:03:26+00:00,pre_game,,
prizepicks,15232834,cs2,CS2,323775,bobeksde,Alliance,3DMAX,G,3DMAXAlliance46291.2083333333,MAPS 1-2 Kills,kills,1,2,0,,0,2026-09-22T11:50:00.000-04:00,2026-09-26T05:00:00.000-04:00,31.0,2026-09-25T18:08:27+00:00,31.0,standard,2026-09-26T08:03:26+00:00,pre_game,,
prizepicks,15232835,cs2,CS2,166147,avid,Alliance,3DMAX,G,3DMAXAlliance46291.2083333333,MAPS 1-2 Kills,kills,1,2,0,,0,2026-09-22T11:50:00.000-04:00,2026-09-26T05:00:00.000-04:00,27.5,2026-09-25T18:08:27+00:00,27.5,standard,2026-09-26T08:03:26+00:00,pre_game,,
prizepicks,15232836,cs2,CS2,221465,eraa,Alliance,3DMAX,G,3DMAXAlliance46291.2083333333,MAPS 1-2 Kills,kills,1,2,1,"[""eraa""]",0,2026-09-22T11:50:00.000-04:00,2026-09-26T05:00:00.000-04:00,33.5,2026-09-25T18:08:27+00:00,33.5,standard,2026-09-26T08:03:26+00:00,pre_game,,
prizepicks,15232837,cs2,CS2,169198,twist,Alliance,3DMAX,G,3DMAXAlliance46291.2083333333,MAPS 1-2 Kills,kills,1,2,0,,0,2026-09-22T11:50:00.000-04:00,2026-09-26T05:00:00.000-04:00,26.5,2026-09-25T18:08:27+00:00,26.5,standard,2026-09-26T08:03:26+00:00,pre_game,,
prizepicks,15232838,cs2,CS2,169058,Maka,3DMAX,Alliance,G,3DMAXAlliance46291.2083333333,MAPS 1-2 Kills,kills,1,2,0,,0,2026-09-22T11:50:00.000-04:00,2026-09-26T05:00:00.000-04:00,30.5,2026-09-25T18:08:27+00:00,31.0,standard,2026-09-26T08:03:26+00:00,pre_game,,
prizepicks,15232839,cs2,CS2,169057,lucky,3DMAX,Alliance,G,3DMAXAlliance46291.2083333333,MAPS 1-2 Kills,kills,1,2,0,,0,2026-09-22T11:50:00.000-04:00,2026-09-26T05:00:00.000-04:00,28.5,2026-09-25T18:08:27+00:00,28.5,standard,2026-09-26T08:03:26+00:00,pre_game,,
prizepicks,15232840,cs2,CS2,193007,Graviti,3DMAX,Alliance,G,3DMAXAlliance46291.2083333333,MAPS 1-2 Kills,kills,1,2,0,,0,2026-09-22T11:50:00.000-04:00,2026-09-26T05:00:00.000-04:00,26.5,2026-09-25T18:08:27+00:00,26.5,standard,2026-09-26T08:03:26+00:00,pre_game,,
prizepicks,15232841,cs2,CS2,303785,misutaaa,3DMAX,Alliance,G,3DMAXAlliance46291.2083333333,MAPS 1-2 Kills,kills,1,2,0,,0,2026-09-22T11:50:00.000-04:00,2026-09-26T05:00:00.000-04:00,29.0,2026-09-25T18:08:27+00:00,29.0,standard,2026-09-26T08:03:26+00:00,pre_game,,
prizepicks,15232842,cs2,CS2,326231,Kursy,3DMAX,Alliance,G,3DMAXAlliance46291.2083333333,MAPS 1-2 Kills,kills,1,2,0,,0,2026-09-22T11:50:00.000-04:00,2026-09-26T05:00:00.000-04:00,29.5,2026-09-25T18:08:27+00:00,32.0,standard,2026-09-26T08:03:26+00:00,pre_game,,
prizepicks,15232843,cs2,CS2,207814,upE,Alliance,3DMAX,G,3DMAXAlliance46291.2083333333,MAPS 1-2 Headshots,headshots,1,2,0,,0,2026-09-22T11:50:00.000-04:00,2026-09-26T05:00:00.000-04:00,16.5,2026-09-25T18:08:27+00:00,16.0,standard,2026-09-26T08:03:26+00:00,pre_game,,
prizepicks,15232844,cs2,CS2,323775,bobeksde,Alliance,3DMAX,G,3DMAXAlliance46291.2083333333,MAPS 1-2 Headshots,headshots,1,2,0,,0,2026-09-22T11:50:00.000-04:00,2026-09-26T05:00:00.000-04:00,18.5,2026-09-25T18:08:27+00:00,19.0,standard,2026-09-26T08:03:26+00:00,pre_game,,
prizepicks,15232845,cs2,CS2,166147,avid,Alliance,3DMAX,G,3DMAXAlliance46291.2083333333,MAPS 1-2 Headshots,headshots,1,2,0,,0,2026-09-22T11:50:00.000-04:00,2026-09-26T05:00:00.000-04:00,16.0,2026-09-25T18:08:27+00:00,16.0,standard,2026-09-26T08:03:26+00:00,pre_game,,
prizepicks,15232846,cs2,CS2,221465,eraa,Alliance,3DMAX,G,3DMAXAlliance46291.2083333333,MAPS 1-2 Headshots,headshots,1,2,1,"[""eraa""]",0,2026-09-22T11:50:00.000-04:00,2026-09-26T05:00:00.000-04:00,11.0,2026-09-25T18:08:27+00:00,11.0,standard,2026-09-26T08:03:26+00:00,pre_game,,
prizepicks,15232847,cs2,CS2,169198,twist,Alliance,3DMAX,G,3DMAXAlliance46291.2083333333,MAPS 1-2 Headshots,headshots,1,2,0,,0,2026-09-22T11:50:00.000-04:00,2026-09-26T05:00:00.000-04:00,14.0,2026-09-25T18:08:27+00:00,14.0,standard,2026-09-26T08:03:26+00:00,pre_game,,
prizepicks,15232848,cs2,CS2,169058,Maka,3DMAX,Alliance,G,3DMAXAlliance46291.2083333333,MAPS 1-2 Headshots,headshots,1,2,0,,0,2026-09-22T11:50:00.000-04:00,2026-09-26T05:00:00.000-04:00,13.0,2026-09-25T18:08:27+00:00,11.5,standard,2026-09-26T08:03:26+00:00,pre_game,,
prizepicks,15232849,cs2,CS2,169057,lucky,3DMAX,Alliance,G,3DMAXAlliance46291.2083333333,MAPS 1-2 Headshots,headshots,1,2,0,,0,2026-09-22T11:50:00.000-04:00,2026-09-26T05:00:00.000-04:00,15.0,2026-09-25T18:08:27+00:00,15.0,standard,2026-09-26T08:03:26+00:00,pre_game,,
prizepicks,15232850,cs2,CS2,193007,Graviti,3DMAX,Alliance,G,3DMAXAlliance46291.2083333333,MAPS 1-2 Headshots,headshots,1,2,0,,0,2026-09-22T11:50:00.000-04:00,2026-09-26T05:00:00.000-04:00,16.5,2026-09-25T18:08:27+00:00,16.5,standard,2026-09-26T08:03:26+00:00,pre_game,,
prizepicks,15232851,cs2,CS2,303785,misutaaa,3DMAX,Alliance,G,3DMAXAlliance46291.2083333333,MAPS 1-2 Headshots,headshots,1,2,0,,0,2026-09-22T11:50:00.000-04:00,2026-09-26T05:00:00.000-04:00,16.5,2026-09-25T18:08:27+00:00,17.0,standard,2026-09-26T08:03:26+00:00,pre_game,,
prizepicks,15232852,cs2,CS2,326231,Kursy,3DMAX,Alliance,G,3DMAXAlliance46291.2083333333,MAPS 1-2 Headshots,headshots,1,2,0,,0,2026-09-22T11:50:00.000-04:00,2026-09-26T05:00:00.000-04:00,17.0,2026-09-25T18:08:27+00:00,18.0,standard,2026-09-26T08:03:26+00:00,pre_game,,
prizepicks,15232853,cs2,CS2,168969,SHOCK,SINNERS,Ninjas in Pyjamas,G,Ninjas in PyjamasSINNERS46291.4583333333,MAPS 1-2 Kills,kills,1,2,0,,0,2026-09-22T11:50:00.000-04:00,2026-09-26T11:00:00.000-04:00,26.5,2026-09-25T18:08:27+00:00,26.5,standard,2026-09-26T13:00:27+00:00,pre_game,,
prizepicks,15232854,cs2,CS2,297065,MoDo,SINNERS,Ninjas in Pyjamas,G,Ninjas in PyjamasSINNERS46291.4583333333,MAPS 1-2 Kills,kills,1,2,0,,0,2026-09-22T11:50:00.000-04:00,2026-09-26T11:00:00.000-04:00,29.5,2026-09-25T18:08:27+00:00,29.5,standard,2026-09-26T13:00:27+00:00,pre_game,,
prizepicks,15232855,cs2,CS2,185439,kisserek,SINNERS,Ninjas in Pyjamas,G,Ninjas in PyjamasSINNERS46291.4583333333,MAPS 1-2 Kills,kills,1,2,0,,0,2026-09-22T11:50:00.000-04:00,2026-09-26T11:00:00.000-04:00,28.5,2026-09-25T18:08:27+00:00,28.5,standard,2026-09-26T13:00:27+00:00,pre_game,,
prizepicks,15232856,cs2,CS2,168970,beastik,SINNERS,Ninjas in Pyjamas,G,Ninjas in PyjamasSINNERS46291.4583333333,MAPS 1-2 Kills,kills,1,2,0,,0,2026-09-22T11:50:00.000-04:00,2026-09-26T11:00:00.000-04:00,25.5,2026-09-25T18:08:27+00:00,25.5,standard,2026-09-26T13:00:27+00:00,pre_game,,
prizepicks,15232857,cs2,CS2,248621,stressarN,SINNERS,Ninjas in Pyjamas,G,Ninjas in PyjamasSINNERS46291.4583333333,MAPS 1-2 Kills,kills,1,2,0,,0,2026-09-22T11:50:00.000-04:00,2026-09-26T11:00:00.000-04:00,30.5,2026-09-25T18:08:27+00:00,30.5,standard,2026-09-26T13:00:27+00:00,pre_game,,
prizepicks,15232858,cs2,CS2,168502,sjuush,Ninjas in Pyjamas,SINNERS,G,Ninjas in PyjamasSINNERS46291.4583333333,MAPS 1-2 Kills,kills,1,2,0,,0,2026-09-22T11:50:00.000-04:00,2026-09-26T11:00:00.000-04:00,28.5,2026-09-25T18:08:27+00:00,29.5,standard,2026-09-26T13:00:27+00:00,pre_game,,
prizepicks,15232859,cs2,CS2,314980,stavn,Ninjas in Pyjamas,SINNERS,G,Ninjas in PyjamasSINNERS46291.4583333333,MAPS 1-2 Kills,kills,1,2,0,,0,2026-09-22T11:50:00.000-04:00,2026-09-26T11:00:00.000-04:00,30.5,2026-09-25T18:08:27+00:00,30.5,standard,2026-09-26T13:00:27+00:00,pre_game,,
prizepicks,15232860,cs2,CS2,196100,xKacpersky,Ninjas in Pyjamas,SINNERS,G,Ninjas in PyjamasSINNERS46291.4583333333,MAPS 1-2 Kills,kills,1,2,0,,0,2026-09-22T11:50:00.000-04:00,2026-09-26T11:00:00.000-04:00,30.5,2026-09-25T18:08:27+00:00,31.5,standard,2026-09-26T13:00:27+00:00,pre_game,,
prizepicks,15232861,cs2,CS2,344693,adamb,Ninjas in Pyjamas,SINNERS,G,Ninjas in PyjamasSINNERS46291.4583333333,MAPS 1-2 Kills,kills,1,2,0,,0,2026-09-22T11:50:00.000-04:00,2026-09-26T11:00:00.000-04:00,28.5,2026-09-25T18:08:27+00:00,28.5,standard,2026-09-26T13:00:27+00:00,pre_game,,
prizepicks,15232862,cs2,CS2,340611,Krimbo,Ninjas in Pyjamas,SINNERS,G,Ninjas in PyjamasSINNERS46291.4583333333,MAPS 1-2 Kills,kills,1,2,0,,0,2026-09-22T11:50:00.000-04:00,2026-09-26T11:00:00.000-04:00,27.0,2026-09-25T18:08:27+00:00,27.0,standard,2026-09-26T13:00:27+00:00,pre_game,,
prizepicks,15232863,cs2,CS2,168969,SHOCK,SINNERS,Ninjas in Pyjamas,G,Ninjas in PyjamasSINNERS46291.4583333333,MAPS 1-2 Headshots,headshots,1,2,0,,0,2026-09-22T11:50:00.000-04:00,2026-09-26T11:00:00.000-04:00,15.5,2026-09-25T18:08:27+00:00,15.5,standard,2026-09-26T13:00:27+00:00,pre_game,,
prizepicks,15232864,cs2,CS2,297065,MoDo,SINNERS,Ninjas in Pyjamas,G,Ninjas in PyjamasSINNERS46291.4583333333,MAPS 1-2 Headshots,headshots,1,2,0,,0,2026-09-22T11:50:00.000-04:00,2026-09-26T11:00:00.000-04:00,9.5,2026-09-25T18:08:27+00:00,9.5,standard,2026-09-26T13:00:27+00:00,pre_game,,
prizepicks,15232865,cs2,CS2,185439,kisserek,SINNERS,Ninjas in Pyjamas,G,Ninjas in PyjamasSINNERS46291.4583333333,MAPS 1-2 Headshots,headshots,1,2,0,,0,2026-09-22T11:50:00.000-04:00,2026-09-26T11:00:00.000-04:00,16.0,2026-09-25T18:08:27+00:00,16.0,standard,2026-09-26T13:00:27+00:00,pre_game,,
prizepicks,15232866,cs2,CS2,168970,beastik,SINNERS,Ninjas in Pyjamas,G,Ninjas in PyjamasSINNERS46291.4583333333,MAPS 1-2 Headshots,headshots,1,2,0,,0,2026-09-22T11:50:00.000-04:00,2026-09-26T11:00:00.000-04:00,14.5,2026-09-25T18:08:27+00:00,15.0,standard,2026-09-26T13:00:27+00:00,pre_game,,
prizepicks,15232867,cs2,CS2,248621,stressarN,SINNERS,Ninjas in Pyjamas,G,Ninjas in PyjamasSINNERS46291.4583333333,MAPS 1-2 Headshots,headshots,1,2,0,,0,2026-09-22T11:50:00.000-04:00,2026-09-26T11:00:00.000-04:00,16.0,2026-09-25T18:08:27+00:00,16.0,standard,2026-09-26T13:00:27+00:00,pre_game,,
prizepicks,15232868,cs2,CS2,168502,sjuush,Ninjas in Pyjamas,SINNERS,G,Ninjas in PyjamasSINNERS46291.4583333333,MAPS 1-2 Headshots,headshots,1,2,0,,0,2026-09-22T11:50:00.000-04:00,2026-09-26T11:00:00.000-04:00,16.5,2026-09-25T18:08:27+00:00,17.0,standard,2026-09-26T13:00:27+00:00,pre_game,,
prizepicks,15232869,cs2,CS2,314980,stavn,Ninjas in Pyjamas,SINNERS,G,Ninjas in PyjamasSINNERS46291.4583333333,MAPS 1-2 Headshots,headshots,1,2,0,,0,2026-09-22T11:50:00.000-04:00,2026-09-26T11:00:00.000-04:00,9.5,2026-09-25T18:08:27+00:00,9.5,standard,2026-09-26T13:00:27+00:00,pre_game,,
prizepicks,15232870,cs2,CS2,196100,xKacpersky,Ninjas in Pyjamas,SINNERS,G,Ninjas in PyjamasSINNERS46291.4583333333,MAPS 1-2 Headshots,headshots,1,2,0,,0,2026-09-22T11:50:00.000-04:00,2026-09-26T11:00:00.000-04:00,16.5,2026-09-25T18:08:27+00:00,17.0,standard,2026-09-26T13:00:27+00:00,pre_game,,
prizepicks,15232871,cs2,CS2,344693,adamb,Ninjas in Pyjamas,SINNERS,G,Ninjas in PyjamasSINNERS46291.4583333333,MAPS 1-2 Headshots,headshots,1,2,0,,0,2026-09-22T11:50:00.000-04:00,2026-09-26T11:00:00.000-04:00,16.5,2026-09-25T18:08:27+00:00,16.5,standard,2026-09-26T13:00:27+00:00,pre_game,,
prizepicks,15232872,cs2,CS2,340611,Krimbo,Ninjas in Pyjamas,SINNERS,G,Ninjas in PyjamasSINNERS46291.4583333333,MAPS 1-2 Headshots,headshots,1,2,0,,0,2026-09-22T11:50:00.000-04:00,2026-09-26T11:00:00.000-04:00,15.5,2026-09-25T18:08:27+00:00,15.5,standard,2026-09-26T13:00:27+00:00,pre_game,,
prizepicks,15192331,cs2,CS2,330458,Anlelele,Sashi,9INE,G,9INESashi46290.6458333333,MAP 3 Headshots,headshots,3,3,0,,1,2026-09-25T14:30:00.000-04:00,2026-09-25T16:55:00.000-04:00,6.0,2026-09-25T18:30:40+00:00,6.0,standard,2026-09-25T20:48:40+00:00,pre_game,,
prizepicks,15192332,cs2,CS2,194376,Cabbi,Sashi,9INE,G,9INESashi46290.6458333333,MAP 3 Headshots,headshots,3,3,0,,1,2026-09-25T14:30:00.000-04:00,2026-09-25T16:55:00.000-04:00,7.5,2026-09-25T18:30:40+00:00,7.5,standard,2026-09-25T20:48:40+00:00,pre_game,,
prizepicks,15192333,cs2,CS2,292827,acoR,Sashi,9INE,G,9INESashi46290.6458333333,MAP 3 Headshots,headshots,3,3,0,,1,2026-09-25T14:30:00.000-04:00,2026-09-25T16:55:00.000-04:00,5.5,2026-09-25T18:30:40+00:00,5.5,standard,2026-09-25T20:48:40+00:00,pre_game,,
prizepicks,15192334,cs2,CS2,194380,MistR,Sashi,9INE,G,9INESashi46290.6458333333,MAP 3 Headshots,headshots,3,3,0,,1,2026-09-25T14:30:00.000-04:00,2026-09-25T16:55:00.000-04:00,7.5,2026-09-25T18:30:40+00:00,7.5,standard,2026-09-25T20:48:40+00:00,pre_game,,
prizepicks,15192335,cs2,CS2,167023,Zyphon,Sashi,9INE,G,9INESashi46290.6458333333,MAP 3 Headshots,headshots,3,3,0,,1,2026-09-25T14:30:00.000-04:00,2026-09-25T16:55:00.000-04:00,8.5,2026-09-25T18:30:40+00:00,8.5,standard,2026-09-25T20:48:40+00:00,pre_game,,
prizepicks,15192336,cs2,CS2,199053,raalz,9INE,Sashi,G,9INESashi46290.6458333333,MAP 3 Headshots,headshots,3,3,0,,1,2026-09-25T14:30:00.000-04:00,2026-09-25T16:55:00.000-04:00,8.5,2026-09-25T18:30:40+00:00,8.5,standard,2026-09-25T20:48:40+00:00,pre_game,,
prizepicks,15192337,cs2,CS2,224650,kraghen,9INE,Sashi,G,9INESashi46290.6458333333,MAP 3 Headshots,headshots,3,3,0,,1,2026-09-25T14:30:00.000-04:00,2026-09-25T16:55:00.000-04:00,6.5,2026-09-25T18:30:40+00:00,6.5,standard,2026-09-25T20:48:40+00:00,pre_game,,
prizepicks,15192338,cs2,CS2,324956,rim3,9INE,Sashi,G,9INESashi46290.6458333333,MAP 3 Headshots,headshots,3,3,0,,1,2026-09-25T14:30:00.000-04:00,2026-09-25T16:55:00.000-04:00,8.0,2026-09-25T18:30:40+00:00,8.0,standard,2026-09-25T20:48:40+00:00,pre_game,,
prizepicks,15192340,cs2,CS2,324957,b1elany,9INE,Sashi,G,9INESashi46290.6458333333,MAP 3 Headshots,headshots,3,3,0,,1,2026-09-25T14:30:00.000-04:00,2026-09-25T16:55:00.000-04:00,8.5,2026-09-25T18:30:40+00:00,8.5,standard,2026-09-25T20:48:40+00:00,pre_game,,
prizepicks,15192321,cs2,CS2,330458,Anlelele,Sashi,9INE,G,9INESashi46290.6458333333,MAP 3 Kills,kills,3,3,0,,1,2026-09-25T14:30:00.000-04:00,2026-09-25T16:55:00.000-04:00,13.5,2026-09-25T18:30:40+00:00,13.5,standard,2026-09-25T20:48:40+00:00,pre_game,,
prizepicks,15192322,cs2,CS2,194376,Cabbi,Sashi,9INE,G,9INESashi46290.6458333333,MAP 3 Kills,kills,3,3,0,,1,2026-09-25T14:30:00.000-04:00,2026-09-25T16:55:00.000-04:00,14.0,2026-09-25T18:30:40+00:00,14.0,standard,2026-09-25T20:48:40+00:00,pre_game,,
prizepicks,15192323,cs2,CS2,292827,acoR,Sashi,9INE,G,9INESashi46290.6458333333,MAP 3 Kills,kills,3,3,0,,1,2026-09-25T14:30:00.000-04:00,2026-09-25T16:55:00.000-04:00,15.5,2026-09-25T18:30:40+00:00,15.5,standard,2026-09-25T20:48:40+00:00,pre_game,,
prizepicks,15192324,cs2,CS2,194380,MistR,Sashi,9INE,G,9INESashi46290.6458333333,MAP 3 Kills,kills,3,3,0,,1,2026-09-25T14:30:00.000-04:00,2026-09-25T16:55:00.000-04:00,13.5,2026-09-25T18:30:40+00:00,13.5,standard,2026-09-25T20:48:40+00:00,pre_game,,
prizepicks,15192325,cs2,CS2,167023,Zyphon,Sashi,9INE,G,9INESashi46290.6458333333,MAP 3 Kills,kills,3,3,0,,1,2026-09-25T14:30:00.000-04:00,2026-09-25T16:55:00.000-04:00,14.5,2026-09-25T18:30:40+00:00,14.5,standard,2026-09-25T20:48:40+00:00,pre_game,,
prizepicks,15192326,cs2,CS2,199053,raalz,9INE,Sashi,G,9INESashi46290.6458333333,MAP 3 Kills,kills,3,3,0,,1,2026-09-25T14:30:00.000-04:00,2026-09-25T16:55:00.000-04:00,13.5,2026-09-25T18:30:40+00:00,13.5,standard,2026-09-25T20:48:40+00:00,pre_game,,
prizepicks,15192327,cs2,CS2,224650,kraghen,9INE,Sashi,G,9INESashi46290.6458333333,MAP 3 Kills,kills,3,3,0,,1,2026-09-25T14:30:00.000-04:00,2026-09-25T16:55:00.000-04:00,13.5,2026-09-25T18:30:40+00:00,13.5,standard,2026-09-25T20:48:40+00:00,pre_game,,
prizepicks,15192328,cs2,CS2,324956,rim3,9INE,Sashi,G,9INESashi46290.6458333333,MAP 3 Kills,kills,3,3,0,,1,2026-09-25T14:30:00.000-04:00,2026-09-25T16:55:00.000-04:00,15.5,2026-09-25T18:30:40+00:00,15.5,standard,2026-09-25T20:48:40+00:00,pre_game,,
prizepicks,15192329,cs2,CS2,305130,flayy,9INE,Sashi,G,9INESashi46290.6458333333,MAP 3 Kills,kills,3,3,0,,1,2026-09-25T14:30:00.000-04:00,2026-09-25T16:55:00.000-04:00,16.0,2026-09-25T18:30:40+00:00,16.0,standard,2026-09-25T20:48:40+00:00,pre_game,,
prizepicks,15192330,cs2,CS2,324957,b1elany,9INE,Sashi,G,9INESashi46290.6458333333,MAP 3 Kills,kills,3,3,0,,1,2026-09-25T14:30:00.000-04:00,2026-09-25T16:55:00.000-04:00,14.5,2026-09-25T18:30:40+00:00,14.5,standard,2026-09-25T20:48:40+00:00,pre_game,,
prizepicks,15234200,lol,LoL,285837,Tao,KCB,WD,TOP,WDKCB46291.5833333333,MAP 1 Kills,kills,1,1,0,,0,2026-09-25T14:00:00.000-04:00,2026-09-26T14:00:00.000-04:00,3.5,2026-09-25T19:27:59+00:00,3.5,standard,2026-09-26T13:00:15+00:00,pre_game,,
prizepicks,15234201,lol,LoL,234546,Yukino,KCB,WD,JNG,WDKCB46291.5833333333,MAP 1 Kills,kills,1,1,0,,0,2026-09-25T14:00:00.000-04:00,2026-09-26T14:00:00.000-04:00,4.5,2026-09-25T19:27:59+00:00,4.5,standard,2026-09-26T13:00:15+00:00,pre_game,,
prizepicks,15234202,lol,LoL,285838,Kamiloo,KCB,WD,MID,WDKCB46291.5833333333,MAP 1 Kills,kills,1,1,0,,0,2026-09-25T14:00:00.000-04:00,2026-09-26T14:00:00.000-04:00,5.5,2026-09-25T19:27:59+00:00,5.5,standard,2026-09-26T13:00:15+00:00,pre_game,,
prizepicks,15234203,lol,LoL,322830,Looki,KCB,WD,BOT,WDKCB46291.5833333333,MAP 1 Kills,kills,1,1,0,,0,2026-09-25T14:00:00.000-04:00,2026-09-26T14:00:00.000-04:00,6.5,2026-09-25T19:27:59+00:00,6.5,standard,2026-09-26T13:00:15+00:00,pre_game,,
prizepicks,15234204,lol,LoL,347792,lllllma,SU,TP,TOP,SUTP46291.5833333333,MAP 1 Kills,kills,1,1,0,,0,2026-09-25T14:00:00.000-04:00,2026-09-26T14:00:00.000-04:00,3.5,2026-09-25T19:27:59+00:00,3.5,standard,2026-09-26T13:00:15+00:00,pre_game,,
prizepicks,15234205,lol,LoL,346741,Kaboom,SU,TP,JNG,SUTP46291.5833333333,MAP 1 Kills,kills,1,1,0,,0,2026-09-25T14:00:00.000-04:00,2026-09-26T14:00:00.000-04:00,4.0,2026-09-25T19:27:59+00:00,4.0,standard,2026-09-26T13:00:15+00:00,pre_game,,
prizepicks,15234206,lol,LoL,330409,Vetheo,SU,TP,MID,SUTP46291.5833333333,MAP 1 Kills,kills,1,1,0,,0,2026-09-25T14:00:00.000-04:00,2026-09-26T14:00:00.000-04:00,5.5,2026-09-25T19:27:59+00:00,5.5,standard,2026-09-26T13:00:15+00:00,pre_game,,
prizepicks,15234207,lol,LoL,347793,Nako,SU,TP,BOT,SUTP46291.5833333333,MAP 1 Kills,kills,1,1,0,,0,2026-09-25T14:00:00.000-04:00,2026-09-26T14:00:00.000-04:00,5.0,2026-09-25T19:27:59+00:00,5.0,standard,2026-09-26T13:00:15+00:00,pre_game,,
prizepicks,15234208,lol,LoL,296808,Shelfmade,G2N,FSK,TOP,FSKG2N46291.5833333333,MAP 1 Kills,kills,1,1,0,,0,2026-09-25T14:00:00.000-04:00,2026-09-26T14:00:00.000-04:00,4.0,2026-09-25T19:27:59+00:00,4.0,standard,2026-09-26T13:00:15+00:00,pre_game,,
prizepicks,15234209,lol,LoL,296809,Markoon,G2N,FSK,JNG,FSKG2N46291.5833333333,MAP 1 Kills,kills,1,1,0,,0,2026-09-25T14:00:00.000-04:00,2026-09-26T14:00:00.000-04:00,4.5,2026-09-25T19:27:59+00:00,5.0,standard,2026-09-26T13:00:15+00:00,pre_game,,
prizepicks,15234210,lol,LoL,296810,Toasty,G2N,FSK,MID,FSKG2N46291.5833333333,MAP 1 Kills,kills,1,1,0,,0,2026-09-25T14:00:00.000-04:00,2026-09-26T14:00:00.000-04:00,5.5,2026-09-25T19:27:59+00:00,5.5,standard,2026-09-26T13:00:15+00:00,pre_game,,
prizepicks,15234211,lol,LoL,296815,Rin,G2N,FSK,BOT,FSKG2N46291.5833333333,MAP 1 Kills,kills,1,1,0,,0,2026-09-25T14:00:00.000-04:00,2026-09-26T14:00:00.000-04:00,6.5,2026-09-25T19:27:59+00:00,6.0,standard,2026-09-26T13:00:15+00:00,pre_game,,
prizepicks,15234212,lol,LoL,312796,PapiTeero,HRTS,ESB,TOP,ESBHRTS46291.5833333333,MAP 1 Kills,kills,1,1,0,,0,2026-09-25T14:00:00.000-04:00,2026-09-26T14:00:00.000-04:00,4.0,2026-09-25T19:27:59+00:00,4.0,standard,2026-09-26T13:00:15+00:00,pre_game,,
prizepicks,15234213,lol,LoL,318804,Lurox,HRTS,ESB,JNG,ESBHRTS46291.5833333333,MAP 1 Kills,kills,1,1,0,,0,2026-09-25T14:00:00.000-04:00,2026-09-26T14:00:00.000-04:00,3.5,2026-09-25T19:27:59+00:00,3.5,standard,2026-09-26T13:00:15+00:00,pre_game,,
prizepicks,15234214,lol,LoL,247256,Mercy,HRTS,ESB,MID,ESBHRTS46291.5833333333,MAP 1 Kills,kills,1,1,0,,0,2026-09-25T14:00:00.000-04:00,2026-09-26T14:00:00.000-04:00,5.5,2026-09-25T19:27:59+00:00,6.5,standard,2026-09-26T13:00:15+00:00,pre_game,,
prizepicks,15234215,lol,LoL,300842,Lure,HRTS,ESB,BOT,ESBHRTS46291.5833333333,MAP 1 Kills,kills,1,1,0,,0,2026-09-25T14:00:00.000-04:00,2026-09-26T14:00:00.000-04:00,6.5,2026-09-25T19:27:59+00:00,6.5,standard,2026-09-26T13:00:15+00:00,pre_game,,
prizepicks,15234216,lol,LoL,305962,Frajgo,BOOM,GSMC,TOP,GSMCBOOM46291.625,MAP 1 Kills,kills,1,1,0,,0,2026-09-25T15:00:00.000-04:00,2026-09-26T15:00:00.000-04:00,3.5,2026-09-25T19:27:59+00:00,4.0,standard,2026-09-26T13:00:15+00:00,pre_game,,
prizepicks,15234217,lol,LoL,347795,adi1,BOOM,GSMC,JNG,GSMCBOOM46291.625,MAP 1 Kills,kills,1,1,0,,0,2026-09-25T15:00:00.000-04:00,2026-09-26T15:00:00.000-04:00,3.5,2026-09-25T19:27:59+00:00,3.5,standard,2026-09-26T13:00:15+00:00,pre_game,,
prizepicks,15234218,lol,LoL,305964,Mrozku,BOOM,GSMC,MID,GSMCBOOM46291.625,MAP 1 Kills,kills,1,1,0,,0,2026-09-25T15:00:00.000-04:00,2026-09-26T15:00:00.000-04:00,4.5,2026-09-25T19:27:59+00:00,4.5,standard,2026-09-26T13:00:15+00:00,pre_game,,
prizepicks,15234219,lol,LoL,305965,Odi11,BOOM,GSMC,BOT,GSMCBOOM46291.625,MAP 1 Kills,kills,1,1,0,,0,2026-09-25T15:00:00.000-04:00,2026-09-26T15:00:00.000-04:00,5.5,2026-09-25T19:27:59+00:00,5.5,standard,2026-09-26T13:00:15+00:00,pre_game,,
prizepicks,15234220,lol,LoL,305970,SLT,NBS,OTS,TOP,OTSNBS46291.625,MAP 1 Kills,kills,1,1,0,,0,2026-09-25T15:00:00.000-04:00,2026-09-26T15:00:00.000-04:00,3.5,2026-09-25T19:27:59+00:00,3.5,standard,2026-09-26T13:00:15+00:00,pre_game,,
prizepicks,15234221,lol,LoL,347797,Savero,NBS,OTS,JNG,OTSNBS46291.625,MAP 1 Kills,kills,1,1,0,,0,2026-09-25T15:00:00.000-04:00,2026-09-26T15:00:00.000-04:00,4.5,2026-09-25T19:27:59+00:00,4.5,standard,2026-09-26T13:00:15+00:00,pre_game,,
prizepicks,15234222,lol,LoL,305972,Vasco,NBS,OTS,MID,OTSNBS46291.625,MAP 1 Kills,kills,1,1,0,,0,2026-09-25T15:00:00.000-04:00,2026-09-26T15:00:00.000-04:00,4.5,2026-09-25T19:27:59+00:00,4.5,standard,2026-09-26T13:00:15+00:00,pre_game,,
prizepicks,15234223,lol,LoL,305973,Strode,NBS,OTS,BOT,OTSNBS46291.625,MAP 1 Kills,kills,1,1,0,,0,2026-09-25T15:00:00.000-04:00,2026-09-26T15:00:00.000-04:00,5.5,2026-09-25T19:27:59+00:00,6.5,standard,2026-09-26T13:00:15+00:00,pre_game,,
prizepicks,15234224,lol,LoL,330411,Bayonetta,PCF,USE,TOP,USEPCF46291.625,MAP 1 Kills,kills,1,1,0,,0,2026-09-25T15:00:00.000-04:00,2026-09-26T15:00:00.000-04:00,2.5,2026-09-25T19:27:59+00:00,2.5,standard,2026-09-26T13:00:15+00:00,pre_game,,
prizepicks,15234225,lol,LoL,312892,Stalken,PCF,USE,JNG,USEPCF46291.625,MAP 1 Kills,kills,1,1,0,,0,2026-09-25T15:00:00.000-04:00,2026-09-26T15:00:00.000-04:00,3.5,2026-09-25T19:27:59+00:00,3.5,standard,2026-09-26T13:00:15+00:00,pre_game,,
prizepicks,15234226,lol,LoL,294943,FireAscept,PCF,USE,MID,USEPCF46291.625,MAP 1 Kills,kills,1,1,0,,0,2026-09-25T15:00:00.000-04:00,2026-09-26T15:00:00.000-04:00,3.5,2026-09-25T19:27:59+00:00,3.5,standard,2026-09-26T13:00:15+00:00,pre_game,,
prizepicks,15234227,lol,LoL,330412,Scorth,PCF,USE,BOT,USEPCF46291.625,MAP 1 Kills,kills,1,1,0,,0,2026-09-25T15:00:00.000-04:00,2026-09-26T15:00:00.000-04:00,4.0,2026-09-25T19:27:59+00:00,4.0,standard,2026-09-26T13:00:15+00:00,pre_game,,
prizepicks,15234228,lol,LoL,263820,Fornoreason,USE,PCF,TOP,USEPCF46291.625,MAP 1 Kills,kills,1,1,0,,0,2026-09-25T15:00:00.000-04:00,2026-09-26T15:00:00.000-04:00,3.0,2026-09-25T19:27:59+00:00,3.0,standard,2026-09-26T13:00:15+00:00,pre_game,,
prizepicks,15234229,lol,LoL,263821,White,USE,PCF,JNG,USEPCF46291.625,MAP 1 Kills,kills,1,1,0,,0,2026-09-25T15:00:00.000-04:00,2026-09-26T15:00:00.000-04:00,3.5,2026-09-25T19:27:59+00:00,3.5,standard,2026-09-26T13:00:15+00:00,pre_game,,
prizepicks,15234230,lol,LoL,300295,Kanin,USE,PCF,MID,USEPCF46291.625,MAP 1 Kills,kills,1,1,0,,0,2026-09-25T15:00:00.000-04:00,2026-09-26T15:00:00.000-04:00,4.5,2026-09-25T19:27:59+00:00,4.5,standard,2026-09-26T13:00:15+00:00,pre_game,,
prizepicks,15234231,lol,LoL,263823,DenVoksne,USE,PCF,BOT,USEPCF46291.625,MAP 1 Kills,kills,1,1,0,,0,2026-09-25T15:00:00.000-04:00,2026-09-26T15:00:00.000-04:00,5.0,2026-09-25T19:27:59+00:00,5.0,standard,2026-09-26T13:00:15+00:00,pre_game,,
prizepicks,15234792,cs2,CS2,168233,chelleos,Rooster,Abyssal,G,AbyssalRooster46291.2083333333,MAPS 1-2 Kills,kills,1,2,0,,0,2026-09-24T05:00:00.000-04:00,2026-09-26T05:00:00.000-04:00,36.5,2026-09-25T20:03:47+00:00,36.5,standard,2026-09-25T23:17:19+00:00,pre_game,,
prizepicks,15234793,cs2,CS2,338979,damyo,Rooster,Abyssal,G,AbyssalRooster46291.2083333333,MAPS 1-2 Kills,kills,1,2,0,,0,2026-09-24T05:00:00.000-04:00,2026-09-26T05:00:00.000-04:00,33.5,2026-09-25T20:03:47+00:00,33.5,standard,2026-09-25T23:17:19+00:00,pre_game,,
prizepicks,15234794,cs2,CS2,299459,SkulL,Rooster,Abyssal,G,AbyssalRooster46291.2083333333,MAPS 1-2 Kills,kills,1,2,0,,0,2026-09-24T05:00:00.000-04:00,2026-09-26T05:00:00.000-04:00,29.0,2026-09-25T20:03:47+00:00,29.0,standard,2026-09-25T23:17:19+00:00,pre_game,,
prizepicks,15234795,cs2,CS2,299458,rekonz,Rooster,Abyssal,G,AbyssalRooster46291.2083333333,MAPS 1-2 Kills,kills,1,2,0,,0,2026-09-24T05:00:00.000-04:00,2026-09-26T05:00:00.000-04:00,29.0,2026-09-25T20:03:47+00:00,29.0,standard,2026-09-25T23:17:19+00:00,pre_game,,
prizepicks,15234796,cs2,CS2,280548,ADK,Rooster,Abyssal,G,AbyssalRooster46291.2083333333,MAPS 1-2 Kills,kills,1,2,0,,0,2026-09-24T05:00:00.000-04:00,2026-09-26T05:00:00.000-04:00,24.0,2026-09-25T20:03:47+00:00,24.0,standard,2026-09-25T23:17:19+00:00,pre_game,,
prizepicks,15234797,cs2,CS2,312138,dangeR,Abyssal,Rooster,G,AbyssalRooster46291.2083333333,MAPS 1-2 Kills,kills,1,2,0,,0,2026-09-24T05:00:00.000-04:00,2026-09-26T05:00:00.000-04:00,32.0,2026-09-25T20:03:47+00:00,32.0,standard,2026-09-25T23:17:19+00:00,pre_game,,
prizepicks,15234798,cs2,CS2,322781,blood,Abyssal,Rooster,G,AbyssalRooster46291.2083333333,MAPS 1-2 Kills,kills,1,2,0,,0,2026-09-24T05:00:00.000-04:00,2026-09-26T05:00:00.000-04:00,31.5,2026-09-25T20:03:47+00:00,31.5,standard,2026-09-25T23:17:19+00:00,pre_game,,
prizepicks,15234799,cs2,CS2,347823,zune,Abyssal,Rooster,G,AbyssalRooster46291.2083333333,MAPS 1-2 Kills,kills,1,2,0,,0,2026-09-24T05:00:00.000-04:00,2026-09-26T05:00:00.000-04:00,31.0,2026-09-25T20:03:47+00:00,31.0,standard,2026-09-25T23:17:19+00:00,pre_game,,
prizepicks,15234800,cs2,CS2,347825,Forleks,Abyssal,Rooster,G,AbyssalRooster46291.2083333333,MAPS 1-2 Kills,kills,1,2,0,,0,2026-09-24T05:00:00.000-04:00,2026-09-26T05:00:00.000-04:00,29.5,2026-09-25T20:03:47+00:00,29.5,standard,2026-09-25T23:17:19+00:00,pre_game,,
prizepicks,15234801,cs2,CS2,312139,vinhy,Abyssal,Rooster,G,AbyssalRooster46291.2083333333,MAPS 1-2 Kills,kills,1,2,0,,0,2026-09-24T05:00:00.000-04:00,2026-09-26T05:00:00.000-04:00,26.5,2026-09-25T20:03:47+00:00,26.5,standard,2026-09-25T23:17:19+00:00,pre_game,,
prizepicks,15234802,cs2,CS2,168233,chelleos,Rooster,Abyssal,G,AbyssalRooster46291.2083333333,MAPS 1-2 Headshots,headshots,1,2,0,,0,2026-09-24T05:00:00.000-04:00,2026-09-26T05:00:00.000-04:00,13.5,2026-09-25T20:03:47+00:00,13.5,standard,2026-09-25T23:17:19+00:00,pre_game,,
prizepicks,15234803,cs2,CS2,338979,damyo,Rooster,Abyssal,G,AbyssalRooster46291.2083333333,MAPS 1-2 Headshots,headshots,1,2,0,,0,2026-09-24T05:00:00.000-04:00,2026-09-26T05:00:00.000-04:00,18.5,2026-09-25T20:03:47+00:00,18.5,standard,2026-09-25T23:17:19+00:00,pre_game,,
prizepicks,15234804,cs2,CS2,299459,SkulL,Rooster,Abyssal,G,AbyssalRooster46291.2083333333,MAPS 1-2 Headshots,headshots,1,2,0,,0,2026-09-24T05:00:00.000-04:00,2026-09-26T05:00:00.000-04:00,14.5,2026-09-25T20:03:47+00:00,14.5,standard,2026-09-25T23:17:19+00:00,pre_game,,
prizepicks,15234805,cs2,CS2,299458,rekonz,Rooster,Abyssal,G,AbyssalRooster46291.2083333333,MAPS 1-2 Headshots,headshots,1,2,0,,0,2026-09-24T05:00:00.000-04:00,2026-09-26T05:00:00.000-04:00,16.0,2026-09-25T20:03:47+00:00,16.0,standard,2026-09-25T23:17:19+00:00,pre_game,,
prizepicks,15234806,cs2,CS2,280548,ADK,Rooster,Abyssal,G,AbyssalRooster46291.2083333333,MAPS 1-2 Headshots,headshots,1,2,0,,0,2026-09-24T05:00:00.000-04:00,2026-09-26T05:00:00.000-04:00,13.0,2026-09-25T20:03:47+00:00,13.0,standard,2026-09-25T23:17:19+00:00,pre_game,,
prizepicks,15234807,cs2,CS2,312138,dangeR,Abyssal,Rooster,G,AbyssalRooster46291.2083333333,MAPS 1-2 Headshots,headshots,1,2,0,,0,2026-09-24T05:00:00.000-04:00,2026-09-26T05:00:00.000-04:00,16.0,2026-09-25T20:03:47+00:00,16.0,standard,2026-09-25T23:17:19+00:00,pre_game,,
prizepicks,15234808,cs2,CS2,322781,blood,Abyssal,Rooster,G,AbyssalRooster46291.2083333333,MAPS 1-2 Headshots,headshots,1,2,0,,0,2026-09-24T05:00:00.000-04:00,2026-09-26T05:00:00.000-04:00,12.5,2026-09-25T20:03:47+00:00,12.5,standard,2026-09-25T23:17:19+00:00,pre_game,,
prizepicks,15234809,cs2,CS2,347823,zune,Abyssal,Rooster,G,AbyssalRooster46291.2083333333,MAPS 1-2 Headshots,headshots,1,2,0,,0,2026-09-24T05:00:00.000-04:00,2026-09-26T05:00:00.000-04:00,15.5,2026-09-25T20:03:47+00:00,15.5,standard,2026-09-25T23:17:19+00:00,pre_game,,
prizepicks,15234810,cs2,CS2,347825,Forleks,Abyssal,Rooster,G,AbyssalRooster46291.2083333333,MAPS 1-2 Headshots,headshots,1,2,0,,0,2026-09-24T05:00:00.000-04:00,2026-09-26T05:00:00.000-04:00,15.5,2026-09-25T20:03:47+00:00,15.5,standard,2026-09-25T23:17:19+00:00,pre_game,,
prizepicks,15234811,cs2,CS2,312139,vinhy,Abyssal,Rooster,G,AbyssalRooster46291.2083333333,MAPS 1-2 Headshots,headshots,1,2,0,,0,2026-09-24T05:00:00.000-04:00,2026-09-26T05:00:00.000-04:00,14.5,2026-09-25T20:03:47+00:00,14.5,standard,2026-09-25T23:17:19+00:00,pre_game,,
prizepicks,15234812,cs2,CS2,312140,sliimey,Ground Zero,LFO 8,G,LFO 8Ground Zero46291.2083333333,MAPS 1-2 Kills,kills,1,2,0,,0,2026-09-24T05:00:00.000-04:00,2026-09-26T05:00:00.000-04:00,35.0,2026-09-25T20:03:47+00:00,35.0,standard,2026-09-25T23:17:19+00:00,pre_game,,
prizepicks,15234813,cs2,CS2,323178,hazr,Ground Zero,LFO 8,G,LFO 8Ground Zero46291.2083333333,MAPS 1-2 Kills,kills,1,2,0,,0,2026-09-24T05:00:00.000-04:00,2026-09-26T05:00:00.000-04:00,30.0,2026-09-25T20:03:47+00:00,30.0,standard,2026-09-25T23:17:19+00:00,pre_game,,
prizepicks,15234814,cs2,CS2,227486,vision,Ground Zero,LFO 8,G,LFO 8Ground Zero46291.2083333333,MAPS 1-2 Kills,kills,1,2,0,,0,2026-09-24T05:00:00.000-04:00,2026-09-26T05:00:00.000-04:00,29.0,2026-09-25T20:03:47+00:00,29.0,standard,2026-09-25T23:17:19+00:00,pre_game,,
prizepicks,15234816,cs2,CS2,260946,Omichella,Ground Zero,LFO 8,G,LFO 8Ground Zero46291.2083333333,MAPS 1-2 Kills,kills,1,2,0,,0,2026-09-24T05:00:00.000-04:00,2026-09-26T05:00:00.000-04:00,27.0,2026-09-25T20:03:47+00:00,27.0,standard,2026-09-25T23:17:19+00:00,pre_game,,
prizepicks,15234817,cs2,CS2,216467,apocdud,Ground Zero,LFO 8,G,LFO 8Ground Zero46291.2083333333,MAPS 1-2 Kills,kills,1,2,0,,0,2026-09-24T05:00:00.000-04:00,2026-09-26T05:00:00.000-04:00,26.5,2026-09-25T20:03:47+00:00,27.5,standard,2026-09-25T23:17:19+00:00,pre_game,,
prizepicks,15234818,cs2,CS2,312140,sliimey,Ground Zero,LFO 8,G,LFO 8Ground Zero46291.2083333333,MAPS 1-2 Headshots,headshots,1,2,0,,0,2026-09-24T05:00:00.000-04:00,2026-09-26T05:00:00.000-04:00,19.5,2026-09-25T20:03:47+00:00,19.5,standard,2026-09-25T23:17:19+00:00,pre_game,,
prizepicks,15234819,cs2,CS2,323178,hazr,Ground Zero,LFO 8,G,LFO 8Ground Zero46291.2083333333,MAPS 1-2 Headshots,headshots,1,2,0,,0,2026-09-24T05:00:00.000-04:00,2026-09-26T05:00:00.000-04:00,19.0,2026-09-25T20:03:47+00:00,19.0,standard,2026-09-25T23:17:19+00:00,pre_game,,
prizepicks,15234820,cs2,CS2,227486,vision,Ground Zero,LFO 8,G,LFO 8Ground Zero46291.2083333333,MAPS 1-2 Headshots,headshots,1,2,0,,0,2026-09-24T05:00:00.000-04:00,2026-09-26T05:00:00.000-04:00,16.5,2026-09-25T20:03:47+00:00,16.5,standard,2026-09-25T23:17:19+00:00,pre_game,,
prizepicks,15234821,cs2,CS2,260946,Omichella,Ground Zero,LFO 8,G,LFO 8Ground Zero46291.2083333333,MAPS 1-2 Headshots,headshots,1,2,0,,0,2026-09-24T05:00:00.000-04:00,2026-09-26T05:00:00.000-04:00,16.0,2026-09-25T20:03:47+00:00,16.0,standard,2026-09-25T23:17:19+00:00,pre_game,,
prizepicks,15234822,cs2,CS2,216467,apocdud,Ground Zero,LFO 8,G,LFO 8Ground Zero46291.2083333333,MAPS 1-2 Headshots,headshots,1,2,0,,0,2026-09-24T05:00:00.000-04:00,2026-09-26T05:00:00.000-04:00,8.0,2026-09-25T20:03:47+00:00,8.0,standard,2026-09-25T23:17:19+00:00,pre_game,,
prizepicks,15235404,lol,LoL,226022,Guigo,FUR,RED,TOP,REDFUR46291.5,MAPS 1-3 Kills,kills,1,3,0,,1,2026-09-25T12:00:00.000-04:00,2026-09-26T12:00:00.000-04:00,9.5,2026-09-25T20:18:41+00:00,9.5,standard,2026-09-26T13:00:15+00:00,pre_game,,
prizepicks,15235405,lol,LoL,226023,Tatu,FUR,RED,JNG,REDFUR46291.5,MAPS 1-3 Kills,kills,1,3,0,,1,2026-09-25T12:00:00.000-04:00,2026-09-26T12:00:00.000-04:00,11.5,2026-09-25T20:18:41+00:00,11.5,standard,2026-09-26T13:00:15+00:00,pre_game,,
prizepicks,15235406,lol,LoL,226024,Tutsz,FUR,RED,MID,REDFUR46291.5,MAPS 1-3 Kills,kills,1,3,0,,1,2026-09-25T12:00:00.000-04:00,2026-09-26T12:00:00.000-04:00,12.0,2026-09-25T20:18:41+00:00,13.0,standard,2026-09-26T13:00:15+00:00,pre_game,,
prizepicks,15235407,lol,LoL,226025,Ayu,FUR,RED,BOT,REDFUR46291.5,MAPS 1-3 Kills,kills,1,3,0,,1,2026-09-25T12:00:00.000-04:00,2026-09-26T12:00:00.000-04:00,14.5,2026-09-25T20:18:41+00:00,14.0,standard,2026-09-26T13:00:15+00:00,pre_game,,
prizepicks,15235408,lol,LoL,311958,Zynts,RED,FUR,TOP,REDFUR46291.5,MAPS 1-3 Kills,kills,1,3,0,,1,2026-09-25T12:00:00.000-04:00,2026-09-26T12:00:00.000-04:00,6.5,2026-09-25T20:18:41+00:00,5.5,standard,2026-09-26T13:00:15+00:00,pre_game,,
prizepicks,15235409,lol,LoL,311959,STEPZ,RED,FUR,JNG,REDFUR46291.5,MAPS 1-3 Kills,kills,1,3,0,,1,2026-09-25T12:00:00.000-04:00,2026-09-26T12:00:00.000-04:00,8.5,2026-09-25T20:18:41+00:00,8.5,standard,2026-09-26T13:00:15+00:00,pre_game,,
prizepicks,15235410,lol,LoL,329846,Fuuu,RED,FUR,MID,REDFUR46291.5,MAPS 1-3 Kills,kills,1,3,0,,1,2026-09-25T12:00:00.000-04:00,2026-09-26T12:00:00.000-04:00,6.5,2026-09-25T20:18:41+00:00,6.5,standard,2026-09-26T13:00:15+00:00,pre_game,,
prizepicks,15235411,lol,LoL,311960,Morttheus,RED,FUR,BOT,REDFUR46291.5,MAPS 1-3 Kills,kills,1,3,0,,1,2026-09-25T12:00:00.000-04:00,2026-09-26T12:00:00.000-04:00,9.5,2026-09-25T20:18:41+00:00,8.5,standard,2026-09-26T13:00:15+00:00,pre_game,,
prizepicks,15235440,cs2,CS2,224279,fear,fnatic,Iberian Soul,G,Iberian Soulfnatic46291.2083333333,MAPS 1-2 Kills,kills,1,2,0,,0,2026-09-22T11:50:00.000-04:00,2026-09-26T05:00:00.000-04:00,24.5,2026-09-25T20:18:53+00:00,24.5,standard,2026-09-26T08:03:26+00:00,pre_game,,
prizepicks,15235441,cs2,CS2,166332,jambo,fnatic,Iberian Soul,G,Iberian Soulfnatic46291.2083333333,MAPS 1-2 Kills,kills,1,2,0,,0,2026-09-22T11:50:00.000-04:00,2026-09-26T05:00:00.000-04:00,31.5,2026-09-25T20:18:53+00:00,32.5,standard,2026-09-26T08:03:26+00:00,pre_game,,
prizepicks,15235442,cs2,CS2,267308,jackasmo,fnatic,Iberian Soul,G,Iberian Soulfnatic46291.2083333333,MAPS 1-2 Kills,kills,1,2,0,,0,2026-09-22T11:50:00.000-04:00,2026-09-26T05:00:00.000-04:00,31.5,2026-09-25T20:18:53+00:00,31.5,standard,2026-09-26T08:03:26+00:00,pre_game,,
prizepicks,15235443,cs2,CS2,328136,cairne,fnatic,Iberian Soul,G,Iberian Soulfnatic46291.2083333333,MAPS 1-2 Kills,kills,1,2,0,,0,2026-09-22T11:50:00.000-04:00,2026-09-26T05:00:00.000-04:00,30.5,2026-09-25T20:18:53+00:00,30.5,standard,2026-09-26T08:03:26+00:00,pre_game,,
prizepicks,15235444,cs2,CS2,328137,mazay,fnatic,Iberian Soul,G,Iberian Soulfnatic46291.2083333333,MAPS 1-2 Kills,kills,1,2,0,,0,2026-09-22T11:50:00.000-04:00,2026-09-26T05:00:00.000-04:00,29.5,2026-09-25T20:18:53+00:00,30.0,standard,2026-09-26T08:03:26+00:00,pre_game,,
prizepicks,15235445,cs2,CS2,347264,Ag1l,Iberian Soul,fnatic,G,Iberian Soulfnatic46291.2083333333,MAPS 1-2 Kills,kills,1,2,0,,0,2026-09-23T11:50:00.000-04:00,2026-09-26T05:00:00.000-04:00,27.5,2026-09-25T20:18:53+00:00,27.5,standard,2026-09-26T08:03:26+00:00,pre_game,,
prizepicks,15235446,cs2,CS2,331766,dav1g,Iberian Soul,fnatic,G,Iberian Soulfnatic46291.2083333333,MAPS 1-2 Kills,kills,1,2,0,,0,2026-09-23T11:50:00.000-04:00,2026-09-26T05:00:00.000-04:00,27.5,2026-09-25T20:18:53+00:00,27.5,standard,2026-09-26T08:03:26+00:00,pre_game,,
prizepicks,15235447,cs2,CS2,331763,alex,Iberian Soul,fnatic,G,Iberian Soulfnatic46291.2083333333,MAPS 1-2 Kills,kills,1,2,0,,0,2026-09-23T11:50:00.000-04:00,2026-09-26T05:00:00.000-04:00,28.5,2026-09-25T20:18:53+00:00,28.5,standard,2026-09-26T08:03:26+00:00,pre_game,,
prizepicks,15235448,cs2,CS2,331764,mopoz,Iberian Soul,fnatic,G,Iberian Soulfnatic46291.2083333333,MAPS 1-2 Kills,kills,1,2,0,,0,2026-09-23T11:50:00.000-04:00,2026-09-26T05:00:00.000-04:00,29.0,2026-09-25T20:18:53+00:00,29.0,standard,2026-09-26T08:03:26+00:00,pre_game,,
prizepicks,15235449,cs2,CS2,331765,sausol,Iberian Soul,fnatic,G,Iberian Soulfnatic46291.2083333333,MAPS 1-2 Kills,kills,1,2,0,,0,2026-09-23T11:50:00.000-04:00,2026-09-26T05:00:00.000-04:00,29.5,2026-09-25T20:18:53+00:00,29.5,standard,2026-09-26T08:03:26+00:00,pre_game,,
prizepicks,15235450,cs2,CS2,224279,fear,fnatic,Iberian Soul,G,Iberian Soulfnatic46291.2083333333,MAPS 1-2 Headshots,headshots,1,2,0,,0,2026-09-22T11:50:00.000-04:00,2026-09-26T05:00:00.000-04:00,13.5,2026-09-25T20:18:53+00:00,13.5,standard,2026-09-26T08:03:26+00:00,pre_game,,
prizepicks,15235451,cs2,CS2,166332,jambo,fnatic,Iberian Soul,G,Iberian Soulfnatic46291.2083333333,MAPS 1-2 Headshots,headshots,1,2,0,,0,2026-09-22T11:50:00.000-04:00,2026-09-26T05:00:00.000-04:00,12.0,2026-09-25T20:18:53+00:00,12.5,standard,2026-09-26T08:03:26+00:00,pre_game,,
prizepicks,15235453,cs2,CS2,267308,jackasmo,fnatic,Iberian Soul,G,Iberian Soulfnatic46291.2083333333,MAPS 1-2 Headshots,headshots,1,2,0,,0,2026-09-22T11:50:00.000-04:00,2026-09-26T05:00:00.000-04:00,19.0,2026-09-25T20:18:53+00:00,19.0,standard,2026-09-26T08:03:26+00:00,pre_game,,
prizepicks,15235454,cs2,CS2,328136,cairne,fnatic,Iberian Soul,G,Iberian Soulfnatic46291.2083333333,MAPS 1-2 Headshots,headshots,1,2,0,,0,2026-09-22T11:50:00.000-04:00,2026-09-26T05:00:00.000-04:00,16.5,2026-09-25T20:18:53+00:00,16.5,standard,2026-09-26T08:03:26+00:00,pre_game,,
prizepicks,15235455,cs2,CS2,328137,mazay,fnatic,Iberian Soul,G,Iberian Soulfnatic46291.2083333333,MAPS 1-2 Headshots,headshots,1,2,0,,0,2026-09-22T11:50:00.000-04:00,2026-09-26T05:00:00.000-04:00,16.5,2026-09-25T20:18:53+00:00,16.5,standard,2026-09-26T08:03:26+00:00,pre_game,,
prizepicks,15235458,cs2,CS2,331763,alex,Iberian Soul,fnatic,G,Iberian Soulfnatic46291.2083333333,MAPS 1-2 Headshots,headshots,1,2,0,,0,2026-09-23T11:50:00.000-04:00,2026-09-26T05:00:00.000-04:00,13.0,2026-09-25T20:18:53+00:00,13.0,standard,2026-09-26T08:03:26+00:00,pre_game,,
prizepicks,15235459,cs2,CS2,331764,mopoz,Iberian Soul,fnatic,G,Iberian Soulfnatic46291.2083333333,MAPS 1-2 Headshots,headshots,1,2,0,,0,2026-09-23T11:50:00.000-04:00,2026-09-26T05:00:00.000-04:00,16.5,2026-09-25T20:18:53+00:00,16.5,standard,2026-09-26T08:03:26+00:00,pre_game,,
prizepicks,15235460,cs2,CS2,331765,sausol,Iberian Soul,fnatic,G,Iberian Soulfnatic46291.2083333333,MAPS 1-2 Headshots,headshots,1,2,0,,0,2026-09-23T11:50:00.000-04:00,2026-09-26T05:00:00.000-04:00,16.5,2026-09-25T20:18:53+00:00,16.5,standard,2026-09-26T08:03:26+00:00,pre_game,,
prizepicks,15235461,cs2,CS2,230397,senka,Nuclear TigeRES,Eternal Fire,G,Eternal FireNuclear TigeRES46291.3333333333,MAPS 1-2 Kills,kills,1,2,0,,0,2026-09-23T11:50:00.000-04:00,2026-09-26T11:00:00.000-04:00,24.5,2026-09-25T20:18:53+00:00,24.5,standard,2026-09-26T13:00:27+00:00,pre_game,,
prizepicks,15235462,cs2,CS2,230395,flouzer,Nuclear TigeRES,Eternal Fire,G,Eternal FireNuclear TigeRES46291.3333333333,MAPS 1-2 Kills,kills,1,2,0,,0,2026-09-23T11:50:00.000-04:00,2026-09-26T11:00:00.000-04:00,30.5,2026-09-25T20:18:53+00:00,30.5,standard,2026-09-26T13:00:27+00:00,pre_game,,
prizepicks,15235463,cs2,CS2,294767,ayuki,Nuclear TigeRES,Eternal Fire,G,Eternal FireNuclear TigeRES46291.3333333333,MAPS 1-2 Kills,kills,1,2,0,,0,2026-09-23T11:50:00.000-04:00,2026-09-26T11:00:00.000-04:00,29.5,2026-09-25T20:18:53+00:00,29.5,standard,2026-09-26T13:00:27+00:00,pre_game,,
prizepicks,15235464,cs2,CS2,347406,Djon8,Nuclear TigeRES,Eternal Fire,G,Eternal FireNuclear TigeRES46291.3333333333,MAPS 1-2 Kills,kills,1,2,0,,0,2026-09-23T11:50:00.000-04:00,2026-09-26T11:00:00.000-04:00,31.5,2026-09-25T20:18:53+00:00,31.5,standard,2026-09-26T13:00:27+00:00,pre_game,,
prizepicks,15235466,cs2,CS2,337549,soulfly,Eternal Fire,Nuclear TigeRES,G,Eternal FireNuclear TigeRES46291.3333333333,MAPS 1-2 Kills,kills,1,2,0,,0,2026-09-23T11:50:00.000-04:00,2026-09-26T11:00:00.000-04:00,30.5,2026-09-25T20:18:53+00:00,30.5,standard,2026-09-26T13:00:27+00:00,pre_game,,
prizepicks,15235467,cs2,CS2,315010,regali,Eternal Fire,Nuclear TigeRES,G,Eternal FireNuclear TigeRES46291.3333333333,MAPS 1-2 Kills,kills,1,2,0,,0,2026-09-23T11:50:00.000-04:00,2026-09-26T11:00:00.000-04:00,29.5,2026-09-25T20:18:53+00:00,29.5,standard,2026-09-26T13:00:27+00:00,pre_game,,
prizepicks,15235469,cs2,CS2,329257,Kvem,Eternal Fire,Nuclear TigeRES,G,Eternal FireNuclear TigeRES46291.3333333333,MAPS 1-2 Kills,kills,1,2,0,,0,2026-09-23T11:50:00.000-04:00,2026-09-26T11:00:00.000-04:00,31.5,2026-09-25T20:18:53+00:00,33.0,standard,2026-09-26T13:00:27+00:00,pre_game,,
prizepicks,15235470,cs2,CS2,234335,jottAAA,Eternal Fire,Nuclear TigeRES,G,Eternal FireNuclear TigeRES46291.3333333333,MAPS 1-2 Kills,kills,1,2,0,,0,2026-09-23T11:50:00.000-04:00,2026-09-26T11:00:00.000-04:00,31.5,2026-09-25T20:18:53+00:00,32.5,standard,2026-09-26T13:00:27+00:00,pre_game,,
prizepicks,15235471,cs2,CS2,315009,MisteM,Eternal Fire,Nuclear TigeRES,G,Eternal FireNuclear TigeRES46291.3333333333,MAPS 1-2 Kills,kills,1,2,0,,0,2026-09-23T11:50:00.000-04:00,2026-09-26T11:00:00.000-04:00,25.5,2026-09-25T20:18:53+00:00,25.5,standard,2026-09-26T13:00:27+00:00,pre_game,,
prizepicks,15235472,cs2,CS2,230397,senka,Nuclear TigeRES,Eternal Fire,G,Eternal FireNuclear TigeRES46291.3333333333,MAPS 1-2 Headshots,headshots,1,2,0,,0,2026-09-23T11:50:00.000-04:00,2026-09-26T11:00:00.000-04:00,12.5,2026-09-25T20:18:53+00:00,12.5,standard,2026-09-26T13:00:27+00:00,pre_game,,
prizepicks,15235473,cs2,CS2,230395,flouzer,Nuclear TigeRES,Eternal Fire,G,Eternal FireNuclear TigeRES46291.3333333333,MAPS 1-2 Headshots,headshots,1,2,0,,0,2026-09-23T11:50:00.000-04:00,2026-09-26T11:00:00.000-04:00,17.5,2026-09-25T20:18:53+00:00,17.5,standard,2026-09-26T13:00:27+00:00,pre_game,,
prizepicks,15235474,cs2,CS2,294767,ayuki,Nuclear TigeRES,Eternal Fire,G,Eternal FireNuclear TigeRES46291.3333333333,MAPS 1-2 Headshots,headshots,1,2,0,,0,2026-09-23T11:50:00.000-04:00,2026-09-26T11:00:00.000-04:00,16.5,2026-09-25T20:18:53+00:00,17.0,standard,2026-09-26T13:00:27+00:00,pre_game,,
prizepicks,15235475,cs2,CS2,347406,Djon8,Nuclear TigeRES,Eternal Fire,G,Eternal FireNuclear TigeRES46291.3333333333,MAPS 1-2 Headshots,headshots,1,2,0,,0,2026-09-23T11:50:00.000-04:00,2026-09-26T11:00:00.000-04:00,19.5,2026-09-25T20:18:53+00:00,18.5,standard,2026-09-26T13:00:27+00:00,pre_game,,
prizepicks,15235477,cs2,CS2,337549,soulfly,Eternal Fire,Nuclear TigeRES,G,Eternal FireNuclear TigeRES46291.3333333333,MAPS 1-2 Headshots,headshots,1,2,0,,0,2026-09-23T11:50:00.000-04:00,2026-09-26T11:00:00.000-04:00,16.5,2026-09-25T20:18:53+00:00,16.5,standard,2026-09-26T13:00:27+00:00,pre_game,,
prizepicks,15235478,cs2,CS2,315010,regali,Eternal Fire,Nuclear TigeRES,G,Eternal FireNuclear TigeRES46291.3333333333,MAPS 1-2 Headshots,headshots,1,2,0,,0,2026-09-23T11:50:00.000-04:00,2026-09-26T11:00:00.000-04:00,11.5,2026-09-25T20:18:53+00:00,11.5,standard,2026-09-26T13:00:27+00:00,pre_game,,
prizepicks,15235479,cs2,CS2,329257,Kvem,Eternal Fire,Nuclear TigeRES,G,Eternal FireNuclear TigeRES46291.3333333333,MAPS 1-2 Headshots,headshots,1,2,0,,0,2026-09-23T11:50:00.000-04:00,2026-09-26T11:00:00.000-04:00,18.5,2026-09-25T20:18:53+00:00,18.5,standard,2026-09-26T13:00:27+00:00,pre_game,,
prizepicks,15235480,cs2,CS2,234335,jottAAA,Eternal Fire,Nuclear TigeRES,G,Eternal FireNuclear TigeRES46291.3333333333,MAPS 1-2 Headshots,headshots,1,2,0,,0,2026-09-23T11:50:00.000-04:00,2026-09-26T11:00:00.000-04:00,18.5,2026-09-25T20:18:53+00:00,19.0,standard,2026-09-26T13:00:27+00:00,pre_game,,
prizepicks,15235481,cs2,CS2,315009,MisteM,Eternal Fire,Nuclear TigeRES,G,Eternal FireNuclear TigeRES46291.3333333333,MAPS 1-2 Headshots,headshots,1,2,0,,0,2026-09-23T11:50:00.000-04:00,2026-09-26T11:00:00.000-04:00,13.0,2026-09-25T20:18:53+00:00,13.5,standard,2026-09-26T13:00:27+00:00,pre_game,,
prizepicks,15197784,lol,LoL,263878,GaKGoS,FLY,SR,TOP,SRFLY46290.7916666667,MAP 4 Kills,kills,4,4,0,,1,2026-09-25T16:30:00.000-04:00,2026-09-25T19:00:00.000-04:00,2.5,2026-09-25T20:33:55+00:00,2.5,standard,2026-09-25T22:39:20+00:00,pre_game,,
prizepicks,15197785,lol,LoL,285806,Gryffinn,FLY,SR,JNG,SRFLY46290.7916666667,MAP 4 Kills,kills,4,4,0,,1,2026-09-25T16:30:00.000-04:00,2026-09-25T19:00:00.000-04:00,4.0,2026-09-25T20:33:55+00:00,4.0,standard,2026-09-25T22:39:20+00:00,pre_game,,
prizepicks,15197786,lol,LoL,199715,Quad,FLY,SR,MID,SRFLY46290.7916666667,MAP 4 Kills,kills,4,4,0,,1,2026-09-25T16:30:00.000-04:00,2026-09-25T19:00:00.000-04:00,3.5,2026-09-25T20:33:55+00:00,3.5,standard,2026-09-25T22:39:20+00:00,pre_game,,
prizepicks,15197787,lol,LoL,95512,Massu,FLY,SR,BOT,SRFLY46290.7916666667,MAP 4 Kills,kills,4,4,0,,1,2026-09-25T16:30:00.000-04:00,2026-09-25T19:00:00.000-04:00,5.5,2026-09-25T20:33:55+00:00,5.5,standard,2026-09-25T22:39:20+00:00,pre_game,,
prizepicks,15197788,lol,LoL,285821,Cryogen,FLY,SR,SUP,SRFLY46290.7916666667,MAP 4 Kills,kills,4,4,0,,1,2026-09-25T16:30:00.000-04:00,2026-09-25T19:00:00.000-04:00,0.5,2026-09-25T20:33:55+00:00,0.5,standard,2026-09-25T22:39:20+00:00,pre_game,,
prizepicks,15197789,lol,LoL,225986,Fudge,SR,FLY,TOP,SRFLY46290.7916666667,MAP 4 Kills,kills,4,4,0,,1,2026-09-25T16:30:00.000-04:00,2026-09-25T19:00:00.000-04:00,2.5,2026-09-25T20:33:55+00:00,2.5,standard,2026-09-25T22:39:20+00:00,pre_game,,
prizepicks,15197790,lol,LoL,225987,Contractz,SR,FLY,JNG,SRFLY46290.7916666667,MAP 4 Kills,kills,4,4,0,,1,2026-09-25T16:30:00.000-04:00,2026-09-25T19:00:00.000-04:00,2.5,2026-09-25T20:33:55+00:00,2.5,standard,2026-09-25T22:39:20+00:00,pre_game,,
prizepicks,15197791,lol,LoL,296138,Zinie,SR,FLY,MID,SRFLY46290.7916666667,MAP 4 Kills,kills,4,4,0,,1,2026-09-25T16:30:00.000-04:00,2026-09-25T19:00:00.000-04:00,2.5,2026-09-25T20:33:55+00:00,2.5,standard,2026-09-25T22:39:20+00:00,pre_game,,
prizepicks,15197792,lol,LoL,95225,Bvoy,SR,FLY,BOT,SRFLY46290.7916666667,MAP 4 Kills,kills,4,4,0,,1,2026-09-25T16:30:00.000-04:00,2026-09-25T19:00:00.000-04:00,3.5,2026-09-25T20:33:55+00:00,3.5,standard,2026-09-25T22:39:20+00:00,pre_game,,
prizepicks,15197793,lol,LoL,225989,Zeyzal,SR,FLY,SUP,SRFLY46290.7916666667,MAP 4 Kills,kills,4,4,0,,1,2026-09-25T16:30:00.000-04:00,2026-09-25T19:00:00.000-04:00,0.5,2026-09-25T20:33:55+00:00,0.5,standard,2026-09-25T22:39:20+00:00,pre_game,,
prizepicks,15200501,cs2,CS2,168977,slaxz-,M80,BESTIA,G,BESTIAM8046290.75,MAP 3 Kills,kills,3,3,0,,1,2026-09-25T16:30:00.000-04:00,2026-09-25T18:00:00.000-04:00,16.0,2026-09-25T20:34:07+00:00,16.0,standard,2026-09-25T21:45:49+00:00,pre_game,,
prizepicks,15200502,cs2,CS2,166484,Lake,M80,BESTIA,G,BESTIAM8046290.75,MAP 3 Kills,kills,3,3,0,,1,2026-09-25T16:30:00.000-04:00,2026-09-25T18:00:00.000-04:00,16.0,2026-09-25T20:34:07+00:00,16.0,standard,2026-09-25T21:45:49+00:00,pre_game,,
prizepicks,15200503,cs2,CS2,290015,JBa,M80,BESTIA,G,BESTIAM8046290.75,MAP 3 Kills,kills,3,3,0,,1,2026-09-25T16:30:00.000-04:00,2026-09-25T18:00:00.000-04:00,14.5,2026-09-25T20:34:07+00:00,14.5,standard,2026-09-25T21:45:49+00:00,pre_game,,
prizepicks,15200504,cs2,CS2,192353,s1n,M80,BESTIA,G,BESTIAM8046290.75,MAP 3 Kills,kills,3,3,0,,1,2026-09-25T16:30:00.000-04:00,2026-09-25T18:00:00.000-04:00,12.5,2026-09-25T20:34:07+00:00,12.5,standard,2026-09-25T21:45:49+00:00,pre_game,,
prizepicks,15200505,cs2,CS2,168486,Swisher,M80,BESTIA,G,BESTIAM8046290.75,MAP 3 Kills,kills,3,3,0,,1,2026-09-25T16:30:00.000-04:00,2026-09-25T18:00:00.000-04:00,13.5,2026-09-25T20:34:07+00:00,13.5,standard,2026-09-25T21:45:49+00:00,pre_game,,
prizepicks,15200506,cs2,CS2,342948,kauez,BESTIA,M80,G,BESTIAM8046290.75,MAP 3 Kills,kills,3,3,0,,1,2026-09-25T16:30:00.000-04:00,2026-09-25T18:00:00.000-04:00,12.0,2026-09-25T20:34:07+00:00,12.0,standard,2026-09-25T21:45:49+00:00,pre_game,,
prizepicks,15200507,cs2,CS2,233323,timo,BESTIA,M80,G,BESTIAM8046290.75,MAP 3 Kills,kills,3,3,0,,1,2026-09-25T16:30:00.000-04:00,2026-09-25T18:00:00.000-04:00,12.0,2026-09-25T20:34:07+00:00,12.0,standard,2026-09-25T21:45:49+00:00,pre_game,,
prizepicks,15200508,cs2,CS2,342947,drop,BESTIA,M80,G,BESTIAM8046290.75,MAP 3 Kills,kills,3,3,0,,1,2026-09-25T16:30:00.000-04:00,2026-09-25T18:00:00.000-04:00,12.5,2026-09-25T20:34:07+00:00,12.5,standard,2026-09-25T21:45:49+00:00,pre_game,,
prizepicks,15200509,cs2,CS2,229736,cass1n,BESTIA,M80,G,BESTIAM8046290.75,MAP 3 Kills,kills,3,3,0,,1,2026-09-25T16:30:00.000-04:00,2026-09-25T18:00:00.000-04:00,12.5,2026-09-25T20:34:07+00:00,12.5,standard,2026-09-25T21:45:49+00:00,pre_game,,
prizepicks,15200510,cs2,CS2,279845,buda,BESTIA,M80,G,BESTIAM8046290.75,MAP 3 Kills,kills,3,3,0,,1,2026-09-25T16:30:00.000-04:00,2026-09-25T18:00:00.000-04:00,12.0,2026-09-25T20:34:07+00:00,12.0,standard,2026-09-25T21:45:49+00:00,pre_game,,
prizepicks,15200511,cs2,CS2,168977,slaxz-,M80,BESTIA,G,BESTIAM8046290.75,MAP 3 Headshots,headshots,3,3,0,,1,2026-09-25T16:30:00.000-04:00,2026-09-25T18:00:00.000-04:00,5.5,2026-09-25T20:34:07+00:00,5.5,standard,2026-09-25T21:45:49+00:00,pre_game,,
prizepicks,15200512,cs2,CS2,166484,Lake,M80,BESTIA,G,BESTIAM8046290.75,MAP 3 Headshots,headshots,3,3,0,,1,2026-09-25T16:30:00.000-04:00,2026-09-25T18:00:00.000-04:00,7.5,2026-09-25T20:34:07+00:00,7.5,standard,2026-09-25T21:45:49+00:00,pre_game,,
prizepicks,15200513,cs2,CS2,290015,JBa,M80,BESTIA,G,BESTIAM8046290.75,MAP 3 Headshots,headshots,3,3,0,,1,2026-09-25T16:30:00.000-04:00,2026-09-25T18:00:00.000-04:00,8.5,2026-09-25T20:34:07+00:00,8.5,standard,2026-09-25T21:45:49+00:00,pre_game,,
prizepicks,15200514,cs2,CS2,192353,s1n,M80,BESTIA,G,BESTIAM8046290.75,MAP 3 Headshots,headshots,3,3,0,,1,2026-09-25T16:30:00.000-04:00,2026-09-25T18:00:00.000-04:00,7.0,2026-09-25T20:34:07+00:00,7.0,standard,2026-09-25T21:45:49+00:00,pre_game,,
prizepicks,15200515,cs2,CS2,168486,Swisher,M80,BESTIA,G,BESTIAM8046290.75,MAP 3 Headshots,headshots,3,3,0,,1,2026-09-25T16:30:00.000-04:00,2026-09-25T18:00:00.000-04:00,6.5,2026-09-25T20:34:07+00:00,6.5,standard,2026-09-25T21:45:49+00:00,pre_game,,
prizepicks,15200516,cs2,CS2,342948,kauez,BESTIA,M80,G,BESTIAM8046290.75,MAP 3 Headshots,headshots,3,3,0,,1,2026-09-25T16:30:00.000-04:00,2026-09-25T18:00:00.000-04:00,7.0,2026-09-25T20:34:07+00:00,7.0,standard,2026-09-25T21:45:49+00:00,pre_game,,
prizepicks,15200517,cs2,CS2,233323,timo,BESTIA,M80,G,BESTIAM8046290.75,MAP 3 Headshots,headshots,3,3,0,,1,2026-09-25T16:30:00.000-04:00,2026-09-25T18:00:00.000-04:00,7.0,2026-09-25T20:34:07+00:00,7.0,standard,2026-09-25T21:45:49+00:00,pre_game,,
prizepicks,15200518,cs2,CS2,342947,drop,BESTIA,M80,G,BESTIAM8046290.75,MAP 3 Headshots,headshots,3,3,0,,1,2026-09-25T16:30:00.000-04:00,2026-09-25T18:00:00.000-04:00,7.5,2026-09-25T20:34:07+00:00,7.5,standard,2026-09-25T21:45:49+00:00,pre_game,,
prizepicks,15200519,cs2,CS2,229736,cass1n,BESTIA,M80,G,BESTIAM8046290.75,MAP 3 Headshots,headshots,3,3,0,,1,2026-09-25T16:30:00.000-04:00,2026-09-25T18:00:00.000-04:00,4.5,2026-09-25T20:34:07+00:00,4.5,standard,2026-09-25T21:45:49+00:00,pre_game,,
prizepicks,15200520,cs2,CS2,279845,buda,BESTIA,M80,G,BESTIAM8046290.75,MAP 3 Headshots,headshots,3,3,0,,1,2026-09-25T16:30:00.000-04:00,2026-09-25T18:00:00.000-04:00,6.0,2026-09-25T20:34:07+00:00,6.0,standard,2026-09-25T21:45:49+00:00,pre_game,,
prizepicks,15194650,cs2,CS2,329405,FL4MUS,GamerLegion,K27,G,K27GamerLegion46290.6666666667,MAP 3 Kills,kills,3,3,0,,1,2026-09-25T16:30:00.000-04:00,2026-09-25T18:50:00.000-04:00,16.5,2026-09-25T20:34:07+00:00,16.5,standard,2026-09-25T22:47:11+00:00,pre_game,,
prizepicks,15194651,cs2,CS2,224977,REZ,GamerLegion,K27,G,K27GamerLegion46290.6666666667,MAP 3 Kills,kills,3,3,0,,1,2026-09-25T16:30:00.000-04:00,2026-09-25T18:50:00.000-04:00,16.0,2026-09-25T20:34:07+00:00,16.0,standard,2026-09-25T22:47:11+00:00,pre_game,,
prizepicks,15194652,cs2,CS2,214510,Tauson,GamerLegion,K27,G,K27GamerLegion46290.6666666667,MAP 3 Kills,kills,3,3,0,,1,2026-09-25T16:30:00.000-04:00,2026-09-25T18:50:00.000-04:00,14.0,2026-09-25T20:34:07+00:00,14.0,standard,2026-09-25T22:47:11+00:00,pre_game,,
prizepicks,15194653,cs2,CS2,265914,hypex,GamerLegion,K27,G,K27GamerLegion46290.6666666667,MAP 3 Kills,kills,3,3,0,,1,2026-09-25T16:30:00.000-04:00,2026-09-25T18:50:00.000-04:00,14.0,2026-09-25T20:34:07+00:00,14.0,standard,2026-09-25T22:47:11+00:00,pre_game,,
prizepicks,15194654,cs2,CS2,290157,Snax,GamerLegion,K27,G,K27GamerLegion46290.6666666667,MAP 3 Kills,kills,3,3,0,,1,2026-09-25T16:30:00.000-04:00,2026-09-25T18:50:00.000-04:00,12.5,2026-09-25T20:34:07+00:00,12.5,standard,2026-09-25T22:47:11+00:00,pre_game,,
prizepicks,15194655,cs2,CS2,213227,XeeDo,K27,GamerLegion,G,K27GamerLegion46290.6666666667,MAP 3 Kills,kills,3,3,0,,1,2026-09-25T16:30:00.000-04:00,2026-09-25T18:50:00.000-04:00,15.0,2026-09-25T20:34:07+00:00,15.0,standard,2026-09-25T22:47:11+00:00,pre_game,,
prizepicks,15194656,cs2,CS2,329416,clax,K27,GamerLegion,G,K27GamerLegion46290.6666666667,MAP 3 Kills,kills,3,3,0,,1,2026-09-25T16:30:00.000-04:00,2026-09-25T18:50:00.000-04:00,14.0,2026-09-25T20:34:07+00:00,14.0,standard,2026-09-25T22:47:11+00:00,pre_game,,
prizepicks,15194657,cs2,CS2,213226,kashl1d,K27,GamerLegion,G,K27GamerLegion46290.6666666667,MAP 3 Kills,kills,3,3,0,,1,2026-09-25T16:30:00.000-04:00,2026-09-25T18:50:00.000-04:00,14.0,2026-09-25T20:34:07+00:00,14.0,standard,2026-09-25T22:47:11+00:00,pre_game,,
prizepicks,15194658,cs2,CS2,253321,X5G7V,K27,GamerLegion,G,K27GamerLegion46290.6666666667,MAP 3 Kills,kills,3,3,0,,1,2026-09-25T16:30:00.000-04:00,2026-09-25T18:50:00.000-04:00,13.5,2026-09-25T20:34:07+00:00,13.5,standard,2026-09-25T22:47:11+00:00,pre_game,,
prizepicks,15194659,cs2,CS2,222383,qw1nk1,K27,GamerLegion,G,K27GamerLegion46290.6666666667,MAP 3 Kills,kills,3,3,0,,1,2026-09-25T16:30:00.000-04:00,2026-09-25T18:50:00.000-04:00,13.5,2026-09-25T20:34:07+00:00,13.5,standard,2026-09-25T22:47:11+00:00,pre_game,,
prizepicks,15194660,cs2,CS2,329405,FL4MUS,GamerLegion,K27,G,K27GamerLegion46290.6666666667,MAP 3 Headshots,headshots,3,3,0,,1,2026-09-25T16:30:00.000-04:00,2026-09-25T18:50:00.000-04:00,10.0,2026-09-25T20:34:07+00:00,10.0,standard,2026-09-25T22:47:11+00:00,pre_game,,
prizepicks,15194661,cs2,CS2,224977,REZ,GamerLegion,K27,G,K27GamerLegion46290.6666666667,MAP 3 Headshots,headshots,3,3,0,,1,2026-09-25T16:30:00.000-04:00,2026-09-25T18:50:00.000-04:00,8.0,2026-09-25T20:34:07+00:00,8.0,standard,2026-09-25T22:47:11+00:00,pre_game,,
prizepicks,15194662,cs2,CS2,214510,Tauson,GamerLegion,K27,G,K27GamerLegion46290.6666666667,MAP 3 Headshots,headshots,3,3,0,,1,2026-09-25T16:30:00.000-04:00,2026-09-25T18:50:00.000-04:00,7.5,2026-09-25T20:34:07+00:00,7.5,standard,2026-09-25T22:47:11+00:00,pre_game,,
prizepicks,15194663,cs2,CS2,265914,hypex,GamerLegion,K27,G,K27GamerLegion46290.6666666667,MAP 3 Headshots,headshots,3,3,0,,1,2026-09-25T16:30:00.000-04:00,2026-09-25T18:50:00.000-04:00,5.0,2026-09-25T20:34:07+00:00,5.0,standard,2026-09-25T22:47:11+00:00,pre_game,,
prizepicks,15194664,cs2,CS2,290157,Snax,GamerLegion,K27,G,K27GamerLegion46290.6666666667,MAP 3 Headshots,headshots,3,3,0,,1,2026-09-25T16:30:00.000-04:00,2026-09-25T18:50:00.000-04:00,6.0,2026-09-25T20:34:07+00:00,6.0,standard,2026-09-25T22:47:11+00:00,pre_game,,
prizepicks,15194665,cs2,CS2,213227,XeeDo,K27,GamerLegion,G,K27GamerLegion46290.6666666667,MAP 3 Headshots,headshots,3,3,0,,1,2026-09-25T16:30:00.000-04:00,2026-09-25T18:50:00.000-04:00,8.0,2026-09-25T20:34:07+00:00,8.0,standard,2026-09-25T22:47:11+00:00,pre_game,,
prizepicks,15194666,cs2,CS2,329416,clax,K27,GamerLegion,G,K27GamerLegion46290.6666666667,MAP 3 Headshots,headshots,3,3,0,,1,2026-09-25T16:30:00.000-04:00,2026-09-25T18:50:00.000-04:00,7.5,2026-09-25T20:34:07+00:00,7.5,standard,2026-09-25T22:47:11+00:00,pre_game,,
prizepicks,15194667,cs2,CS2,213226,kashl1d,K27,GamerLegion,G,K27GamerLegion46290.6666666667,MAP 3 Headshots,headshots,3,3,0,,1,2026-09-25T16:30:00.000-04:00,2026-09-25T18:50:00.000-04:00,4.5,2026-09-25T20:34:07+00:00,4.5,standard,2026-09-25T22:47:11+00:00,pre_game,,
prizepicks,15194668,cs2,CS2,253321,X5G7V,K27,GamerLegion,G,K27GamerLegion46290.6666666667,MAP 3 Headshots,headshots,3,3,0,,1,2026-09-25T16:30:00.000-04:00,2026-09-25T18:50:00.000-04:00,7.5,2026-09-25T20:34:07+00:00,7.5,standard,2026-09-25T22:47:11+00:00,pre_game,,
prizepicks,15194669,cs2,CS2,222383,qw1nk1,K27,GamerLegion,G,K27GamerLegion46290.6666666667,MAP 3 Headshots,headshots,3,3,0,,1,2026-09-25T16:30:00.000-04:00,2026-09-25T18:50:00.000-04:00,8.5,2026-09-25T20:34:07+00:00,8.5,standard,2026-09-25T22:47:11+00:00,pre_game,,
prizepicks,15198633,cs2,CS2,347497,doc,DENDELE,Voca,G,CS2_match_c8Jc5k5LaNIJXbthN0kAFULj,MAP 3 Kills,kills,3,3,0,,1,2026-09-25T16:30:00.000-04:00,2026-09-25T18:00:00.000-04:00,16.0,2026-09-25T20:34:07+00:00,16.0,standard,2026-09-25T21:53:34+00:00,pre_game,,
prizepicks,15198643,cs2,CS2,347497,doc,DENDELE,Voca,G,CS2_match_c8Jc5k5LaNIJXbthN0kAFULj,MAP 3 Headshots,headshots,3,3,0,,1,2026-09-25T16:30:00.000-04:00,2026-09-25T18:00:00.000-04:00,9.0,2026-09-25T20:34:07+00:00,9.0,standard,2026-09-25T21:53:34+00:00,pre_game,,
prizepicks,15198634,cs2,CS2,347498,koala,DENDELE,Voca,G,CS2_match_c8Jc5k5LaNIJXbthN0kAFULj,MAP 3 Kills,kills,3,3,0,,1,2026-09-25T16:30:00.000-04:00,2026-09-25T18:00:00.000-04:00,15.0,2026-09-25T20:34:07+00:00,15.0,standard,2026-09-25T21:53:34+00:00,pre_game,,
prizepicks,15198644,cs2,CS2,347498,koala,DENDELE,Voca,G,CS2_match_c8Jc5k5LaNIJXbthN0kAFULj,MAP 3 Headshots,headshots,3,3,0,,1,2026-09-25T16:30:00.000-04:00,2026-09-25T18:00:00.000-04:00,7.0,2026-09-25T20:34:07+00:00,7.0,standard,2026-09-25T21:53:34+00:00,pre_game,,
prizepicks,15198635,cs2,CS2,347499,maxxkor,DENDELE,Voca,G,CS2_match_c8Jc5k5LaNIJXbthN0kAFULj,MAP 3 Kills,kills,3,3,0,,1,2026-09-25T16:30:00.000-04:00,2026-09-25T18:00:00.000-04:00,14.5,2026-09-25T20:34:07+00:00,14.5,standard,2026-09-25T21:53:34+00:00,pre_game,,
prizepicks,15198645,cs2,CS2,347499,maxxkor,DENDELE,Voca,G,CS2_match_c8Jc5k5LaNIJXbthN0kAFULj,MAP 3 Headshots,headshots,3,3,0,,1,2026-09-25T16:30:00.000-04:00,2026-09-25T18:00:00.000-04:00,5.0,2026-09-25T20:34:07+00:00,5.0,standard,2026-09-25T21:53:34+00:00,pre_game,,
prizepicks,15198636,cs2,CS2,347500,rdnzao,DENDELE,Voca,G,CS2_match_c8Jc5k5LaNIJXbthN0kAFULj,MAP 3 Kills,kills,3,3,0,,1,2026-09-25T16:30:00.000-04:00,2026-09-25T18:00:00.000-04:00,14.5,2026-09-25T20:34:07+00:00,14.5,standard,2026-09-25T21:53:34+00:00,pre_game,,
prizepicks,15198646,cs2,CS2,347500,rdnzao,DENDELE,Voca,G,CS2_match_c8Jc5k5LaNIJXbthN0kAFULj,MAP 3 Headshots,headshots,3,3,0,,1,2026-09-25T16:30:00.000-04:00,2026-09-25T18:00:00.000-04:00,8.0,2026-09-25T20:34:07+00:00,8.0,standard,2026-09-25T21:53:34+00:00,pre_game,,
prizepicks,15198637,cs2,CS2,347501,gafolo,DENDELE,Voca,G,CS2_match_c8Jc5k5LaNIJXbthN0kAFULj,MAP 3 Kills,kills,3,3,0,,1,2026-09-25T16:30:00.000-04:00,2026-09-25T18:00:00.000-04:00,13.0,2026-09-25T20:34:07+00:00,13.0,standard,2026-09-25T21:53:34+00:00,pre_game,,
prizepicks,15198647,cs2,CS2,347501,gafolo,DENDELE,Voca,G,CS2_match_c8Jc5k5LaNIJXbthN0kAFULj,MAP 3 Headshots,headshots,3,3,0,,1,2026-09-25T16:30:00.000-04:00,2026-09-25T18:00:00.000-04:00,6.5,2026-09-25T20:34:07+00:00,6.5,standard,2026-09-25T21:53:34+00:00,pre_game,,
prizepicks,15198638,cs2,CS2,340238,junior,Voca,DENDELE,G,CS2_match_c8Jc5k5LaNIJXbthN0kAFULj,MAP 3 Kills,kills,3,3,0,,1,2026-09-25T16:30:00.000-04:00,2026-09-25T18:00:00.000-04:00,13.5,2026-09-25T20:34:07+00:00,13.5,standard,2026-09-25T21:53:34+00:00,pre_game,,
prizepicks,15198648,cs2,CS2,340238,junior,Voca,DENDELE,G,CS2_match_c8Jc5k5LaNIJXbthN0kAFULj,MAP 3 Headshots,headshots,3,3,0,,1,2026-09-25T16:30:00.000-04:00,2026-09-25T18:00:00.000-04:00,4.5,2026-09-25T20:34:07+00:00,4.5,standard,2026-09-25T21:53:34+00:00,pre_game,,
prizepicks,15198639,cs2,CS2,340237,dare,Voca,DENDELE,G,CS2_match_c8Jc5k5LaNIJXbthN0kAFULj,MAP 3 Kills,kills,3,3,0,,1,2026-09-25T16:30:00.000-04:00,2026-09-25T18:00:00.000-04:00,13.5,2026-09-25T20:34:07+00:00,13.5,standard,2026-09-25T21:53:34+00:00,pre_game,,
prizepicks,15198649,cs2,CS2,340237,dare,Voca,DENDELE,G,CS2_match_c8Jc5k5LaNIJXbthN0kAFULj,MAP 3 Headshots,headshots,3,3,0,,1,2026-09-25T16:30:00.000-04:00,2026-09-25T18:00:00.000-04:00,7.0,2026-09-25T20:34:07+00:00,7.0,standard,2026-09-25T21:53:34+00:00,pre_game,,
prizepicks,15198640,cs2,CS2,340240,snav,Voca,DENDELE,G,CS2_match_c8Jc5k5LaNIJXbthN0kAFULj,MAP 3 Kills,kills,3,3,0,,1,2026-09-25T16:30:00.000-04:00,2026-09-25T18:00:00.000-04:00,13.0,2026-09-25T20:34:07+00:00,13.0,standard,2026-09-25T21:53:34+00:00,pre_game,,
prizepicks,15198650,cs2,CS2,340240,snav,Voca,DENDELE,G,CS2_match_c8Jc5k5LaNIJXbthN0kAFULj,MAP 3 Headshots,headshots,3,3,0,,1,2026-09-25T16:30:00.000-04:00,2026-09-25T18:00:00.000-04:00,6.5,2026-09-25T20:34:07+00:00,6.5,standard,2026-09-25T21:53:34+00:00,pre_game,,
prizepicks,15198641,cs2,CS2,340236,MarKE,Voca,DENDELE,G,CS2_match_c8Jc5k5LaNIJXbthN0kAFULj,MAP 3 Kills,kills,3,3,0,,1,2026-09-25T16:30:00.000-04:00,2026-09-25T18:00:00.000-04:00,13.0,2026-09-25T20:34:07+00:00,13.0,standard,2026-09-25T21:53:34+00:00,pre_game,,
prizepicks,15198651,cs2,CS2,340236,MarKE,Voca,DENDELE,G,CS2_match_c8Jc5k5LaNIJXbthN0kAFULj,MAP 3 Headshots,headshots,3,3,0,,1,2026-09-25T16:30:00.000-04:00,2026-09-25T18:00:00.000-04:00,7.5,2026-09-25T20:34:07+00:00,7.5,standard,2026-09-25T21:53:34+00:00,pre_game,,
prizepicks,15198642,cs2,CS2,340239,nosraC,Voca,DENDELE,G,CS2_match_c8Jc5k5LaNIJXbthN0kAFULj,MAP 3 Kills,kills,3,3,0,,1,2026-09-25T16:30:00.000-04:00,2026-09-25T18:00:00.000-04:00,12.5,2026-09-25T20:34:07+00:00,12.5,standard,2026-09-25T21:53:34+00:00,pre_game,,
prizepicks,15198652,cs2,CS2,340239,nosraC,Voca,DENDELE,G,CS2_match_c8Jc5k5LaNIJXbthN0kAFULj,MAP 3 Headshots,headshots,3,3,0,,1,2026-09-25T16:30:00.000-04:00,2026-09-25T18:00:00.000-04:00,7.0,2026-09-25T20:34:07+00:00,7.0,standard,2026-09-25T21:53:34+00:00,pre_game,,
prizepicks,15236652,cs2,CS2,301686,device,100 Thieves,Astralis,G,Astralis100 Thieves46291.25,MAPS 1-2 Kills,kills,1,2,0,,0,2026-09-23T11:50:00.000-04:00,2026-09-26T06:00:00.000-04:00,30.5,2026-09-25T20:56:21+00:00,31.5,standard,2026-09-26T08:03:26+00:00,pre_game,,
prizepicks,15236653,cs2,CS2,301688,rain,100 Thieves,Astralis,G,Astralis100 Thieves46291.25,MAPS 1-2 Kills,kills,1,2,0,,0,2026-09-23T11:50:00.000-04:00,2026-09-26T06:00:00.000-04:00,29.5,2026-09-25T20:56:21+00:00,28.5,standard,2026-09-26T08:03:26+00:00,pre_game,,
prizepicks,15236654,cs2,CS2,329408,Gizmy,100 Thieves,Astralis,G,Astralis100 Thieves46291.25,MAPS 1-2 Kills,kills,1,2,0,,0,2026-09-23T11:50:00.000-04:00,2026-09-26T06:00:00.000-04:00,27.5,2026-09-25T20:56:21+00:00,27.0,standard,2026-09-26T08:03:26+00:00,pre_game,,
prizepicks,15236655,cs2,CS2,301691,poiii,100 Thieves,Astralis,G,Astralis100 Thieves46291.25,MAPS 1-2 Kills,kills,1,2,0,,0,2026-09-23T11:50:00.000-04:00,2026-09-26T06:00:00.000-04:00,31.5,2026-09-25T20:56:21+00:00,31.5,standard,2026-09-26T08:03:26+00:00,pre_game,,
prizepicks,15236656,cs2,CS2,301690,sirah,100 Thieves,Astralis,G,Astralis100 Thieves46291.25,MAPS 1-2 Kills,kills,1,2,0,,0,2026-09-23T11:50:00.000-04:00,2026-09-26T06:00:00.000-04:00,28.5,2026-09-25T20:56:21+00:00,28.5,standard,2026-09-26T08:03:26+00:00,pre_game,,
prizepicks,15236657,cs2,CS2,291751,phzy,Astralis,100 Thieves,G,Astralis100 Thieves46291.25,MAPS 1-2 Kills,kills,1,2,0,,0,2026-09-23T11:50:00.000-04:00,2026-09-26T06:00:00.000-04:00,29.5,2026-09-25T20:56:21+00:00,29.5,standard,2026-09-26T08:03:26+00:00,pre_game,,
prizepicks,15236658,cs2,CS2,237532,HooXi,Astralis,100 Thieves,G,Astralis100 Thieves46291.25,MAPS 1-2 Kills,kills,1,2,0,,0,2026-09-23T11:50:00.000-04:00,2026-09-26T06:00:00.000-04:00,25.0,2026-09-25T20:56:21+00:00,25.0,standard,2026-09-26T08:03:26+00:00,pre_game,,
prizepicks,15236659,cs2,CS2,169105,jabbi,Astralis,100 Thieves,G,Astralis100 Thieves46291.25,MAPS 1-2 Kills,kills,1,2,0,,0,2026-09-23T11:50:00.000-04:00,2026-09-26T06:00:00.000-04:00,31.5,2026-09-25T20:56:21+00:00,31.5,standard,2026-09-26T08:03:26+00:00,pre_game,,
prizepicks,15236660,cs2,CS2,168368,Staehr,Astralis,100 Thieves,G,Astralis100 Thieves46291.25,MAPS 1-2 Kills,kills,1,2,0,,0,2026-09-23T11:50:00.000-04:00,2026-09-26T06:00:00.000-04:00,32.5,2026-09-25T20:56:21+00:00,32.5,standard,2026-09-26T08:03:26+00:00,pre_game,,
prizepicks,15236661,cs2,CS2,291752,ryu,Astralis,100 Thieves,G,Astralis100 Thieves46291.25,MAPS 1-2 Kills,kills,1,2,0,,0,2026-09-23T11:50:00.000-04:00,2026-09-26T06:00:00.000-04:00,29.5,2026-09-25T20:56:21+00:00,30.5,standard,2026-09-26T08:03:26+00:00,pre_game,,
prizepicks,15236662,cs2,CS2,301686,device,100 Thieves,Astralis,G,Astralis100 Thieves46291.25,MAPS 1-2 Headshots,headshots,1,2,0,,0,2026-09-23T11:50:00.000-04:00,2026-09-26T06:00:00.000-04:00,10.0,2026-09-25T20:56:21+00:00,10.0,standard,2026-09-26T08:03:26+00:00,pre_game,,
prizepicks,15236663,cs2,CS2,301688,rain,100 Thieves,Astralis,G,Astralis100 Thieves46291.25,MAPS 1-2 Headshots,headshots,1,2,0,,0,2026-09-23T11:50:00.000-04:00,2026-09-26T06:00:00.000-04:00,17.5,2026-09-25T20:56:21+00:00,16.5,standard,2026-09-26T08:03:26+00:00,pre_game,,
prizepicks,15236664,cs2,CS2,329408,Gizmy,100 Thieves,Astralis,G,Astralis100 Thieves46291.25,MAPS 1-2 Headshots,headshots,1,2,0,,0,2026-09-23T11:50:00.000-04:00,2026-09-26T06:00:00.000-04:00,15.5,2026-09-25T20:56:21+00:00,15.5,standard,2026-09-26T08:03:26+00:00,pre_game,,
prizepicks,15236665,cs2,CS2,301691,poiii,100 Thieves,Astralis,G,Astralis100 Thieves46291.25,MAPS 1-2 Headshots,headshots,1,2,0,,0,2026-09-23T11:50:00.000-04:00,2026-09-26T06:00:00.000-04:00,18.5,2026-09-25T20:56:21+00:00,18.0,standard,2026-09-26T08:03:26+00:00,pre_game,,
prizepicks,15236666,cs2,CS2,301690,sirah,100 Thieves,Astralis,G,Astralis100 Thieves46291.25,MAPS 1-2 Headshots,headshots,1,2,0,,0,2026-09-23T11:50:00.000-04:00,2026-09-26T06:00:00.000-04:00,16.5,2026-09-25T20:56:21+00:00,16.5,standard,2026-09-26T08:03:26+00:00,pre_game,,
prizepicks,15236667,cs2,CS2,291751,phzy,Astralis,100 Thieves,G,Astralis100 Thieves46291.25,MAPS 1-2 Headshots,headshots,1,2,0,,0,2026-09-23T11:50:00.000-04:00,2026-09-26T06:00:00.000-04:00,8.5,2026-09-25T20:56:21+00:00,9.0,standard,2026-09-26T08:03:26+00:00,pre_game,,
prizepicks,15236668,cs2,CS2,237532,HooXi,Astralis,100 Thieves,G,Astralis100 Thieves46291.25,MAPS 1-2 Headshots,headshots,1,2,0,,0,2026-09-23T11:50:00.000-04:00,2026-09-26T06:00:00.000-04:00,14.0,2026-09-25T20:56:21+00:00,14.0,standard,2026-09-26T08:03:26+00:00,pre_game,,
prizepicks,15236669,cs2,CS2,169105,jabbi,Astralis,100 Thieves,G,Astralis100 Thieves46291.25,MAPS 1-2 Headshots,headshots,1,2,0,,0,2026-09-23T11:50:00.000-04:00,2026-09-26T06:00:00.000-04:00,21.0,2026-09-25T20:56:21+00:00,21.0,standard,2026-09-26T08:03:26+00:00,pre_game,,
prizepicks,15236670,cs2,CS2,168368,Staehr,Astralis,100 Thieves,G,Astralis100 Thieves46291.25,MAPS 1-2 Headshots,headshots,1,2,0,,0,2026-09-23T11:50:00.000-04:00,2026-09-26T06:00:00.000-04:00,18.5,2026-09-25T20:56:21+00:00,18.5,standard,2026-09-26T08:03:26+00:00,pre_game,,
prizepicks,15236671,cs2,CS2,291752,ryu,Astralis,100 Thieves,G,Astralis100 Thieves46291.25,MAPS 1-2 Headshots,headshots,1,2,0,,0,2026-09-23T11:50:00.000-04:00,2026-09-26T06:00:00.000-04:00,16.5,2026-09-25T20:56:21+00:00,17.0,standard,2026-09-26T08:03:26+00:00,pre_game,,
prizepicks,15236672,cs2,CS2,328534,Brollan,HEROIC,Sangal,G,SangalHEROIC46291.375,MAPS 1-2 Kills,kills,1,2,0,,0,2026-09-23T11:50:00.000-04:00,2026-09-26T09:20:00.000-04:00,29.5,2026-09-25T20:56:21+00:00,29.5,standard,2026-09-26T13:00:27+00:00,pre_game,,
prizepicks,15236673,cs2,CS2,328535,MartinezSa,HEROIC,Sangal,G,SangalHEROIC46291.375,MAPS 1-2 Kills,kills,1,2,0,,0,2026-09-23T11:50:00.000-04:00,2026-09-26T09:20:00.000-04:00,31.5,2026-09-25T20:56:21+00:00,31.5,standard,2026-09-26T13:00:27+00:00,pre_game,,
prizepicks,15236674,cs2,CS2,247237,nilo,HEROIC,Sangal,G,SangalHEROIC46291.375,MAPS 1-2 Kills,kills,1,2,0,,0,2026-09-23T11:50:00.000-04:00,2026-09-26T09:20:00.000-04:00,32.5,2026-09-25T20:56:21+00:00,32.5,standard,2026-09-26T13:00:27+00:00,pre_game,,
prizepicks,15236675,cs2,CS2,291757,Chr1zn,HEROIC,Sangal,G,SangalHEROIC46291.375,MAPS 1-2 Kills,kills,1,2,0,,0,2026-09-23T11:50:00.000-04:00,2026-09-26T09:20:00.000-04:00,27.5,2026-09-25T20:56:21+00:00,27.5,standard,2026-09-26T13:00:27+00:00,pre_game,,
prizepicks,15236676,cs2,CS2,291758,susp,HEROIC,Sangal,G,SangalHEROIC46291.375,MAPS 1-2 Kills,kills,1,2,0,,0,2026-09-23T11:50:00.000-04:00,2026-09-26T09:20:00.000-04:00,27.5,2026-09-25T20:56:21+00:00,27.5,standard,2026-09-26T13:00:27+00:00,pre_game,,
prizepicks,15236677,cs2,CS2,328534,Brollan,HEROIC,Sangal,G,SangalHEROIC46291.375,MAPS 1-2 Headshots,headshots,1,2,0,,0,2026-09-23T11:50:00.000-04:00,2026-09-26T09:20:00.000-04:00,17.5,2026-09-25T20:56:21+00:00,17.0,standard,2026-09-26T13:00:27+00:00,pre_game,,
prizepicks,15236678,cs2,CS2,328535,MartinezSa,HEROIC,Sangal,G,SangalHEROIC46291.375,MAPS 1-2 Headshots,headshots,1,2,0,,0,2026-09-23T11:50:00.000-04:00,2026-09-26T09:20:00.000-04:00,12.5,2026-09-25T20:56:21+00:00,12.5,standard,2026-09-26T13:00:27+00:00,pre_game,,
prizepicks,15236679,cs2,CS2,247237,nilo,HEROIC,Sangal,G,SangalHEROIC46291.375,MAPS 1-2 Headshots,headshots,1,2,0,,0,2026-09-23T11:50:00.000-04:00,2026-09-26T09:20:00.000-04:00,19.5,2026-09-25T20:56:21+00:00,19.5,standard,2026-09-26T13:00:27+00:00,pre_game,,
prizepicks,15236680,cs2,CS2,291757,Chr1zn,HEROIC,Sangal,G,SangalHEROIC46291.375,MAPS 1-2 Headshots,headshots,1,2,0,,0,2026-09-23T11:50:00.000-04:00,2026-09-26T09:20:00.000-04:00,15.5,2026-09-25T20:56:21+00:00,16.0,standard,2026-09-26T13:00:27+00:00,pre_game,,
prizepicks,15236681,cs2,CS2,291758,susp,HEROIC,Sangal,G,SangalHEROIC46291.375,MAPS 1-2 Headshots,headshots,1,2,0,,0,2026-09-23T11:50:00.000-04:00,2026-09-26T09:20:00.000-04:00,15.5,2026-09-25T20:56:21+00:00,15.5,standard,2026-09-26T13:00:27+00:00,pre_game,,
prizepicks,15236682,cs2,CS2,169153,VINI,Imperial,Bounty Hunters,G,Bounty HuntersImperial46291.375,MAPS 1-2 Kills,kills,1,2,0,,0,2026-09-23T11:50:00.000-04:00,2026-09-26T09:00:00.000-04:00,27.5,2026-09-25T20:56:21+00:00,27.5,standard,2026-09-26T12:29:56+00:00,pre_game,,
prizepicks,15236683,cs2,CS2,327490,saadzin,Imperial,Bounty Hunters,G,Bounty HuntersImperial46291.375,MAPS 1-2 Kills,kills,1,2,0,,0,2026-09-23T11:50:00.000-04:00,2026-09-26T09:00:00.000-04:00,29.5,2026-09-25T20:56:21+00:00,30.0,standard,2026-09-26T12:29:56+00:00,pre_game,,
prizepicks,15236684,cs2,CS2,173744,noway,Imperial,Bounty Hunters,G,Bounty HuntersImperial46291.375,MAPS 1-2 Kills,kills,1,2,0,,0,2026-09-23T11:50:00.000-04:00,2026-09-26T09:00:00.000-04:00,29.5,2026-09-25T20:56:21+00:00,30.0,standard,2026-09-26T12:29:56+00:00,pre_game,,
prizepicks,15236685,cs2,CS2,303132,decenty,Imperial,Bounty Hunters,G,Bounty HuntersImperial46291.375,MAPS 1-2 Kills,kills,1,2,0,,0,2026-09-23T11:50:00.000-04:00,2026-09-26T09:00:00.000-04:00,31.5,2026-09-25T20:56:21+00:00,32.0,standard,2026-09-26T12:29:56+00:00,pre_game,,
prizepicks,15236686,cs2,CS2,169159,chelo,Imperial,Bounty Hunters,G,Bounty HuntersImperial46291.375,MAPS 1-2 Kills,kills,1,2,0,,0,2026-09-23T11:50:00.000-04:00,2026-09-26T09:00:00.000-04:00,28.5,2026-09-25T20:56:21+00:00,28.5,standard,2026-09-26T12:29:56+00:00,pre_game,,
prizepicks,15236692,cs2,CS2,169153,VINI,Imperial,Bounty Hunters,G,Bounty HuntersImperial46291.375,MAPS 1-2 Headshots,headshots,1,2,0,,0,2026-09-23T11:50:00.000-04:00,2026-09-26T09:00:00.000-04:00,13.5,2026-09-25T20:56:21+00:00,13.5,standard,2026-09-26T12:29:56+00:00,pre_game,,
prizepicks,15236693,cs2,CS2,327490,saadzin,Imperial,Bounty Hunters,G,Bounty HuntersImperial46291.375,MAPS 1-2 Headshots,headshots,1,2,0,,0,2026-09-23T11:50:00.000-04:00,2026-09-26T09:00:00.000-04:00,10.5,2026-09-25T20:56:21+00:00,10.5,standard,2026-09-26T12:29:56+00:00,pre_game,,
prizepicks,15236694,cs2,CS2,173744,noway,Imperial,Bounty Hunters,G,Bounty HuntersImperial46291.375,MAPS 1-2 Headshots,headshots,1,2,0,,0,2026-09-23T11:50:00.000-04:00,2026-09-26T09:00:00.000-04:00,16.5,2026-09-25T20:56:21+00:00,16.5,standard,2026-09-26T12:29:56+00:00,pre_game,,
prizepicks,15236695,cs2,CS2,303132,decenty,Imperial,Bounty Hunters,G,Bounty HuntersImperial46291.375,MAPS 1-2 Headshots,headshots,1,2,0,,0,2026-09-23T11:50:00.000-04:00,2026-09-26T09:00:00.000-04:00,18.5,2026-09-25T20:56:21+00:00,18.5,standard,2026-09-26T12:29:56+00:00,pre_game,,
prizepicks,15236696,cs2,CS2,169159,chelo,Imperial,Bounty Hunters,G,Bounty HuntersImperial46291.375,MAPS 1-2 Headshots,headshots,1,2,0,,0,2026-09-23T11:50:00.000-04:00,2026-09-26T09:00:00.000-04:00,18.5,2026-09-25T20:56:21+00:00,19.0,standard,2026-09-26T12:29:56+00:00,pre_game,,
prizepicks,15236687,cs2,CS2,304159,pepe,Bounty Hunters,Imperial,G,Bounty HuntersImperial46291.375,MAPS 1-2 Kills,kills,1,2,0,,0,2026-09-23T11:50:00.000-04:00,2026-09-26T09:00:00.000-04:00,27.5,2026-09-25T21:00:41+00:00,27.5,standard,2026-09-26T12:29:56+00:00,pre_game,,
prizepicks,15236688,cs2,CS2,337785,urban0,Bounty Hunters,Imperial,G,Bounty HuntersImperial46291.375,MAPS 1-2 Kills,kills,1,2,0,,0,2026-09-23T11:50:00.000-04:00,2026-09-26T09:00:00.000-04:00,27.5,2026-09-25T21:00:41+00:00,25.5,standard,2026-09-26T12:29:56+00:00,pre_game,,
prizepicks,15236689,cs2,CS2,238974,ponter,Bounty Hunters,Imperial,G,Bounty HuntersImperial46291.375,MAPS 1-2 Kills,kills,1,2,0,,0,2026-09-23T11:50:00.000-04:00,2026-09-26T09:00:00.000-04:00,23.5,2026-09-25T21:00:41+00:00,23.5,standard,2026-09-26T12:29:56+00:00,pre_game,,
prizepicks,15236690,cs2,CS2,201961,zock,Bounty Hunters,Imperial,G,Bounty HuntersImperial46291.375,MAPS 1-2 Kills,kills,1,2,0,,0,2026-09-23T11:50:00.000-04:00,2026-09-26T09:00:00.000-04:00,28.5,2026-09-25T21:00:41+00:00,26.0,standard,2026-09-26T12:29:56+00:00,pre_game,,
prizepicks,15236691,cs2,CS2,199253,KAISER,Bounty Hunters,Imperial,G,Bounty HuntersImperial46291.375,MAPS 1-2 Kills,kills,1,2,0,,0,2026-09-23T11:50:00.000-04:00,2026-09-26T09:00:00.000-04:00,25.5,2026-09-25T21:00:41+00:00,24.5,standard,2026-09-26T12:29:56+00:00,pre_game,,
prizepicks,15236697,cs2,CS2,304159,pepe,Bounty Hunters,Imperial,G,Bounty HuntersImperial46291.375,MAPS 1-2 Headshots,headshots,1,2,0,,0,2026-09-23T11:50:00.000-04:00,2026-09-26T09:00:00.000-04:00,16.5,2026-09-25T21:00:41+00:00,16.5,standard,2026-09-26T12:29:56+00:00,pre_game,,
prizepicks,15236698,cs2,CS2,337785,urban0,Bounty Hunters,Imperial,G,Bounty HuntersImperial46291.375,MAPS 1-2 Headshots,headshots,1,2,0,,0,2026-09-23T11:50:00.000-04:00,2026-09-26T09:00:00.000-04:00,16.0,2026-09-25T21:00:41+00:00,16.0,standard,2026-09-26T12:29:56+00:00,pre_game,,
prizepicks,15236699,cs2,CS2,238974,ponter,Bounty Hunters,Imperial,G,Bounty HuntersImperial46291.375,MAPS 1-2 Headshots,headshots,1,2,0,,0,2026-09-23T11:50:00.000-04:00,2026-09-26T09:00:00.000-04:00,13.5,2026-09-25T21:00:41+00:00,13.5,standard,2026-09-26T12:29:56+00:00,pre_game,,
prizepicks,15236700,cs2,CS2,201961,zock,Bounty Hunters,Imperial,G,Bounty HuntersImperial46291.375,MAPS 1-2 Headshots,headshots,1,2,0,,0,2026-09-23T11:50:00.000-04:00,2026-09-26T09:00:00.000-04:00,14.5,2026-09-25T21:00:41+00:00,13.5,standard,2026-09-26T12:29:56+00:00,pre_game,,
prizepicks,15236701,cs2,CS2,199253,KAISER,Bounty Hunters,Imperial,G,Bounty HuntersImperial46291.375,MAPS 1-2 Headshots,headshots,1,2,0,,0,2026-09-23T11:50:00.000-04:00,2026-09-26T09:00:00.000-04:00,10.5,2026-09-25T21:00:41+00:00,10.5,standard,2026-09-26T12:29:56+00:00,pre_game,,
prizepicks,15236702,cs2,CS2,343453,Rkzinho,paiN,Galorys,G,GaloryspaiN46291.5208333333,MAPS 1-2 Kills,kills,1,2,0,,0,2026-09-23T11:50:00.000-04:00,2026-09-26T12:30:00.000-04:00,31.5,2026-09-25T21:00:41+00:00,30.5,standard,2026-09-26T13:00:27+00:00,pre_game,,
prizepicks,15236703,cs2,CS2,168351,biguzera,paiN,Galorys,G,GaloryspaiN46291.5208333333,MAPS 1-2 Kills,kills,1,2,0,,0,2026-09-23T11:50:00.000-04:00,2026-09-26T12:30:00.000-04:00,27.5,2026-09-25T21:00:41+00:00,27.5,standard,2026-09-26T13:00:27+00:00,pre_game,,
prizepicks,15236704,cs2,CS2,317398,saffee,paiN,Galorys,G,GaloryspaiN46291.5208333333,MAPS 1-2 Kills,kills,1,2,0,,0,2026-09-23T11:50:00.000-04:00,2026-09-26T12:30:00.000-04:00,28.5,2026-09-25T21:00:41+00:00,28.5,standard,2026-09-26T13:00:27+00:00,pre_game,,
prizepicks,15236705,cs2,CS2,346679,Tatu,paiN,Galorys,G,GaloryspaiN46291.5208333333,MAPS 1-2 Kills,kills,1,2,0,,0,2026-09-23T11:50:00.000-04:00,2026-09-26T12:30:00.000-04:00,29.5,2026-09-25T21:00:41+00:00,28.5,standard,2026-09-26T13:00:27+00:00,pre_game,,
prizepicks,15236706,cs2,CS2,332199,snow,paiN,Galorys,G,GaloryspaiN46291.5208333333,MAPS 1-2 Kills,kills,1,2,0,,0,2026-09-23T11:50:00.000-04:00,2026-09-26T12:30:00.000-04:00,29.5,2026-09-25T21:00:41+00:00,30.0,standard,2026-09-26T13:00:27+00:00,pre_game,,
prizepicks,15236707,cs2,CS2,330333,PKL,Galorys,paiN,G,GaloryspaiN46291.5208333333,MAPS 1-2 Kills,kills,1,2,0,,0,2026-09-23T11:50:00.000-04:00,2026-09-26T12:30:00.000-04:00,22.5,2026-09-25T21:00:41+00:00,22.5,standard,2026-09-26T13:00:27+00:00,pre_game,,
prizepicks,15236708,cs2,CS2,330334,detr0ittJ,Galorys,paiN,G,GaloryspaiN46291.5208333333,MAPS 1-2 Kills,kills,1,2,0,,0,2026-09-23T11:50:00.000-04:00,2026-09-26T12:30:00.000-04:00,26.5,2026-09-25T21:00:41+00:00,26.5,standard,2026-09-26T13:00:27+00:00,pre_game,,
prizepicks,15236709,cs2,CS2,261826,tomate,Galorys,paiN,G,GaloryspaiN46291.5208333333,MAPS 1-2 Kills,kills,1,2,0,,0,2026-09-23T11:50:00.000-04:00,2026-09-26T12:30:00.000-04:00,29.5,2026-09-25T21:00:41+00:00,30.0,standard,2026-09-26T13:00:27+00:00,pre_game,,
prizepicks,15236710,cs2,CS2,261828,gbb,Galorys,paiN,G,GaloryspaiN46291.5208333333,MAPS 1-2 Kills,kills,1,2,0,,0,2026-09-23T11:50:00.000-04:00,2026-09-26T12:30:00.000-04:00,28.5,2026-09-25T21:00:41+00:00,28.5,standard,2026-09-26T13:00:27+00:00,pre_game,,
prizepicks,15236711,cs2,CS2,261830,destiny,Galorys,paiN,G,GaloryspaiN46291.5208333333,MAPS 1-2 Kills,kills,1,2,0,,0,2026-09-23T11:50:00.000-04:00,2026-09-26T12:30:00.000-04:00,28.5,2026-09-25T21:00:41+00:00,27.5,standard,2026-09-26T13:00:27+00:00,pre_game,,
prizepicks,15236712,cs2,CS2,343453,Rkzinho,paiN,Galorys,G,GaloryspaiN46291.5208333333,MAPS 1-2 Headshots,headshots,1,2,0,,0,2026-09-23T11:50:00.000-04:00,2026-09-26T12:30:00.000-04:00,18.5,2026-09-25T21:00:41+00:00,18.5,standard,2026-09-26T13:00:27+00:00,pre_game,,
prizepicks,15236713,cs2,CS2,168351,biguzera,paiN,Galorys,G,GaloryspaiN46291.5208333333,MAPS 1-2 Headshots,headshots,1,2,0,,0,2026-09-23T11:50:00.000-04:00,2026-09-26T12:30:00.000-04:00,14.5,2026-09-25T21:00:41+00:00,15.0,standard,2026-09-26T13:00:27+00:00,pre_game,,
prizepicks,15236714,cs2,CS2,317398,saffee,paiN,Galorys,G,GaloryspaiN46291.5208333333,MAPS 1-2 Headshots,headshots,1,2,0,,0,2026-09-23T11:50:00.000-04:00,2026-09-26T12:30:00.000-04:00,9.5,2026-09-25T21:00:41+00:00,9.5,standard,2026-09-26T13:00:27+00:00,pre_game,,
prizepicks,15236716,cs2,CS2,332199,snow,paiN,Galorys,G,GaloryspaiN46291.5208333333,MAPS 1-2 Headshots,headshots,1,2,0,,0,2026-09-23T11:50:00.000-04:00,2026-09-26T12:30:00.000-04:00,15.5,2026-09-25T21:00:41+00:00,16.5,standard,2026-09-26T13:00:27+00:00,pre_game,,
prizepicks,15236717,cs2,CS2,330333,PKL,Galorys,paiN,G,GaloryspaiN46291.5208333333,MAPS 1-2 Headshots,headshots,1,2,0,,0,2026-09-23T11:50:00.000-04:00,2026-09-26T12:30:00.000-04:00,12.5,2026-09-25T21:00:41+00:00,12.5,standard,2026-09-26T13:00:27+00:00,pre_game,,
prizepicks,15236718,cs2,CS2,330334,detr0ittJ,Galorys,paiN,G,GaloryspaiN46291.5208333333,MAPS 1-2 Headshots,headshots,1,2,0,,0,2026-09-23T11:50:00.000-04:00,2026-09-26T12:30:00.000-04:00,8.5,2026-09-25T21:00:41+00:00,8.5,standard,2026-09-26T13:00:27+00:00,pre_game,,
prizepicks,15236719,cs2,CS2,261826,tomate,Galorys,paiN,G,GaloryspaiN46291.5208333333,MAPS 1-2 Headshots,headshots,1,2,0,,0,2026-09-23T11:50:00.000-04:00,2026-09-26T12:30:00.000-04:00,15.5,2026-09-25T21:00:41+00:00,15.5,standard,2026-09-26T13:00:27+00:00,pre_game,,
prizepicks,15236720,cs2,CS2,261828,gbb,Galorys,paiN,G,GaloryspaiN46291.5208333333,MAPS 1-2 Headshots,headshots,1,2,0,,0,2026-09-23T11:50:00.000-04:00,2026-09-26T12:30:00.000-04:00,14.5,2026-09-25T21:00:41+00:00,14.5,standard,2026-09-26T13:00:27+00:00,pre_game,,
prizepicks,15236721,cs2,CS2,261830,destiny,Galorys,paiN,G,GaloryspaiN46291.5208333333,MAPS 1-2 Headshots,headshots,1,2,0,,0,2026-09-23T11:50:00.000-04:00,2026-09-26T12:30:00.000-04:00,13.5,2026-09-25T21:00:41+00:00,13.5,standard,2026-09-26T13:00:27+00:00,pre_game,,
prizepicks,15215040,cs2,CS2,338741,PKL,Galorys,,G,CS2_match_avZgCqXGXnWFOWFbmWt1Jjd1,MAP 3 Kills,kills,3,3,0,,1,2026-09-25T17:30:00.000-04:00,2026-09-25T19:00:00.000-04:00,12.5,2026-09-25T21:31:23+00:00,12.5,standard,2026-09-25T22:39:32+00:00,pre_game,,
prizepicks,15215045,cs2,CS2,338741,PKL,Galorys,,G,CS2_match_avZgCqXGXnWFOWFbmWt1Jjd1,MAP 3 Headshots,headshots,3,3,0,,1,2026-09-25T17:30:00.000-04:00,2026-09-25T19:00:00.000-04:00,7.0,2026-09-25T21:31:23+00:00,7.0,standard,2026-09-25T22:39:32+00:00,pre_game,,
prizepicks,15215041,cs2,CS2,338742,detr0ittJ,Galorys,,G,CS2_match_avZgCqXGXnWFOWFbmWt1Jjd1,MAP 3 Kills,kills,3,3,0,,1,2026-09-25T17:30:00.000-04:00,2026-09-25T19:00:00.000-04:00,14.0,2026-09-25T21:31:23+00:00,14.0,standard,2026-09-25T22:39:32+00:00,pre_game,,
prizepicks,15215042,cs2,CS2,261216,tomate,Galorys,,G,CS2_match_avZgCqXGXnWFOWFbmWt1Jjd1,MAP 3 Kills,kills,3,3,0,,1,2026-09-25T17:30:00.000-04:00,2026-09-25T19:00:00.000-04:00,15.5,2026-09-25T21:31:23+00:00,15.5,standard,2026-09-25T22:39:32+00:00,pre_game,,
prizepicks,15215047,cs2,CS2,261216,tomate,Galorys,,G,CS2_match_avZgCqXGXnWFOWFbmWt1Jjd1,MAP 3 Headshots,headshots,3,3,0,,1,2026-09-25T17:30:00.000-04:00,2026-09-25T19:00:00.000-04:00,8.0,2026-09-25T21:31:23+00:00,8.0,standard,2026-09-25T22:39:32+00:00,pre_game,,
prizepicks,15215043,cs2,CS2,261218,gbb,Galorys,,G,CS2_match_avZgCqXGXnWFOWFbmWt1Jjd1,MAP 3 Kills,kills,3,3,0,,1,2026-09-25T17:30:00.000-04:00,2026-09-25T19:00:00.000-04:00,15.5,2026-09-25T21:31:23+00:00,15.5,standard,2026-09-25T22:39:32+00:00,pre_game,,
prizepicks,15215048,cs2,CS2,261218,gbb,Galorys,,G,CS2_match_avZgCqXGXnWFOWFbmWt1Jjd1,MAP 3 Headshots,headshots,3,3,0,,1,2026-09-25T17:30:00.000-04:00,2026-09-25T19:00:00.000-04:00,7.5,2026-09-25T21:31:23+00:00,7.5,standard,2026-09-25T22:39:32+00:00,pre_game,,
prizepicks,15215044,cs2,CS2,261220,destiny,Galorys,,G,CS2_match_avZgCqXGXnWFOWFbmWt1Jjd1,MAP 3 Kills,kills,3,3,0,,1,2026-09-25T17:30:00.000-04:00,2026-09-25T19:00:00.000-04:00,14.5,2026-09-25T21:31:23+00:00,14.5,standard,2026-09-25T22:39:32+00:00,pre_game,,
prizepicks,15215049,cs2,CS2,261220,destiny,Galorys,,G,CS2_match_avZgCqXGXnWFOWFbmWt1Jjd1,MAP 3 Headshots,headshots,3,3,0,,1,2026-09-25T17:30:00.000-04:00,2026-09-25T19:00:00.000-04:00,7.0,2026-09-25T21:31:23+00:00,7.0,standard,2026-09-25T22:39:32+00:00,pre_game,,
prizepicks,15215529,cs2,CS2,326344,bnc,ALKA,MEIA NOITE,G,CS2_match_Ldp1rAFF9qpVTAbnwCJRJnJ,MAP 3 Kills,kills,3,3,0,,1,2026-09-25T17:30:00.000-04:00,2026-09-25T19:10:00.000-04:00,14.5,2026-09-25T21:31:23+00:00,14.5,standard,2026-09-25T23:09:40+00:00,pre_game,,
prizepicks,15215537,cs2,CS2,326344,bnc,ALKA,MEIA NOITE,G,CS2_match_Ldp1rAFF9qpVTAbnwCJRJnJ,MAP 3 Headshots,headshots,3,3,0,,1,2026-09-25T17:30:00.000-04:00,2026-09-25T19:10:00.000-04:00,7.5,2026-09-25T21:31:23+00:00,7.5,standard,2026-09-25T23:09:40+00:00,pre_game,,
prizepicks,15215530,cs2,CS2,339307,cerolzin,ALKA,MEIA NOITE,G,CS2_match_Ldp1rAFF9qpVTAbnwCJRJnJ,MAP 3 Kills,kills,3,3,0,,1,2026-09-25T17:30:00.000-04:00,2026-09-25T19:10:00.000-04:00,14.5,2026-09-25T21:31:23+00:00,14.5,standard,2026-09-25T23:09:40+00:00,pre_game,,
prizepicks,15215538,cs2,CS2,339307,cerolzin,ALKA,MEIA NOITE,G,CS2_match_Ldp1rAFF9qpVTAbnwCJRJnJ,MAP 3 Headshots,headshots,3,3,0,,1,2026-09-25T17:30:00.000-04:00,2026-09-25T19:10:00.000-04:00,7.5,2026-09-25T21:31:23+00:00,7.5,standard,2026-09-25T23:09:40+00:00,pre_game,,
prizepicks,15215531,cs2,CS2,326345,puni,ALKA,MEIA NOITE,G,CS2_match_Ldp1rAFF9qpVTAbnwCJRJnJ,MAP 3 Kills,kills,3,3,0,,1,2026-09-25T17:30:00.000-04:00,2026-09-25T19:10:00.000-04:00,12.0,2026-09-25T21:31:23+00:00,12.0,standard,2026-09-25T23:09:40+00:00,pre_game,,
prizepicks,15215539,cs2,CS2,326345,puni,ALKA,MEIA NOITE,G,CS2_match_Ldp1rAFF9qpVTAbnwCJRJnJ,MAP 3 Headshots,headshots,3,3,0,,1,2026-09-25T17:30:00.000-04:00,2026-09-25T19:10:00.000-04:00,6.5,2026-09-25T21:31:23+00:00,6.5,standard,2026-09-25T23:09:40+00:00,pre_game,,
prizepicks,15215532,cs2,CS2,328618,vinaabEAST,ALKA,MEIA NOITE,G,CS2_match_Ldp1rAFF9qpVTAbnwCJRJnJ,MAP 3 Kills,kills,3,3,0,,1,2026-09-25T17:30:00.000-04:00,2026-09-25T19:10:00.000-04:00,15.0,2026-09-25T21:31:23+00:00,15.0,standard,2026-09-25T23:09:40+00:00,pre_game,,
prizepicks,15215540,cs2,CS2,328618,vinaabEAST,ALKA,MEIA NOITE,G,CS2_match_Ldp1rAFF9qpVTAbnwCJRJnJ,MAP 3 Headshots,headshots,3,3,0,,1,2026-09-25T17:30:00.000-04:00,2026-09-25T19:10:00.000-04:00,8.0,2026-09-25T21:31:23+00:00,8.0,standard,2026-09-25T23:09:40+00:00,pre_game,,
prizepicks,15215533,cs2,CS2,340734,abr,MEIA NOITE,ALKA,G,CS2_match_Ldp1rAFF9qpVTAbnwCJRJnJ,MAP 3 Kills,kills,3,3,0,,1,2026-09-25T17:30:00.000-04:00,2026-09-25T19:10:00.000-04:00,14.5,2026-09-25T21:31:23+00:00,14.5,standard,2026-09-25T23:09:40+00:00,pre_game,,
prizepicks,15215541,cs2,CS2,340734,abr,MEIA NOITE,ALKA,G,CS2_match_Ldp1rAFF9qpVTAbnwCJRJnJ,MAP 3 Headshots,headshots,3,3,0,,1,2026-09-25T17:30:00.000-04:00,2026-09-25T19:10:00.000-04:00,7.5,2026-09-25T21:31:23+00:00,7.5,standard,2026-09-25T23:09:40+00:00,pre_game,,
prizepicks,15215534,cs2,CS2,340736,nyezin,MEIA NOITE,ALKA,G,CS2_match_Ldp1rAFF9qpVTAbnwCJRJnJ,MAP 3 Kills,kills,3,3,0,,1,2026-09-25T17:30:00.000-04:00,2026-09-25T19:10:00.000-04:00,15.5,2026-09-25T21:31:23+00:00,15.5,standard,2026-09-25T23:09:40+00:00,pre_game,,
prizepicks,15215542,cs2,CS2,340736,nyezin,MEIA NOITE,ALKA,G,CS2_match_Ldp1rAFF9qpVTAbnwCJRJnJ,MAP 3 Headshots,headshots,3,3,0,,1,2026-09-25T17:30:00.000-04:00,2026-09-25T19:10:00.000-04:00,7.0,2026-09-25T21:31:23+00:00,7.0,standard,2026-09-25T23:09:40+00:00,pre_game,,
prizepicks,15215535,cs2,CS2,340735,bsd,MEIA NOITE,ALKA,G,CS2_match_Ldp1rAFF9qpVTAbnwCJRJnJ,MAP 3 Kills,kills,3,3,0,,1,2026-09-25T17:30:00.000-04:00,2026-09-25T19:10:00.000-04:00,14.5,2026-09-25T21:31:23+00:00,14.5,standard,2026-09-25T23:09:40+00:00,pre_game,,
prizepicks,15215543,cs2,CS2,340735,bsd,MEIA NOITE,ALKA,G,CS2_match_Ldp1rAFF9qpVTAbnwCJRJnJ,MAP 3 Headshots,headshots,3,3,0,,1,2026-09-25T17:30:00.000-04:00,2026-09-25T19:10:00.000-04:00,5.0,2026-09-25T21:31:23+00:00,5.0,standard,2026-09-25T23:09:40+00:00,pre_game,,
prizepicks,15215536,cs2,CS2,347609,Jerr1,MEIA NOITE,ALKA,G,CS2_match_Ldp1rAFF9qpVTAbnwCJRJnJ,MAP 3 Kills,kills,3,3,0,,1,2026-09-25T17:30:00.000-04:00,2026-09-25T19:10:00.000-04:00,13.0,2026-09-25T21:31:23+00:00,13.0,standard,2026-09-25T23:09:40+00:00,pre_game,,
prizepicks,15215544,cs2,CS2,347609,Jerr1,MEIA NOITE,ALKA,G,CS2_match_Ldp1rAFF9qpVTAbnwCJRJnJ,MAP 3 Headshots,headshots,3,3,0,,1,2026-09-25T17:30:00.000-04:00,2026-09-25T19:10:00.000-04:00,6.5,2026-09-25T21:31:23+00:00,6.5,standard,2026-09-25T23:09:40+00:00,pre_game,,
prizepicks,15229279,cs2,CS2,341625,autimatic,Without a Roof,F5,G,F5Without a Roof46290.9166666667,MAP 3 Kills,kills,3,3,0,,1,2026-09-25T18:00:00.000-04:00,2026-09-25T19:30:00.000-04:00,14.5,2026-09-25T22:01:13+00:00,14.5,standard,2026-09-25T22:53:44+00:00,pre_game,,
prizepicks,15229280,cs2,CS2,341626,Brehze,Without a Roof,F5,G,F5Without a Roof46290.9166666667,MAP 3 Kills,kills,3,3,0,,1,2026-09-25T18:00:00.000-04:00,2026-09-25T19:30:00.000-04:00,16.0,2026-09-25T22:01:13+00:00,16.0,standard,2026-09-25T22:53:44+00:00,pre_game,,
prizepicks,15229281,cs2,CS2,341627,CeRq,Without a Roof,F5,G,F5Without a Roof46290.9166666667,MAP 3 Kills,kills,3,3,0,,1,2026-09-25T18:00:00.000-04:00,2026-09-25T19:30:00.000-04:00,15.5,2026-09-25T22:01:13+00:00,15.5,standard,2026-09-25T22:53:44+00:00,pre_game,,
prizepicks,15229282,cs2,CS2,341628,FaNg,Without a Roof,F5,G,F5Without a Roof46290.9166666667,MAP 3 Kills,kills,3,3,0,,1,2026-09-25T18:00:00.000-04:00,2026-09-25T19:30:00.000-04:00,14.0,2026-09-25T22:01:13+00:00,14.0,standard,2026-09-25T22:53:44+00:00,pre_game,,
prizepicks,15229283,cs2,CS2,341629,Stewie2K,Without a Roof,F5,G,F5Without a Roof46290.9166666667,MAP 3 Kills,kills,3,3,0,,1,2026-09-25T18:00:00.000-04:00,2026-09-25T19:30:00.000-04:00,13.5,2026-09-25T22:01:13+00:00,13.5,standard,2026-09-25T22:53:44+00:00,pre_game,,
prizepicks,15229284,cs2,CS2,341625,autimatic,Without a Roof,F5,G,F5Without a Roof46290.9166666667,MAP 3 Headshots,headshots,3,3,0,,1,2026-09-25T18:00:00.000-04:00,2026-09-25T19:30:00.000-04:00,7.5,2026-09-25T22:01:13+00:00,7.5,standard,2026-09-25T22:53:44+00:00,pre_game,,
prizepicks,15229285,cs2,CS2,341626,Brehze,Without a Roof,F5,G,F5Without a Roof46290.9166666667,MAP 3 Headshots,headshots,3,3,0,,1,2026-09-25T18:00:00.000-04:00,2026-09-25T19:30:00.000-04:00,10.5,2026-09-25T22:01:13+00:00,10.5,standard,2026-09-25T22:53:44+00:00,pre_game,,
prizepicks,15229286,cs2,CS2,341627,CeRq,Without a Roof,F5,G,F5Without a Roof46290.9166666667,MAP 3 Headshots,headshots,3,3,0,,1,2026-09-25T18:00:00.000-04:00,2026-09-25T19:30:00.000-04:00,5.0,2026-09-25T22:01:13+00:00,5.0,standard,2026-09-25T22:53:44+00:00,pre_game,,
prizepicks,15229287,cs2,CS2,341628,FaNg,Without a Roof,F5,G,F5Without a Roof46290.9166666667,MAP 3 Headshots,headshots,3,3,0,,1,2026-09-25T18:00:00.000-04:00,2026-09-25T19:30:00.000-04:00,8.5,2026-09-25T22:01:13+00:00,8.5,standard,2026-09-25T22:53:44+00:00,pre_game,,
prizepicks,15229288,cs2,CS2,341629,Stewie2K,Without a Roof,F5,G,F5Without a Roof46290.9166666667,MAP 3 Headshots,headshots,3,3,0,,1,2026-09-25T18:00:00.000-04:00,2026-09-25T19:30:00.000-04:00,7.5,2026-09-25T22:01:13+00:00,7.5,standard,2026-09-25T22:53:44+00:00,pre_game,,
prizepicks,15237748,dota,Dota2,230485,Ame,XG,GL,1,GLXG46291.125,MAPS 1-2 Kills,kills,1,2,0,,0,2026-09-25T17:57:46.000-04:00,2026-09-26T03:00:00.000-04:00,15.0,2026-09-25T22:02:38+00:00,15.0,standard,2026-09-26T05:05:41+00:00,pre_game,,
prizepicks,15237749,dota,Dota2,345233,Xm,XG,GL,2,GLXG46291.125,MAPS 1-2 Kills,kills,1,2,0,,0,2026-09-25T17:57:46.000-04:00,2026-09-26T03:00:00.000-04:00,13.5,2026-09-25T22:02:38+00:00,13.5,standard,2026-09-26T05:05:41+00:00,pre_game,,
prizepicks,15237750,dota,Dota2,345234,zeal,XG,GL,3,GLXG46291.125,MAPS 1-2 Kills,kills,1,2,0,,0,2026-09-25T17:57:46.000-04:00,2026-09-26T03:00:00.000-04:00,11.0,2026-09-25T22:02:38+00:00,9.5,standard,2026-09-26T05:05:41+00:00,pre_game,,
prizepicks,15237751,dota,Dota2,345235,XinQ,XG,GL,4,GLXG46291.125,MAPS 1-2 Kills,kills,1,2,0,,0,2026-09-25T17:57:46.000-04:00,2026-09-26T03:00:00.000-04:00,7.0,2026-09-25T22:02:38+00:00,7.0,standard,2026-09-26T05:05:41+00:00,pre_game,,
prizepicks,15237752,dota,Dota2,345236,BoBoKa,XG,GL,5,GLXG46291.125,MAPS 1-2 Kills,kills,1,2,0,,0,2026-09-25T17:57:46.000-04:00,2026-09-26T03:00:00.000-04:00,6.5,2026-09-25T22:02:38+00:00,6.5,standard,2026-09-26T05:05:41+00:00,pre_game,,
prizepicks,15237753,dota,Dota2,342092,Timado,GL,XG,1,GLXG46291.125,MAPS 1-2 Kills,kills,1,2,0,,0,2026-09-25T17:57:46.000-04:00,2026-09-26T03:00:00.000-04:00,13.5,2026-09-25T22:02:38+00:00,13.5,standard,2026-09-26T05:05:41+00:00,pre_game,,
prizepicks,15237754,dota,Dota2,222459,RCY,GL,XG,2,GLXG46291.125,MAPS 1-2 Kills,kills,1,2,0,,0,2026-09-25T17:57:46.000-04:00,2026-09-26T03:00:00.000-04:00,14.5,2026-09-25T22:02:38+00:00,14.5,standard,2026-09-26T05:05:41+00:00,pre_game,,
prizepicks,15237755,dota,Dota2,222460,Fayde,GL,XG,3,GLXG46291.125,MAPS 1-2 Kills,kills,1,2,0,,0,2026-09-25T17:57:46.000-04:00,2026-09-26T03:00:00.000-04:00,8.5,2026-09-25T22:02:38+00:00,8.0,standard,2026-09-26T05:05:41+00:00,pre_game,,
prizepicks,15237756,dota,Dota2,222461,Bignum,GL,XG,4,GLXG46291.125,MAPS 1-2 Kills,kills,1,2,0,,0,2026-09-25T17:57:46.000-04:00,2026-09-26T03:00:00.000-04:00,6.0,2026-09-25T22:02:38+00:00,6.0,standard,2026-09-26T05:05:41+00:00,pre_game,,
prizepicks,15237757,dota,Dota2,222462,Speeed,GL,XG,5,GLXG46291.125,MAPS 1-2 Kills,kills,1,2,0,,0,2026-09-25T17:57:46.000-04:00,2026-09-26T03:00:00.000-04:00,5.5,2026-09-25T22:02:38+00:00,5.5,standard,2026-09-26T05:05:41+00:00,pre_game,,
prizepicks,15197722,lol,LoL,263878,GaKGoS,FLY,SR,TOP,SRFLY46290.8333333333,MAP 5 Kills,kills,5,5,0,,1,2026-09-25T16:30:00.000-04:00,2026-09-25T19:20:00.000-04:00,2.5,2026-09-25T22:46:59+00:00,2.5,standard,2026-09-25T23:17:07+00:00,pre_game,,
prizepicks,15197723,lol,LoL,285806,Gryffinn,FLY,SR,JNG,SRFLY46290.8333333333,MAP 5 Kills,kills,5,5,0,,1,2026-09-25T16:30:00.000-04:00,2026-09-25T19:20:00.000-04:00,4.0,2026-09-25T22:46:59+00:00,4.0,standard,2026-09-25T23:17:07+00:00,pre_game,,
prizepicks,15197724,lol,LoL,199715,Quad,FLY,SR,MID,SRFLY46290.8333333333,MAP 5 Kills,kills,5,5,0,,1,2026-09-25T16:30:00.000-04:00,2026-09-25T19:20:00.000-04:00,3.5,2026-09-25T22:46:59+00:00,3.5,standard,2026-09-25T23:17:07+00:00,pre_game,,
prizepicks,15197725,lol,LoL,95512,Massu,FLY,SR,BOT,SRFLY46290.8333333333,MAP 5 Kills,kills,5,5,0,,1,2026-09-25T16:30:00.000-04:00,2026-09-25T19:20:00.000-04:00,5.5,2026-09-25T22:46:59+00:00,5.5,standard,2026-09-25T23:17:07+00:00,pre_game,,
prizepicks,15197726,lol,LoL,285821,Cryogen,FLY,SR,SUP,SRFLY46290.8333333333,MAP 5 Kills,kills,5,5,0,,1,2026-09-25T16:30:00.000-04:00,2026-09-25T19:20:00.000-04:00,0.5,2026-09-25T22:46:59+00:00,0.5,standard,2026-09-25T23:17:07+00:00,pre_game,,
prizepicks,15197727,lol,LoL,225986,Fudge,SR,FLY,TOP,SRFLY46290.8333333333,MAP 5 Kills,kills,5,5,0,,1,2026-09-25T16:30:00.000-04:00,2026-09-25T19:20:00.000-04:00,2.5,2026-09-25T22:46:59+00:00,2.5,standard,2026-09-25T23:17:07+00:00,pre_game,,
prizepicks,15197728,lol,LoL,225987,Contractz,SR,FLY,JNG,SRFLY46290.8333333333,MAP 5 Kills,kills,5,5,0,,1,2026-09-25T16:30:00.000-04:00,2026-09-25T19:20:00.000-04:00,2.5,2026-09-25T22:46:59+00:00,2.5,standard,2026-09-25T23:17:07+00:00,pre_game,,
prizepicks,15197729,lol,LoL,296138,Zinie,SR,FLY,MID,SRFLY46290.8333333333,MAP 5 Kills,kills,5,5,0,,1,2026-09-25T16:30:00.000-04:00,2026-09-25T19:20:00.000-04:00,2.5,2026-09-25T22:46:59+00:00,2.5,standard,2026-09-25T23:17:07+00:00,pre_game,,
prizepicks,15197730,lol,LoL,95225,Bvoy,SR,FLY,BOT,SRFLY46290.8333333333,MAP 5 Kills,kills,5,5,0,,1,2026-09-25T16:30:00.000-04:00,2026-09-25T19:20:00.000-04:00,3.5,2026-09-25T22:46:59+00:00,3.5,standard,2026-09-25T23:17:07+00:00,pre_game,,
prizepicks,15197731,lol,LoL,225989,Zeyzal,SR,FLY,SUP,SRFLY46290.8333333333,MAP 5 Kills,kills,5,5,0,,1,2026-09-25T16:30:00.000-04:00,2026-09-25T19:20:00.000-04:00,0.5,2026-09-25T22:46:59+00:00,0.5,standard,2026-09-25T23:17:07+00:00,pre_game,,
prizepicks,15242316,cs2,CS2,193011,maxster,EYEBALLERS,K27,G,K27EYEBALLERS46291.3333333333,MAPS 1-2 Kills,kills,1,2,0,,0,2026-09-01T08:00:00.000-04:00,2026-09-26T08:00:00.000-04:00,30.5,2026-09-26T00:37:42+00:00,30.5,standard,2026-09-26T11:29:44+00:00,pre_game,,
prizepicks,15242317,cs2,CS2,169325,JW,EYEBALLERS,K27,G,K27EYEBALLERS46291.3333333333,MAPS 1-2 Kills,kills,1,2,0,,0,2026-09-01T08:00:00.000-04:00,2026-09-26T08:00:00.000-04:00,27.5,2026-09-26T00:37:42+00:00,27.5,standard,2026-09-26T11:29:44+00:00,pre_game,,
prizepicks,15242318,cs2,CS2,238926,Ro1f,EYEBALLERS,K27,G,K27EYEBALLERS46291.3333333333,MAPS 1-2 Kills,kills,1,2,0,,0,2026-09-01T08:00:00.000-04:00,2026-09-26T08:00:00.000-04:00,26.5,2026-09-26T00:37:42+00:00,26.5,standard,2026-09-26T11:29:44+00:00,pre_game,,
prizepicks,15242319,cs2,CS2,211173,dex,EYEBALLERS,K27,G,K27EYEBALLERS46291.3333333333,MAPS 1-2 Kills,kills,1,2,0,,0,2026-09-01T08:00:00.000-04:00,2026-09-26T08:00:00.000-04:00,27.5,2026-09-26T00:37:42+00:00,27.5,standard,2026-09-26T11:29:44+00:00,pre_game,,
prizepicks,15242320,cs2,CS2,326233,KRIMZ,EYEBALLERS,K27,G,K27EYEBALLERS46291.3333333333,MAPS 1-2 Kills,kills,1,2,0,,0,2026-09-01T08:00:00.000-04:00,2026-09-26T08:00:00.000-04:00,28.5,2026-09-26T00:37:42+00:00,28.5,standard,2026-09-26T11:29:44+00:00,pre_game,,
prizepicks,15242321,cs2,CS2,213227,XeeDo,K27,EYEBALLERS,G,K27EYEBALLERS46291.3333333333,MAPS 1-2 Kills,kills,1,2,0,,0,2026-09-01T08:00:00.000-04:00,2026-09-26T08:00:00.000-04:00,32.0,2026-09-26T00:37:42+00:00,32.0,standard,2026-09-26T11:29:44+00:00,pre_game,,
prizepicks,15242322,cs2,CS2,222383,qw1nk1,K27,EYEBALLERS,G,K27EYEBALLERS46291.3333333333,MAPS 1-2 Kills,kills,1,2,0,,0,2026-09-01T08:00:00.000-04:00,2026-09-26T08:00:00.000-04:00,28.5,2026-09-26T00:37:42+00:00,28.5,standard,2026-09-26T11:29:44+00:00,pre_game,,
prizepicks,15242323,cs2,CS2,213226,kashl1d,K27,EYEBALLERS,G,K27EYEBALLERS46291.3333333333,MAPS 1-2 Kills,kills,1,2,0,,0,2026-09-01T08:00:00.000-04:00,2026-09-26T08:00:00.000-04:00,28.5,2026-09-26T00:37:42+00:00,28.5,standard,2026-09-26T11:29:44+00:00,pre_game,,
prizepicks,15242324,cs2,CS2,253321,X5G7V,K27,EYEBALLERS,G,K27EYEBALLERS46291.3333333333,MAPS 1-2 Kills,kills,1,2,0,,0,2026-09-01T08:00:00.000-04:00,2026-09-26T08:00:00.000-04:00,28.5,2026-09-26T00:37:42+00:00,28.5,standard,2026-09-26T11:29:44+00:00,pre_game,,
prizepicks,15242325,cs2,CS2,329416,clax,K27,EYEBALLERS,G,K27EYEBALLERS46291.3333333333,MAPS 1-2 Kills,kills,1,2,0,,0,2026-09-01T08:00:00.000-04:00,2026-09-26T08:00:00.000-04:00,29.5,2026-09-26T00:37:42+00:00,29.5,standard,2026-09-26T11:29:44+00:00,pre_game,,
prizepicks,15242326,cs2,CS2,193011,maxster,EYEBALLERS,K27,G,K27EYEBALLERS46291.3333333333,MAPS 1-2 Headshots,headshots,1,2,0,,0,2026-09-01T08:00:00.000-04:00,2026-09-26T08:00:00.000-04:00,18.5,2026-09-26T00:37:42+00:00,18.5,standard,2026-09-26T11:29:44+00:00,pre_game,,
prizepicks,15242327,cs2,CS2,169325,JW,EYEBALLERS,K27,G,K27EYEBALLERS46291.3333333333,MAPS 1-2 Headshots,headshots,1,2,0,,0,2026-09-01T08:00:00.000-04:00,2026-09-26T08:00:00.000-04:00,9.5,2026-09-26T00:37:42+00:00,9.5,standard,2026-09-26T11:29:44+00:00,pre_game,,
prizepicks,15242328,cs2,CS2,238926,Ro1f,EYEBALLERS,K27,G,K27EYEBALLERS46291.3333333333,MAPS 1-2 Headshots,headshots,1,2,0,,0,2026-09-01T08:00:00.000-04:00,2026-09-26T08:00:00.000-04:00,15.5,2026-09-26T00:37:42+00:00,15.5,standard,2026-09-26T11:29:44+00:00,pre_game,,
prizepicks,15242329,cs2,CS2,211173,dex,EYEBALLERS,K27,G,K27EYEBALLERS46291.3333333333,MAPS 1-2 Headshots,headshots,1,2,0,,0,2026-09-01T08:00:00.000-04:00,2026-09-26T08:00:00.000-04:00,14.5,2026-09-26T00:37:42+00:00,14.5,standard,2026-09-26T11:29:44+00:00,pre_game,,
prizepicks,15242330,cs2,CS2,326233,KRIMZ,EYEBALLERS,K27,G,K27EYEBALLERS46291.3333333333,MAPS 1-2 Headshots,headshots,1,2,0,,0,2026-09-01T08:00:00.000-04:00,2026-09-26T08:00:00.000-04:00,13.5,2026-09-26T00:37:42+00:00,13.5,standard,2026-09-26T11:29:44+00:00,pre_game,,
prizepicks,15242331,cs2,CS2,213227,XeeDo,K27,EYEBALLERS,G,K27EYEBALLERS46291.3333333333,MAPS 1-2 Headshots,headshots,1,2,0,,0,2026-09-01T08:00:00.000-04:00,2026-09-26T08:00:00.000-04:00,18.5,2026-09-26T00:37:42+00:00,17.5,standard,2026-09-26T11:29:44+00:00,pre_game,,
prizepicks,15242332,cs2,CS2,222383,qw1nk1,K27,EYEBALLERS,G,K27EYEBALLERS46291.3333333333,MAPS 1-2 Headshots,headshots,1,2,0,,0,2026-09-01T08:00:00.000-04:00,2026-09-26T08:00:00.000-04:00,17.0,2026-09-26T00:37:42+00:00,17.0,standard,2026-09-26T11:29:44+00:00,pre_game,,
prizepicks,15242333,cs2,CS2,213226,kashl1d,K27,EYEBALLERS,G,K27EYEBALLERS46291.3333333333,MAPS 1-2 Headshots,headshots,1,2,0,,0,2026-09-01T08:00:00.000-04:00,2026-09-26T08:00:00.000-04:00,9.5,2026-09-26T00:37:42+00:00,9.5,standard,2026-09-26T11:29:44+00:00,pre_game,,
prizepicks,15242334,cs2,CS2,253321,X5G7V,K27,EYEBALLERS,G,K27EYEBALLERS46291.3333333333,MAPS 1-2 Headshots,headshots,1,2,0,,0,2026-09-01T08:00:00.000-04:00,2026-09-26T08:00:00.000-04:00,15.5,2026-09-26T00:37:42+00:00,15.5,standard,2026-09-26T11:29:44+00:00,pre_game,,
prizepicks,15242335,cs2,CS2,329416,clax,K27,EYEBALLERS,G,K27EYEBALLERS46291.3333333333,MAPS 1-2 Headshots,headshots,1,2,0,,0,2026-09-01T08:00:00.000-04:00,2026-09-26T08:00:00.000-04:00,17.0,2026-09-26T00:37:42+00:00,17.0,standard,2026-09-26T11:29:44+00:00,pre_game,,
prizepicks,15242336,cs2,CS2,296305,MaSvAl,magic,GamerLegion,G,GamerLegionmagic46291.5833333333,MAPS 1-2 Kills,kills,1,2,0,,0,2026-09-02T14:00:00.000-04:00,2026-09-26T14:00:00.000-04:00,27.0,2026-09-26T00:37:42+00:00,27.0,standard,2026-09-26T13:00:27+00:00,pre_game,,
prizepicks,15242337,cs2,CS2,296308,sFade8,magic,GamerLegion,G,GamerLegionmagic46291.5833333333,MAPS 1-2 Kills,kills,1,2,0,,0,2026-09-02T14:00:00.000-04:00,2026-09-26T14:00:00.000-04:00,26.0,2026-09-26T00:37:42+00:00,26.0,standard,2026-09-26T13:00:27+00:00,pre_game,,
prizepicks,15242338,cs2,CS2,296307,AW,magic,GamerLegion,G,GamerLegionmagic46291.5833333333,MAPS 1-2 Kills,kills,1,2,0,,0,2026-09-02T14:00:00.000-04:00,2026-09-26T14:00:00.000-04:00,29.5,2026-09-26T00:37:42+00:00,28.5,standard,2026-09-26T13:00:27+00:00,pre_game,,
prizepicks,15242339,cs2,CS2,296304,tENZY,magic,GamerLegion,G,GamerLegionmagic46291.5833333333,MAPS 1-2 Kills,kills,1,2,0,,0,2026-09-02T14:00:00.000-04:00,2026-09-26T14:00:00.000-04:00,31.0,2026-09-26T00:37:42+00:00,31.0,standard,2026-09-26T13:00:27+00:00,pre_game,,
prizepicks,15242340,cs2,CS2,310976,mo0n,magic,GamerLegion,G,GamerLegionmagic46291.5833333333,MAPS 1-2 Kills,kills,1,2,0,,0,2026-09-02T14:00:00.000-04:00,2026-09-26T14:00:00.000-04:00,29.5,2026-09-26T00:37:42+00:00,30.0,standard,2026-09-26T13:00:27+00:00,pre_game,,
prizepicks,15242341,cs2,CS2,329405,FL4MUS,GamerLegion,magic,G,GamerLegionmagic46291.5833333333,MAPS 1-2 Kills,kills,1,2,0,,0,2026-09-01T14:00:00.000-04:00,2026-09-26T14:00:00.000-04:00,32.5,2026-09-26T00:37:42+00:00,32.5,standard,2026-09-26T13:00:27+00:00,pre_game,,
prizepicks,15242342,cs2,CS2,214510,Tauson,GamerLegion,magic,G,GamerLegionmagic46291.5833333333,MAPS 1-2 Kills,kills,1,2,0,,0,2026-09-01T14:00:00.000-04:00,2026-09-26T14:00:00.000-04:00,28.0,2026-09-26T00:37:42+00:00,28.0,standard,2026-09-26T13:00:27+00:00,pre_game,,
prizepicks,15242343,cs2,CS2,224977,REZ,GamerLegion,magic,G,GamerLegionmagic46291.5833333333,MAPS 1-2 Kills,kills,1,2,0,,0,2026-09-01T14:00:00.000-04:00,2026-09-26T14:00:00.000-04:00,31.5,2026-09-26T00:37:42+00:00,31.5,standard,2026-09-26T13:00:27+00:00,pre_game,,
prizepicks,15242344,cs2,CS2,265914,hypex,GamerLegion,magic,G,GamerLegionmagic46291.5833333333,MAPS 1-2 Kills,kills,1,2,0,,0,2026-09-01T14:00:00.000-04:00,2026-09-26T14:00:00.000-04:00,28.0,2026-09-26T00:37:42+00:00,28.0,standard,2026-09-26T13:00:27+00:00,pre_game,,
prizepicks,15242345,cs2,CS2,290157,Snax,GamerLegion,magic,G,GamerLegionmagic46291.5833333333,MAPS 1-2 Kills,kills,1,2,0,,0,2026-09-01T14:00:00.000-04:00,2026-09-26T14:00:00.000-04:00,25.5,2026-09-26T00:37:42+00:00,25.5,standard,2026-09-26T13:00:27+00:00,pre_game,,
prizepicks,15242346,cs2,CS2,296305,MaSvAl,magic,GamerLegion,G,GamerLegionmagic46291.5833333333,MAPS 1-2 Headshots,headshots,1,2,0,,0,2026-09-02T14:00:00.000-04:00,2026-09-26T14:00:00.000-04:00,16.5,2026-09-26T00:37:42+00:00,16.5,standard,2026-09-26T13:00:27+00:00,pre_game,,
prizepicks,15242347,cs2,CS2,296308,sFade8,magic,GamerLegion,G,GamerLegionmagic46291.5833333333,MAPS 1-2 Headshots,headshots,1,2,0,,0,2026-09-02T14:00:00.000-04:00,2026-09-26T14:00:00.000-04:00,16.0,2026-09-26T00:37:42+00:00,15.5,standard,2026-09-26T13:00:27+00:00,pre_game,,
prizepicks,15242348,cs2,CS2,296307,AW,magic,GamerLegion,G,GamerLegionmagic46291.5833333333,MAPS 1-2 Headshots,headshots,1,2,0,,0,2026-09-02T14:00:00.000-04:00,2026-09-26T14:00:00.000-04:00,17.5,2026-09-26T00:37:42+00:00,16.5,standard,2026-09-26T13:00:27+00:00,pre_game,,
prizepicks,15242349,cs2,CS2,296304,tENZY,magic,GamerLegion,G,GamerLegionmagic46291.5833333333,MAPS 1-2 Headshots,headshots,1,2,0,,0,2026-09-02T14:00:00.000-04:00,2026-09-26T14:00:00.000-04:00,19.5,2026-09-26T00:37:42+00:00,19.5,standard,2026-09-26T13:00:27+00:00,pre_game,,
prizepicks,15242350,cs2,CS2,310976,mo0n,magic,GamerLegion,G,GamerLegionmagic46291.5833333333,MAPS 1-2 Headshots,headshots,1,2,0,,0,2026-09-02T14:00:00.000-04:00,2026-09-26T14:00:00.000-04:00,11.5,2026-09-26T00:37:42+00:00,11.5,standard,2026-09-26T13:00:27+00:00,pre_game,,
prizepicks,15242351,cs2,CS2,329405,FL4MUS,GamerLegion,magic,G,GamerLegionmagic46291.5833333333,MAPS 1-2 Headshots,headshots,1,2,0,,0,2026-09-01T14:00:00.000-04:00,2026-09-26T14:00:00.000-04:00,18.5,2026-09-26T00:37:42+00:00,18.5,standard,2026-09-26T13:00:27+00:00,pre_game,,
prizepicks,15242352,cs2,CS2,214510,Tauson,GamerLegion,magic,G,GamerLegionmagic46291.5833333333,MAPS 1-2 Headshots,headshots,1,2,0,,0,2026-09-01T14:00:00.000-04:00,2026-09-26T14:00:00.000-04:00,14.5,2026-09-26T00:37:42+00:00,14.5,standard,2026-09-26T13:00:27+00:00,pre_game,,
prizepicks,15242354,cs2,CS2,265914,hypex,GamerLegion,magic,G,GamerLegionmagic46291.5833333333,MAPS 1-2 Headshots,headshots,1,2,0,,0,2026-09-01T14:00:00.000-04:00,2026-09-26T14:00:00.000-04:00,10.0,2026-09-26T00:37:42+00:00,10.0,standard,2026-09-26T13:00:27+00:00,pre_game,,
prizepicks,15242355,cs2,CS2,290157,Snax,GamerLegion,magic,G,GamerLegionmagic46291.5833333333,MAPS 1-2 Headshots,headshots,1,2,0,,0,2026-09-01T14:00:00.000-04:00,2026-09-26T14:00:00.000-04:00,11.5,2026-09-26T00:37:42+00:00,11.5,standard,2026-09-26T13:00:27+00:00,pre_game,,
prizepicks,15243117,cs2,CS2,294793,mag1k3Y,Nemesis,Sashi,G,SashiNemesis46291.3333333333,MAPS 1-2 Kills,kills,1,2,0,,0,2026-09-01T08:00:00.000-04:00,2026-09-26T08:00:00.000-04:00,30.5,2026-09-26T00:45:33+00:00,30.0,standard,2026-09-26T11:29:44+00:00,pre_game,,
prizepicks,15243118,cs2,CS2,294794,Sdaim,Nemesis,Sashi,G,SashiNemesis46291.3333333333,MAPS 1-2 Kills,kills,1,2,0,,0,2026-09-01T08:00:00.000-04:00,2026-09-26T08:00:00.000-04:00,29.5,2026-09-26T00:45:33+00:00,30.5,standard,2026-09-26T11:29:44+00:00,pre_game,,
prizepicks,15243119,cs2,CS2,294796,tex1y,Nemesis,Sashi,G,SashiNemesis46291.3333333333,MAPS 1-2 Kills,kills,1,2,0,,0,2026-09-01T08:00:00.000-04:00,2026-09-26T08:00:00.000-04:00,29.5,2026-09-26T00:45:33+00:00,29.5,standard,2026-09-26T11:29:44+00:00,pre_game,,
prizepicks,15243120,cs2,CS2,294797,SELLTER,Nemesis,Sashi,G,SashiNemesis46291.3333333333,MAPS 1-2 Kills,kills,1,2,0,,0,2026-09-01T08:00:00.000-04:00,2026-09-26T08:00:00.000-04:00,26.5,2026-09-26T00:45:33+00:00,26.5,standard,2026-09-26T11:29:44+00:00,pre_game,,
prizepicks,15243121,cs2,CS2,304328,r3salt,Nemesis,Sashi,G,SashiNemesis46291.3333333333,MAPS 1-2 Kills,kills,1,2,0,,0,2026-09-01T08:00:00.000-04:00,2026-09-26T08:00:00.000-04:00,30.5,2026-09-26T00:45:33+00:00,30.5,standard,2026-09-26T11:29:44+00:00,pre_game,,
prizepicks,15243122,cs2,CS2,330458,Anlelele,Sashi,Nemesis,G,SashiNemesis46291.3333333333,MAPS 1-2 Kills,kills,1,2,0,,0,2026-09-01T08:00:00.000-04:00,2026-09-26T08:00:00.000-04:00,26.0,2026-09-26T00:45:33+00:00,26.0,standard,2026-09-26T11:29:44+00:00,pre_game,,
prizepicks,15243123,cs2,CS2,194376,Cabbi,Sashi,Nemesis,G,SashiNemesis46291.3333333333,MAPS 1-2 Kills,kills,1,2,0,,0,2026-09-01T08:00:00.000-04:00,2026-09-26T08:00:00.000-04:00,25.5,2026-09-26T00:45:33+00:00,25.5,standard,2026-09-26T11:29:44+00:00,pre_game,,
prizepicks,15243124,cs2,CS2,292827,acoR,Sashi,Nemesis,G,SashiNemesis46291.3333333333,MAPS 1-2 Kills,kills,1,2,0,,0,2026-09-01T08:00:00.000-04:00,2026-09-26T08:00:00.000-04:00,29.5,2026-09-26T00:45:33+00:00,29.5,standard,2026-09-26T11:29:44+00:00,pre_game,,
prizepicks,15243125,cs2,CS2,194380,MistR,Sashi,Nemesis,G,SashiNemesis46291.3333333333,MAPS 1-2 Kills,kills,1,2,0,,0,2026-09-01T08:00:00.000-04:00,2026-09-26T08:00:00.000-04:00,26.5,2026-09-26T00:45:33+00:00,26.5,standard,2026-09-26T11:29:44+00:00,pre_game,,
prizepicks,15243126,cs2,CS2,167023,Zyphon,Sashi,Nemesis,G,SashiNemesis46291.3333333333,MAPS 1-2 Kills,kills,1,2,0,,0,2026-09-01T08:00:00.000-04:00,2026-09-26T08:00:00.000-04:00,29.0,2026-09-26T00:45:33+00:00,29.0,standard,2026-09-26T11:29:44+00:00,pre_game,,
prizepicks,15243127,cs2,CS2,294793,mag1k3Y,Nemesis,Sashi,G,SashiNemesis46291.3333333333,MAPS 1-2 Headshots,headshots,1,2,0,,0,2026-09-01T08:00:00.000-04:00,2026-09-26T08:00:00.000-04:00,10.5,2026-09-26T00:45:33+00:00,10.5,standard,2026-09-26T11:29:44+00:00,pre_game,,
prizepicks,15243128,cs2,CS2,294794,Sdaim,Nemesis,Sashi,G,SashiNemesis46291.3333333333,MAPS 1-2 Headshots,headshots,1,2,0,,0,2026-09-01T08:00:00.000-04:00,2026-09-26T08:00:00.000-04:00,17.0,2026-09-26T00:45:33+00:00,17.5,standard,2026-09-26T11:29:44+00:00,pre_game,,
prizepicks,15243129,cs2,CS2,294796,tex1y,Nemesis,Sashi,G,SashiNemesis46291.3333333333,MAPS 1-2 Headshots,headshots,1,2,0,,0,2026-09-01T08:00:00.000-04:00,2026-09-26T08:00:00.000-04:00,17.5,2026-09-26T00:45:33+00:00,17.5,standard,2026-09-26T11:29:44+00:00,pre_game,,
prizepicks,15243130,cs2,CS2,294797,SELLTER,Nemesis,Sashi,G,SashiNemesis46291.3333333333,MAPS 1-2 Headshots,headshots,1,2,0,,0,2026-09-01T08:00:00.000-04:00,2026-09-26T08:00:00.000-04:00,14.5,2026-09-26T00:45:33+00:00,14.5,standard,2026-09-26T11:29:44+00:00,pre_game,,
prizepicks,15243131,cs2,CS2,304328,r3salt,Nemesis,Sashi,G,SashiNemesis46291.3333333333,MAPS 1-2 Headshots,headshots,1,2,0,,0,2026-09-01T08:00:00.000-04:00,2026-09-26T08:00:00.000-04:00,17.0,2026-09-26T00:45:33+00:00,17.0,standard,2026-09-26T11:29:44+00:00,pre_game,,
prizepicks,15243132,cs2,CS2,330458,Anlelele,Sashi,Nemesis,G,SashiNemesis46291.3333333333,MAPS 1-2 Headshots,headshots,1,2,0,,0,2026-09-01T08:00:00.000-04:00,2026-09-26T08:00:00.000-04:00,12.5,2026-09-26T00:45:33+00:00,12.5,standard,2026-09-26T11:29:44+00:00,pre_game,,
prizepicks,15243133,cs2,CS2,194376,Cabbi,Sashi,Nemesis,G,SashiNemesis46291.3333333333,MAPS 1-2 Headshots,headshots,1,2,0,,0,2026-09-01T08:00:00.000-04:00,2026-09-26T08:00:00.000-04:00,14.5,2026-09-26T00:45:33+00:00,14.5,standard,2026-09-26T11:29:44+00:00,pre_game,,
prizepicks,15243134,cs2,CS2,292827,acoR,Sashi,Nemesis,G,SashiNemesis46291.3333333333,MAPS 1-2 Headshots,headshots,1,2,0,,0,2026-09-01T08:00:00.000-04:00,2026-09-26T08:00:00.000-04:00,9.5,2026-09-26T00:45:33+00:00,9.5,standard,2026-09-26T11:29:44+00:00,pre_game,,
prizepicks,15243135,cs2,CS2,194380,MistR,Sashi,Nemesis,G,SashiNemesis46291.3333333333,MAPS 1-2 Headshots,headshots,1,2,0,,0,2026-09-01T08:00:00.000-04:00,2026-09-26T08:00:00.000-04:00,14.5,2026-09-26T00:45:33+00:00,14.5,standard,2026-09-26T11:29:44+00:00,pre_game,,
prizepicks,15243136,cs2,CS2,167023,Zyphon,Sashi,Nemesis,G,SashiNemesis46291.3333333333,MAPS 1-2 Headshots,headshots,1,2,0,,0,2026-09-01T08:00:00.000-04:00,2026-09-26T08:00:00.000-04:00,17.0,2026-09-26T00:45:33+00:00,17.0,standard,2026-09-26T11:29:44+00:00,pre_game,,
prizepicks,15243137,cs2,CS2,213227,XeeDo,K27,ex-RUBY,G,ex-RUBYK2746291.5625,MAPS 1-2 Kills,kills,1,2,0,,0,2026-09-01T13:30:00.000-04:00,2026-09-26T13:30:00.000-04:00,32.0,2026-09-26T00:45:33+00:00,32.0,standard,2026-09-26T13:00:27+00:00,pre_game,,
prizepicks,15243138,cs2,CS2,222383,qw1nk1,K27,ex-RUBY,G,ex-RUBYK2746291.5625,MAPS 1-2 Kills,kills,1,2,0,,0,2026-09-01T13:30:00.000-04:00,2026-09-26T13:30:00.000-04:00,28.5,2026-09-26T00:45:33+00:00,28.5,standard,2026-09-26T13:00:27+00:00,pre_game,,
prizepicks,15243139,cs2,CS2,213226,kashl1d,K27,ex-RUBY,G,ex-RUBYK2746291.5625,MAPS 1-2 Kills,kills,1,2,0,,0,2026-09-01T13:30:00.000-04:00,2026-09-26T13:30:00.000-04:00,28.5,2026-09-26T00:45:33+00:00,28.5,standard,2026-09-26T13:00:27+00:00,pre_game,,
prizepicks,15243140,cs2,CS2,253321,X5G7V,K27,ex-RUBY,G,ex-RUBYK2746291.5625,MAPS 1-2 Kills,kills,1,2,0,,0,2026-09-01T13:30:00.000-04:00,2026-09-26T13:30:00.000-04:00,28.5,2026-09-26T00:45:33+00:00,28.5,standard,2026-09-26T13:00:27+00:00,pre_game,,
prizepicks,15243141,cs2,CS2,329416,clax,K27,ex-RUBY,G,ex-RUBYK2746291.5625,MAPS 1-2 Kills,kills,1,2,0,,0,2026-09-01T13:30:00.000-04:00,2026-09-26T13:30:00.000-04:00,29.5,2026-09-26T00:45:33+00:00,29.5,standard,2026-09-26T13:00:27+00:00,pre_game,,
prizepicks,15243142,cs2,CS2,280578,sh1nejezzz,ex-RUBY,K27,G,ex-RUBYK2746291.5625,MAPS 1-2 Kills,kills,1,2,0,,0,2026-09-01T13:30:00.000-04:00,2026-09-26T13:30:00.000-04:00,28.5,2026-09-26T00:45:33+00:00,28.5,standard,2026-09-26T13:00:27+00:00,pre_game,,
prizepicks,15243143,cs2,CS2,347408,z1k4,ex-RUBY,K27,G,ex-RUBYK2746291.5625,MAPS 1-2 Kills,kills,1,2,0,,0,2026-09-01T13:30:00.000-04:00,2026-09-26T13:30:00.000-04:00,28.5,2026-09-26T00:45:33+00:00,28.5,standard,2026-09-26T13:00:27+00:00,pre_game,,
prizepicks,15243144,cs2,CS2,347409,H4SAN4TOR,ex-RUBY,K27,G,ex-RUBYK2746291.5625,MAPS 1-2 Kills,kills,1,2,0,,0,2026-09-01T13:30:00.000-04:00,2026-09-26T13:30:00.000-04:00,29.5,2026-09-26T00:45:33+00:00,29.5,standard,2026-09-26T13:00:27+00:00,pre_game,,
prizepicks,15243145,cs2,CS2,329642,1eeR,ex-RUBY,K27,G,ex-RUBYK2746291.5625,MAPS 1-2 Kills,kills,1,2,0,,0,2026-09-01T13:30:00.000-04:00,2026-09-26T13:30:00.000-04:00,24.5,2026-09-26T00:45:33+00:00,24.5,standard,2026-09-26T13:00:27+00:00,pre_game,,
prizepicks,15243146,cs2,CS2,337550,sowalio,ex-RUBY,K27,G,ex-RUBYK2746291.5625,MAPS 1-2 Kills,kills,1,2,0,,0,2026-09-01T13:30:00.000-04:00,2026-09-26T13:30:00.000-04:00,27.5,2026-09-26T00:45:33+00:00,27.5,standard,2026-09-26T13:00:27+00:00,pre_game,,
prizepicks,15243147,cs2,CS2,213227,XeeDo,K27,ex-RUBY,G,ex-RUBYK2746291.5625,MAPS 1-2 Headshots,headshots,1,2,0,,0,2026-09-01T13:30:00.000-04:00,2026-09-26T13:30:00.000-04:00,18.5,2026-09-26T00:45:33+00:00,18.5,standard,2026-09-26T13:00:27+00:00,pre_game,,
prizepicks,15243148,cs2,CS2,222383,qw1nk1,K27,ex-RUBY,G,ex-RUBYK2746291.5625,MAPS 1-2 Headshots,headshots,1,2,0,,0,2026-09-01T13:30:00.000-04:00,2026-09-26T13:30:00.000-04:00,17.0,2026-09-26T00:45:33+00:00,17.0,standard,2026-09-26T13:00:27+00:00,pre_game,,
prizepicks,15243149,cs2,CS2,213226,kashl1d,K27,ex-RUBY,G,ex-RUBYK2746291.5625,MAPS 1-2 Headshots,headshots,1,2,0,,0,2026-09-01T13:30:00.000-04:00,2026-09-26T13:30:00.000-04:00,9.5,2026-09-26T00:45:33+00:00,9.5,standard,2026-09-26T13:00:27+00:00,pre_game,,
prizepicks,15243150,cs2,CS2,253321,X5G7V,K27,ex-RUBY,G,ex-RUBYK2746291.5625,MAPS 1-2 Headshots,headshots,1,2,0,,0,2026-09-01T13:30:00.000-04:00,2026-09-26T13:30:00.000-04:00,15.5,2026-09-26T00:45:33+00:00,15.5,standard,2026-09-26T13:00:27+00:00,pre_game,,
prizepicks,15243151,cs2,CS2,329416,clax,K27,ex-RUBY,G,ex-RUBYK2746291.5625,MAPS 1-2 Headshots,headshots,1,2,0,,0,2026-09-01T13:30:00.000-04:00,2026-09-26T13:30:00.000-04:00,17.0,2026-09-26T00:45:33+00:00,17.0,standard,2026-09-26T13:00:27+00:00,pre_game,,
prizepicks,15243152,cs2,CS2,280578,sh1nejezzz,ex-RUBY,K27,G,ex-RUBYK2746291.5625,MAPS 1-2 Headshots,headshots,1,2,0,,0,2026-09-01T13:30:00.000-04:00,2026-09-26T13:30:00.000-04:00,16.5,2026-09-26T00:45:33+00:00,16.5,standard,2026-09-26T13:00:27+00:00,pre_game,,
prizepicks,15243153,cs2,CS2,347408,z1k4,ex-RUBY,K27,G,ex-RUBYK2746291.5625,MAPS 1-2 Headshots,headshots,1,2,0,,0,2026-09-01T13:30:00.000-04:00,2026-09-26T13:30:00.000-04:00,9.0,2026-09-26T00:45:33+00:00,9.0,standard,2026-09-26T13:00:27+00:00,pre_game,,
prizepicks,15243154,cs2,CS2,347409,H4SAN4TOR,ex-RUBY,K27,G,ex-RUBYK2746291.5625,MAPS 1-2 Headshots,headshots,1,2,0,,0,2026-09-01T13:30:00.000-04:00,2026-09-26T13:30:00.000-04:00,15.0,2026-09-26T00:45:33+00:00,15.0,standard,2026-09-26T13:00:27+00:00,pre_game,,
prizepicks,15243155,cs2,CS2,329642,1eeR,ex-RUBY,K27,G,ex-RUBYK2746291.5625,MAPS 1-2 Headshots,headshots,1,2,0,,0,2026-09-01T13:30:00.000-04:00,2026-09-26T13:30:00.000-04:00,12.0,2026-09-26T00:45:33+00:00,12.0,standard,2026-09-26T13:00:27+00:00,pre_game,,
prizepicks,15243156,cs2,CS2,337550,sowalio,ex-RUBY,K27,G,ex-RUBYK2746291.5625,MAPS 1-2 Headshots,headshots,1,2,0,,0,2026-09-01T13:30:00.000-04:00,2026-09-26T13:30:00.000-04:00,15.5,2026-09-26T00:45:33+00:00,15.5,standard,2026-09-26T13:00:27+00:00,pre_game,,
prizepicks,15191462,cs2,CS2,309685,Sandman,LAG,Overtake Sector,G,CS2_match_Jx2DUwEUmZHJGprplnQxCSEc,MAP 2 Kills,kills,2,2,0,,0,2026-09-23T21:00:00.000-04:00,2026-09-25T21:00:00.000-04:00,13.5,2026-09-26T00:53:28+00:00,13.5,standard,2026-09-26T00:53:28+00:00,pre_game,,
prizepicks,15191473,cs2,CS2,309687,djay,LAG,Overtake Sector,G,CS2_match_Jx2DUwEUmZHJGprplnQxCSEc,MAP 2 Kills,kills,2,2,0,,0,2026-09-23T21:00:00.000-04:00,2026-09-25T21:00:00.000-04:00,13.5,2026-09-26T00:53:28+00:00,13.5,standard,2026-09-26T00:53:28+00:00,pre_game,,
prizepicks,15244027,lol,LoL,296147,Dhokla + Inspired + Saint,LYON,SR,TOP/JNG/MID,SRLYON46291.6666666667,MAPS 1-3 Kills (Combo),kills,1,3,1,"[""Dhokla"", ""Inspired"", ""Saint""]",1,2026-09-01T16:00:00.000-04:00,2026-09-26T16:00:00.000-04:00,31.5,2026-09-26T01:16:52+00:00,32.0,standard,2026-09-26T13:00:15+00:00,pre_game,,
prizepicks,15244028,lol,LoL,296148,Saint + Berserker,LYON,SR,MID/BOT,SRLYON46291.6666666667,MAPS 1-3 Kills (Combo),kills,1,3,1,"[""Saint"", ""Berserker""]",1,2026-09-01T16:00:00.000-04:00,2026-09-26T16:00:00.000-04:00,29.5,2026-09-26T01:16:52+00:00,29.5,standard,2026-09-26T13:00:15+00:00,pre_game,,
prizepicks,15244033,lol,LoL,296145,Fudge + Contractz + Zinie,SR,LYON,TOP/JNG/MID,SRLYON46291.6666666667,MAPS 1-3 Kills (Combo),kills,1,3,1,"[""Fudge"", ""Contractz"", ""Zinie""]",1,2026-09-01T16:00:00.000-04:00,2026-09-26T16:00:00.000-04:00,21.5,2026-09-26T01:16:52+00:00,21.0,standard,2026-09-26T13:00:15+00:00,pre_game,,
prizepicks,15244035,lol,LoL,296146,Zinie + Bvoy,SR,LYON,MID/BOT,SRLYON46291.6666666667,MAPS 1-3 Kills (Combo),kills,1,3,1,"[""Zinie"", ""Bvoy""]",1,2026-09-01T16:00:00.000-04:00,2026-09-26T16:00:00.000-04:00,17.5,2026-09-26T01:16:52+00:00,17.5,standard,2026-09-26T13:00:15+00:00,pre_game,,
prizepicks,15243996,lol,LoL,296139,Dhokla,LYON,SR,TOP,SRLYON46291.6666666667,MAPS 1-3 Kills,kills,1,3,0,,1,2026-09-01T16:00:00.000-04:00,2026-09-26T16:00:00.000-04:00,8.5,2026-09-26T01:16:52+00:00,8.5,standard,2026-09-26T13:00:15+00:00,pre_game,,
prizepicks,15243997,lol,LoL,285790,Inspired,LYON,SR,JNG,SRLYON46291.6666666667,MAPS 1-3 Kills,kills,1,3,0,,1,2026-09-01T16:00:00.000-04:00,2026-09-26T16:00:00.000-04:00,9.5,2026-09-26T01:16:52+00:00,9.5,standard,2026-09-26T13:00:15+00:00,pre_game,,
prizepicks,15243998,lol,LoL,225995,Saint,LYON,SR,MID,SRLYON46291.6666666667,MAPS 1-3 Kills,kills,1,3,0,,1,2026-09-01T16:00:00.000-04:00,2026-09-26T16:00:00.000-04:00,13.5,2026-09-26T01:16:52+00:00,13.5,standard,2026-09-26T13:00:15+00:00,pre_game,,
prizepicks,15243999,lol,LoL,285793,Berserker,LYON,SR,BOT,SRLYON46291.6666666667,MAPS 1-3 Kills,kills,1,3,0,,1,2026-09-01T16:00:00.000-04:00,2026-09-26T16:00:00.000-04:00,15.5,2026-09-26T01:16:52+00:00,15.5,standard,2026-09-26T13:00:15+00:00,pre_game,,
prizepicks,15244000,lol,LoL,285795,Isles,LYON,SR,SUP,SRLYON46291.6666666667,MAPS 1-3 Kills,kills,1,3,0,,1,2026-09-01T16:00:00.000-04:00,2026-09-26T16:00:00.000-04:00,2.5,2026-09-26T01:16:52+00:00,2.5,standard,2026-09-26T01:31:18+00:00,pre_game,,
prizepicks,15244001,lol,LoL,225986,Fudge,SR,LYON,TOP,SRLYON46291.6666666667,MAPS 1-3 Kills,kills,1,3,0,,1,2026-09-01T16:00:00.000-04:00,2026-09-26T16:00:00.000-04:00,6.5,2026-09-26T01:16:52+00:00,6.5,standard,2026-09-26T13:00:15+00:00,pre_game,,
prizepicks,15244002,lol,LoL,225987,Contractz,SR,LYON,JNG,SRLYON46291.6666666667,MAPS 1-3 Kills,kills,1,3,0,,1,2026-09-01T16:00:00.000-04:00,2026-09-26T16:00:00.000-04:00,7.5,2026-09-26T01:16:52+00:00,7.5,standard,2026-09-26T13:00:15+00:00,pre_game,,
prizepicks,15244003,lol,LoL,296138,Zinie,SR,LYON,MID,SRLYON46291.6666666667,MAPS 1-3 Kills,kills,1,3,0,,1,2026-09-01T16:00:00.000-04:00,2026-09-26T16:00:00.000-04:00,7.5,2026-09-26T01:16:52+00:00,7.5,standard,2026-09-26T13:00:15+00:00,pre_game,,
prizepicks,15244004,lol,LoL,95225,Bvoy,SR,LYON,BOT,SRLYON46291.6666666667,MAPS 1-3 Kills,kills,1,3,0,,1,2026-09-01T16:00:00.000-04:00,2026-09-26T16:00:00.000-04:00,9.5,2026-09-26T01:16:52+00:00,9.5,standard,2026-09-26T13:00:15+00:00,pre_game,,
prizepicks,15244005,lol,LoL,225989,Zeyzal,SR,LYON,SUP,SRLYON46291.6666666667,MAPS 1-3 Kills,kills,1,3,0,,1,2026-09-01T16:00:00.000-04:00,2026-09-26T16:00:00.000-04:00,1.5,2026-09-26T01:16:52+00:00,1.5,standard,2026-09-26T01:31:18+00:00,pre_game,,
prizepicks,15244036,lol,LoL,226012,Thanatos + Blaber + Loki,C9,TL,TOP/JNG/MID,TLC946292.6666666667,MAPS 1-3 Kills (Combo),kills,1,3,1,"[""Thanatos"", ""Blaber"", ""Loki""]",1,2026-09-01T16:00:00.000-04:00,2026-09-27T16:00:00.000-04:00,25.5,2026-09-26T01:16:52+00:00,25.5,standard,2026-09-26T13:00:15+00:00,pre_game,,
prizepicks,15244037,lol,LoL,330616,Loki + Tactical,C9,TL,MID/BOT,TLC946292.6666666667,MAPS 1-3 Kills (Combo),kills,1,3,1,"[""Loki"", ""Tactical""]",1,2026-09-01T16:00:00.000-04:00,2026-09-27T16:00:00.000-04:00,22.5,2026-09-26T01:16:52+00:00,22.0,standard,2026-09-26T13:00:15+00:00,pre_game,,
prizepicks,15244038,lol,LoL,295991,Morgan + Josedeodo + Quid,TL,C9,TOP/JNG/MID,TLC946292.6666666667,MAPS 1-3 Kills (Combo),kills,1,3,1,"[""Morgan"", ""Josedeodo"", ""Quid""]",1,2026-09-01T16:00:00.000-04:00,2026-09-27T16:00:00.000-04:00,29.5,2026-09-26T01:16:52+00:00,29.5,standard,2026-09-26T13:00:15+00:00,pre_game,,
prizepicks,15244039,lol,LoL,295992,Quid + Yeon,TL,C9,MID/BOT,TLC946292.6666666667,MAPS 1-3 Kills (Combo),kills,1,3,1,"[""Quid"", ""Yeon""]",1,2026-09-01T16:00:00.000-04:00,2026-09-27T16:00:00.000-04:00,26.5,2026-09-26T01:16:52+00:00,26.5,standard,2026-09-26T13:00:15+00:00,pre_game,,
prizepicks,15244006,lol,LoL,199716,Thanatos,C9,TL,TOP,TLC946292.6666666667,MAPS 1-3 Kills,kills,1,3,0,,1,2026-09-01T16:00:00.000-04:00,2026-09-27T16:00:00.000-04:00,7.5,2026-09-26T01:16:52+00:00,7.5,standard,2026-09-26T13:00:15+00:00,pre_game,,
prizepicks,15244007,lol,LoL,38656,Blaber,C9,TL,JNG,TLC946292.6666666667,MAPS 1-3 Kills,kills,1,3,0,,1,2026-09-01T16:00:00.000-04:00,2026-09-27T16:00:00.000-04:00,7.5,2026-09-26T01:16:52+00:00,7.5,standard,2026-09-26T13:00:15+00:00,pre_game,,
prizepicks,15244008,lol,LoL,330614,Loki,C9,TL,MID,TLC946292.6666666667,MAPS 1-3 Kills,kills,1,3,0,,1,2026-09-01T16:00:00.000-04:00,2026-09-27T16:00:00.000-04:00,10.5,2026-09-26T01:16:52+00:00,10.5,standard,2026-09-26T13:00:15+00:00,pre_game,,
prizepicks,15244009,lol,LoL,330615,Tactical,C9,TL,BOT,TLC946292.6666666667,MAPS 1-3 Kills,kills,1,3,0,,1,2026-09-01T16:00:00.000-04:00,2026-09-27T16:00:00.000-04:00,11.5,2026-09-26T01:16:52+00:00,11.0,standard,2026-09-26T13:00:15+00:00,pre_game,,
prizepicks,15244010,lol,LoL,225992,Vulcan,C9,TL,SUP,TLC946292.6666666667,MAPS 1-3 Kills,kills,1,3,0,,1,2026-09-01T16:00:00.000-04:00,2026-09-27T16:00:00.000-04:00,1.5,2026-09-26T01:16:52+00:00,1.5,standard,2026-09-26T01:31:18+00:00,pre_game,,
prizepicks,15244011,lol,LoL,284804,Morgan,TL,C9,TOP,TLC946292.6666666667,MAPS 1-3 Kills,kills,1,3,0,,1,2026-09-01T16:00:00.000-04:00,2026-09-27T16:00:00.000-04:00,7.5,2026-09-26T01:16:52+00:00,7.5,standard,2026-09-26T13:00:15+00:00,pre_game,,
prizepicks,15244012,lol,LoL,284805,Josedeodo,TL,C9,JNG,TLC946292.6666666667,MAPS 1-3 Kills,kills,1,3,0,,1,2026-09-01T16:00:00.000-04:00,2026-09-27T16:00:00.000-04:00,9.5,2026-09-26T01:16:52+00:00,9.5,standard,2026-09-26T13:00:15+00:00,pre_game,,
prizepicks,15244013,lol,LoL,285786,Quid,TL,C9,MID,TLC946292.6666666667,MAPS 1-3 Kills,kills,1,3,0,,1,2026-09-01T16:00:00.000-04:00,2026-09-27T16:00:00.000-04:00,12.5,2026-09-26T01:16:52+00:00,12.5,standard,2026-09-26T13:00:15+00:00,pre_game,,
prizepicks,15244014,lol,LoL,95412,Yeon,TL,C9,BOT,TLC946292.6666666667,MAPS 1-3 Kills,kills,1,3,0,,1,2026-09-01T16:00:00.000-04:00,2026-09-27T16:00:00.000-04:00,13.5,2026-09-26T01:16:52+00:00,13.5,standard,2026-09-26T13:00:15+00:00,pre_game,,
prizepicks,15244015,lol,LoL,16229,CoreJJ,TL,C9,SUP,TLC946292.6666666667,MAPS 1-3 Kills,kills,1,3,0,,1,2026-09-01T16:00:00.000-04:00,2026-09-27T16:00:00.000-04:00,2.5,2026-09-26T01:16:52+00:00,2.5,standard,2026-09-26T01:31:18+00:00,pre_game,,
prizepicks,15245013,lol,LoL,296139,Dhokla,LYON,SR,TOP,SRLYON46291.6666666667,MAPS 1-3 Kills,kills,1,3,0,,1,2026-09-01T16:00:00.000-04:00,2026-09-26T16:00:00.000-04:00,10.5,2026-09-26T01:31:18+00:00,10.5,demon,2026-09-26T13:00:15+00:00,pre_game,,
prizepicks,15245014,lol,LoL,296139,Dhokla,LYON,SR,TOP,SRLYON46291.6666666667,MAPS 1-3 Kills,kills,1,3,0,,1,2026-09-01T16:00:00.000-04:00,2026-09-26T16:00:00.000-04:00,6.5,2026-09-26T01:31:18+00:00,6.5,goblin,2026-09-26T13:00:15+00:00,pre_game,,
prizepicks,15228528,cs2,CS2,328008,Cryptic,LAG,Overtake Sector,G,CS2_match_Jx2DUwEUmZHJGprplnQxCSEc,MAP 3 Kills,kills,3,3,0,,1,2026-09-25T21:30:00.000-04:00,2026-09-25T23:00:00.000-04:00,16.5,2026-09-26T01:31:30+00:00,16.5,standard,2026-09-26T02:28:52+00:00,pre_game,,
prizepicks,15228538,cs2,CS2,328008,Cryptic,LAG,Overtake Sector,G,CS2_match_Jx2DUwEUmZHJGprplnQxCSEc,MAP 3 Headshots,headshots,3,3,0,,1,2026-09-25T21:30:00.000-04:00,2026-09-25T23:00:00.000-04:00,8.5,2026-09-26T01:31:30+00:00,8.5,standard,2026-09-26T02:28:52+00:00,pre_game,,
prizepicks,15228529,cs2,CS2,328009,SLIGHT,LAG,Overtake Sector,G,CS2_match_Jx2DUwEUmZHJGprplnQxCSEc,MAP 3 Kills,kills,3,3,0,,1,2026-09-25T21:30:00.000-04:00,2026-09-25T23:00:00.000-04:00,15.5,2026-09-26T01:31:30+00:00,15.5,standard,2026-09-26T02:28:52+00:00,pre_game,,
prizepicks,15228539,cs2,CS2,328009,SLIGHT,LAG,Overtake Sector,G,CS2_match_Jx2DUwEUmZHJGprplnQxCSEc,MAP 3 Headshots,headshots,3,3,0,,1,2026-09-25T21:30:00.000-04:00,2026-09-25T23:00:00.000-04:00,4.5,2026-09-26T01:31:30+00:00,4.5,standard,2026-09-26T02:28:52+00:00,pre_game,,
prizepicks,15228530,cs2,CS2,328010,bwills,LAG,Overtake Sector,G,CS2_match_Jx2DUwEUmZHJGprplnQxCSEc,MAP 3 Kills,kills,3,3,0,,1,2026-09-25T21:30:00.000-04:00,2026-09-25T23:00:00.000-04:00,14.0,2026-09-26T01:31:30+00:00,14.0,standard,2026-09-26T02:28:52+00:00,pre_game,,
prizepicks,15228540,cs2,CS2,328010,bwills,LAG,Overtake Sector,G,CS2_match_Jx2DUwEUmZHJGprplnQxCSEc,MAP 3 Headshots,headshots,3,3,0,,1,2026-09-25T21:30:00.000-04:00,2026-09-25T23:00:00.000-04:00,8.0,2026-09-26T01:31:30+00:00,8.0,standard,2026-09-26T02:28:52+00:00,pre_game,,
prizepicks,15228531,cs2,CS2,309687,djay,LAG,Overtake Sector,G,CS2_match_Jx2DUwEUmZHJGprplnQxCSEc,MAP 3 Kills,kills,3,3,0,,1,2026-09-25T21:30:00.000-04:00,2026-09-25T23:00:00.000-04:00,14.0,2026-09-26T01:31:30+00:00,14.0,standard,2026-09-26T02:28:52+00:00,pre_game,,
prizepicks,15228541,cs2,CS2,309687,djay,LAG,Overtake Sector,G,CS2_match_Jx2DUwEUmZHJGprplnQxCSEc,MAP 3 Headshots,headshots,3,3,0,,1,2026-09-25T21:30:00.000-04:00,2026-09-25T23:00:00.000-04:00,8.0,2026-09-26T01:31:30+00:00,8.0,standard,2026-09-26T02:28:52+00:00,pre_game,,
prizepicks,15228532,cs2,CS2,309685,Sandman,LAG,Overtake Sector,G,CS2_match_Jx2DUwEUmZHJGprplnQxCSEc,MAP 3 Kills,kills,3,3,0,,1,2026-09-25T21:30:00.000-04:00,2026-09-25T23:00:00.000-04:00,14.0,2026-09-26T01:31:30+00:00,14.0,standard,2026-09-26T02:28:52+00:00,pre_game,,
prizepicks,15228542,cs2,CS2,309685,Sandman,LAG,Overtake Sector,G,CS2_match_Jx2DUwEUmZHJGprplnQxCSEc,MAP 3 Headshots,headshots,3,3,0,,1,2026-09-25T21:30:00.000-04:00,2026-09-25T23:00:00.000-04:00,7.5,2026-09-26T01:31:30+00:00,7.5,standard,2026-09-26T02:28:52+00:00,pre_game,,
prizepicks,15228533,cs2,CS2,344249,intra,Overtake Sector,LAG,G,CS2_match_Jx2DUwEUmZHJGprplnQxCSEc,MAP 3 Kills,kills,3,3,0,,1,2026-09-25T21:30:00.000-04:00,2026-09-25T23:00:00.000-04:00,15.5,2026-09-26T01:31:30+00:00,15.5,standard,2026-09-26T02:28:52+00:00,pre_game,,
prizepicks,15228543,cs2,CS2,344249,intra,Overtake Sector,LAG,G,CS2_match_Jx2DUwEUmZHJGprplnQxCSEc,MAP 3 Headshots,headshots,3,3,0,,1,2026-09-25T21:30:00.000-04:00,2026-09-25T23:00:00.000-04:00,8.0,2026-09-26T01:31:30+00:00,8.0,standard,2026-09-26T02:28:52+00:00,pre_game,,
prizepicks,15228534,cs2,CS2,344250,Jason,Overtake Sector,LAG,G,CS2_match_Jx2DUwEUmZHJGprplnQxCSEc,MAP 3 Kills,kills,3,3,0,,1,2026-09-25T21:30:00.000-04:00,2026-09-25T23:00:00.000-04:00,14.0,2026-09-26T01:31:30+00:00,14.0,standard,2026-09-26T02:28:52+00:00,pre_game,,
prizepicks,15228544,cs2,CS2,344250,Jason,Overtake Sector,LAG,G,CS2_match_Jx2DUwEUmZHJGprplnQxCSEc,MAP 3 Headshots,headshots,3,3,0,,1,2026-09-25T21:30:00.000-04:00,2026-09-25T23:00:00.000-04:00,7.0,2026-09-26T01:31:30+00:00,7.0,standard,2026-09-26T02:28:52+00:00,pre_game,,
prizepicks,15228535,cs2,CS2,344251,Umar,Overtake Sector,LAG,G,CS2_match_Jx2DUwEUmZHJGprplnQxCSEc,MAP 3 Kills,kills,3,3,0,,1,2026-09-25T21:30:00.000-04:00,2026-09-25T23:00:00.000-04:00,14.0,2026-09-26T01:31:30+00:00,14.0,standard,2026-09-26T02:28:52+00:00,pre_game,,
prizepicks,15228545,cs2,CS2,344251,Umar,Overtake Sector,LAG,G,CS2_match_Jx2DUwEUmZHJGprplnQxCSEc,MAP 3 Headshots,headshots,3,3,0,,1,2026-09-25T21:30:00.000-04:00,2026-09-25T23:00:00.000-04:00,5.0,2026-09-26T01:31:30+00:00,5.0,standard,2026-09-26T02:28:52+00:00,pre_game,,
prizepicks,15228536,cs2,CS2,344252,corim,Overtake Sector,LAG,G,CS2_match_Jx2DUwEUmZHJGprplnQxCSEc,MAP 3 Kills,kills,3,3,0,,1,2026-09-25T21:30:00.000-04:00,2026-09-25T23:00:00.000-04:00,13.5,2026-09-26T01:31:30+00:00,13.5,standard,2026-09-26T02:28:52+00:00,pre_game,,
prizepicks,15228546,cs2,CS2,344252,corim,Overtake Sector,LAG,G,CS2_match_Jx2DUwEUmZHJGprplnQxCSEc,MAP 3 Headshots,headshots,3,3,0,,1,2026-09-25T21:30:00.000-04:00,2026-09-25T23:00:00.000-04:00,7.0,2026-09-26T01:31:30+00:00,7.0,standard,2026-09-26T02:28:52+00:00,pre_game,,
prizepicks,15228537,cs2,CS2,344253,learsi,Overtake Sector,LAG,G,CS2_match_Jx2DUwEUmZHJGprplnQxCSEc,MAP 3 Kills,kills,3,3,0,,1,2026-09-25T21:30:00.000-04:00,2026-09-25T23:00:00.000-04:00,11.5,2026-09-26T01:31:30+00:00,11.5,standard,2026-09-26T02:28:52+00:00,pre_game,,
prizepicks,15228547,cs2,CS2,344253,learsi,Overtake Sector,LAG,G,CS2_match_Jx2DUwEUmZHJGprplnQxCSEc,MAP 3 Headshots,headshots,3,3,0,,1,2026-09-25T21:30:00.000-04:00,2026-09-25T23:00:00.000-04:00,6.5,2026-09-26T01:31:30+00:00,6.5,standard,2026-09-26T02:28:52+00:00,pre_game,,
prizepicks,15245054,lol,LoL,285795,Isles,LYON,SR,SUP,SRLYON46291.6666666667,MAPS 1-3 Kills,kills,1,3,0,,1,2026-09-01T16:00:00.000-04:00,2026-09-26T16:00:00.000-04:00,2.5,2026-09-26T01:37:48+00:00,2.5,demon,2026-09-26T13:00:15+00:00,pre_game,,
prizepicks,15245021,lol,LoL,225986,Fudge,SR,LYON,TOP,SRLYON46291.6666666667,MAPS 1-3 Kills,kills,1,3,0,,1,2026-09-01T16:00:00.000-04:00,2026-09-26T16:00:00.000-04:00,8.5,2026-09-26T01:37:48+00:00,8.5,demon,2026-09-26T13:00:15+00:00,pre_game,,
prizepicks,15245022,lol,LoL,225986,Fudge,SR,LYON,TOP,SRLYON46291.6666666667,MAPS 1-3 Kills,kills,1,3,0,,1,2026-09-01T16:00:00.000-04:00,2026-09-26T16:00:00.000-04:00,4.5,2026-09-26T01:37:48+00:00,4.5,goblin,2026-09-26T13:00:15+00:00,pre_game,,
prizepicks,15245063,lol,LoL,225989,Zeyzal,SR,LYON,SUP,SRLYON46291.6666666667,MAPS 1-3 Kills,kills,1,3,0,,1,2026-09-01T16:00:00.000-04:00,2026-09-26T16:00:00.000-04:00,1.5,2026-09-26T01:37:48+00:00,1.5,goblin,2026-09-26T13:00:15+00:00,pre_game,,
prizepicks,15245098,lol,LoL,225992,Vulcan,C9,TL,SUP,TLC946292.6666666667,MAPS 1-3 Kills,kills,1,3,0,,1,2026-09-01T16:00:00.000-04:00,2026-09-27T16:00:00.000-04:00,1.5,2026-09-26T01:37:48+00:00,1.5,goblin,2026-09-26T13:00:15+00:00,pre_game,,
prizepicks,15245099,lol,LoL,16229,CoreJJ,TL,C9,SUP,TLC946292.6666666667,MAPS 1-3 Kills,kills,1,3,0,,1,2026-09-01T16:00:00.000-04:00,2026-09-27T16:00:00.000-04:00,2.5,2026-09-26T01:37:48+00:00,2.5,demon,2026-09-26T13:00:15+00:00,pre_game,,
prizepicks,15245166,lol,LoL,285790,Inspired,LYON,SR,JNG,SRLYON46291.6666666667,MAPS 1-3 Kills,kills,1,3,0,,1,2026-09-01T16:00:00.000-04:00,2026-09-26T16:00:00.000-04:00,11.5,2026-09-26T01:42:38+00:00,11.5,demon,2026-09-26T13:00:15+00:00,pre_game,,
prizepicks,15245167,lol,LoL,285790,Inspired,LYON,SR,JNG,SRLYON46291.6666666667,MAPS 1-3 Kills,kills,1,3,0,,1,2026-09-01T16:00:00.000-04:00,2026-09-26T16:00:00.000-04:00,7.5,2026-09-26T01:42:38+00:00,7.5,goblin,2026-09-26T13:00:15+00:00,pre_game,,
prizepicks,15245105,lol,LoL,199716,Thanatos,C9,TL,TOP,TLC946292.6666666667,MAPS 1-3 Kills,kills,1,3,0,,1,2026-09-01T16:00:00.000-04:00,2026-09-27T16:00:00.000-04:00,9.5,2026-09-26T01:42:38+00:00,9.5,demon,2026-09-26T13:00:15+00:00,pre_game,,
prizepicks,15245106,lol,LoL,199716,Thanatos,C9,TL,TOP,TLC946292.6666666667,MAPS 1-3 Kills,kills,1,3,0,,1,2026-09-01T16:00:00.000-04:00,2026-09-27T16:00:00.000-04:00,5.5,2026-09-26T01:42:38+00:00,5.5,goblin,2026-09-26T13:00:15+00:00,pre_game,,
prizepicks,15245156,lol,LoL,38656,Blaber,C9,TL,JNG,TLC946292.6666666667,MAPS 1-3 Kills,kills,1,3,0,,1,2026-09-01T16:00:00.000-04:00,2026-09-27T16:00:00.000-04:00,9.5,2026-09-26T01:42:38+00:00,9.5,demon,2026-09-26T13:00:15+00:00,pre_game,,
prizepicks,15245157,lol,LoL,38656,Blaber,C9,TL,JNG,TLC946292.6666666667,MAPS 1-3 Kills,kills,1,3,0,,1,2026-09-01T16:00:00.000-04:00,2026-09-27T16:00:00.000-04:00,5.5,2026-09-26T01:42:38+00:00,5.5,goblin,2026-09-26T13:00:15+00:00,pre_game,,
prizepicks,15245103,lol,LoL,284804,Morgan,TL,C9,TOP,TLC946292.6666666667,MAPS 1-3 Kills,kills,1,3,0,,1,2026-09-01T16:00:00.000-04:00,2026-09-27T16:00:00.000-04:00,9.5,2026-09-26T01:42:38+00:00,9.5,demon,2026-09-26T13:00:15+00:00,pre_game,,
prizepicks,15245104,lol,LoL,284804,Morgan,TL,C9,TOP,TLC946292.6666666667,MAPS 1-3 Kills,kills,1,3,0,,1,2026-09-01T16:00:00.000-04:00,2026-09-27T16:00:00.000-04:00,5.5,2026-09-26T01:42:38+00:00,5.5,goblin,2026-09-26T13:00:15+00:00,pre_game,,
prizepicks,15245153,lol,LoL,284805,Josedeodo,TL,C9,JNG,TLC946292.6666666667,MAPS 1-3 Kills,kills,1,3,0,,1,2026-09-01T16:00:00.000-04:00,2026-09-27T16:00:00.000-04:00,11.5,2026-09-26T01:42:38+00:00,11.5,demon,2026-09-26T13:00:15+00:00,pre_game,,
prizepicks,15245154,lol,LoL,284805,Josedeodo,TL,C9,JNG,TLC946292.6666666667,MAPS 1-3 Kills,kills,1,3,0,,1,2026-09-01T16:00:00.000-04:00,2026-09-27T16:00:00.000-04:00,7.5,2026-09-26T01:42:38+00:00,7.5,goblin,2026-09-26T13:00:15+00:00,pre_game,,
prizepicks,15245112,dota,Dota2,345256,skiter,Aurora,NAVI,1,NAVIAurora46291.25,MAPS 1-2 Kills,kills,1,2,0,,0,2026-09-01T06:00:00.000-04:00,2026-09-26T06:00:00.000-04:00,15.0,2026-09-26T01:44:15+00:00,15.5,standard,2026-09-26T08:04:50+00:00,pre_game,,
prizepicks,15245113,dota,Dota2,345257,Stojkov,Aurora,NAVI,2,NAVIAurora46291.25,MAPS 1-2 Kills,kills,1,2,0,,0,2026-09-01T06:00:00.000-04:00,2026-09-26T06:00:00.000-04:00,13.5,2026-09-26T01:44:15+00:00,13.5,standard,2026-09-26T08:04:50+00:00,pre_game,,
prizepicks,15245114,dota,Dota2,291295,Ws,Aurora,NAVI,3,NAVIAurora46291.25,MAPS 1-2 Kills,kills,1,2,0,,0,2026-09-01T06:00:00.000-04:00,2026-09-26T06:00:00.000-04:00,11.5,2026-09-26T01:44:15+00:00,11.5,standard,2026-09-26T08:04:50+00:00,pre_game,,
prizepicks,15245115,dota,Dota2,230491,Mira,Aurora,NAVI,4,NAVIAurora46291.25,MAPS 1-2 Kills,kills,1,2,0,,0,2026-09-01T06:00:00.000-04:00,2026-09-26T06:00:00.000-04:00,5.5,2026-09-26T01:44:15+00:00,5.5,standard,2026-09-26T08:04:50+00:00,pre_game,,
prizepicks,15245116,dota,Dota2,291296,kaori,Aurora,NAVI,5,NAVIAurora46291.25,MAPS 1-2 Kills,kills,1,2,0,,0,2026-09-01T06:00:00.000-04:00,2026-09-26T06:00:00.000-04:00,5.0,2026-09-26T01:44:15+00:00,5.0,standard,2026-09-26T08:04:50+00:00,pre_game,,
prizepicks,15245117,dota,Dota2,150789,gotthejuice,NAVI,Aurora,1,NAVIAurora46291.25,MAPS 1-2 Kills,kills,1,2,0,,0,2026-09-01T06:00:00.000-04:00,2026-09-26T06:00:00.000-04:00,14.5,2026-09-26T01:44:15+00:00,14.5,standard,2026-09-26T08:04:50+00:00,pre_game,,
prizepicks,15245118,dota,Dota2,223576,Niku,NAVI,Aurora,2,NAVIAurora46291.25,MAPS 1-2 Kills,kills,1,2,0,,0,2026-09-01T06:00:00.000-04:00,2026-09-26T06:00:00.000-04:00,13.5,2026-09-26T01:44:15+00:00,13.5,standard,2026-09-26T08:04:50+00:00,pre_game,,
prizepicks,15245119,dota,Dota2,150790,pma,NAVI,Aurora,3,NAVIAurora46291.25,MAPS 1-2 Kills,kills,1,2,0,,0,2026-09-01T06:00:00.000-04:00,2026-09-26T06:00:00.000-04:00,9.5,2026-09-26T01:44:15+00:00,9.5,standard,2026-09-26T08:04:50+00:00,pre_game,,
prizepicks,15245120,dota,Dota2,311504,daze,NAVI,Aurora,4,NAVIAurora46291.25,MAPS 1-2 Kills,kills,1,2,0,,0,2026-09-01T06:00:00.000-04:00,2026-09-26T06:00:00.000-04:00,6.0,2026-09-26T01:44:15+00:00,6.0,standard,2026-09-26T08:04:50+00:00,pre_game,,
prizepicks,15245121,dota,Dota2,150792,Riddys,NAVI,Aurora,5,NAVIAurora46291.25,MAPS 1-2 Kills,kills,1,2,0,,0,2026-09-01T06:00:00.000-04:00,2026-09-26T06:00:00.000-04:00,5.5,2026-09-26T01:44:15+00:00,5.5,standard,2026-09-26T08:04:50+00:00,pre_game,,
prizepicks,15245122,dota,Dota2,345267,Wits,LGD,Yandex,1,YandexLGD46291.375,MAPS 1-2 Kills,kills,1,2,0,,0,2026-09-01T09:00:00.000-04:00,2026-09-26T09:00:00.000-04:00,12.5,2026-09-26T01:44:15+00:00,12.5,standard,2026-09-26T11:31:09+00:00,pre_game,,
prizepicks,15245123,dota,Dota2,345268,SumaiL,LGD,Yandex,2,YandexLGD46291.375,MAPS 1-2 Kills,kills,1,2,0,,0,2026-09-01T09:00:00.000-04:00,2026-09-26T09:00:00.000-04:00,12.5,2026-09-26T01:44:15+00:00,12.5,standard,2026-09-26T11:31:09+00:00,pre_game,,
prizepicks,15245124,dota,Dota2,345269,Davai,LGD,Yandex,3,YandexLGD46291.375,MAPS 1-2 Kills,kills,1,2,0,,0,2026-09-01T09:00:00.000-04:00,2026-09-26T09:00:00.000-04:00,8.0,2026-09-26T01:44:15+00:00,8.0,standard,2026-09-26T11:31:09+00:00,pre_game,,
prizepicks,15245125,dota,Dota2,320353,Thiolicor,LGD,Yandex,4,YandexLGD46291.375,MAPS 1-2 Kills,kills,1,2,0,,0,2026-09-01T09:00:00.000-04:00,2026-09-26T09:00:00.000-04:00,4.5,2026-09-26T01:44:15+00:00,4.5,standard,2026-09-26T11:31:09+00:00,pre_game,,
prizepicks,15245126,dota,Dota2,345270,Sneyking,LGD,Yandex,5,YandexLGD46291.375,MAPS 1-2 Kills,kills,1,2,0,,0,2026-09-01T09:00:00.000-04:00,2026-09-26T09:00:00.000-04:00,4.5,2026-09-26T01:44:15+00:00,4.5,standard,2026-09-26T11:31:09+00:00,pre_game,,
prizepicks,15245127,dota,Dota2,267484,watson,Yandex,LGD,1,YandexLGD46291.375,MAPS 1-2 Kills,kills,1,2,0,,0,2026-09-01T09:00:00.000-04:00,2026-09-26T09:00:00.000-04:00,17.0,2026-09-26T01:44:15+00:00,17.0,standard,2026-09-26T11:31:09+00:00,pre_game,,
prizepicks,15245128,dota,Dota2,240239,CHIRA_JUNIOR,Yandex,LGD,2,YandexLGD46291.375,MAPS 1-2 Kills,kills,1,2,0,,0,2026-09-01T09:00:00.000-04:00,2026-09-26T09:00:00.000-04:00,15.5,2026-09-26T01:44:15+00:00,15.5,standard,2026-09-26T11:31:09+00:00,pre_game,,
prizepicks,15245129,dota,Dota2,345264,ATF,Yandex,LGD,3,YandexLGD46291.375,MAPS 1-2 Kills,kills,1,2,0,,0,2026-09-01T09:00:00.000-04:00,2026-09-26T09:00:00.000-04:00,13.5,2026-09-26T01:44:15+00:00,13.5,standard,2026-09-26T11:31:09+00:00,pre_game,,
prizepicks,15245130,dota,Dota2,272038,Saksa,Yandex,LGD,4,YandexLGD46291.375,MAPS 1-2 Kills,kills,1,2,0,,0,2026-09-01T09:00:00.000-04:00,2026-09-26T09:00:00.000-04:00,6.5,2026-09-26T01:44:15+00:00,6.5,standard,2026-09-26T11:31:09+00:00,pre_game,,
prizepicks,15245131,dota,Dota2,267485,Malady,Yandex,LGD,5,YandexLGD46291.375,MAPS 1-2 Kills,kills,1,2,0,,0,2026-09-01T09:00:00.000-04:00,2026-09-26T09:00:00.000-04:00,6.0,2026-09-26T01:44:15+00:00,6.0,standard,2026-09-26T11:31:09+00:00,pre_game,,
prizepicks,15245188,lol,LoL,225995,Saint,LYON,SR,MID,SRLYON46291.6666666667,MAPS 1-3 Kills,kills,1,3,0,,1,2026-09-01T16:00:00.000-04:00,2026-09-26T16:00:00.000-04:00,16.5,2026-09-26T01:50:03+00:00,16.5,demon,2026-09-26T13:00:15+00:00,pre_game,,
prizepicks,15245189,lol,LoL,225995,Saint,LYON,SR,MID,SRLYON46291.6666666667,MAPS 1-3 Kills,kills,1,3,0,,1,2026-09-01T16:00:00.000-04:00,2026-09-26T16:00:00.000-04:00,10.5,2026-09-26T01:50:03+00:00,10.5,goblin,2026-09-26T13:00:15+00:00,pre_game,,
prizepicks,15245173,lol,LoL,225987,Contractz,SR,LYON,JNG,SRLYON46291.6666666667,MAPS 1-3 Kills,kills,1,3,0,,1,2026-09-01T16:00:00.000-04:00,2026-09-26T16:00:00.000-04:00,9.5,2026-09-26T01:50:03+00:00,9.5,demon,2026-09-26T13:00:15+00:00,pre_game,,
prizepicks,15245174,lol,LoL,225987,Contractz,SR,LYON,JNG,SRLYON46291.6666666667,MAPS 1-3 Kills,kills,1,3,0,,1,2026-09-01T16:00:00.000-04:00,2026-09-26T16:00:00.000-04:00,5.5,2026-09-26T01:50:03+00:00,5.5,goblin,2026-09-26T13:00:15+00:00,pre_game,,
prizepicks,15245415,lol,LoL,296138,Zinie,SR,LYON,MID,SRLYON46291.6666666667,MAPS 1-3 Kills,kills,1,3,0,,1,2026-09-01T16:00:00.000-04:00,2026-09-26T16:00:00.000-04:00,10.5,2026-09-26T01:55:25+00:00,10.5,demon,2026-09-26T13:00:15+00:00,pre_game,,
prizepicks,15245416,lol,LoL,296138,Zinie,SR,LYON,MID,SRLYON46291.6666666667,MAPS 1-3 Kills,kills,1,3,0,,1,2026-09-01T16:00:00.000-04:00,2026-09-26T16:00:00.000-04:00,4.5,2026-09-26T01:55:25+00:00,4.5,goblin,2026-09-26T13:00:15+00:00,pre_game,,
prizepicks,15245495,lol,LoL,330614,Loki,C9,TL,MID,TLC946292.6666666667,MAPS 1-3 Kills,kills,1,3,0,,1,2026-09-01T16:00:00.000-04:00,2026-09-27T16:00:00.000-04:00,13.5,2026-09-26T01:55:25+00:00,13.5,demon,2026-09-26T13:00:15+00:00,pre_game,,
prizepicks,15245496,lol,LoL,330614,Loki,C9,TL,MID,TLC946292.6666666667,MAPS 1-3 Kills,kills,1,3,0,,1,2026-09-01T16:00:00.000-04:00,2026-09-27T16:00:00.000-04:00,7.5,2026-09-26T01:55:25+00:00,7.5,goblin,2026-09-26T13:00:15+00:00,pre_game,,
prizepicks,15245575,lol,LoL,285786,Quid,TL,C9,MID,TLC946292.6666666667,MAPS 1-3 Kills,kills,1,3,0,,1,2026-09-01T16:00:00.000-04:00,2026-09-27T16:00:00.000-04:00,15.5,2026-09-26T01:58:19+00:00,15.5,demon,2026-09-26T13:00:15+00:00,pre_game,,
prizepicks,15245576,lol,LoL,285786,Quid,TL,C9,MID,TLC946292.6666666667,MAPS 1-3 Kills,kills,1,3,0,,1,2026-09-01T16:00:00.000-04:00,2026-09-27T16:00:00.000-04:00,9.5,2026-09-26T01:58:19+00:00,9.5,goblin,2026-09-26T13:00:15+00:00,pre_game,,
prizepicks,15245628,lol,LoL,285793,Berserker,LYON,SR,BOT,SRLYON46291.6666666667,MAPS 1-3 Kills,kills,1,3,0,,1,2026-09-01T16:00:00.000-04:00,2026-09-26T16:00:00.000-04:00,18.5,2026-09-26T02:07:24+00:00,18.5,demon,2026-09-26T13:00:15+00:00,pre_game,,
prizepicks,15245629,lol,LoL,285793,Berserker,LYON,SR,BOT,SRLYON46291.6666666667,MAPS 1-3 Kills,kills,1,3,0,,1,2026-09-01T16:00:00.000-04:00,2026-09-26T16:00:00.000-04:00,12.5,2026-09-26T02:07:24+00:00,12.5,goblin,2026-09-26T13:00:15+00:00,pre_game,,
prizepicks,15245621,lol,LoL,330615,Tactical,C9,TL,BOT,TLC946292.6666666667,MAPS 1-3 Kills,kills,1,3,0,,1,2026-09-01T16:00:00.000-04:00,2026-09-27T16:00:00.000-04:00,14.5,2026-09-26T02:07:24+00:00,14.5,demon,2026-09-26T13:00:15+00:00,pre_game,,
prizepicks,15245622,lol,LoL,330615,Tactical,C9,TL,BOT,TLC946292.6666666667,MAPS 1-3 Kills,kills,1,3,0,,1,2026-09-01T16:00:00.000-04:00,2026-09-27T16:00:00.000-04:00,8.5,2026-09-26T02:07:24+00:00,8.5,goblin,2026-09-26T13:00:15+00:00,pre_game,,
prizepicks,15245592,lol,LoL,95412,Yeon,TL,C9,BOT,TLC946292.6666666667,MAPS 1-3 Kills,kills,1,3,0,,1,2026-09-01T16:00:00.000-04:00,2026-09-27T16:00:00.000-04:00,16.5,2026-09-26T02:07:24+00:00,16.5,demon,2026-09-26T13:00:15+00:00,pre_game,,
prizepicks,15245593,lol,LoL,95412,Yeon,TL,C9,BOT,TLC946292.6666666667,MAPS 1-3 Kills,kills,1,3,0,,1,2026-09-01T16:00:00.000-04:00,2026-09-27T16:00:00.000-04:00,10.5,2026-09-26T02:07:24+00:00,10.5,goblin,2026-09-26T13:00:15+00:00,pre_game,,
prizepicks,15245520,cs2,CS2,194737,ChildKing,Rare Atom,Legion,G,LegionRare Atom46291.375,MAPS 1-2 Kills,kills,1,2,0,,0,2026-09-01T09:00:00.000-04:00,2026-09-26T09:00:00.000-04:00,33.0,2026-09-26T02:07:36+00:00,34.0,standard,2026-09-26T12:29:56+00:00,pre_game,,
prizepicks,15245521,cs2,CS2,202152,kaze,Rare Atom,Legion,G,LegionRare Atom46291.375,MAPS 1-2 Kills,kills,1,2,0,,0,2026-09-01T09:00:00.000-04:00,2026-09-26T09:00:00.000-04:00,33.0,2026-09-26T02:07:36+00:00,31.0,standard,2026-09-26T12:29:56+00:00,pre_game,,
prizepicks,15245522,cs2,CS2,204329,L1haNg,Rare Atom,Legion,G,LegionRare Atom46291.375,MAPS 1-2 Kills,kills,1,2,0,,0,2026-09-01T09:00:00.000-04:00,2026-09-26T09:00:00.000-04:00,31.0,2026-09-26T02:07:36+00:00,31.5,standard,2026-09-26T12:29:56+00:00,pre_game,,
prizepicks,15245523,cs2,CS2,315480,3gl,Rare Atom,Legion,G,LegionRare Atom46291.375,MAPS 1-2 Kills,kills,1,2,0,,0,2026-09-01T09:00:00.000-04:00,2026-09-26T09:00:00.000-04:00,27.5,2026-09-26T02:07:36+00:00,29.5,standard,2026-09-26T12:29:56+00:00,pre_game,,
prizepicks,15245524,cs2,CS2,169180,Summer,Rare Atom,Legion,G,LegionRare Atom46291.375,MAPS 1-2 Kills,kills,1,2,0,,0,2026-09-01T09:00:00.000-04:00,2026-09-26T09:00:00.000-04:00,26.0,2026-09-26T02:07:36+00:00,27.0,standard,2026-09-26T12:29:56+00:00,pre_game,,
prizepicks,15245525,cs2,CS2,194737,ChildKing,Rare Atom,Legion,G,LegionRare Atom46291.375,MAPS 1-2 Headshots,headshots,1,2,0,,0,2026-09-01T09:00:00.000-04:00,2026-09-26T09:00:00.000-04:00,20.5,2026-09-26T02:07:36+00:00,20.5,standard,2026-09-26T12:29:56+00:00,pre_game,,
prizepicks,15245527,cs2,CS2,204329,L1haNg,Rare Atom,Legion,G,LegionRare Atom46291.375,MAPS 1-2 Headshots,headshots,1,2,0,,0,2026-09-01T09:00:00.000-04:00,2026-09-26T09:00:00.000-04:00,17.5,2026-09-26T02:07:36+00:00,18.0,standard,2026-09-26T12:29:56+00:00,pre_game,,
prizepicks,15245529,cs2,CS2,169180,Summer,Rare Atom,Legion,G,LegionRare Atom46291.375,MAPS 1-2 Headshots,headshots,1,2,0,,0,2026-09-01T09:00:00.000-04:00,2026-09-26T09:00:00.000-04:00,15.0,2026-09-26T02:07:36+00:00,15.0,standard,2026-09-26T12:29:56+00:00,pre_game,,
prizepicks,15245678,lol,LoL,95225,Bvoy,SR,LYON,BOT,SRLYON46291.6666666667,MAPS 1-3 Kills,kills,1,3,0,,1,2026-09-01T16:00:00.000-04:00,2026-09-26T16:00:00.000-04:00,12.5,2026-09-26T02:13:55+00:00,12.5,demon,2026-09-26T13:00:15+00:00,pre_game,,
prizepicks,15245679,lol,LoL,95225,Bvoy,SR,LYON,BOT,SRLYON46291.6666666667,MAPS 1-3 Kills,kills,1,3,0,,1,2026-09-01T16:00:00.000-04:00,2026-09-26T16:00:00.000-04:00,6.5,2026-09-26T02:13:55+00:00,6.5,goblin,2026-09-26T13:00:15+00:00,pre_game,,
prizepicks,15245500,cs2,CS2,325504,Annihilation,The Huns,Kaleido,G,KaleidoThe Huns46291.375,MAPS 1-2 Kills,kills,1,2,0,,0,2026-09-01T09:00:00.000-04:00,2026-09-26T09:00:00.000-04:00,34.0,2026-09-26T02:14:07+00:00,34.0,standard,2026-09-26T12:29:56+00:00,pre_game,,
prizepicks,15245501,cs2,CS2,219322,nin9,The Huns,Kaleido,G,KaleidoThe Huns46291.375,MAPS 1-2 Kills,kills,1,2,0,,0,2026-09-01T09:00:00.000-04:00,2026-09-26T09:00:00.000-04:00,31.0,2026-09-26T02:14:07+00:00,31.0,standard,2026-09-26T12:29:56+00:00,pre_game,,
prizepicks,15245502,cs2,CS2,294194,controlez,The Huns,Kaleido,G,KaleidoThe Huns46291.375,MAPS 1-2 Kills,kills,1,2,0,,0,2026-09-01T09:00:00.000-04:00,2026-09-26T09:00:00.000-04:00,30.5,2026-09-26T02:14:07+00:00,30.5,standard,2026-09-26T12:29:56+00:00,pre_game,,
prizepicks,15245503,cs2,CS2,219323,Bart4k,The Huns,Kaleido,G,KaleidoThe Huns46291.375,MAPS 1-2 Kills,kills,1,2,0,,0,2026-09-01T09:00:00.000-04:00,2026-09-26T09:00:00.000-04:00,28.0,2026-09-26T02:14:07+00:00,28.0,standard,2026-09-26T12:29:56+00:00,pre_game,,
prizepicks,15245504,cs2,CS2,347867,Cozen,The Huns,Kaleido,G,KaleidoThe Huns46291.375,MAPS 1-2 Kills,kills,1,2,0,,0,2026-09-01T09:00:00.000-04:00,2026-09-26T09:00:00.000-04:00,27.0,2026-09-26T02:14:07+00:00,27.0,standard,2026-09-26T12:29:56+00:00,pre_game,,
prizepicks,15245505,cs2,CS2,258939,suki,Kaleido,The Huns,G,KaleidoThe Huns46291.375,MAPS 1-2 Kills,kills,1,2,0,,0,2026-09-01T09:00:00.000-04:00,2026-09-26T09:00:00.000-04:00,34.0,2026-09-26T02:14:07+00:00,34.0,standard,2026-09-26T12:29:56+00:00,pre_game,,
prizepicks,15245506,cs2,CS2,258937,rage,Kaleido,The Huns,G,KaleidoThe Huns46291.375,MAPS 1-2 Kills,kills,1,2,0,,0,2026-09-01T09:00:00.000-04:00,2026-09-26T09:00:00.000-04:00,31.5,2026-09-26T02:14:07+00:00,31.5,standard,2026-09-26T12:29:56+00:00,pre_game,,
prizepicks,15245507,cs2,CS2,258938,expSasiKi,Kaleido,The Huns,G,KaleidoThe Huns46291.375,MAPS 1-2 Kills,kills,1,2,0,,0,2026-09-01T09:00:00.000-04:00,2026-09-26T09:00:00.000-04:00,30.0,2026-09-26T02:14:07+00:00,29.5,standard,2026-09-26T12:29:56+00:00,pre_game,,
prizepicks,15245508,cs2,CS2,317731,chuzhongT,Kaleido,The Huns,G,KaleidoThe Huns46291.375,MAPS 1-2 Kills,kills,1,2,0,,0,2026-09-01T09:00:00.000-04:00,2026-09-26T09:00:00.000-04:00,27.0,2026-09-26T02:14:07+00:00,27.0,standard,2026-09-26T12:29:56+00:00,pre_game,,
prizepicks,15245509,cs2,CS2,258935,SPine,Kaleido,The Huns,G,KaleidoThe Huns46291.375,MAPS 1-2 Kills,kills,1,2,0,,0,2026-09-01T09:00:00.000-04:00,2026-09-26T09:00:00.000-04:00,25.5,2026-09-26T02:14:07+00:00,25.5,standard,2026-09-26T12:29:56+00:00,pre_game,,
prizepicks,15245510,cs2,CS2,325504,Annihilation,The Huns,Kaleido,G,KaleidoThe Huns46291.375,MAPS 1-2 Headshots,headshots,1,2,0,,0,2026-09-01T09:00:00.000-04:00,2026-09-26T09:00:00.000-04:00,11.5,2026-09-26T02:14:07+00:00,11.5,standard,2026-09-26T12:29:56+00:00,pre_game,,
prizepicks,15245511,cs2,CS2,219322,nin9,The Huns,Kaleido,G,KaleidoThe Huns46291.375,MAPS 1-2 Headshots,headshots,1,2,0,,0,2026-09-01T09:00:00.000-04:00,2026-09-26T09:00:00.000-04:00,18.5,2026-09-26T02:14:07+00:00,17.0,standard,2026-09-26T12:29:56+00:00,pre_game,,
prizepicks,15245512,cs2,CS2,294194,controlez,The Huns,Kaleido,G,KaleidoThe Huns46291.375,MAPS 1-2 Headshots,headshots,1,2,0,,0,2026-09-01T09:00:00.000-04:00,2026-09-26T09:00:00.000-04:00,17.5,2026-09-26T02:14:07+00:00,17.5,standard,2026-09-26T12:29:56+00:00,pre_game,,
prizepicks,15245513,cs2,CS2,219323,Bart4k,The Huns,Kaleido,G,KaleidoThe Huns46291.375,MAPS 1-2 Headshots,headshots,1,2,0,,0,2026-09-01T09:00:00.000-04:00,2026-09-26T09:00:00.000-04:00,16.0,2026-09-26T02:14:07+00:00,16.0,standard,2026-09-26T12:29:56+00:00,pre_game,,
prizepicks,15245514,cs2,CS2,347867,Cozen,The Huns,Kaleido,G,KaleidoThe Huns46291.375,MAPS 1-2 Headshots,headshots,1,2,0,,0,2026-09-01T09:00:00.000-04:00,2026-09-26T09:00:00.000-04:00,14.5,2026-09-26T02:14:07+00:00,14.5,standard,2026-09-26T12:29:56+00:00,pre_game,,
prizepicks,15245515,cs2,CS2,258939,suki,Kaleido,The Huns,G,KaleidoThe Huns46291.375,MAPS 1-2 Headshots,headshots,1,2,0,,0,2026-09-01T09:00:00.000-04:00,2026-09-26T09:00:00.000-04:00,22.0,2026-09-26T02:14:07+00:00,22.0,standard,2026-09-26T12:29:56+00:00,pre_game,,
prizepicks,15245516,cs2,CS2,258937,rage,Kaleido,The Huns,G,KaleidoThe Huns46291.375,MAPS 1-2 Headshots,headshots,1,2,0,,0,2026-09-01T09:00:00.000-04:00,2026-09-26T09:00:00.000-04:00,16.0,2026-09-26T02:14:07+00:00,16.0,standard,2026-09-26T12:29:56+00:00,pre_game,,
prizepicks,15245517,cs2,CS2,258938,expSasiKi,Kaleido,The Huns,G,KaleidoThe Huns46291.375,MAPS 1-2 Headshots,headshots,1,2,0,,0,2026-09-01T09:00:00.000-04:00,2026-09-26T09:00:00.000-04:00,16.0,2026-09-26T02:14:07+00:00,16.0,standard,2026-09-26T12:29:56+00:00,pre_game,,
prizepicks,15245518,cs2,CS2,317731,chuzhongT,Kaleido,The Huns,G,KaleidoThe Huns46291.375,MAPS 1-2 Headshots,headshots,1,2,0,,0,2026-09-01T09:00:00.000-04:00,2026-09-26T09:00:00.000-04:00,16.0,2026-09-26T02:14:07+00:00,16.0,standard,2026-09-26T12:29:56+00:00,pre_game,,
prizepicks,15245519,cs2,CS2,258935,SPine,Kaleido,The Huns,G,KaleidoThe Huns46291.375,MAPS 1-2 Headshots,headshots,1,2,0,,0,2026-09-01T09:00:00.000-04:00,2026-09-26T09:00:00.000-04:00,15.5,2026-09-26T02:14:07+00:00,15.5,standard,2026-09-26T12:29:56+00:00,pre_game,,
sleeper,match-2837755:headshots_maps_1_2_over_under_player_1238,cs2,,1238,aimy,L&G,Misa Esports,,match-2837755,MAPS 1-2 Headshots,headshots,1,2,0,,1,,2026-09-26T12:00:00Z,16.5,2026-09-26T03:30:42+00:00,16.5,standard,2026-09-26T11:31:22+00:00,pre_game,1.78,1.78
sleeper,match-2837755:kills_maps_1_2_over_under_player_1238,cs2,,1238,aimy,L&G,Misa Esports,,match-2837755,MAPS 1-2 Kills,kills,1,2,0,,1,,2026-09-26T12:00:00Z,29.5,2026-09-26T03:30:42+00:00,29.5,standard,2026-09-26T11:31:22+00:00,pre_game,1.78,1.78
sleeper,match-2837755:kills_maps_1_2_over_under_player_160068,cs2,,160068,cyber,Misa Esports,L&G,,match-2837755,MAPS 1-2 Kills,kills,1,2,0,,1,,2026-09-26T12:00:00Z,27.5,2026-09-26T03:30:42+00:00,27.5,standard,2026-09-26T11:31:22+00:00,pre_game,1.79,1.78
sleeper,match-2837755:headshots_maps_1_2_over_under_player_1651,cs2,,1651,drac,L&G,Misa Esports,,match-2837755,MAPS 1-2 Headshots,headshots,1,2,0,,1,,2026-09-26T12:00:00Z,16.5,2026-09-26T03:30:42+00:00,16.5,standard,2026-09-26T11:31:22+00:00,pre_game,1.78,1.78
sleeper,match-2837755:kills_maps_1_2_over_under_player_1651,cs2,,1651,drac,L&G,Misa Esports,,match-2837755,MAPS 1-2 Kills,kills,1,2,0,,1,,2026-09-26T12:00:00Z,31.5,2026-09-26T03:30:42+00:00,31.5,standard,2026-09-26T11:31:22+00:00,pre_game,1.77,1.79
sleeper,match-2837755:headshots_maps_1_2_over_under_player_17860,cs2,,17860,next1me,L&G,Misa Esports,,match-2837755,MAPS 1-2 Headshots,headshots,1,2,0,,1,,2026-09-26T12:00:00Z,10.5,2026-09-26T03:30:42+00:00,10.5,standard,2026-09-26T11:31:22+00:00,pre_game,1.77,1.79
sleeper,match-2837755:kills_maps_1_2_over_under_player_17860,cs2,,17860,next1me,L&G,Misa Esports,,match-2837755,MAPS 1-2 Kills,kills,1,2,0,,1,,2026-09-26T12:00:00Z,28.5,2026-09-26T03:30:42+00:00,28.5,standard,2026-09-26T11:31:22+00:00,pre_game,1.63,1.97
sleeper,match-2837755:headshots_maps_1_2_over_under_player_2074,cs2,,2074,Leen,L&G,Misa Esports,,match-2837755,MAPS 1-2 Headshots,headshots,1,2,0,,1,,2026-09-26T12:00:00Z,15.5,2026-09-26T03:30:42+00:00,15.5,standard,2026-09-26T11:31:22+00:00,pre_game,1.78,1.78
sleeper,match-2837755:kills_maps_1_2_over_under_player_2074,cs2,,2074,Leen,L&G,Misa Esports,,match-2837755,MAPS 1-2 Kills,kills,1,2,0,,1,,2026-09-26T12:00:00Z,28.5,2026-09-26T03:30:42+00:00,28.5,standard,2026-09-26T11:31:22+00:00,pre_game,1.57,2.05
sleeper,match-2837755:kills_maps_1_2_over_under_player_22563,cs2,,22563,Tarkky,L&G,Misa Esports,,match-2837755,MAPS 1-2 Kills,kills,1,2,0,,1,,2026-09-26T12:00:00Z,29.5,2026-09-26T03:30:42+00:00,29.5,standard,2026-09-26T11:31:22+00:00,pre_game,1.79,1.77
sleeper,match-2837755:headshots_maps_1_2_over_under_player_228623,cs2,,228623,Zuedsta,Misa Esports,L&G,,match-2837755,MAPS 1-2 Headshots,headshots,1,2,0,,1,,2026-09-26T12:00:00Z,16.5,2026-09-26T03:30:42+00:00,16.5,standard,2026-09-26T11:31:22+00:00,pre_game,1.78,1.78
sleeper,match-2837755:kills_maps_1_2_over_under_player_228623,cs2,,228623,Zuedsta,Misa Esports,L&G,,match-2837755,MAPS 1-2 Kills,kills,1,2,0,,1,,2026-09-26T12:00:00Z,29.5,2026-09-26T03:30:42+00:00,29.5,standard,2026-09-26T11:31:22+00:00,pre_game,1.78,1.78
sleeper,match-2837755:headshots_maps_1_2_over_under_player_229093,cs2,,229093,h0kz,Misa Esports,L&G,,match-2837755,MAPS 1-2 Headshots,headshots,1,2,0,,1,,2026-09-26T12:00:00Z,10.5,2026-09-26T03:30:42+00:00,10.5,standard,2026-09-26T11:31:22+00:00,pre_game,1.84,1.72
sleeper,match-2837755:kills_maps_1_2_over_under_player_229093,cs2,,229093,h0kz,Misa Esports,L&G,,match-2837755,MAPS 1-2 Kills,kills,1,2,0,,1,,2026-09-26T12:00:00Z,28.5,2026-09-26T03:30:42+00:00,28.5,standard,2026-09-26T11:31:22+00:00,pre_game,1.78,1.78
sleeper,match-2837755:headshots_maps_1_2_over_under_player_229449,cs2,,229449,souv,Misa Esports,L&G,,match-2837755,MAPS 1-2 Headshots,headshots,1,2,0,,1,,2026-09-26T12:00:00Z,13.5,2026-09-26T03:30:42+00:00,13.5,standard,2026-09-26T11:31:22+00:00,pre_game,1.78,1.78
sleeper,match-2837755:kills_maps_1_2_over_under_player_229449,cs2,,229449,souv,Misa Esports,L&G,,match-2837755,MAPS 1-2 Kills,kills,1,2,0,,1,,2026-09-26T12:00:00Z,26.5,2026-09-26T03:30:42+00:00,26.5,standard,2026-09-26T11:31:22+00:00,pre_game,1.82,1.74
sleeper,match-2837755:headshots_maps_1_2_over_under_player_41072,cs2,,41072,emstar,Misa Esports,L&G,,match-2837755,MAPS 1-2 Headshots,headshots,1,2,0,,1,,2026-09-26T12:00:00Z,18.5,2026-09-26T03:30:42+00:00,18.5,standard,2026-09-26T11:31:22+00:00,pre_game,1.78,1.78
sleeper,match-2837755:kills_maps_1_2_over_under_player_41072,cs2,,41072,emstar,Misa Esports,L&G,,match-2837755,MAPS 1-2 Kills,kills,1,2,0,,1,,2026-09-26T12:00:00Z,31.5,2026-09-26T03:30:42+00:00,31.5,standard,2026-09-26T11:31:22+00:00,pre_game,1.79,1.78
sleeper,match-2838883:kills_maps_1_2_over_under_player_1879,cs2,,1879,dav1g,Iberian Soul,Fnatic,,match-2838883,MAPS 1-2 Kills,kills,1,2,0,,1,,2026-09-26T12:00:00Z,27.5,2026-09-26T03:30:42+00:00,27.5,standard,2026-09-26T08:05:04+00:00,pre_game,1.79,1.77
sleeper,match-2838883:headshots_maps_1_2_over_under_player_1881,cs2,,1881,mopoz,Iberian Soul,Fnatic,,match-2838883,MAPS 1-2 Headshots,headshots,1,2,0,,1,,2026-09-26T12:00:00Z,16.5,2026-09-26T03:30:42+00:00,16.5,standard,2026-09-26T08:05:04+00:00,pre_game,1.78,1.79
sleeper,match-2838883:kills_maps_1_2_over_under_player_1881,cs2,,1881,mopoz,Iberian Soul,Fnatic,,match-2838883,MAPS 1-2 Kills,kills,1,2,0,,1,,2026-09-26T12:00:00Z,29.5,2026-09-26T03:30:42+00:00,29.5,standard,2026-09-26T08:05:04+00:00,pre_game,1.89,1.68
sleeper,match-2838883:headshots_maps_1_2_over_under_player_2143,cs2,,2143,alex,Iberian Soul,Fnatic,,match-2838883,MAPS 1-2 Headshots,headshots,1,2,0,,1,,2026-09-26T12:00:00Z,13.5,2026-09-26T03:30:42+00:00,13.5,standard,2026-09-26T08:05:04+00:00,pre_game,1.95,1.64
sleeper,match-2838883:kills_maps_1_2_over_under_player_2143,cs2,,2143,alex,Iberian Soul,Fnatic,,match-2838883,MAPS 1-2 Kills,kills,1,2,0,,1,,2026-09-26T12:00:00Z,28.5,2026-09-26T03:30:42+00:00,28.5,standard,2026-09-26T08:05:04+00:00,pre_game,1.84,1.72
sleeper,match-2838883:headshots_maps_1_2_over_under_player_2240,cs2,,2240,fear,Fnatic,Iberian Soul,,match-2838883,MAPS 1-2 Headshots,headshots,1,2,0,,1,,2026-09-26T12:00:00Z,13.5,2026-09-26T03:30:42+00:00,13.5,standard,2026-09-26T08:05:04+00:00,pre_game,1.83,1.74
sleeper,match-2838883:kills_maps_1_2_over_under_player_2240,cs2,,2240,fear,Fnatic,Iberian Soul,,match-2838883,MAPS 1-2 Kills,kills,1,2,0,,1,,2026-09-26T12:00:00Z,24.5,2026-09-26T03:30:42+00:00,24.5,standard,2026-09-26T08:05:04+00:00,pre_game,1.83,1.73
sleeper,match-2838883:headshots_maps_1_2_over_under_player_2241,cs2,,2241,jackasmo,Fnatic,Iberian Soul,,match-2838883,MAPS 1-2 Headshots,headshots,1,2,0,,1,,2026-09-26T12:00:00Z,19.5,2026-09-26T03:30:42+00:00,19.5,standard,2026-09-26T08:05:04+00:00,pre_game,1.95,1.64
sleeper,match-2838883:kills_maps_1_2_over_under_player_2241,cs2,,2241,jackasmo,Fnatic,Iberian Soul,,match-2838883,MAPS 1-2 Kills,kills,1,2,0,,1,,2026-09-26T12:00:00Z,31.5,2026-09-26T03:30:42+00:00,31.5,standard,2026-09-26T08:05:04+00:00,pre_game,1.78,1.78
sleeper,match-2838883:headshots_maps_1_2_over_under_player_2242,cs2,,2242,Jambo,Fnatic,Iberian Soul,,match-2838883,MAPS 1-2 Headshots,headshots,1,2,0,,1,,2026-09-26T12:00:00Z,11.5,2026-09-26T03:30:42+00:00,11.5,standard,2026-09-26T08:05:04+00:00,pre_game,1.52,2.12
sleeper,match-2838883:kills_maps_1_2_over_under_player_2242,cs2,,2242,Jambo,Fnatic,Iberian Soul,,match-2838883,MAPS 1-2 Kills,kills,1,2,0,,1,,2026-09-26T12:00:00Z,31.5,2026-09-26T03:30:42+00:00,31.5,standard,2026-09-26T08:05:04+00:00,pre_game,1.53,2.11
sleeper,match-2838883:headshots_maps_1_2_over_under_player_229161,cs2,,229161,mazay,Fnatic,Iberian Soul,,match-2838883,MAPS 1-2 Headshots,headshots,1,2,0,,1,,2026-09-26T12:00:00Z,16.5,2026-09-26T03:30:42+00:00,16.5,standard,2026-09-26T08:05:04+00:00,pre_game,1.78,1.78
sleeper,match-2838883:kills_maps_1_2_over_under_player_229161,cs2,,229161,mazay,Fnatic,Iberian Soul,,match-2838883,MAPS 1-2 Kills,kills,1,2,0,,1,,2026-09-26T12:00:00Z,29.5,2026-09-26T03:30:42+00:00,29.5,standard,2026-09-26T08:05:04+00:00,pre_game,1.75,1.81
sleeper,match-2838883:kills_maps_1_2_over_under_player_2361,cs2,,2361,Ag1l,Iberian Soul,Fnatic,,match-2838883,MAPS 1-2 Kills,kills,1,2,0,,1,,2026-09-26T12:00:00Z,27.5,2026-09-26T03:30:42+00:00,27.5,standard,2026-09-26T08:05:04+00:00,pre_game,1.76,1.8
sleeper,match-2838883:headshots_maps_1_2_over_under_player_2512,cs2,,2512,cairne,Fnatic,Iberian Soul,,match-2838883,MAPS 1-2 Headshots,headshots,1,2,0,,1,,2026-09-26T12:00:00Z,16.5,2026-09-26T03:30:42+00:00,16.5,standard,2026-09-26T08:05:04+00:00,pre_game,1.77,1.79
sleeper,match-2838883:kills_maps_1_2_over_under_player_2512,cs2,,2512,cairne,Fnatic,Iberian Soul,,match-2838883,MAPS 1-2 Kills,kills,1,2,0,,1,,2026-09-26T12:00:00Z,30.5,2026-09-26T03:30:42+00:00,30.5,standard,2026-09-26T08:05:04+00:00,pre_game,1.83,1.74
sleeper,match-2838883:headshots_maps_1_2_over_under_player_4178,cs2,,4178,sausol,Iberian Soul,Fnatic,,match-2838883,MAPS 1-2 Headshots,headshots,1,2,0,,1,,2026-09-26T12:00:00Z,16.5,2026-09-26T03:30:42+00:00,16.5,standard,2026-09-26T08:05:04+00:00,pre_game,1.78,1.79
sleeper,match-2838883:kills_maps_1_2_over_under_player_4178,cs2,,4178,sausol,Iberian Soul,Fnatic,,match-2838883,MAPS 1-2 Kills,kills,1,2,0,,1,,2026-09-26T12:00:00Z,29.5,2026-09-26T03:30:42+00:00,29.5,standard,2026-09-26T08:05:04+00:00,pre_game,1.78,1.78
sleeper,match-2838887:headshots_maps_1_2_over_under_player_1007,cs2,,1007,lattykk,Color,ww,,match-2838887,MAPS 1-2 Headshots,headshots,1,2,0,,1,,2026-09-26T12:00:00Z,11.5,2026-09-26T03:30:42+00:00,11.5,standard,2026-09-26T03:30:42+00:00,pre_game,1.76,1.8
sleeper,match-2838887:kills_maps_1_2_over_under_player_1007,cs2,,1007,lattykk,Color,ww,,match-2838887,MAPS 1-2 Kills,kills,1,2,0,,1,,2026-09-26T12:00:00Z,32.5,2026-09-26T03:30:42+00:00,32.5,standard,2026-09-26T08:05:04+00:00,pre_game,1.46,2.24
sleeper,match-2838887:headshots_maps_1_2_over_under_player_1376,cs2,,1376,kelieN,ww,Color,,match-2838887,MAPS 1-2 Headshots,headshots,1,2,0,,1,,2026-09-26T12:00:00Z,13.5,2026-09-26T03:30:42+00:00,13.5,standard,2026-09-26T04:11:46+00:00,pre_game,1.78,1.78
sleeper,match-2838887:kills_maps_1_2_over_under_player_1376,cs2,,1376,kelieN,ww,Color,,match-2838887,MAPS 1-2 Kills,kills,1,2,0,,1,,2026-09-26T12:00:00Z,24.5,2026-09-26T03:30:42+00:00,24.5,standard,2026-09-26T08:05:04+00:00,pre_game,1.72,1.85
sleeper,match-2838887:kills_maps_1_2_over_under_player_2233,cs2,,2233,Patsi,Color,ww,,match-2838887,MAPS 1-2 Kills,kills,1,2,0,,1,,2026-09-26T12:00:00Z,27.5,2026-09-26T03:30:42+00:00,27.5,standard,2026-09-26T08:05:04+00:00,pre_game,1.42,2.33
sleeper,match-2838887:headshots_maps_1_2_over_under_player_24031,cs2,,24031,m3wsu,ww,Color,,match-2838887,MAPS 1-2 Headshots,headshots,1,2,0,,1,,2026-09-26T12:00:00Z,15.5,2026-09-26T03:30:42+00:00,15.5,standard,2026-09-26T08:05:04+00:00,pre_game,1.76,1.8
sleeper,match-2838887:kills_maps_1_2_over_under_player_24031,cs2,,24031,m3wsu,ww,Color,,match-2838887,MAPS 1-2 Kills,kills,1,2,0,,1,,2026-09-26T12:00:00Z,26.5,2026-09-26T03:30:42+00:00,26.5,standard,2026-09-26T08:05:04+00:00,pre_game,1.44,2.28
sleeper,match-2838887:headshots_maps_1_2_over_under_player_24953,cs2,,24953,cronuss,Color,ww,,match-2838887,MAPS 1-2 Headshots,headshots,1,2,0,,1,,2026-09-26T12:00:00Z,17.5,2026-09-26T03:30:42+00:00,17.5,standard,2026-09-26T08:05:04+00:00,pre_game,1.78,1.78
sleeper,match-2838887:kills_maps_1_2_over_under_player_24953,cs2,,24953,cronuss,Color,ww,,match-2838887,MAPS 1-2 Kills,kills,1,2,0,,1,,2026-09-26T12:00:00Z,29.5,2026-09-26T03:30:42+00:00,29.5,standard,2026-09-26T08:05:04+00:00,pre_game,1.62,1.98
sleeper,match-2838887:headshots_maps_1_2_over_under_player_2717,cs2,,2717,StRoGo,ww,Color,,match-2838887,MAPS 1-2 Headshots,headshots,1,2,0,,1,,2026-09-26T12:00:00Z,10.5,2026-09-26T03:30:42+00:00,10.5,standard,2026-09-26T08:05:04+00:00,pre_game,1.78,1.78
sleeper,match-2838887:kills_maps_1_2_over_under_player_2717,cs2,,2717,StRoGo,ww,Color,,match-2838887,MAPS 1-2 Kills,kills,1,2,0,,1,,2026-09-26T12:00:00Z,20.5,2026-09-26T03:30:42+00:00,20.5,standard,2026-09-26T08:05:04+00:00,pre_game,1.8,1.76
sleeper,match-2838887:headshots_maps_1_2_over_under_player_2718,cs2,,2718,tried,ww,Color,,match-2838887,MAPS 1-2 Headshots,headshots,1,2,0,,1,,2026-09-26T12:00:00Z,12.5,2026-09-26T03:30:42+00:00,12.5,standard,2026-09-26T08:05:04+00:00,pre_game,1.83,1.73
sleeper,match-2838887:kills_maps_1_2_over_under_player_2718,cs2,,2718,tried,ww,Color,,match-2838887,MAPS 1-2 Kills,kills,1,2,0,,1,,2026-09-26T12:00:00Z,30.5,2026-09-26T03:30:42+00:00,30.5,standard,2026-09-26T08:05:04+00:00,pre_game,1.78,1.78
sleeper,match-2838887:kills_maps_1_2_over_under_player_81068,cs2,,81068,Ryujin,ww,Color,,match-2838887,MAPS 1-2 Kills,kills,1,2,0,,1,,2026-09-26T12:00:00Z,28.5,2026-09-26T03:30:42+00:00,28.5,standard,2026-09-26T08:05:04+00:00,pre_game,1.74,1.83
sleeper,match-2838888:kills_maps_1_2_over_under_player_1118,cs2,,1118,TRAVIS,Sparta,Fokus,,match-2838888,MAPS 1-2 Kills,kills,1,2,0,,1,,2026-09-26T12:00:00Z,30.5,2026-09-26T03:30:42+00:00,30.5,standard,2026-09-26T10:30:43+00:00,pre_game,1.74,1.82
sleeper,match-2838888:headshots_maps_1_2_over_under_player_1244,cs2,,1244,El1an,Sparta,Fokus,,match-2838888,MAPS 1-2 Headshots,headshots,1,2,0,,1,,2026-09-26T12:00:00Z,8.5,2026-09-26T03:30:42+00:00,8.5,standard,2026-09-26T10:30:43+00:00,pre_game,1.74,1.82
sleeper,match-2838888:kills_maps_1_2_over_under_player_1244,cs2,,1244,El1an,Sparta,Fokus,,match-2838888,MAPS 1-2 Kills,kills,1,2,0,,1,,2026-09-26T12:00:00Z,31.5,2026-09-26T03:30:42+00:00,31.5,standard,2026-09-26T10:30:43+00:00,pre_game,1.96,1.63
sleeper,match-2838888:headshots_maps_1_2_over_under_player_1349,cs2,,1349,interz,Sparta,Fokus,,match-2838888,MAPS 1-2 Headshots,headshots,1,2,0,,1,,2026-09-26T12:00:00Z,11.5,2026-09-26T03:30:42+00:00,11.5,standard,2026-09-26T10:30:43+00:00,pre_game,1.72,1.84
sleeper,match-2838888:kills_maps_1_2_over_under_player_1349,cs2,,1349,interz,Sparta,Fokus,,match-2838888,MAPS 1-2 Kills,kills,1,2,0,,1,,2026-09-26T12:00:00Z,24.5,2026-09-26T03:30:42+00:00,24.5,standard,2026-09-26T10:30:43+00:00,pre_game,1.76,1.8
sleeper,match-2838888:headshots_maps_1_2_over_under_player_1464,cs2,,1464,podi,Fokus,Sparta,,match-2838888,MAPS 1-2 Headshots,headshots,1,2,0,,1,,2026-09-26T12:00:00Z,9.5,2026-09-26T03:30:42+00:00,9.5,standard,2026-09-26T10:30:43+00:00,pre_game,1.76,1.81
sleeper,match-2838888:kills_maps_1_2_over_under_player_1464,cs2,,1464,podi,Fokus,Sparta,,match-2838888,MAPS 1-2 Kills,kills,1,2,0,,1,,2026-09-26T12:00:00Z,30.5,2026-09-26T03:30:42+00:00,30.5,standard,2026-09-26T10:30:43+00:00,pre_game,1.78,1.78
sleeper,match-2838888:headshots_maps_1_2_over_under_player_1642,cs2,,1642,ztr,Fokus,Sparta,,match-2838888,MAPS 1-2 Headshots,headshots,1,2,0,,1,,2026-09-26T12:00:00Z,12.5,2026-09-26T03:30:42+00:00,12.5,standard,2026-09-26T10:30:43+00:00,pre_game,1.78,1.78
sleeper,match-2838888:kills_maps_1_2_over_under_player_1642,cs2,,1642,ztr,Fokus,Sparta,,match-2838888,MAPS 1-2 Kills,kills,1,2,0,,1,,2026-09-26T12:00:00Z,26.5,2026-09-26T03:30:42+00:00,26.5,standard,2026-09-26T10:30:43+00:00,pre_game,1.78,1.79
sleeper,match-2838888:headshots_maps_1_2_over_under_player_172995,cs2,,172995,Matheos,Fokus,Sparta,,match-2838888,MAPS 1-2 Headshots,headshots,1,2,0,,1,,2026-09-26T12:00:00Z,19.5,2026-09-26T03:30:42+00:00,19.5,standard,2026-09-26T10:30:43+00:00,pre_game,1.77,1.79
sleeper,match-2838888:kills_maps_1_2_over_under_player_172995,cs2,,172995,Matheos,Fokus,Sparta,,match-2838888,MAPS 1-2 Kills,kills,1,2,0,,1,,2026-09-26T12:00:00Z,30.5,2026-09-26T03:30:42+00:00,30.5,standard,2026-09-26T10:30:43+00:00,pre_game,1.62,1.97
sleeper,match-2838888:headshots_maps_1_2_over_under_player_229658,cs2,,229658,NickelBack,Sparta,Fokus,,match-2838888,MAPS 1-2 Headshots,headshots,1,2,0,,1,,2026-09-26T12:00:00Z,12.5,2026-09-26T03:30:42+00:00,12.5,standard,2026-09-26T10:30:43+00:00,pre_game,1.78,1.78
sleeper,match-2838888:kills_maps_1_2_over_under_player_229658,cs2,,229658,NickelBack,Sparta,Fokus,,match-2838888,MAPS 1-2 Kills,kills,1,2,0,,1,,2026-09-26T12:00:00Z,25.5,2026-09-26T03:30:42+00:00,25.5,standard,2026-09-26T10:30:43+00:00,pre_game,1.78,1.78
sleeper,match-2838888:headshots_maps_1_2_over_under_player_2742,cs2,,2742,jocab,Fokus,Sparta,,match-2838888,MAPS 1-2 Headshots,headshots,1,2,0,,1,,2026-09-26T12:00:00Z,14.5,2026-09-26T03:30:42+00:00,14.5,standard,2026-09-26T10:30:43+00:00,pre_game,1.78,1.78
sleeper,match-2838888:kills_maps_1_2_over_under_player_2742,cs2,,2742,jocab,Fokus,Sparta,,match-2838888,MAPS 1-2 Kills,kills,1,2,0,,1,,2026-09-26T12:00:00Z,31.5,2026-09-26T03:30:42+00:00,31.5,standard,2026-09-26T10:30:43+00:00,pre_game,1.59,2.02
sleeper,match-2838888:headshots_maps_1_2_over_under_player_7319,cs2,,7319,Banjo,Fokus,Sparta,,match-2838888,MAPS 1-2 Headshots,headshots,1,2,0,,1,,2026-09-26T12:00:00Z,14.5,2026-09-26T03:30:42+00:00,14.5,standard,2026-09-26T10:30:43+00:00,pre_game,1.78,1.78
sleeper,match-2838888:kills_maps_1_2_over_under_player_7319,cs2,,7319,Banjo,Fokus,Sparta,,match-2838888,MAPS 1-2 Kills,kills,1,2,0,,1,,2026-09-26T12:00:00Z,27.5,2026-09-26T03:30:42+00:00,27.5,standard,2026-09-26T10:30:43+00:00,pre_game,1.78,1.78
sleeper,match-2838891:headshots_maps_1_2_over_under_player_164248,cs2,,164248,stressarN,Sinners Esports,Team QUAZAR,,match-2838891,MAPS 1-2 Headshots,headshots,1,2,0,,1,,2026-09-26T12:00:00Z,16.5,2026-09-26T03:30:42+00:00,16.5,standard,2026-09-26T13:02:05+00:00,pre_game,1.78,1.78
sleeper,match-2838891:kills_maps_1_2_over_under_player_164248,cs2,,164248,stressarN,Sinners Esports,Team QUAZAR,,match-2838891,MAPS 1-2 Kills,kills,1,2,0,,1,,2026-09-26T12:00:00Z,31.5,2026-09-26T03:30:42+00:00,31.5,standard,2026-09-26T13:02:05+00:00,pre_game,1.72,1.84
sleeper,match-2838891:kills_maps_1_2_over_under_player_177811,cs2,,177811,kaiori,Team QUAZAR,Sinners Esports,,match-2838891,MAPS 1-2 Kills,kills,1,2,0,,1,,2026-09-26T12:00:00Z,28.5,2026-09-26T03:30:42+00:00,28.5,standard,2026-09-26T13:02:05+00:00,pre_game,1.78,1.78
sleeper,match-2838891:headshots_maps_1_2_over_under_player_2205,cs2,,2205,MoDo,Sinners Esports,Team QUAZAR,,match-2838891,MAPS 1-2 Headshots,headshots,1,2,0,,1,,2026-09-26T12:00:00Z,9.5,2026-09-26T03:30:42+00:00,9.5,standard,2026-09-26T13:02:05+00:00,pre_game,1.78,1.78
sleeper,match-2838891:kills_maps_1_2_over_under_player_2205,cs2,,2205,MoDo,Sinners Esports,Team QUAZAR,,match-2838891,MAPS 1-2 Kills,kills,1,2,0,,1,,2026-09-26T12:00:00Z,30.5,2026-09-26T03:30:42+00:00,30.5,standard,2026-09-26T13:02:05+00:00,pre_game,1.78,1.78
sleeper,match-2838891:kills_maps_1_2_over_under_player_228476,cs2,,228476,Ne1XXX,Team QUAZAR,Sinners Esports,,match-2838891,MAPS 1-2 Kills,kills,1,2,0,,1,,2026-09-26T12:00:00Z,28.5,2026-09-26T03:30:42+00:00,28.5,standard,2026-09-26T13:02:05+00:00,pre_game,1.78,1.78
sleeper,match-2838891:kills_maps_1_2_over_under_player_229498,cs2,,229498,newt,Team QUAZAR,Sinners Esports,,match-2838891,MAPS 1-2 Kills,kills,1,2,0,,1,,2026-09-26T12:00:00Z,25.5,2026-09-26T03:30:42+00:00,25.5,standard,2026-09-26T13:02:05+00:00,pre_game,1.78,1.78
sleeper,match-2838891:kills_maps_1_2_over_under_player_2311,cs2,,2311,Porya,Team QUAZAR,Sinners Esports,,match-2838891,MAPS 1-2 Kills,kills,1,2,0,,1,,2026-09-26T12:00:00Z,26.5,2026-09-26T03:30:42+00:00,26.5,standard,2026-09-26T13:02:05+00:00,pre_game,1.78,1.78
sleeper,match-2838891:headshots_maps_1_2_over_under_player_2325,cs2,,2325,kisserek,Sinners Esports,Team QUAZAR,,match-2838891,MAPS 1-2 Headshots,headshots,1,2,0,,1,,2026-09-26T12:00:00Z,17.5,2026-09-26T03:30:42+00:00,17.5,standard,2026-09-26T13:02:05+00:00,pre_game,1.78,1.78
sleeper,match-2838891:kills_maps_1_2_over_under_player_2325,cs2,,2325,kisserek,Sinners Esports,Team QUAZAR,,match-2838891,MAPS 1-2 Kills,kills,1,2,0,,1,,2026-09-26T12:00:00Z,29.5,2026-09-26T03:30:42+00:00,29.5,standard,2026-09-26T13:02:05+00:00,pre_game,1.78,1.78
sleeper,match-2838891:headshots_maps_1_2_over_under_player_2449,cs2,,2449,beastik,Sinners Esports,Team QUAZAR,,match-2838891,MAPS 1-2 Headshots,headshots,1,2,0,,1,,2026-09-26T12:00:00Z,15.5,2026-09-26T03:30:42+00:00,15.5,standard,2026-09-26T13:02:05+00:00,pre_game,1.78,1.78
sleeper,match-2838891:kills_maps_1_2_over_under_player_2449,cs2,,2449,beastik,Sinners Esports,Team QUAZAR,,match-2838891,MAPS 1-2 Kills,kills,1,2,0,,1,,2026-09-26T12:00:00Z,26.5,2026-09-26T03:30:42+00:00,26.5,standard,2026-09-26T13:02:05+00:00,pre_game,1.78,1.78
sleeper,match-2838891:headshots_maps_1_2_over_under_player_2453,cs2,,2453,SHOCK,Sinners Esports,Team QUAZAR,,match-2838891,MAPS 1-2 Headshots,headshots,1,2,0,,1,,2026-09-26T12:00:00Z,16.5,2026-09-26T03:30:42+00:00,16.5,standard,2026-09-26T13:02:05+00:00,pre_game,1.78,1.78
sleeper,match-2838891:kills_maps_1_2_over_under_player_2453,cs2,,2453,SHOCK,Sinners Esports,Team QUAZAR,,match-2838891,MAPS 1-2 Kills,kills,1,2,0,,1,,2026-09-26T12:00:00Z,27.5,2026-09-26T03:30:42+00:00,27.5,standard,2026-09-26T13:02:05+00:00,pre_game,1.78,1.78
sleeper,match-2838891:kills_maps_1_2_over_under_player_2522,cs2,,2522,gehji,Team QUAZAR,Sinners Esports,,match-2838891,MAPS 1-2 Kills,kills,1,2,0,,1,,2026-09-26T12:00:00Z,26.5,2026-09-26T03:30:42+00:00,26.5,standard,2026-09-26T13:02:05+00:00,pre_game,1.78,1.78
sleeper,match-2839437:headshots_maps_1_2_over_under_player_105344,cs2,,105344,Forleks,Abyssal,Rooster,,match-2839437,MAPS 1-2 Headshots,headshots,1,2,0,,1,,2026-09-26T05:00:00.000-04:00,15.5,2026-09-26T03:30:42+00:00,15.5,standard,2026-09-26T05:09:45+00:00,pre_game,1.78,1.78
sleeper,match-2839437:kills_maps_1_2_over_under_player_105344,cs2,,105344,Forleks,Abyssal,Rooster,,match-2839437,MAPS 1-2 Kills,kills,1,2,0,,1,,2026-09-26T05:00:00.000-04:00,29.5,2026-09-26T03:30:42+00:00,29.5,standard,2026-09-26T05:09:45+00:00,pre_game,1.78,1.78
sleeper,match-2839437:headshots_maps_1_2_over_under_player_1716,cs2,,1716,damyo,Rooster,Abyssal,,match-2839437,MAPS 1-2 Headshots,headshots,1,2,0,,1,,2026-09-26T05:00:00.000-04:00,18.5,2026-09-26T03:30:42+00:00,18.5,standard,2026-09-26T05:09:45+00:00,pre_game,1.78,1.78
sleeper,match-2839437:kills_maps_1_2_over_under_player_1716,cs2,,1716,damyo,Rooster,Abyssal,,match-2839437,MAPS 1-2 Kills,kills,1,2,0,,1,,2026-09-26T05:00:00.000-04:00,33.5,2026-09-26T03:30:42+00:00,33.5,standard,2026-09-26T05:09:45+00:00,pre_game,1.79,1.78
sleeper,match-2839437:headshots_maps_1_2_over_under_player_1995,cs2,,1995,rekonz,Rooster,Abyssal,,match-2839437,MAPS 1-2 Headshots,headshots,1,2,0,,1,,2026-09-26T05:00:00.000-04:00,16.5,2026-09-26T03:30:42+00:00,16.5,standard,2026-09-26T05:09:45+00:00,pre_game,1.86,1.71
sleeper,match-2839437:kills_maps_1_2_over_under_player_1995,cs2,,1995,rekonz,Rooster,Abyssal,,match-2839437,MAPS 1-2 Kills,kills,1,2,0,,1,,2026-09-26T05:00:00.000-04:00,29.5,2026-09-26T03:30:42+00:00,29.5,standard,2026-09-26T05:09:45+00:00,pre_game,1.84,1.72
sleeper,match-2839437:headshots_maps_1_2_over_under_player_211190,cs2,,211190,vinhy,Abyssal,Rooster,,match-2839437,MAPS 1-2 Headshots,headshots,1,2,0,,1,,2026-09-26T05:00:00.000-04:00,14.5,2026-09-26T03:30:42+00:00,14.5,standard,2026-09-26T05:09:45+00:00,pre_game,1.78,1.78
sleeper,match-2839437:kills_maps_1_2_over_under_player_211190,cs2,,211190,vinhy,Abyssal,Rooster,,match-2839437,MAPS 1-2 Kills,kills,1,2,0,,1,,2026-09-26T05:00:00.000-04:00,26.5,2026-09-26T03:30:42+00:00,26.5,standard,2026-09-26T05:09:45+00:00,pre_game,1.78,1.78
sleeper,match-2839437:headshots_maps_1_2_over_under_player_228924,cs2,,228924,zune,Abyssal,Rooster,,match-2839437,MAPS 1-2 Headshots,headshots,1,2,0,,1,,2026-09-26T05:00:00.000-04:00,15.5,2026-09-26T03:30:42+00:00,15.5,standard,2026-09-26T05:09:45+00:00,pre_game,1.78,1.78
sleeper,match-2839437:kills_maps_1_2_over_under_player_228924,cs2,,228924,zune,Abyssal,Rooster,,match-2839437,MAPS 1-2 Kills,kills,1,2,0,,1,,2026-09-26T05:00:00.000-04:00,31.5,2026-09-26T03:30:42+00:00,31.5,standard,2026-09-26T05:09:45+00:00,pre_game,1.9,1.67
sleeper,match-2839437:headshots_maps_1_2_over_under_player_229960,cs2,,229960,blood,Abyssal,Rooster,,match-2839437,MAPS 1-2 Headshots,headshots,1,2,0,,1,,2026-09-26T05:00:00.000-04:00,12.5,2026-09-26T03:30:42+00:00,12.5,standard,2026-09-26T05:09:45+00:00,pre_game,1.91,1.67
sleeper,match-2839437:kills_maps_1_2_over_under_player_229960,cs2,,229960,blood,Abyssal,Rooster,,match-2839437,MAPS 1-2 Kills,kills,1,2,0,,1,,2026-09-26T05:00:00.000-04:00,31.5,2026-09-26T03:30:42+00:00,31.5,standard,2026-09-26T05:09:45+00:00,pre_game,1.79,1.77
sleeper,match-2839437:headshots_maps_1_2_over_under_player_2367,cs2,,2367,chelleos,Rooster,Abyssal,,match-2839437,MAPS 1-2 Headshots,headshots,1,2,0,,1,,2026-09-26T05:00:00.000-04:00,13.5,2026-09-26T03:30:42+00:00,13.5,standard,2026-09-26T05:09:45+00:00,pre_game,1.78,1.78
sleeper,match-2839437:kills_maps_1_2_over_under_player_2367,cs2,,2367,chelleos,Rooster,Abyssal,,match-2839437,MAPS 1-2 Kills,kills,1,2,0,,1,,2026-09-26T05:00:00.000-04:00,36.5,2026-09-26T03:30:42+00:00,36.5,standard,2026-09-26T05:09:45+00:00,pre_game,1.79,1.77
sleeper,match-2839437:headshots_maps_1_2_over_under_player_2368,cs2,,2368,dangeR,Abyssal,Rooster,,match-2839437,MAPS 1-2 Headshots,headshots,1,2,0,,1,,2026-09-26T05:00:00.000-04:00,16.5,2026-09-26T03:30:42+00:00,16.5,standard,2026-09-26T05:09:45+00:00,pre_game,1.96,1.63
sleeper,match-2839437:kills_maps_1_2_over_under_player_2368,cs2,,2368,dangeR,Abyssal,Rooster,,match-2839437,MAPS 1-2 Kills,kills,1,2,0,,1,,2026-09-26T05:00:00.000-04:00,32.5,2026-09-26T03:30:42+00:00,32.5,standard,2026-09-26T05:09:45+00:00,pre_game,1.9,1.68
sleeper,match-2839437:headshots_maps_1_2_over_under_player_2662,cs2,,2662,SkulL,Rooster,Abyssal,,match-2839437,MAPS 1-2 Headshots,headshots,1,2,0,,1,,2026-09-26T05:00:00.000-04:00,14.5,2026-09-26T03:30:42+00:00,14.5,standard,2026-09-26T05:09:45+00:00,pre_game,1.78,1.78
sleeper,match-2839437:kills_maps_1_2_over_under_player_2662,cs2,,2662,SkulL,Rooster,Abyssal,,match-2839437,MAPS 1-2 Kills,kills,1,2,0,,1,,2026-09-26T05:00:00.000-04:00,29.5,2026-09-26T03:30:42+00:00,29.5,standard,2026-09-26T05:09:45+00:00,pre_game,1.91,1.67
sleeper,match-2839437:headshots_maps_1_2_over_under_player_77367,cs2,,77367,ADK,Rooster,Abyssal,,match-2839437,MAPS 1-2 Headshots,headshots,1,2,0,,1,,2026-09-26T05:00:00.000-04:00,13.5,2026-09-26T03:30:42+00:00,13.5,standard,2026-09-26T05:09:45+00:00,pre_game,1.97,1.62
sleeper,match-2839437:kills_maps_1_2_over_under_player_77367,cs2,,77367,ADK,Rooster,Abyssal,,match-2839437,MAPS 1-2 Kills,kills,1,2,0,,1,,2026-09-26T05:00:00.000-04:00,24.5,2026-09-26T03:30:42+00:00,24.5,standard,2026-09-26T05:09:45+00:00,pre_game,1.92,1.66
sleeper,match-2839438:headshots_maps_1_2_over_under_player_1213,cs2,,1213,HaZR,Ground Zero,ORGLESS,,match-2839438,MAPS 1-2 Headshots,headshots,1,2,0,,1,,2026-09-26T12:00:00Z,19.5,2026-09-26T03:30:42+00:00,19.5,standard,2026-09-26T05:09:45+00:00,pre_game,1.94,1.65
sleeper,match-2839438:kills_maps_1_2_over_under_player_1213,cs2,,1213,HaZR,Ground Zero,ORGLESS,,match-2839438,MAPS 1-2 Kills,kills,1,2,0,,1,,2026-09-26T12:00:00Z,29.5,2026-09-26T03:30:42+00:00,29.5,standard,2026-09-26T05:09:45+00:00,pre_game,1.65,1.93
sleeper,match-2839438:headshots_maps_1_2_over_under_player_1714,cs2,,1714,apocdud,Ground Zero,ORGLESS,,match-2839438,MAPS 1-2 Headshots,headshots,1,2,0,,1,,2026-09-26T12:00:00Z,7.5,2026-09-26T03:30:42+00:00,7.5,standard,2026-09-26T05:09:45+00:00,pre_game,1.51,2.15
sleeper,match-2839438:kills_maps_1_2_over_under_player_1714,cs2,,1714,apocdud,Ground Zero,ORGLESS,,match-2839438,MAPS 1-2 Kills,kills,1,2,0,,1,,2026-09-26T12:00:00Z,27.5,2026-09-26T03:30:42+00:00,27.5,standard,2026-09-26T05:09:45+00:00,pre_game,1.8,1.76
sleeper,match-2839438:headshots_maps_1_2_over_under_player_1717,cs2,,1717,Omichella,Ground Zero,ORGLESS,,match-2839438,MAPS 1-2 Headshots,headshots,1,2,0,,1,,2026-09-26T12:00:00Z,16.5,2026-09-26T03:30:42+00:00,16.5,standard,2026-09-26T05:09:45+00:00,pre_game,1.86,1.71
sleeper,match-2839438:kills_maps_1_2_over_under_player_1717,cs2,,1717,Omichella,Ground Zero,ORGLESS,,match-2839438,MAPS 1-2 Kills,kills,1,2,0,,1,,2026-09-26T12:00:00Z,27.5,2026-09-26T03:30:42+00:00,27.5,standard,2026-09-26T05:09:45+00:00,pre_game,1.84,1.72
sleeper,match-2839438:headshots_maps_1_2_over_under_player_2056,cs2,,2056,Sliimey,Ground Zero,ORGLESS,,match-2839438,MAPS 1-2 Headshots,headshots,1,2,0,,1,,2026-09-26T12:00:00Z,19.5,2026-09-26T03:30:42+00:00,19.5,standard,2026-09-26T05:09:45+00:00,pre_game,1.78,1.78
sleeper,match-2839438:kills_maps_1_2_over_under_player_2056,cs2,,2056,Sliimey,Ground Zero,ORGLESS,,match-2839438,MAPS 1-2 Kills,kills,1,2,0,,1,,2026-09-26T12:00:00Z,34.5,2026-09-26T03:30:42+00:00,34.5,standard,2026-09-26T05:09:45+00:00,pre_game,1.73,1.83
sleeper,match-2839438:headshots_maps_1_2_over_under_player_2663,cs2,,2663,vision,Ground Zero,ORGLESS,,match-2839438,MAPS 1-2 Headshots,headshots,1,2,0,,1,,2026-09-26T12:00:00Z,16.5,2026-09-26T03:30:42+00:00,16.5,standard,2026-09-26T05:09:45+00:00,pre_game,1.78,1.78
sleeper,match-2839438:kills_maps_1_2_over_under_player_2663,cs2,,2663,vision,Ground Zero,ORGLESS,,match-2839438,MAPS 1-2 Kills,kills,1,2,0,,1,,2026-09-26T12:00:00Z,28.5,2026-09-26T03:30:42+00:00,28.5,standard,2026-09-26T05:09:45+00:00,pre_game,1.73,1.84
sleeper,match-2839452:headshots_maps_1_2_over_under_player_1237,cs2,,1237,zock,Bounty Hunters Esports,Imperial,,match-2839452,MAPS 1-2 Headshots,headshots,1,2,0,,1,,2026-09-26T12:00:00Z,14.5,2026-09-26T03:30:42+00:00,13.5,standard,2026-09-26T13:02:05+00:00,pre_game,1.79,1.77
sleeper,match-2839452:kills_maps_1_2_over_under_player_1237,cs2,,1237,zock,Bounty Hunters Esports,Imperial,,match-2839452,MAPS 1-2 Kills,kills,1,2,0,,1,,2026-09-26T12:00:00Z,27.5,2026-09-26T03:30:42+00:00,27.5,standard,2026-09-26T13:02:05+00:00,pre_game,2.08,1.55
sleeper,match-2839452:headshots_maps_1_2_over_under_player_1326,cs2,,1326,urban0,Bounty Hunters Esports,Imperial,,match-2839452,MAPS 1-2 Headshots,headshots,1,2,0,,1,,2026-09-26T12:00:00Z,16.5,2026-09-26T03:30:42+00:00,16.5,standard,2026-09-26T13:02:05+00:00,pre_game,1.94,1.64
sleeper,match-2839452:kills_maps_1_2_over_under_player_1326,cs2,,1326,urban0,Bounty Hunters Esports,Imperial,,match-2839452,MAPS 1-2 Kills,kills,1,2,0,,1,,2026-09-26T12:00:00Z,26.5,2026-09-26T03:30:42+00:00,26.5,standard,2026-09-26T13:02:05+00:00,pre_game,2.14,1.51
sleeper,match-2839452:headshots_maps_1_2_over_under_player_1598,cs2,,1598,chelo,Imperial,Bounty Hunters Esports,,match-2839452,MAPS 1-2 Headshots,headshots,1,2,0,,1,,2026-09-26T12:00:00Z,18.5,2026-09-26T03:30:42+00:00,18.5,standard,2026-09-26T13:02:05+00:00,pre_game,1.76,1.8
sleeper,match-2839452:kills_maps_1_2_over_under_player_1598,cs2,,1598,chelo,Imperial,Bounty Hunters Esports,,match-2839452,MAPS 1-2 Kills,kills,1,2,0,,1,,2026-09-26T12:00:00Z,28.5,2026-09-26T03:30:42+00:00,28.5,standard,2026-09-26T13:02:05+00:00,pre_game,1.83,1.74
sleeper,match-2839452:headshots_maps_1_2_over_under_player_1757,cs2,,1757,decenty,Imperial,Bounty Hunters Esports,,match-2839452,MAPS 1-2 Headshots,headshots,1,2,0,,1,,2026-09-26T12:00:00Z,18.5,2026-09-26T03:30:42+00:00,18.5,standard,2026-09-26T13:02:05+00:00,pre_game,1.78,1.78
sleeper,match-2839452:kills_maps_1_2_over_under_player_1757,cs2,,1757,decenty,Imperial,Bounty Hunters Esports,,match-2839452,MAPS 1-2 Kills,kills,1,2,0,,1,,2026-09-26T12:00:00Z,31.5,2026-09-26T03:30:42+00:00,31.5,standard,2026-09-26T13:02:05+00:00,pre_game,1.66,1.92
sleeper,match-2839452:headshots_maps_1_2_over_under_player_1761,cs2,,1761,noway,Imperial,Bounty Hunters Esports,,match-2839452,MAPS 1-2 Headshots,headshots,1,2,0,,1,,2026-09-26T12:00:00Z,16.5,2026-09-26T03:30:42+00:00,16.5,standard,2026-09-26T13:02:05+00:00,pre_game,1.88,1.69
sleeper,match-2839452:kills_maps_1_2_over_under_player_1761,cs2,,1761,noway,Imperial,Bounty Hunters Esports,,match-2839452,MAPS 1-2 Kills,kills,1,2,0,,1,,2026-09-26T12:00:00Z,29.5,2026-09-26T03:30:42+00:00,29.5,standard,2026-09-26T13:02:05+00:00,pre_game,1.72,1.84
sleeper,match-2839452:headshots_maps_1_2_over_under_player_1763,cs2,,1763,VINI,Imperial,Bounty Hunters Esports,,match-2839452,MAPS 1-2 Headshots,headshots,1,2,0,,1,,2026-09-26T12:00:00Z,13.5,2026-09-26T03:30:42+00:00,13.5,standard,2026-09-26T13:02:05+00:00,pre_game,1.78,1.78
sleeper,match-2839452:kills_maps_1_2_over_under_player_1763,cs2,,1763,VINI,Imperial,Bounty Hunters Esports,,match-2839452,MAPS 1-2 Kills,kills,1,2,0,,1,,2026-09-26T12:00:00Z,27.5,2026-09-26T03:30:42+00:00,27.5,standard,2026-09-26T13:02:05+00:00,pre_game,1.85,1.72
sleeper,match-2839452:headshots_maps_1_2_over_under_player_1934,cs2,,1934,saadzin,Imperial,Bounty Hunters Esports,,match-2839452,MAPS 1-2 Headshots,headshots,1,2,0,,1,,2026-09-26T12:00:00Z,10.5,2026-09-26T03:30:42+00:00,10.5,standard,2026-09-26T13:02:05+00:00,pre_game,1.67,1.91
sleeper,match-2839452:kills_maps_1_2_over_under_player_1934,cs2,,1934,saadzin,Imperial,Bounty Hunters Esports,,match-2839452,MAPS 1-2 Kills,kills,1,2,0,,1,,2026-09-26T12:00:00Z,29.5,2026-09-26T03:30:42+00:00,29.5,standard,2026-09-26T13:02:05+00:00,pre_game,1.76,1.8
sleeper,match-2839452:headshots_maps_1_2_over_under_player_2198,cs2,,2198,ponter,Bounty Hunters Esports,Imperial,,match-2839452,MAPS 1-2 Headshots,headshots,1,2,0,,1,,2026-09-26T12:00:00Z,13.5,2026-09-26T03:30:42+00:00,13.5,standard,2026-09-26T13:02:05+00:00,pre_game,1.78,1.78
sleeper,match-2839452:kills_maps_1_2_over_under_player_2198,cs2,,2198,ponter,Bounty Hunters Esports,Imperial,,match-2839452,MAPS 1-2 Kills,kills,1,2,0,,1,,2026-09-26T12:00:00Z,23.5,2026-09-26T03:30:42+00:00,23.5,standard,2026-09-26T13:02:05+00:00,pre_game,1.68,1.89
sleeper,match-2839452:headshots_maps_1_2_over_under_player_2430,cs2,,2430,pepe,Bounty Hunters Esports,Imperial,,match-2839452,MAPS 1-2 Headshots,headshots,1,2,0,,1,,2026-09-26T12:00:00Z,16.5,2026-09-26T03:30:42+00:00,16.5,standard,2026-09-26T13:02:05+00:00,pre_game,1.78,1.78
sleeper,match-2839452:kills_maps_1_2_over_under_player_2430,cs2,,2430,pepe,Bounty Hunters Esports,Imperial,,match-2839452,MAPS 1-2 Kills,kills,1,2,0,,1,,2026-09-26T12:00:00Z,27.5,2026-09-26T03:30:42+00:00,27.5,standard,2026-09-26T13:02:05+00:00,pre_game,1.74,1.83
sleeper,match-2839453:headshots_maps_1_2_over_under_player_206662,cs2,,206662,Ayteel,Phantom Academy,eternal premium,,match-2839453,MAPS 1-2 Headshots,headshots,1,2,0,,1,,2026-09-26T10:00:00.000-04:00,14.5,2026-09-26T03:30:42+00:00,14.5,standard,2026-09-26T13:02:05+00:00,pre_game,1.78,1.78
sleeper,match-2839453:kills_maps_1_2_over_under_player_206662,cs2,,206662,Ayteel,Phantom Academy,eternal premium,,match-2839453,MAPS 1-2 Kills,kills,1,2,0,,1,,2026-09-26T10:00:00.000-04:00,25.5,2026-09-26T03:30:42+00:00,25.5,standard,2026-09-26T13:02:05+00:00,pre_game,1.78,1.78
sleeper,match-2839453:headshots_maps_1_2_over_under_player_228855,cs2,,228855,Snoob,eternal premium,Phantom Academy,,match-2839453,MAPS 1-2 Headshots,headshots,1,2,0,,1,,2026-09-26T10:00:00.000-04:00,18.5,2026-09-26T03:30:42+00:00,18.5,standard,2026-09-26T13:02:05+00:00,pre_game,1.78,1.78
sleeper,match-2839453:kills_maps_1_2_over_under_player_228855,cs2,,228855,Snoob,eternal premium,Phantom Academy,,match-2839453,MAPS 1-2 Kills,kills,1,2,0,,1,,2026-09-26T10:00:00.000-04:00,28.5,2026-09-26T03:30:42+00:00,28.5,standard,2026-09-26T13:02:05+00:00,pre_game,1.78,1.78
sleeper,match-2839453:headshots_maps_1_2_over_under_player_229388,cs2,,229388,kalyambys,Phantom Academy,eternal premium,,match-2839453,MAPS 1-2 Headshots,headshots,1,2,0,,1,,2026-09-26T10:00:00.000-04:00,17.5,2026-09-26T03:30:42+00:00,17.5,standard,2026-09-26T13:02:05+00:00,pre_game,1.78,1.78
sleeper,match-2839453:kills_maps_1_2_over_under_player_229388,cs2,,229388,kalyambys,Phantom Academy,eternal premium,,match-2839453,MAPS 1-2 Kills,kills,1,2,0,,1,,2026-09-26T10:00:00.000-04:00,31.5,2026-09-26T03:30:42+00:00,31.5,standard,2026-09-26T13:02:05+00:00,pre_game,1.78,1.78
sleeper,match-2839453:headshots_maps_1_2_over_under_player_229918,cs2,,229918,skept1K,eternal premium,Phantom Academy,,match-2839453,MAPS 1-2 Headshots,headshots,1,2,0,,1,,2026-09-26T10:00:00.000-04:00,14.5,2026-09-26T03:30:42+00:00,14.5,standard,2026-09-26T13:02:05+00:00,pre_game,1.78,1.78
sleeper,match-2839453:kills_maps_1_2_over_under_player_229918,cs2,,229918,skept1K,eternal premium,Phantom Academy,,match-2839453,MAPS 1-2 Kills,kills,1,2,0,,1,,2026-09-26T10:00:00.000-04:00,26.5,2026-09-26T03:30:42+00:00,26.5,standard,2026-09-26T13:02:05+00:00,pre_game,1.77,1.79
sleeper,match-2839453:headshots_maps_1_2_over_under_player_229968,cs2,,229968,dazzy_y,eternal premium,Phantom Academy,,match-2839453,MAPS 1-2 Headshots,headshots,1,2,0,,1,,2026-09-26T10:00:00.000-04:00,9.5,2026-09-26T03:30:42+00:00,9.5,standard,2026-09-26T13:02:05+00:00,pre_game,1.78,1.78
sleeper,match-2839453:kills_maps_1_2_over_under_player_229968,cs2,,229968,dazzy_y,eternal premium,Phantom Academy,,match-2839453,MAPS 1-2 Kills,kills,1,2,0,,1,,2026-09-26T10:00:00.000-04:00,30.5,2026-09-26T03:30:42+00:00,30.5,standard,2026-09-26T13:02:05+00:00,pre_game,1.78,1.78
sleeper,match-2839453:headshots_maps_1_2_over_under_player_229970,cs2,,229970,P1kan0,eternal premium,Phantom Academy,,match-2839453,MAPS 1-2 Headshots,headshots,1,2,0,,1,,2026-09-26T10:00:00.000-04:00,17.5,2026-09-26T03:30:42+00:00,17.5,standard,2026-09-26T13:02:05+00:00,pre_game,1.79,1.78
sleeper,match-2839453:kills_maps_1_2_over_under_player_229970,cs2,,229970,P1kan0,eternal premium,Phantom Academy,,match-2839453,MAPS 1-2 Kills,kills,1,2,0,,1,,2026-09-26T10:00:00.000-04:00,28.5,2026-09-26T03:30:42+00:00,28.5,standard,2026-09-26T13:02:05+00:00,pre_game,1.85,1.72
sleeper,match-2839453:headshots_maps_1_2_over_under_player_230779,cs2,,230779,Innerpeace,eternal premium,Phantom Academy,,match-2839453,MAPS 1-2 Headshots,headshots,1,2,0,,1,,2026-09-26T10:00:00.000-04:00,13.5,2026-09-26T03:30:42+00:00,13.5,standard,2026-09-26T13:02:05+00:00,pre_game,1.78,1.78
sleeper,match-2839453:kills_maps_1_2_over_under_player_230779,cs2,,230779,Innerpeace,eternal premium,Phantom Academy,,match-2839453,MAPS 1-2 Kills,kills,1,2,0,,1,,2026-09-26T10:00:00.000-04:00,23.5,2026-09-26T03:30:42+00:00,23.5,standard,2026-09-26T13:02:05+00:00,pre_game,1.78,1.78
sleeper,match-2839467:headshots_maps_1_2_over_under_player_1486,cs2,,1486,regali,Eternal Fire,Nuclear TigeRES,,match-2839467,MAPS 1-2 Headshots,headshots,1,2,0,,1,,2026-09-26T11:00:00.000-04:00,11.5,2026-09-26T03:30:42+00:00,11.5,standard,2026-09-26T13:02:05+00:00,pre_game,1.86,1.71
sleeper,match-2839467:kills_maps_1_2_over_under_player_1486,cs2,,1486,regali,Eternal Fire,Nuclear TigeRES,,match-2839467,MAPS 1-2 Kills,kills,1,2,0,,1,,2026-09-26T11:00:00.000-04:00,29.5,2026-09-26T03:30:42+00:00,29.5,standard,2026-09-26T13:02:05+00:00,pre_game,1.72,1.85
sleeper,match-2839467:headshots_maps_1_2_over_under_player_2146,cs2,,2146,MisteM,Eternal Fire,Nuclear TigeRES,,match-2839467,MAPS 1-2 Headshots,headshots,1,2,0,,1,,2026-09-26T11:00:00.000-04:00,13.5,2026-09-26T03:30:42+00:00,13.5,standard,2026-09-26T13:02:05+00:00,pre_game,1.84,1.72
sleeper,match-2839467:kills_maps_1_2_over_under_player_2146,cs2,,2146,MisteM,Eternal Fire,Nuclear TigeRES,,match-2839467,MAPS 1-2 Kills,kills,1,2,0,,1,,2026-09-26T11:00:00.000-04:00,25.5,2026-09-26T03:30:42+00:00,25.5,standard,2026-09-26T13:02:05+00:00,pre_game,1.76,1.81
sleeper,match-2839467:headshots_maps_1_2_over_under_player_229933,cs2,,229933,ayuki,Nuclear TigeRES,Eternal Fire,,match-2839467,MAPS 1-2 Headshots,headshots,1,2,0,,1,,2026-09-26T11:00:00.000-04:00,16.5,2026-09-26T03:30:42+00:00,16.5,standard,2026-09-26T13:02:05+00:00,pre_game,1.75,1.81
sleeper,match-2839467:kills_maps_1_2_over_under_player_229933,cs2,,229933,ayuki,Nuclear TigeRES,Eternal Fire,,match-2839467,MAPS 1-2 Kills,kills,1,2,0,,1,,2026-09-26T11:00:00.000-04:00,29.5,2026-09-26T03:30:42+00:00,29.5,standard,2026-09-26T13:02:05+00:00,pre_game,1.84,1.73
sleeper,match-2839467:headshots_maps_1_2_over_under_player_2396,cs2,,2396,jottAAA,Eternal Fire,Nuclear TigeRES,,match-2839467,MAPS 1-2 Headshots,headshots,1,2,0,,1,,2026-09-26T11:00:00.000-04:00,18.5,2026-09-26T03:30:42+00:00,18.5,standard,2026-09-26T13:02:05+00:00,pre_game,1.61,2.0
sleeper,match-2839467:kills_maps_1_2_over_under_player_2396,cs2,,2396,jottAAA,Eternal Fire,Nuclear TigeRES,,match-2839467,MAPS 1-2 Kills,kills,1,2,0,,1,,2026-09-26T11:00:00.000-04:00,31.5,2026-09-26T03:30:42+00:00,31.5,standard,2026-09-26T13:02:05+00:00,pre_game,1.52,2.13
sleeper,match-2839467:headshots_maps_1_2_over_under_player_2757,cs2,,2757,senka,Nuclear TigeRES,Eternal Fire,,match-2839467,MAPS 1-2 Headshots,headshots,1,2,0,,1,,2026-09-26T11:00:00.000-04:00,12.5,2026-09-26T03:30:42+00:00,12.5,standard,2026-09-26T13:02:05+00:00,pre_game,1.91,1.67
sleeper,match-2839467:kills_maps_1_2_over_under_player_2757,cs2,,2757,senka,Nuclear TigeRES,Eternal Fire,,match-2839467,MAPS 1-2 Kills,kills,1,2,0,,1,,2026-09-26T11:00:00.000-04:00,24.5,2026-09-26T03:30:42+00:00,24.5,standard,2026-09-26T13:02:05+00:00,pre_game,1.78,1.78
sleeper,match-2839467:headshots_maps_1_2_over_under_player_3948,cs2,,3948,Kvem,Eternal Fire,Nuclear TigeRES,,match-2839467,MAPS 1-2 Headshots,headshots,1,2,0,,1,,2026-09-26T11:00:00.000-04:00,18.5,2026-09-26T03:30:42+00:00,18.5,standard,2026-09-26T13:02:05+00:00,pre_game,1.83,1.73
sleeper,match-2839467:kills_maps_1_2_over_under_player_3948,cs2,,3948,Kvem,Eternal Fire,Nuclear TigeRES,,match-2839467,MAPS 1-2 Kills,kills,1,2,0,,1,,2026-09-26T11:00:00.000-04:00,31.5,2026-09-26T03:30:42+00:00,31.5,standard,2026-09-26T13:02:05+00:00,pre_game,1.54,2.1
sleeper,match-2839467:headshots_maps_1_2_over_under_player_54909,cs2,,54909,flouzer,Nuclear TigeRES,Eternal Fire,,match-2839467,MAPS 1-2 Headshots,headshots,1,2,0,,1,,2026-09-26T11:00:00.000-04:00,17.5,2026-09-26T03:30:42+00:00,17.5,standard,2026-09-26T13:02:05+00:00,pre_game,1.84,1.73
sleeper,match-2839467:kills_maps_1_2_over_under_player_54909,cs2,,54909,flouzer,Nuclear TigeRES,Eternal Fire,,match-2839467,MAPS 1-2 Kills,kills,1,2,0,,1,,2026-09-26T11:00:00.000-04:00,30.5,2026-09-26T03:30:42+00:00,30.5,standard,2026-09-26T13:02:05+00:00,pre_game,1.74,1.82
sleeper,match-2839592:headshots_maps_1_2_over_under_player_1010,cs2,,1010,Graviti,3Dmax,Alliance,,match-2839592,MAPS 1-2 Headshots,headshots,1,2,0,,1,,2026-09-26T12:00:00Z,16.5,2026-09-26T03:30:42+00:00,16.5,standard,2026-09-26T08:05:04+00:00,pre_game,1.78,1.79
sleeper,match-2839592:kills_maps_1_2_over_under_player_1010,cs2,,1010,Graviti,3Dmax,Alliance,,match-2839592,MAPS 1-2 Kills,kills,1,2,0,,1,,2026-09-26T12:00:00Z,26.5,2026-09-26T03:30:42+00:00,26.5,standard,2026-09-26T08:05:04+00:00,pre_game,1.67,1.9
sleeper,match-2839592:kills_maps_1_2_over_under_player_1012,cs2,,1012,Maka,3Dmax,Alliance,,match-2839592,MAPS 1-2 Kills,kills,1,2,0,,1,,2026-09-26T12:00:00Z,30.5,2026-09-26T03:30:42+00:00,30.5,standard,2026-09-26T08:05:04+00:00,pre_game,1.67,1.9
sleeper,match-2839592:headshots_maps_1_2_over_under_player_1030,cs2,,1030,Misutaaa,3Dmax,Alliance,,match-2839592,MAPS 1-2 Headshots,headshots,1,2,0,,1,,2026-09-26T12:00:00Z,16.5,2026-09-26T03:30:42+00:00,16.5,standard,2026-09-26T08:05:04+00:00,pre_game,1.68,1.9
sleeper,match-2839592:kills_maps_1_2_over_under_player_1030,cs2,,1030,Misutaaa,3Dmax,Alliance,,match-2839592,MAPS 1-2 Kills,kills,1,2,0,,1,,2026-09-26T12:00:00Z,29.5,2026-09-26T03:30:42+00:00,29.5,standard,2026-09-26T08:05:04+00:00,pre_game,1.88,1.69
sleeper,match-2839592:headshots_maps_1_2_over_under_player_1083,cs2,,1083,avid,Alliance,3Dmax,,match-2839592,MAPS 1-2 Headshots,headshots,1,2,0,,1,,2026-09-26T12:00:00Z,16.5,2026-09-26T03:30:42+00:00,16.5,standard,2026-09-26T08:05:04+00:00,pre_game,1.98,1.62
sleeper,match-2839592:kills_maps_1_2_over_under_player_1083,cs2,,1083,avid,Alliance,3Dmax,,match-2839592,MAPS 1-2 Kills,kills,1,2,0,,1,,2026-09-26T12:00:00Z,27.5,2026-09-26T03:30:42+00:00,27.5,standard,2026-09-26T08:05:04+00:00,pre_game,1.72,1.85
sleeper,match-2839592:headshots_maps_1_2_over_under_player_1087,cs2,,1087,upE,Alliance,3Dmax,,match-2839592,MAPS 1-2 Headshots,headshots,1,2,0,,1,,2026-09-26T12:00:00Z,16.5,2026-09-26T03:30:42+00:00,16.5,standard,2026-09-26T08:05:04+00:00,pre_game,2.08,1.55
sleeper,match-2839592:kills_maps_1_2_over_under_player_1087,cs2,,1087,upE,Alliance,3Dmax,,match-2839592,MAPS 1-2 Kills,kills,1,2,0,,1,,2026-09-26T12:00:00Z,26.5,2026-09-26T03:30:42+00:00,26.5,standard,2026-09-26T08:05:04+00:00,pre_game,1.95,1.64
sleeper,match-2839592:headshots_maps_1_2_over_under_player_1652,cs2,,1652,Kursy,3Dmax,Alliance,,match-2839592,MAPS 1-2 Headshots,headshots,1,2,0,,1,,2026-09-26T12:00:00Z,17.5,2026-09-26T03:30:42+00:00,17.5,standard,2026-09-26T05:09:45+00:00,pre_game,1.93,1.65
sleeper,match-2839592:kills_maps_1_2_over_under_player_1652,cs2,,1652,Kursy,3Dmax,Alliance,,match-2839592,MAPS 1-2 Kills,kills,1,2,0,,1,,2026-09-26T12:00:00Z,29.5,2026-09-26T03:30:42+00:00,29.5,standard,2026-09-26T05:09:45+00:00,pre_game,1.41,2.35
sleeper,match-2839592:headshots_maps_1_2_over_under_player_1850,cs2,,1850,bobeksde,Alliance,3Dmax,,match-2839592,MAPS 1-2 Headshots,headshots,1,2,0,,1,,2026-09-26T12:00:00Z,18.5,2026-09-26T03:30:42+00:00,18.5,standard,2026-09-26T08:05:04+00:00,pre_game,1.62,1.98
sleeper,match-2839592:kills_maps_1_2_over_under_player_1850,cs2,,1850,bobeksde,Alliance,3Dmax,,match-2839592,MAPS 1-2 Kills,kills,1,2,0,,1,,2026-09-26T12:00:00Z,31.5,2026-09-26T03:30:42+00:00,31.5,standard,2026-09-26T08:05:04+00:00,pre_game,1.88,1.69
sleeper,match-2839592:headshots_maps_1_2_over_under_player_4176,cs2,,4176,eraa,Alliance,3Dmax,,match-2839592,MAPS 1-2 Headshots,headshots,1,2,0,,1,,2026-09-26T12:00:00Z,11.5,2026-09-26T03:30:42+00:00,11.5,standard,2026-09-26T08:05:04+00:00,pre_game,2.0,1.61
sleeper,match-2839592:kills_maps_1_2_over_under_player_4176,cs2,,4176,eraa,Alliance,3Dmax,,match-2839592,MAPS 1-2 Kills,kills,1,2,0,,1,,2026-09-26T12:00:00Z,33.5,2026-09-26T03:30:42+00:00,33.5,standard,2026-09-26T08:05:04+00:00,pre_game,1.78,1.78
sleeper,match-2839592:headshots_maps_1_2_over_under_player_50630,cs2,,50630,Lucky,3Dmax,Alliance,,match-2839592,MAPS 1-2 Headshots,headshots,1,2,0,,1,,2026-09-26T12:00:00Z,15.5,2026-09-26T03:30:42+00:00,15.5,standard,2026-09-26T08:05:04+00:00,pre_game,1.97,1.63
sleeper,match-2839592:kills_maps_1_2_over_under_player_50630,cs2,,50630,Lucky,3Dmax,Alliance,,match-2839592,MAPS 1-2 Kills,kills,1,2,0,,1,,2026-09-26T12:00:00Z,28.5,2026-09-26T03:30:42+00:00,28.5,standard,2026-09-26T08:05:04+00:00,pre_game,1.72,1.85
sleeper,match-2839593:headshots_maps_1_2_over_under_player_1156,cs2,,1156,stavn,Ninjas in Pyjamas,Sinners Esports,,match-2839593,MAPS 1-2 Headshots,headshots,1,2,0,,1,,2026-09-26T12:00:00Z,9.5,2026-09-26T03:30:42+00:00,9.5,standard,2026-09-26T13:02:05+00:00,pre_game,1.7,1.87
sleeper,match-2839593:kills_maps_1_2_over_under_player_1156,cs2,,1156,stavn,Ninjas in Pyjamas,Sinners Esports,,match-2839593,MAPS 1-2 Kills,kills,1,2,0,,1,,2026-09-26T12:00:00Z,30.5,2026-09-26T03:30:42+00:00,30.5,standard,2026-09-26T13:02:05+00:00,pre_game,1.88,1.69
sleeper,match-2839593:headshots_maps_1_2_over_under_player_1251,cs2,,1251,Krimbo,Ninjas in Pyjamas,Sinners Esports,,match-2839593,MAPS 1-2 Headshots,headshots,1,2,0,,1,,2026-09-26T12:00:00Z,15.5,2026-09-26T03:30:42+00:00,15.5,standard,2026-09-26T13:02:05+00:00,pre_game,1.89,1.69
sleeper,match-2839593:kills_maps_1_2_over_under_player_1251,cs2,,1251,Krimbo,Ninjas in Pyjamas,Sinners Esports,,match-2839593,MAPS 1-2 Kills,kills,1,2,0,,1,,2026-09-26T12:00:00Z,27.5,2026-09-26T03:30:42+00:00,27.5,standard,2026-09-26T13:02:05+00:00,pre_game,1.89,1.68
sleeper,match-2839593:headshots_maps_1_2_over_under_player_164248,cs2,,164248,stressarN,Sinners Esports,Ninjas in Pyjamas,,match-2839593,MAPS 1-2 Headshots,headshots,1,2,0,,1,,2026-09-26T12:00:00Z,16.5,2026-09-26T03:30:42+00:00,16.5,standard,2026-09-26T13:02:05+00:00,pre_game,1.83,1.74
sleeper,match-2839593:kills_maps_1_2_over_under_player_164248,cs2,,164248,stressarN,Sinners Esports,Ninjas in Pyjamas,,match-2839593,MAPS 1-2 Kills,kills,1,2,0,,1,,2026-09-26T12:00:00Z,30.5,2026-09-26T03:30:42+00:00,30.5,standard,2026-09-26T13:02:05+00:00,pre_game,1.78,1.78
sleeper,match-2839593:headshots_maps_1_2_over_under_player_1704,cs2,,1704,sjuush,Ninjas in Pyjamas,Sinners Esports,,match-2839593,MAPS 1-2 Headshots,headshots,1,2,0,,1,,2026-09-26T12:00:00Z,16.5,2026-09-26T03:30:42+00:00,16.5,standard,2026-09-26T13:02:05+00:00,pre_game,1.69,1.88
sleeper,match-2839593:kills_maps_1_2_over_under_player_1704,cs2,,1704,sjuush,Ninjas in Pyjamas,Sinners Esports,,match-2839593,MAPS 1-2 Kills,kills,1,2,0,,1,,2026-09-26T12:00:00Z,28.5,2026-09-26T03:30:42+00:00,28.5,standard,2026-09-26T13:02:05+00:00,pre_game,1.63,1.96
sleeper,match-2839593:headshots_maps_1_2_over_under_player_2022,cs2,,2022,Adamb,Ninjas in Pyjamas,Sinners Esports,,match-2839593,MAPS 1-2 Headshots,headshots,1,2,0,,1,,2026-09-26T12:00:00Z,16.5,2026-09-26T03:30:42+00:00,16.5,standard,2026-09-26T13:02:05+00:00,pre_game,1.88,1.7
sleeper,match-2839593:kills_maps_1_2_over_under_player_2022,cs2,,2022,Adamb,Ninjas in Pyjamas,Sinners Esports,,match-2839593,MAPS 1-2 Kills,kills,1,2,0,,1,,2026-09-26T12:00:00Z,28.5,2026-09-26T03:30:42+00:00,28.5,standard,2026-09-26T13:02:05+00:00,pre_game,1.72,1.84
sleeper,match-2839593:headshots_maps_1_2_over_under_player_2205,cs2,,2205,MoDo,Sinners Esports,Ninjas in Pyjamas,,match-2839593,MAPS 1-2 Headshots,headshots,1,2,0,,1,,2026-09-26T12:00:00Z,9.5,2026-09-26T03:30:42+00:00,9.5,standard,2026-09-26T13:02:05+00:00,pre_game,1.78,1.78
sleeper,match-2839593:kills_maps_1_2_over_under_player_2205,cs2,,2205,MoDo,Sinners Esports,Ninjas in Pyjamas,,match-2839593,MAPS 1-2 Kills,kills,1,2,0,,1,,2026-09-26T12:00:00Z,29.5,2026-09-26T03:30:42+00:00,29.5,standard,2026-09-26T13:02:05+00:00,pre_game,1.83,1.74
sleeper,match-2839593:headshots_maps_1_2_over_under_player_2325,cs2,,2325,kisserek,Sinners Esports,Ninjas in Pyjamas,,match-2839593,MAPS 1-2 Headshots,headshots,1,2,0,,1,,2026-09-26T12:00:00Z,16.5,2026-09-26T03:30:42+00:00,16.5,standard,2026-09-26T13:02:05+00:00,pre_game,1.92,1.66
sleeper,match-2839593:kills_maps_1_2_over_under_player_2325,cs2,,2325,kisserek,Sinners Esports,Ninjas in Pyjamas,,match-2839593,MAPS 1-2 Kills,kills,1,2,0,,1,,2026-09-26T12:00:00Z,28.5,2026-09-26T03:30:42+00:00,28.5,standard,2026-09-26T13:02:05+00:00,pre_game,1.78,1.78
sleeper,match-2839593:headshots_maps_1_2_over_under_player_2449,cs2,,2449,beastik,Sinners Esports,Ninjas in Pyjamas,,match-2839593,MAPS 1-2 Headshots,headshots,1,2,0,,1,,2026-09-26T12:00:00Z,14.5,2026-09-26T03:30:42+00:00,14.5,standard,2026-09-26T13:02:05+00:00,pre_game,1.58,2.04
sleeper,match-2839593:kills_maps_1_2_over_under_player_2449,cs2,,2449,beastik,Sinners Esports,Ninjas in Pyjamas,,match-2839593,MAPS 1-2 Kills,kills,1,2,0,,1,,2026-09-26T12:00:00Z,25.5,2026-09-26T03:30:42+00:00,25.5,standard,2026-09-26T13:02:05+00:00,pre_game,1.78,1.78
sleeper,match-2839593:headshots_maps_1_2_over_under_player_2453,cs2,,2453,SHOCK,Sinners Esports,Ninjas in Pyjamas,,match-2839593,MAPS 1-2 Headshots,headshots,1,2,0,,1,,2026-09-26T12:00:00Z,15.5,2026-09-26T03:30:42+00:00,15.5,standard,2026-09-26T13:02:05+00:00,pre_game,1.78,1.78
sleeper,match-2839593:kills_maps_1_2_over_under_player_2453,cs2,,2453,SHOCK,Sinners Esports,Ninjas in Pyjamas,,match-2839593,MAPS 1-2 Kills,kills,1,2,0,,1,,2026-09-26T12:00:00Z,26.5,2026-09-26T03:30:42+00:00,26.5,standard,2026-09-26T13:02:05+00:00,pre_game,1.78,1.78
sleeper,match-2839593:headshots_maps_1_2_over_under_player_2745,cs2,,2745,xKacpersky,Ninjas in Pyjamas,Sinners Esports,,match-2839593,MAPS 1-2 Headshots,headshots,1,2,0,,1,,2026-09-26T12:00:00Z,16.5,2026-09-26T03:30:42+00:00,16.5,standard,2026-09-26T13:02:05+00:00,pre_game,1.74,1.82
sleeper,match-2839593:kills_maps_1_2_over_under_player_2745,cs2,,2745,xKacpersky,Ninjas in Pyjamas,Sinners Esports,,match-2839593,MAPS 1-2 Kills,kills,1,2,0,,1,,2026-09-26T12:00:00Z,30.5,2026-09-26T03:30:42+00:00,30.5,standard,2026-09-26T13:02:05+00:00,pre_game,1.55,2.07
sleeper,match-2839594:headshots_maps_1_2_over_under_player_1153,cs2,,1153,device,100 Thieves,Astralis,,match-2839594,MAPS 1-2 Headshots,headshots,1,2,0,,1,,2026-09-26T06:00:00.000-04:00,9.5,2026-09-26T03:30:42+00:00,9.5,standard,2026-09-26T08:05:04+00:00,pre_game,1.64,1.95
sleeper,match-2839594:kills_maps_1_2_over_under_player_1153,cs2,,1153,device,100 Thieves,Astralis,,match-2839594,MAPS 1-2 Kills,kills,1,2,0,,1,,2026-09-26T06:00:00.000-04:00,30.5,2026-09-26T03:30:42+00:00,30.5,standard,2026-09-26T08:05:04+00:00,pre_game,1.6,2.0
sleeper,match-2839594:headshots_maps_1_2_over_under_player_1154,cs2,,1154,jabbi,Astralis,100 Thieves,,match-2839594,MAPS 1-2 Headshots,headshots,1,2,0,,1,,2026-09-26T06:00:00.000-04:00,21.5,2026-09-26T03:30:42+00:00,21.5,standard,2026-09-26T08:05:04+00:00,pre_game,1.95,1.64
sleeper,match-2839594:kills_maps_1_2_over_under_player_1154,cs2,,1154,jabbi,Astralis,100 Thieves,,match-2839594,MAPS 1-2 Kills,kills,1,2,0,,1,,2026-09-26T06:00:00.000-04:00,31.5,2026-09-26T03:30:42+00:00,31.5,standard,2026-09-26T08:05:04+00:00,pre_game,1.78,1.78
sleeper,match-2839594:headshots_maps_1_2_over_under_player_1155,cs2,,1155,Staehr,Astralis,100 Thieves,,match-2839594,MAPS 1-2 Headshots,headshots,1,2,0,,1,,2026-09-26T06:00:00.000-04:00,18.5,2026-09-26T03:30:42+00:00,18.5,standard,2026-09-26T08:05:04+00:00,pre_game,1.88,1.69
sleeper,match-2839594:kills_maps_1_2_over_under_player_1155,cs2,,1155,Staehr,Astralis,100 Thieves,,match-2839594,MAPS 1-2 Kills,kills,1,2,0,,1,,2026-09-26T06:00:00.000-04:00,32.5,2026-09-26T03:30:42+00:00,32.5,standard,2026-09-26T08:05:04+00:00,pre_game,1.78,1.78
sleeper,match-2839594:kills_maps_1_2_over_under_player_1514,cs2,,1514,poiii,100 Thieves,Astralis,,match-2839594,MAPS 1-2 Kills,kills,1,2,0,,1,,2026-09-26T06:00:00.000-04:00,31.5,2026-09-26T03:30:42+00:00,31.5,standard,2026-09-26T08:05:04+00:00,pre_game,1.77,1.8
sleeper,match-2839594:headshots_maps_1_2_over_under_player_1617,cs2,,1617,HooXi,Astralis,100 Thieves,,match-2839594,MAPS 1-2 Headshots,headshots,1,2,0,,1,,2026-09-26T06:00:00.000-04:00,13.5,2026-09-26T03:30:42+00:00,13.5,standard,2026-09-26T08:05:04+00:00,pre_game,1.65,1.93
sleeper,match-2839594:kills_maps_1_2_over_under_player_1617,cs2,,1617,HooXi,Astralis,100 Thieves,,match-2839594,MAPS 1-2 Kills,kills,1,2,0,,1,,2026-09-26T06:00:00.000-04:00,25.5,2026-09-26T03:30:42+00:00,25.5,standard,2026-09-26T08:05:04+00:00,pre_game,2.05,1.57
sleeper,match-2839594:headshots_maps_1_2_over_under_player_2073,cs2,,2073,Gizmy,100 Thieves,Astralis,,match-2839594,MAPS 1-2 Headshots,headshots,1,2,0,,1,,2026-09-26T06:00:00.000-04:00,15.5,2026-09-26T03:30:42+00:00,15.5,standard,2026-09-26T08:05:04+00:00,pre_game,1.89,1.69
sleeper,match-2839594:kills_maps_1_2_over_under_player_2073,cs2,,2073,Gizmy,100 Thieves,Astralis,,match-2839594,MAPS 1-2 Kills,kills,1,2,0,,1,,2026-09-26T06:00:00.000-04:00,27.5,2026-09-26T03:30:42+00:00,27.5,standard,2026-09-26T08:05:04+00:00,pre_game,1.98,1.62
sleeper,match-2839594:headshots_maps_1_2_over_under_player_2075,cs2,,2075,Ryu,Astralis,100 Thieves,,match-2839594,MAPS 1-2 Headshots,headshots,1,2,0,,1,,2026-09-26T06:00:00.000-04:00,16.5,2026-09-26T03:30:42+00:00,16.5,standard,2026-09-26T08:05:04+00:00,pre_game,1.61,1.99
sleeper,match-2839594:kills_maps_1_2_over_under_player_2075,cs2,,2075,Ryu,Astralis,100 Thieves,,match-2839594,MAPS 1-2 Kills,kills,1,2,0,,1,,2026-09-26T06:00:00.000-04:00,29.5,2026-09-26T03:30:42+00:00,29.5,standard,2026-09-26T08:05:04+00:00,pre_game,1.53,2.11
sleeper,match-2839594:headshots_maps_1_2_over_under_player_2083,cs2,,2083,sirah,100 Thieves,Astralis,,match-2839594,MAPS 1-2 Headshots,headshots,1,2,0,,1,,2026-09-26T06:00:00.000-04:00,16.5,2026-09-26T03:30:42+00:00,16.5,standard,2026-09-26T08:05:04+00:00,pre_game,1.84,1.73
sleeper,match-2839594:kills_maps_1_2_over_under_player_2083,cs2,,2083,sirah,100 Thieves,Astralis,,match-2839594,MAPS 1-2 Kills,kills,1,2,0,,1,,2026-09-26T06:00:00.000-04:00,28.5,2026-09-26T03:30:42+00:00,28.5,standard,2026-09-26T08:05:04+00:00,pre_game,1.78,1.78
sleeper,match-2839594:headshots_maps_1_2_over_under_player_2699,cs2,,2699,phzy,Astralis,100 Thieves,,match-2839594,MAPS 1-2 Headshots,headshots,1,2,0,,1,,2026-09-26T06:00:00.000-04:00,8.5,2026-09-26T03:30:42+00:00,8.5,standard,2026-09-26T08:05:04+00:00,pre_game,1.65,1.94
sleeper,match-2839594:kills_maps_1_2_over_under_player_2699,cs2,,2699,phzy,Astralis,100 Thieves,,match-2839594,MAPS 1-2 Kills,kills,1,2,0,,1,,2026-09-26T06:00:00.000-04:00,29.5,2026-09-26T03:30:42+00:00,29.5,standard,2026-09-26T08:05:04+00:00,pre_game,1.78,1.78
sleeper,match-2839594:kills_maps_1_2_over_under_player_51952,cs2,,51952,rain,100 Thieves,Astralis,,match-2839594,MAPS 1-2 Kills,kills,1,2,0,,1,,2026-09-26T06:00:00.000-04:00,29.5,2026-09-26T03:30:42+00:00,29.5,standard,2026-09-26T08:05:04+00:00,pre_game,1.99,1.61
sleeper,match-2839670:headshots_maps_1_2_over_under_player_1631,cs2,,1631,detr0ittJ,Galorys,paiN Gaming,,match-2839670,MAPS 1-2 Headshots,headshots,1,2,0,,1,,2026-09-26T12:00:00Z,8.5,2026-09-26T03:30:42+00:00,8.5,standard,2026-09-26T13:02:05+00:00,pre_game,1.78,1.78
sleeper,match-2839670:kills_maps_1_2_over_under_player_1631,cs2,,1631,detr0ittJ,Galorys,paiN Gaming,,match-2839670,MAPS 1-2 Kills,kills,1,2,0,,1,,2026-09-26T12:00:00Z,26.5,2026-09-26T03:30:42+00:00,26.5,standard,2026-09-26T13:02:05+00:00,pre_game,1.71,1.85
sleeper,match-2839670:headshots_maps_1_2_over_under_player_1635,cs2,,1635,tomate,Galorys,paiN Gaming,,match-2839670,MAPS 1-2 Headshots,headshots,1,2,0,,1,,2026-09-26T12:00:00Z,15.5,2026-09-26T03:30:42+00:00,15.5,standard,2026-09-26T13:02:05+00:00,pre_game,1.88,1.7
sleeper,match-2839670:kills_maps_1_2_over_under_player_1635,cs2,,1635,tomate,Galorys,paiN Gaming,,match-2839670,MAPS 1-2 Kills,kills,1,2,0,,1,,2026-09-26T12:00:00Z,29.5,2026-09-26T03:30:42+00:00,29.5,standard,2026-09-26T13:02:05+00:00,pre_game,1.76,1.8
sleeper,match-2839670:headshots_maps_1_2_over_under_player_2036,cs2,,2036,saffee,paiN Gaming,Galorys,,match-2839670,MAPS 1-2 Headshots,headshots,1,2,0,,1,,2026-09-26T12:00:00Z,9.5,2026-09-26T03:30:42+00:00,9.5,standard,2026-09-26T13:02:05+00:00,pre_game,1.88,1.69
sleeper,match-2839670:kills_maps_1_2_over_under_player_2036,cs2,,2036,saffee,paiN Gaming,Galorys,,match-2839670,MAPS 1-2 Kills,kills,1,2,0,,1,,2026-09-26T12:00:00Z,28.5,2026-09-26T03:30:42+00:00,28.5,standard,2026-09-26T13:02:05+00:00,pre_game,1.78,1.78
sleeper,match-2839670:headshots_maps_1_2_over_under_player_2225,cs2,,2225,biguzera,paiN Gaming,Galorys,,match-2839670,MAPS 1-2 Headshots,headshots,1,2,0,,1,,2026-09-26T12:00:00Z,14.5,2026-09-26T03:30:42+00:00,14.5,standard,2026-09-26T13:02:05+00:00,pre_game,1.74,1.82
sleeper,match-2839670:kills_maps_1_2_over_under_player_2225,cs2,,2225,biguzera,paiN Gaming,Galorys,,match-2839670,MAPS 1-2 Kills,kills,1,2,0,,1,,2026-09-26T12:00:00Z,27.5,2026-09-26T03:30:42+00:00,27.5,standard,2026-09-26T13:02:05+00:00,pre_game,1.78,1.78
sleeper,match-2839670:headshots_maps_1_2_over_under_player_229965,cs2,,229965,destiny,Galorys,paiN Gaming,,match-2839670,MAPS 1-2 Headshots,headshots,1,2,0,,1,,2026-09-26T12:00:00Z,13.5,2026-09-26T03:30:42+00:00,13.5,standard,2026-09-26T13:02:05+00:00,pre_game,1.9,1.68
sleeper,match-2839670:kills_maps_1_2_over_under_player_229965,cs2,,229965,destiny,Galorys,paiN Gaming,,match-2839670,MAPS 1-2 Kills,kills,1,2,0,,1,,2026-09-26T12:00:00Z,28.5,2026-09-26T03:30:42+00:00,28.5,standard,2026-09-26T13:02:05+00:00,pre_game,2.05,1.57
sleeper,match-2839670:headshots_maps_1_2_over_under_player_2462,cs2,,2462,gbb,Galorys,paiN Gaming,,match-2839670,MAPS 1-2 Headshots,headshots,1,2,0,,1,,2026-09-26T12:00:00Z,14.5,2026-09-26T03:30:42+00:00,14.5,standard,2026-09-26T13:02:05+00:00,pre_game,1.83,1.74
sleeper,match-2839670:kills_maps_1_2_over_under_player_2462,cs2,,2462,gbb,Galorys,paiN Gaming,,match-2839670,MAPS 1-2 Kills,kills,1,2,0,,1,,2026-09-26T12:00:00Z,28.5,2026-09-26T03:30:42+00:00,28.5,standard,2026-09-26T13:02:05+00:00,pre_game,1.78,1.78
sleeper,match-2839670:headshots_maps_1_2_over_under_player_63583,cs2,,63583,PKL,Galorys,paiN Gaming,,match-2839670,MAPS 1-2 Headshots,headshots,1,2,0,,1,,2026-09-26T12:00:00Z,12.5,2026-09-26T03:30:42+00:00,12.5,standard,2026-09-26T13:02:05+00:00,pre_game,1.78,1.78
sleeper,match-2839670:kills_maps_1_2_over_under_player_63583,cs2,,63583,PKL,Galorys,paiN Gaming,,match-2839670,MAPS 1-2 Kills,kills,1,2,0,,1,,2026-09-26T12:00:00Z,22.5,2026-09-26T03:30:42+00:00,22.5,standard,2026-09-26T13:02:05+00:00,pre_game,1.71,1.85
sleeper,match-2839671:headshots_maps_1_2_over_under_player_1185,cs2,,1185,clax,K27,ex-RUBY,,match-2839671,MAPS 1-2 Headshots,headshots,1,2,0,,1,,2026-09-26T13:30:00.000-04:00,17.5,2026-09-26T03:30:42+00:00,17.5,standard,2026-09-26T13:02:05+00:00,pre_game,1.94,1.64
sleeper,match-2839671:kills_maps_1_2_over_under_player_1185,cs2,,1185,clax,K27,ex-RUBY,,match-2839671,MAPS 1-2 Kills,kills,1,2,0,,1,,2026-09-26T13:30:00.000-04:00,29.5,2026-09-26T03:30:42+00:00,29.5,standard,2026-09-26T13:02:05+00:00,pre_game,1.84,1.73
sleeper,match-2839671:headshots_maps_1_2_over_under_player_1248,cs2,,1248,sh1nejezzz,ex-RUBY,K27,,match-2839671,MAPS 1-2 Headshots,headshots,1,2,0,,1,,2026-09-26T13:30:00.000-04:00,16.5,2026-09-26T03:30:42+00:00,16.5,standard,2026-09-26T13:02:05+00:00,pre_game,1.76,1.8
sleeper,match-2839671:kills_maps_1_2_over_under_player_1248,cs2,,1248,sh1nejezzz,ex-RUBY,K27,,match-2839671,MAPS 1-2 Kills,kills,1,2,0,,1,,2026-09-26T13:30:00.000-04:00,28.5,2026-09-26T03:30:42+00:00,28.5,standard,2026-09-26T13:02:05+00:00,pre_game,1.78,1.78
sleeper,match-2839671:headshots_maps_1_2_over_under_player_1527,cs2,,1527,sowalio,ex-RUBY,K27,,match-2839671,MAPS 1-2 Headshots,headshots,1,2,0,,1,,2026-09-26T13:30:00.000-04:00,15.5,2026-09-26T03:30:42+00:00,15.5,standard,2026-09-26T13:02:05+00:00,pre_game,1.78,1.78
sleeper,match-2839671:kills_maps_1_2_over_under_player_1527,cs2,,1527,sowalio,ex-RUBY,K27,,match-2839671,MAPS 1-2 Kills,kills,1,2,0,,1,,2026-09-26T13:30:00.000-04:00,27.5,2026-09-26T03:30:42+00:00,27.5,standard,2026-09-26T13:02:05+00:00,pre_game,1.78,1.78
sleeper,match-2839671:headshots_maps_1_2_over_under_player_1861,cs2,,1861,kashl1d,K27,ex-RUBY,,match-2839671,MAPS 1-2 Headshots,headshots,1,2,0,,1,,2026-09-26T13:30:00.000-04:00,9.5,2026-09-26T03:30:42+00:00,9.5,standard,2026-09-26T13:02:05+00:00,pre_game,1.78,1.78
sleeper,match-2839671:kills_maps_1_2_over_under_player_1861,cs2,,1861,kashl1d,K27,ex-RUBY,,match-2839671,MAPS 1-2 Kills,kills,1,2,0,,1,,2026-09-26T13:30:00.000-04:00,28.5,2026-09-26T03:30:42+00:00,28.5,standard,2026-09-26T13:02:05+00:00,pre_game,1.78,1.78
sleeper,match-2839671:headshots_maps_1_2_over_under_player_1864,cs2,,1864,xeedo,K27,ex-RUBY,,match-2839671,MAPS 1-2 Headshots,headshots,1,2,0,,1,,2026-09-26T13:30:00.000-04:00,18.5,2026-09-26T03:30:42+00:00,18.5,standard,2026-09-26T13:02:05+00:00,pre_game,1.78,1.78
sleeper,match-2839671:kills_maps_1_2_over_under_player_1864,cs2,,1864,xeedo,K27,ex-RUBY,,match-2839671,MAPS 1-2 Kills,kills,1,2,0,,1,,2026-09-26T13:30:00.000-04:00,32.5,2026-09-26T03:30:42+00:00,32.5,standard,2026-09-26T13:02:05+00:00,pre_game,1.9,1.68
sleeper,match-2839671:headshots_maps_1_2_over_under_player_2129,cs2,,2129,1eeR,ex-RUBY,K27,,match-2839671,MAPS 1-2 Headshots,headshots,1,2,0,,1,,2026-09-26T13:30:00.000-04:00,11.5,2026-09-26T03:30:42+00:00,11.5,standard,2026-09-26T13:02:05+00:00,pre_game,1.58,2.04
sleeper,match-2839671:kills_maps_1_2_over_under_player_2129,cs2,,2129,1eeR,ex-RUBY,K27,,match-2839671,MAPS 1-2 Kills,kills,1,2,0,,1,,2026-09-26T13:30:00.000-04:00,24.5,2026-09-26T03:30:42+00:00,24.5,standard,2026-09-26T13:02:05+00:00,pre_game,1.76,1.8
sleeper,match-2839671:headshots_maps_1_2_over_under_player_2531,cs2,,2531,X5G7V,K27,ex-RUBY,,match-2839671,MAPS 1-2 Headshots,headshots,1,2,0,,1,,2026-09-26T13:30:00.000-04:00,15.5,2026-09-26T03:30:42+00:00,15.5,standard,2026-09-26T13:02:05+00:00,pre_game,1.78,1.78
sleeper,match-2839671:kills_maps_1_2_over_under_player_2531,cs2,,2531,X5G7V,K27,ex-RUBY,,match-2839671,MAPS 1-2 Kills,kills,1,2,0,,1,,2026-09-26T13:30:00.000-04:00,28.5,2026-09-26T03:30:42+00:00,28.5,standard,2026-09-26T13:02:05+00:00,pre_game,1.78,1.78
sleeper,match-2839671:headshots_maps_1_2_over_under_player_67330,cs2,,67330,qw1nk1,K27,ex-RUBY,,match-2839671,MAPS 1-2 Headshots,headshots,1,2,0,,1,,2026-09-26T13:30:00.000-04:00,17.5,2026-09-26T03:30:42+00:00,17.5,standard,2026-09-26T13:02:05+00:00,pre_game,1.95,1.64
sleeper,match-2839671:kills_maps_1_2_over_under_player_67330,cs2,,67330,qw1nk1,K27,ex-RUBY,,match-2839671,MAPS 1-2 Kills,kills,1,2,0,,1,,2026-09-26T13:30:00.000-04:00,28.5,2026-09-26T03:30:42+00:00,28.5,standard,2026-09-26T13:02:05+00:00,pre_game,1.78,1.78
sleeper,match-2839673:headshots_maps_1_2_over_under_player_104515,cs2,,104515,Junyme,G2 Ares,STATE,,match-2839673,MAPS 1-2 Headshots,headshots,1,2,0,,1,,2026-09-26T12:00:00Z,12.5,2026-09-26T03:30:42+00:00,12.5,standard,2026-09-26T08:05:04+00:00,pre_game,1.88,1.69
sleeper,match-2839673:kills_maps_1_2_over_under_player_104515,cs2,,104515,Junyme,G2 Ares,STATE,,match-2839673,MAPS 1-2 Kills,kills,1,2,0,,1,,2026-09-26T12:00:00Z,32.5,2026-09-26T03:30:42+00:00,32.5,standard,2026-09-26T08:05:04+00:00,pre_game,1.79,1.77
sleeper,match-2839673:headshots_maps_1_2_over_under_player_1627,cs2,,1627,Queenix,STATE,G2 Ares,,match-2839673,MAPS 1-2 Headshots,headshots,1,2,0,,1,,2026-09-26T12:00:00Z,15.5,2026-09-26T03:30:42+00:00,15.5,standard,2026-09-26T08:05:04+00:00,pre_game,1.78,1.78
sleeper,match-2839673:kills_maps_1_2_over_under_player_1627,cs2,,1627,Queenix,STATE,G2 Ares,,match-2839673,MAPS 1-2 Kills,kills,1,2,0,,1,,2026-09-26T12:00:00Z,26.5,2026-09-26T03:30:42+00:00,26.5,standard,2026-09-26T08:05:04+00:00,pre_game,1.78,1.78
sleeper,match-2839673:headshots_maps_1_2_over_under_player_1955,cs2,,1955,SHiNE,G2 Ares,STATE,,match-2839673,MAPS 1-2 Headshots,headshots,1,2,0,,1,,2026-09-26T12:00:00Z,12.5,2026-09-26T03:30:42+00:00,12.5,standard,2026-09-26T08:05:04+00:00,pre_game,1.78,1.78
sleeper,match-2839673:kills_maps_1_2_over_under_player_1955,cs2,,1955,SHiNE,G2 Ares,STATE,,match-2839673,MAPS 1-2 Kills,kills,1,2,0,,1,,2026-09-26T12:00:00Z,23.5,2026-09-26T03:30:42+00:00,23.5,standard,2026-09-26T08:05:04+00:00,pre_game,1.78,1.78
sleeper,match-2839673:kills_maps_1_2_over_under_player_2008,cs2,,2008,Zanto,STATE,G2 Ares,,match-2839673,MAPS 1-2 Kills,kills,1,2,0,,1,,2026-09-26T12:00:00Z,27.5,2026-09-26T03:30:42+00:00,27.5,standard,2026-09-26T08:05:04+00:00,pre_game,1.77,1.79
sleeper,match-2839673:kills_maps_1_2_over_under_player_228484,cs2,,228484,yksjupe,G2 Ares,STATE,,match-2839673,MAPS 1-2 Kills,kills,1,2,0,,1,,2026-09-26T12:00:00Z,27.5,2026-09-26T03:30:42+00:00,27.5,standard,2026-09-26T08:05:04+00:00,pre_game,1.78,1.78
sleeper,match-2839673:headshots_maps_1_2_over_under_player_228494,cs2,,228494,hitori,G2 Ares,STATE,,match-2839673,MAPS 1-2 Headshots,headshots,1,2,0,,1,,2026-09-26T12:00:00Z,14.5,2026-09-26T03:30:42+00:00,14.5,standard,2026-09-26T08:05:04+00:00,pre_game,1.78,1.78
sleeper,match-2839673:kills_maps_1_2_over_under_player_228494,cs2,,228494,hitori,G2 Ares,STATE,,match-2839673,MAPS 1-2 Kills,kills,1,2,0,,1,,2026-09-26T12:00:00Z,29.5,2026-09-26T03:30:42+00:00,29.5,standard,2026-09-26T08:05:04+00:00,pre_game,1.78,1.78
sleeper,match-2839673:headshots_maps_1_2_over_under_player_2365,cs2,,2365,TMKj,G2 Ares,STATE,,match-2839673,MAPS 1-2 Headshots,headshots,1,2,0,,1,,2026-09-26T12:00:00Z,19.5,2026-09-26T03:30:42+00:00,19.5,standard,2026-09-26T04:42:09+00:00,pre_game,1.78,1.78
sleeper,match-2839673:kills_maps_1_2_over_under_player_2365,cs2,,2365,TMKj,G2 Ares,STATE,,match-2839673,MAPS 1-2 Kills,kills,1,2,0,,1,,2026-09-26T12:00:00Z,30.5,2026-09-26T03:30:42+00:00,30.5,standard,2026-09-26T08:05:04+00:00,pre_game,1.78,1.78
sleeper,match-2839673:kills_maps_1_2_over_under_player_2404,cs2,,2404,kwezz,STATE,G2 Ares,,match-2839673,MAPS 1-2 Kills,kills,1,2,0,,1,,2026-09-26T12:00:00Z,31.5,2026-09-26T03:30:42+00:00,31.5,standard,2026-09-26T08:05:04+00:00,pre_game,1.78,1.78
sleeper,match-2839673:headshots_maps_1_2_over_under_player_2707,cs2,,2707,sL1m3,STATE,G2 Ares,,match-2839673,MAPS 1-2 Headshots,headshots,1,2,0,,1,,2026-09-26T12:00:00Z,10.5,2026-09-26T03:30:42+00:00,10.5,standard,2026-09-26T08:05:04+00:00,pre_game,1.78,1.78
sleeper,match-2839673:kills_maps_1_2_over_under_player_2707,cs2,,2707,sL1m3,STATE,G2 Ares,,match-2839673,MAPS 1-2 Kills,kills,1,2,0,,1,,2026-09-26T12:00:00Z,32.5,2026-09-26T03:30:42+00:00,32.5,standard,2026-09-26T08:05:04+00:00,pre_game,1.78,1.78
sleeper,match-2839723:headshots_maps_1_2_over_under_player_1043,cs2,,1043,Martinez,Heroic,Sangal,,match-2839723,MAPS 1-2 Headshots,headshots,1,2,0,,1,,2026-09-26T12:00:00Z,11.5,2026-09-26T03:30:42+00:00,11.5,standard,2026-09-26T13:02:05+00:00,pre_game,1.71,1.86
sleeper,match-2839723:kills_maps_1_2_over_under_player_1043,cs2,,1043,Martinez,Heroic,Sangal,,match-2839723,MAPS 1-2 Kills,kills,1,2,0,,1,,2026-09-26T12:00:00Z,30.5,2026-09-26T03:30:42+00:00,30.5,standard,2026-09-26T13:02:05+00:00,pre_game,1.62,1.98
sleeper,match-2839723:kills_maps_1_2_over_under_player_126607,cs2,,126607,R4DYX,Sangal,Heroic,,match-2839723,MAPS 1-2 Kills,kills,1,2,0,,1,,2026-09-26T12:00:00Z,24.5,2026-09-26T03:30:42+00:00,24.5,standard,2026-09-26T13:02:05+00:00,pre_game,1.71,1.85
sleeper,match-2839723:headshots_maps_1_2_over_under_player_1688,cs2,,1688,puuha,Sangal,Heroic,,match-2839723,MAPS 1-2 Headshots,headshots,1,2,0,,1,,2026-09-26T12:00:00Z,11.5,2026-09-26T03:30:42+00:00,11.5,standard,2026-09-26T13:02:05+00:00,pre_game,1.78,1.78
sleeper,match-2839723:kills_maps_1_2_over_under_player_1688,cs2,,1688,puuha,Sangal,Heroic,,match-2839723,MAPS 1-2 Kills,kills,1,2,0,,1,,2026-09-26T12:00:00Z,22.5,2026-09-26T03:30:42+00:00,21.5,standard,2026-09-26T13:02:05+00:00,pre_game,1.78,1.79
sleeper,match-2839723:kills_maps_1_2_over_under_player_1878,cs2,,1878,adamS,Sangal,Heroic,,match-2839723,MAPS 1-2 Kills,kills,1,2,0,,1,,2026-09-26T12:00:00Z,26.5,2026-09-26T03:30:42+00:00,26.5,standard,2026-09-26T13:02:05+00:00,pre_game,1.75,1.81
sleeper,match-2839723:headshots_maps_1_2_over_under_player_2024,cs2,,2024,nilo,Heroic,Sangal,,match-2839723,MAPS 1-2 Headshots,headshots,1,2,0,,1,,2026-09-26T12:00:00Z,18.5,2026-09-26T03:30:42+00:00,19.5,standard,2026-09-26T13:02:05+00:00,pre_game,1.68,1.89
sleeper,match-2839723:kills_maps_1_2_over_under_player_2024,cs2,,2024,nilo,Heroic,Sangal,,match-2839723,MAPS 1-2 Kills,kills,1,2,0,,1,,2026-09-26T12:00:00Z,31.5,2026-09-26T03:30:42+00:00,31.5,standard,2026-09-26T13:02:05+00:00,pre_game,1.6,2.01
sleeper,match-2839723:headshots_maps_1_2_over_under_player_2077,cs2,,2077,Brollan,Heroic,Sangal,,match-2839723,MAPS 1-2 Headshots,headshots,1,2,0,,1,,2026-09-26T12:00:00Z,16.5,2026-09-26T03:30:42+00:00,16.5,standard,2026-09-26T13:02:05+00:00,pre_game,1.75,1.81
sleeper,match-2839723:kills_maps_1_2_over_under_player_2077,cs2,,2077,Brollan,Heroic,Sangal,,match-2839723,MAPS 1-2 Kills,kills,1,2,0,,1,,2026-09-26T12:00:00Z,28.5,2026-09-26T03:30:42+00:00,28.5,standard,2026-09-26T13:02:05+00:00,pre_game,1.72,1.84
sleeper,match-2839723:headshots_maps_1_2_over_under_player_2202,cs2,,2202,Chr1zN,Heroic,Sangal,,match-2839723,MAPS 1-2 Headshots,headshots,1,2,0,,1,,2026-09-26T12:00:00Z,15.5,2026-09-26T03:30:42+00:00,15.5,standard,2026-09-26T13:02:05+00:00,pre_game,1.75,1.81
sleeper,match-2839723:kills_maps_1_2_over_under_player_2202,cs2,,2202,Chr1zN,Heroic,Sangal,,match-2839723,MAPS 1-2 Kills,kills,1,2,0,,1,,2026-09-26T12:00:00Z,27.5,2026-09-26T03:30:42+00:00,27.5,standard,2026-09-26T13:02:05+00:00,pre_game,1.78,1.78
sleeper,match-2839723:headshots_maps_1_2_over_under_player_2255,cs2,,2255,bnox,Sangal,Heroic,,match-2839723,MAPS 1-2 Headshots,headshots,1,2,0,,1,,2026-09-26T12:00:00Z,13.5,2026-09-26T03:30:42+00:00,13.5,standard,2026-09-26T13:02:05+00:00,pre_game,1.77,1.79
sleeper,match-2839723:kills_maps_1_2_over_under_player_2255,cs2,,2255,bnox,Sangal,Heroic,,match-2839723,MAPS 1-2 Kills,kills,1,2,0,,1,,2026-09-26T12:00:00Z,26.5,2026-09-26T03:30:42+00:00,26.5,standard,2026-09-26T13:02:05+00:00,pre_game,1.77,1.8
sleeper,match-2839723:headshots_maps_1_2_over_under_player_2702,cs2,,2702,susp,Heroic,Sangal,,match-2839723,MAPS 1-2 Headshots,headshots,1,2,0,,1,,2026-09-26T12:00:00Z,15.5,2026-09-26T03:30:42+00:00,15.5,standard,2026-09-26T13:02:05+00:00,pre_game,1.78,1.78
sleeper,match-2839723:kills_maps_1_2_over_under_player_2702,cs2,,2702,susp,Heroic,Sangal,,match-2839723,MAPS 1-2 Kills,kills,1,2,0,,1,,2026-09-26T12:00:00Z,26.5,2026-09-26T03:30:42+00:00,26.5,standard,2026-09-26T13:02:05+00:00,pre_game,1.72,1.84
sleeper,match-2839723:kills_maps_1_2_over_under_player_7673,cs2,,7673,Joey,Sangal,Heroic,,match-2839723,MAPS 1-2 Kills,kills,1,2,0,,1,,2026-09-26T12:00:00Z,25.5,2026-09-26T03:30:42+00:00,25.5,standard,2026-09-26T13:02:05+00:00,pre_game,1.99,1.61
sleeper,match-2839732:headshots_maps_1_2_over_under_player_1027,cs2,,1027,r3salt,Team Nemesis,Sashi,,match-2839732,MAPS 1-2 Headshots,headshots,1,2,0,,1,,2026-09-26T12:00:00Z,17.5,2026-09-26T03:30:42+00:00,17.5,standard,2026-09-26T11:31:22+00:00,pre_game,1.98,1.62
sleeper,match-2839732:kills_maps_1_2_over_under_player_1027,cs2,,1027,r3salt,Team Nemesis,Sashi,,match-2839732,MAPS 1-2 Kills,kills,1,2,0,,1,,2026-09-26T12:00:00Z,30.5,2026-09-26T03:30:42+00:00,30.5,standard,2026-09-26T11:31:22+00:00,pre_game,1.78,1.78
sleeper,match-2839732:headshots_maps_1_2_over_under_player_1449,cs2,,1449,Anlelele,Sashi,Team Nemesis,,match-2839732,MAPS 1-2 Headshots,headshots,1,2,0,,1,,2026-09-26T12:00:00Z,12.5,2026-09-26T03:30:42+00:00,12.5,standard,2026-09-26T11:31:22+00:00,pre_game,1.91,1.67
sleeper,match-2839732:kills_maps_1_2_over_under_player_1449,cs2,,1449,Anlelele,Sashi,Team Nemesis,,match-2839732,MAPS 1-2 Kills,kills,1,2,0,,1,,2026-09-26T12:00:00Z,26.5,2026-09-26T03:30:42+00:00,26.5,standard,2026-09-26T11:31:22+00:00,pre_game,1.9,1.68
sleeper,match-2839732:headshots_maps_1_2_over_under_player_1683,cs2,,1683,Sdaim,Team Nemesis,Sashi,,match-2839732,MAPS 1-2 Headshots,headshots,1,2,0,,1,,2026-09-26T12:00:00Z,17.5,2026-09-26T03:30:42+00:00,17.5,standard,2026-09-26T11:31:22+00:00,pre_game,1.85,1.72
sleeper,match-2839732:kills_maps_1_2_over_under_player_1683,cs2,,1683,Sdaim,Team Nemesis,Sashi,,match-2839732,MAPS 1-2 Kills,kills,1,2,0,,1,,2026-09-26T12:00:00Z,29.5,2026-09-26T03:30:42+00:00,29.5,standard,2026-09-26T11:31:22+00:00,pre_game,1.63,1.97
sleeper,match-2839732:headshots_maps_1_2_over_under_player_1684,cs2,,1684,SELLTER,Team Nemesis,Sashi,,match-2839732,MAPS 1-2 Headshots,headshots,1,2,0,,1,,2026-09-26T12:00:00Z,14.5,2026-09-26T03:30:42+00:00,14.5,standard,2026-09-26T11:31:22+00:00,pre_game,1.8,1.76
sleeper,match-2839732:kills_maps_1_2_over_under_player_1684,cs2,,1684,SELLTER,Team Nemesis,Sashi,,match-2839732,MAPS 1-2 Kills,kills,1,2,0,,1,,2026-09-26T12:00:00Z,26.5,2026-09-26T03:30:42+00:00,26.5,standard,2026-09-26T11:31:22+00:00,pre_game,1.83,1.74
sleeper,match-2839732:headshots_maps_1_2_over_under_player_2388,cs2,,2388,tex1y,Team Nemesis,Sashi,,match-2839732,MAPS 1-2 Headshots,headshots,1,2,0,,1,,2026-09-26T12:00:00Z,17.5,2026-09-26T03:30:42+00:00,17.5,standard,2026-09-26T11:31:22+00:00,pre_game,1.88,1.69
sleeper,match-2839732:kills_maps_1_2_over_under_player_2388,cs2,,2388,tex1y,Team Nemesis,Sashi,,match-2839732,MAPS 1-2 Kills,kills,1,2,0,,1,,2026-09-26T12:00:00Z,29.5,2026-09-26T03:30:42+00:00,29.5,standard,2026-09-26T11:31:22+00:00,pre_game,1.78,1.78
sleeper,match-2839732:headshots_maps_1_2_over_under_player_2402,cs2,,2402,Cabbi,Sashi,Team Nemesis,,match-2839732,MAPS 1-2 Headshots,headshots,1,2,0,,1,,2026-09-26T12:00:00Z,14.5,2026-09-26T03:30:42+00:00,14.5,standard,2026-09-26T11:31:22+00:00,pre_game,1.72,1.85
sleeper,match-2839732:kills_maps_1_2_over_under_player_2402,cs2,,2402,Cabbi,Sashi,Team Nemesis,,match-2839732,MAPS 1-2 Kills,kills,1,2,0,,1,,2026-09-26T12:00:00Z,25.5,2026-09-26T03:30:42+00:00,25.5,standard,2026-09-26T11:31:22+00:00,pre_game,1.71,1.86
sleeper,match-2839732:headshots_maps_1_2_over_under_player_2406,cs2,,2406,MistR,Sashi,Team Nemesis,,match-2839732,MAPS 1-2 Headshots,headshots,1,2,0,,1,,2026-09-26T12:00:00Z,14.5,2026-09-26T03:30:42+00:00,14.5,standard,2026-09-26T11:31:22+00:00,pre_game,1.78,1.78
sleeper,match-2839732:kills_maps_1_2_over_under_player_2406,cs2,,2406,MistR,Sashi,Team Nemesis,,match-2839732,MAPS 1-2 Kills,kills,1,2,0,,1,,2026-09-26T12:00:00Z,26.5,2026-09-26T03:30:42+00:00,26.5,standard,2026-09-26T11:31:22+00:00,pre_game,1.78,1.78
sleeper,match-2839732:headshots_maps_1_2_over_under_player_2623,cs2,,2623,acoR,Sashi,Team Nemesis,,match-2839732,MAPS 1-2 Headshots,headshots,1,2,0,,1,,2026-09-26T12:00:00Z,9.5,2026-09-26T03:30:42+00:00,9.5,standard,2026-09-26T11:31:22+00:00,pre_game,1.71,1.86
sleeper,match-2839732:kills_maps_1_2_over_under_player_2623,cs2,,2623,acoR,Sashi,Team Nemesis,,match-2839732,MAPS 1-2 Kills,kills,1,2,0,,1,,2026-09-26T12:00:00Z,29.5,2026-09-26T03:30:42+00:00,29.5,standard,2026-09-26T11:31:22+00:00,pre_game,1.78,1.79
sleeper,match-2839732:headshots_maps_1_2_over_under_player_2626,cs2,,2626,Zyphon,Sashi,Team Nemesis,,match-2839732,MAPS 1-2 Headshots,headshots,1,2,0,,1,,2026-09-26T12:00:00Z,17.5,2026-09-26T03:30:42+00:00,17.5,standard,2026-09-26T11:31:22+00:00,pre_game,1.98,1.62
sleeper,match-2839732:kills_maps_1_2_over_under_player_2626,cs2,,2626,Zyphon,Sashi,Team Nemesis,,match-2839732,MAPS 1-2 Kills,kills,1,2,0,,1,,2026-09-26T12:00:00Z,29.5,2026-09-26T03:30:42+00:00,29.5,standard,2026-09-26T11:31:22+00:00,pre_game,1.93,1.65
sleeper,match-2839732:headshots_maps_1_2_over_under_player_92121,cs2,,92121,mag1k3Y,Team Nemesis,Sashi,,match-2839732,MAPS 1-2 Headshots,headshots,1,2,0,,1,,2026-09-26T12:00:00Z,10.5,2026-09-26T03:30:42+00:00,10.5,standard,2026-09-26T11:31:22+00:00,pre_game,2.1,1.54
sleeper,match-2839732:kills_maps_1_2_over_under_player_92121,cs2,,92121,mag1k3Y,Team Nemesis,Sashi,,match-2839732,MAPS 1-2 Kills,kills,1,2,0,,1,,2026-09-26T12:00:00Z,30.5,2026-09-26T03:30:42+00:00,30.5,standard,2026-09-26T11:31:22+00:00,pre_game,1.84,1.73
sleeper,match-2839733:headshots_maps_1_2_over_under_player_20490,cs2,,20490,NOPEEJ,Saw,Mouz Nxt,,match-2839733,MAPS 1-2 Headshots,headshots,1,2,0,,1,,2026-09-26T12:00:00Z,17.5,2026-09-26T03:30:42+00:00,17.5,standard,2026-09-26T13:02:05+00:00,pre_game,1.78,1.78
sleeper,match-2839733:kills_maps_1_2_over_under_player_20490,cs2,,20490,NOPEEJ,Saw,Mouz Nxt,,match-2839733,MAPS 1-2 Kills,kills,1,2,0,,1,,2026-09-26T12:00:00Z,28.5,2026-09-26T03:30:42+00:00,28.5,standard,2026-09-26T13:02:05+00:00,pre_game,1.78,1.78
sleeper,match-2839733:kills_maps_1_2_over_under_player_228642,cs2,,228642,Ay0k,Mouz Nxt,Saw,,match-2839733,MAPS 1-2 Kills,kills,1,2,0,,1,,2026-09-26T12:00:00Z,23.5,2026-09-26T03:30:42+00:00,23.5,standard,2026-09-26T13:02:05+00:00,pre_game,1.78,1.78
sleeper,match-2839733:kills_maps_1_2_over_under_player_229567,cs2,,229567,mixer,Mouz Nxt,Saw,,match-2839733,MAPS 1-2 Kills,kills,1,2,0,,1,,2026-09-26T12:00:00Z,22.5,2026-09-26T03:30:42+00:00,22.5,standard,2026-09-26T12:31:34+00:00,pre_game,1.78,1.78
sleeper,match-2839733:kills_maps_1_2_over_under_player_230814,cs2,,230814,eSx,Mouz Nxt,Saw,,match-2839733,MAPS 1-2 Kills,kills,1,2,0,,1,,2026-09-26T12:00:00Z,25.5,2026-09-26T03:30:42+00:00,25.5,standard,2026-09-26T13:02:05+00:00,pre_game,1.82,1.74
sleeper,match-2839733:headshots_maps_1_2_over_under_player_2362,cs2,,2362,krazy,Saw,Mouz Nxt,,match-2839733,MAPS 1-2 Headshots,headshots,1,2,0,,1,,2026-09-26T12:00:00Z,14.5,2026-09-26T03:30:42+00:00,14.5,standard,2026-09-26T13:02:05+00:00,pre_game,1.78,1.78
sleeper,match-2839733:kills_maps_1_2_over_under_player_2362,cs2,,2362,krazy,Saw,Mouz Nxt,,match-2839733,MAPS 1-2 Kills,kills,1,2,0,,1,,2026-09-26T12:00:00Z,30.5,2026-09-26T03:30:42+00:00,30.5,standard,2026-09-26T13:02:05+00:00,pre_game,1.78,1.78
sleeper,match-2839733:kills_maps_1_2_over_under_player_23784,cs2,,23784,deeN,Mouz Nxt,Saw,,match-2839733,MAPS 1-2 Kills,kills,1,2,0,,1,,2026-09-26T12:00:00Z,25.5,2026-09-26T03:30:42+00:00,25.5,standard,2026-09-26T13:02:05+00:00,pre_game,1.75,1.81
sleeper,match-2839733:headshots_maps_1_2_over_under_player_2412,cs2,,2412,ewjerkz,Saw,Mouz Nxt,,match-2839733,MAPS 1-2 Headshots,headshots,1,2,0,,1,,2026-09-26T12:00:00Z,15.5,2026-09-26T03:30:42+00:00,15.5,standard,2026-09-26T13:02:05+00:00,pre_game,1.76,1.8
sleeper,match-2839733:kills_maps_1_2_over_under_player_2412,cs2,,2412,ewjerkz,Saw,Mouz Nxt,,match-2839733,MAPS 1-2 Kills,kills,1,2,0,,1,,2026-09-26T12:00:00Z,28.5,2026-09-26T03:30:42+00:00,28.5,standard,2026-09-26T13:02:05+00:00,pre_game,1.6,2.01
sleeper,match-2839733:headshots_maps_1_2_over_under_player_2413,cs2,,2413,MUTiRiS,Saw,Mouz Nxt,,match-2839733,MAPS 1-2 Headshots,headshots,1,2,0,,1,,2026-09-26T12:00:00Z,13.5,2026-09-26T03:30:42+00:00,13.5,standard,2026-09-26T13:02:05+00:00,pre_game,1.78,1.78
sleeper,match-2839733:kills_maps_1_2_over_under_player_2413,cs2,,2413,MUTiRiS,Saw,Mouz Nxt,,match-2839733,MAPS 1-2 Kills,kills,1,2,0,,1,,2026-09-26T12:00:00Z,25.5,2026-09-26T03:30:42+00:00,25.5,standard,2026-09-26T13:02:05+00:00,pre_game,1.78,1.78
sleeper,match-2839733:headshots_maps_1_2_over_under_player_2415,cs2,,2415,story,Saw,Mouz Nxt,,match-2839733,MAPS 1-2 Headshots,headshots,1,2,0,,1,,2026-09-26T12:00:00Z,9.5,2026-09-26T03:30:42+00:00,9.5,standard,2026-09-26T13:02:05+00:00,pre_game,1.76,1.8
sleeper,match-2839733:kills_maps_1_2_over_under_player_2415,cs2,,2415,story,Saw,Mouz Nxt,,match-2839733,MAPS 1-2 Kills,kills,1,2,0,,1,,2026-09-26T12:00:00Z,32.5,2026-09-26T03:30:42+00:00,32.5,standard,2026-09-26T13:02:05+00:00,pre_game,1.78,1.78
sleeper,match-2839735:headshots_maps_1_2_over_under_player_1451,cs2,,1451,Maze,Nordic Partners,Rebels Gaming,,match-2839735,MAPS 1-2 Headshots,headshots,1,2,0,,1,,2026-09-26T12:00:00Z,16.5,2026-09-26T03:30:42+00:00,16.5,standard,2026-09-26T13:02:05+00:00,pre_game,1.78,1.78
sleeper,match-2839735:kills_maps_1_2_over_under_player_1451,cs2,,1451,Maze,Nordic Partners,Rebels Gaming,,match-2839735,MAPS 1-2 Kills,kills,1,2,0,,1,,2026-09-26T12:00:00Z,28.5,2026-09-26T03:30:42+00:00,28.5,standard,2026-09-26T13:02:05+00:00,pre_game,1.99,1.61
sleeper,match-2839735:headshots_maps_1_2_over_under_player_1469,cs2,,1469,myltsi,Nordic Partners,Rebels Gaming,,match-2839735,MAPS 1-2 Headshots,headshots,1,2,0,,1,,2026-09-26T12:00:00Z,14.5,2026-09-26T03:30:42+00:00,14.5,standard,2026-09-26T13:02:05+00:00,pre_game,1.78,1.78
sleeper,match-2839735:kills_maps_1_2_over_under_player_1469,cs2,,1469,myltsi,Nordic Partners,Rebels Gaming,,match-2839735,MAPS 1-2 Kills,kills,1,2,0,,1,,2026-09-26T12:00:00Z,28.5,2026-09-26T03:30:42+00:00,28.5,standard,2026-09-26T13:02:05+00:00,pre_game,1.78,1.78
sleeper,match-2839735:headshots_maps_1_2_over_under_player_1532,cs2,,1532,Marix,Nordic Partners,Rebels Gaming,,match-2839735,MAPS 1-2 Headshots,headshots,1,2,0,,1,,2026-09-26T12:00:00Z,14.5,2026-09-26T03:30:42+00:00,14.5,standard,2026-09-26T13:02:05+00:00,pre_game,1.78,1.78
sleeper,match-2839735:kills_maps_1_2_over_under_player_1532,cs2,,1532,Marix,Nordic Partners,Rebels Gaming,,match-2839735,MAPS 1-2 Kills,kills,1,2,0,,1,,2026-09-26T12:00:00Z,27.5,2026-09-26T03:30:42+00:00,27.5,standard,2026-09-26T13:02:05+00:00,pre_game,2.07,1.56
sleeper,match-2839735:kills_maps_1_2_over_under_player_1882,cs2,,1882,stadodo,Rebels Gaming,Nordic Partners,,match-2839735,MAPS 1-2 Kills,kills,1,2,0,,1,,2026-09-26T12:00:00Z,30.5,2026-09-26T03:30:42+00:00,30.5,standard,2026-09-26T13:02:05+00:00,pre_game,1.97,1.62
sleeper,match-2839735:headshots_maps_1_2_over_under_player_2204,cs2,,2204,k1to,Nordic Partners,Rebels Gaming,,match-2839735,MAPS 1-2 Headshots,headshots,1,2,0,,1,,2026-09-26T12:00:00Z,17.5,2026-09-26T03:30:42+00:00,17.5,standard,2026-09-26T13:02:05+00:00,pre_game,1.78,1.78
sleeper,match-2839735:kills_maps_1_2_over_under_player_2204,cs2,,2204,k1to,Nordic Partners,Rebels Gaming,,match-2839735,MAPS 1-2 Kills,kills,1,2,0,,1,,2026-09-26T12:00:00Z,28.5,2026-09-26T03:30:42+00:00,28.5,standard,2026-09-26T13:02:05+00:00,pre_game,1.88,1.7
sleeper,match-2839735:headshots_maps_1_2_over_under_player_2411,cs2,,2411,arrozdoce,Rebels Gaming,Nordic Partners,,match-2839735,MAPS 1-2 Headshots,headshots,1,2,0,,1,,2026-09-26T12:00:00Z,14.5,2026-09-26T03:30:42+00:00,14.5,standard,2026-09-26T13:02:05+00:00,pre_game,1.79,1.77
sleeper,match-2839735:kills_maps_1_2_over_under_player_2411,cs2,,2411,arrozdoce,Rebels Gaming,Nordic Partners,,match-2839735,MAPS 1-2 Kills,kills,1,2,0,,1,,2026-09-26T12:00:00Z,26.5,2026-09-26T03:30:42+00:00,26.5,standard,2026-09-26T13:02:05+00:00,pre_game,1.81,1.75
sleeper,match-2839735:headshots_maps_1_2_over_under_player_25774,cs2,,25774,Shr,Rebels Gaming,Nordic Partners,,match-2839735,MAPS 1-2 Headshots,headshots,1,2,0,,1,,2026-09-26T12:00:00Z,12.5,2026-09-26T03:30:42+00:00,12.5,standard,2026-09-26T13:02:05+00:00,pre_game,1.78,1.78
sleeper,match-2839735:kills_maps_1_2_over_under_player_25774,cs2,,25774,Shr,Rebels Gaming,Nordic Partners,,match-2839735,MAPS 1-2 Kills,kills,1,2,0,,1,,2026-09-26T12:00:00Z,31.5,2026-09-26T03:30:42+00:00,31.5,standard,2026-09-26T13:02:05+00:00,pre_game,1.75,1.82
sleeper,match-2839735:headshots_maps_1_2_over_under_player_4384,cs2,,4384,Icarus,Rebels Gaming,Nordic Partners,,match-2839735,MAPS 1-2 Headshots,headshots,1,2,0,,1,,2026-09-26T12:00:00Z,15.5,2026-09-26T03:30:42+00:00,15.5,standard,2026-09-26T13:02:05+00:00,pre_game,1.78,1.78
sleeper,match-2839735:kills_maps_1_2_over_under_player_4384,cs2,,4384,Icarus,Rebels Gaming,Nordic Partners,,match-2839735,MAPS 1-2 Kills,kills,1,2,0,,1,,2026-09-26T12:00:00Z,28.5,2026-09-26T03:30:42+00:00,28.5,standard,2026-09-26T13:02:05+00:00,pre_game,1.78,1.78
sleeper,match-2839795:headshots_maps_1_2_over_under_player_1036,cs2,,1036,Hypex,GamerLegion,magic,,match-2839795,MAPS 1-2 Headshots,headshots,1,2,0,,1,,2026-09-26T14:00:00.000-04:00,9.5,2026-09-26T03:30:42+00:00,9.5,standard,2026-09-26T13:02:05+00:00,pre_game,1.57,2.05
sleeper,match-2839795:kills_maps_1_2_over_under_player_1036,cs2,,1036,Hypex,GamerLegion,magic,,match-2839795,MAPS 1-2 Kills,kills,1,2,0,,1,,2026-09-26T14:00:00.000-04:00,28.5,2026-09-26T03:30:42+00:00,28.5,standard,2026-09-26T13:02:05+00:00,pre_game,1.8,1.76
sleeper,match-2839795:headshots_maps_1_2_over_under_player_1246,cs2,,1246,MaSvAl,magic,GamerLegion,,match-2839795,MAPS 1-2 Headshots,headshots,1,2,0,,1,,2026-09-26T14:00:00.000-04:00,16.5,2026-09-26T03:30:42+00:00,16.5,standard,2026-09-26T13:02:05+00:00,pre_game,1.7,1.87
sleeper,match-2839795:kills_maps_1_2_over_under_player_1246,cs2,,1246,MaSvAl,magic,GamerLegion,,match-2839795,MAPS 1-2 Kills,kills,1,2,0,,1,,2026-09-26T14:00:00.000-04:00,27.5,2026-09-26T03:30:42+00:00,27.5,standard,2026-09-26T13:02:05+00:00,pre_game,1.8,1.76
sleeper,match-2839795:kills_maps_1_2_over_under_player_1405,cs2,,1405,AW,magic,GamerLegion,,match-2839795,MAPS 1-2 Kills,kills,1,2,0,,1,,2026-09-26T14:00:00.000-04:00,29.5,2026-09-26T03:30:42+00:00,29.5,standard,2026-09-26T13:02:05+00:00,pre_game,1.99,1.61
sleeper,match-2839795:headshots_maps_1_2_over_under_player_1409,cs2,,1409,sFade8,magic,GamerLegion,,match-2839795,MAPS 1-2 Headshots,headshots,1,2,0,,1,,2026-09-26T14:00:00.000-04:00,16.5,2026-09-26T03:30:42+00:00,16.5,standard,2026-09-26T13:02:05+00:00,pre_game,2.07,1.56
sleeper,match-2839795:kills_maps_1_2_over_under_player_1409,cs2,,1409,sFade8,magic,GamerLegion,,match-2839795,MAPS 1-2 Kills,kills,1,2,0,,1,,2026-09-26T14:00:00.000-04:00,26.5,2026-09-26T03:30:42+00:00,26.5,standard,2026-09-26T13:02:05+00:00,pre_game,1.9,1.68
sleeper,match-2839795:headshots_maps_1_2_over_under_player_1454,cs2,,1454,Tauson,GamerLegion,magic,,match-2839795,MAPS 1-2 Headshots,headshots,1,2,0,,1,,2026-09-26T14:00:00.000-04:00,14.5,2026-09-26T03:30:42+00:00,14.5,standard,2026-09-26T13:02:05+00:00,pre_game,1.69,1.88
sleeper,match-2839795:kills_maps_1_2_over_under_player_1454,cs2,,1454,Tauson,GamerLegion,magic,,match-2839795,MAPS 1-2 Kills,kills,1,2,0,,1,,2026-09-26T14:00:00.000-04:00,28.5,2026-09-26T03:30:42+00:00,28.5,standard,2026-09-26T13:02:05+00:00,pre_game,1.79,1.77
sleeper,match-2839795:headshots_maps_1_2_over_under_player_1525,cs2,,1525,mo0n,magic,GamerLegion,,match-2839795,MAPS 1-2 Headshots,headshots,1,2,0,,1,,2026-09-26T14:00:00.000-04:00,11.5,2026-09-26T03:30:42+00:00,11.5,standard,2026-09-26T13:02:05+00:00,pre_game,1.73,1.84
sleeper,match-2839795:kills_maps_1_2_over_under_player_1525,cs2,,1525,mo0n,magic,GamerLegion,,match-2839795,MAPS 1-2 Kills,kills,1,2,0,,1,,2026-09-26T14:00:00.000-04:00,29.5,2026-09-26T03:30:42+00:00,29.5,standard,2026-09-26T13:02:05+00:00,pre_game,1.68,1.9
sleeper,match-2839795:headshots_maps_1_2_over_under_player_1622,cs2,,1622,Snax,GamerLegion,magic,,match-2839795,MAPS 1-2 Headshots,headshots,1,2,0,,1,,2026-09-26T14:00:00.000-04:00,11.5,2026-09-26T03:30:42+00:00,11.5,standard,2026-09-26T13:02:05+00:00,pre_game,1.78,1.78
sleeper,match-2839795:kills_maps_1_2_over_under_player_1622,cs2,,1622,Snax,GamerLegion,magic,,match-2839795,MAPS 1-2 Kills,kills,1,2,0,,1,,2026-09-26T14:00:00.000-04:00,25.5,2026-09-26T03:30:42+00:00,25.5,standard,2026-09-26T13:02:05+00:00,pre_game,1.85,1.72
sleeper,match-2839795:headshots_maps_1_2_over_under_player_1638,cs2,,1638,FL4MUS,GamerLegion,magic,,match-2839795,MAPS 1-2 Headshots,headshots,1,2,0,,1,,2026-09-26T14:00:00.000-04:00,18.5,2026-09-26T03:30:42+00:00,18.5,standard,2026-09-26T13:02:05+00:00,pre_game,1.78,1.78
sleeper,match-2839795:kills_maps_1_2_over_under_player_1638,cs2,,1638,FL4MUS,GamerLegion,magic,,match-2839795,MAPS 1-2 Kills,kills,1,2,0,,1,,2026-09-26T14:00:00.000-04:00,32.5,2026-09-26T03:30:42+00:00,32.5,standard,2026-09-26T13:02:05+00:00,pre_game,1.82,1.74
sleeper,match-2839795:kills_maps_1_2_over_under_player_2148,cs2,,2148,REZ,GamerLegion,magic,,match-2839795,MAPS 1-2 Kills,kills,1,2,0,,1,,2026-09-26T14:00:00.000-04:00,31.5,2026-09-26T03:30:42+00:00,31.5,standard,2026-09-26T13:02:05+00:00,pre_game,1.78,1.78
sleeper,match-2839795:headshots_maps_1_2_over_under_player_7072,cs2,,7072,tENZY,magic,GamerLegion,,match-2839795,MAPS 1-2 Headshots,headshots,1,2,0,,1,,2026-09-26T14:00:00.000-04:00,19.5,2026-09-26T03:30:42+00:00,19.5,standard,2026-09-26T13:02:05+00:00,pre_game,1.78,1.78
sleeper,match-2839795:kills_maps_1_2_over_under_player_7072,cs2,,7072,tENZY,magic,GamerLegion,,match-2839795,MAPS 1-2 Kills,kills,1,2,0,,1,,2026-09-26T14:00:00.000-04:00,31.5,2026-09-26T03:30:42+00:00,31.5,standard,2026-09-26T13:02:05+00:00,pre_game,1.89,1.69
sleeper,match-2839796:headshots_maps_1_2_over_under_player_1185,cs2,,1185,clax,K27,Eyeballers,,match-2839796,MAPS 1-2 Headshots,headshots,1,2,0,,1,,2026-09-26T12:00:00Z,17.5,2026-09-26T03:30:42+00:00,17.5,standard,2026-09-26T11:31:22+00:00,pre_game,1.99,1.61
sleeper,match-2839796:kills_maps_1_2_over_under_player_1185,cs2,,1185,clax,K27,Eyeballers,,match-2839796,MAPS 1-2 Kills,kills,1,2,0,,1,,2026-09-26T12:00:00Z,29.5,2026-09-26T03:30:42+00:00,29.5,standard,2026-09-26T11:31:22+00:00,pre_game,1.78,1.78
sleeper,match-2839796:headshots_maps_1_2_over_under_player_1507,cs2,,1507,dex,Eyeballers,K27,,match-2839796,MAPS 1-2 Headshots,headshots,1,2,0,,1,,2026-09-26T12:00:00Z,14.5,2026-09-26T03:30:42+00:00,14.5,standard,2026-09-26T11:31:22+00:00,pre_game,1.69,1.88
sleeper,match-2839796:kills_maps_1_2_over_under_player_1507,cs2,,1507,dex,Eyeballers,K27,,match-2839796,MAPS 1-2 Kills,kills,1,2,0,,1,,2026-09-26T12:00:00Z,27.5,2026-09-26T03:30:42+00:00,27.5,standard,2026-09-26T11:31:22+00:00,pre_game,1.74,1.83
sleeper,match-2839796:headshots_maps_1_2_over_under_player_1511,cs2,,1511,JW,Eyeballers,K27,,match-2839796,MAPS 1-2 Headshots,headshots,1,2,0,,1,,2026-09-26T12:00:00Z,9.5,2026-09-26T03:30:42+00:00,9.5,standard,2026-09-26T11:31:22+00:00,pre_game,1.66,1.93
sleeper,match-2839796:kills_maps_1_2_over_under_player_1511,cs2,,1511,JW,Eyeballers,K27,,match-2839796,MAPS 1-2 Kills,kills,1,2,0,,1,,2026-09-26T12:00:00Z,27.5,2026-09-26T03:30:42+00:00,27.5,standard,2026-09-26T11:31:22+00:00,pre_game,1.78,1.78
sleeper,match-2839796:headshots_maps_1_2_over_under_player_1586,cs2,,1586,KRIMZ,Eyeballers,K27,,match-2839796,MAPS 1-2 Headshots,headshots,1,2,0,,1,,2026-09-26T12:00:00Z,13.5,2026-09-26T03:30:42+00:00,13.5,standard,2026-09-26T11:31:22+00:00,pre_game,1.78,1.78
sleeper,match-2839796:kills_maps_1_2_over_under_player_1586,cs2,,1586,KRIMZ,Eyeballers,K27,,match-2839796,MAPS 1-2 Kills,kills,1,2,0,,1,,2026-09-26T12:00:00Z,28.5,2026-09-26T03:30:42+00:00,28.5,standard,2026-09-26T11:31:22+00:00,pre_game,1.84,1.72
sleeper,match-2839796:headshots_maps_1_2_over_under_player_1856,cs2,,1856,Ro1f,Eyeballers,K27,,match-2839796,MAPS 1-2 Headshots,headshots,1,2,0,,1,,2026-09-26T12:00:00Z,15.5,2026-09-26T03:30:42+00:00,15.5,standard,2026-09-26T11:31:22+00:00,pre_game,1.78,1.78
sleeper,match-2839796:kills_maps_1_2_over_under_player_1856,cs2,,1856,Ro1f,Eyeballers,K27,,match-2839796,MAPS 1-2 Kills,kills,1,2,0,,1,,2026-09-26T12:00:00Z,26.5,2026-09-26T03:30:42+00:00,26.5,standard,2026-09-26T11:31:22+00:00,pre_game,1.85,1.72
sleeper,match-2839796:headshots_maps_1_2_over_under_player_1861,cs2,,1861,kashl1d,K27,Eyeballers,,match-2839796,MAPS 1-2 Headshots,headshots,1,2,0,,1,,2026-09-26T12:00:00Z,9.5,2026-09-26T03:30:42+00:00,9.5,standard,2026-09-26T11:31:22+00:00,pre_game,1.9,1.67
sleeper,match-2839796:kills_maps_1_2_over_under_player_1861,cs2,,1861,kashl1d,K27,Eyeballers,,match-2839796,MAPS 1-2 Kills,kills,1,2,0,,1,,2026-09-26T12:00:00Z,28.5,2026-09-26T03:30:42+00:00,28.5,standard,2026-09-26T11:31:22+00:00,pre_game,1.75,1.82
sleeper,match-2839796:headshots_maps_1_2_over_under_player_1864,cs2,,1864,xeedo,K27,Eyeballers,,match-2839796,MAPS 1-2 Headshots,headshots,1,2,0,,1,,2026-09-26T12:00:00Z,18.5,2026-09-26T03:30:42+00:00,18.5,standard,2026-09-26T11:31:22+00:00,pre_game,2.06,1.57
sleeper,match-2839796:kills_maps_1_2_over_under_player_1864,cs2,,1864,xeedo,K27,Eyeballers,,match-2839796,MAPS 1-2 Kills,kills,1,2,0,,1,,2026-09-26T12:00:00Z,32.5,2026-09-26T03:30:42+00:00,32.5,standard,2026-09-26T11:31:22+00:00,pre_game,1.91,1.67
sleeper,match-2839796:headshots_maps_1_2_over_under_player_2145,cs2,,2145,maxster,Eyeballers,K27,,match-2839796,MAPS 1-2 Headshots,headshots,1,2,0,,1,,2026-09-26T12:00:00Z,18.5,2026-09-26T03:30:42+00:00,18.5,standard,2026-09-26T11:31:22+00:00,pre_game,1.87,1.7
sleeper,match-2839796:kills_maps_1_2_over_under_player_2145,cs2,,2145,maxster,Eyeballers,K27,,match-2839796,MAPS 1-2 Kills,kills,1,2,0,,1,,2026-09-26T12:00:00Z,30.5,2026-09-26T03:30:42+00:00,30.5,standard,2026-09-26T11:31:22+00:00,pre_game,1.78,1.78
sleeper,match-2839796:headshots_maps_1_2_over_under_player_2531,cs2,,2531,X5G7V,K27,Eyeballers,,match-2839796,MAPS 1-2 Headshots,headshots,1,2,0,,1,,2026-09-26T12:00:00Z,15.5,2026-09-26T03:30:42+00:00,15.5,standard,2026-09-26T11:31:22+00:00,pre_game,1.78,1.78
sleeper,match-2839796:kills_maps_1_2_over_under_player_2531,cs2,,2531,X5G7V,K27,Eyeballers,,match-2839796,MAPS 1-2 Kills,kills,1,2,0,,1,,2026-09-26T12:00:00Z,28.5,2026-09-26T03:30:42+00:00,28.5,standard,2026-09-26T11:31:22+00:00,pre_game,1.84,1.72
sleeper,match-2839796:headshots_maps_1_2_over_under_player_67330,cs2,,67330,qw1nk1,K27,Eyeballers,,match-2839796,MAPS 1-2 Headshots,headshots,1,2,0,,1,,2026-09-26T12:00:00Z,17.5,2026-09-26T03:30:42+00:00,17.5,standard,2026-09-26T11:31:22+00:00,pre_game,1.91,1.67
sleeper,match-2839796:kills_maps_1_2_over_under_player_67330,cs2,,67330,qw1nk1,K27,Eyeballers,,match-2839796,MAPS 1-2 Kills,kills,1,2,0,,1,,2026-09-26T12:00:00Z,28.5,2026-09-26T03:30:42+00:00,28.5,standard,2026-09-26T11:31:22+00:00,pre_game,1.72,1.85
sleeper,match-2839795:headshots_maps_1_2_over_under_player_2148,cs2,,2148,REZ,GamerLegion,magic,,match-2839795,MAPS 1-2 Headshots,headshots,1,2,0,,1,,2026-09-26T14:00:00.000-04:00,16.5,2026-09-26T03:47:15+00:00,16.5,standard,2026-09-26T13:02:05+00:00,pre_game,1.78,1.78
prizepicks,15248460,cs2,CS2,210411,chelleos,Rooster,,G,CS2_match_7XTN01tTkvAmFfVqgSkwdTRQ,MAPS 1-2 Kills,kills,1,2,0,,0,2026-09-01T05:00:00.000-04:00,2026-09-26T05:00:00.000-04:00,36.0,2026-09-26T03:52:54+00:00,36.0,standard,2026-09-26T08:03:26+00:00,pre_game,,
prizepicks,15248465,cs2,CS2,210411,chelleos,Rooster,,G,CS2_match_7XTN01tTkvAmFfVqgSkwdTRQ,MAPS 1-2 Headshots,headshots,1,2,0,,0,2026-09-01T05:00:00.000-04:00,2026-09-26T05:00:00.000-04:00,13.5,2026-09-26T03:52:54+00:00,13.5,standard,2026-09-26T08:03:26+00:00,pre_game,,
prizepicks,15248461,cs2,CS2,339431,damyo,Rooster,,G,CS2_match_7XTN01tTkvAmFfVqgSkwdTRQ,MAPS 1-2 Kills,kills,1,2,0,,0,2026-09-01T05:00:00.000-04:00,2026-09-26T05:00:00.000-04:00,32.5,2026-09-26T03:52:54+00:00,32.5,standard,2026-09-26T08:03:26+00:00,pre_game,,
prizepicks,15248466,cs2,CS2,339431,damyo,Rooster,,G,CS2_match_7XTN01tTkvAmFfVqgSkwdTRQ,MAPS 1-2 Headshots,headshots,1,2,0,,0,2026-09-01T05:00:00.000-04:00,2026-09-26T05:00:00.000-04:00,18.0,2026-09-26T03:52:54+00:00,18.0,standard,2026-09-26T08:03:26+00:00,pre_game,,
prizepicks,15248462,cs2,CS2,297536,rekonz,Rooster,,G,CS2_match_7XTN01tTkvAmFfVqgSkwdTRQ,MAPS 1-2 Kills,kills,1,2,0,,0,2026-09-01T05:00:00.000-04:00,2026-09-26T05:00:00.000-04:00,28.0,2026-09-26T03:52:54+00:00,28.0,standard,2026-09-26T08:03:26+00:00,pre_game,,
prizepicks,15248467,cs2,CS2,297536,rekonz,Rooster,,G,CS2_match_7XTN01tTkvAmFfVqgSkwdTRQ,MAPS 1-2 Headshots,headshots,1,2,0,,0,2026-09-01T05:00:00.000-04:00,2026-09-26T05:00:00.000-04:00,16.0,2026-09-26T03:52:54+00:00,16.0,standard,2026-09-26T08:03:26+00:00,pre_game,,
prizepicks,15248463,cs2,CS2,339432,SkulL,Rooster,,G,CS2_match_7XTN01tTkvAmFfVqgSkwdTRQ,MAPS 1-2 Kills,kills,1,2,0,,0,2026-09-01T05:00:00.000-04:00,2026-09-26T05:00:00.000-04:00,28.0,2026-09-26T03:52:54+00:00,28.0,standard,2026-09-26T08:03:26+00:00,pre_game,,
prizepicks,15248468,cs2,CS2,339432,SkulL,Rooster,,G,CS2_match_7XTN01tTkvAmFfVqgSkwdTRQ,MAPS 1-2 Headshots,headshots,1,2,0,,0,2026-09-01T05:00:00.000-04:00,2026-09-26T05:00:00.000-04:00,14.0,2026-09-26T03:52:54+00:00,14.0,standard,2026-09-26T08:03:26+00:00,pre_game,,
prizepicks,15248464,cs2,CS2,323851,ADK,Rooster,,G,CS2_match_7XTN01tTkvAmFfVqgSkwdTRQ,MAPS 1-2 Kills,kills,1,2,0,,0,2026-09-01T05:00:00.000-04:00,2026-09-26T05:00:00.000-04:00,23.5,2026-09-26T03:52:54+00:00,23.5,standard,2026-09-26T08:03:26+00:00,pre_game,,
prizepicks,15248469,cs2,CS2,323851,ADK,Rooster,,G,CS2_match_7XTN01tTkvAmFfVqgSkwdTRQ,MAPS 1-2 Headshots,headshots,1,2,0,,0,2026-09-01T05:00:00.000-04:00,2026-09-26T05:00:00.000-04:00,13.0,2026-09-26T03:52:54+00:00,13.0,standard,2026-09-26T08:03:26+00:00,pre_game,,
prizepicks,15237758,dota,Dota2,230485,Ame,XG,GL,1,GLXG46291.2083333333,MAP 3 Kills,kills,3,3,0,,1,2026-09-26T03:30:00.000-04:00,2026-09-26T05:00:00.000-04:00,7.0,2026-09-26T08:01:12+00:00,7.0,standard,2026-09-26T08:04:50+00:00,pre_game,,
prizepicks,15237759,dota,Dota2,345233,Xm,XG,GL,2,GLXG46291.2083333333,MAP 3 Kills,kills,3,3,0,,1,2026-09-26T03:30:00.000-04:00,2026-09-26T05:00:00.000-04:00,6.0,2026-09-26T08:01:12+00:00,6.0,standard,2026-09-26T08:04:50+00:00,pre_game,,
prizepicks,15237760,dota,Dota2,345234,zeal,XG,GL,3,GLXG46291.2083333333,MAP 3 Kills,kills,3,3,0,,1,2026-09-26T03:30:00.000-04:00,2026-09-26T05:00:00.000-04:00,4.5,2026-09-26T08:01:12+00:00,4.5,standard,2026-09-26T08:04:50+00:00,pre_game,,
prizepicks,15237761,dota,Dota2,345235,XinQ,XG,GL,4,GLXG46291.2083333333,MAP 3 Kills,kills,3,3,0,,1,2026-09-26T03:30:00.000-04:00,2026-09-26T05:00:00.000-04:00,2.5,2026-09-26T08:01:12+00:00,2.5,standard,2026-09-26T08:04:50+00:00,pre_game,,
prizepicks,15237762,dota,Dota2,345236,BoBoKa,XG,GL,5,GLXG46291.2083333333,MAP 3 Kills,kills,3,3,0,,1,2026-09-26T03:30:00.000-04:00,2026-09-26T05:00:00.000-04:00,2.5,2026-09-26T08:01:12+00:00,2.5,standard,2026-09-26T08:04:50+00:00,pre_game,,
prizepicks,15237763,dota,Dota2,342092,Timado,GL,XG,1,GLXG46291.2083333333,MAP 3 Kills,kills,3,3,0,,1,2026-09-26T03:30:00.000-04:00,2026-09-26T05:00:00.000-04:00,6.0,2026-09-26T08:01:12+00:00,6.0,standard,2026-09-26T08:04:50+00:00,pre_game,,
prizepicks,15237764,dota,Dota2,222459,RCY,GL,XG,2,GLXG46291.2083333333,MAP 3 Kills,kills,3,3,0,,1,2026-09-26T03:30:00.000-04:00,2026-09-26T05:00:00.000-04:00,6.5,2026-09-26T08:01:12+00:00,6.5,standard,2026-09-26T08:04:50+00:00,pre_game,,
prizepicks,15237765,dota,Dota2,222460,Fayde,GL,XG,3,GLXG46291.2083333333,MAP 3 Kills,kills,3,3,0,,1,2026-09-26T03:30:00.000-04:00,2026-09-26T05:00:00.000-04:00,3.5,2026-09-26T08:01:12+00:00,3.5,standard,2026-09-26T08:04:50+00:00,pre_game,,
prizepicks,15237766,dota,Dota2,222461,Bignum,GL,XG,4,GLXG46291.2083333333,MAP 3 Kills,kills,3,3,0,,1,2026-09-26T03:30:00.000-04:00,2026-09-26T05:00:00.000-04:00,2.5,2026-09-26T08:01:12+00:00,2.5,standard,2026-09-26T08:04:50+00:00,pre_game,,
prizepicks,15237767,dota,Dota2,222462,Speeed,GL,XG,5,GLXG46291.2083333333,MAP 3 Kills,kills,3,3,0,,1,2026-09-26T03:30:00.000-04:00,2026-09-26T05:00:00.000-04:00,2.0,2026-09-26T08:01:12+00:00,2.0,standard,2026-09-26T08:04:50+00:00,pre_game,,
prizepicks,15232873,cs2,CS2,207814,upE,Alliance,3DMAX,G,3DMAXAlliance46291.2916666667,MAP 3 Kills,kills,3,3,0,,1,2026-09-26T05:30:00.000-04:00,2026-09-26T07:00:00.000-04:00,13.0,2026-09-26T10:01:23+00:00,13.0,standard,2026-09-26T10:30:05+00:00,pre_game,,
prizepicks,15232874,cs2,CS2,323775,bobeksde,Alliance,3DMAX,G,3DMAXAlliance46291.2916666667,MAP 3 Kills,kills,3,3,0,,1,2026-09-26T05:30:00.000-04:00,2026-09-26T07:00:00.000-04:00,15.5,2026-09-26T10:01:23+00:00,15.5,standard,2026-09-26T10:30:05+00:00,pre_game,,
prizepicks,15232875,cs2,CS2,166147,avid,Alliance,3DMAX,G,3DMAXAlliance46291.2916666667,MAP 3 Kills,kills,3,3,0,,1,2026-09-26T05:30:00.000-04:00,2026-09-26T07:00:00.000-04:00,13.5,2026-09-26T10:01:23+00:00,13.5,standard,2026-09-26T10:30:05+00:00,pre_game,,
prizepicks,15232876,cs2,CS2,221465,eraa,Alliance,3DMAX,G,3DMAXAlliance46291.2916666667,MAP 3 Kills,kills,3,3,1,"[""eraa""]",1,2026-09-26T05:30:00.000-04:00,2026-09-26T07:00:00.000-04:00,16.5,2026-09-26T10:01:23+00:00,16.5,standard,2026-09-26T10:30:05+00:00,pre_game,,
prizepicks,15232877,cs2,CS2,169198,twist,Alliance,3DMAX,G,3DMAXAlliance46291.2916666667,MAP 3 Kills,kills,3,3,0,,1,2026-09-26T05:30:00.000-04:00,2026-09-26T07:00:00.000-04:00,13.0,2026-09-26T10:01:23+00:00,13.0,standard,2026-09-26T10:30:05+00:00,pre_game,,
prizepicks,15232878,cs2,CS2,169058,Maka,3DMAX,Alliance,G,3DMAXAlliance46291.2916666667,MAP 3 Kills,kills,3,3,0,,1,2026-09-26T05:30:00.000-04:00,2026-09-26T07:00:00.000-04:00,15.0,2026-09-26T10:01:23+00:00,15.0,standard,2026-09-26T10:30:05+00:00,pre_game,,
prizepicks,15232879,cs2,CS2,169057,lucky,3DMAX,Alliance,G,3DMAXAlliance46291.2916666667,MAP 3 Kills,kills,3,3,0,,1,2026-09-26T05:30:00.000-04:00,2026-09-26T07:00:00.000-04:00,14.0,2026-09-26T10:01:23+00:00,14.0,standard,2026-09-26T10:30:05+00:00,pre_game,,
prizepicks,15232880,cs2,CS2,193007,Graviti,3DMAX,Alliance,G,3DMAXAlliance46291.2916666667,MAP 3 Kills,kills,3,3,0,,1,2026-09-26T05:30:00.000-04:00,2026-09-26T07:00:00.000-04:00,13.0,2026-09-26T10:01:23+00:00,13.0,standard,2026-09-26T10:30:05+00:00,pre_game,,
prizepicks,15232881,cs2,CS2,303785,misutaaa,3DMAX,Alliance,G,3DMAXAlliance46291.2916666667,MAP 3 Kills,kills,3,3,0,,1,2026-09-26T05:30:00.000-04:00,2026-09-26T07:00:00.000-04:00,14.5,2026-09-26T10:01:23+00:00,14.5,standard,2026-09-26T10:30:05+00:00,pre_game,,
prizepicks,15232882,cs2,CS2,326231,Kursy,3DMAX,Alliance,G,3DMAXAlliance46291.2916666667,MAP 3 Kills,kills,3,3,0,,1,2026-09-26T05:30:00.000-04:00,2026-09-26T07:00:00.000-04:00,14.5,2026-09-26T10:01:23+00:00,14.5,standard,2026-09-26T10:30:05+00:00,pre_game,,
prizepicks,15232883,cs2,CS2,207814,upE,Alliance,3DMAX,G,3DMAXAlliance46291.2916666667,MAP 3 Headshots,headshots,3,3,0,,1,2026-09-26T05:30:00.000-04:00,2026-09-26T07:00:00.000-04:00,8.0,2026-09-26T10:01:23+00:00,8.0,standard,2026-09-26T10:30:05+00:00,pre_game,,
prizepicks,15232884,cs2,CS2,323775,bobeksde,Alliance,3DMAX,G,3DMAXAlliance46291.2916666667,MAP 3 Headshots,headshots,3,3,0,,1,2026-09-26T05:30:00.000-04:00,2026-09-26T07:00:00.000-04:00,9.0,2026-09-26T10:01:23+00:00,9.0,standard,2026-09-26T10:30:05+00:00,pre_game,,
prizepicks,15232885,cs2,CS2,166147,avid,Alliance,3DMAX,G,3DMAXAlliance46291.2916666667,MAP 3 Headshots,headshots,3,3,0,,1,2026-09-26T05:30:00.000-04:00,2026-09-26T07:00:00.000-04:00,8.0,2026-09-26T10:01:23+00:00,8.0,standard,2026-09-26T10:30:05+00:00,pre_game,,
prizepicks,15232886,cs2,CS2,221465,eraa,Alliance,3DMAX,G,3DMAXAlliance46291.2916666667,MAP 3 Headshots,headshots,3,3,1,"[""eraa""]",1,2026-09-26T05:30:00.000-04:00,2026-09-26T07:00:00.000-04:00,5.5,2026-09-26T10:01:23+00:00,5.5,standard,2026-09-26T10:30:05+00:00,pre_game,,
prizepicks,15232887,cs2,CS2,169198,twist,Alliance,3DMAX,G,3DMAXAlliance46291.2916666667,MAP 3 Headshots,headshots,3,3,0,,1,2026-09-26T05:30:00.000-04:00,2026-09-26T07:00:00.000-04:00,7.0,2026-09-26T10:01:23+00:00,7.0,standard,2026-09-26T10:30:05+00:00,pre_game,,
prizepicks,15232888,cs2,CS2,169058,Maka,3DMAX,Alliance,G,3DMAXAlliance46291.2916666667,MAP 3 Headshots,headshots,3,3,0,,1,2026-09-26T05:30:00.000-04:00,2026-09-26T07:00:00.000-04:00,6.0,2026-09-26T10:01:23+00:00,6.0,standard,2026-09-26T10:30:05+00:00,pre_game,,
prizepicks,15232889,cs2,CS2,169057,lucky,3DMAX,Alliance,G,3DMAXAlliance46291.2916666667,MAP 3 Headshots,headshots,3,3,0,,1,2026-09-26T05:30:00.000-04:00,2026-09-26T07:00:00.000-04:00,7.5,2026-09-26T10:01:23+00:00,7.5,standard,2026-09-26T10:30:05+00:00,pre_game,,
prizepicks,15232890,cs2,CS2,193007,Graviti,3DMAX,Alliance,G,3DMAXAlliance46291.2916666667,MAP 3 Headshots,headshots,3,3,0,,1,2026-09-26T05:30:00.000-04:00,2026-09-26T07:00:00.000-04:00,8.0,2026-09-26T10:01:23+00:00,8.0,standard,2026-09-26T10:30:05+00:00,pre_game,,
prizepicks,15232891,cs2,CS2,303785,misutaaa,3DMAX,Alliance,G,3DMAXAlliance46291.2916666667,MAP 3 Headshots,headshots,3,3,0,,1,2026-09-26T05:30:00.000-04:00,2026-09-26T07:00:00.000-04:00,8.0,2026-09-26T10:01:23+00:00,8.0,standard,2026-09-26T10:30:05+00:00,pre_game,,
prizepicks,15232892,cs2,CS2,326231,Kursy,3DMAX,Alliance,G,3DMAXAlliance46291.2916666667,MAP 3 Headshots,headshots,3,3,0,,1,2026-09-26T05:30:00.000-04:00,2026-09-26T07:00:00.000-04:00,8.5,2026-09-26T10:01:23+00:00,8.5,standard,2026-09-26T10:30:05+00:00,pre_game,,
prizepicks,15248450,cs2,CS2,210411,chelleos,Rooster,,G,CS2_match_7XTN01tTkvAmFfVqgSkwdTRQ,MAP 3 Kills,kills,3,3,0,,1,2026-09-26T05:30:00.000-04:00,2026-09-26T07:00:00.000-04:00,18.0,2026-09-26T10:01:23+00:00,18.0,standard,2026-09-26T10:30:05+00:00,pre_game,,
prizepicks,15248455,cs2,CS2,210411,chelleos,Rooster,,G,CS2_match_7XTN01tTkvAmFfVqgSkwdTRQ,MAP 3 Headshots,headshots,3,3,0,,1,2026-09-26T05:30:00.000-04:00,2026-09-26T07:00:00.000-04:00,6.5,2026-09-26T10:01:23+00:00,6.5,standard,2026-09-26T10:30:05+00:00,pre_game,,
prizepicks,15235482,cs2,CS2,224279,fear,fnatic,Iberian Soul,G,Iberian Soulfnatic46291.2916666667,MAP 3 Kills,kills,3,3,0,,1,2026-09-26T05:30:00.000-04:00,2026-09-26T07:00:00.000-04:00,12.0,2026-09-26T10:01:23+00:00,12.0,standard,2026-09-26T10:30:05+00:00,pre_game,,
prizepicks,15248451,cs2,CS2,339431,damyo,Rooster,,G,CS2_match_7XTN01tTkvAmFfVqgSkwdTRQ,MAP 3 Kills,kills,3,3,0,,1,2026-09-26T05:30:00.000-04:00,2026-09-26T07:00:00.000-04:00,16.0,2026-09-26T10:01:23+00:00,16.0,standard,2026-09-26T10:30:05+00:00,pre_game,,
prizepicks,15248456,cs2,CS2,339431,damyo,Rooster,,G,CS2_match_7XTN01tTkvAmFfVqgSkwdTRQ,MAP 3 Headshots,headshots,3,3,0,,1,2026-09-26T05:30:00.000-04:00,2026-09-26T07:00:00.000-04:00,9.0,2026-09-26T10:01:23+00:00,9.0,standard,2026-09-26T10:30:05+00:00,pre_game,,
prizepicks,15235483,cs2,CS2,166332,jambo,fnatic,Iberian Soul,G,Iberian Soulfnatic46291.2916666667,MAP 3 Kills,kills,3,3,0,,1,2026-09-26T05:30:00.000-04:00,2026-09-26T07:00:00.000-04:00,15.5,2026-09-26T10:01:23+00:00,15.5,standard,2026-09-26T10:30:05+00:00,pre_game,,
prizepicks,15248452,cs2,CS2,297536,rekonz,Rooster,,G,CS2_match_7XTN01tTkvAmFfVqgSkwdTRQ,MAP 3 Kills,kills,3,3,0,,1,2026-09-26T05:30:00.000-04:00,2026-09-26T07:00:00.000-04:00,14.0,2026-09-26T10:01:23+00:00,14.0,standard,2026-09-26T10:30:05+00:00,pre_game,,
prizepicks,15248457,cs2,CS2,297536,rekonz,Rooster,,G,CS2_match_7XTN01tTkvAmFfVqgSkwdTRQ,MAP 3 Headshots,headshots,3,3,0,,1,2026-09-26T05:30:00.000-04:00,2026-09-26T07:00:00.000-04:00,8.0,2026-09-26T10:01:23+00:00,8.0,standard,2026-09-26T10:30:05+00:00,pre_game,,
prizepicks,15235484,cs2,CS2,267308,jackasmo,fnatic,Iberian Soul,G,Iberian Soulfnatic46291.2916666667,MAP 3 Kills,kills,3,3,0,,1,2026-09-26T05:30:00.000-04:00,2026-09-26T07:00:00.000-04:00,15.5,2026-09-26T10:01:23+00:00,15.5,standard,2026-09-26T10:30:05+00:00,pre_game,,
prizepicks,15248453,cs2,CS2,339432,SkulL,Rooster,,G,CS2_match_7XTN01tTkvAmFfVqgSkwdTRQ,MAP 3 Kills,kills,3,3,0,,1,2026-09-26T05:30:00.000-04:00,2026-09-26T07:00:00.000-04:00,14.0,2026-09-26T10:01:23+00:00,14.0,standard,2026-09-26T10:30:05+00:00,pre_game,,
prizepicks,15248458,cs2,CS2,339432,SkulL,Rooster,,G,CS2_match_7XTN01tTkvAmFfVqgSkwdTRQ,MAP 3 Headshots,headshots,3,3,0,,1,2026-09-26T05:30:00.000-04:00,2026-09-26T07:00:00.000-04:00,7.0,2026-09-26T10:01:23+00:00,7.0,standard,2026-09-26T10:30:05+00:00,pre_game,,
prizepicks,15235485,cs2,CS2,328136,cairne,fnatic,Iberian Soul,G,Iberian Soulfnatic46291.2916666667,MAP 3 Kills,kills,3,3,0,,1,2026-09-26T05:30:00.000-04:00,2026-09-26T07:00:00.000-04:00,15.0,2026-09-26T10:01:23+00:00,15.0,standard,2026-09-26T10:30:05+00:00,pre_game,,
prizepicks,15248454,cs2,CS2,323851,ADK,Rooster,,G,CS2_match_7XTN01tTkvAmFfVqgSkwdTRQ,MAP 3 Kills,kills,3,3,0,,1,2026-09-26T05:30:00.000-04:00,2026-09-26T07:00:00.000-04:00,11.5,2026-09-26T10:01:23+00:00,11.5,standard,2026-09-26T10:30:05+00:00,pre_game,,
prizepicks,15248459,cs2,CS2,323851,ADK,Rooster,,G,CS2_match_7XTN01tTkvAmFfVqgSkwdTRQ,MAP 3 Headshots,headshots,3,3,0,,1,2026-09-26T05:30:00.000-04:00,2026-09-26T07:00:00.000-04:00,6.5,2026-09-26T10:01:23+00:00,6.5,standard,2026-09-26T10:30:05+00:00,pre_game,,
prizepicks,15235486,cs2,CS2,328137,mazay,fnatic,Iberian Soul,G,Iberian Soulfnatic46291.2916666667,MAP 3 Kills,kills,3,3,0,,1,2026-09-26T05:30:00.000-04:00,2026-09-26T07:00:00.000-04:00,14.5,2026-09-26T10:01:23+00:00,14.5,standard,2026-09-26T10:30:05+00:00,pre_game,,
prizepicks,15235487,cs2,CS2,347264,Ag1l,Iberian Soul,fnatic,G,Iberian Soulfnatic46291.2916666667,MAP 3 Kills,kills,3,3,0,,1,2026-09-26T05:30:00.000-04:00,2026-09-26T07:00:00.000-04:00,13.5,2026-09-26T10:01:23+00:00,13.5,standard,2026-09-26T10:30:05+00:00,pre_game,,
prizepicks,15235488,cs2,CS2,331766,dav1g,Iberian Soul,fnatic,G,Iberian Soulfnatic46291.2916666667,MAP 3 Kills,kills,3,3,0,,1,2026-09-26T05:30:00.000-04:00,2026-09-26T07:00:00.000-04:00,13.5,2026-09-26T10:01:23+00:00,13.5,standard,2026-09-26T10:30:05+00:00,pre_game,,
prizepicks,15235489,cs2,CS2,331763,alex,Iberian Soul,fnatic,G,Iberian Soulfnatic46291.2916666667,MAP 3 Kills,kills,3,3,0,,1,2026-09-26T05:30:00.000-04:00,2026-09-26T07:00:00.000-04:00,14.0,2026-09-26T10:01:23+00:00,14.0,standard,2026-09-26T10:30:05+00:00,pre_game,,
prizepicks,15235490,cs2,CS2,331764,mopoz,Iberian Soul,fnatic,G,Iberian Soulfnatic46291.2916666667,MAP 3 Kills,kills,3,3,0,,1,2026-09-26T05:30:00.000-04:00,2026-09-26T07:00:00.000-04:00,14.5,2026-09-26T10:01:23+00:00,14.5,standard,2026-09-26T10:30:05+00:00,pre_game,,
prizepicks,15235491,cs2,CS2,331765,sausol,Iberian Soul,fnatic,G,Iberian Soulfnatic46291.2916666667,MAP 3 Kills,kills,3,3,0,,1,2026-09-26T05:30:00.000-04:00,2026-09-26T07:00:00.000-04:00,14.5,2026-09-26T10:01:23+00:00,14.5,standard,2026-09-26T10:30:05+00:00,pre_game,,
prizepicks,15235492,cs2,CS2,224279,fear,fnatic,Iberian Soul,G,Iberian Soulfnatic46291.2916666667,MAP 3 Headshots,headshots,3,3,0,,1,2026-09-26T05:30:00.000-04:00,2026-09-26T07:00:00.000-04:00,6.5,2026-09-26T10:01:23+00:00,6.5,standard,2026-09-26T10:30:05+00:00,pre_game,,
prizepicks,15235493,cs2,CS2,166332,jambo,fnatic,Iberian Soul,G,Iberian Soulfnatic46291.2916666667,MAP 3 Headshots,headshots,3,3,0,,1,2026-09-26T05:30:00.000-04:00,2026-09-26T07:00:00.000-04:00,6.0,2026-09-26T10:01:23+00:00,6.0,standard,2026-09-26T10:30:05+00:00,pre_game,,
prizepicks,15235494,cs2,CS2,267308,jackasmo,fnatic,Iberian Soul,G,Iberian Soulfnatic46291.2916666667,MAP 3 Headshots,headshots,3,3,0,,1,2026-09-26T05:30:00.000-04:00,2026-09-26T07:00:00.000-04:00,9.5,2026-09-26T10:01:23+00:00,9.5,standard,2026-09-26T10:30:05+00:00,pre_game,,
prizepicks,15235495,cs2,CS2,328136,cairne,fnatic,Iberian Soul,G,Iberian Soulfnatic46291.2916666667,MAP 3 Headshots,headshots,3,3,0,,1,2026-09-26T05:30:00.000-04:00,2026-09-26T07:00:00.000-04:00,8.0,2026-09-26T10:01:23+00:00,8.0,standard,2026-09-26T10:30:05+00:00,pre_game,,
prizepicks,15235496,cs2,CS2,328137,mazay,fnatic,Iberian Soul,G,Iberian Soulfnatic46291.2916666667,MAP 3 Headshots,headshots,3,3,0,,1,2026-09-26T05:30:00.000-04:00,2026-09-26T07:00:00.000-04:00,8.0,2026-09-26T10:01:23+00:00,8.0,standard,2026-09-26T10:30:05+00:00,pre_game,,
prizepicks,15235499,cs2,CS2,331763,alex,Iberian Soul,fnatic,G,Iberian Soulfnatic46291.2916666667,MAP 3 Headshots,headshots,3,3,0,,1,2026-09-26T05:30:00.000-04:00,2026-09-26T07:00:00.000-04:00,6.5,2026-09-26T10:01:23+00:00,6.5,standard,2026-09-26T10:30:05+00:00,pre_game,,
prizepicks,15235500,cs2,CS2,331764,mopoz,Iberian Soul,fnatic,G,Iberian Soulfnatic46291.2916666667,MAP 3 Headshots,headshots,3,3,0,,1,2026-09-26T05:30:00.000-04:00,2026-09-26T07:00:00.000-04:00,8.0,2026-09-26T10:01:23+00:00,8.0,standard,2026-09-26T10:30:05+00:00,pre_game,,
prizepicks,15235501,cs2,CS2,331765,sausol,Iberian Soul,fnatic,G,Iberian Soulfnatic46291.2916666667,MAP 3 Headshots,headshots,3,3,0,,1,2026-09-26T05:30:00.000-04:00,2026-09-26T07:00:00.000-04:00,8.0,2026-09-26T10:01:23+00:00,8.0,standard,2026-09-26T10:30:05+00:00,pre_game,,
sleeper,match-2837755:headshots_maps_1_2_over_under_player_22563,cs2,,22563,Tarkky,L&G,Misa Esports,,match-2837755,MAPS 1-2 Headshots,headshots,1,2,0,,1,,2026-09-26T12:00:00Z,16.5,2026-09-26T10:03:01+00:00,16.5,standard,2026-09-26T11:31:22+00:00,pre_game,1.78,1.78
sleeper,match-2839467:kills_maps_1_2_over_under_player_1554,cs2,,1554,Djon8,Nuclear TigeRES,Eternal Fire,,match-2839467,MAPS 1-2 Kills,kills,1,2,0,,1,,2026-09-26T11:00:00.000-04:00,31.5,2026-09-26T10:03:01+00:00,31.5,standard,2026-09-26T13:02:05+00:00,pre_game,1.78,1.78
sleeper,match-2839467:headshots_maps_1_2_over_under_player_7323,cs2,,7323,Soulfly,Eternal Fire,Nuclear TigeRES,,match-2839467,MAPS 1-2 Headshots,headshots,1,2,0,,1,,2026-09-26T11:00:00.000-04:00,16.5,2026-09-26T10:03:01+00:00,16.5,standard,2026-09-26T13:02:05+00:00,pre_game,1.79,1.78
sleeper,match-2839467:kills_maps_1_2_over_under_player_7323,cs2,,7323,Soulfly,Eternal Fire,Nuclear TigeRES,,match-2839467,MAPS 1-2 Kills,kills,1,2,0,,1,,2026-09-26T11:00:00.000-04:00,30.5,2026-09-26T10:03:01+00:00,30.5,standard,2026-09-26T13:02:05+00:00,pre_game,1.78,1.78
sleeper,match-2839723:headshots_maps_1_2_over_under_player_7673,cs2,,7673,Joey,Sangal,Heroic,,match-2839723,MAPS 1-2 Headshots,headshots,1,2,0,,1,,2026-09-26T12:00:00Z,11.5,2026-09-26T10:03:01+00:00,11.5,standard,2026-09-26T13:02:05+00:00,pre_game,1.78,1.78
sleeper,match-2839795:headshots_maps_1_2_over_under_player_1405,cs2,,1405,AW,magic,GamerLegion,,match-2839795,MAPS 1-2 Headshots,headshots,1,2,0,,1,,2026-09-26T14:00:00.000-04:00,16.5,2026-09-26T10:03:01+00:00,16.5,standard,2026-09-26T13:02:05+00:00,pre_game,1.95,1.64
prizepicks,15255076,cs2,CS2,348026,Snoob,eternal premium,Phantom Academy,G,Phantom Academyeternal premium46291.4166666667,MAPS 1-2 Kills,kills,1,2,0,,0,2026-09-01T10:00:00.000-04:00,2026-09-26T10:00:00.000-04:00,28.5,2026-09-26T10:14:46+00:00,28.5,demon,2026-09-26T13:00:27+00:00,pre_game,,
prizepicks,15255078,cs2,CS2,348024,Pikan0,eternal premium,Phantom Academy,G,Phantom Academyeternal premium46291.4166666667,MAPS 1-2 Kills,kills,1,2,0,,0,2026-09-01T10:00:00.000-04:00,2026-09-26T10:00:00.000-04:00,28.5,2026-09-26T10:14:46+00:00,28.5,demon,2026-09-26T13:00:27+00:00,pre_game,,
prizepicks,15255079,cs2,CS2,326558,Innerpeace,eternal premium,Phantom Academy,G,Phantom Academyeternal premium46291.4166666667,MAPS 1-2 Kills,kills,1,2,0,,0,2026-09-01T10:00:00.000-04:00,2026-09-26T10:00:00.000-04:00,24.5,2026-09-26T10:14:46+00:00,24.5,demon,2026-09-26T13:00:27+00:00,pre_game,,
prizepicks,15255080,cs2,CS2,326556,dazzy,eternal premium,Phantom Academy,G,Phantom Academyeternal premium46291.4166666667,MAPS 1-2 Kills,kills,1,2,0,,0,2026-09-01T10:00:00.000-04:00,2026-09-26T10:00:00.000-04:00,29.5,2026-09-26T10:14:46+00:00,29.5,demon,2026-09-26T13:00:27+00:00,pre_game,,
prizepicks,15255081,cs2,CS2,348026,Snoob,eternal premium,Phantom Academy,G,Phantom Academyeternal premium46291.4166666667,MAPS 1-2 Headshots,headshots,1,2,0,,0,2026-09-01T10:00:00.000-04:00,2026-09-26T10:00:00.000-04:00,18.5,2026-09-26T10:14:46+00:00,18.5,demon,2026-09-26T13:00:27+00:00,pre_game,,
prizepicks,15255083,cs2,CS2,348024,Pikan0,eternal premium,Phantom Academy,G,Phantom Academyeternal premium46291.4166666667,MAPS 1-2 Headshots,headshots,1,2,0,,0,2026-09-01T10:00:00.000-04:00,2026-09-26T10:00:00.000-04:00,17.5,2026-09-26T10:14:46+00:00,17.5,demon,2026-09-26T13:00:27+00:00,pre_game,,
prizepicks,15255084,cs2,CS2,326558,Innerpeace,eternal premium,Phantom Academy,G,Phantom Academyeternal premium46291.4166666667,MAPS 1-2 Headshots,headshots,1,2,0,,0,2026-09-01T10:00:00.000-04:00,2026-09-26T10:00:00.000-04:00,13.5,2026-09-26T10:14:46+00:00,13.5,demon,2026-09-26T13:00:27+00:00,pre_game,,
prizepicks,15255085,cs2,CS2,326556,dazzy,eternal premium,Phantom Academy,G,Phantom Academyeternal premium46291.4166666667,MAPS 1-2 Headshots,headshots,1,2,0,,0,2026-09-01T10:00:00.000-04:00,2026-09-26T10:00:00.000-04:00,9.5,2026-09-26T10:14:46+00:00,9.5,standard,2026-09-26T13:00:27+00:00,pre_game,,
prizepicks,15245132,dota,Dota2,345256,skiter,Aurora,NAVI,1,NAVIAurora46291.3333333333,MAP 3 Kills,kills,3,3,0,,1,2026-09-26T06:10:00.000-04:00,2026-09-26T07:40:00.000-04:00,7.0,2026-09-26T10:16:10+00:00,7.0,standard,2026-09-26T11:31:09+00:00,pre_game,,
prizepicks,15245133,dota,Dota2,345257,Stojkov,Aurora,NAVI,2,NAVIAurora46291.3333333333,MAP 3 Kills,kills,3,3,0,,1,2026-09-26T06:10:00.000-04:00,2026-09-26T07:40:00.000-04:00,6.0,2026-09-26T10:16:10+00:00,6.0,standard,2026-09-26T11:31:09+00:00,pre_game,,
prizepicks,15245134,dota,Dota2,291295,Ws,Aurora,NAVI,3,NAVIAurora46291.3333333333,MAP 3 Kills,kills,3,3,0,,1,2026-09-26T06:10:00.000-04:00,2026-09-26T07:40:00.000-04:00,5.0,2026-09-26T10:16:10+00:00,5.0,standard,2026-09-26T11:31:09+00:00,pre_game,,
prizepicks,15245135,dota,Dota2,230491,Mira,Aurora,NAVI,4,NAVIAurora46291.3333333333,MAP 3 Kills,kills,3,3,0,,1,2026-09-26T06:10:00.000-04:00,2026-09-26T07:40:00.000-04:00,2.5,2026-09-26T10:16:10+00:00,2.5,standard,2026-09-26T11:31:09+00:00,pre_game,,
prizepicks,15245136,dota,Dota2,291296,kaori,Aurora,NAVI,5,NAVIAurora46291.3333333333,MAP 3 Kills,kills,3,3,0,,1,2026-09-26T06:10:00.000-04:00,2026-09-26T07:40:00.000-04:00,2.0,2026-09-26T10:16:10+00:00,2.0,standard,2026-09-26T11:31:09+00:00,pre_game,,
prizepicks,15245137,dota,Dota2,150789,gotthejuice,NAVI,Aurora,1,NAVIAurora46291.3333333333,MAP 3 Kills,kills,3,3,0,,1,2026-09-26T06:10:00.000-04:00,2026-09-26T07:40:00.000-04:00,6.5,2026-09-26T10:16:10+00:00,6.5,standard,2026-09-26T11:31:09+00:00,pre_game,,
prizepicks,15245138,dota,Dota2,223576,Niku,NAVI,Aurora,2,NAVIAurora46291.3333333333,MAP 3 Kills,kills,3,3,0,,1,2026-09-26T06:10:00.000-04:00,2026-09-26T07:40:00.000-04:00,6.0,2026-09-26T10:16:10+00:00,6.0,standard,2026-09-26T11:31:09+00:00,pre_game,,
prizepicks,15245139,dota,Dota2,150790,pma,NAVI,Aurora,3,NAVIAurora46291.3333333333,MAP 3 Kills,kills,3,3,0,,1,2026-09-26T06:10:00.000-04:00,2026-09-26T07:40:00.000-04:00,4.0,2026-09-26T10:16:10+00:00,4.0,standard,2026-09-26T11:31:09+00:00,pre_game,,
prizepicks,15245140,dota,Dota2,311504,daze,NAVI,Aurora,4,NAVIAurora46291.3333333333,MAP 3 Kills,kills,3,3,0,,1,2026-09-26T06:10:00.000-04:00,2026-09-26T07:40:00.000-04:00,2.5,2026-09-26T10:16:10+00:00,2.5,standard,2026-09-26T11:31:09+00:00,pre_game,,
prizepicks,15245141,dota,Dota2,150792,Riddys,NAVI,Aurora,5,NAVIAurora46291.3333333333,MAP 3 Kills,kills,3,3,0,,1,2026-09-26T06:10:00.000-04:00,2026-09-26T07:40:00.000-04:00,2.0,2026-09-26T10:16:10+00:00,2.0,standard,2026-09-26T11:31:09+00:00,pre_game,,
prizepicks,15236722,cs2,CS2,301686,device,100 Thieves,Astralis,G,Astralis100 Thieves46291.3333333333,MAP 3 Kills,kills,3,3,0,,1,2026-09-26T06:30:00.000-04:00,2026-09-26T08:00:00.000-04:00,15.0,2026-09-26T10:30:05+00:00,15.0,standard,2026-09-26T11:29:44+00:00,pre_game,,
prizepicks,15236723,cs2,CS2,301688,rain,100 Thieves,Astralis,G,Astralis100 Thieves46291.3333333333,MAP 3 Kills,kills,3,3,0,,1,2026-09-26T06:30:00.000-04:00,2026-09-26T08:00:00.000-04:00,14.5,2026-09-26T10:30:05+00:00,14.5,standard,2026-09-26T11:29:44+00:00,pre_game,,
prizepicks,15236724,cs2,CS2,329408,Gizmy,100 Thieves,Astralis,G,Astralis100 Thieves46291.3333333333,MAP 3 Kills,kills,3,3,0,,1,2026-09-26T06:30:00.000-04:00,2026-09-26T08:00:00.000-04:00,13.5,2026-09-26T10:30:05+00:00,13.5,standard,2026-09-26T11:29:44+00:00,pre_game,,
prizepicks,15236725,cs2,CS2,301691,poiii,100 Thieves,Astralis,G,Astralis100 Thieves46291.3333333333,MAP 3 Kills,kills,3,3,0,,1,2026-09-26T06:30:00.000-04:00,2026-09-26T08:00:00.000-04:00,15.5,2026-09-26T10:30:05+00:00,15.5,standard,2026-09-26T11:29:44+00:00,pre_game,,
prizepicks,15236726,cs2,CS2,301690,sirah,100 Thieves,Astralis,G,Astralis100 Thieves46291.3333333333,MAP 3 Kills,kills,3,3,0,,1,2026-09-26T06:30:00.000-04:00,2026-09-26T08:00:00.000-04:00,14.0,2026-09-26T10:30:05+00:00,14.0,standard,2026-09-26T11:29:44+00:00,pre_game,,
prizepicks,15236727,cs2,CS2,291751,phzy,Astralis,100 Thieves,G,Astralis100 Thieves46291.3333333333,MAP 3 Kills,kills,3,3,0,,1,2026-09-26T06:30:00.000-04:00,2026-09-26T08:00:00.000-04:00,14.5,2026-09-26T10:30:05+00:00,14.5,standard,2026-09-26T11:29:44+00:00,pre_game,,
prizepicks,15236728,cs2,CS2,237532,HooXi,Astralis,100 Thieves,G,Astralis100 Thieves46291.3333333333,MAP 3 Kills,kills,3,3,0,,1,2026-09-26T06:30:00.000-04:00,2026-09-26T08:00:00.000-04:00,12.5,2026-09-26T10:30:05+00:00,12.5,standard,2026-09-26T11:29:44+00:00,pre_game,,
prizepicks,15236729,cs2,CS2,169105,jabbi,Astralis,100 Thieves,G,Astralis100 Thieves46291.3333333333,MAP 3 Kills,kills,3,3,0,,1,2026-09-26T06:30:00.000-04:00,2026-09-26T08:00:00.000-04:00,15.5,2026-09-26T10:30:05+00:00,15.5,standard,2026-09-26T11:29:44+00:00,pre_game,,
prizepicks,15236730,cs2,CS2,168368,Staehr,Astralis,100 Thieves,G,Astralis100 Thieves46291.3333333333,MAP 3 Kills,kills,3,3,0,,1,2026-09-26T06:30:00.000-04:00,2026-09-26T08:00:00.000-04:00,16.0,2026-09-26T10:30:05+00:00,16.0,standard,2026-09-26T11:29:44+00:00,pre_game,,
prizepicks,15236731,cs2,CS2,291752,ryu,Astralis,100 Thieves,G,Astralis100 Thieves46291.3333333333,MAP 3 Kills,kills,3,3,0,,1,2026-09-26T06:30:00.000-04:00,2026-09-26T08:00:00.000-04:00,14.5,2026-09-26T10:30:05+00:00,14.5,standard,2026-09-26T11:29:44+00:00,pre_game,,
prizepicks,15236732,cs2,CS2,301686,device,100 Thieves,Astralis,G,Astralis100 Thieves46291.3333333333,MAP 3 Headshots,headshots,3,3,0,,1,2026-09-26T06:30:00.000-04:00,2026-09-26T08:00:00.000-04:00,5.0,2026-09-26T10:30:05+00:00,5.0,standard,2026-09-26T11:29:44+00:00,pre_game,,
prizepicks,15236733,cs2,CS2,301688,rain,100 Thieves,Astralis,G,Astralis100 Thieves46291.3333333333,MAP 3 Headshots,headshots,3,3,0,,1,2026-09-26T06:30:00.000-04:00,2026-09-26T08:00:00.000-04:00,8.0,2026-09-26T10:30:05+00:00,8.0,standard,2026-09-26T11:29:44+00:00,pre_game,,
prizepicks,15236734,cs2,CS2,329408,Gizmy,100 Thieves,Astralis,G,Astralis100 Thieves46291.3333333333,MAP 3 Headshots,headshots,3,3,0,,1,2026-09-26T06:30:00.000-04:00,2026-09-26T08:00:00.000-04:00,7.5,2026-09-26T10:30:05+00:00,7.5,standard,2026-09-26T11:29:44+00:00,pre_game,,
prizepicks,15236735,cs2,CS2,301691,poiii,100 Thieves,Astralis,G,Astralis100 Thieves46291.3333333333,MAP 3 Headshots,headshots,3,3,0,,1,2026-09-26T06:30:00.000-04:00,2026-09-26T08:00:00.000-04:00,9.0,2026-09-26T10:30:05+00:00,9.0,standard,2026-09-26T11:29:44+00:00,pre_game,,
prizepicks,15236736,cs2,CS2,301690,sirah,100 Thieves,Astralis,G,Astralis100 Thieves46291.3333333333,MAP 3 Headshots,headshots,3,3,0,,1,2026-09-26T06:30:00.000-04:00,2026-09-26T08:00:00.000-04:00,8.0,2026-09-26T10:30:05+00:00,8.0,standard,2026-09-26T11:29:44+00:00,pre_game,,
prizepicks,15236737,cs2,CS2,291751,phzy,Astralis,100 Thieves,G,Astralis100 Thieves46291.3333333333,MAP 3 Headshots,headshots,3,3,0,,1,2026-09-26T06:30:00.000-04:00,2026-09-26T08:00:00.000-04:00,4.0,2026-09-26T10:30:05+00:00,4.0,standard,2026-09-26T11:29:44+00:00,pre_game,,
prizepicks,15236738,cs2,CS2,237532,HooXi,Astralis,100 Thieves,G,Astralis100 Thieves46291.3333333333,MAP 3 Headshots,headshots,3,3,0,,1,2026-09-26T06:30:00.000-04:00,2026-09-26T08:00:00.000-04:00,7.0,2026-09-26T10:30:05+00:00,7.0,standard,2026-09-26T11:29:44+00:00,pre_game,,
prizepicks,15236739,cs2,CS2,169105,jabbi,Astralis,100 Thieves,G,Astralis100 Thieves46291.3333333333,MAP 3 Headshots,headshots,3,3,0,,1,2026-09-26T06:30:00.000-04:00,2026-09-26T08:00:00.000-04:00,10.5,2026-09-26T10:30:05+00:00,10.5,standard,2026-09-26T11:29:44+00:00,pre_game,,
prizepicks,15236740,cs2,CS2,168368,Staehr,Astralis,100 Thieves,G,Astralis100 Thieves46291.3333333333,MAP 3 Headshots,headshots,3,3,0,,1,2026-09-26T06:30:00.000-04:00,2026-09-26T08:00:00.000-04:00,9.0,2026-09-26T10:30:05+00:00,9.0,standard,2026-09-26T11:29:44+00:00,pre_game,,
prizepicks,15236741,cs2,CS2,291752,ryu,Astralis,100 Thieves,G,Astralis100 Thieves46291.3333333333,MAP 3 Headshots,headshots,3,3,0,,1,2026-09-26T06:30:00.000-04:00,2026-09-26T08:00:00.000-04:00,8.0,2026-09-26T10:30:05+00:00,8.0,standard,2026-09-26T11:29:44+00:00,pre_game,,
prizepicks,14893741,val,VAL,178972,Autumn,Global Esports,Team Vitality,G,Team VitalityGlobal Esports46291.2916666667,MAP 3 Kills,kills,3,3,0,,1,2026-09-26T05:30:00.000-04:00,2026-09-26T07:00:00.000-04:00,15.0,2026-09-26T10:30:17+00:00,15.0,standard,2026-09-26T10:30:17+00:00,pre_game,,
prizepicks,14893742,val,VAL,213220,UdoTan,Global Esports,Team Vitality,G,Team VitalityGlobal Esports46291.2916666667,MAP 3 Kills,kills,3,3,0,,1,2026-09-26T05:30:00.000-04:00,2026-09-26T07:00:00.000-04:00,16.0,2026-09-26T10:30:17+00:00,16.0,standard,2026-09-26T10:30:17+00:00,pre_game,,
prizepicks,14893743,val,VAL,222352,Kr1stal,Global Esports,Team Vitality,G,Team VitalityGlobal Esports46291.2916666667,MAP 3 Kills,kills,3,3,0,,1,2026-09-26T05:30:00.000-04:00,2026-09-26T07:00:00.000-04:00,13.0,2026-09-26T10:30:17+00:00,13.0,standard,2026-09-26T10:30:17+00:00,pre_game,,
prizepicks,14893744,val,VAL,272968,xavi8k,Global Esports,Team Vitality,G,Team VitalityGlobal Esports46291.2916666667,MAP 3 Kills,kills,3,3,0,,1,2026-09-26T05:30:00.000-04:00,2026-09-26T07:00:00.000-04:00,14.0,2026-09-26T10:30:17+00:00,14.0,standard,2026-09-26T10:30:17+00:00,pre_game,,
prizepicks,14893745,val,VAL,295492,PatMen,Global Esports,Team Vitality,G,Team VitalityGlobal Esports46291.2916666667,MAP 3 Kills,kills,3,3,0,,1,2026-09-26T05:30:00.000-04:00,2026-09-26T07:00:00.000-04:00,15.5,2026-09-26T10:30:17+00:00,15.5,standard,2026-09-26T10:30:17+00:00,pre_game,,
prizepicks,14893746,val,VAL,51073,Chronicle,Team Vitality,Global Esports,G,Team VitalityGlobal Esports46291.2916666667,MAP 3 Kills,kills,3,3,0,,1,2026-09-26T05:30:00.000-04:00,2026-09-26T07:00:00.000-04:00,15.5,2026-09-26T10:30:17+00:00,15.5,standard,2026-09-26T10:30:17+00:00,pre_game,,
prizepicks,14893747,val,VAL,225025,Derke,Team Vitality,Global Esports,G,Team VitalityGlobal Esports46291.2916666667,MAP 3 Kills,kills,3,3,0,,1,2026-09-26T05:30:00.000-04:00,2026-09-26T07:00:00.000-04:00,17.0,2026-09-26T10:30:17+00:00,17.0,standard,2026-09-26T10:30:17+00:00,pre_game,,
prizepicks,14893748,val,VAL,219730,PROFEK,Team Vitality,Global Esports,G,Team VitalityGlobal Esports46291.2916666667,MAP 3 Kills,kills,3,3,0,,1,2026-09-26T05:30:00.000-04:00,2026-09-26T07:00:00.000-04:00,13.0,2026-09-26T10:30:17+00:00,13.0,standard,2026-09-26T10:30:17+00:00,pre_game,,
prizepicks,14893749,val,VAL,219729,Jamppi,Team Vitality,Global Esports,G,Team VitalityGlobal Esports46291.2916666667,MAP 3 Kills,kills,3,3,0,,1,2026-09-26T05:30:00.000-04:00,2026-09-26T07:00:00.000-04:00,14.5,2026-09-26T10:30:17+00:00,14.5,standard,2026-09-26T10:30:17+00:00,pre_game,,
prizepicks,14893750,val,VAL,224119,Sayonara,Team Vitality,Global Esports,G,Team VitalityGlobal Esports46291.2916666667,MAP 3 Kills,kills,3,3,0,,1,2026-09-26T05:30:00.000-04:00,2026-09-26T07:00:00.000-04:00,15.5,2026-09-26T10:30:17+00:00,15.5,standard,2026-09-26T10:30:17+00:00,pre_game,,
prizepicks,14893751,val,VAL,328687,DaviH,LOUD,EDward Gaming,G,EDward GamingLOUD46291.4166666667,MAP 3 Kills,kills,3,3,0,,1,2026-09-26T08:30:00.000-04:00,2026-09-26T10:00:00.000-04:00,12.0,2026-09-26T12:30:08+00:00,12.0,standard,2026-09-26T12:30:08+00:00,pre_game,,
prizepicks,14893752,val,VAL,144191,Darker,LOUD,EDward Gaming,G,EDward GamingLOUD46291.4166666667,MAP 3 Kills,kills,3,3,0,,1,2026-09-26T08:30:00.000-04:00,2026-09-26T10:00:00.000-04:00,15.0,2026-09-26T12:30:08+00:00,15.0,standard,2026-09-26T12:30:08+00:00,pre_game,,
prizepicks,14893753,val,VAL,212783,lukxo,LOUD,EDward Gaming,G,EDward GamingLOUD46291.4166666667,MAP 3 Kills,kills,3,3,0,,1,2026-09-26T08:30:00.000-04:00,2026-09-26T10:00:00.000-04:00,17.0,2026-09-26T12:30:08+00:00,17.0,standard,2026-09-26T12:30:08+00:00,pre_game,,
prizepicks,14893754,val,VAL,316399,erde,LOUD,EDward Gaming,G,EDward GamingLOUD46291.4166666667,MAP 3 Kills,kills,3,3,0,,1,2026-09-26T08:30:00.000-04:00,2026-09-26T10:00:00.000-04:00,14.0,2026-09-26T12:30:08+00:00,14.0,standard,2026-09-26T12:30:08+00:00,pre_game,,
prizepicks,14893755,val,VAL,328686,tkzin,LOUD,EDward Gaming,G,EDward GamingLOUD46291.4166666667,MAP 3 Kills,kills,3,3,0,,1,2026-09-26T08:30:00.000-04:00,2026-09-26T10:00:00.000-04:00,16.0,2026-09-26T12:30:08+00:00,16.0,standard,2026-09-26T12:30:08+00:00,pre_game,,
prizepicks,14893756,val,VAL,142445,nobody,EDward Gaming,LOUD,G,EDward GamingLOUD46291.4166666667,MAP 3 Kills,kills,3,3,0,,1,2026-09-26T08:30:00.000-04:00,2026-09-26T10:00:00.000-04:00,13.0,2026-09-26T12:30:08+00:00,13.0,standard,2026-09-26T12:30:08+00:00,pre_game,,
prizepicks,14893757,val,VAL,142441,ZmjjKK,EDward Gaming,LOUD,G,EDward GamingLOUD46291.4166666667,MAP 3 Kills,kills,3,3,0,,1,2026-09-26T08:30:00.000-04:00,2026-09-26T10:00:00.000-04:00,17.0,2026-09-26T12:30:08+00:00,17.0,standard,2026-09-26T12:30:08+00:00,pre_game,,
prizepicks,14893758,val,VAL,142444,Smoggy,EDward Gaming,LOUD,G,EDward GamingLOUD46291.4166666667,MAP 3 Kills,kills,3,3,0,,1,2026-09-26T08:30:00.000-04:00,2026-09-26T10:00:00.000-04:00,13.5,2026-09-26T12:30:08+00:00,13.5,standard,2026-09-26T12:30:08+00:00,pre_game,,
prizepicks,14893759,val,VAL,142443,CHICHOO,EDward Gaming,LOUD,G,EDward GamingLOUD46291.4166666667,MAP 3 Kills,kills,3,3,0,,1,2026-09-26T08:30:00.000-04:00,2026-09-26T10:00:00.000-04:00,14.5,2026-09-26T12:30:08+00:00,14.5,standard,2026-09-26T12:30:08+00:00,pre_game,,
prizepicks,14893760,val,VAL,234946,Jieni7,EDward Gaming,LOUD,G,EDward GamingLOUD46291.4166666667,MAP 3 Kills,kills,3,3,0,,1,2026-09-26T08:30:00.000-04:00,2026-09-26T10:00:00.000-04:00,12.5,2026-09-26T12:30:08+00:00,12.5,standard,2026-09-26T12:30:08+00:00,pre_game,,
sleeper,match-2839467:headshots_maps_1_2_over_under_player_1554,cs2,,1554,Djon8,Nuclear TigeRES,Eternal Fire,,match-2839467,MAPS 1-2 Headshots,headshots,1,2,0,,1,,2026-09-26T11:00:00.000-04:00,18.5,2026-09-26T12:31:34+00:00,18.5,standard,2026-09-26T13:02:05+00:00,pre_game,1.95,1.64
prizepicks,15242356,cs2,CS2,193011,maxster,EYEBALLERS,K27,G,K27EYEBALLERS46291.4166666667,MAP 3 Kills,kills,3,3,0,,1,2026-09-26T08:30:00.000-04:00,2026-09-26T10:00:00.000-04:00,15.0,2026-09-26T13:00:27+00:00,15.0,standard,2026-09-26T13:00:27+00:00,pre_game,,
prizepicks,15242357,cs2,CS2,169325,JW,EYEBALLERS,K27,G,K27EYEBALLERS46291.4166666667,MAP 3 Kills,kills,3,3,0,,1,2026-09-26T08:30:00.000-04:00,2026-09-26T10:00:00.000-04:00,13.5,2026-09-26T13:00:27+00:00,13.5,standard,2026-09-26T13:00:27+00:00,pre_game,,
prizepicks,15242358,cs2,CS2,238926,Ro1f,EYEBALLERS,K27,G,K27EYEBALLERS46291.4166666667,MAP 3 Kills,kills,3,3,0,,1,2026-09-26T08:30:00.000-04:00,2026-09-26T10:00:00.000-04:00,13.0,2026-09-26T13:00:27+00:00,13.0,standard,2026-09-26T13:00:27+00:00,pre_game,,
prizepicks,15242359,cs2,CS2,211173,dex,EYEBALLERS,K27,G,K27EYEBALLERS46291.4166666667,MAP 3 Kills,kills,3,3,0,,1,2026-09-26T08:30:00.000-04:00,2026-09-26T10:00:00.000-04:00,13.5,2026-09-26T13:00:27+00:00,13.5,standard,2026-09-26T13:00:27+00:00,pre_game,,
prizepicks,15242360,cs2,CS2,326233,KRIMZ,EYEBALLERS,K27,G,K27EYEBALLERS46291.4166666667,MAP 3 Kills,kills,3,3,0,,1,2026-09-26T08:30:00.000-04:00,2026-09-26T10:00:00.000-04:00,14.0,2026-09-26T13:00:27+00:00,14.0,standard,2026-09-26T13:00:27+00:00,pre_game,,
prizepicks,15242361,cs2,CS2,213227,XeeDo,K27,EYEBALLERS,G,K27EYEBALLERS46291.4166666667,MAP 3 Kills,kills,3,3,0,,1,2026-09-26T08:30:00.000-04:00,2026-09-26T10:00:00.000-04:00,16.0,2026-09-26T13:00:27+00:00,16.0,standard,2026-09-26T13:00:27+00:00,pre_game,,
prizepicks,15242362,cs2,CS2,222383,qw1nk1,K27,EYEBALLERS,G,K27EYEBALLERS46291.4166666667,MAP 3 Kills,kills,3,3,0,,1,2026-09-26T08:30:00.000-04:00,2026-09-26T10:00:00.000-04:00,14.0,2026-09-26T13:00:27+00:00,14.0,standard,2026-09-26T13:00:27+00:00,pre_game,,
prizepicks,15242363,cs2,CS2,213226,kashl1d,K27,EYEBALLERS,G,K27EYEBALLERS46291.4166666667,MAP 3 Kills,kills,3,3,0,,1,2026-09-26T08:30:00.000-04:00,2026-09-26T10:00:00.000-04:00,14.0,2026-09-26T13:00:27+00:00,14.0,standard,2026-09-26T13:00:27+00:00,pre_game,,
prizepicks,15242364,cs2,CS2,253321,X5G7V,K27,EYEBALLERS,G,K27EYEBALLERS46291.4166666667,MAP 3 Kills,kills,3,3,0,,1,2026-09-26T08:30:00.000-04:00,2026-09-26T10:00:00.000-04:00,14.0,2026-09-26T13:00:27+00:00,14.0,standard,2026-09-26T13:00:27+00:00,pre_game,,
prizepicks,15242365,cs2,CS2,329416,clax,K27,EYEBALLERS,G,K27EYEBALLERS46291.4166666667,MAP 3 Kills,kills,3,3,0,,1,2026-09-26T08:30:00.000-04:00,2026-09-26T10:00:00.000-04:00,14.5,2026-09-26T13:00:27+00:00,14.5,standard,2026-09-26T13:00:27+00:00,pre_game,,
prizepicks,15242366,cs2,CS2,193011,maxster,EYEBALLERS,K27,G,K27EYEBALLERS46291.4166666667,MAP 3 Headshots,headshots,3,3,0,,1,2026-09-26T08:30:00.000-04:00,2026-09-26T10:00:00.000-04:00,9.0,2026-09-26T13:00:27+00:00,9.0,standard,2026-09-26T13:00:27+00:00,pre_game,,
prizepicks,15242367,cs2,CS2,169325,JW,EYEBALLERS,K27,G,K27EYEBALLERS46291.4166666667,MAP 3 Headshots,headshots,3,3,0,,1,2026-09-26T08:30:00.000-04:00,2026-09-26T10:00:00.000-04:00,4.5,2026-09-26T13:00:27+00:00,4.5,standard,2026-09-26T13:00:27+00:00,pre_game,,
prizepicks,15242368,cs2,CS2,238926,Ro1f,EYEBALLERS,K27,G,K27EYEBALLERS46291.4166666667,MAP 3 Headshots,headshots,3,3,0,,1,2026-09-26T08:30:00.000-04:00,2026-09-26T10:00:00.000-04:00,7.5,2026-09-26T13:00:27+00:00,7.5,standard,2026-09-26T13:00:27+00:00,pre_game,,
prizepicks,15242369,cs2,CS2,211173,dex,EYEBALLERS,K27,G,K27EYEBALLERS46291.4166666667,MAP 3 Headshots,headshots,3,3,0,,1,2026-09-26T08:30:00.000-04:00,2026-09-26T10:00:00.000-04:00,7.0,2026-09-26T13:00:27+00:00,7.0,standard,2026-09-26T13:00:27+00:00,pre_game,,
prizepicks,15242370,cs2,CS2,326233,KRIMZ,EYEBALLERS,K27,G,K27EYEBALLERS46291.4166666667,MAP 3 Headshots,headshots,3,3,0,,1,2026-09-26T08:30:00.000-04:00,2026-09-26T10:00:00.000-04:00,6.5,2026-09-26T13:00:27+00:00,6.5,standard,2026-09-26T13:00:27+00:00,pre_game,,
prizepicks,15242371,cs2,CS2,213227,XeeDo,K27,EYEBALLERS,G,K27EYEBALLERS46291.4166666667,MAP 3 Headshots,headshots,3,3,0,,1,2026-09-26T08:30:00.000-04:00,2026-09-26T10:00:00.000-04:00,9.0,2026-09-26T13:00:27+00:00,9.0,standard,2026-09-26T13:00:27+00:00,pre_game,,
prizepicks,15242372,cs2,CS2,222383,qw1nk1,K27,EYEBALLERS,G,K27EYEBALLERS46291.4166666667,MAP 3 Headshots,headshots,3,3,0,,1,2026-09-26T08:30:00.000-04:00,2026-09-26T10:00:00.000-04:00,8.5,2026-09-26T13:00:27+00:00,8.5,standard,2026-09-26T13:00:27+00:00,pre_game,,
prizepicks,15242373,cs2,CS2,213226,kashl1d,K27,EYEBALLERS,G,K27EYEBALLERS46291.4166666667,MAP 3 Headshots,headshots,3,3,0,,1,2026-09-26T08:30:00.000-04:00,2026-09-26T10:00:00.000-04:00,4.5,2026-09-26T13:00:27+00:00,4.5,standard,2026-09-26T13:00:27+00:00,pre_game,,
prizepicks,15242374,cs2,CS2,253321,X5G7V,K27,EYEBALLERS,G,K27EYEBALLERS46291.4166666667,MAP 3 Headshots,headshots,3,3,0,,1,2026-09-26T08:30:00.000-04:00,2026-09-26T10:00:00.000-04:00,7.5,2026-09-26T13:00:27+00:00,7.5,standard,2026-09-26T13:00:27+00:00,pre_game,,
prizepicks,15242375,cs2,CS2,329416,clax,K27,EYEBALLERS,G,K27EYEBALLERS46291.4166666667,MAP 3 Headshots,headshots,3,3,0,,1,2026-09-26T08:30:00.000-04:00,2026-09-26T10:00:00.000-04:00,8.5,2026-09-26T13:00:27+00:00,8.5,standard,2026-09-26T13:00:27+00:00,pre_game,,
prizepicks,15243157,cs2,CS2,294793,mag1k3Y,Nemesis,Sashi,G,SashiNemesis46291.4166666667,MAP 3 Kills,kills,3,3,0,,1,2026-09-26T08:30:00.000-04:00,2026-09-26T10:00:00.000-04:00,15.0,2026-09-26T13:00:27+00:00,15.0,standard,2026-09-26T13:00:27+00:00,pre_game,,
prizepicks,15243158,cs2,CS2,294794,Sdaim,Nemesis,Sashi,G,SashiNemesis46291.4166666667,MAP 3 Kills,kills,3,3,0,,1,2026-09-26T08:30:00.000-04:00,2026-09-26T10:00:00.000-04:00,14.5,2026-09-26T13:00:27+00:00,14.5,standard,2026-09-26T13:00:27+00:00,pre_game,,
prizepicks,15243159,cs2,CS2,294796,tex1y,Nemesis,Sashi,G,SashiNemesis46291.4166666667,MAP 3 Kills,kills,3,3,0,,1,2026-09-26T08:30:00.000-04:00,2026-09-26T10:00:00.000-04:00,14.5,2026-09-26T13:00:27+00:00,14.5,standard,2026-09-26T13:00:27+00:00,pre_game,,
prizepicks,15243160,cs2,CS2,294797,SELLTER,Nemesis,Sashi,G,SashiNemesis46291.4166666667,MAP 3 Kills,kills,3,3,0,,1,2026-09-26T08:30:00.000-04:00,2026-09-26T10:00:00.000-04:00,13.0,2026-09-26T13:00:27+00:00,13.0,standard,2026-09-26T13:00:27+00:00,pre_game,,
prizepicks,15243161,cs2,CS2,304328,r3salt,Nemesis,Sashi,G,SashiNemesis46291.4166666667,MAP 3 Kills,kills,3,3,0,,1,2026-09-26T08:30:00.000-04:00,2026-09-26T10:00:00.000-04:00,15.0,2026-09-26T13:00:27+00:00,15.0,standard,2026-09-26T13:00:27+00:00,pre_game,,
prizepicks,15243162,cs2,CS2,330458,Anlelele,Sashi,Nemesis,G,SashiNemesis46291.4166666667,MAP 3 Kills,kills,3,3,0,,1,2026-09-26T08:30:00.000-04:00,2026-09-26T10:00:00.000-04:00,13.0,2026-09-26T13:00:27+00:00,13.0,standard,2026-09-26T13:00:27+00:00,pre_game,,
prizepicks,15243163,cs2,CS2,194376,Cabbi,Sashi,Nemesis,G,SashiNemesis46291.4166666667,MAP 3 Kills,kills,3,3,0,,1,2026-09-26T08:30:00.000-04:00,2026-09-26T10:00:00.000-04:00,12.5,2026-09-26T13:00:27+00:00,12.5,standard,2026-09-26T13:00:27+00:00,pre_game,,
prizepicks,15243164,cs2,CS2,292827,acoR,Sashi,Nemesis,G,SashiNemesis46291.4166666667,MAP 3 Kills,kills,3,3,0,,1,2026-09-26T08:30:00.000-04:00,2026-09-26T10:00:00.000-04:00,14.5,2026-09-26T13:00:27+00:00,14.5,standard,2026-09-26T13:00:27+00:00,pre_game,,
prizepicks,15243165,cs2,CS2,194380,MistR,Sashi,Nemesis,G,SashiNemesis46291.4166666667,MAP 3 Kills,kills,3,3,0,,1,2026-09-26T08:30:00.000-04:00,2026-09-26T10:00:00.000-04:00,13.0,2026-09-26T13:00:27+00:00,13.0,standard,2026-09-26T13:00:27+00:00,pre_game,,
prizepicks,15243166,cs2,CS2,167023,Zyphon,Sashi,Nemesis,G,SashiNemesis46291.4166666667,MAP 3 Kills,kills,3,3,0,,1,2026-09-26T08:30:00.000-04:00,2026-09-26T10:00:00.000-04:00,14.5,2026-09-26T13:00:27+00:00,14.5,standard,2026-09-26T13:00:27+00:00,pre_game,,
prizepicks,15243167,cs2,CS2,294793,mag1k3Y,Nemesis,Sashi,G,SashiNemesis46291.4166666667,MAP 3 Headshots,headshots,3,3,0,,1,2026-09-26T08:30:00.000-04:00,2026-09-26T10:00:00.000-04:00,5.0,2026-09-26T13:00:27+00:00,5.0,standard,2026-09-26T13:00:27+00:00,pre_game,,
prizepicks,15243168,cs2,CS2,294794,Sdaim,Nemesis,Sashi,G,SashiNemesis46291.4166666667,MAP 3 Headshots,headshots,3,3,0,,1,2026-09-26T08:30:00.000-04:00,2026-09-26T10:00:00.000-04:00,8.5,2026-09-26T13:00:27+00:00,8.5,standard,2026-09-26T13:00:27+00:00,pre_game,,
prizepicks,15243169,cs2,CS2,294796,tex1y,Nemesis,Sashi,G,SashiNemesis46291.4166666667,MAP 3 Headshots,headshots,3,3,0,,1,2026-09-26T08:30:00.000-04:00,2026-09-26T10:00:00.000-04:00,8.5,2026-09-26T13:00:27+00:00,8.5,standard,2026-09-26T13:00:27+00:00,pre_game,,
prizepicks,15243170,cs2,CS2,294797,SELLTER,Nemesis,Sashi,G,SashiNemesis46291.4166666667,MAP 3 Headshots,headshots,3,3,0,,1,2026-09-26T08:30:00.000-04:00,2026-09-26T10:00:00.000-04:00,7.0,2026-09-26T13:00:27+00:00,7.0,standard,2026-09-26T13:00:27+00:00,pre_game,,
prizepicks,15243171,cs2,CS2,304328,r3salt,Nemesis,Sashi,G,SashiNemesis46291.4166666667,MAP 3 Headshots,headshots,3,3,0,,1,2026-09-26T08:30:00.000-04:00,2026-09-26T10:00:00.000-04:00,8.5,2026-09-26T13:00:27+00:00,8.5,standard,2026-09-26T13:00:27+00:00,pre_game,,
prizepicks,15243172,cs2,CS2,330458,Anlelele,Sashi,Nemesis,G,SashiNemesis46291.4166666667,MAP 3 Headshots,headshots,3,3,0,,1,2026-09-26T08:30:00.000-04:00,2026-09-26T10:00:00.000-04:00,6.0,2026-09-26T13:00:27+00:00,6.0,standard,2026-09-26T13:00:27+00:00,pre_game,,
prizepicks,15243173,cs2,CS2,194376,Cabbi,Sashi,Nemesis,G,SashiNemesis46291.4166666667,MAP 3 Headshots,headshots,3,3,0,,1,2026-09-26T08:30:00.000-04:00,2026-09-26T10:00:00.000-04:00,7.0,2026-09-26T13:00:27+00:00,7.0,standard,2026-09-26T13:00:27+00:00,pre_game,,
prizepicks,15243174,cs2,CS2,292827,acoR,Sashi,Nemesis,G,SashiNemesis46291.4166666667,MAP 3 Headshots,headshots,3,3,0,,1,2026-09-26T08:30:00.000-04:00,2026-09-26T10:00:00.000-04:00,4.5,2026-09-26T13:00:27+00:00,4.5,standard,2026-09-26T13:00:27+00:00,pre_game,,
prizepicks,15243175,cs2,CS2,194380,MistR,Sashi,Nemesis,G,SashiNemesis46291.4166666667,MAP 3 Headshots,headshots,3,3,0,,1,2026-09-26T08:30:00.000-04:00,2026-09-26T10:00:00.000-04:00,7.0,2026-09-26T13:00:27+00:00,7.0,standard,2026-09-26T13:00:27+00:00,pre_game,,
prizepicks,15243176,cs2,CS2,167023,Zyphon,Sashi,Nemesis,G,SashiNemesis46291.4166666667,MAP 3 Headshots,headshots,3,3,0,,1,2026-09-26T08:30:00.000-04:00,2026-09-26T10:00:00.000-04:00,8.5,2026-09-26T13:00:27+00:00,8.5,standard,2026-09-26T13:00:27+00:00,pre_game,,
prizepicks,15245142,dota,Dota2,345267,Wits,LGD,Yandex,1,YandexLGD46291.4583333333,MAP 3 Kills,kills,3,3,0,,1,2026-09-26T08:40:00.000-04:00,2026-09-26T10:10:00.000-04:00,6.0,2026-09-26T13:01:51+00:00,6.0,standard,2026-09-26T13:01:51+00:00,pre_game,,
prizepicks,15245143,dota,Dota2,345268,SumaiL,LGD,Yandex,2,YandexLGD46291.4583333333,MAP 3 Kills,kills,3,3,0,,1,2026-09-26T08:40:00.000-04:00,2026-09-26T10:10:00.000-04:00,6.0,2026-09-26T13:01:51+00:00,6.0,standard,2026-09-26T13:01:51+00:00,pre_game,,
prizepicks,15245144,dota,Dota2,345269,Davai,LGD,Yandex,3,YandexLGD46291.4583333333,MAP 3 Kills,kills,3,3,0,,1,2026-09-26T08:40:00.000-04:00,2026-09-26T10:10:00.000-04:00,3.5,2026-09-26T13:01:51+00:00,3.5,standard,2026-09-26T13:01:51+00:00,pre_game,,
prizepicks,15245145,dota,Dota2,320353,Thiolicor,LGD,Yandex,4,YandexLGD46291.4583333333,MAP 3 Kills,kills,3,3,0,,1,2026-09-26T08:40:00.000-04:00,2026-09-26T10:10:00.000-04:00,2.0,2026-09-26T13:01:51+00:00,2.0,standard,2026-09-26T13:01:51+00:00,pre_game,,
prizepicks,15245146,dota,Dota2,345270,Sneyking,LGD,Yandex,5,YandexLGD46291.4583333333,MAP 3 Kills,kills,3,3,0,,1,2026-09-26T08:40:00.000-04:00,2026-09-26T10:10:00.000-04:00,2.0,2026-09-26T13:01:51+00:00,2.0,standard,2026-09-26T13:01:51+00:00,pre_game,,
prizepicks,15245147,dota,Dota2,267484,watson,Yandex,LGD,1,YandexLGD46291.4583333333,MAP 3 Kills,kills,3,3,0,,1,2026-09-26T08:40:00.000-04:00,2026-09-26T10:10:00.000-04:00,8.0,2026-09-26T13:01:51+00:00,8.0,standard,2026-09-26T13:01:51+00:00,pre_game,,
prizepicks,15245148,dota,Dota2,240239,CHIRA_JUNIOR,Yandex,LGD,2,YandexLGD46291.4583333333,MAP 3 Kills,kills,3,3,0,,1,2026-09-26T08:40:00.000-04:00,2026-09-26T10:10:00.000-04:00,7.0,2026-09-26T13:01:51+00:00,7.0,standard,2026-09-26T13:01:51+00:00,pre_game,,
prizepicks,15245149,dota,Dota2,345264,ATF,Yandex,LGD,3,YandexLGD46291.4583333333,MAP 3 Kills,kills,3,3,0,,1,2026-09-26T08:40:00.000-04:00,2026-09-26T10:10:00.000-04:00,6.5,2026-09-26T13:01:51+00:00,6.5,standard,2026-09-26T13:01:51+00:00,pre_game,,
prizepicks,15245150,dota,Dota2,272038,Saksa,Yandex,LGD,4,YandexLGD46291.4583333333,MAP 3 Kills,kills,3,3,0,,1,2026-09-26T08:40:00.000-04:00,2026-09-26T10:10:00.000-04:00,3.0,2026-09-26T13:01:51+00:00,3.0,standard,2026-09-26T13:01:51+00:00,pre_game,,
prizepicks,15245151,dota,Dota2,267485,Malady,Yandex,LGD,5,YandexLGD46291.4583333333,MAP 3 Kills,kills,3,3,0,,1,2026-09-26T08:40:00.000-04:00,2026-09-26T10:10:00.000-04:00,2.5,2026-09-26T13:01:51+00:00,2.5,standard,2026-09-26T13:01:51+00:00,pre_game,,
prizepicks,15258536,dota,Dota2,150789,gotthejuice,NAVI,XG,1,XGNAVI46291.5,MAPS 1-2 Kills,kills,1,2,0,,0,2026-09-25T17:57:46.000-04:00,2026-09-26T12:00:00.000-04:00,15.0,2026-09-26T13:01:51+00:00,15.0,standard,2026-09-26T13:01:51+00:00,pre_game,,
prizepicks,15258537,dota,Dota2,223576,Niku,NAVI,XG,2,XGNAVI46291.5,MAPS 1-2 Kills,kills,1,2,0,,0,2026-09-25T17:57:46.000-04:00,2026-09-26T12:00:00.000-04:00,14.5,2026-09-26T13:01:51+00:00,14.5,standard,2026-09-26T13:01:51+00:00,pre_game,,
prizepicks,15258538,dota,Dota2,150790,pma,NAVI,XG,3,XGNAVI46291.5,MAPS 1-2 Kills,kills,1,2,0,,0,2026-09-25T17:57:46.000-04:00,2026-09-26T12:00:00.000-04:00,11.5,2026-09-26T13:01:51+00:00,11.5,standard,2026-09-26T13:01:51+00:00,pre_game,,
prizepicks,15258539,dota,Dota2,311504,daze,NAVI,XG,4,XGNAVI46291.5,MAPS 1-2 Kills,kills,1,2,0,,0,2026-09-25T17:57:46.000-04:00,2026-09-26T12:00:00.000-04:00,6.5,2026-09-26T13:01:51+00:00,6.5,standard,2026-09-26T13:01:51+00:00,pre_game,,
prizepicks,15258540,dota,Dota2,150792,Riddys,NAVI,XG,5,XGNAVI46291.5,MAPS 1-2 Kills,kills,1,2,0,,0,2026-09-25T17:57:46.000-04:00,2026-09-26T12:00:00.000-04:00,5.5,2026-09-26T13:01:51+00:00,5.5,standard,2026-09-26T13:01:51+00:00,pre_game,,
prizepicks,15258541,dota,Dota2,230485,Ame,XG,NAVI,1,XGNAVI46291.5,MAPS 1-2 Kills,kills,1,2,0,,0,2026-09-25T17:57:46.000-04:00,2026-09-26T12:00:00.000-04:00,14.5,2026-09-26T13:01:51+00:00,14.5,standard,2026-09-26T13:01:51+00:00,pre_game,,
prizepicks,15258542,dota,Dota2,345233,Xm,XG,NAVI,2,XGNAVI46291.5,MAPS 1-2 Kills,kills,1,2,0,,0,2026-09-25T17:57:46.000-04:00,2026-09-26T12:00:00.000-04:00,12.5,2026-09-26T13:01:51+00:00,12.5,standard,2026-09-26T13:01:51+00:00,pre_game,,
prizepicks,15258543,dota,Dota2,345234,zeal,XG,NAVI,3,XGNAVI46291.5,MAPS 1-2 Kills,kills,1,2,0,,0,2026-09-25T17:57:46.000-04:00,2026-09-26T12:00:00.000-04:00,10.0,2026-09-26T13:01:51+00:00,10.0,standard,2026-09-26T13:01:51+00:00,pre_game,,
prizepicks,15258544,dota,Dota2,345235,XinQ,XG,NAVI,4,XGNAVI46291.5,MAPS 1-2 Kills,kills,1,2,0,,0,2026-09-25T17:57:46.000-04:00,2026-09-26T12:00:00.000-04:00,6.0,2026-09-26T13:01:51+00:00,6.0,standard,2026-09-26T13:01:51+00:00,pre_game,,
prizepicks,15258545,dota,Dota2,345236,BoBoKa,XG,NAVI,5,XGNAVI46291.5,MAPS 1-2 Kills,kills,1,2,0,,0,2026-09-25T17:57:46.000-04:00,2026-09-26T12:00:00.000-04:00,6.5,2026-09-26T13:01:51+00:00,6.5,standard,2026-09-26T13:01:51+00:00,pre_game,,
