book,projection_id,model_version,computed_at,line,projection,p_over,p_under,ev_over,ev_under,lean,prob,ev,bettable,notes
prizepicks,15199438,dota-kills-202609250538,2026-09-25T05:39:32+00:00,11.5,,,,,,,,,0,player_unmapped:JaCkky
prizepicks,15199439,dota-kills-202609250538,2026-09-25T05:39:32+00:00,11.0,13.007832829201202,0.5858535366158459,0.345946463384154,0.11001128146244299,-0.31661052718817473,OVER,0.5858535366158459,0.11001128146244299,0,
prizepicks,15199440,dota-kills-202609250538,2026-09-25T05:39:32+00:00,7.5,8.633047016904614,0.5858535366158459,0.41414646338415406,0.04181128146244295,-0.2635318714235202,OVER,0.5858535366158459,0.04181128146244295,0,
prizepicks,15199441,dota-kills-202609250538,2026-09-25T05:39:32+00:00,4.0,5.5328328326786185,0.6067029504439988,0.2569470495560012,0.215237364784428,-0.4067263523043125,OVER,0.6067029504439988,0.215237364784428,1,
prizepicks,15199442,dota-kills-202609250538,2026-09-25T05:39:32+00:00,4.5,5.918956782222253,0.6270676691729323,0.37293233082706767,0.11510152479132452,-0.33682211475240176,OVER,0.6270676691729323,0.11510152479132452,1,
prizepicks,15199443,dota-kills-202609250538,2026-09-25T05:39:32+00:00,17.0,14.412405785925909,0.32104832104832104,0.634201678951679,-0.384336381052205,0.17253778749188597,UNDER,0.634201678951679,0.17253778749188597,1,
prizepicks,15199444,dota-kills-202609250538,2026-09-25T05:39:32+00:00,16.5,14.41466546460807,0.40830346475507767,0.5916965352449224,-0.2739223555784924,0.05220176561741524,UNDER,0.5916965352449224,0.05220176561741524,0,
prizepicks,15199445,dota-kills-202609250538,2026-09-25T05:39:32+00:00,11.5,10.981453738066385,0.46,0.5399999999999999,-0.18199147138209543,-0.03972911857898176,UNDER,0.5399999999999999,-0.03972911857898176,0,
prizepicks,15199446,dota-kills-202609250538,2026-09-25T05:39:32+00:00,7.5,6.817648458580299,0.42162162162162165,0.5783783783783784,-0.25023895144304875,0.02851836148197151,UNDER,0.5783783783783784,0.02851836148197151,0,
prizepicks,15199447,dota-kills-202609250538,2026-09-25T05:39:32+00:00,7.0,6.728441946123122,0.4215456674473068,0.48390433255269316,-0.1558240191873393,-0.044932888992918085,UNDER,0.48390433255269316,-0.044932888992918085,0,
prizepicks,15199448,dota-kills-202609250538,2026-09-25T05:39:32+00:00,13.0,15.540095946219822,0.6067029504439988,0.3342470495560012,0.13793736478442797,-0.3465653539083035,OVER,0.6067029504439988,0.13793736478442797,1,
prizepicks,15199449,dota-kills-202609250538,2026-09-25T05:39:32+00:00,14.0,14.956516410080635,0.5087242238839793,0.4361257761160206,-0.0401961872790883,-0.16929651214563546,OVER,0.5087242238839793,-0.0401961872790883,0,
prizepicks,15199450,dota-kills-202609250538,2026-09-25T05:39:32+00:00,7.5,9.920663661277334,0.6697247706422018,0.3302752293577982,0.1909577700260675,-0.41267835998714475,OVER,0.6697247706422018,0.1909577700260675,1,
prizepicks,15199451,dota-kills-202609250538,2026-09-25T05:39:32+00:00,6.0,7.132532351601907,0.5671785028790787,0.3278714971209213,0.11355185348656754,-0.3120028675312296,OVER,0.5671785028790787,0.11355185348656754,0,
prizepicks,15199452,dota-kills-202609250538,2026-09-25T05:39:32+00:00,5.5,5.769107112586994,0.5358126721763085,0.46418732782369154,-0.04717535743093548,-0.17454523253014176,OVER,0.5358126721763085,-0.04717535743093548,0,
prizepicks,15199453,dota-kills-202609250538,2026-09-25T05:39:32+00:00,15.5,13.602762779463804,0.40602284527518173,0.5939771547248183,-0.277977934241725,0.05625734428064777,UNDER,0.5939771547248183,0.05625734428064777,0,
prizepicks,15199454,dota-kills-202609250538,2026-09-25T05:39:32+00:00,17.0,13.840175820615805,0.26001780943900255,0.6985321905609976,-0.49616568323119764,0.28363541172400697,UNDER,0.6985321905609976,0.28363541172400697,1,
prizepicks,15199455,dota-kills-202609250538,2026-09-25T05:39:32+00:00,11.5,9.27942916870493,0.32104832104832104,0.678951678951679,-0.429086381052205,0.20736579109112774,UNDER,0.678951678951679,0.20736579109112774,1,
prizepicks,15199456,dota-kills-202609250538,2026-09-25T05:39:32+00:00,7.0,6.9880897994002105,0.4388916378030678,0.4621583621969323,-0.12057803725654415,-0.07920330032788458,UNDER,0.4621583621969323,-0.07920330032788458,0,
prizepicks,15199457,dota-kills-202609250538,2026-09-25T05:39:32+00:00,7.0,6.409566233839419,0.40602284527518173,0.4975771547248182,-0.18157793424172497,-0.018768790847104422,UNDER,0.4975771547248182,-0.018768790847104422,0,
prizepicks,15199458,dota-kills-202609251309,2026-09-25T13:17:51+00:00,15.5,14.758791626051217,0.4595091055434366,0.5404908944565634,-0.18286441888670446,-0.03885617107437278,UNDER,0.5404908944565634,-0.03885617107437278,0,
prizepicks,15199459,dota-kills-202609251309,2026-09-25T13:17:51+00:00,14.0,13.940293220307115,0.46902121074285613,0.4766287892571439,-0.1115992380644526,-0.09807083783224019,UNDER,0.4766287892571439,-0.09807083783224019,0,
prizepicks,15199460,dota-kills-202609251309,2026-09-25T13:17:51+00:00,9.5,8.786885504023417,0.44040095347182445,0.5595990465281755,-0.2168440522795449,-0.0048765376815324,UNDER,0.5595990465281755,-0.0048765376815324,0,
prizepicks,15199461,dota-kills-202609251309,2026-09-25T13:17:51+00:00,7.0,6.783811168698852,0.42565328064659175,0.4754467193534082,-0.1441695352106468,-0.05562288840328,UNDER,0.4754467193534082,-0.05562288840328,0,
prizepicks,15199462,dota-kills-202609251309,2026-09-25T13:17:51+00:00,6.0,6.644932049736318,0.5125716986560578,0.38047830134394217,0.01844569788874295,-0.21645327075348297,OVER,0.5125716986560578,0.01844569788874295,0,
prizepicks,15199463,dota-kills-202609251309,2026-09-25T13:17:51+00:00,13.5,13.258932949999789,0.48300605899598853,0.5169939410040114,-0.14108027036338833,-0.08064031959768897,UNDER,0.5169939410040114,-0.08064031959768897,0,
prizepicks,15199464,dota-kills-202609251309,2026-09-25T13:17:51+00:00,13.5,12.32674123481181,0.4256017046931226,0.5743982953068774,-0.24316125166675412,0.021440661705676822,UNDER,0.5743982953068774,0.021440661705676822,0,
prizepicks,15199465,dota-kills-202609251309,2026-09-25T13:17:51+00:00,8.0,9.326189054059402,0.564695535621058,0.35075446437894203,0.08873644393582847,-0.2917105580156968,OVER,0.564695535621058,0.08873644393582847,0,
prizepicks,15199466,dota-kills-202609251309,2026-09-25T13:17:51+00:00,5.0,5.818366605196191,0.5331269335563332,0.34827306644366685,0.06664864888041616,-0.2620731768721096,OVER,0.5331269335563332,0.06664864888041616,0,
prizepicks,15199467,dota-kills-202609251309,2026-09-25T13:17:51+00:00,4.5,5.277176804584967,0.5913785014537286,0.4086214985462714,0.051636212674838755,-0.273356802635916,OVER,0.5913785014537286,0.051636212674838755,0,
prizepicks,15213661,cs2-kills-202609251310,2026-09-25T13:19:19+00:00,30.5,,,,,,,,,0,player_unmapped:Starry
prizepicks,15213666,cs2-headshots-202609251310,2026-09-25T13:19:19+00:00,18.5,,,,,,,,,0,player_unmapped:Starry
prizepicks,15201739,cs2-kills-202609251310,2026-09-25T13:19:19+00:00,31.5,28.82879394580316,0.3346910145101606,0.6653089854898394,-0.4048258601715431,0.18310527021046585,UNDER,0.6653089854898394,0.18310527021046585,1,shrink:0.25
prizepicks,15213662,cs2-kills-202609251310,2026-09-25T13:19:19+00:00,26.5,,,,,,,,,0,player_unmapped:EmiliaQAQ
prizepicks,15213667,cs2-headshots-202609251310,2026-09-25T13:19:19+00:00,16.5,,,,,,,,,0,player_unmapped:EmiliaQAQ
prizepicks,15201740,cs2-kills-202609251310,2026-09-25T13:19:19+00:00,30.5,28.777782558580753,0.38131237391784295,0.618687626082157,-0.32192005666883705,0.10019946670775975,UNDER,0.618687626082157,0.10019946670775975,1,shrink:0.25
prizepicks,15213663,cs2-kills-202609251310,2026-09-25T13:19:19+00:00,27.5,,,,,,,,,0,player_unmapped:C4LLM3SU3
prizepicks,15213668,cs2-headshots-202609251310,2026-09-25T13:19:19+00:00,15.5,,,,,,,,,0,player_unmapped:C4LLM3SU3
prizepicks,15201741,cs2-kills-202609251310,2026-09-25T13:19:19+00:00,26.5,27.545590145851136,0.5269019490492769,0.4730980509507231,-0.06302111289629336,-0.15869947706478388,OVER,0.5269019490492769,-0.06302111289629336,0,shrink:0.25
prizepicks,15213664,cs2-kills-202609251310,2026-09-25T13:19:19+00:00,32.5,29.40570670772396,0.3161030110513491,0.6838969889486509,-0.4378805239960799,0.21615993403500267,UNDER,0.6838969889486509,0.21615993403500267,1,opponent_unmapped;shrink:0.25
prizepicks,15213669,cs2-headshots-202609251310,2026-09-25T13:19:19+00:00,11.5,10.773852175464095,0.3678055451642001,0.6321944548357998,-0.3459389721363618,0.12421838217528453,UNDER,0.6321944548357998,0.12421838217528453,1,opponent_unmapped;shrink:0.25
prizepicks,15201742,cs2-kills-202609251310,2026-09-25T13:19:19+00:00,29.5,29.699762218438288,0.4784377393334343,0.5215622606665657,-0.14920401915778458,-0.0725165708032926,UNDER,0.5215622606665657,-0.0725165708032926,0,shrink:0.25
prizepicks,15213665,cs2-kills-202609251310,2026-09-25T13:19:19+00:00,29.5,29.70985793445228,0.47890893142276364,0.5210910685772362,-0.14836610796715677,-0.07335448199392047,UNDER,0.5210910685772362,-0.07335448199392047,0,opponent_unmapped;shrink:0.25
prizepicks,15213670,cs2-headshots-202609251310,2026-09-25T13:19:19+00:00,18.5,18.74383217064733,0.45990682975068947,0.5400931702493106,-0.1821571541180727,-0.03956343584300448,UNDER,0.5400931702493106,-0.03956343584300448,0,opponent_unmapped;shrink:0.25
prizepicks,15201743,cs2-kills-202609251310,2026-09-25T13:19:19+00:00,29.5,28.9136918141646,0.4371883548860943,0.5628116451139057,-0.222556950197269,0.0008363602361917688,UNDER,0.5628116451139057,0.0008363602361917688,0,shrink:0.25
prizepicks,15201744,cs2-headshots-202609251310,2026-09-25T13:19:19+00:00,19.5,18.00941829519303,0.3414103391866677,0.6585896608133324,-0.39287702344994413,0.1711564334888669,UNDER,0.6585896608133324,0.1711564334888669,1,shrink:0.25
prizepicks,15201745,cs2-headshots-202609251310,2026-09-25T13:19:19+00:00,18.5,17.003716493795928,0.3346513142228114,0.6653486857771885,-0.4048964583751087,0.18317586841403155,UNDER,0.6653486857771885,0.18317586841403155,1,shrink:0.25
prizepicks,15201746,cs2-headshots-202609251310,2026-09-25T13:19:19+00:00,15.5,15.385369763676866,0.43091360910875787,0.5690863908912421,-0.23371520141633506,0.01199461145525782,UNDER,0.5690863908912421,0.01199461145525782,0,shrink:0.25
prizepicks,15201747,cs2-headshots-202609251310,2026-09-25T13:19:19+00:00,15.5,15.294544086005905,0.42507497555818935,0.5749250244418107,-0.24409792324207358,0.022377333280996392,UNDER,0.5749250244418107,0.022377333280996392,0,shrink:0.25
prizepicks,15201748,cs2-headshots-202609251310,2026-09-25T13:19:19+00:00,12.0,11.627822035761145,0.3600239362002283,0.5455260637997718,-0.2653268471339673,0.06454776689471375,UNDER,0.5455260637997718,0.06454776689471375,0,shrink:0.25
prizepicks,15214351,cs2-kills-202609251310,2026-09-25T13:19:19+00:00,29.5,,,,,,,,,0,player_unmapped:AccuracyTG
prizepicks,15214355,cs2-headshots-202609251310,2026-09-25T13:19:19+00:00,10.5,,,,,,,,,0,player_unmapped:AccuracyTG
prizepicks,15214352,cs2-kills-202609251310,2026-09-25T13:19:19+00:00,29.5,29.013126137099825,0.4424739019444031,0.5575260980555969,-0.2131577706926867,-0.008562819268390476,UNDER,0.5575260980555969,-0.008562819268390476,0,opponent_unmapped;shrink:0.25
prizepicks,15214356,cs2-headshots-202609251310,2026-09-25T13:19:19+00:00,16.5,16.63644882816225,0.4526806913456684,0.5473193086543315,-0.19500724725781304,-0.026713342703264253,UNDER,0.5473193086543315,-0.026713342703264253,0,opponent_unmapped;shrink:0.25
prizepicks,15214353,cs2-kills-202609251310,2026-09-25T13:19:19+00:00,28.5,28.08706047699201,0.4451954310869601,0.5548045689130399,-0.20831813145465666,-0.013402458506420578,UNDER,0.5548045689130399,-0.013402458506420578,0,opponent_unmapped;shrink:0.25
prizepicks,15214357,cs2-headshots-202609251310,2026-09-25T13:19:19+00:00,14.5,13.708134363732496,0.37530371178103533,0.6246962882189645,-0.33260513682860243,0.11088454686752514,UNDER,0.6246962882189645,0.11088454686752514,1,opponent_unmapped;shrink:0.25
prizepicks,15214354,cs2-kills-202609251310,2026-09-25T13:19:19+00:00,28.5,28.10544692654163,0.44645157493272225,0.5535484250672777,-0.20608435671769076,-0.015636233243386477,UNDER,0.5535484250672777,-0.015636233243386477,0,opponent_unmapped;shrink:0.25
prizepicks,15214358,cs2-headshots-202609251310,2026-09-25T13:19:19+00:00,18.5,18.035094024021824,0.4093397385200652,0.5906602614799348,-0.2720795712790515,0.05035898131797428,UNDER,0.5906602614799348,0.05035898131797428,0,opponent_unmapped;shrink:0.25
prizepicks,15200556,cs2-kills-202609251310,2026-09-25T13:19:19+00:00,28.5,28.504625703448415,0.46739090070452904,0.532609099295471,-0.16884838483758935,-0.05287220512348789,UNDER,0.532609099295471,-0.05287220512348789,0,shrink:0.25
prizepicks,15200557,cs2-kills-202609251310,2026-09-25T13:19:19+00:00,32.5,30.06049950493043,0.34899513745830046,0.6510048625416995,-0.3793891328542007,0.1576685428931235,UNDER,0.6510048625416995,0.1576685428931235,1,shrink:0.25
prizepicks,15200558,cs2-kills-202609251310,2026-09-25T13:19:19+00:00,27.5,27.144206126079382,0.44796945770951885,0.5520305422904812,-0.20338513702886074,-0.0183354529322165,UNDER,0.5520305422904812,-0.0183354529322165,0,shrink:0.25
prizepicks,15200559,cs2-kills-202609251310,2026-09-25T13:19:19+00:00,30.5,28.930790700858974,0.3897172962210005,0.6102827037789995,-0.30697375639415514,0.0852531664330779,UNDER,0.6102827037789995,0.0852531664330779,1,shrink:0.25
prizepicks,15200560,cs2-kills-202609251310,2026-09-25T13:19:19+00:00,28.5,27.944330018094576,0.4370313693688896,0.5629686306311104,-0.2228361143101884,0.0011155243491111633,UNDER,0.5629686306311104,0.0011155243491111633,0,shrink:0.25
prizepicks,15200561,cs2-headshots-202609251310,2026-09-25T13:19:19+00:00,9.5,10.316800497988122,0.5256473351537518,0.4743526648462481,-0.06525216695425423,-0.156468423006823,OVER,0.5256473351537518,-0.06525216695425423,0,shrink:0.25
prizepicks,15200562,cs2-headshots-202609251310,2026-09-25T13:19:19+00:00,16.5,15.79317019484871,0.3881568089381352,0.6118431910618648,-0.3097487387989021,0.08802814883782484,UNDER,0.6118431910618648,0.08802814883782484,1,shrink:0.25
prizepicks,15200563,cs2-headshots-202609251310,2026-09-25T13:19:19+00:00,15.5,14.942012884276807,0.3970255872841348,0.6029744127158652,-0.2939775728740119,0.07225698291293464,UNDER,0.6029744127158652,0.07225698291293464,1,shrink:0.25
prizepicks,15200564,cs2-headshots-202609251310,2026-09-25T13:19:19+00:00,17.5,16.56377381478427,0.37382287586306406,0.6261771241369359,-0.33523847685117697,0.11351788689009973,UNDER,0.6261771241369359,0.11351788689009973,1,shrink:0.25
prizepicks,15213122,cs2-kills-202609251310,2026-09-25T13:19:19+00:00,15.0,14.794012151039235,0.41108324688366954,0.5174667730270159,-0.19752914616550876,-0.008349512057458541,UNDER,0.5174667730270159,-0.008349512057458541,0,shrink:0.25;voidable
prizepicks,15213123,cs2-kills-202609251310,2026-09-25T13:19:19+00:00,15.0,14.666211665479528,0.4014546557114774,0.5271781131047812,-0.21473422050027374,0.008837215141144217,UNDER,0.5271781131047812,0.008837215141144217,0,shrink:0.25;voidable
prizepicks,15213124,cs2-kills-202609251310,2026-09-25T13:19:19+00:00,13.5,13.319796692977665,0.44838667289335166,0.5516133271066483,-0.2026432118578952,-0.019077378103182052,UNDER,0.5516133271066483,-0.019077378103182052,0,shrink:0.25;voidable
prizepicks,15213125,cs2-kills-202609251310,2026-09-25T13:19:19+00:00,15.5,14.95824638337069,0.42341289341367006,0.57658710658633,-0.24705356969746556,0.025332979736388317,UNDER,0.57658710658633,0.025332979736388317,0,shrink:0.25;voidable
prizepicks,15213126,cs2-kills-202609251310,2026-09-25T13:19:19+00:00,14.0,14.147969674775187,0.4360009041638203,0.4887502759518889,-0.14941974948283393,-0.0556166277396235,UNDER,0.4887502759518889,-0.0556166277396235,0,shrink:0.25;voidable
prizepicks,15213127,cs2-kills-202609251310,2026-09-25T13:19:19+00:00,16.0,15.304827691931749,0.3785497398435784,0.5538586741996357,-0.25924120600378786,0.052507062357454004,UNDER,0.5538586741996357,0.052507062357454004,0,shrink:0.25;voidable
prizepicks,15213128,cs2-kills-202609251310,2026-09-25T13:19:19+00:00,13.0,14.241351319263657,0.5220294557219214,0.4006975113353741,0.005587265486822812,-0.21017483299576184,OVER,0.5220294557219214,0.005587265486822812,0,shrink:0.25;voidable
prizepicks,15213129,cs2-kills-202609251310,2026-09-25T13:19:19+00:00,14.0,14.028588811510083,0.42662781745515627,0.4980949282093996,-0.16605928213420734,-0.03897079058496522,UNDER,0.4980949282093996,-0.03897079058496522,0,shrink:0.25;voidable
prizepicks,15213130,cs2-kills-202609251310,2026-09-25T13:19:19+00:00,13.5,14.12727180351083,0.5131653113641955,0.4868346886358045,-0.0874486928548383,-0.13427189710623894,OVER,0.5131653113641955,-0.0874486928548383,0,shrink:0.25;voidable
prizepicks,15213132,cs2-headshots-202609251310,2026-09-25T13:19:19+00:00,4.5,5.168396226968117,0.5359315678195374,0.46406843218046256,-0.046963927756638046,-0.1747566622044392,OVER,0.5359315678195374,-0.046963927756638046,0,shrink:0.25;voidable
prizepicks,15213133,cs2-headshots-202609251310,2026-09-25T13:19:19+00:00,8.5,8.009731475832934,0.38266829382972967,0.6173317061702703,-0.3195088522078672,0.09778826224678994,UNDER,0.6173317061702703,0.09778826224678994,0,shrink:0.25;voidable
prizepicks,15213134,cs2-headshots-202609251310,2026-09-25T13:19:19+00:00,7.5,7.656995865675115,0.454044047962862,0.545955952037138,-0.19258281825691737,-0.029137771704159876,UNDER,0.545955952037138,-0.029137771704159876,0,shrink:0.25;voidable
prizepicks,15213135,cs2-headshots-202609251310,2026-09-25T13:19:19+00:00,9.0,8.183436428789278,0.30279883041962263,0.5963948232244314,-0.36073272812497165,0.16136298074975547,UNDER,0.5963948232244314,0.16136298074975547,0,shrink:0.25;voidable
prizepicks,15213136,cs2-headshots-202609251310,2026-09-25T13:19:19+00:00,8.0,8.055554407553407,0.38773470359693085,0.5003640270866051,-0.1985980907195692,0.0016883162087317216,UNDER,0.5003640270866051,0.0016883162087317216,0,shrink:0.25;voidable
prizepicks,15213137,cs2-headshots-202609251310,2026-09-25T13:19:19+00:00,9.0,8.866771707483853,0.37271882203917583,0.5239905051675816,-0.23391112024052962,0.0350921991886467,UNDER,0.5239905051675816,0.0350921991886467,0,shrink:0.25;voidable
prizepicks,15213138,cs2-headshots-202609251310,2026-09-25T13:19:19+00:00,5.0,5.536493416600901,0.43830378828842453,0.413466974775601,-0.07234416100866109,-0.11651095508949161,OVER,0.43830378828842453,-0.07234416100866109,0,shrink:0.25;voidable
prizepicks,15213139,cs2-headshots-202609251310,2026-09-25T13:19:19+00:00,7.5,7.930549322116494,0.4856040483223271,0.5143959516776728,-0.13646031943685955,-0.08526027052421775,UNDER,0.5143959516776728,-0.08526027052421775,0,shrink:0.25;voidable
prizepicks,15213140,cs2-headshots-202609251310,2026-09-25T13:19:19+00:00,7.0,7.8802696489288255,0.4798620360361937,0.4019535648689757,-0.02848682256265056,-0.16702985270692544,OVER,0.4798620360361937,-0.02848682256265056,0,shrink:0.25;voidable
prizepicks,15194486,cs2-kills-202609251310,2026-09-25T13:19:19+00:00,31.0,29.888629908969545,0.38961285931423534,0.5658871406857646,-0.26265947439510373,0.05080545068729436,UNDER,0.5658871406857646,0.05080545068729436,0,shrink:0.25
prizepicks,15194487,cs2-kills-202609251310,2026-09-25T13:19:19+00:00,30.0,29.443629593598118,0.4143814940604918,0.5381685059395082,-0.2156639212110612,0.004463973243637176,UNDER,0.5381685059395082,0.004463973243637176,0,shrink:0.25
prizepicks,15194488,cs2-kills-202609251310,2026-09-25T13:19:19+00:00,29.0,29.05192027716698,0.44414866986454393,0.5040513301354561,-0.15837956538370657,-0.05185589801738688,UNDER,0.5040513301354561,-0.05185589801738688,0,shrink:0.25
prizepicks,15194489,cs2-kills-202609251310,2026-09-25T13:19:19+00:00,28.5,27.939946405012602,0.43676972831655736,0.5632302716834426,-0.22330138520637183,0.0015807952452945861,UNDER,0.5632302716834426,0.0015807952452945861,0,shrink:0.25
prizepicks,15194490,cs2-kills-202609251310,2026-09-25T13:19:19+00:00,27.0,,,,,,,,,0,player_unmapped:Krimbo
prizepicks,15194491,cs2-kills-202609251310,2026-09-25T13:19:19+00:00,30.0,29.924373415475454,0.437606986155665,0.5123430138443349,-0.1717625068301929,-0.038860967603332464,UNDER,0.5123430138443349,-0.038860967603332464,0,shrink:0.25
prizepicks,15194492,cs2-kills-202609251310,2026-09-25T13:19:19+00:00,30.0,,,,,,,,,0,player_unmapped:Kursy
prizepicks,15194493,cs2-kills-202609251310,2026-09-25T13:19:19+00:00,28.5,28.656063117029,0.4762911916474545,0.5237088083525455,-0.15302118071042914,-0.0686994092506481,UNDER,0.5237088083525455,-0.0686994092506481,0,shrink:0.25
prizepicks,15194494,cs2-kills-202609251310,2026-09-25T13:19:19+00:00,29.0,28.8912897131387,0.43588016270360214,0.5125698372963978,-0.17333328141976867,-0.03695761212881504,UNDER,0.5125698372963978,-0.03695761212881504,0,shrink:0.25
prizepicks,15194495,cs2-kills-202609251310,2026-09-25T13:19:19+00:00,26.5,27.95780971881547,0.5486510930758496,0.4513489069241504,-0.024345057887868116,-0.19737553207320913,OVER,0.5486510930758496,-0.024345057887868116,0,shrink:0.25
prizepicks,15194496,cs2-headshots-202609251310,2026-09-25T13:19:19+00:00,9.5,10.324897237347868,0.5266642511504273,0.4733357488495727,-0.06344380617562712,-0.15827678378545024,OVER,0.5266642511504273,-0.06344380617562712,0,shrink:0.25
prizepicks,15194497,cs2-headshots-202609251310,2026-09-25T13:19:19+00:00,17.0,16.811425406393617,0.39216804906346253,0.5327819509365375,-0.22756563307531052,0.022485173390812185,UNDER,0.5327819509365375,0.022485173390812185,0,shrink:0.25
prizepicks,15194498,cs2-headshots-202609251310,2026-09-25T13:19:19+00:00,16.5,16.37795825233031,0.4322619502641256,0.5677380497358743,-0.2313174741020364,0.009596884140959216,UNDER,0.5677380497358743,0.009596884140959216,0,shrink:0.25
prizepicks,15194499,cs2-headshots-202609251310,2026-09-25T13:19:19+00:00,16.5,16.33834381836988,0.4292162119934779,0.570783788006522,-0.23673364775709677,0.015013057796019524,UNDER,0.570783788006522,0.015013057796019524,0,shrink:0.25
prizepicks,15194500,cs2-headshots-202609251310,2026-09-25T13:19:19+00:00,15.5,,,,,,,,,0,player_unmapped:Krimbo
prizepicks,15194501,cs2-headshots-202609251310,2026-09-25T13:19:19+00:00,11.5,12.473055785925819,0.5329224224088199,0.46707757759118007,-0.0523150290823301,-0.16940556087874714,OVER,0.5329224224088199,-0.0523150290823301,0,shrink:0.25
prizepicks,15194502,cs2-headshots-202609251310,2026-09-25T13:19:19+00:00,18.0,,,,,,,,,0,player_unmapped:Kursy
prizepicks,15194503,cs2-headshots-202609251310,2026-09-25T13:19:19+00:00,14.5,15.140093335030182,0.49618864747421837,0.5038113525257817,-0.11763794470153599,-0.1040826452595412,UNDER,0.5038113525257817,-0.1040826452595412,0,shrink:0.25
prizepicks,15194504,cs2-headshots-202609251310,2026-09-25T13:19:19+00:00,17.5,17.144977391240683,0.41625511082144195,0.583744889178558,-0.2597821071027598,0.038061517141682544,UNDER,0.583744889178558,0.038061517141682544,0,shrink:0.25
prizepicks,15194505,cs2-headshots-202609251310,2026-09-25T13:19:19+00:00,16.5,16.87042439474729,0.47222455054063484,0.5277754494593652,-0.1602528048587044,-0.06146778510237283,UNDER,0.5277754494593652,-0.06146778510237283,0,shrink:0.25
prizepicks,15213072,cs2-kills-202609251310,2026-09-25T13:19:19+00:00,29.5,28.939762403872066,0.4387582459495322,0.5612417540504677,-0.21976524524315322,-0.001955344717924079,UNDER,0.5612417540504677,-0.001955344717924079,0,shrink:0.25
prizepicks,15213073,cs2-kills-202609251310,2026-09-25T13:19:19+00:00,24.5,26.27318428551898,0.5692275309283278,0.43077246907167216,0.012245597877139469,-0.23396618783821677,OVER,0.5692275309283278,0.012245597877139469,0,shrink:0.25
prizepicks,15213074,cs2-kills-202609251310,2026-09-25T13:19:19+00:00,31.5,29.465850063111,0.3669154981014779,0.6330845018985221,-0.3475217245019664,0.1258011345408891,UNDER,0.6330845018985221,0.1258011345408891,1,shrink:0.25
prizepicks,15213075,cs2-kills-202609251310,2026-09-25T13:19:19+00:00,32.5,,,,,,,,,0,player_unmapped:Staehr
prizepicks,15213076,cs2-kills-202609251310,2026-09-25T13:19:19+00:00,30.5,,,,,,,,,0,player_unmapped:ryu
prizepicks,15213077,cs2-kills-202609251310,2026-09-25T13:19:19+00:00,24.5,,,,,,,,,0,player_unmapped:Demho
prizepicks,15213078,cs2-kills-202609251310,2026-09-25T13:19:19+00:00,27.5,27.75626829172738,0.4828878544335603,0.5171121455664397,-0.1412904711029272,-0.08043011885815005,UNDER,0.5171121455664397,-0.08043011885815005,0,shrink:0.25
prizepicks,15213079,cs2-kills-202609251310,2026-09-25T13:19:19+00:00,29.5,29.87155166329333,0.4875996181108241,0.5124003818891759,-0.13291163877067969,-0.08880895119039756,UNDER,0.5124003818891759,-0.08880895119039756,0,shrink:0.25
prizepicks,15213080,cs2-kills-202609251310,2026-09-25T13:19:19+00:00,27.5,,,,,,,,,0,player_unmapped:Qlocuu
prizepicks,15213081,cs2-kills-202609251310,2026-09-25T13:19:19+00:00,27.5,28.990491715983918,0.5469266008773666,0.45307339912263345,-0.027411686857203243,-0.194308903103874,OVER,0.5469266008773666,-0.027411686857203243,0,shrink:0.25
prizepicks,15213083,cs2-headshots-202609251310,2026-09-25T13:19:19+00:00,14.0,14.786319732951945,0.46583579882141257,0.45221420117858746,-0.0896637904968482,-0.11388679711691879,OVER,0.46583579882141257,-0.0896637904968482,0,shrink:0.25
prizepicks,15213084,cs2-headshots-202609251310,2026-09-25T13:19:19+00:00,21.5,18.877217283767745,0.2772662094915971,0.7227337905084029,-0.5069432085615544,0.28522261860047715,UNDER,0.7227337905084029,0.28522261860047715,1,shrink:0.25
prizepicks,15213085,cs2-headshots-202609251310,2026-09-25T13:19:19+00:00,18.5,,,,,,,,,0,player_unmapped:Staehr
prizepicks,15213086,cs2-headshots-202609251310,2026-09-25T13:19:19+00:00,16.5,,,,,,,,,0,player_unmapped:ryu
prizepicks,15213087,cs2-headshots-202609251310,2026-09-25T13:19:19+00:00,11.5,,,,,,,,,0,player_unmapped:Demho
prizepicks,15213088,cs2-headshots-202609251310,2026-09-25T13:19:19+00:00,13.5,13.861256049397493,0.4731810216596223,0.5268189783403777,-0.15855193196151218,-0.06316865799956506,UNDER,0.5268189783403777,-0.06316865799956506,0,shrink:0.25
prizepicks,15213089,cs2-headshots-202609251310,2026-09-25T13:19:19+00:00,15.5,15.885731697479821,0.4716205537609895,0.5283794462390106,-0.16132687989567762,-0.060393710065399564,UNDER,0.5283794462390106,-0.060393710065399564,0,shrink:0.25
prizepicks,15213090,cs2-headshots-202609251310,2026-09-25T13:19:19+00:00,14.5,,,,,,,,,0,player_unmapped:Qlocuu
prizepicks,15213091,cs2-headshots-202609251310,2026-09-25T13:19:19+00:00,9.5,11.358667141241318,0.6258722134769292,0.3741277865230707,0.11297567054150848,-0.3346962605025857,OVER,0.6258722134769292,0.11297567054150848,1,shrink:0.25
prizepicks,15195574,cs2-kills-202609251310,2026-09-25T13:19:19+00:00,28.5,29.98386925139838,0.5465085193197664,0.4534914806802336,-0.028155152682800555,-0.1935654372782767,OVER,0.5465085193197664,-0.028155152682800555,0,shrink:0.25
prizepicks,15195575,cs2-kills-202609251310,2026-09-25T13:19:19+00:00,31.5,,,,,,,,,0,player_unmapped:youka
prizepicks,15195576,cs2-kills-202609251310,2026-09-25T13:19:19+00:00,31.5,30.584155913469523,0.42327186642322334,0.5767281335767767,-0.2473043550908367,0.02558376512975946,UNDER,0.5767281335767767,0.02558376512975946,0,shrink:0.25
prizepicks,15195577,cs2-kills-202609251310,2026-09-25T13:19:19+00:00,31.5,30.82947180786405,0.43457201803631634,0.5654279819636836,-0.22720952814695522,0.005488938185877923,UNDER,0.5654279819636836,0.005488938185877923,0,shrink:0.25
prizepicks,15195579,cs2-kills-202609251310,2026-09-25T13:19:19+00:00,25.5,27.43735208377941,0.5741326926088909,0.4258673073911091,0.020968345896596685,-0.24268893585767393,OVER,0.5741326926088909,0.020968345896596685,0,shrink:0.25
prizepicks,15195580,cs2-headshots-202609251310,2026-09-25T13:19:19+00:00,16.5,18.12905303422714,0.5627836214409175,0.43721637855908246,0.0007865263155232838,-0.22250711627660053,OVER,0.5627836214409175,0.0007865263155232838,0,shrink:0.25
prizepicks,15195581,cs2-headshots-202609251310,2026-09-25T13:19:19+00:00,10.5,,,,,,,,,0,player_unmapped:youka
prizepicks,15195582,cs2-headshots-202609251310,2026-09-25T13:19:19+00:00,21.5,19.994463462049207,0.3466087717196868,0.653391228280313,-0.3836327579119995,0.16191216795092234,UNDER,0.653391228280313,0.16191216795092234,1,shrink:0.25
prizepicks,15195583,cs2-headshots-202609251310,2026-09-25T13:19:19+00:00,18.5,19.157533778911088,0.48966975344830743,0.5103302465516926,-0.12923035972403912,-0.09249023023703812,UNDER,0.5103302465516926,-0.09249023023703812,0,shrink:0.25
prizepicks,15195584,cs2-headshots-202609251310,2026-09-25T13:19:19+00:00,13.5,15.233472669810716,0.5838575068776127,0.41614249312238727,0.038261782877117456,-0.2599823728381947,OVER,0.5838575068776127,0.038261782877117456,0,shrink:0.25
prizepicks,15192285,cs2-kills-202609251310,2026-09-25T13:19:19+00:00,12.5,,,,,,,,,0,player_unmapped:senka
prizepicks,15192286,cs2-kills-202609251310,2026-09-25T13:19:19+00:00,16.0,14.649654343327176,0.3312823013843723,0.6025986731811904,-0.34476847910342456,0.13770783846932222,UNDER,0.6025986731811904,0.13770783846932222,0,opponent_unmapped;shrink:0.25;voidable
prizepicks,15192287,cs2-kills-202609251310,2026-09-25T13:19:19+00:00,14.5,,,,,,,,,0,player_unmapped:ayuki
prizepicks,15192288,cs2-kills-202609251310,2026-09-25T13:19:19+00:00,16.0,15.7644656977284,0.41163869070809733,0.5203185503618692,-0.19994863300837667,-0.006685476300154147,UNDER,0.5203185503618692,-0.006685476300154147,0,opponent_unmapped;shrink:0.25;voidable
prizepicks,15192289,cs2-kills-202609251310,2026-09-25T13:19:19+00:00,13.5,14.737271409927502,0.5595749261324394,0.4404250738675606,-0.004919430484631837,-0.2168011594764454,OVER,0.5595749261324394,-0.004919430484631837,0,opponent_unmapped;shrink:0.25;voidable
prizepicks,15192290,cs2-headshots-202609251310,2026-09-25T13:19:19+00:00,6.5,,,,,,,,,0,player_unmapped:senka
prizepicks,15192291,cs2-headshots-202609251310,2026-09-25T13:19:19+00:00,8.5,8.708375666653037,0.4588852810445084,0.5411147189554917,-0.18397375314862646,-0.03774683681245078,UNDER,0.5411147189554917,-0.03774683681245078,0,opponent_unmapped;shrink:0.25;voidable
prizepicks,15192292,cs2-headshots-202609251310,2026-09-25T13:19:19+00:00,8.0,,,,,,,,,0,player_unmapped:ayuki
prizepicks,15192293,cs2-headshots-202609251310,2026-09-25T13:19:19+00:00,9.5,9.316372975107829,0.41857782490248135,0.5814221750975186,-0.2556516724770399,0.03393108251596261,UNDER,0.5814221750975186,0.03393108251596261,0,opponent_unmapped;shrink:0.25;voidable
prizepicks,15192294,cs2-headshots-202609251310,2026-09-25T13:19:19+00:00,5.5,6.411987131471079,0.5580770071565538,0.44192299284344616,-0.00758314895735579,-0.21413744100372145,OVER,0.5580770071565538,-0.00758314895735579,0,opponent_unmapped;shrink:0.25;voidable
prizepicks,14893731,val-kills-202609251343,2026-09-25T13:44:26+00:00,13.5,13.56347476527683,0.4660331140579714,0.5339668859420286,-0.1712629088743886,-0.05045768108668869,UNDER,0.5339668859420286,-0.05045768108668869,0,shrink:0.25;voidable
prizepicks,14893732,val-kills-202609251343,2026-09-25T13:44:26+00:00,13.5,14.187468727003894,0.5165318044807802,0.4834681955192198,-0.08146212746157805,-0.1402584624994992,OVER,0.5165318044807802,-0.08146212746157805,0,shrink:0.25;voidable
prizepicks,14893733,val-kills-202609251343,2026-09-25T13:44:26+00:00,13.5,13.940397925722452,0.49678399303061965,0.5032160069693803,-0.1165792539567293,-0.105141336004348,UNDER,0.5032160069693803,-0.105141336004348,0,shrink:0.25;voidable
prizepicks,14893734,val-kills-202609251343,2026-09-25T13:44:26+00:00,16.5,16.7523238385077,0.4794292685369658,0.5205707314630341,-0.14744080319069208,-0.07427978677038521,UNDER,0.5205707314630341,-0.07427978677038521,0,shrink:0.25;voidable
prizepicks,14893735,val-kills-202609251343,2026-09-25T13:44:26+00:00,17.0,17.18561235225321,0.4401078114157175,0.49209822840647144,-0.14957138058432534,-0.057117892530329895,UNDER,0.49209822840647144,-0.057117892530329895,0,shrink:0.25;voidable
prizepicks,14893736,val-kills-202609251343,2026-09-25T13:44:26+00:00,13.0,13.978086146530845,0.49981872387528997,0.41927565861647326,-0.030277037072405366,-0.1735051116435805,OVER,0.49981872387528997,-0.030277037072405366,0,shrink:0.25;voidable
prizepicks,14893737,val-kills-202609251343,2026-09-25T13:44:26+00:00,15.0,14.844926169780987,0.4117241998713256,0.5139082986289503,-0.19347183125434747,-0.011759952400279605,UNDER,0.5139082986289503,-0.011759952400279605,0,shrink:0.25;voidable
prizepicks,14893738,val-kills-202609251343,2026-09-25T13:44:26+00:00,12.0,12.68629896872553,0.47666679526548955,0.4369860533335766,-0.0660061011292074,-0.13656954748179634,OVER,0.47666679526548955,-0.0660061011292074,0,shrink:0.25;voidable
prizepicks,14893739,val-kills-202609251343,2026-09-25T13:44:26+00:00,13.5,14.00983213244325,0.5023688829086422,0.49763111709135777,-0.10664775927930703,-0.11507283068177021,OVER,0.5023688829086422,-0.10664775927930703,0,shrink:0.25;voidable
prizepicks,14893740,val-kills-202609251343,2026-09-25T13:44:26+00:00,14.0,14.185932596292385,0.43623260911699446,0.485597530374336,-0.14608667271102155,-0.0583020496608983,UNDER,0.485597530374336,-0.0583020496608983,0,shrink:0.25;voidable
prizepicks,15192221,cs2-kills-202609251622,2026-09-25T16:49:26+00:00,27.5,27.137331812294367,0.4735611019715491,0.5264388980284509,-0.15787604296865154,-0.0638445469924257,UNDER,0.5264388980284509,-0.0638445469924257,0,shrink:0.25
prizepicks,15192222,cs2-kills-202609251622,2026-09-25T16:49:26+00:00,29.5,29.05261882217144,0.47051089903820636,0.5294891009617937,-0.1633001560414553,-0.05842043391962193,UNDER,0.5294891009617937,-0.05842043391962193,0,shrink:0.25
prizepicks,15192223,cs2-kills-202609251622,2026-09-25T16:49:26+00:00,30.5,29.729152672647416,0.45386105642065294,0.546138943579347,-0.19290822834863902,-0.028812361612438164,UNDER,0.546138943579347,-0.028812361612438164,0,shrink:0.25
prizepicks,15192224,cs2-kills-202609251622,2026-09-25T16:49:26+00:00,26.5,26.507720216597566,0.4953836657427009,0.5046163342572991,-0.11906942714015095,-0.10265116282092629,UNDER,0.5046163342572991,-0.10265116282092629,0,shrink:0.25
prizepicks,15192225,cs2-kills-202609251622,2026-09-25T16:49:26+00:00,31.5,29.587401970912033,0.3993036447540768,0.6006963552459231,-0.28992655018032865,0.06820596021925146,UNDER,0.6006963552459231,0.06820596021925146,1,shrink:0.25
prizepicks,15192226,cs2-kills-202609251622,2026-09-25T16:49:26+00:00,28.0,,,,,,,,,0,player_unmapped:sh1nejezzz
prizepicks,15192227,cs2-kills-202609251622,2026-09-25T16:49:26+00:00,29.5,29.27139435456523,0.4818609220062583,0.5181390779937417,-0.1431166438938996,-0.07860394606717763,UNDER,0.5181390779937417,-0.07860394606717763,0,shrink:0.25
prizepicks,15192228,cs2-kills-202609251622,2026-09-25T16:49:26+00:00,30.5,29.511121536545637,0.44361376475366926,0.5563862352463307,-0.21113077612869952,-0.010589813832377781,UNDER,0.5563862352463307,-0.010589813832377781,0,shrink:0.25
prizepicks,15192229,cs2-kills-202609251622,2026-09-25T16:49:26+00:00,24.0,24.727888043358103,0.5088156164941351,0.43163438350586497,-0.03563366568221876,-0.17288346314667635,OVER,0.5088156164941351,-0.03563366568221876,0,shrink:0.25
prizepicks,15192230,cs2-kills-202609251622,2026-09-25T16:49:26+00:00,27.0,,,,,,,,,0,player_unmapped:sowalio
prizepicks,15192231,cs2-headshots-202609251622,2026-09-25T16:49:26+00:00,16.5,16.330497417140855,0.46916565615669603,0.530834343843304,-0.16569237375914647,-0.05602821620193077,UNDER,0.530834343843304,-0.05602821620193077,0,shrink:0.25
prizepicks,15192232,cs2-headshots-202609251622,2026-09-25T16:49:26+00:00,10.5,10.085598277427435,0.4365695758732136,0.5634304241267865,-0.22365731217523904,0.0019367222141618567,UNDER,0.5634304241267865,0.0019367222141618567,0,shrink:0.25
prizepicks,15192233,cs2-headshots-202609251622,2026-09-25T16:49:26+00:00,17.5,16.723682387879837,0.42417828831434345,0.5758217116856565,-0.24569248370504926,0.023971893743972017,UNDER,0.5758217116856565,0.023971893743972017,0,shrink:0.25
prizepicks,15192234,cs2-headshots-202609251622,2026-09-25T16:49:26+00:00,15.5,15.377727630658352,0.4720577579302212,0.5279422420697788,-0.1605494087235496,-0.06117118123752763,UNDER,0.5279422420697788,-0.06117118123752763,0,shrink:0.25
prizepicks,15192235,cs2-headshots-202609251622,2026-09-25T16:49:26+00:00,16.5,16.245202110910355,0.46276881219564175,0.5372311878043583,-0.1770677496643212,-0.04465284029675598,UNDER,0.5372311878043583,-0.04465284029675598,0,shrink:0.25
prizepicks,15192236,cs2-headshots-202609251622,2026-09-25T16:49:26+00:00,16.5,,,,,,,,,0,player_unmapped:sh1nejezzz
prizepicks,15192237,cs2-headshots-202609251622,2026-09-25T16:49:26+00:00,9.0,9.670487187582411,0.4994537011644967,0.39179629883550326,-0.003081766951442355,-0.19452670885136775,OVER,0.4994537011644967,-0.003081766951442355,0,shrink:0.25
prizepicks,15192238,cs2-headshots-202609251622,2026-09-25T16:49:26+00:00,16.0,16.692966838615742,0.4987459845063355,0.4248040154936644,-0.03664028491279192,-0.168129765945761,OVER,0.4987459845063355,-0.03664028491279192,0,shrink:0.25
prizepicks,15192239,cs2-headshots-202609251622,2026-09-25T16:49:26+00:00,12.0,13.035680044580605,0.531080693906139,0.379619306093861,0.033709863042470534,-0.2356308043200236,OVER,0.531080693906139,0.033709863042470534,0,shrink:0.25
prizepicks,15192240,cs2-headshots-202609251622,2026-09-25T16:49:26+00:00,15.5,,,,,,,,,0,player_unmapped:sowalio
prizepicks,15196226,cs2-kills-202609251652,2026-09-25T16:55:24+00:00,29.5,28.31107583662357,0.4275933637644382,0.5724066362355618,-0.2396195253484163,0.017898935387339054,UNDER,0.5724066362355618,0.017898935387339054,0,shrink:0.25
prizepicks,15196236,cs2-headshots-202609251652,2026-09-25T16:55:24+00:00,15.0,14.401648381955875,0.39234357999935077,0.5273064200006492,-0.22195349002619558,0.018048149468490926,UNDER,0.5273064200006492,0.018048149468490926,0,shrink:0.25
prizepicks,15196227,cs2-kills-202609251652,2026-09-25T16:55:24+00:00,29.5,,,,,,,,,0,player_unmapped:cerolzin
prizepicks,15196237,cs2-headshots-202609251652,2026-09-25T16:55:24+00:00,14.5,,,,,,,,,0,player_unmapped:cerolzin
prizepicks,15196228,cs2-kills-202609251652,2026-09-25T16:55:24+00:00,25.0,,,,,,,,,0,player_unmapped:puni
prizepicks,15196238,cs2-headshots-202609251652,2026-09-25T16:55:24+00:00,14.5,,,,,,,,,0,player_unmapped:puni
prizepicks,15196229,cs2-kills-202609251652,2026-09-25T16:55:24+00:00,29.5,29.491270315754196,0.4894525447996683,0.5105474552003317,-0.12961661739159647,-0.09210397256948072,UNDER,0.5105474552003317,-0.09210397256948072,0,shrink:0.25
prizepicks,15196239,cs2-headshots-202609251652,2026-09-25T16:55:24+00:00,16.5,16.597654033920833,0.4902853314391922,0.5097146685608078,-0.12813569005757564,-0.0935848999035016,UNDER,0.5097146685608078,-0.0935848999035016,0,shrink:0.25
prizepicks,15196231,cs2-kills-202609251652,2026-09-25T16:55:24+00:00,28.5,,,,,,,,,0,player_unmapped:fl4sh
prizepicks,15196232,cs2-kills-202609251652,2026-09-25T16:55:24+00:00,28.5,27.553767779923707,0.43803082621526396,0.5619691737847361,-0.22105880077905854,-0.0006617891820186461,UNDER,0.5619691737847361,-0.0006617891820186461,0,shrink:0.25
prizepicks,15196242,cs2-headshots-202609251652,2026-09-25T16:55:24+00:00,9.0,9.330512903995544,0.4599287179396489,0.426021282060351,-0.06806823080232294,-0.12836512587369342,OVER,0.4599287179396489,-0.06806823080232294,0,shrink:0.25
prizepicks,15196233,cs2-kills-202609251652,2026-09-25T16:55:24+00:00,26.5,25.394198712212386,0.4282825777192291,0.5717174222807708,-0.2383939103635001,0.01667332040242281,UNDER,0.5717174222807708,0.01667332040242281,0,shrink:0.25
prizepicks,15196243,cs2-headshots-202609251652,2026-09-25T16:55:24+00:00,16.5,15.252000500363174,0.38182105422307894,0.618178945776921,-0.3210154809557436,0.09929489099466643,UNDER,0.618178945776921,0.09929489099466643,1,shrink:0.25
prizepicks,15196234,cs2-kills-202609251652,2026-09-25T16:55:24+00:00,28.5,26.551312382757484,0.38139304555599635,0.6186069544440036,-0.32177659995573477,0.10005600999465747,UNDER,0.6186069544440036,0.10005600999465747,1,shrink:0.25
prizepicks,15196244,cs2-headshots-202609251652,2026-09-25T16:55:24+00:00,15.5,14.481328247820601,0.3989070973392475,0.6010929026607525,-0.29063172228322387,0.06891113232214668,UNDER,0.6010929026607525,0.06891113232214668,1,shrink:0.25
prizepicks,15196235,cs2-kills-202609251652,2026-09-25T16:55:24+00:00,27.5,26.053412581837115,0.4093870195350263,0.5906129804649737,-0.27199549242366045,0.050274902462583204,UNDER,0.5906129804649737,0.050274902462583204,0,shrink:0.25
prizepicks,15196245,cs2-headshots-202609251652,2026-09-25T16:55:24+00:00,15.5,14.452271684008371,0.396702739427352,0.603297260572648,-0.29455168657030395,0.07283109660922671,UNDER,0.603297260572648,0.07283109660922671,1,shrink:0.25
prizepicks,15213142,cs2-kills-202609251652,2026-09-25T17:14:13+00:00,14.5,14.579982740155046,0.4914763872360211,0.508523612763979,-0.1260176600578673,-0.09570292990320989,UNDER,0.508523612763979,-0.09570292990320989,0,shrink:0.25;voidable
prizepicks,15213143,cs2-kills-202609251652,2026-09-25T17:14:13+00:00,12.0,12.839079774088246,0.513518853543895,0.4040297776290509,-0.004368627249044299,-0.19907079657260013,OVER,0.513518853543895,-0.004368627249044299,0,shrink:0.25;voidable
prizepicks,15213144,cs2-kills-202609251652,2026-09-25T17:14:13+00:00,15.5,14.788507690019634,0.4326002700617875,0.5673997299382125,-0.23071584697184594,0.008995257010768698,UNDER,0.5673997299382125,0.008995257010768698,0,shrink:0.25;voidable
prizepicks,15213145,cs2-kills-202609251652,2026-09-25T17:14:13+00:00,16.0,15.195329325067432,0.39221083412005814,0.5409073103580934,-0.23565769376826073,0.028766188271179327,UNDER,0.5409073103580934,0.028766188271179327,0,shrink:0.25;voidable
prizepicks,15213146,cs2-kills-202609251652,2026-09-25T17:14:13+00:00,15.0,14.916826814715115,0.4422858325590251,0.48678105038788916,-0.14255909355527735,-0.06343416384501166,UNDER,0.48678105038788916,-0.06343416384501166,0,shrink:0.25;voidable
prizepicks,15213147,cs2-kills-202609251652,2026-09-25T17:14:13+00:00,12.0,13.25803860849468,0.5478443512071108,0.37112606959741407,0.05524990885321257,-0.2590045727107711,OVER,0.5478443512071108,0.05524990885321257,0,shrink:0.25;voidable
prizepicks,15213148,cs2-kills-202609251652,2026-09-25T17:14:13+00:00,13.5,13.737762285055927,0.5042046328695828,0.49579536713041716,-0.10338328292178661,-0.11833730703929063,OVER,0.5042046328695828,-0.10338328292178661,0,shrink:0.25;voidable
prizepicks,15213149,cs2-kills-202609251652,2026-09-25T17:14:13+00:00,15.0,14.842079053064294,0.4366499152205186,0.4924377887839374,-0.15260215037256653,-0.05339572348488408,UNDER,0.4924377887839374,-0.05339572348488408,0,shrink:0.25;voidable
prizepicks,15213150,cs2-kills-202609251652,2026-09-25T17:14:13+00:00,13.5,14.147802129593407,0.5363218173554247,0.4636781826445753,-0.046269955042192445,-0.1754506349188848,OVER,0.5363218173554247,-0.046269955042192445,0,shrink:0.25;voidable
prizepicks,15213151,cs2-kills-202609251652,2026-09-25T17:14:13+00:00,13.5,13.943852155468004,0.520486991619935,0.47951300838006505,-0.07442869960916837,-0.14729189035190887,OVER,0.520486991619935,-0.07442869960916837,0,shrink:0.25;voidable
prizepicks,15213153,cs2-headshots-202609251652,2026-09-25T17:14:13+00:00,6.5,7.058811364286932,0.5458136103067581,0.4541863896932419,-0.029390895072483658,-0.19232969488859358,OVER,0.5458136103067581,-0.029390895072483658,0,shrink:0.25;voidable
prizepicks,15213154,cs2-headshots-202609251652,2026-09-25T17:14:13+00:00,10.5,9.564496588059026,0.38738649691719423,0.6126135030828057,-0.3111185688050468,0.08939797884396955,UNDER,0.6126135030828057,0.08939797884396955,0,shrink:0.25;voidable
prizepicks,15213155,cs2-headshots-202609251652,2026-09-25T17:14:13+00:00,9.0,8.615991662091446,0.38546584109346677,0.5123499156324832,-0.21234978823610273,0.01328554897847406,UNDER,0.5123499156324832,0.01328554897847406,0,shrink:0.25;voidable
prizepicks,15213156,cs2-headshots-202609251652,2026-09-25T17:14:13+00:00,8.0,8.23260216103675,0.44748323516832655,0.44147605857540845,-0.09320907030629472,-0.1038915087539487,OVER,0.44748323516832655,-0.09320907030629472,0,shrink:0.25;voidable
prizepicks,15213157,cs2-headshots-202609251652,2026-09-25T17:14:13+00:00,5.5,5.978448700944766,0.5412434691695301,0.45875653083046986,-0.037517882957788073,-0.18420270700328917,OVER,0.5412434691695301,-0.037517882957788073,0,shrink:0.25;voidable
prizepicks,15213158,cs2-headshots-202609251652,2026-09-25T17:14:13+00:00,6.5,6.724098480830712,0.5041700606033116,0.4958299393966884,-0.10344476207105513,-0.11827582789002211,OVER,0.5041700606033116,-0.10344476207105513,0,shrink:0.25;voidable
prizepicks,15213159,cs2-headshots-202609251652,2026-09-25T17:14:13+00:00,8.0,8.135050820870926,0.436520633070253,0.4522846588580448,-0.11254963808231122,-0.08451679560455844,UNDER,0.4522846588580448,-0.08451679560455844,0,shrink:0.25;voidable
prizepicks,15213160,cs2-headshots-202609251652,2026-09-25T17:14:13+00:00,7.0,7.435423252298521,0.4685362002724353,0.4109190217078611,-0.046266944177951574,-0.14872638648386993,OVER,0.4685362002724353,-0.046266944177951574,0,shrink:0.25;voidable
prizepicks,15213161,cs2-headshots-202609251652,2026-09-25T17:14:13+00:00,4.5,5.127280735503955,0.5700807452929638,0.4299192547070362,0.013762851414121091,-0.23548344137519833,OVER,0.5700807452929638,0.013762851414121091,0,shrink:0.25;voidable
prizepicks,15201749,cs2-kills-202609251652,2026-09-25T17:28:11+00:00,25.5,27.519089707494956,0.602338871818793,0.39766112818120697,0.07112681362143353,-0.29284740358251077,OVER,0.602338871818793,0.07112681362143353,1,shrink:0.25
prizepicks,15201750,cs2-kills-202609251652,2026-09-25T17:28:11+00:00,28.5,29.133967616554486,0.526667392493407,0.473332607506593,-0.06343821999008642,-0.15828236997099082,OVER,0.526667392493407,-0.06343821999008642,0,shrink:0.25
prizepicks,15201751,cs2-kills-202609251652,2026-09-25T17:28:11+00:00,31.5,31.036828993648093,0.46635095980929103,0.5336490401907089,-0.17069769031924853,-0.051022899641828656,UNDER,0.5336490401907089,-0.051022899641828656,0,shrink:0.25
prizepicks,15201752,cs2-kills-202609251652,2026-09-25T17:28:11+00:00,31.0,31.119677885688358,0.4702512386323587,0.4780987613676412,-0.1121119047947764,-0.09815681669481124,UNDER,0.4780987613676412,-0.09815681669481124,0,shrink:0.25
prizepicks,15201753,cs2-kills-202609251652,2026-09-25T17:28:11+00:00,30.5,,,,,,,,,0,player_unmapped:destiny
prizepicks,15201754,cs2-kills-202609251652,2026-09-25T17:28:11+00:00,26.5,27.52373243713168,0.5491980240932134,0.4508019759067866,-0.0233724617209784,-0.19834812824009884,OVER,0.5491980240932134,-0.0233724617209784,0,shrink:0.25
prizepicks,15201755,cs2-kills-202609251652,2026-09-25T17:28:11+00:00,29.5,28.838697997148458,0.45558648400635793,0.544413515993642,-0.18983993599946658,-0.031880653961610605,UNDER,0.544413515993642,-0.031880653961610605,0,shrink:0.25
prizepicks,15201756,cs2-kills-202609251652,2026-09-25T17:28:11+00:00,28.5,,,,,,,,,0,player_unmapped:zede
prizepicks,15201757,cs2-kills-202609251652,2026-09-25T17:28:11+00:00,23.5,,,,,,,,,0,player_unmapped:xureba
prizepicks,15201758,cs2-kills-202609251652,2026-09-25T17:28:11+00:00,27.5,27.341518198893603,0.4810957576815779,0.5189042423184219,-0.1444773198577749,-0.07724327010330234,UNDER,0.5189042423184219,-0.07724327010330234,0,shrink:0.25
prizepicks,15201759,cs2-headshots-202609251652,2026-09-25T17:28:11+00:00,15.5,15.751404463743329,0.5028887537220631,0.4971112462779369,-0.10572328371592049,-0.11599730624515675,OVER,0.5028887537220631,-0.10572328371592049,0,shrink:0.25
prizepicks,15201761,cs2-headshots-202609251652,2026-09-25T17:28:11+00:00,16.5,17.129874061618207,0.533167574714921,0.4668324252850789,-0.05187907978406686,-0.16984151017701044,OVER,0.533167574714921,-0.05187907978406686,0,shrink:0.25
prizepicks,15201762,cs2-headshots-202609251652,2026-09-25T17:28:11+00:00,16.0,16.627308957215583,0.493223018449433,0.42762698155056694,-0.04376166173412549,-0.1604097435315326,OVER,0.493223018449433,-0.04376166173412549,0,shrink:0.25
prizepicks,15201763,cs2-headshots-202609251652,2026-09-25T17:28:11+00:00,15.0,,,,,,,,,0,player_unmapped:destiny
prizepicks,15201764,cs2-headshots-202609251652,2026-09-25T17:28:11+00:00,16.5,15.096289416361442,0.36974274569724574,0.6302572543027543,-0.3424940883153304,0.12077349835425316,UNDER,0.6302572543027543,0.12077349835425316,1,shrink:0.25
prizepicks,15201765,cs2-headshots-202609251652,2026-09-25T17:28:11+00:00,16.5,15.667371257972581,0.4169811563025248,0.5830188436974751,-0.2584909953729983,0.036770405411921114,UNDER,0.5830188436974751,0.036770405411921114,0,shrink:0.25
prizepicks,15201766,cs2-headshots-202609251652,2026-09-25T17:28:11+00:00,17.5,,,,,,,,,0,player_unmapped:zede
prizepicks,15201767,cs2-headshots-202609251652,2026-09-25T17:28:11+00:00,11.5,,,,,,,,,0,player_unmapped:xureba
prizepicks,15201768,cs2-headshots-202609251652,2026-09-25T17:28:11+00:00,10.5,10.203020941467814,0.44903563902612936,0.5509643609738706,-0.20148916874616396,-0.020231421214913337,UNDER,0.5509643609738706,-0.020231421214913337,0,shrink:0.25
prizepicks,15194610,cs2-kills-202609251652,2026-09-25T17:39:53+00:00,15.5,14.927920759157416,0.4431208078263078,0.5568791921736922,-0.2120073912826625,-0.009713198678414747,UNDER,0.5568791921736922,-0.009713198678414747,0,shrink:0.25;voidable
prizepicks,15194611,cs2-kills-202609251652,2026-09-25T17:39:53+00:00,15.0,14.554917898160666,0.41485149555356504,0.5144400949282795,-0.19156971771508607,-0.014473361972416221,UNDER,0.5144400949282795,-0.014473361972416221,0,shrink:0.25;voidable
prizepicks,15194612,cs2-kills-202609251652,2026-09-25T17:39:53+00:00,14.0,14.287833027973312,0.4689402838461535,0.45645865818281545,-0.0914920907275461,-0.11368790864847367,OVER,0.4689402838461535,-0.0914920907275461,0,shrink:0.25;voidable
prizepicks,15194613,cs2-kills-202609251652,2026-09-25T17:39:53+00:00,14.0,14.195756016767575,0.4617551223834151,0.46358602441517827,-0.10421152018416341,-0.10095566479928053,UNDER,0.46358602441517827,-0.10095566479928053,0,shrink:0.25;voidable
prizepicks,15194614,cs2-kills-202609251652,2026-09-25T17:39:53+00:00,13.5,13.611030967138124,0.49405997006952157,0.5059400299304784,-0.1214233279009233,-0.10029726206015399,UNDER,0.5059400299304784,-0.10029726206015399,0,shrink:0.25;voidable
prizepicks,15194615,cs2-kills-202609251652,2026-09-25T17:39:53+00:00,15.0,14.635656539930345,0.421001812058983,0.5082122501249621,-0.18055520821037935,-0.025470681857174104,UNDER,0.5082122501249621,-0.025470681857174104,0,shrink:0.25;voidable
prizepicks,15194616,cs2-kills-202609251652,2026-09-25T17:39:53+00:00,15.0,14.660957663097617,0.4229259102927906,0.5062671430163919,-0.17711261506354442,-0.028908616903902118,UNDER,0.5062671430163919,-0.028908616903902118,0,shrink:0.25;voidable
prizepicks,15194617,cs2-kills-202609251652,2026-09-25T17:39:53+00:00,14.5,14.058936346500367,0.45101243260619156,0.5489875673938085,-0.1979738774248423,-0.023746712536234893,UNDER,0.5489875673938085,-0.023746712536234893,0,shrink:0.25;voidable
prizepicks,15194618,cs2-kills-202609251652,2026-09-25T17:39:53+00:00,14.5,14.171305798045164,0.45984101541515376,0.5401589845848462,-0.1822741903958412,-0.039446399565236046,UNDER,0.5401589845848462,-0.039446399565236046,0,shrink:0.25;voidable
prizepicks,15194619,cs2-kills-202609251652,2026-09-25T17:39:53+00:00,13.5,13.655762138536756,0.49765170855040736,0.5023482914495927,-0.11503621331411973,-0.10668437664695746,UNDER,0.5023482914495927,-0.10668437664695746,0,shrink:0.25;voidable
prizepicks,15194620,cs2-headshots-202609251652,2026-09-25T17:39:53+00:00,4.5,5.026410603020407,0.555090314709488,0.444909685290512,-0.012894322640091715,-0.20882626732098553,OVER,0.555090314709488,-0.012894322640091715,0,shrink:0.25;voidable
prizepicks,15194621,cs2-headshots-202609251652,2026-09-25T17:39:53+00:00,9.0,8.401650756803356,0.3625398009269435,0.5360627155668587,-0.2539054531858086,0.05466677308829421,UNDER,0.5360627155668587,0.05466677308829421,0,shrink:0.25;voidable
prizepicks,15194622,cs2-headshots-202609251652,2026-09-25T17:39:53+00:00,8.0,8.284703663357984,0.45330511602716694,0.4357684035448063,-0.08297036527555735,-0.11415554000271189,OVER,0.45330511602716694,-0.08297036527555735,0,shrink:0.25;voidable
prizepicks,15194623,cs2-headshots-202609251652,2026-09-25T17:39:53+00:00,8.0,8.13320924102894,0.4363129372077344,0.452490212689331,-0.1129168373269459,-0.08414912142749514,UNDER,0.452490212689331,-0.08414912142749514,0,shrink:0.25;voidable
prizepicks,15194624,cs2-headshots-202609251652,2026-09-25T17:39:53+00:00,7.5,7.401504364591359,0.4644584134781365,0.5355415865218636,-0.17406316649248543,-0.04765742346859175,UNDER,0.5355415865218636,-0.04765742346859175,0,shrink:0.25;voidable
prizepicks,15194625,cs2-headshots-202609251652,2026-09-25T17:39:53+00:00,6.0,6.008182829515448,0.40895950481988297,0.45673076803490903,-0.1384460058938805,-0.05349535212704981,UNDER,0.45673076803490903,-0.05349535212704981,0,shrink:0.25;voidable
prizepicks,15194626,cs2-headshots-202609251652,2026-09-25T17:39:53+00:00,8.5,8.300289465970101,0.45504198632378723,0.5449580136762128,-0.1908082050171961,-0.030912384943881155,UNDER,0.5449580136762128,-0.030912384943881155,0,shrink:0.25;voidable
prizepicks,15194627,cs2-headshots-202609251652,2026-09-25T17:39:53+00:00,7.5,7.204428014898769,0.4405081430103997,0.5594918569896004,-0.21665343933012504,-0.005067150630952144,UNDER,0.5594918569896004,-0.005067150630952144,0,shrink:0.25;voidable
prizepicks,15194628,cs2-headshots-202609251652,2026-09-25T17:39:53+00:00,8.5,8.307867202708323,0.4558856448776009,0.544114355122399,-0.18930794438184595,-0.03241264557923135,UNDER,0.544114355122399,-0.03241264557923135,0,shrink:0.25;voidable
prizepicks,15194629,cs2-headshots-202609251652,2026-09-25T17:39:53+00:00,8.0,8.13167679696917,0.4361400857847396,0.45266130354107015,-0.11322245488219784,-0.0838431135173458,UNDER,0.45266130354107015,-0.0838431135173458,0,shrink:0.25;voidable
prizepicks,15195630,cs2-kills-202609251652,2026-09-25T17:39:53+00:00,14.0,14.15870595598589,0.45885364401192424,0.4664703272321768,-0.10935398387636652,-0.09580939293300234,UNDER,0.4664703272321768,-0.09580939293300234,0,shrink:0.25;voidable
prizepicks,15195631,cs2-kills-202609251652,2026-09-25T17:39:53+00:00,15.5,,,,,,,,,0,player_unmapped:youka
prizepicks,15195632,cs2-kills-202609251652,2026-09-25T17:39:53+00:00,15.5,15.079648141609407,0.45449911676662275,0.5455008832333772,-0.19177357877303858,-0.02994701118803872,UNDER,0.5455008832333772,-0.02994701118803872,0,shrink:0.25;voidable
prizepicks,15195633,cs2-kills-202609251652,2026-09-25T17:39:53+00:00,15.5,14.888750508513516,0.44017094353031583,0.5598290564696842,-0.21725307422263396,-0.004467515738443284,UNDER,0.5598290564696842,-0.004467515738443284,0,shrink:0.25;voidable
prizepicks,15195634,cs2-kills-202609251652,2026-09-25T17:39:53+00:00,12.5,13.205312311189392,0.5436008977134892,0.4563991022865108,-0.033325716317427645,-0.1883948736436496,OVER,0.5436008977134892,-0.033325716317427645,0,shrink:0.25;voidable
prizepicks,15195635,cs2-headshots-202609251652,2026-09-25T17:39:53+00:00,8.0,8.188230561662804,0.4425066035568869,0.44637284507646807,-0.10197906672188661,-0.0951038090333779,UNDER,0.44637284507646807,-0.0951038090333779,0,shrink:0.25;voidable
prizepicks,15195636,cs2-headshots-202609251652,2026-09-25T17:39:53+00:00,5.0,,,,,,,,,0,player_unmapped:youka
prizepicks,15195637,cs2-headshots-202609251652,2026-09-25T17:39:53+00:00,10.5,9.953655813064552,0.425744313136726,0.574255686863274,-0.24290765400779651,0.021187064046719273,UNDER,0.574255686863274,0.021187064046719273,0,shrink:0.25;voidable
prizepicks,15195638,cs2-headshots-202609251652,2026-09-25T17:39:53+00:00,9.0,8.949627046609184,0.42084326231452907,0.4764479067855874,-0.14891426087258008,-0.05003366650716251,UNDER,0.4764479067855874,-0.05003366650716251,0,shrink:0.25;voidable
prizepicks,15195639,cs2-headshots-202609251652,2026-09-25T17:39:53+00:00,6.5,7.0125786177600915,0.5401895639897856,0.45981043601021443,-0.03939202083906118,-0.18232856912201606,OVER,0.5401895639897856,-0.03939202083906118,0,shrink:0.25;voidable
prizepicks,15195194,cs2-kills-202609251652,2026-09-25T17:55:30+00:00,32.5,31.09549747003851,0.4224488254893293,0.5775511745106707,-0.24876795183719969,0.027047361876122444,UNDER,0.5775511745106707,0.027047361876122444,0,opponent_unmapped;shrink:0.25
prizepicks,15195199,cs2-headshots-202609251652,2026-09-25T17:55:30+00:00,18.5,18.09107962410134,0.4533641768237427,0.5466358231762574,-0.19379181910509302,-0.027928770855984164,UNDER,0.5466358231762574,-0.027928770855984164,0,opponent_unmapped;shrink:0.25
prizepicks,15195195,cs2-kills-202609251652,2026-09-25T17:55:30+00:00,29.5,29.28044960650052,0.4774655347268719,0.5225344652731281,-0.1509328705919794,-0.07078771936909783,UNDER,0.5225344652731281,-0.07078771936909783,0,opponent_unmapped;shrink:0.25
prizepicks,15195200,cs2-headshots-202609251652,2026-09-25T17:55:30+00:00,10.5,10.193269686957073,0.4479149167247146,0.5520850832752854,-0.2034821261391413,-0.018238463821935946,UNDER,0.5520850832752854,-0.018238463821935946,0,opponent_unmapped;shrink:0.25
prizepicks,15195196,cs2-kills-202609251652,2026-09-25T17:55:30+00:00,29.0,27.870367767095807,0.4040183594305422,0.5483316405694578,-0.23389247014696202,0.02273686629753008,UNDER,0.5483316405694578,0.02273686629753008,0,opponent_unmapped;shrink:0.25
prizepicks,15195201,cs2-headshots-202609251652,2026-09-25T17:55:30+00:00,19.5,17.70451361468447,0.354196359730795,0.645803640269205,-0.37013990637998784,0.1484193164189106,UNDER,0.645803640269205,0.1484193164189106,1,opponent_unmapped;shrink:0.25
prizepicks,15195197,cs2-kills-202609251652,2026-09-25T17:55:30+00:00,28.5,27.872584343385203,0.4547942783093229,0.5452057216906772,-0.1912486990790197,-0.030471890882057484,UNDER,0.5452057216906772,-0.030471890882057484,0,opponent_unmapped;shrink:0.25
prizepicks,15195202,cs2-headshots-202609251652,2026-09-25T17:55:30+00:00,12.5,13.735772747469937,0.5938758233529837,0.4061241766470162,0.056077148788523434,-0.2777977387496007,OVER,0.5938758233529837,0.056077148788523434,0,opponent_unmapped;shrink:0.25
prizepicks,15195198,cs2-kills-202609251652,2026-09-25T17:55:30+00:00,26.5,26.22085286433888,0.4740964125341139,0.5259035874658862,-0.1569241112172663,-0.06479647874381095,UNDER,0.5259035874658862,-0.06479647874381095,0,opponent_unmapped;shrink:0.25
prizepicks,15195203,cs2-headshots-202609251652,2026-09-25T17:55:30+00:00,14.5,14.218550190234682,0.45784292331977605,0.542157076680224,-0.18582735642841292,-0.035893233532664326,UNDER,0.542157076680224,-0.035893233532664326,0,opponent_unmapped;shrink:0.25
prizepicks,15200440,cs2-kills-202609251652,2026-09-25T17:55:30+00:00,31.0,30.02504770708267,0.41586742641153196,0.5364325735884681,-0.21277151830649588,0.0016270004865620025,UNDER,0.5364325735884681,0.0016270004865620025,0,shrink:0.25
prizepicks,15200441,cs2-kills-202609251652,2026-09-25T17:55:30+00:00,30.5,30.337372359288022,0.48314664209559743,0.5168533579044026,-0.14083027433195444,-0.0808903156291228,UNDER,0.5168533579044026,-0.0808903156291228,0,shrink:0.25
prizepicks,15200442,cs2-kills-202609251652,2026-09-25T17:55:30+00:00,31.5,29.844929196708428,0.40731436636318996,0.59268563363681,-0.27568124888328893,0.05396065892221169,UNDER,0.59268563363681,0.05396065892221169,0,shrink:0.25
prizepicks,15200443,cs2-kills-202609251652,2026-09-25T17:55:30+00:00,28.0,,,,,,,,,0,player_unmapped:Jeorge
prizepicks,15200444,cs2-kills-202609251652,2026-09-25T17:55:30+00:00,27.5,28.058549170959232,0.5210837080596622,0.4789162919403378,-0.07336757105076963,-0.1483530189103076,OVER,0.5210837080596622,-0.07336757105076963,0,shrink:0.25
prizepicks,15200445,cs2-kills-202609251652,2026-09-25T17:55:30+00:00,29.0,29.437790579710736,0.48703609288121213,0.4609139071187879,-0.08186374408353614,-0.128316289170067,OVER,0.48703609288121213,-0.08186374408353614,0,shrink:0.25
prizepicks,15200446,cs2-kills-202609251652,2026-09-25T17:55:30+00:00,28.5,28.318578661528132,0.48083277233540744,0.5191672276645926,-0.144944981284012,-0.07677560867706523,UNDER,0.5191672276645926,-0.07677560867706523,0,shrink:0.25
prizepicks,15200447,cs2-kills-202609251652,2026-09-25T17:55:30+00:00,28.5,29.508317594888737,0.5450953235377344,0.4549046764622656,-0.03066820964434197,-0.19105238031673527,OVER,0.5450953235377344,-0.03066820964434197,0,shrink:0.25
prizepicks,15200448,cs2-kills-202609251652,2026-09-25T17:55:30+00:00,27.0,27.752335028208314,0.5046628694479874,0.4400371305520126,-0.04726841024948303,-0.16219103108674676,OVER,0.5046628694479874,-0.04726841024948303,0,shrink:0.25
prizepicks,15200449,cs2-kills-202609251652,2026-09-25T17:55:30+00:00,25.0,25.955144845939415,0.5179499732386167,0.4274500267613833,-0.02434022715955686,-0.18527441858964566,OVER,0.5179499732386167,-0.02434022715955686,0,shrink:0.25
prizepicks,15200450,cs2-headshots-202609251652,2026-09-25T17:55:30+00:00,18.5,17.77570991901903,0.43067631064889383,0.5693236893511062,-0.2341371843815453,0.012416594420468108,UNDER,0.5693236893511062,0.012416594420468108,0,shrink:0.25
prizepicks,15200451,cs2-headshots-202609251652,2026-09-25T17:55:30+00:00,12.0,13.21566255339949,0.5481574128251702,0.3639425871748298,0.06267704068720586,-0.2649083907907043,OVER,0.5481574128251702,0.06267704068720586,0,shrink:0.25
prizepicks,15200452,cs2-headshots-202609251652,2026-09-25T17:55:30+00:00,18.0,16.93473466717854,0.3670163830990893,0.5608836169009106,-0.27524232278793215,0.06950778736304852,UNDER,0.5608836169009106,0.06950778736304852,0,shrink:0.25
prizepicks,15200453,cs2-headshots-202609251652,2026-09-25T17:55:30+00:00,15.5,,,,,,,,,0,player_unmapped:Jeorge
prizepicks,15200454,cs2-headshots-202609251652,2026-09-25T17:55:30+00:00,15.0,15.129779128168689,0.45234591577218225,0.4636040842278177,-0.11155257176712746,-0.09153240260772127,UNDER,0.4636040842278177,-0.09153240260772127,0,shrink:0.25
prizepicks,15200455,cs2-headshots-202609251652,2026-09-25T17:55:30+00:00,11.0,10.702184878764122,0.3992146358750437,0.5017353641249562,-0.19103483283722383,-0.008724332688208658,UNDER,0.5017353641249562,-0.008724332688208658,0,shrink:0.25
prizepicks,15200456,cs2-headshots-202609251652,2026-09-25T17:55:30+00:00,14.0,14.276914672664407,0.4624207489009045,0.44997925109909553,-0.09008670345474273,-0.11221116282574412,OVER,0.4624207489009045,-0.09008670345474273,0,shrink:0.25
prizepicks,15200457,cs2-headshots-202609251652,2026-09-25T17:55:30+00:00,14.5,15.007649472480534,0.5281301347782695,0.4718698652217304,-0.06083705550272206,-0.1608835344583553,OVER,0.5281301347782695,-0.06083705550272206,0,shrink:0.25
prizepicks,15200458,cs2-headshots-202609251652,2026-09-25T17:55:30+00:00,14.5,14.85080453688903,0.5137030489327735,0.4862969510672265,-0.08649244520863164,-0.1352281447524456,OVER,0.5137030489327735,-0.08649244520863164,0,shrink:0.25
prizepicks,15200459,cs2-headshots-202609251652,2026-09-25T17:55:30+00:00,13.0,13.33319743974161,0.4663859699583169,0.4432640300416832,-0.08028543249209358,-0.12140270216600024,OVER,0.4663859699583169,-0.08028543249209358,0,shrink:0.25
prizepicks,15213092,cs2-kills-202609251652,2026-09-25T18:03:32+00:00,32.5,30.90913732305142,0.4130527849228398,0.5869472150771602,-0.2654767373124784,0.04375614735140115,UNDER,0.5869472150771602,0.04375614735140115,0,shrink:0.25
prizepicks,15213093,cs2-kills-202609251652,2026-09-25T18:03:32+00:00,27.5,27.199541479234206,0.47314851077144204,0.526851489228558,-0.15860974540456513,-0.06311084455651211,UNDER,0.526851489228558,-0.06311084455651211,0,shrink:0.25
prizepicks,15213095,cs2-kills-202609251652,2026-09-25T18:03:32+00:00,32.5,,,,,,,,,0,player_unmapped:m1N1
prizepicks,15213096,cs2-kills-202609251652,2026-09-25T18:03:32+00:00,28.5,28.528153752951777,0.49291784590356547,0.5070821540964344,-0.12345434378895087,-0.09826624617212637,UNDER,0.5070821540964344,-0.09826624617212637,0,shrink:0.25
prizepicks,15213097,cs2-headshots-202609251652,2026-09-25T18:03:32+00:00,17.5,16.346878367493634,0.3968052805990043,0.6031947194009957,-0.29436933971607343,0.07264874975499613,UNDER,0.6031947194009957,0.07264874975499613,1,shrink:0.25
prizepicks,15213098,cs2-headshots-202609251652,2026-09-25T18:03:32+00:00,16.0,15.019647775136328,0.3631054067770866,0.5576945932229134,-0.2750971314544994,0.07093681221833947,UNDER,0.5576945932229134,0.07093681221833947,0,shrink:0.25
prizepicks,15213100,cs2-headshots-202609251652,2026-09-25T18:03:32+00:00,10.5,,,,,,,,,0,player_unmapped:m1N1
prizepicks,15213101,cs2-headshots-202609251652,2026-09-25T18:03:32+00:00,15.5,15.937925467427352,0.517388290644781,0.482611709355219,-0.07993905575115218,-0.14178153420992506,OVER,0.517388290644781,-0.07993905575115218,0,shrink:0.25
prizepicks,15199501,dota-kills-202609251710,2026-09-25T18:14:15+00:00,7.0,6.545609071861509,0.34682300118018883,0.5702261648423876,-0.30030096409594165,0.09697228198210212,UNDER,0.5702261648423876,0.09697228198210212,0,shrink:0.25;voidable
prizepicks,15199502,dota-kills-202609251710,2026-09-25T18:14:15+00:00,6.5,5.4327701752994555,0.32445970507809785,0.6755402949219022,-0.4230199870723173,0.20129939711124,UNDER,0.6755402949219022,0.20129939711124,0,shrink:0.25;voidable
prizepicks,15199503,dota-kills-202609251710,2026-09-25T18:14:15+00:00,4.5,4.279361893539791,0.3972138832127107,0.6027861167872892,-0.29364273010123115,0.07192214014015386,UNDER,0.6027861167872892,0.07192214014015386,0,shrink:0.25;voidable
prizepicks,15199504,dota-kills-202609251710,2026-09-25T18:14:15+00:00,3.0,3.1224797303524126,0.36506272346496815,0.4742815385276191,-0.19016073748210127,0.004060832532659875,UNDER,0.4742815385276191,0.004060832532659875,0,shrink:0.25;voidable
prizepicks,15199505,dota-kills-202609251710,2026-09-25T18:14:15+00:00,3.0,3.1514459329590387,0.3696314075814829,0.46981774992847913,-0.18214123610410604,-0.003981926341331932,UNDER,0.46981774992847913,-0.003981926341331932,0,shrink:0.25;voidable
prizepicks,15199506,dota-kills-202609251710,2026-09-25T18:14:15+00:00,6.5,7.346140742346418,0.49748629933301824,0.5025137006669818,-0.11533035711963341,-0.10639023284144383,UNDER,0.5025137006669818,-0.10639023284144383,0,shrink:0.25;voidable
prizepicks,15199507,dota-kills-202609251710,2026-09-25T18:14:15+00:00,6.5,7.17006653261371,0.4833091700674048,0.5166908299325952,-0.140541254186134,-0.08117933577494324,UNDER,0.5166908299325952,-0.08117933577494324,0,shrink:0.25;voidable
prizepicks,15199508,dota-kills-202609251710,2026-09-25T18:14:15+00:00,4.0,5.512893503382657,0.535457313714674,0.34589908934632807,0.07083631287255476,-0.26625117452521313,OVER,0.535457313714674,0.07083631287255476,0,shrink:0.25;voidable
prizepicks,15199509,dota-kills-202609251710,2026-09-25T18:14:15+00:00,2.5,2.7527058237509796,0.4652937895835822,0.5347062104164177,-0.17257763436453272,-0.049142955596544524,UNDER,0.5347062104164177,-0.049142955596544524,0,shrink:0.25;voidable
prizepicks,15199510,dota-kills-202609251710,2026-09-25T18:14:15+00:00,2.0,2.7622580643560117,0.4669610008685234,0.3345234809787667,0.02890265128837255,-0.2066082634482021,OVER,0.4669610008685234,0.02890265128837255,0,shrink:0.25;voidable
prizepicks,15194506,cs2-kills-202609251652,2026-09-25T18:19:06+00:00,32.5,30.338463349780973,0.3841641349849746,0.6158358650150254,-0.31684882868080627,0.09512823871972903,UNDER,0.6158358650150254,0.09512823871972903,1,shrink:0.25
prizepicks,15194507,cs2-kills-202609251652,2026-09-25T18:19:06+00:00,30.5,30.082226027219306,0.46946083813295747,0.5305391618670424,-0.16516745772854607,-0.05655313223253117,UNDER,0.5305391618670424,-0.05655313223253117,0,shrink:0.25
prizepicks,15194508,cs2-kills-202609251652,2026-09-25T18:19:06+00:00,28.5,28.13272352135938,0.4702512386323587,0.5297487613676413,-0.16376190479477648,-0.057958685166300816,UNDER,0.5297487613676413,-0.057958685166300816,0,shrink:0.25
prizepicks,15194509,cs2-kills-202609251652,2026-09-25T18:19:06+00:00,28.5,28.814508660310903,0.5086943825082846,0.4913056174917153,-0.09539925358305346,-0.12632133637802373,OVER,0.5086943825082846,-0.09539925358305346,0,shrink:0.25
prizepicks,15194510,cs2-kills-202609251652,2026-09-25T18:19:06+00:00,27.0,26.36916374324613,0.4276994007219515,0.5201005992780486,-0.18723096201016742,-0.022915813154941567,UNDER,0.5201005992780486,-0.022915813154941567,0,shrink:0.25
prizepicks,15194511,cs2-kills-202609251652,2026-09-25T18:19:06+00:00,29.0,29.269867084725593,0.4769392329806634,0.4691607670193366,-0.09796878215072957,-0.11180106801144563,OVER,0.4769392329806634,-0.09796878215072957,0,shrink:0.25
prizepicks,15194512,cs2-kills-202609251652,2026-09-25T18:19:06+00:00,27.5,27.480029316180556,0.4888222639053514,0.5111777360946486,-0.1307374329285011,-0.0909831570325762,UNDER,0.5111777360946486,-0.0909831570325762,0,shrink:0.25
prizepicks,15194513,cs2-kills-202609251652,2026-09-25T18:19:06+00:00,27.5,28.188486259583577,0.5278668104685433,0.47213318953145667,-0.061305319700870886,-0.16041527026020636,OVER,0.5278668104685433,-0.061305319700870886,0,shrink:0.25
prizepicks,15194514,cs2-kills-202609251652,2026-09-25T18:19:06+00:00,26.5,27.754095750745545,0.562364025917964,0.43763597408203603,4.0368236510435196e-05,-0.22176095819758768,OVER,0.562364025917964,4.0368236510435196e-05,0,shrink:0.25
prizepicks,15194515,cs2-kills-202609251652,2026-09-25T18:19:06+00:00,25.0,26.758397236882974,0.56251929855461,0.38413070144538997,0.05366648636920057,-0.26355828285585436,OVER,0.56251929855461,0.05366648636920057,0,shrink:0.25
prizepicks,15194516,cs2-headshots-202609251652,2026-09-25T18:19:06+00:00,21.0,18.504136458852667,0.28650978335863797,0.656590216641362,-0.4336055514786217,0.22450086308632966,UNDER,0.656590216641362,0.22450086308632966,1,shrink:0.25
prizepicks,15194517,cs2-headshots-202609251652,2026-09-25T18:19:06+00:00,12.5,12.325901020113031,0.4649627958959484,0.5350372041040516,-0.17316623362410488,-0.04855435633697236,UNDER,0.5350372041040516,-0.04855435633697236,0,shrink:0.25
prizepicks,15194518,cs2-headshots-202609251652,2026-09-25T18:19:06+00:00,17.5,16.113445602314105,0.3781736415817573,0.6218263584182426,-0.3275015997557215,0.10578100979464422,UNDER,0.6218263584182426,0.10578100979464422,1,shrink:0.25
prizepicks,15194519,cs2-headshots-202609251652,2026-09-25T18:19:06+00:00,18.0,16.59704897879145,0.34187398451486073,0.5861260154851392,-0.3200525325092576,0.11429582502537794,UNDER,0.5861260154851392,0.11429582502537794,0,shrink:0.25
prizepicks,15194520,cs2-headshots-202609251652,2026-09-25T18:19:06+00:00,16.0,14.455601633418492,0.31862834418144564,0.6055716558185543,-0.35758977608734,0.15267560684531234,UNDER,0.6055716558185543,0.15267560684531234,1,shrink:0.25
prizepicks,15194521,cs2-headshots-202609251652,2026-09-25T18:19:06+00:00,16.0,17.04692861255925,0.5269710086942123,0.3994789913057877,0.010651694448359894,-0.21606473501779994,OVER,0.5269710086942123,0.010651694448359894,0,shrink:0.25
prizepicks,15194522,cs2-headshots-202609251652,2026-09-25T18:19:06+00:00,13.5,13.391260686361331,0.4723299025010776,0.5276700974989222,-0.16006545963664165,-0.06165513032443559,UNDER,0.5276700974989222,-0.06165513032443559,0,shrink:0.25
prizepicks,15194523,cs2-headshots-202609251652,2026-09-25T18:19:06+00:00,14.5,15.88781285603007,0.5945743980064527,0.40542560199354727,0.057319409711162395,-0.27903999967223964,OVER,0.5945743980064527,0.057319409711162395,0,shrink:0.25
prizepicks,15194524,cs2-headshots-202609251652,2026-09-25T18:19:06+00:00,9.5,10.45273107657216,0.5830882406032983,0.41691175939670166,0.03689381250066681,-0.25861440246174405,OVER,0.5830882406032983,0.03689381250066681,0,shrink:0.25
prizepicks,15194525,cs2-headshots-202609251652,2026-09-25T18:19:06+00:00,13.0,15.104427922149227,0.6152474955016212,0.3046025044983789,0.17423195332854763,-0.37818163800424454,OVER,0.6152474955016212,0.17423195332854763,1,shrink:0.25
prizepicks,15196267,cs2-kills-202609251652,2026-09-25T18:55:00+00:00,14.5,14.325585556553946,0.4718753653829486,0.5281246346170514,-0.16087375363490902,-0.06084683632616822,UNDER,0.5281246346170514,-0.06084683632616822,0,shrink:0.25;voidable
prizepicks,15196277,cs2-headshots-202609251652,2026-09-25T18:55:00+00:00,7.0,7.132453194187321,0.4316608166555458,0.44685624232123045,-0.11090351659763265,-0.08388180400956863,UNDER,0.44685624232123045,-0.08388180400956863,0,shrink:0.25;voidable
prizepicks,15196268,cs2-kills-202609251652,2026-09-25T18:55:00+00:00,14.5,14.355614219793285,0.474205285365634,0.525794714634366,-0.15673050490266138,-0.06499008505841586,UNDER,0.525794714634366,-0.06499008505841586,0,shrink:0.25;voidable
prizepicks,15196278,cs2-headshots-202609251652,2026-09-25T18:55:00+00:00,7.0,7.6455380120892755,0.49347468642876424,0.38715665176223846,-0.003095463939317422,-0.19215863590260462,OVER,0.49347468642876424,-0.003095463939317422,0,shrink:0.25;voidable
prizepicks,15196269,cs2-kills-202609251652,2026-09-25T18:55:00+00:00,12.0,13.434371919580622,0.5618676551891566,0.35783686016383875,0.07945316703673094,-0.2833705947706637,OVER,0.5618676551891566,0.07945316703673094,0,shrink:0.25;voidable
prizepicks,15196279,cs2-headshots-202609251652,2026-09-25T18:55:00+00:00,6.5,7.3105603106694925,0.5756751419783298,0.4243248580216702,0.02371125185129741,-0.24543184181237465,OVER,0.5756751419783298,0.02371125185129741,0,shrink:0.25;voidable
prizepicks,15196270,cs2-kills-202609251652,2026-09-25T18:55:00+00:00,14.5,14.687586945479305,0.49966826945384063,0.5003317305461594,-0.11145020458045485,-0.11027038538062234,UNDER,0.5003317305461594,-0.11027038538062234,0,shrink:0.25;voidable
prizepicks,15196280,cs2-headshots-202609251652,2026-09-25T18:55:00+00:00,8.0,8.324461451607172,0.4577313019068733,0.43144399072781653,-0.07520114312338716,-0.12194732733838981,OVER,0.4577313019068733,-0.07520114312338716,0,shrink:0.25;voidable
prizepicks,15196271,cs2-kills-202609251652,2026-09-25T18:55:00+00:00,16.0,15.506923639592351,0.4149410782189462,0.5177551886320273,-0.19481509107487133,-0.01198287546582083,UNDER,0.5177551886320273,-0.01198287546582083,0,shrink:0.25;voidable
prizepicks,15196281,cs2-headshots-202609251652,2026-09-25T18:55:00+00:00,5.5,5.500690477322171,0.47377313053692327,0.5262268694630767,-0.15749899693650654,-0.0642215930245707,UNDER,0.5262268694630767,-0.0642215930245707,0,shrink:0.25;voidable
prizepicks,15196272,cs2-kills-202609251652,2026-09-25T18:55:00+00:00,14.0,,,,,,,,,0,player_unmapped:fl4sh
prizepicks,15196282,cs2-headshots-202609251652,2026-09-25T18:55:00+00:00,6.0,,,,,,,,,0,player_unmapped:fl4sh
prizepicks,15196273,cs2-kills-202609251652,2026-09-25T18:55:00+00:00,14.0,13.558385473314283,0.4111472133299827,0.5144115931664147,-0.19442418253680865,-0.010791262083243103,UNDER,0.5144115931664147,-0.010791262083243103,0,shrink:0.25;voidable
prizepicks,15196283,cs2-headshots-202609251652,2026-09-25T18:55:00+00:00,4.5,4.711932780250493,0.5061917509310322,0.4938082490689678,-0.09984963178779477,-0.12187095817328247,OVER,0.5061917509310322,-0.09984963178779477,0,shrink:0.25;voidable
prizepicks,15196274,cs2-kills-202609251652,2026-09-25T18:55:00+00:00,13.0,12.479475007626638,0.3999837779465138,0.5215335422384311,-0.21023440351307882,0.005915039622321816,UNDER,0.5215335422384311,0.005915039622321816,0,shrink:0.25;voidable
prizepicks,15196284,cs2-headshots-202609251652,2026-09-25T18:55:00+00:00,8.0,7.565949816628144,0.3713320280658192,0.5182694186349286,-0.22926934690330608,0.03202638931058843,UNDER,0.5182694186349286,0.03202638931058843,0,shrink:0.25;voidable
prizepicks,15196275,cs2-kills-202609251652,2026-09-25T18:55:00+00:00,14.0,13.0507614105441,0.37012446193641707,0.5564435334044286,-0.26838328552758023,0.06294408296155529,UNDER,0.5564435334044286,0.06294408296155529,0,shrink:0.25;voidable
prizepicks,15196285,cs2-headshots-202609251652,2026-09-25T18:55:00+00:00,7.5,7.208581528687561,0.4410171630818866,0.5589828369181133,-0.21574825941770326,-0.005972330543374038,UNDER,0.5589828369181133,-0.005972330543374038,0,shrink:0.25;voidable
prizepicks,15196276,cs2-kills-202609251652,2026-09-25T18:55:00+00:00,13.5,12.821755201185368,0.42897376633821577,0.5710262336617842,-0.23716478387390288,0.015444193912825643,UNDER,0.5710262336617842,0.015444193912825643,0,shrink:0.25;voidable
prizepicks,15196286,cs2-headshots-202609251652,2026-09-25T18:55:00+00:00,8.0,7.361296799004864,0.34759229488768884,0.5430673925735321,-0.27254346637426635,0.07506587501581585,UNDER,0.5430673925735321,0.07506587501581585,0,shrink:0.25;voidable
prizepicks,15199468,dota-kills-202609251710,2026-09-25T18:57:41+00:00,17.0,14.851117503409174,0.30536047728163485,0.6474895227183651,-0.4098337506104105,0.19856728646599808,UNDER,0.6474895227183651,0.19856728646599808,1,shrink:0.25
prizepicks,15199469,dota-kills-202609251710,2026-09-25T18:57:41+00:00,16.5,13.738903825713411,0.294776958710122,0.705223041289878,-0.47580420377189636,0.2540836138108191,UNDER,0.705223041289878,0.2540836138108191,1,shrink:0.25
prizepicks,15199470,dota-kills-202609251710,2026-09-25T18:57:41+00:00,13.5,,,,,,,,,0,player_unmapped:ATF
prizepicks,15199471,dota-kills-202609251710,2026-09-25T18:57:41+00:00,7.0,6.788056006723394,0.36771141848499383,0.5307885815150062,-0.24460635567192973,0.04539040559190177,UNDER,0.5307885815150062,0.04539040559190177,0,shrink:0.25
prizepicks,15199472,dota-kills-202609251710,2026-09-25T18:57:41+00:00,5.5,6.891750874268121,0.5925782267175431,0.4074217732824569,0.0537696594091836,-0.27549024937026084,OVER,0.5925782267175431,0.0537696594091836,0,shrink:0.25
prizepicks,15199473,dota-kills-202609251710,2026-09-25T18:57:41+00:00,12.5,13.333987900986154,0.494447618112277,0.505552381887723,-0.1207339813681495,-0.10098660859292774,UNDER,0.505552381887723,-0.10098660859292774,0,shrink:0.25
prizepicks,15199474,dota-kills-202609251710,2026-09-25T18:57:41+00:00,13.5,12.711455663114911,0.3932434377471979,0.6067565622528022,-0.30070329152123515,0.07898270156015796,UNDER,0.6067565622528022,0.07898270156015796,1,shrink:0.25
prizepicks,15199475,dota-kills-202609251710,2026-09-25T18:57:41+00:00,11.5,11.663536167536588,0.4521762170344103,0.5478237829655896,-0.1959043435384169,-0.025816246422660394,UNDER,0.5478237829655896,-0.025816246422660394,0,shrink:0.25
prizepicks,15199476,dota-kills-202609251710,2026-09-25T18:57:41+00:00,6.0,6.2424564048561,0.41115018675441806,0.4749498132455819,-0.1549600884609605,-0.04150652630355012,UNDER,0.4749498132455819,-0.04150652630355012,0,shrink:0.25
prizepicks,15199477,dota-kills-202609251710,2026-09-25T18:57:41+00:00,5.0,5.47165477325787,0.4338707968985797,0.43777920310142027,-0.10010649525807636,-0.09315625698149665,UNDER,0.43777920310142027,-0.09315625698149665,0,shrink:0.25
prizepicks,15192295,cs2-kills-202609251652,2026-09-25T19:09:10+00:00,13.5,13.445166120824172,0.48064055788187404,0.519359442118126,-0.1452867922890424,-0.07643379767203484,UNDER,0.519359442118126,-0.07643379767203484,0,shrink:0.25;voidable
prizepicks,15192296,cs2-kills-202609251652,2026-09-25T19:09:10+00:00,14.5,14.468617082988875,0.4829349040001349,0.517065095999865,-0.14120680382743628,-0.08051378613364102,UNDER,0.517065095999865,-0.08051378613364102,0,shrink:0.25;voidable
prizepicks,15192297,cs2-kills-202609251652,2026-09-25T19:09:10+00:00,14.5,14.278020993021133,0.46817638919925253,0.5318236108007475,-0.16745156682060014,-0.0542690231404771,UNDER,0.5318236108007475,-0.0542690231404771,0,shrink:0.25;voidable
prizepicks,15192298,cs2-kills-202609251652,2026-09-25T19:09:10+00:00,12.5,13.065099158454881,0.5322071042333708,0.4677928957666292,-0.0535870646653579,-0.16813352529571934,OVER,0.5322071042333708,-0.0535870646653579,0,shrink:0.25;voidable
prizepicks,15192299,cs2-kills-202609251652,2026-09-25T19:09:10+00:00,15.5,14.592961640555734,0.4177514060191239,0.5822485939808761,-0.2571212761613819,0.035400686200304676,UNDER,0.5822485939808761,0.035400686200304676,0,shrink:0.25;voidable
prizepicks,15192300,cs2-kills-202609251652,2026-09-25T19:09:10+00:00,14.0,,,,,,,,,0,player_unmapped:sh1nejezzz
prizepicks,15192301,cs2-kills-202609251652,2026-09-25T19:09:10+00:00,14.0,14.448358211358595,0.481374419769356,0.44417563124948944,-0.06953183182356626,-0.1356816715268373,OVER,0.481374419769356,-0.06953183182356626,0,shrink:0.25;voidable
prizepicks,15192302,cs2-kills-202609251652,2026-09-25T19:09:10+00:00,14.5,14.460657989424455,0.4823220778923165,0.5176779221076835,-0.14229657987690403,-0.07942401008417321,UNDER,0.5176779221076835,-0.07942401008417321,0,shrink:0.25;voidable
prizepicks,15192304,cs2-kills-202609251652,2026-09-25T19:09:10+00:00,12.0,12.541247181258864,0.4883292150420584,0.4285169612743902,-0.04846038788668677,-0.15482328722975408,OVER,0.4883292150420584,-0.04846038788668677,0,shrink:0.25;voidable
prizepicks,15192305,cs2-kills-202609251652,2026-09-25T19:09:10+00:00,13.5,,,,,,,,,0,player_unmapped:sowalio
prizepicks,15192309,cs2-headshots-202609251652,2026-09-25T19:09:10+00:00,8.0,8.006736246615956,0.42198813675929153,0.4667376565112237,-0.138312978390778,-0.05873582880678696,UNDER,0.4667376565112237,-0.05873582880678696,0,shrink:0.25;voidable
prizepicks,15192310,cs2-headshots-202609251652,2026-09-25T19:09:10+00:00,5.0,4.94062098539859,0.3891006033872736,0.460394024898318,-0.15756503684828183,-0.030785413303965503,UNDER,0.460394024898318,-0.030785413303965503,0,shrink:0.25;voidable
prizepicks,15192313,cs2-headshots-202609251652,2026-09-25T19:09:10+00:00,8.0,8.14029065869726,0.43711144287099757,0.45170010068580774,-0.11150526480690548,-0.08556255499472515,UNDER,0.45170010068580774,-0.08556255499472515,0,shrink:0.25;voidable
prizepicks,15192314,cs2-headshots-202609251652,2026-09-25T19:09:10+00:00,7.5,7.529284600401738,0.4797469294095796,0.5202530705904205,-0.14687591340154815,-0.07484467655952903,UNDER,0.5202530705904205,-0.07484467655952903,0,shrink:0.25;voidable
prizepicks,15192315,cs2-headshots-202609251652,2026-09-25T19:09:10+00:00,8.0,8.017998628550654,0.4232684244836201,0.46545860244276105,-0.13603750274754484,-0.06101157797692658,UNDER,0.46545860244276105,-0.06101157797692658,0,shrink:0.25;voidable
prizepicks,15192316,cs2-headshots-202609251652,2026-09-25T19:09:10+00:00,8.0,,,,,,,,,0,player_unmapped:sh1nejezzz
prizepicks,15192317,cs2-headshots-202609251652,2026-09-25T19:09:10+00:00,4.5,4.793860925834332,0.5192354980740861,0.4807645019259139,-0.07665420481354795,-0.1450663851475293,OVER,0.5192354980740861,-0.07665420481354795,0,shrink:0.25;voidable
prizepicks,15192318,cs2-headshots-202609251652,2026-09-25T19:09:10+00:00,8.0,8.248859863448871,0.4493024515122113,0.4396901305792935,-0.09000728368732797,-0.10710067608502177,OVER,0.4493024515122113,-0.09000728368732797,0,shrink:0.25;voidable
prizepicks,15192319,cs2-headshots-202609251652,2026-09-25T19:09:10+00:00,6.0,6.310276223253926,0.44999664800164335,0.4164147191979779,-0.06619159347176612,-0.12590964601271737,OVER,0.44999664800164335,-0.06619159347176612,0,shrink:0.25;voidable
prizepicks,15192320,cs2-headshots-202609251652,2026-09-25T19:09:10+00:00,7.5,,,,,,,,,0,player_unmapped:sowalio
prizepicks,15192251,cs2-headshots-202609251652,2026-09-25T19:09:10+00:00,12.5,12.70441731330861,0.5004608808465313,0.4995391191534687,-0.11004072006067073,-0.11167986990040651,OVER,0.5004608808465313,-0.11004072006067073,0,shrink:0.25
prizepicks,15192252,cs2-headshots-202609251652,2026-09-25T19:09:10+00:00,15.5,14.702185796116847,0.41687886606811775,0.5831211339318821,-0.2586728959906924,0.036952306029615134,UNDER,0.5831211339318821,0.036952306029615134,0,shrink:0.25
prizepicks,15192253,cs2-headshots-202609251652,2026-09-25T19:09:10+00:00,11.5,11.319868070602205,0.46389523986656667,0.5361047601334333,-0.17506464653021725,-0.04665594343085999,UNDER,0.5361047601334333,-0.04665594343085999,0,shrink:0.25
prizepicks,15192254,cs2-headshots-202609251652,2026-09-25T19:09:10+00:00,15.5,15.348877245919525,0.4703999089980359,0.5296000910019639,-0.1634975273446096,-0.0582230626164677,UNDER,0.5296000910019639,-0.0582230626164677,0,shrink:0.25
prizepicks,15192255,cs2-headshots-202609251652,2026-09-25T19:09:10+00:00,17.5,17.293070859081098,0.46724990930636395,0.532750090693636,-0.1690991069379389,-0.052621483023138405,UNDER,0.532750090693636,-0.052621483023138405,0,shrink:0.25
prizepicks,15192256,cs2-headshots-202609251652,2026-09-25T19:09:10+00:00,17.0,17.603025528211212,0.49195691873995534,0.4344930812600447,-0.05161314077854601,-0.15379989979089398,OVER,0.49195691873995534,-0.05161314077854601,0,shrink:0.25
prizepicks,15192257,cs2-headshots-202609251652,2026-09-25T19:09:10+00:00,14.0,13.351283317124345,0.3819237758096996,0.5330262241903004,-0.23578281327328965,0.03291955948840197,UNDER,0.5330262241903004,0.03291955948840197,0,shrink:0.25
prizepicks,15192258,cs2-headshots-202609251652,2026-09-25T19:09:10+00:00,16.5,16.9854717562241,0.5225847523739513,0.4774152476260487,-0.07069829485311335,-0.1510222951079639,OVER,0.5225847523739513,-0.07069829485311335,0,shrink:0.25
prizepicks,15192260,cs2-headshots-202609251652,2026-09-25T19:09:10+00:00,17.0,,,,,,,,,0,player_unmapped:b1elany
prizepicks,15192241,cs2-kills-202609251652,2026-09-25T19:09:10+00:00,27.0,26.873925979361825,0.4556921042981132,0.4906078957018867,-0.13595211360935588,-0.07386208067081151,UNDER,0.4906078957018867,-0.07386208067081151,0,shrink:0.25
prizepicks,15192242,cs2-kills-202609251652,2026-09-25T19:09:10+00:00,28.0,27.060123879131922,0.41230913548354353,0.5373408645164565,-0.21644915379866592,0.005892195542128942,UNDER,0.5373408645164565,0.005892195542128942,0,shrink:0.25
prizepicks,15192243,cs2-kills-202609251652,2026-09-25T19:09:10+00:00,31.5,30.077426350572583,0.4192118749300155,0.5807881250699845,-0.2545241543681413,0.032803564407064056,UNDER,0.5807881250699845,0.032803564407064056,0,shrink:0.25
prizepicks,15192244,cs2-kills-202609251652,2026-09-25T19:09:10+00:00,27.5,27.801912294786575,0.5075951802410013,0.49240481975899864,-0.0973539423424315,-0.12436664761864569,OVER,0.5075951802410013,-0.0973539423424315,0,shrink:0.25
prizepicks,15192245,cs2-kills-202609251652,2026-09-25T19:09:10+00:00,30.0,29.388797285629703,0.4327344501214204,0.5178155498785796,-0.18102723733456283,-0.029729269452939133,UNDER,0.5178155498785796,-0.029729269452939133,0,shrink:0.25
prizepicks,15192246,cs2-kills-202609251652,2026-09-25T19:09:10+00:00,27.0,28.241212859968154,0.5305774666778624,0.4160225333221375,-0.0030850155761445452,-0.20679569488101118,OVER,0.5305774666778624,-0.0030850155761445452,0,shrink:0.25
prizepicks,15192247,cs2-kills-202609251652,2026-09-25T19:09:10+00:00,27.0,27.12464817453922,0.4686703373711801,0.47532966262882,-0.11057318895683504,-0.09873104796642185,UNDER,0.47532966262882,-0.09873104796642185,0,shrink:0.25
prizepicks,15192248,cs2-kills-202609251652,2026-09-25T19:09:10+00:00,31.5,30.128150909594574,0.4215468569423058,0.5784531430576942,-0.2503719039328743,0.0286513139717971,UNDER,0.5784531430576942,0.0286513139717971,0,shrink:0.25
prizepicks,15192249,cs2-kills-202609251652,2026-09-25T19:09:10+00:00,33.5,31.647237300401663,0.40205080011792693,0.5979491998820731,-0.285041340360616,0.06332075039953877,UNDER,0.5979491998820731,0.06332075039953877,0,shrink:0.25
prizepicks,15192250,cs2-kills-202609251652,2026-09-25T19:09:10+00:00,29.5,,,,,,,,,0,player_unmapped:b1elany
prizepicks,15201779,cs2-kills-202609251652,2026-09-25T19:29:43+00:00,12.5,13.62995796007002,0.5771101882129699,0.4228898117870301,0.026263165022811785,-0.24798375498388903,OVER,0.5771101882129699,0.026263165022811785,0,shrink:0.25;voidable
prizepicks,15201780,cs2-kills-202609251652,2026-09-25T19:29:43+00:00,14.0,14.503977951103847,0.4856537856522844,0.4399631718179985,-0.06198883003736916,-0.14323950785091938,OVER,0.4856537856522844,-0.06198883003736916,0,shrink:0.25;voidable
prizepicks,15201781,cs2-kills-202609251652,2026-09-25T19:29:43+00:00,15.5,15.431024467983503,0.4805182183121998,0.5194817816878001,-0.14550434622682695,-0.07621624373425034,UNDER,0.5194817816878001,-0.07621624373425034,0,shrink:0.25;voidable
prizepicks,15201782,cs2-kills-202609251652,2026-09-25T19:29:43+00:00,15.5,15.513698524946223,0.48656515218156055,0.5134348478184394,-0.1347512082330758,-0.0869693817280015,UNDER,0.5134348478184394,-0.0869693817280015,0,shrink:0.25;voidable
prizepicks,15201783,cs2-kills-202609251652,2026-09-25T19:29:43+00:00,15.5,,,,,,,,,0,player_unmapped:destiny
prizepicks,15201784,cs2-kills-202609251652,2026-09-25T19:29:43+00:00,13.0,13.546724114210068,0.4888757747717187,0.4326491800233993,-0.05216723045174482,-0.1521538261892838,OVER,0.4888757747717187,-0.05216723045174482,0,shrink:0.25;voidable
prizepicks,15201785,cs2-kills-202609251652,2026-09-25T19:29:43+00:00,14.5,14.476265643421927,0.4835235252880782,0.5164764747119218,-0.14016007071077619,-0.08156051925030106,UNDER,0.5164764747119218,-0.08156051925030106,0,shrink:0.25;voidable
prizepicks,15201786,cs2-kills-202609251652,2026-09-25T19:29:43+00:00,14.0,,,,,,,,,0,player_unmapped:zede
prizepicks,15201787,cs2-kills-202609251652,2026-09-25T19:29:43+00:00,11.5,,,,,,,,,0,player_unmapped:xureba
prizepicks,15201788,cs2-kills-202609251652,2026-09-25T19:29:43+00:00,14.0,13.841761766388558,0.43381402578657763,0.49151050584414135,-0.15388198178835372,-0.05128151927026686,UNDER,0.49151050584414135,-0.05128151927026686,0,shrink:0.25;voidable
prizepicks,15201789,cs2-headshots-202609251652,2026-09-25T19:29:43+00:00,7.0,7.513815417936177,0.47790691262071017,0.4019398660591099,-0.029994756051140603,-0.16508539079310247,OVER,0.47790691262071017,-0.029994756051140603,0,shrink:0.25;voidable
prizepicks,15201791,cs2-headshots-202609251652,2026-09-25T19:29:43+00:00,8.0,8.378308700230185,0.46370254838504943,0.42563035308113767,-0.06474020729047636,-0.13244320829440326,OVER,0.46370254838504943,-0.06474020729047636,0,shrink:0.25;voidable
prizepicks,15201792,cs2-headshots-202609251652,2026-09-25T19:29:43+00:00,8.0,8.166650976287578,0.44008034107137445,0.4487661610200477,-0.10626069280129047,-0.09081487802725952,UNDER,0.4487661610200477,-0.09081487802725952,0,shrink:0.25;voidable
prizepicks,15201793,cs2-headshots-202609251652,2026-09-25T19:29:43+00:00,7.5,,,,,,,,,0,player_unmapped:destiny
prizepicks,15201794,cs2-headshots-202609251652,2026-09-25T19:29:43+00:00,8.5,7.771244908855736,0.39503933152854853,0.6049606684714515,-0.2975096905872423,0.07578910062616506,UNDER,0.6049606684714515,0.07578910062616506,0,shrink:0.25;voidable
prizepicks,15201795,cs2-headshots-202609251652,2026-09-25T19:29:43+00:00,8.0,8.052647562267762,0.4272017091648708,0.46153611149454427,-0.12905381731808913,-0.06799765659923845,UNDER,0.46153611149454427,-0.06799765659923845,0,shrink:0.25;voidable
prizepicks,15201796,cs2-headshots-202609251652,2026-09-25T19:29:43+00:00,8.5,,,,,,,,,0,player_unmapped:zede
prizepicks,15201797,cs2-headshots-202609251652,2026-09-25T19:29:43+00:00,5.5,,,,,,,,,0,player_unmapped:xureba
prizepicks,15201798,cs2-headshots-202609251652,2026-09-25T19:29:43+00:00,5.5,5.302690429471857,0.44440478543069034,0.5555952145693097,-0.20972412034583798,-0.011996469615239203,UNDER,0.5555952145693097,-0.011996469615239203,0,shrink:0.25;voidable
prizepicks,15195183,cs2-kills-202609251935,2026-09-25T19:58:49+00:00,16.0,14.899414302336844,0.37262062661245515,0.5609808417340123,-0.270977880285737,0.06397921193543016,UNDER,0.5609808417340123,0.06397921193543016,0,opponent_unmapped;shrink:0.25;voidable
prizepicks,15195189,cs2-headshots-202609251936,2026-09-25T19:58:49+00:00,9.0,8.598168032181599,0.38420569187911524,0.5136075766700788,-0.21458819746080487,0.015524509883194482,UNDER,0.5136075766700788,0.015524509883194482,0,opponent_unmapped;shrink:0.25;voidable
prizepicks,15195184,cs2-kills-202609251935,2026-09-25T19:58:49+00:00,14.5,14.128875107543491,0.4585006272937425,0.5414993727062575,-0.18465777499360753,-0.037062814967469715,UNDER,0.5414993727062575,-0.037062814967469715,0,opponent_unmapped;shrink:0.25;voidable
prizepicks,15195190,cs2-headshots-202609251936,2026-09-25T19:58:49+00:00,5.0,5.024702639899187,0.4027635039465152,0.4466440458215968,-0.13318150358489356,-0.05514963946708523,UNDER,0.4466440458215968,-0.05514963946708523,0,opponent_unmapped;shrink:0.25;voidable
prizepicks,15195186,cs2-kills-202609251935,2026-09-25T19:58:49+00:00,14.5,13.078029642856125,0.3744513069076644,0.6255486930923355,-0.33412095086393484,0.11240036090285754,UNDER,0.6255486930923355,0.11240036090285754,0,opponent_unmapped;shrink:0.25;voidable
prizepicks,15195191,cs2-headshots-202609251936,2026-09-25T19:58:49+00:00,9.5,8.45807907359277,0.36920943620485935,0.6307905637951406,-0.3434424616048194,0.12172187164374215,UNDER,0.6307905637951406,0.12172187164374215,0,opponent_unmapped;shrink:0.25;voidable
prizepicks,15195187,cs2-kills-202609251935,2026-09-25T19:58:49+00:00,14.0,13.383432270783697,0.3991455533376461,0.5265466349100616,-0.215899869138779,0.010654851038136626,UNDER,0.5265466349100616,0.010654851038136626,0,opponent_unmapped;shrink:0.25;voidable
prizepicks,15195192,cs2-headshots-202609251936,2026-09-25T19:58:49+00:00,6.0,6.5340821398055775,0.4803542399416387,0.3873459131143329,-0.013496098642859167,-0.17889089120202795,OVER,0.4803542399416387,-0.013496098642859167,0,opponent_unmapped;shrink:0.25;voidable
prizepicks,15195188,cs2-kills-202609251935,2026-09-25T19:58:49+00:00,13.0,12.403652734894495,0.39562282031767265,0.5259067637802662,-0.21800166858549325,0.013679585532712146,UNDER,0.5259067637802662,0.013679585532712146,0,opponent_unmapped;shrink:0.25;voidable
prizepicks,15195193,cs2-headshots-202609251936,2026-09-25T19:58:49+00:00,7.0,6.825470070316003,0.3940959930978576,0.48444637840150934,-0.17772958139460537,-0.017061351520038126,UNDER,0.48444637840150934,-0.017061351520038126,0,opponent_unmapped;shrink:0.25;voidable
prizepicks,15213162,cs2-kills-202609251935,2026-09-25T20:06:18+00:00,16.0,15.421066517105888,0.4107632317962388,0.5219050169649072,-0.20221645125684917,-0.004575303096436889,UNDER,0.5219050169649072,-0.004575303096436889,0,shrink:0.25;voidable
prizepicks,15213163,cs2-kills-202609251935,2026-09-25T20:06:18+00:00,13.5,13.42031129503598,0.4805495160484301,0.5194504839515699,-0.14544869010690786,-0.07627189985416938,UNDER,0.5194504839515699,-0.07627189985416938,0,shrink:0.25;voidable
prizepicks,15213165,cs2-kills-202609251935,2026-09-25T20:06:18+00:00,16.0,,,,,,,,,0,player_unmapped:m1N1
prizepicks,15213166,cs2-kills-202609251935,2026-09-25T20:06:18+00:00,13.5,14.052521775214704,0.5307410798496948,0.46925892015030524,-0.05619406564146401,-0.16552652431961323,OVER,0.5307410798496948,-0.05619406564146401,0,shrink:0.25;voidable
prizepicks,15213167,cs2-headshots-202609251936,2026-09-25T20:06:18+00:00,8.5,8.1298401949397,0.4366272364173488,0.5633727635826512,-0.22355477561683174,0.0018341856557544944,UNDER,0.5633727635826512,0.0018341856557544944,0,shrink:0.25;voidable
prizepicks,15213168,cs2-headshots-202609251936,2026-09-25T20:06:18+00:00,8.0,7.516676354952598,0.36624719942606937,0.5235158537524326,-0.23847319945470363,0.04119441037839677,UNDER,0.5235158537524326,0.04119441037839677,0,shrink:0.25;voidable
prizepicks,15213170,cs2-headshots-202609251936,2026-09-25T20:06:18+00:00,5.0,,,,,,,,,0,player_unmapped:m1N1
prizepicks,15213171,cs2-headshots-202609251936,2026-09-25T20:06:18+00:00,7.5,7.857121591192933,0.5187191366597123,0.48128086334028775,-0.07757243968486754,-0.1441481502762097,OVER,0.5187191366597123,-0.07757243968486754,0,shrink:0.25;voidable
prizepicks,15200481,cs2-kills-202609251935,2026-09-25T20:13:51+00:00,15.5,14.947284380793237,0.44658872070694544,0.5534112792930546,-0.2058404732112158,-0.01588011674986145,UNDER,0.5534112792930546,-0.01588011674986145,0,shrink:0.25;voidable
prizepicks,15200482,cs2-kills-202609251935,2026-09-25T20:13:51+00:00,15.5,15.276962714568166,0.4711281843091782,0.5288718156908219,-0.1622024503539658,-0.05951813960711139,UNDER,0.5288718156908219,-0.05951813960711139,0,shrink:0.25;voidable
prizepicks,15200483,cs2-kills-202609251935,2026-09-25T20:13:51+00:00,15.5,14.80744094114356,0.4360642091543597,0.5639357908456403,-0.22455599540589577,0.0028354054448185284,UNDER,0.5639357908456403,0.0028354054448185284,0,shrink:0.25;voidable
prizepicks,15200484,cs2-kills-202609251935,2026-09-25T20:13:51+00:00,14.0,,,,,,,,,0,player_unmapped:Jeorge
prizepicks,15200485,cs2-kills-202609251935,2026-09-25T20:13:51+00:00,13.5,13.8241522767461,0.5129023552074152,0.48709764479258477,-0.08791630237418363,-0.1338042875868936,OVER,0.5129023552074152,-0.08791630237418363,0,shrink:0.25;voidable
prizepicks,15200486,cs2-kills-202609251935,2026-09-25T20:13:51+00:00,15.0,14.998430720386114,0.45042188030217506,0.4785097830285645,-0.1279557077583654,-0.078007568668851,UNDER,0.4785097830285645,-0.078007568668851,0,shrink:0.25;voidable
prizepicks,15200487,cs2-kills-202609251935,2026-09-25T20:13:51+00:00,14.0,14.08546469797726,0.4550961611936422,0.4700747421220269,-0.11588277027726052,-0.08924666822071237,UNDER,0.4700747421220269,-0.08924666822071237,0,shrink:0.25;voidable
prizepicks,15200488,cs2-kills-202609251935,2026-09-25T20:13:51+00:00,14.0,14.784900719808352,0.5088764556470308,0.4170623881229794,-0.021014320439310286,-0.18428538626925423,OVER,0.5088764556470308,-0.021014320439310286,0,shrink:0.25;voidable
prizepicks,15200489,cs2-kills-202609251935,2026-09-25T20:13:51+00:00,13.5,13.757858919162707,0.5076596679333921,0.4923403320666079,-0.097239265206852,-0.12448132475422524,OVER,0.5076596679333921,-0.097239265206852,0,shrink:0.25;voidable
prizepicks,15200490,cs2-kills-202609251935,2026-09-25T20:13:51+00:00,12.0,12.718185836814047,0.505228707004217,0.4118722859120565,-0.018663185890086753,-0.1846769873131991,OVER,0.505228707004217,-0.018663185890086753,0,shrink:0.25;voidable
prizepicks,15200491,cs2-headshots-202609251936,2026-09-25T20:13:51+00:00,9.0,8.751778677011018,0.4005812818120688,0.4968663719002768,-0.18510220821894446,-0.013880415021341408,UNDER,0.4968663719002768,-0.013880415021341408,0,shrink:0.25;voidable
prizepicks,15200492,cs2-headshots-202609251936,2026-09-25T20:13:51+00:00,6.5,6.822170884200793,0.51732857245843,0.48267142754157,-0.08004525137234497,-0.14167533858873227,OVER,0.51732857245843,-0.08004525137234497,0,shrink:0.25;voidable
prizepicks,15200493,cs2-headshots-202609251936,2026-09-25T20:13:51+00:00,9.0,8.558135268545053,0.379925255725209,0.5180131891854912,-0.2223251853007887,0.02323374354645591,UNDER,0.5180131891854912,0.02323374354645591,0,shrink:0.25;voidable
prizepicks,15200494,cs2-headshots-202609251936,2026-09-25T20:13:51+00:00,7.5,,,,,,,,,0,player_unmapped:Jeorge
prizepicks,15200495,cs2-headshots-202609251936,2026-09-25T20:13:51+00:00,7.5,7.665761912267086,0.4965770934953838,0.5034229065046162,-0.11694717914018588,-0.10477341082089137,UNDER,0.5034229065046162,-0.10477341082089137,0,shrink:0.25;voidable
prizepicks,15200496,cs2-headshots-202609251936,2026-09-25T20:13:51+00:00,5.5,5.369576254082379,0.4551145948885983,0.5448854051114017,-0.1906790867014001,-0.03104150325967714,UNDER,0.5448854051114017,-0.03104150325967714,0,shrink:0.25;voidable
prizepicks,15200497,cs2-headshots-202609251936,2026-09-25T20:13:51+00:00,7.0,7.125875675299558,0.43154101481702983,0.44691105026765987,-0.11105156384826387,-0.08371934627484012,UNDER,0.44691105026765987,-0.08371934627484012,0,shrink:0.25;voidable
prizepicks,15200498,cs2-headshots-202609251936,2026-09-25T20:13:51+00:00,7.0,7.429353794940745,0.4685250865449737,0.4108481403618609,-0.04620471241720353,-0.14877043824855607,OVER,0.4685250865449737,-0.04620471241720353,0,shrink:0.25;voidable
prizepicks,15200499,cs2-headshots-202609251936,2026-09-25T20:13:51+00:00,7.0,7.363766796398227,0.4606181056293739,0.41847628206478826,-0.059986694562312926,-0.13492663170870867,OVER,0.4606181056293739,-0.059986694562312926,0,shrink:0.25;voidable
prizepicks,15200500,cs2-headshots-202609251936,2026-09-25T20:13:51+00:00,6.0,6.58431760539659,0.48690372332688625,0.38118298731105393,-0.0022358447744500465,-0.19023685284556502,OVER,0.48690372332688625,-0.0022358447744500465,0,shrink:0.25;voidable
prizepicks,15194630,cs2-kills-202609251935,2026-09-25T20:21:28+00:00,16.0,15.008200172801713,0.380599109431294,0.5527567604489751,-0.2565443100994483,0.049600095985960546,UNDER,0.5527567604489751,0.049600095985960546,0,shrink:0.25;voidable
prizepicks,15194631,cs2-kills-202609251935,2026-09-25T20:21:28+00:00,15.0,14.889445353062563,0.4422433913166057,0.4867023947858106,-0.14251346909831025,-0.06345293863817408,UNDER,0.4867023947858106,-0.06345293863817408,0,shrink:0.25;voidable
prizepicks,15194632,cs2-kills-202609251935,2026-09-25T20:21:28+00:00,14.5,13.986181219506348,0.4472814894591327,0.5527185105408673,-0.20460853680328284,-0.017112053157794405,UNDER,0.5527185105408673,-0.017112053157794405,0,shrink:0.25;voidable
prizepicks,15194633,cs2-kills-202609251935,2026-09-25T20:21:28+00:00,14.0,14.247891773191272,0.4677935702660529,0.45744849636228974,-0.09337439247562473,-0.11177082439401775,OVER,0.4677935702660529,-0.09337439247562473,0,shrink:0.25;voidable
prizepicks,15194634,cs2-kills-202609251935,2026-09-25T20:21:28+00:00,13.5,12.878739676102942,0.4358016609409199,0.5641983390590801,-0.22502287948799837,0.0033022895269211316,UNDER,0.5641983390590801,0.0033022895269211316,0,shrink:0.25;voidable
prizepicks,15194635,cs2-kills-202609251935,2026-09-25T20:21:28+00:00,14.5,14.642649564214246,0.4981399420225676,0.5018600579774324,-0.11416799778328529,-0.10755259217779195,UNDER,0.5018600579774324,-0.10755259217779195,0,shrink:0.25;voidable
prizepicks,15194636,cs2-kills-202609251935,2026-09-25T20:21:28+00:00,13.5,13.533632913944711,0.4897254381918705,0.5102745618081295,-0.1291313366911076,-0.0925892532699697,UNDER,0.5102745618081295,-0.0925892532699697,0,shrink:0.25;voidable
prizepicks,15194637,cs2-kills-202609251935,2026-09-25T20:21:28+00:00,13.5,14.034341412344174,0.5293338916970913,0.47066610830290867,-0.05869643935928942,-0.16302415060178782,OVER,0.5293338916970913,-0.05869643935928942,0,shrink:0.25;voidable
prizepicks,15194638,cs2-kills-202609251935,2026-09-25T20:21:28+00:00,13.0,13.738520927360883,0.5061250978293798,0.41562999590936844,-0.021723253364826722,-0.18264882981855662,OVER,0.5061250978293798,-0.021723253364826722,0,shrink:0.25;voidable
prizepicks,15194639,cs2-kills-202609251935,2026-09-25T20:21:28+00:00,12.5,13.258496201788146,0.5495921357575179,0.45040786424248214,-0.022671621063089564,-0.19904896889798768,OVER,0.5495921357575179,-0.022671621063089564,0,shrink:0.25;voidable
prizepicks,15194640,cs2-headshots-202609251936,2026-09-25T20:21:28+00:00,10.0,9.120495283304923,0.3437501042583356,0.5630468095020681,-0.2955131811590725,0.0944576344652317,UNDER,0.5630468095020681,0.0944576344652317,0,shrink:0.25;voidable
prizepicks,15194641,cs2-headshots-202609251936,2026-09-25T20:21:28+00:00,6.0,6.16768023446736,0.4314488490745497,0.4344013978901142,-0.09861364217040142,-0.0933631854045483,UNDER,0.4344013978901142,-0.0933631854045483,0,shrink:0.25;voidable
prizepicks,15194642,cs2-headshots-202609251936,2026-09-25T20:21:28+00:00,8.5,7.9496833399642455,0.4161659844732699,0.5838340155267301,-0.2599405986526061,0.03822000869152886,UNDER,0.5838340155267301,0.03822000869152886,0,shrink:0.25;voidable
prizepicks,15194643,cs2-headshots-202609251936,2026-09-25T20:21:28+00:00,8.0,8.062910582261253,0.4290530909111853,0.45963455941295595,-0.12571137294322232,-0.07132897717776981,UNDER,0.45963455941295595,-0.07132897717776981,0,shrink:0.25;voidable
prizepicks,15194644,cs2-headshots-202609251936,2026-09-25T20:21:28+00:00,8.0,7.354583518850175,0.3474149252901015,0.543234278063251,-0.2728483949697544,0.07537312815388553,UNDER,0.543234278063251,0.07537312815388553,0,shrink:0.25;voidable
prizepicks,15194645,cs2-headshots-202609251936,2026-09-25T20:21:28+00:00,8.5,8.622190457543015,0.4911126606142044,0.5088873393857956,-0.12666446762032685,-0.09505612234075039,UNDER,0.5088873393857956,-0.09505612234075039,0,shrink:0.25;voidable
prizepicks,15194646,cs2-headshots-202609251936,2026-09-25T20:21:28+00:00,6.5,6.570107677277804,0.4850552704541957,0.5149447295458043,-0.1374361998204427,-0.08428439014063455,UNDER,0.5149447295458043,-0.08428439014063455,0,shrink:0.25;voidable
prizepicks,15194647,cs2-headshots-202609251936,2026-09-25T20:21:28+00:00,7.0,7.886808727674252,0.5221056319391925,0.3602927114756094,0.04605135172802427,-0.2416972330106314,OVER,0.5221056319391925,0.04605135172802427,0,shrink:0.25;voidable
prizepicks,15194648,cs2-headshots-202609251936,2026-09-25T20:21:28+00:00,4.5,5.160834060379251,0.575725790692139,0.42427420930786097,0.023801319416209332,-0.24552190937728657,OVER,0.575725790692139,0.023801319416209332,0,shrink:0.25;voidable
prizepicks,15194649,cs2-headshots-202609251936,2026-09-25T20:21:28+00:00,7.0,7.669064469576979,0.4969636853193184,0.3837715929889424,0.0030050108321455493,-0.1982821563381867,OVER,0.4969636853193184,0.0030050108321455493,0,shrink:0.25;voidable
prizepicks,15199511,dota-kills-202609252038,2026-09-25T20:54:02+00:00,8.5,7.69309111408082,0.3771559846688825,0.6228440153311174,-0.3293112780903706,0.10759068812929329,UNDER,0.6228440153311174,0.10759068812929329,0,shrink:0.25;voidable
prizepicks,15199512,dota-kills-202609252038,2026-09-25T20:54:02+00:00,7.5,6.986192624793329,0.39464738532166405,0.6053526146783359,-0.2982066804567878,0.07648609049571048,UNDER,0.6053526146783359,0.07648609049571048,0,shrink:0.25;voidable
prizepicks,15199513,dota-kills-202609252038,2026-09-25T20:54:02+00:00,6.5,,,,,,,,,0,player_unmapped:ATF
prizepicks,15199514,dota-kills-202609252038,2026-09-25T20:54:02+00:00,3.5,3.4174944355657577,0.4204729793874586,0.5795270206125414,-0.25228155827756193,0.030560968316484693,UNDER,0.5795270206125414,0.030560968316484693,0,shrink:0.25;voidable
prizepicks,15199515,dota-kills-202609252038,2026-09-25T20:54:02+00:00,2.5,3.4815411574061597,0.5861317180337854,0.4138682819662146,0.04230596575022011,-0.26402655571129735,OVER,0.5861317180337854,0.04230596575022011,0,shrink:0.25;voidable
prizepicks,15199516,dota-kills-202609252038,2026-09-25T20:54:02+00:00,6.0,6.871126937469803,0.4679670076309842,0.4391647139626925,-0.07495562734597006,-0.12617415313818758,OVER,0.4679670076309842,-0.07495562734597006,0,shrink:0.25;voidable
prizepicks,15199517,dota-kills-202609252038,2026-09-25T20:54:02+00:00,7.0,6.55590812447083,0.35800016530249373,0.5589809795225363,-0.2803568220770747,0.07704322166328503,UNDER,0.5589809795225363,0.07704322166328503,0,shrink:0.25;voidable
prizepicks,15199518,dota-kills-202609252038,2026-09-25T20:54:02+00:00,5.5,5.857395492797672,0.47061739798689567,0.5293826020131043,-0.16311077115381017,-0.05860981880726707,UNDER,0.5293826020131043,-0.05860981880726707,0,shrink:0.25;voidable
prizepicks,15199519,dota-kills-202609252038,2026-09-25T20:54:02+00:00,3.0,3.212253042128847,0.38935032243778844,0.4503188679820753,-0.14729552873672896,-0.0388764195353033,UNDER,0.4503188679820753,-0.0388764195353033,0,shrink:0.25;voidable
prizepicks,15199520,dota-kills-202609252038,2026-09-25T20:54:02+00:00,2.5,2.8183662653176045,0.48600275639729695,0.513997243602703,-0.1357513050765245,-0.08596928488455274,UNDER,0.513997243602703,-0.08596928488455274,0,shrink:0.25;voidable
prizepicks,15198016,lol-kills-202609252040,2026-09-25T20:58:21+00:00,33.5,30.334630810056247,0.33890042707657514,0.6610995729234247,-0.3973403484763288,0.17561975851525158,UNDER,0.6610995729234247,0.17561975851525158,1,shrink:0.25;bo5
prizepicks,15198017,lol-kills-202609252040,2026-09-25T20:58:21+00:00,28.5,25.495105243807025,0.32857227169242287,0.6714277283075771,-0.41570669453964965,0.19398610457857235,UNDER,0.6714277283075771,0.19398610457857235,1,shrink:0.25;bo5
prizepicks,15198018,lol-kills-202609252040,2026-09-25T20:58:21+00:00,22.0,20.18623945049049,0.337758341701073,0.6077916582989269,-0.34492129538409094,0.13527339154639434,UNDER,0.6077916582989269,0.13527339154639434,1,shrink:0.25;bo5
prizepicks,15198019,lol-kills-202609252040,2026-09-25T20:58:21+00:00,18.5,15.819336881546057,0.2954060645026619,0.7045939354973381,-0.4746854778942864,0.25296488793320915,UNDER,0.7045939354973381,0.25296488793320915,1,shrink:0.25;bo5
prizepicks,15198571,lol-kills-202609252040,2026-09-25T20:58:21+00:00,10.5,8.724323477570257,0.2943138145720264,0.7056861854279737,-0.4766278034565521,0.25490721349547485,UNDER,0.7056861854279737,0.25490721349547485,0,shrink:0.25;odds_type:demon;bo5
prizepicks,15197798,lol-kills-202609252040,2026-09-25T20:58:21+00:00,8.5,8.224323477570257,0.4217064590176478,0.5782935409823522,-0.2500880868484941,0.028367496887416854,UNDER,0.5782935409823522,0.028367496887416854,0,shrink:0.25;bo5
prizepicks,15198572,lol-kills-202609252040,2026-09-25T20:58:21+00:00,6.5,7.724323477570257,0.5806574062228425,0.41934259377715755,0.0325711097726874,-0.25429169973376464,OVER,0.5806574062228425,0.0325711097726874,0,shrink:0.25;odds_type:goblin;bo5
prizepicks,15198493,lol-kills-202609252040,2026-09-25T20:58:21+00:00,14.5,11.565616479560347,0.25335430733902226,0.7466456926609777,-0.5494652518143435,0.32774466185326623,UNDER,0.7466456926609777,0.32774466185326623,0,shrink:0.25;odds_type:demon;bo5
prizepicks,15197799,lol-kills-202609252040,2026-09-25T20:58:21+00:00,12.5,11.065616479560349,0.3430219321629498,0.6569780678370503,-0.3900111608428583,0.16829057088178112,UNDER,0.6569780678370503,0.16829057088178112,1,shrink:0.25;bo5
prizepicks,15198494,lol-kills-202609252040,2026-09-25T20:58:21+00:00,10.5,10.565616479560347,0.4540164598026549,0.545983540197345,-0.1926318777141744,-0.029088712246902793,UNDER,0.545983540197345,-0.029088712246902793,0,shrink:0.25;odds_type:goblin;bo5
prizepicks,15198799,lol-kills-202609252040,2026-09-25T20:58:21+00:00,14.5,11.544690852925648,0.25186480929532484,0.748135190704675,-0.5521139955167438,0.33039340555566665,UNDER,0.748135190704675,0.33039340555566665,0,shrink:0.25;odds_type:demon;bo5
prizepicks,15197800,lol-kills-202609252040,2026-09-25T20:58:21+00:00,12.5,11.044690852925648,0.34158187613314644,0.6584181238668536,-0.39257198282996003,0.17085139286888285,UNDER,0.6584181238668536,0.17085139286888285,1,shrink:0.25;bo5
prizepicks,15198800,lol-kills-202609252040,2026-09-25T20:58:21+00:00,8.5,10.044690852925648,0.5872383309966975,0.4127616690033024,0.044273832797048995,-0.26599442275812624,OVER,0.5872383309966975,0.044273832797048995,0,shrink:0.25;odds_type:goblin;bo5
prizepicks,15198842,lol-kills-202609252040,2026-09-25T20:58:21+00:00,18.5,15.07541439088138,0.26144711701951695,0.738552882980483,-0.5350739749901562,0.31335338502907895,UNDER,0.738552882980483,0.31335338502907895,0,shrink:0.25;odds_type:demon;bo5
prizepicks,15197801,lol-kills-202609252040,2026-09-25T20:58:21+00:00,15.5,14.32541439088138,0.3758494482519743,0.6241505517480257,-0.3316346648990245,0.10991407493794725,UNDER,0.6241505517480257,0.10991407493794725,1,shrink:0.25;bo5
prizepicks,15198843,lol-kills-202609252040,2026-09-25T20:58:21+00:00,12.5,13.57541439088138,0.5253100300894625,0.47468996991053747,-0.06585198960498179,-0.15586860035609545,OVER,0.5253100300894625,-0.06585198960498179,0,shrink:0.25;odds_type:goblin;bo5
prizepicks,15197973,lol-kills-202609252040,2026-09-25T20:58:21+00:00,2.5,2.368815459386245,0.4049606091954497,0.5950393908045503,-0.2798668867909129,0.05814629682983574,UNDER,0.5950393908045503,0.05814629682983574,0,shrink:0.25;odds_type:demon;bo5
prizepicks,15198729,lol-kills-202609252040,2026-09-25T20:58:21+00:00,9.5,6.839349627275157,0.19689227221409653,0.8031077277859034,-0.6498705263258935,0.42814993636481613,UNDER,0.8031077277859034,0.42814993636481613,0,shrink:0.25;odds_type:demon;bo5
prizepicks,15197803,lol-kills-202609252040,2026-09-25T20:58:21+00:00,7.0,6.214349627275157,0.30473992580632875,0.5853100741936711,-0.3481372645218165,0.15079485342695964,UNDER,0.5853100741936711,0.15079485342695964,0,shrink:0.25;bo5
prizepicks,15198730,lol-kills-202609252040,2026-09-25T20:58:21+00:00,5.5,5.839349627275157,0.4906712660199385,0.5093287339800615,-0.12744939053901244,-0.0942711994220648,UNDER,0.5093287339800615,-0.0942711994220648,0,shrink:0.25;odds_type:goblin;bo5
prizepicks,15198488,lol-kills-202609252040,2026-09-25T20:58:21+00:00,9.5,7.091259292068331,0.22003639752351148,0.7799636024764885,-0.6087138048248002,0.38699321486372296,UNDER,0.7799636024764885,0.38699321486372296,0,shrink:0.25;odds_type:demon;bo5
prizepicks,15197804,lol-kills-202609252040,2026-09-25T20:58:21+00:00,7.0,6.466259292068333,0.33299145851382206,0.557458541486178,-0.2982981456060402,0.10086704627519893,UNDER,0.557458541486178,0.10086704627519893,0,shrink:0.25;bo5
prizepicks,15198489,lol-kills-202609252040,2026-09-25T20:58:21+00:00,5.5,6.091259292068333,0.5195849820529115,0.4804150179470885,-0.07603272464986432,-0.14568786531121292,OVER,0.5195849820529115,-0.07603272464986432,0,shrink:0.25;odds_type:goblin;bo5
prizepicks,15198468,lol-kills-202609252040,2026-09-25T20:58:21+00:00,11.5,8.380630531147,0.1959484984239664,0.8040515015760337,-0.6515488198246163,0.4298282298635391,UNDER,0.8040515015760337,0.4298282298635391,0,shrink:0.25;odds_type:demon;bo5
prizepicks,15197805,lol-kills-202609252040,2026-09-25T20:58:21+00:00,8.5,7.630630531147,0.3618929703482899,0.6381070296517101,-0.35645318219180966,0.13473259223073247,UNDER,0.6381070296517101,0.13473259223073247,1,shrink:0.25;bo5
prizepicks,15198469,lol-kills-202609252040,2026-09-25T20:58:21+00:00,5.5,6.880630531147,0.6104802906026463,0.38951970939735364,0.08560453101326404,-0.3073251209743413,OVER,0.6104802906026463,0.08560453101326404,0,shrink:0.25;odds_type:goblin;bo5
prizepicks,15198922,lol-kills-202609252040,2026-09-25T20:58:21+00:00,13.5,9.063706350399055,0.1406866309877493,0.8593133690122507,-0.7498198608467416,0.5280992708856644,UNDER,0.8593133690122507,0.5280992708856644,0,shrink:0.25;odds_type:demon;bo5
prizepicks,15197806,lol-kills-202609252040,2026-09-25T20:58:21+00:00,10.0,8.188706350399055,0.2459563786336652,0.6736936213663349,-0.4822708361080161,0.2783654955503114,UNDER,0.6736936213663349,0.2783654955503114,1,shrink:0.25;bo5
prizepicks,15198923,lol-kills-202609252040,2026-09-25T20:58:21+00:00,7.5,7.563706350399055,0.45356898335555684,0.5464310166444432,-0.1934276158665264,-0.028292974094550838,UNDER,0.5464310166444432,-0.028292974094550838,0,shrink:0.25;odds_type:goblin;bo5
prizepicks,15197990,lol-kills-202609252040,2026-09-25T20:58:21+00:00,1.5,1.7811130362884908,0.5049518675738102,0.4950481324261898,-0.10205449083279255,-0.1196660991282848,OVER,0.5049518675738102,-0.10205449083279255,0,shrink:0.25;odds_type:goblin;bo5
prizepicks,15200460,cs2-kills-202609252031,2026-09-25T20:58:53+00:00,32.0,29.797346422109314,0.33607911122344625,0.6156708887765537,-0.35410743636716446,0.14308486487170924,UNDER,0.6156708887765537,0.14308486487170924,1,shrink:0.25
prizepicks,15200461,cs2-kills-202609252031,2026-09-25T20:58:53+00:00,32.0,29.15755700726202,0.3054025533682182,0.6492474466317818,-0.4115589275719843,0.19989336636564192,UNDER,0.6492474466317818,0.19989336636564192,1,shrink:0.25
prizepicks,15200462,cs2-kills-202609252031,2026-09-25T20:58:53+00:00,29.5,27.335130196026597,0.35675675470908697,0.643243245290913,-0.36558680870852417,0.14386621874744687,UNDER,0.643243245290913,0.14386621874744687,1,shrink:0.25
prizepicks,15200463,cs2-kills-202609252031,2026-09-25T20:58:53+00:00,26.0,,,,,,,,,0,player_unmapped:s1n
prizepicks,15200464,cs2-kills-202609252031,2026-09-25T20:58:53+00:00,27.0,26.353871421366698,0.4078896747479378,0.5394103252520622,-0.2219581898282691,0.011922274958140633,UNDER,0.5394103252520622,0.011922274958140633,0,shrink:0.25
prizepicks,15200465,cs2-kills-202609252031,2026-09-25T20:58:53+00:00,24.0,28.84664176081472,0.7018686935567514,0.24938130644324852,0.29686864630288945,-0.5077803575033641,OVER,0.7018686935567514,0.29686864630288945,1,shrink:0.25
prizepicks,15200466,cs2-kills-202609252031,2026-09-25T20:58:53+00:00,25.0,27.87723713091733,0.602658247660203,0.34564175233979694,0.12339475310427689,-0.3336523885643663,OVER,0.602658247660203,0.12339475310427689,1,shrink:0.25
prizepicks,15200467,cs2-kills-202609252031,2026-09-25T20:58:53+00:00,24.5,27.65687645996053,0.6445954836710449,0.35540451632895503,0.14627087641629982,-0.36799146637737723,OVER,0.6445954836710449,0.14627087641629982,1,shrink:0.25
prizepicks,15200468,cs2-kills-202609252031,2026-09-25T20:58:53+00:00,25.5,28.62854879585749,0.6404446930999261,0.3595553069000738,0.13888961100829567,-0.36061020096937285,OVER,0.6404446930999261,0.13888961100829567,1,shrink:0.25
prizepicks,15200469,cs2-kills-202609252031,2026-09-25T20:58:53+00:00,24.0,27.588484995535374,0.6415864372005499,0.30516356279945017,0.19416995103396817,-0.4040839195796179,OVER,0.6415864372005499,0.19416995103396817,1,shrink:0.25
prizepicks,15200470,cs2-headshots-202609252032,2026-09-25T20:58:53+00:00,11.0,10.73589693653573,0.3861078399587215,0.5137421600412786,-0.21324237814680203,0.013727105270326723,UNDER,0.5137421600412786,0.013727105270326723,0,shrink:0.25
prizepicks,15200471,cs2-headshots-202609252032,2026-09-25T20:58:53+00:00,15.5,14.924865190079938,0.419007576295123,0.580992423704877,-0.2548874544240698,0.03316686446299255,UNDER,0.580992423704877,0.03316686446299255,0,shrink:0.25
prizepicks,15200472,cs2-headshots-202609252032,2026-09-25T20:58:53+00:00,17.5,16.46467584860607,0.3885404953515932,0.6114595046484068,-0.30906643714993803,0.08734584718886079,UNDER,0.6114595046484068,0.08734584718886079,1,shrink:0.25
prizepicks,15200473,cs2-headshots-202609252032,2026-09-25T20:58:53+00:00,14.5,,,,,,,,,0,player_unmapped:s1n
prizepicks,15200474,cs2-headshots-202609252032,2026-09-25T20:58:53+00:00,13.5,13.359096070837392,0.45227461520066403,0.547725384799336,-0.19572936410538233,-0.02599122585569491,UNDER,0.547725384799336,-0.02599122585569491,0,shrink:0.25
prizepicks,15200475,cs2-headshots-202609252032,2026-09-25T20:58:53+00:00,15.0,16.286895970238643,0.5305750047617239,0.3942249952382761,0.018710606449077016,-0.22375780804508127,OVER,0.5305750047617239,0.018710606449077016,0,shrink:0.25
prizepicks,15200476,cs2-headshots-202609252032,2026-09-25T20:58:53+00:00,14.5,16.36413041705314,0.6127872800108015,0.3872127199891985,0.0897070027769643,-0.31142759273804155,OVER,0.6127872800108015,0.0897070027769643,1,shrink:0.25
prizepicks,15200477,cs2-headshots-202609252032,2026-09-25T20:58:53+00:00,15.5,17.053794711736664,0.5855028232931961,0.41449717670680386,0.04118761518194847,-0.2629082051430257,OVER,0.5855028232931961,0.04118761518194847,0,shrink:0.25
prizepicks,15200478,cs2-headshots-202609252032,2026-09-25T20:58:53+00:00,9.5,10.33318309205619,0.554600655571972,0.445399344428028,-0.013765073402273786,-0.20795551655880345,OVER,0.554600655571972,-0.013765073402273786,0,shrink:0.25
prizepicks,15200479,cs2-headshots-202609252032,2026-09-25T20:58:53+00:00,12.0,13.801470303493137,0.5834771537902667,0.33127284620973335,0.1228354088133452,-0.32565431848024046,OVER,0.5834771537902667,0.1228354088133452,0,shrink:0.25
prizepicks,15198653,cs2-kills-202609252031,2026-09-25T20:58:53+00:00,32.5,30.02954012410573,0.3492477758839421,0.6507522241160579,-0.37893987114369754,0.1572192811826203,UNDER,0.6507522241160579,0.1572192811826203,1,shrink:0.25
prizepicks,15198663,cs2-headshots-202609252032,2026-09-25T20:58:53+00:00,18.5,17.024261995525293,0.3578375266819717,0.6421624733180282,-0.363664894162196,0.1419443042011187,UNDER,0.6421624733180282,0.1419443042011187,1,shrink:0.25
prizepicks,15198654,cs2-kills-202609252031,2026-09-25T20:58:53+00:00,30.5,,,,,,,,,0,player_unmapped:koala
prizepicks,15198664,cs2-headshots-202609252032,2026-09-25T20:58:53+00:00,14.5,,,,,,,,,0,player_unmapped:koala
prizepicks,15198655,cs2-kills-202609252031,2026-09-25T20:58:53+00:00,29.0,27.326502270241328,0.3557062841975959,0.595343715802404,-0.3185048387899616,0.10763747170747906,UNDER,0.595343715802404,0.10763747170747906,0,shrink:0.25
prizepicks,15198665,cs2-headshots-202609252032,2026-09-25T20:58:53+00:00,10.5,10.151768930228933,0.42777987867440814,0.5722201213255919,-0.23928784972435152,0.01756725976327428,UNDER,0.5722201213255919,0.01756725976327428,0,shrink:0.25
prizepicks,15198656,cs2-kills-202609252031,2026-09-25T20:58:53+00:00,29.0,27.052498502194815,0.3416909636726177,0.6093090363273822,-0.3433779947046263,0.13252171365164184,UNDER,0.6093090363273822,0.13252171365164184,1,shrink:0.25
prizepicks,15198666,cs2-headshots-202609252032,2026-09-25T20:58:53+00:00,16.5,16.46464340873932,0.46287465889354457,0.5371253411064554,-0.1768795246608199,-0.04484106530025739,UNDER,0.5371253411064554,-0.04484106530025739,0,shrink:0.25
prizepicks,15198657,cs2-kills-202609252031,2026-09-25T20:58:53+00:00,26.0,24.418689143772013,0.3487228410065632,0.5970771589934367,-0.32567335202775166,0.11597001804256474,UNDER,0.5970771589934367,0.11597001804256474,0,shrink:0.25
prizepicks,15198667,cs2-headshots-202609252032,2026-09-25T20:58:53+00:00,13.0,12.900885688232863,0.4109459354141337,0.4993540645858663,-0.17952330441386105,-0.022308948627707548,UNDER,0.4993540645858663,-0.022308948627707548,0,shrink:0.25
prizepicks,15198658,cs2-kills-202609252031,2026-09-25T20:58:53+00:00,27.5,31.041654872498626,0.6511272518963184,0.34887274810368163,0.15788618536245014,-0.3796067753235273,OVER,0.6511272518963184,0.15788618536245014,1,shrink:0.25
prizepicks,15198668,cs2-headshots-202609252032,2026-09-25T20:58:53+00:00,9.5,11.350445119006537,0.650558860635186,0.349441139364814,0.15687542688593226,-0.37859601684700955,OVER,0.650558860635186,0.15687542688593226,1,shrink:0.25
prizepicks,15198659,cs2-kills-202609252031,2026-09-25T20:58:53+00:00,26.5,29.99168048329485,0.6510754405765407,0.34892455942345935,0.1577940503592824,-0.37951464032035964,OVER,0.6510754405765407,0.1577940503592824,1,shrink:0.25
prizepicks,15198669,cs2-headshots-202609252032,2026-09-25T20:58:53+00:00,13.0,16.323459427569134,0.6879160573990118,0.24028394260098812,0.29510696070781656,-0.5009080123096883,OVER,0.6879160573990118,0.29510696070781656,1,shrink:0.25
prizepicks,15198660,cs2-kills-202609252031,2026-09-25T20:58:53+00:00,26.0,28.639157206137092,0.5881910600361034,0.3607089399638966,0.09706805123117063,-0.3074587190452369,OVER,0.5881910600361034,0.09706805123117063,0,shrink:0.25
prizepicks,15198670,cs2-headshots-202609252032,2026-09-25T20:58:53+00:00,13.0,15.817036993813232,0.6537923317364943,0.27115766826350574,0.23767544196834478,-0.4427559016528432,OVER,0.6537923317364943,0.23767544196834478,1,shrink:0.25
prizepicks,15198661,cs2-kills-202609252031,2026-09-25T20:58:53+00:00,26.0,30.610298140453313,0.6809939662771358,0.27195603372286414,0.25804754859137113,-0.46933618479477973,OVER,0.6809939662771358,0.25804754859137113,1,shrink:0.25
prizepicks,15198671,cs2-headshots-202609252032,2026-09-25T20:58:53+00:00,15.5,17.04849265489121,0.5851483389484691,0.4148516610515309,0.04055724297053925,-0.2622778329316165,OVER,0.5851483389484691,0.04055724297053925,0,shrink:0.25
prizepicks,15198662,cs2-kills-202609252031,2026-09-25T20:58:53+00:00,24.0,28.91431619043613,0.7050482044358889,0.24620179556411115,0.3025227050332543,-0.513434416233729,OVER,0.7050482044358889,0.3025227050332543,1,shrink:0.25
prizepicks,15198672,cs2-headshots-202609252032,2026-09-25T20:58:53+00:00,12.5,16.16284377232553,0.7510917977082914,0.24890820229170862,0.3356510789137743,-0.5573716688748516,OVER,0.7510917977082914,0.3356510789137743,1,shrink:0.25
prizepicks,15194526,cs2-kills-202609252031,2026-09-25T21:33:57+00:00,33.0,30.33882472402214,0.3171163564732912,0.6365336435267087,-0.3897285126969829,0.17828467208060156,UNDER,0.6365336435267087,0.17828467208060156,0,shrink:0.25;market_unproven
prizepicks,15194527,cs2-kills-202609252031,2026-09-25T21:33:57+00:00,32.0,29.485781513410487,0.32009966629724573,0.6325503337027543,-0.3834233542632778,0.17220123423685757,UNDER,0.6325503337027543,0.17220123423685757,0,shrink:0.25;market_unproven
prizepicks,15194528,cs2-kills-202609252031,2026-09-25T21:33:57+00:00,28.0,27.566740885248507,0.4196361077262328,0.5274638922737673,-0.20086974992156503,-0.00912182083057117,UNDER,0.5274638922737673,-0.00912182083057117,0,shrink:0.25;market_unproven
prizepicks,15194529,cs2-kills-202609252031,2026-09-25T21:33:57+00:00,28.0,27.74832575397122,0.427644352765231,0.517455647234769,-0.18462885265816803,-0.024919276914045996,UNDER,0.517455647234769,-0.024919276914045996,0,shrink:0.25;market_unproven
prizepicks,15194530,cs2-kills-202609252031,2026-09-25T21:33:57+00:00,25.0,25.432345990077614,0.4672693329626223,0.47658066703737767,-0.112914566249947,-0.0963564125848157,UNDER,0.47658066703737767,-0.0963564125848157,0,shrink:0.25;market_unproven
prizepicks,15194531,cs2-kills-202609252031,2026-09-25T21:33:57+00:00,31.5,31.27911107855393,0.460525247437216,0.539474752562784,-0.18105743467931856,-0.04066315528175868,UNDER,0.539474752562784,-0.04066315528175868,0,shrink:0.25;market_unproven
prizepicks,15194532,cs2-kills-202609252031,2026-09-25T21:33:57+00:00,28.5,28.81872380869912,0.4900759784440351,0.5099240215559648,-0.12850797817829335,-0.09321261178278395,UNDER,0.5099240215559648,-0.09321261178278395,0,shrink:0.25;market_unproven
prizepicks,15194533,cs2-kills-202609252031,2026-09-25T21:33:57+00:00,28.0,30.195704151568147,0.5608652415723759,0.3899847584276241,0.04652511089466255,-0.25734813385915273,OVER,0.5608652415723759,0.04652511089466255,0,shrink:0.25;market_unproven
prizepicks,15194534,cs2-kills-202609252031,2026-09-25T21:33:57+00:00,27.5,27.45491392096686,0.46827034592643757,0.5317296540735624,-0.1672844855072123,-0.05443610445386493,UNDER,0.5317296540735624,-0.05443610445386493,0,shrink:0.25;market_unproven
prizepicks,15194535,cs2-kills-202609252031,2026-09-25T21:33:57+00:00,27.0,28.027590912742184,0.5009729928004231,0.4451770071995769,-0.055280041917430134,-0.15450089427424318,OVER,0.5009729928004231,-0.055280041917430134,0,shrink:0.25;market_unproven
prizepicks,15194538,cs2-headshots-202609252032,2026-09-25T21:33:57+00:00,20.0,17.93689852784067,0.29267404654659307,0.6449759534534069,-0.4171937691734202,0.20929745799641608,UNDER,0.6449759534534069,0.20929745799641608,1,shrink:0.25
prizepicks,15194542,cs2-headshots-202609252032,2026-09-25T21:33:57+00:00,17.0,15.512847706144104,0.31486680399591477,0.6135331960040852,-0.36847884554930355,0.16263344982943934,UNDER,0.6135331960040852,0.16263344982943934,1,shrink:0.25
prizepicks,15194543,cs2-headshots-202609252032,2026-09-25T21:33:57+00:00,15.5,15.295814464271482,0.44918088735668205,0.550819112643318,-0.20123087663059963,-0.02048971333047761,UNDER,0.550819112643318,-0.02048971333047761,0,shrink:0.25
prizepicks,15194545,cs2-headshots-202609252032,2026-09-25T21:33:57+00:00,10.0,10.774651488063336,0.49234165522175205,0.4045583447782478,-0.021378971814675907,-0.17748222532141428,OVER,0.49234165522175205,-0.021378971814675907,0,shrink:0.25
prizepicks,15194546,cs2-headshots-202609252032,2026-09-25T21:33:57+00:00,11.5,12.300653796179498,0.5436534558455346,0.4563465441544654,-0.033232253273381196,-0.18848833668769605,OVER,0.5436534558455346,-0.033232253273381196,0,shrink:0.25
prizepicks,15194547,cs2-headshots-202609252032,2026-09-25T21:33:57+00:00,16.5,17.005555709469633,0.5076062130361771,0.49239378696382285,-0.09733432294993516,-0.12438626701114208,OVER,0.5076062130361771,-0.09733432294993516,0,shrink:0.25
prizepicks,15194548,cs2-headshots-202609252032,2026-09-25T21:33:57+00:00,15.5,16.388464714277205,0.5384325319919205,0.46156746800807946,-0.042516514663644145,-0.1792040752974331,OVER,0.5384325319919205,-0.042516514663644145,0,shrink:0.25
prizepicks,15194549,cs2-headshots-202609252032,2026-09-25T21:33:57+00:00,9.5,10.353341411025935,0.5565769943855519,0.4434230056144481,-0.010250590782823976,-0.21146999917825327,OVER,0.5565769943855519,-0.010250590782823976,0,shrink:0.25
prizepicks,15194550,cs2-headshots-202609252032,2026-09-25T21:33:57+00:00,15.0,15.08442285089236,0.4326480634762004,0.48380193652379955,-0.1470808569270599,-0.056114977742769356,UNDER,0.48380193652379955,-0.056114977742769356,0,shrink:0.25
prizepicks,15194551,cs2-headshots-202609252032,2026-09-25T21:33:57+00:00,17.0,17.394933373479866,0.4582592960890757,0.4647407039109244,-0.10808692930586661,-0.09656117522820779,UNDER,0.4647407039109244,-0.09656117522820779,0,shrink:0.25
prizepicks,15192331,cs2-headshots-202609252032,2026-09-25T21:48:26+00:00,6.0,6.365436914021889,0.44066499170761825,0.42588195678330765,-0.08292146701229575,-0.1092098336360835,OVER,0.44066499170761825,-0.08292146701229575,0,shrink:0.25;voidable
prizepicks,15192332,cs2-headshots-202609252032,2026-09-25T21:48:26+00:00,7.5,7.351093875064991,0.4416680479225868,0.5583319520774133,-0.21459080430717975,-0.007129785653897436,UNDER,0.5583319520774133,-0.007129785653897436,0,shrink:0.25;voidable
prizepicks,15192333,cs2-headshots-202609252032,2026-09-25T21:48:26+00:00,5.5,5.757242373084697,0.49401863649757966,0.5059813635024204,-0.12149683054085109,-0.1002237594202261,UNDER,0.5059813635024204,-0.1002237594202261,0,shrink:0.25;voidable
prizepicks,15192334,cs2-headshots-202609252032,2026-09-25T21:48:26+00:00,7.5,7.731590758150011,0.48686282719796437,0.5131371728020356,-0.1342218588805219,-0.08749873108055534,UNDER,0.5131371728020356,-0.08749873108055534,0,shrink:0.25;voidable
prizepicks,15192335,cs2-headshots-202609252032,2026-09-25T21:48:26+00:00,8.5,8.561595184021723,0.46710285324094447,0.5328971467590555,-0.16936061371119576,-0.05235997624988148,UNDER,0.5328971467590555,-0.05235997624988148,0,shrink:0.25;voidable
prizepicks,15192336,cs2-headshots-202609252032,2026-09-25T21:48:26+00:00,8.5,8.664859819085983,0.4783008658020362,0.5216991341979638,-0.14944741854044907,-0.07227317142062822,UNDER,0.5216991341979638,-0.07227317142062822,0,shrink:0.25;voidable
prizepicks,15192337,cs2-headshots-202609252032,2026-09-25T21:48:26+00:00,6.5,6.629767571830273,0.47536623791569976,0.5246337620843002,-0.15466600688684723,-0.06705458307423001,UNDER,0.5246337620843002,-0.06705458307423001,0,shrink:0.25;voidable
prizepicks,15192338,cs2-headshots-202609252032,2026-09-25T21:48:26+00:00,8.0,8.332646161827025,0.44193518357588135,0.44712552314972226,-0.10317646920084228,-0.09394659520557086,UNDER,0.44712552314972226,-0.09394659520557086,0,shrink:0.25;voidable
prizepicks,15192340,cs2-headshots-202609252032,2026-09-25T21:48:26+00:00,8.5,,,,,,,,,0,player_unmapped:b1elany
prizepicks,15192321,cs2-kills-202609252031,2026-09-25T21:48:26+00:00,13.5,13.776514858702628,0.48847423987624294,0.5115257601237571,-0.13135631689366345,-0.09036427306741379,UNDER,0.5115257601237571,-0.09036427306741379,0,shrink:0.25;market_unproven;voidable
prizepicks,15192322,cs2-kills-202609252031,2026-09-25T21:48:26+00:00,14.0,13.641797369066209,0.39888934505610907,0.5263755388652998,-0.21592817472421888,0.010777898790896467,UNDER,0.5263755388652998,0.010777898790896467,0,shrink:0.25;market_unproven;voidable
prizepicks,15192323,cs2-kills-202609252031,2026-09-25T21:48:26+00:00,15.5,15.432517139900012,0.46164350910744484,0.5383564908925551,-0.17906885297611486,-0.042651736984962385,UNDER,0.5383564908925551,-0.042651736984962385,0,shrink:0.25;market_unproven;voidable
prizepicks,15192324,cs2-kills-202609252031,2026-09-25T21:48:26+00:00,13.5,13.908495438210451,0.49899791878570465,0.5010020812142953,-0.11264227537110683,-0.10907831458997042,UNDER,0.5010020812142953,-0.10907831458997042,0,shrink:0.25;market_unproven;voidable
prizepicks,15192325,cs2-kills-202609252031,2026-09-25T21:48:26+00:00,14.5,14.786652900387274,0.4883440333242852,0.5116559666757148,-0.13158786052406202,-0.09013272943701522,UNDER,0.5116559666757148,-0.09013272943701522,0,shrink:0.25;market_unproven;voidable
prizepicks,15192326,cs2-kills-202609252031,2026-09-25T21:48:26+00:00,13.5,14.44743786396236,0.5408832176450323,0.45911678235496767,-0.03815851082623767,-0.18356207913483957,OVER,0.5408832176450323,-0.03815851082623767,0,shrink:0.25;market_unproven;voidable
prizepicks,15192327,cs2-kills-202609252031,2026-09-25T21:48:26+00:00,13.5,13.835707068868949,0.4932059561717292,0.5067940438282708,-0.12294200323125459,-0.0987785867298227,UNDER,0.5067940438282708,-0.0987785867298227,0,shrink:0.25;market_unproven;voidable
prizepicks,15192328,cs2-kills-202609252031,2026-09-25T21:48:26+00:00,15.5,15.509446651508126,0.46729900817486913,0.5327009918251309,-0.16901179543101996,-0.05270879453005728,UNDER,0.5327009918251309,-0.05270879453005728,0,shrink:0.25;market_unproven;voidable
prizepicks,15192329,cs2-kills-202609252031,2026-09-25T21:48:26+00:00,16.0,15.812885370830411,0.41803552884183837,0.5142537647817019,-0.18890532001936688,-0.01780241217724049,UNDER,0.5142537647817019,-0.01780241217724049,0,shrink:0.25;market_unproven;voidable
prizepicks,15192330,cs2-kills-202609252031,2026-09-25T21:48:26+00:00,14.5,,,,,,,,,0,player_unmapped:b1elany
prizepicks,15212932,cs2-kills-202609252031,2026-09-25T21:56:13+00:00,16.5,15.189881554835711,0.3730463535989771,0.6269536464010229,-0.33661935040483965,0.1148987604437624,UNDER,0.6269536464010229,0.1148987604437624,0,opponent_unmapped;shrink:0.25;market_unproven;odds_type:demon
prizepicks,15212935,cs2-kills-202609252031,2026-09-25T21:56:13+00:00,16.5,15.225664519717526,0.37563953149664925,0.6243604685033508,-0.3320079555428413,0.11028736558176411,UNDER,0.6243604685033508,0.11028736558176411,0,opponent_unmapped;shrink:0.25;market_unproven;odds_type:demon
prizepicks,15212917,cs2-kills-202609252031,2026-09-25T21:56:13+00:00,15.5,,,,,,,,,0,player_unmapped:destiny
prizepicks,15212920,cs2-kills-202609252031,2026-09-25T21:56:13+00:00,15.5,,,,,,,,,0,player_unmapped:destiny
prizepicks,15212924,cs2-kills-202609252031,2026-09-25T21:56:13+00:00,15.5,15.134205798538614,0.43952395510989106,0.5604760448901089,-0.21840360040920898,-0.0033169895518682657,UNDER,0.5604760448901089,-0.0033169895518682657,0,opponent_unmapped;shrink:0.25;market_unproven;odds_type:demon
prizepicks,15212931,cs2-kills-202609252031,2026-09-25T21:56:13+00:00,15.5,14.939881554835711,0.42497495542086106,0.5750250445791389,-0.24427578699287372,0.02255519703179648,UNDER,0.5750250445791389,0.02255519703179648,0,opponent_unmapped;shrink:0.25;market_unproven
prizepicks,15212934,cs2-kills-202609252031,2026-09-25T21:56:13+00:00,15.5,14.975664519717526,0.42766123325157535,0.5723387667484247,-0.23949883443687048,0.017778244475793237,UNDER,0.5723387667484247,0.017778244475793237,0,opponent_unmapped;shrink:0.25;market_unproven
prizepicks,15212916,cs2-kills-202609252031,2026-09-25T21:56:13+00:00,14.5,,,,,,,,,0,player_unmapped:destiny
prizepicks,15212919,cs2-kills-202609252031,2026-09-25T21:56:13+00:00,14.5,,,,,,,,,0,player_unmapped:destiny
prizepicks,15212933,cs2-kills-202609252031,2026-09-25T21:56:13+00:00,14.5,14.689881554835711,0.48097268075696603,0.5190273192430339,-0.14469618501866327,-0.07702440494241403,UNDER,0.5190273192430339,-0.07702440494241403,0,opponent_unmapped;shrink:0.25;market_unproven;odds_type:goblin
prizepicks,15212936,cs2-kills-202609252031,2026-09-25T21:56:13+00:00,14.5,14.725664519717526,0.48370347594371144,0.5162965240562886,-0.13984006816504058,-0.08188052179603666,UNDER,0.5162965240562886,-0.08188052179603666,0,opponent_unmapped;shrink:0.25;market_unproven;odds_type:goblin
prizepicks,15212918,cs2-kills-202609252031,2026-09-25T21:56:13+00:00,13.5,,,,,,,,,0,player_unmapped:destiny
prizepicks,15212921,cs2-kills-202609252031,2026-09-25T21:56:13+00:00,13.5,,,,,,,,,0,player_unmapped:destiny
prizepicks,15212922,cs2-kills-202609252031,2026-09-25T21:56:13+00:00,13.5,14.066396061632897,0.5114572610031288,0.4885427389968712,-0.09048608364323274,-0.1312345063178445,OVER,0.5114572610031288,-0.09048608364323274,0,opponent_unmapped;shrink:0.25;market_unproven;odds_type:goblin
prizepicks,15212923,cs2-kills-202609252031,2026-09-25T21:56:13+00:00,13.5,14.106581397442593,0.5146042883992176,0.48539571160078243,-0.08488978962193972,-0.13683080033913753,OVER,0.5146042883992176,-0.08488978962193972,0,opponent_unmapped;shrink:0.25;market_unproven;odds_type:goblin
prizepicks,15212905,cs2-kills-202609252031,2026-09-25T21:56:13+00:00,11.5,13.0027753908958,0.5946460649001292,0.40535393509987083,0.05744685347256867,-0.2791674434336459,OVER,0.5946460649001292,0.05744685347256867,0,opponent_unmapped;shrink:0.25;market_unproven;odds_type:goblin
prizepicks,15212907,cs2-kills-202609252031,2026-09-25T21:56:13+00:00,11.5,13.035295814449025,0.5972163931807762,0.40278360681922376,0.06201761533108413,-0.28373820529216137,OVER,0.5972163931807762,0.06201761533108413,0,opponent_unmapped;shrink:0.25;market_unproven;odds_type:goblin
prizepicks,15212904,cs2-headshots-202609252032,2026-09-25T21:56:13+00:00,7.5,7.672197775950268,0.4799165877587165,0.5200834122412835,-0.14657421345253674,-0.0751463765085405,UNDER,0.5200834122412835,-0.0751463765085405,0,opponent_unmapped;shrink:0.25
prizepicks,15212906,cs2-headshots-202609252032,2026-09-25T21:56:13+00:00,7.5,7.673374920359614,0.48005467821723896,0.519945321782761,-0.14632865003342332,-0.07539193992765392,UNDER,0.519945321782761,-0.07539193992765392,0,opponent_unmapped;shrink:0.25
prizepicks,15212980,cs2-kills-202609252031,2026-09-25T21:56:13+00:00,16.5,14.994129203306683,0.3588570087697356,0.6411429912302644,-0.36185197015662207,0.14013138019554483,UNDER,0.6411429912302644,0.14013138019554483,0,shrink:0.25;market_unproven;odds_type:demon
prizepicks,15212953,cs2-kills-202609252031,2026-09-25T21:56:13+00:00,15.5,16.177977702438746,0.5154195822815963,0.48458041771840366,-0.08343996929777486,-0.13828062066330238,OVER,0.5154195822815963,-0.08343996929777486,0,shrink:0.25;market_unproven;odds_type:demon
prizepicks,15212960,cs2-kills-202609252031,2026-09-25T21:56:13+00:00,15.5,14.368039859546943,0.38172430724637074,0.6182756927536293,-0.32118752411240736,0.09946693415133012,UNDER,0.6182756927536293,0.09946693415133012,0,shrink:0.25;market_unproven;odds_type:demon
prizepicks,15212968,cs2-kills-202609252031,2026-09-25T21:56:13+00:00,15.5,,,,,,,,,0,player_unmapped:bsd
prizepicks,15212974,cs2-kills-202609252031,2026-09-25T21:56:13+00:00,15.5,14.463671272678237,0.38898839530977836,0.6110116046902216,-0.30826994587654005,0.08654935591546281,UNDER,0.6110116046902216,0.08654935591546281,0,shrink:0.25;market_unproven;odds_type:demon
prizepicks,15212979,cs2-kills-202609252031,2026-09-25T21:56:13+00:00,15.5,14.744129203306683,0.41022966106383,0.5897703389361699,-0.270497040342945,0.048776450381867786,UNDER,0.5897703389361699,0.048776450381867786,0,shrink:0.25;market_unproven
prizepicks,15212997,cs2-kills-202609252031,2026-09-25T21:56:13+00:00,15.5,15.132124109148805,0.43936863549297195,0.560631364507028,-0.21867980208595128,-0.0030407878751260164,UNDER,0.560631364507028,-0.0030407878751260164,0,shrink:0.25;market_unproven;odds_type:demon
prizepicks,15212959,cs2-kills-202609252031,2026-09-25T21:56:13+00:00,14.5,14.118039859546943,0.43661476722891074,0.5633852327710893,-0.22357694931789107,0.0018563593568138859,UNDER,0.5633852327710893,0.0018563593568138859,0,shrink:0.25;market_unproven
prizepicks,15212967,cs2-kills-202609252031,2026-09-25T21:56:13+00:00,14.5,,,,,,,,,0,player_unmapped:bsd
prizepicks,15212973,cs2-kills-202609252031,2026-09-25T21:56:13+00:00,14.5,14.213671272678237,0.4441168573603261,0.555883142639674,-0.21023613690493897,-0.01148445305613821,UNDER,0.555883142639674,-0.01148445305613821,0,shrink:0.25;market_unproven
prizepicks,15212981,cs2-kills-202609252031,2026-09-25T21:56:13+00:00,14.5,14.494129203306683,0.46593296085535735,0.5340670391446427,-0.1714410092524467,-0.05027958070863048,UNDER,0.5340670391446427,-0.05027958070863048,0,shrink:0.25;market_unproven;odds_type:goblin
prizepicks,15212996,cs2-kills-202609252031,2026-09-25T21:56:13+00:00,14.5,14.882124109148805,0.49557234818973145,0.5044276518102686,-0.11873389702956083,-0.10298669293151641,UNDER,0.5044276518102686,-0.10298669293151641,0,shrink:0.25;market_unproven
prizepicks,15212961,cs2-kills-202609252031,2026-09-25T21:56:13+00:00,13.5,13.868039859546943,0.49578243476400297,0.504217565235997,-0.11836030440020812,-0.10336028556086913,UNDER,0.504217565235997,-0.10336028556086913,0,shrink:0.25;market_unproven;odds_type:goblin
prizepicks,15212969,cs2-kills-202609252031,2026-09-25T21:56:13+00:00,13.5,,,,,,,,,0,player_unmapped:bsd
prizepicks,15212975,cs2-kills-202609252031,2026-09-25T21:56:13+00:00,13.5,13.963671272678237,0.503368300542629,0.49663169945737096,-0.10487051547875847,-0.11685007448231877,OVER,0.503368300542629,-0.10487051547875847,0,shrink:0.25;market_unproven;odds_type:goblin
prizepicks,15212992,cs2-kills-202609252031,2026-09-25T21:56:13+00:00,13.5,13.828296509106885,0.4926146193657914,0.5073853806342086,-0.12399356529765199,-0.09772702466342531,UNDER,0.5073853806342086,-0.09772702466342531,0,shrink:0.25;market_unproven;odds_type:demon
prizepicks,15212998,cs2-kills-202609252031,2026-09-25T21:56:13+00:00,13.5,14.632124109148805,0.5547942004941531,0.44520579950584693,-0.013420896452241649,-0.2082996935088356,OVER,0.5547942004941531,-0.013420896452241649,0,shrink:0.25;market_unproven;odds_type:goblin
prizepicks,15212991,cs2-kills-202609252031,2026-09-25T21:56:13+00:00,12.5,13.578296509106885,0.5551866168684727,0.4448133831315273,-0.01272307049362692,-0.20899751946745032,OVER,0.5551866168684727,-0.01272307049362692,0,shrink:0.25;market_unproven
prizepicks,15212993,cs2-kills-202609252031,2026-09-25T21:56:13+00:00,11.5,13.328296509106885,0.6198893285232705,0.3801106714767295,0.10233642941578541,-0.32405701937686265,OVER,0.6198893285232705,0.10233642941578541,0,shrink:0.25;market_unproven;odds_type:goblin
prizepicks,15212952,cs2-headshots-202609252032,2026-09-25T21:56:13+00:00,7.5,9.145983579703246,0.636703228908248,0.36329677109175196,0.13223624227283653,-0.3539568322339138,OVER,0.636703228908248,0.13223624227283653,1,shrink:0.25
prizepicks,15212958,cs2-headshots-202609252032,2026-09-25T21:56:13+00:00,7.5,7.312308266149762,0.4369771061262306,0.5630228938737694,-0.2229326095173309,0.0012120195562536074,UNDER,0.5630228938737694,0.0012120195562536074,0,shrink:0.25
prizepicks,15212966,cs2-headshots-202609252032,2026-09-25T21:56:13+00:00,4.5,,,,,,,,,0,player_unmapped:bsd
prizepicks,15215017,cs2-kills-202609252031,2026-09-25T21:56:13+00:00,25.5,26.663071205344828,0.5394587930876135,0.46054120691238654,-0.040691535687849445,-0.1810290542732278,OVER,0.5394587930876135,-0.040691535687849445,0,opponent_unmapped;shrink:0.25;market_unproven
prizepicks,15215022,cs2-headshots-202609252032,2026-09-25T21:56:13+00:00,14.5,15.220572696309883,0.5282429228889224,0.4717570771110776,-0.060636486727850936,-0.1610841032332263,OVER,0.5282429228889224,-0.060636486727850936,0,opponent_unmapped;shrink:0.25
prizepicks,15215018,cs2-kills-202609252031,2026-09-25T21:56:13+00:00,28.5,28.54797745907549,0.47517152460273776,0.5248284753972623,-0.1550122615621481,-0.0667083283989291,UNDER,0.5248284753972623,-0.0667083283989291,0,opponent_unmapped;shrink:0.25;market_unproven
prizepicks,15215019,cs2-kills-202609252031,2026-09-25T21:56:13+00:00,31.5,30.040546074553237,0.3973056248130803,0.6026943751869196,-0.29347958790224987,0.07175899794117263,UNDER,0.6026943751869196,0.07175899794117263,0,opponent_unmapped;shrink:0.25;market_unproven
prizepicks,15215024,cs2-headshots-202609252032,2026-09-25T21:56:13+00:00,16.5,16.725628732628167,0.4859007052194453,0.5140992947805547,-0.13593278058486835,-0.08578780937620889,UNDER,0.5140992947805547,-0.08578780937620889,0,opponent_unmapped;shrink:0.25
prizepicks,15215020,cs2-kills-202609252031,2026-09-25T21:56:13+00:00,31.5,30.358558410400086,0.4135780916230153,0.5864219083769847,-0.26454259522360085,0.04282200526252361,UNDER,0.5864219083769847,0.04282200526252361,0,opponent_unmapped;shrink:0.25;market_unproven
prizepicks,15215025,cs2-headshots-202609252032,2026-09-25T21:56:13+00:00,15.5,16.173351792206905,0.5213983588486432,0.47860164115135684,-0.07280803403137232,-0.14891255592970493,OVER,0.5213983588486432,-0.07280803403137232,0,opponent_unmapped;shrink:0.25
prizepicks,15215021,cs2-kills-202609252031,2026-09-25T21:56:13+00:00,29.5,,,,,,,,,0,player_unmapped:destiny
prizepicks,15215026,cs2-headshots-202609252032,2026-09-25T21:56:13+00:00,14.5,,,,,,,,,0,player_unmapped:destiny
prizepicks,15215272,cs2-kills-202609252031,2026-09-25T21:56:13+00:00,29.5,28.338609686351628,0.4097330432824678,0.5902669567175323,-0.2713801655182008,0.049659575557123636,UNDER,0.5902669567175323,0.049659575557123636,0,shrink:0.25;market_unproven
prizepicks,15215280,cs2-headshots-202609252032,2026-09-25T21:56:13+00:00,15.5,14.744158998584869,0.40344278792689003,0.5965572120731099,-0.2825659971009116,0.06084540713983444,UNDER,0.5965572120731099,0.06084540713983444,0,shrink:0.25
prizepicks,15215273,cs2-kills-202609252031,2026-09-25T21:56:13+00:00,29.5,28.524404132899498,0.42026829515820746,0.5797317048417925,-0.25264554402799894,0.03092495406692164,UNDER,0.5797317048417925,0.03092495406692164,0,shrink:0.25;market_unproven
prizepicks,15215281,cs2-headshots-202609252032,2026-09-25T21:56:13+00:00,15.5,15.85541249615867,0.4940659686095025,0.5059340313904974,-0.12141266082078483,-0.1003079291402924,UNDER,0.5059340313904974,-0.1003079291402924,0,shrink:0.25
prizepicks,15215274,cs2-kills-202609252031,2026-09-25T21:56:13+00:00,24.5,26.992871834734245,0.6134003371628559,0.3865996628371441,0.09079718968763972,-0.31251777964871696,OVER,0.6134003371628559,0.09079718968763972,0,shrink:0.25;market_unproven
prizepicks,15215282,cs2-headshots-202609252032,2026-09-25T21:56:13+00:00,13.5,14.920993632074289,0.585452182876787,0.414547817123213,0.04109756237213236,-0.2628181523332096,OVER,0.585452182876787,0.04109756237213236,0,shrink:0.25
prizepicks,15215275,cs2-kills-202609252031,2026-09-25T21:56:13+00:00,30.5,30.1120584648293,0.4517782173498075,0.5482217826501925,-0.1966120981827481,-0.025108491778329134,UNDER,0.5482217826501925,-0.025108491778329134,0,shrink:0.25;market_unproven
prizepicks,15215283,cs2-headshots-202609252032,2026-09-25T21:56:13+00:00,16.5,16.868555892629317,0.49700740417546135,0.5029925958245387,-0.1161819665178842,-0.10553862344319298,UNDER,0.5029925958245387,-0.10553862344319298,0,shrink:0.25
prizepicks,15215276,cs2-kills-202609252031,2026-09-25T21:56:13+00:00,29.5,31.898442036178807,0.5935212274625011,0.40647877253749887,0.0554465782175938,-0.27716716817867104,OVER,0.5935212274625011,0.0554465782175938,0,shrink:0.25;market_unproven
prizepicks,15215284,cs2-headshots-202609252032,2026-09-25T21:56:13+00:00,15.5,18.415140918908108,0.6775234880485813,0.3224765119514187,0.20482606861454433,-0.4265466585756216,OVER,0.6775234880485813,0.20482606861454433,1,shrink:0.25
prizepicks,15215277,cs2-kills-202609252031,2026-09-25T21:56:13+00:00,31.5,29.54946673400863,0.37404810882885714,0.6259518911711428,-0.3348379497056451,0.11311735974456782,UNDER,0.6259518911711428,0.11311735974456782,0,shrink:0.25;market_unproven
prizepicks,15215285,cs2-headshots-202609252032,2026-09-25T21:56:13+00:00,14.5,14.83573195689846,0.495688836148083,0.504311163851917,-0.11852674889170667,-0.10319384106937057,UNDER,0.504311163851917,-0.10319384106937057,0,shrink:0.25
prizepicks,15215278,cs2-kills-202609252031,2026-09-25T21:56:13+00:00,29.5,,,,,,,,,0,player_unmapped:bsd
prizepicks,15215286,cs2-headshots-202609252032,2026-09-25T21:56:13+00:00,10.5,,,,,,,,,0,player_unmapped:bsd
prizepicks,15215279,cs2-kills-202609252031,2026-09-25T21:56:13+00:00,26.5,26.46372717568341,0.4695874401168621,0.5304125598831378,-0.16494232402729847,-0.056778265933778715,UNDER,0.5304125598831378,-0.056778265933778715,0,shrink:0.25;market_unproven
prizepicks,15215287,cs2-headshots-202609252032,2026-09-25T21:56:13+00:00,13.5,15.153829514059591,0.6032225614864886,0.39677743851351144,0.07269826076236069,-0.29441885072343793,OVER,0.6032225614864886,0.07269826076236069,1,shrink:0.25
prizepicks,15229269,cs2-kills-202609252031,2026-09-25T22:26:53+00:00,29.5,29.0542545494598,0.44666677807753147,0.5533332219224685,-0.20570166539630086,-0.016018924564776438,UNDER,0.5533332219224685,-0.016018924564776438,0,shrink:0.25;market_unproven
prizepicks,15229270,cs2-kills-202609252031,2026-09-25T22:26:53+00:00,32.5,30.24428989234528,0.3609069130656554,0.6390930869343445,-0.3582066675546374,0.13648607759356013,UNDER,0.6390930869343445,0.13648607759356013,0,shrink:0.25;market_unproven
prizepicks,15229271,cs2-kills-202609252031,2026-09-25T22:26:53+00:00,31.5,30.692665813146572,0.43012078795554576,0.5698792120444541,-0.23512505894893537,0.013404468987858187,UNDER,0.5698792120444541,0.013404468987858187,0,shrink:0.25;market_unproven
prizepicks,15229272,cs2-kills-202609252031,2026-09-25T22:26:53+00:00,28.5,27.258784605395483,0.4038872929185709,0.5961127070814292,-0.2817755430265462,0.06005495306546904,UNDER,0.5961127070814292,0.06005495306546904,0,shrink:0.25;market_unproven
prizepicks,15229273,cs2-kills-202609252031,2026-09-25T22:26:53+00:00,27.5,27.363136384711026,0.4633704904341637,0.5366295095658363,-0.17599779764128914,-0.0457227923197881,UNDER,0.5366295095658363,-0.0457227923197881,0,shrink:0.25;market_unproven
prizepicks,15229274,cs2-headshots-202609252032,2026-09-25T22:26:53+00:00,15.0,14.55615111880076,0.3882870885341841,0.529912911465816,-0.22771706527570024,0.024133219573439113,UNDER,0.529912911465816,0.024133219573439113,0,shrink:0.25
prizepicks,15229275,cs2-headshots-202609252032,2026-09-25T22:26:53+00:00,21.0,19.13975577258192,0.31264156016118194,0.625258439838818,-0.381935950842925,0.17398420951843063,UNDER,0.625258439838818,0.17398420951843063,1,shrink:0.25
prizepicks,15229276,cs2-headshots-202609252032,2026-09-25T22:26:53+00:00,10.5,10.981186431581662,0.5156687743081398,0.4843312256918601,-0.08299683624782661,-0.13872375371325063,OVER,0.5156687743081398,-0.08299683624782661,0,shrink:0.25
prizepicks,15229277,cs2-headshots-202609252032,2026-09-25T22:26:53+00:00,17.0,16.09227773792692,0.3599140866928267,0.5671359133071733,-0.2870221902511824,0.08147611732776572,UNDER,0.5671359133071733,0.08147611732776572,0,shrink:0.25
prizepicks,15229278,cs2-headshots-202609252032,2026-09-25T22:26:53+00:00,15.5,16.33255512476962,0.5343771482977347,0.46562285170226525,-0.049728119986822306,-0.17199246997425494,OVER,0.5343771482977347,-0.049728119986822306,0,shrink:0.25
prizepicks,15200501,cs2-kills-202609252031,2026-09-25T22:56:21+00:00,16.0,15.036688925517579,0.3619418965528392,0.571286626128553,-0.28959470041104046,0.08267872179361768,UNDER,0.571286626128553,0.08267872179361768,0,shrink:0.25;market_unproven;voidable
prizepicks,15200502,cs2-kills-202609252031,2026-09-25T22:56:21+00:00,16.0,14.827735872519936,0.3468027131865268,0.5869094873500224,-0.31700007633131455,0.10997685637449522,UNDER,0.5869094873500224,0.10997685637449522,0,shrink:0.25;market_unproven;voidable
prizepicks,15200503,cs2-kills-202609252031,2026-09-25T22:56:21+00:00,14.5,13.75808693995041,0.40814743566223904,0.591852564337761,-0.2741998189016544,0.052479228940577216,UNDER,0.591852564337761,0.052479228940577216,0,shrink:0.25;market_unproven;voidable
prizepicks,15200504,cs2-kills-202609252031,2026-09-25T22:56:21+00:00,12.5,,,,,,,,,0,player_unmapped:s1n
prizepicks,15200505,cs2-kills-202609252031,2026-09-25T22:56:21+00:00,13.5,13.430487401070478,0.4604549216696778,0.5395450783303222,-0.18118249354372695,-0.040538096417350344,UNDER,0.5395450783303222,-0.040538096417350344,0,shrink:0.25;market_unproven;voidable
prizepicks,15200506,cs2-kills-202609252031,2026-09-25T22:56:21+00:00,12.0,14.132256332869218,0.5976404493306502,0.32546957134125887,0.1396616849791963,-0.34433418336155414,OVER,0.5976404493306502,0.1396616849791963,0,shrink:0.25;market_unproven;voidable
prizepicks,15200507,cs2-kills-202609252031,2026-09-25T22:56:21+00:00,12.0,13.975389342062659,0.5858859766995465,0.3363349957945799,0.11964799650122115,-0.3241233745970972,OVER,0.5858859766995465,0.11964799650122115,0,shrink:0.25;market_unproven;voidable
prizepicks,15200508,cs2-kills-202609252031,2026-09-25T22:56:21+00:00,12.5,14.095877293546497,0.5949338006206945,0.40506619937930555,0.05795852797998263,-0.2796791179410599,OVER,0.5949338006206945,0.05795852797998263,0,shrink:0.25;market_unproven;voidable
prizepicks,15200509,cs2-kills-202609252031,2026-09-25T22:56:21+00:00,12.5,14.382447655474348,0.615933326331169,0.38406667366883096,0.09530155217150255,-0.3170221421325798,OVER,0.615933326331169,0.09530155217150255,0,shrink:0.25;market_unproven;voidable
prizepicks,15200510,cs2-kills-202609252031,2026-09-25T22:56:21+00:00,12.0,13.856651700184635,0.5768459858289401,0.34473152119617034,0.10421583233809795,-0.3085485408905642,OVER,0.5768459858289401,0.10421583233809795,0,shrink:0.25;market_unproven;voidable
prizepicks,15200511,cs2-headshots-202609252032,2026-09-25T22:56:21+00:00,5.5,5.3923588754800935,0.44108973406916796,0.558910265930832,-0.21561920792525469,-0.006101382035822556,UNDER,0.558910265930832,-0.006101382035822556,0,shrink:0.25;voidable
prizepicks,15200512,cs2-headshots-202609252032,2026-09-25T22:56:21+00:00,7.5,7.483461183618955,0.45756845600612245,0.5424315439938776,-0.18631543600101186,-0.03540515396006533,UNDER,0.5424315439938776,-0.03540515396006533,0,shrink:0.25;voidable
prizepicks,15200513,cs2-headshots-202609252032,2026-09-25T22:56:21+00:00,8.5,8.231153193168199,0.43064524233029633,0.5693547576697037,-0.2341924325328117,0.012471842571734448,UNDER,0.5693547576697037,0.012471842571734448,0,shrink:0.25;voidable
prizepicks,15200514,cs2-headshots-202609252032,2026-09-25T22:56:21+00:00,7.0,,,,,,,,,0,player_unmapped:s1n
prizepicks,15200515,cs2-headshots-202609252032,2026-09-25T22:56:21+00:00,6.5,6.628526512621726,0.4752055441573219,0.524794455842678,-0.15495176528869226,-0.06676882467238499,UNDER,0.524794455842678,-0.06676882467238499,0,shrink:0.25;voidable
prizepicks,15200516,cs2-headshots-202609252032,2026-09-25T22:56:21+00:00,7.0,8.158172181563708,0.5353714955851622,0.3495221324308501,0.06714647930482565,-0.2633456165613338,OVER,0.5353714955851622,0.06714647930482565,0,shrink:0.25;voidable
prizepicks,15200517,cs2-headshots-202609252032,2026-09-25T22:56:21+00:00,7.0,8.184868621757978,0.538320291735444,0.3468526865277011,0.07211091253614105,-0.2683719874942495,OVER,0.538320291735444,0.07211091253614105,0,shrink:0.25;voidable
prizepicks,15200518,cs2-headshots-202609252032,2026-09-25T22:56:21+00:00,7.5,8.377890345863554,0.5593122482798032,0.4406877517201968,-0.0053865451014480925,-0.21633404485962915,OVER,0.5593122482798032,-0.0053865451014480925,0,shrink:0.25;voidable
prizepicks,15200519,cs2-headshots-202609252032,2026-09-25T22:56:21+00:00,4.5,5.121541506396294,0.5531077715879168,0.4468922284120832,-0.01641983825269605,-0.2053007517083812,OVER,0.5531077715879168,-0.01641983825269605,0,shrink:0.25;voidable
prizepicks,15200520,cs2-headshots-202609252032,2026-09-25T22:56:21+00:00,6.0,7.008759108932771,0.5232996629853395,0.34906211579663426,0.058211237185162856,-0.25163180543619684,OVER,0.5232996629853395,0.058211237185162856,0,shrink:0.25;voidable
prizepicks,15198633,cs2-kills-202609252031,2026-09-25T22:56:21+00:00,16.0,15.003433300690684,0.35953137248849104,0.5737673635884815,-0.29395149911765445,0.08701995274474045,UNDER,0.5737673635884815,0.08701995274474045,0,shrink:0.25;market_unproven;voidable
prizepicks,15198643,cs2-headshots-202609252032,2026-09-25T22:56:21+00:00,9.0,8.448172194435276,0.3515562701193554,0.5467108424734968,-0.27310183596952065,0.07393752182280006,UNDER,0.5467108424734968,0.07393752182280006,0,shrink:0.25;voidable
prizepicks,15198634,cs2-kills-202609252031,2026-09-25T22:56:21+00:00,15.0,,,,,,,,,0,player_unmapped:koala
prizepicks,15198644,cs2-headshots-202609252032,2026-09-25T22:56:21+00:00,7.0,,,,,,,,,0,player_unmapped:koala
prizepicks,15198635,cs2-kills-202609252031,2026-09-25T22:56:21+00:00,14.5,13.737882526478293,0.40654066198103767,0.5934593380189623,-0.27705711145552725,0.05533652149445001,UNDER,0.5934593380189623,0.05533652149445001,0,shrink:0.25;market_unproven;voidable
prizepicks,15198645,cs2-headshots-202609252032,2026-09-25T22:56:21+00:00,5.0,5.016275811839947,0.38444467575019836,0.4648773878327812,-0.16567201239731189,-0.022640176607265916,UNDER,0.4648773878327812,-0.022640176607265916,0,shrink:0.25;voidable
prizepicks,15198636,cs2-kills-202609252031,2026-09-25T22:56:21+00:00,14.5,13.78639062758485,0.41039696565474937,0.5896030343452506,-0.2701995260337082,0.048478936072630985,UNDER,0.5896030343452506,0.048478936072630985,0,shrink:0.25;market_unproven;voidable
prizepicks,15198646,cs2-headshots-202609252032,2026-09-25T22:56:21+00:00,8.0,8.170888980866527,0.42390762272877514,0.4648066650850405,-0.1348880905566871,-0.06215816564423071,UNDER,0.4648066650850405,-0.06215816564423071,0,shrink:0.25;voidable
prizepicks,15198637,cs2-kills-202609252031,2026-09-25T22:56:21+00:00,13.0,12.149590548747799,0.3532940732901007,0.5687902296748678,-0.2938287267444003,0.0893836510971589,UNDER,0.5687902296748678,0.0893836510971589,0,shrink:0.25;market_unproven;voidable
prizepicks,15198647,cs2-headshots-202609252032,2026-09-25T22:56:21+00:00,6.5,6.466824352706095,0.45408308419447496,0.545916915805525,-0.19251340092999458,-0.02920718903108266,UNDER,0.545916915805525,-0.02920718903108266,0,shrink:0.25;voidable
prizepicks,15198638,cs2-kills-202609252031,2026-09-25T22:56:21+00:00,13.5,15.487200037967431,0.6158791832996198,0.38412081670038023,0.09520527073330143,-0.31692586069437867,OVER,0.6158791832996198,0.09520527073330143,0,shrink:0.25;market_unproven;voidable
prizepicks,15198648,cs2-headshots-202609252032,2026-09-25T22:56:21+00:00,4.5,5.592251023295056,0.6195386180374192,0.38046138196258084,0.10171276817991126,-0.3234333581409885,OVER,0.6195386180374192,0.10171276817991126,0,shrink:0.25;voidable
prizepicks,15198639,cs2-kills-202609252031,2026-09-25T22:56:21+00:00,13.5,15.060176946916915,0.5860805914379547,0.41391940856204534,0.042215048377548914,-0.26393563833862616,OVER,0.5860805914379547,0.042215048377548914,0,shrink:0.25;market_unproven;voidable
prizepicks,15198649,cs2-headshots-202609252032,2026-09-25T22:56:21+00:00,7.0,8.226810055305073,0.5429310247135369,0.34268968011599427,0.07986235748988507,-0.2762227026464338,OVER,0.5429310247135369,0.07986235748988507,0,shrink:0.25;voidable
prizepicks,15198640,cs2-kills-202609252031,2026-09-25T22:56:21+00:00,13.0,14.193295095164844,0.5213609410538779,0.4015494774510209,0.004215008169728751,-0.2088432506418596,OVER,0.5213609410538779,0.004215008169728751,0,shrink:0.25;market_unproven;voidable
prizepicks,15198650,cs2-headshots-202609252032,2026-09-25T22:56:21+00:00,6.5,7.886013219761149,0.6239480943245275,0.37605190567547253,0.10955404907033084,-0.3312746390314081,OVER,0.6239480943245275,0.10955404907033084,0,shrink:0.25;voidable
prizepicks,15198641,cs2-kills-202609252031,2026-09-25T22:56:21+00:00,13.0,15.089532585528419,0.5881752605911863,0.3384348492451799,0.1193298455672182,-0.3247783857840359,OVER,0.5881752605911863,0.1193298455672182,0,shrink:0.25;market_unproven;voidable
prizepicks,15198651,cs2-headshots-202609252032,2026-09-25T22:56:21+00:00,7.5,8.419601317505467,0.5637708095009014,0.4362291904990986,0.0025420225164288768,-0.22426261247750612,OVER,0.5637708095009014,0.0025420225164288768,0,shrink:0.25;voidable
prizepicks,15198642,cs2-kills-202609252031,2026-09-25T22:56:21+00:00,12.5,14.486195009401568,0.6233517910452285,0.37664820895477147,0.10849365522661486,-0.3302142451876921,OVER,0.6233517910452285,0.10849365522661486,0,shrink:0.25;market_unproven;voidable
prizepicks,15198652,cs2-headshots-202609252032,2026-09-25T22:56:21+00:00,7.0,8.262423285604743,0.5468247756718706,0.33918438716669846,0.08639807663787125,-0.2828445509333591,OVER,0.5468247756718706,0.08639807663787125,0,shrink:0.25;voidable
prizepicks,15194650,cs2-kills-202609252308,2026-09-25T23:42:16+00:00,16.5,14.882598505752998,0.34979581458784625,0.6502041854121537,-0.37796530520064037,0.15624471523956307,UNDER,0.6502041854121537,0.15624471523956307,0,shrink:0.25;market_unproven;voidable
prizepicks,15194651,cs2-kills-202609252308,2026-09-25T23:42:16+00:00,16.0,14.722836357288482,0.3383962243281247,0.5961059493324806,-0.3327391355029888,0.1255407622390503,UNDER,0.5961059493324806,0.1255407622390503,0,shrink:0.25;market_unproven;voidable
prizepicks,15194652,cs2-kills-202609252308,2026-09-25T23:42:16+00:00,14.0,13.84588144079612,0.4131980063166248,0.5124913687836703,-0.19090786819830846,-0.014336526169629882,UNDER,0.5124913687836703,-0.014336526169629882,0,shrink:0.25;market_unproven;voidable
prizepicks,15194653,cs2-kills-202609252308,2026-09-25T23:42:16+00:00,14.0,13.875544127841174,0.4155171897579064,0.5101611637978241,-0.18677269049200956,-0.01846926017256567,UNDER,0.5101611637978241,-0.01846926017256567,0,shrink:0.25;market_unproven;voidable
prizepicks,15194654,cs2-kills-202609252308,2026-09-25T23:42:16+00:00,12.5,12.546005561751928,0.4671256721838625,0.5328743278161375,-0.1693200352548458,-0.05240055470623145,UNDER,0.5328743278161375,-0.05240055470623145,0,shrink:0.25;market_unproven;voidable
prizepicks,15194655,cs2-kills-202609252308,2026-09-25T23:42:16+00:00,15.0,15.361861414035534,0.45393810854492195,0.47562473732391114,-0.12233405401138481,-0.08376916858055078,UNDER,0.47562473732391114,-0.08376916858055078,0,shrink:0.25;market_unproven;voidable
prizepicks,15194656,cs2-kills-202609252308,2026-09-25T23:42:16+00:00,14.0,14.635504696014138,0.47404413995710243,0.4521194926362009,-0.08318069905797865,-0.122168847961103,OVER,0.47404413995710243,-0.08318069905797865,0,shrink:0.25;market_unproven;voidable
prizepicks,15194657,cs2-kills-202609252308,2026-09-25T23:42:16+00:00,14.0,15.090424655321584,0.5079645344532254,0.4191276748949245,-0.02378933669997213,-0.18176609490501827,OVER,0.5079645344532254,-0.02378933669997213,0,shrink:0.25;market_unproven;voidable
prizepicks,15194658,cs2-kills-202609252308,2026-09-25T23:42:16+00:00,13.5,13.762960335432515,0.48448861098470886,0.5155113890152911,-0.13844387868753477,-0.08327671127354247,UNDER,0.5155113890152911,-0.08327671127354247,0,shrink:0.25;market_unproven;voidable
prizepicks,15194659,cs2-kills-202609252308,2026-09-25T23:42:16+00:00,13.5,13.950085924662925,0.4992031411831176,0.5007968588168824,-0.1122773326073086,-0.10944325735376864,UNDER,0.5007968588168824,-0.10944325735376864,0,shrink:0.25;market_unproven;voidable
prizepicks,15194660,cs2-headshots-202609252032,2026-09-25T23:42:16+00:00,10.0,8.968018058881633,0.3126699202300215,0.5949648808498194,-0.35162031979628117,0.15037899623165396,UNDER,0.5949648808498194,0.15037899623165396,0,shrink:0.25;voidable
prizepicks,15194661,cs2-headshots-202609252032,2026-09-25T23:42:16+00:00,8.0,7.761647443568506,0.37763923263328225,0.5112073060448268,-0.21729846686344434,0.020222887922872634,UNDER,0.5112073060448268,0.020222887922872634,0,shrink:0.25;voidable
prizepicks,15194662,cs2-headshots-202609252032,2026-09-25T23:42:16+00:00,7.5,7.686466406994504,0.4815893054163182,0.5184106945836817,-0.14359965408321496,-0.07812093587786229,UNDER,0.5184106945836817,-0.07812093587786229,0,shrink:0.25;voidable
prizepicks,15194663,cs2-headshots-202609252032,2026-09-25T23:42:16+00:00,5.0,5.440236265738388,0.44816658480852095,0.40314988289761816,-0.054351057673683645,-0.13440333178970199,OVER,0.44816658480852095,-0.054351057673683645,0,shrink:0.25;voidable
prizepicks,15194664,cs2-headshots-202609252032,2026-09-25T23:42:16+00:00,6.0,6.2897788502939465,0.4305735246993405,0.4356113583906014,-0.10050484960921913,-0.09154617368484952,UNDER,0.4356113583906014,-0.09154617368484952,0,shrink:0.25;voidable
prizepicks,15194665,cs2-headshots-202609252032,2026-09-25T23:42:16+00:00,8.0,8.420139142106635,0.45160498315228825,0.4377297002988001,-0.08625484044039955,-0.11092897024722365,OVER,0.45160498315228825,-0.08625484044039955,0,shrink:0.25;voidable
prizepicks,15194666,cs2-headshots-202609252032,2026-09-25T23:42:16+00:00,7.5,8.19265562320823,0.539178374698318,0.460821625301682,-0.041190197935729866,-0.18053039202534737,OVER,0.539178374698318,-0.041190197935729866,0,shrink:0.25;voidable
prizepicks,15194667,cs2-headshots-202609252032,2026-09-25T23:42:16+00:00,4.5,5.09893210123113,0.5497321490550572,0.4502678509449428,-0.022422638298943753,-0.1992979516621335,OVER,0.5497321490550572,-0.022422638298943753,0,shrink:0.25;voidable
prizepicks,15194668,cs2-headshots-202609252032,2026-09-25T23:42:16+00:00,7.5,7.545009439306387,0.46490029237174324,0.5350997076282568,-0.17327738235425372,-0.048443207606823524,UNDER,0.5350997076282568,-0.048443207606823524,0,shrink:0.25;voidable
prizepicks,15194669,cs2-headshots-202609252032,2026-09-25T23:42:16+00:00,8.5,8.66170004509879,0.4779597494485564,0.5220402505514437,-0.15005401872826984,-0.07166657123280734,UNDER,0.5220402505514437,-0.07166657123280734,0,shrink:0.25;voidable
prizepicks,15197784,lol-kills-202609252040,2026-09-25T23:57:13+00:00,2.5,2.627665822983133,0.439355460714639,0.560644539285361,-0.21870323052299262,-0.003017359438084677,UNDER,0.560644539285361,-0.003017359438084677,0,shrink:0.25;bo5;voidable
prizepicks,15197785,lol-kills-202609252040,2026-09-25T23:57:13+00:00,4.0,3.588012855829861,0.30484545790115936,0.5672660242863979,-0.33001108115803834,0.13664600881558364,UNDER,0.5672660242863979,0.13664600881558364,0,shrink:0.25;bo5;voidable
prizepicks,15197786,lol-kills-202609252040,2026-09-25T23:57:13+00:00,3.5,3.454881385298725,0.4127445065089943,0.5872554934910057,-0.2660249424683793,0.04430435250730208,UNDER,0.5872554934910057,0.04430435250730208,0,shrink:0.25;bo5;voidable
prizepicks,15197787,lol-kills-202609252040,2026-09-25T23:57:13+00:00,5.5,4.82199336348989,0.35020187561577704,0.649798124384223,-0.37724321523545185,0.15552262527437466,UNDER,0.649798124384223,0.15552262527437466,0,shrink:0.25;bo5;voidable
prizepicks,15197788,lol-kills-202609252040,2026-09-25T23:57:13+00:00,0.5,0.7048695079052882,0.46958669109060197,0.5304133089093981,-0.1649436560052745,-0.05677693395580269,UNDER,0.5304133089093981,-0.05677693395580269,0,shrink:0.25;bo5;voidable
prizepicks,15197789,lol-kills-202609252040,2026-09-25T23:57:13+00:00,2.5,2.0952933880162927,0.3367039230174539,0.6632960769825461,-0.40124634641873125,0.179525756457654,UNDER,0.6632960769825461,0.179525756457654,0,shrink:0.25;bo5;voidable
prizepicks,15197790,lol-kills-202609252040,2026-09-25T23:57:13+00:00,2.5,2.1737378040954396,0.3527078393441275,0.6472921606558725,-0.37278691153502175,0.1510663215739445,UNDER,0.6472921606558725,0.1510663215739445,0,shrink:0.25;bo5;voidable
prizepicks,15197791,lol-kills-202609252040,2026-09-25T23:57:13+00:00,2.5,2.440490355570646,0.4049140500454444,0.5950859499545555,-0.2799496819687162,0.05822909200763893,UNDER,0.5950859499545555,0.05822909200763893,0,shrink:0.25;bo5;voidable
prizepicks,15197792,lol-kills-202609252040,2026-09-25T23:57:13+00:00,3.5,2.7408824355718777,0.30142282110210183,0.6985771788978982,-0.46398600351828656,0.24226541355720932,UNDER,0.6985771788978982,0.24226541355720932,0,shrink:0.25;bo5;voidable
prizepicks,15197793,lol-kills-202609252040,2026-09-25T23:57:13+00:00,0.5,0.592349976800973,0.41787752261855865,0.5821224773814413,-0.25689700560934287,0.03517641564826557,UNDER,0.5821224773814413,0.03517641564826557,0,shrink:0.25;bo5;voidable
prizepicks,15215040,cs2-kills-202609252308,2026-09-25T23:57:55+00:00,12.5,12.589314102066043,0.4707982246086639,0.5292017753913361,-0.1627892108955329,-0.05893137906554441,UNDER,0.5292017753913361,-0.05893137906554441,0,opponent_unmapped;shrink:0.25;market_unproven;voidable
prizepicks,15215045,cs2-headshots-202609252032,2026-09-25T23:57:55+00:00,7.0,7.3853329660354845,0.4457974834288781,0.43330205635160457,-0.08634705395174086,-0.10856741464289915,OVER,0.4457974834288781,-0.08634705395174086,0,opponent_unmapped;shrink:0.25;voidable
prizepicks,15215041,cs2-kills-202609252308,2026-09-25T23:57:55+00:00,14.0,13.99697067327957,0.4249892410861571,0.5006685871425257,-0.16990821131710188,-0.035329188459851224,UNDER,0.5006685871425257,-0.035329188459851224,0,opponent_unmapped;shrink:0.25;market_unproven;voidable
prizepicks,15215042,cs2-kills-202609252308,2026-09-25T23:57:55+00:00,15.5,15.308443208233873,0.45004071475450175,0.5499592852454982,-0.19970186327286943,-0.022018726688207813,UNDER,0.5499592852454982,-0.022018726688207813,0,opponent_unmapped;shrink:0.25;market_unproven;voidable
prizepicks,15215047,cs2-headshots-202609252032,2026-09-25T23:57:55+00:00,8.0,8.34059503370842,0.44281618784118265,0.44626695689490214,-0.10163223546618172,-0.09549580390915291,UNDER,0.44626695689490214,-0.09549580390915291,0,opponent_unmapped;shrink:0.25;voidable
prizepicks,15215043,cs2-kills-202609252308,2026-09-25T23:57:55+00:00,15.5,15.518056150459232,0.4652791232888495,0.5347208767111504,-0.17260371513447742,-0.04911687482659988,UNDER,0.5347208767111504,-0.04911687482659988,0,opponent_unmapped;shrink:0.25;market_unproven;voidable
prizepicks,15215048,cs2-headshots-202609252032,2026-09-25T23:57:55+00:00,7.5,8.005017939868743,0.5182494826909961,0.48175051730900387,-0.0784076156672785,-0.14331297429379874,OVER,0.5182494826909961,-0.0784076156672785,0,opponent_unmapped;shrink:0.25;voidable
prizepicks,15215044,cs2-kills-202609252308,2026-09-25T23:57:55+00:00,14.5,,,,,,,,,0,player_unmapped:destiny
prizepicks,15215049,cs2-headshots-202609252032,2026-09-25T23:57:55+00:00,7.0,,,,,,,,,0,player_unmapped:destiny
prizepicks,15215529,cs2-kills-202609252308,2026-09-26T00:08:43+00:00,14.5,13.889872043417286,0.4166367088716222,0.5833632911283778,-0.2591035191472133,0.03738292918613606,UNDER,0.5833632911283778,0.03738292918613606,0,shrink:0.25;voidable
prizepicks,15215537,cs2-headshots-202609260007,2026-09-26T00:08:43+00:00,7.5,7.066191274560008,0.4059834377665475,0.5940165622334526,-0.27804801180293026,0.056327421841853076,UNDER,0.5940165622334526,0.056327421841853076,0,shrink:0.25;voidable
prizepicks,15215530,cs2-kills-202609252308,2026-09-26T00:08:43+00:00,14.5,13.98168786243794,0.4237991126576937,0.5762008873423063,-0.2463667639680575,0.024646174006980326,UNDER,0.5762008873423063,0.024646174006980326,0,shrink:0.25;voidable
prizepicks,15215538,cs2-headshots-202609260007,2026-09-26T00:08:43+00:00,7.5,7.293129575226459,0.43344512145730846,0.5665548785426915,-0.22921346513064822,0.007492875169570978,UNDER,0.5665548785426915,0.007492875169570978,0,shrink:0.25;voidable
prizepicks,15215531,cs2-kills-202609252308,2026-09-26T00:08:43+00:00,12.0,13.408851018885954,0.5381432126155631,0.38178595071254134,0.03703983131834965,-0.24100706813385714,OVER,0.5381432126155631,0.03703983131834965,0,shrink:0.25;voidable
prizepicks,15215539,cs2-headshots-202609260007,2026-09-26T00:08:43+00:00,6.5,6.824011568457437,0.4984263847253626,0.5015736152746374,-0.11365862262274906,-0.10806196733832818,UNDER,0.5015736152746374,-0.10806196733832818,0,shrink:0.25;voidable
prizepicks,15215532,cs2-kills-202609252308,2026-09-26T00:08:43+00:00,15.0,14.559877921291811,0.3946418863675684,0.5350014829460455,-0.22785982844724678,0.02173875214962867,UNDER,0.5350014829460455,0.02173875214962867,0,shrink:0.25;voidable
prizepicks,15215540,cs2-headshots-202609260007,2026-09-26T00:08:43+00:00,8.0,8.032145056314889,0.40738478414397855,0.48231742299390756,-0.16525823353149804,-0.03200706472478665,UNDER,0.48231742299390756,-0.03200706472478665,0,shrink:0.25;voidable
prizepicks,15215533,cs2-kills-202609252308,2026-09-26T00:08:43+00:00,14.5,13.202642054816494,0.36257536770126314,0.6374246322987369,-0.35523968902955233,0.13351909906847514,UNDER,0.6374246322987369,0.13351909906847514,0,shrink:0.25;voidable
prizepicks,15215541,cs2-headshots-202609260007,2026-09-26T00:08:43+00:00,7.5,7.328842636850875,0.4377288074974233,0.5622711925025767,-0.2215958744464409,-0.0001247155146362755,UNDER,0.5622711925025767,-0.0001247155146362755,0,shrink:0.25;voidable
prizepicks,15215534,cs2-kills-202609252308,2026-09-26T00:08:43+00:00,15.5,14.21883472415362,0.36910070791848476,0.6308992920815153,-0.34363581087776823,0.12191522091669105,UNDER,0.6308992920815153,0.12191522091669105,0,shrink:0.25;voidable
prizepicks,15215542,cs2-headshots-202609260007,2026-09-26T00:08:43+00:00,7.0,7.037392729354645,0.4024724395839519,0.47692726367647337,-0.1636912508401493,-0.03128977017834833,UNDER,0.47692726367647337,-0.03128977017834833,0,shrink:0.25;voidable
prizepicks,15215535,cs2-kills-202609252308,2026-09-26T00:08:43+00:00,14.5,,,,,,,,,0,player_unmapped:bsd
prizepicks,15215543,cs2-headshots-202609260007,2026-09-26T00:08:43+00:00,5.0,,,,,,,,,0,player_unmapped:bsd
prizepicks,15215536,cs2-kills-202609252308,2026-09-26T00:08:43+00:00,13.0,12.662621073257794,0.3949243561730107,0.5267050429848357,-0.2193435480525035,0.014999333945752702,UNDER,0.5267050429848357,0.014999333945752702,0,shrink:0.25;voidable
prizepicks,15215544,cs2-headshots-202609260007,2026-09-26T00:08:43+00:00,6.5,7.208087945377425,0.5452887329583781,0.4547112670416219,-0.03032427365390372,-0.19139631630717352,OVER,0.5452887329583781,-0.03032427365390372,0,shrink:0.25;voidable
prizepicks,15197722,lol-kills-202609252040,2026-09-26T00:17:19+00:00,2.5,2.5214982053858637,0.4200479969243278,0.5799520030756722,-0.2530372958413751,0.031316705880297835,UNDER,0.5799520030756722,0.031316705880297835,0,shrink:0.25;bo5;voidable
prizepicks,15197723,lol-kills-202609252040,2026-09-26T00:17:19+00:00,4.0,3.4618261584716836,0.28776771488288766,0.5853883550729116,-0.3614246677056089,0.16782798874691346,UNDER,0.5853883550729116,0.16782798874691346,0,shrink:0.25;bo5;voidable
prizepicks,15197724,lol-kills-202609252040,2026-09-26T00:17:19+00:00,3.5,3.3438685640224177,0.39636301815153596,0.603636981848464,-0.2951558059202398,0.07343521595916258,UNDER,0.603636981848464,0.07343521595916258,0,shrink:0.25;bo5;voidable
prizepicks,15197725,lol-kills-202609252040,2026-09-26T00:17:19+00:00,5.5,4.694809406096822,0.3360934153533746,0.6639065846466254,-0.40233199962743443,0.18061140966635725,UNDER,0.6639065846466254,0.18061140966635725,0,shrink:0.25;bo5;voidable
prizepicks,15197726,lol-kills-202609252040,2026-09-26T00:17:19+00:00,0.5,0.7048695079052882,0.46958669109060197,0.5304133089093981,-0.1649436560052745,-0.05677693395580269,UNDER,0.5304133089093981,-0.05677693395580269,0,shrink:0.25;bo5;voidable
prizepicks,15197727,lol-kills-202609252040,2026-09-26T00:17:19+00:00,2.5,2.041825144343062,0.3256401459267982,0.6743598540732019,-0.42092083341630465,0.19920024345522747,UNDER,0.6743598540732019,0.19920024345522747,0,shrink:0.25;bo5;voidable
prizepicks,15197728,lol-kills-202609252040,2026-09-26T00:17:19+00:00,2.5,2.1361020392326666,0.34506427933222616,0.6549357206677738,-0.3863792969235828,0.16465870696250562,UNDER,0.6549357206677738,0.16465870696250562,0,shrink:0.25;bo5;voidable
prizepicks,15197729,lol-kills-202609252040,2026-09-26T00:17:19+00:00,2.5,2.4000792940214835,0.39723606707668624,0.6027639329233138,-0.29360328099268845,0.07188269103161121,UNDER,0.6027639329233138,0.07188269103161121,0,shrink:0.25;bo5;voidable
prizepicks,15197730,lol-kills-202609252040,2026-09-26T00:17:19+00:00,3.5,2.7288702031268866,0.2994447141436707,0.7005552858563293,-0.46750363039331944,0.2457830404322422,UNDER,0.7005552858563293,0.2457830404322422,0,shrink:0.25;bo5;voidable
prizepicks,15197731,lol-kills-202609252040,2026-09-26T00:17:19+00:00,0.5,0.592349976800973,0.41787752261855865,0.5821224773814413,-0.25689700560934287,0.03517641564826557,UNDER,0.5821224773814413,0.03517641564826557,0,shrink:0.25;bo5;voidable
prizepicks,15229279,cs2-kills-202609252308,2026-09-26T00:24:48+00:00,14.5,14.267756397901193,0.4459648142071738,0.5540351857928262,-0.20694995329354915,-0.014770636667528092,UNDER,0.5540351857928262,-0.014770636667528092,0,shrink:0.25;voidable
prizepicks,15229280,cs2-kills-202609252308,2026-09-26T00:24:48+00:00,16.0,14.971808958436945,0.35616775198788797,0.5777231844763733,-0.3005251565843505,0.09346230719219156,UNDER,0.5777231844763733,0.09346230719219156,0,shrink:0.25;voidable
prizepicks,15229281,cs2-kills-202609252308,2026-09-26T00:24:48+00:00,15.5,15.374789077171405,0.45487991611950723,0.5451200838804928,-0.19109641112444808,-0.030624178836629157,UNDER,0.5451200838804928,-0.030624178836629157,0,shrink:0.25;voidable
prizepicks,15229282,cs2-kills-202609252308,2026-09-26T00:24:48+00:00,14.0,14.172082857839358,0.4385793728782232,0.48711687762419764,-0.1457795820452934,-0.05946633674086055,UNDER,0.48711687762419764,-0.05946633674086055,0,shrink:0.25;voidable
prizepicks,15229283,cs2-kills-202609252308,2026-09-26T00:24:48+00:00,13.5,13.617542411062303,0.47292804013230694,0.5270719598676931,-0.15900180380265722,-0.06271878615842003,UNDER,0.5270719598676931,-0.06271878615842003,0,shrink:0.25;voidable
prizepicks,15229284,cs2-headshots-202609260007,2026-09-26T00:24:48+00:00,7.5,7.297853686141927,0.43401241384180744,0.5659875861581926,-0.22820466076382184,0.0064840708027446015,UNDER,0.5659875861581926,0.0064840708027446015,0,shrink:0.25;voidable
prizepicks,15229285,cs2-headshots-202609260007,2026-09-26T00:24:48+00:00,10.5,9.638462631102868,0.3778712301450349,0.6221287698549651,-0.3280393717870054,0.10631878182592813,UNDER,0.6221287698549651,0.10631878182592813,0,shrink:0.25;voidable
prizepicks,15229286,cs2-headshots-202609260007,2026-09-26T00:24:48+00:00,5.0,5.505666441073711,0.45637856051692466,0.39657820752321604,-0.041388170689691084,-0.14772990713146256,OVER,0.45637856051692466,-0.041388170689691084,0,shrink:0.25;voidable
prizepicks,15229287,cs2-headshots-202609260007,2026-09-26T00:24:48+00:00,8.5,8.361620590878633,0.4438317175263067,0.5561682824736933,-0.21074319520075757,-0.01097739476031967,UNDER,0.5561682824736933,-0.01097739476031967,0,shrink:0.25;voidable
prizepicks,15229288,cs2-headshots-202609260007,2026-09-26T00:24:48+00:00,7.5,7.951552071959755,0.5102237767790233,0.4897762232209767,-0.0926795632415674,-0.12904102671950984,OVER,0.5102237767790233,-0.0926795632415674,0,shrink:0.25;voidable
prizepicks,15228548,cs2-kills-202609260130,2026-09-26T01:34:18+00:00,33.0,31.051395880063417,0.3507011721812701,0.60384882781873,-0.3309053264335324,0.11926193728618611,UNDER,0.60384882781873,0.11926193728618611,1,shrink:0.25
prizepicks,15228558,cs2-headshots-202609260007,2026-09-26T01:34:18+00:00,17.5,17.287999748148593,0.4486468070509523,0.5513531929490476,-0.20218062064158604,-0.019539969319491146,UNDER,0.5513531929490476,-0.019539969319491146,0,shrink:0.25
prizepicks,15228549,cs2-kills-202609260130,2026-09-26T01:34:18+00:00,31.0,30.329114922069124,0.40820168112911204,0.541598318870888,-0.22390335530482625,0.013313138959795079,UNDER,0.541598318870888,0.013313138959795079,0,shrink:0.25
prizepicks,15228559,cs2-headshots-202609260007,2026-09-26T01:34:18+00:00,9.0,9.755171291807537,0.4916047634890443,0.39924523651095567,-0.016639371210378118,-0.18088041635644758,OVER,0.4916047634890443,-0.016639371210378118,0,shrink:0.25
prizepicks,15228550,cs2-kills-202609260130,2026-09-26T01:34:18+00:00,28.5,28.761046328808142,0.4845792240579746,0.5154207759420254,-0.13828274332506596,-0.08343784663601128,UNDER,0.5154207759420254,-0.08343784663601128,0,shrink:0.25
prizepicks,15228560,cs2-headshots-202609260007,2026-09-26T01:34:18+00:00,16.5,15.901673161536216,0.41741512429874195,0.582584875701258,-0.25771927902070957,0.03599868905963233,UNDER,0.582584875701258,0.03599868905963233,0,shrink:0.25
prizepicks,15228551,cs2-kills-202609260130,2026-09-26T01:34:18+00:00,28.5,28.652934491164693,0.4783689170313427,0.5216310829686572,-0.14932640444054546,-0.07239418552053184,UNDER,0.5216310829686572,-0.07239418552053184,0,shrink:0.25
prizepicks,15228561,cs2-headshots-202609260007,2026-09-26T01:34:18+00:00,15.5,15.06257130476288,0.42978450537387064,0.5702154946261293,-0.23572306333988302,0.014002473378805724,UNDER,0.5702154946261293,0.014002473378805724,0,shrink:0.25
prizepicks,15228552,cs2-kills-202609260130,2026-09-26T01:34:18+00:00,28.5,28.21308369983356,0.4526402753254278,0.5473597246745723,-0.1950791182344428,-0.02664147172663439,UNDER,0.5473597246745723,-0.02664147172663439,0,shrink:0.25
prizepicks,15228562,cs2-headshots-202609260007,2026-09-26T01:34:18+00:00,15.5,15.82463736359979,0.4906917774339799,0.50930822256602,-0.12741291551375178,-0.09430767444732541,UNDER,0.50930822256602,-0.09430767444732541,0,shrink:0.25
prizepicks,15228553,cs2-kills-202609260130,2026-09-26T01:34:18+00:00,30.5,,,,,,,,,0,player_unmapped:intra
prizepicks,15228563,cs2-headshots-202609260007,2026-09-26T01:34:18+00:00,16.5,,,,,,,,,0,player_unmapped:intra
prizepicks,15228554,cs2-kills-202609260130,2026-09-26T01:34:18+00:00,28.5,28.45890405338742,0.46657416955343145,0.5334258304465685,-0.1703007610271236,-0.05141982893395364,UNDER,0.5334258304465685,-0.05141982893395364,0,shrink:0.25
prizepicks,15228564,cs2-headshots-202609260007,2026-09-26T01:34:18+00:00,14.5,14.750854481393048,0.4871920016481226,0.5128079983518774,-0.13363649473349465,-0.08808409522758259,UNDER,0.5128079983518774,-0.08808409522758259,0,shrink:0.25
prizepicks,15228555,cs2-kills-202609260130,2026-09-26T01:34:18+00:00,28.0,29.902861647244855,0.5427825005622071,0.40646749943779287,0.015968944879212965,-0.22643721489976554,OVER,0.5427825005622071,0.015968944879212965,0,shrink:0.25
prizepicks,15228565,cs2-headshots-202609260007,2026-09-26T01:34:18+00:00,10.0,10.874390890376784,0.5033213671881511,0.39652863281184886,-0.0048039760966706035,-0.19471129677980475,OVER,0.5033213671881511,-0.0048039760966706035,0,shrink:0.25
prizepicks,15228556,cs2-kills-202609260130,2026-09-26T01:34:18+00:00,27.0,27.562808609183936,0.4709580681851518,0.47274193181484825,-0.10620496435463755,-0.10303275639163101,UNDER,0.47274193181484825,-0.10303275639163101,0,shrink:0.25
prizepicks,15228566,cs2-headshots-202609260007,2026-09-26T01:34:18+00:00,14.5,15.245220004418575,0.5289845966004111,0.4710154033995889,-0.05931758363774342,-0.16240300632333382,OVER,0.5289845966004111,-0.05931758363774342,0,shrink:0.25
prizepicks,15228557,cs2-kills-202609260130,2026-09-26T01:34:18+00:00,23.5,24.622111714820875,0.5383013112629405,0.46169868873705955,-0.04274986178415974,-0.1789707281769175,OVER,0.5383013112629405,-0.04274986178415974,0,shrink:0.25
prizepicks,15228567,cs2-headshots-202609260007,2026-09-26T01:34:18+00:00,13.0,14.219663153600258,0.528223888898516,0.38672611110148397,0.02437966551891857,-0.2272429193038062,OVER,0.528223888898516,0.02437966551891857,0,shrink:0.25
prizepicks,15228678,cs2-kills-202609260130,2026-09-26T01:34:18+00:00,33.5,,,,,,,,,0,player_unmapped:Grizz
prizepicks,15228683,cs2-headshots-202609260007,2026-09-26T01:34:18+00:00,18.5,,,,,,,,,0,player_unmapped:Grizz
prizepicks,15228679,cs2-kills-202609260130,2026-09-26T01:34:18+00:00,30.5,28.499809825870148,0.36436678351764057,0.6356332164823595,-0.3520540511684703,0.1303334612073931,UNDER,0.6356332164823595,0.1303334612073931,1,opponent_unmapped;shrink:0.25
prizepicks,15228684,cs2-headshots-202609260007,2026-09-26T01:34:18+00:00,19.5,18.80292506040994,0.41579309630344813,0.5842069036965518,-0.2606036980072472,0.0388831080461699,UNDER,0.5842069036965518,0.0388831080461699,0,opponent_unmapped;shrink:0.25
prizepicks,15228680,cs2-kills-202609260130,2026-09-26T01:34:18+00:00,30.0,28.959603119688296,0.38975888752045584,0.5633911124795442,-0.26004979544269696,0.04871681512129622,UNDER,0.5633911124795442,0.04871681512129622,0,opponent_unmapped;shrink:0.25
prizepicks,15228685,cs2-headshots-202609260007,2026-09-26T01:34:18+00:00,19.0,17.354211601136555,0.3141473275409048,0.6188026724590953,-0.37430827571525566,0.1674540513110686,UNDER,0.6188026724590953,0.1674540513110686,1,opponent_unmapped;shrink:0.25
prizepicks,15228681,cs2-kills-202609260130,2026-09-26T01:34:18+00:00,28.5,28.10262465076424,0.4473177390692421,0.5526822609307579,-0.20454407486800336,-0.017176515093073885,UNDER,0.5526822609307579,-0.017176515093073885,0,opponent_unmapped;shrink:0.25
prizepicks,15228686,cs2-headshots-202609260007,2026-09-26T01:34:18+00:00,10.0,10.522228847647213,0.46467245598962637,0.42947754401037364,-0.06783253910142995,-0.13041892641226727,OVER,0.46467245598962637,-0.06783253910142995,0,opponent_unmapped;shrink:0.25
prizepicks,15228682,cs2-kills-202609260130,2026-09-26T01:34:18+00:00,27.5,27.71357295367415,0.47988237634828435,0.5201176236517157,-0.14663505089929663,-0.07508553906178062,UNDER,0.5201176236517157,-0.07508553906178062,0,opponent_unmapped;shrink:0.25
prizepicks,15228687,cs2-headshots-202609260007,2026-09-26T01:34:18+00:00,13.5,13.884656394914224,0.4982492655048172,0.5017507344951828,-0.11397359008576713,-0.10774699987531011,UNDER,0.5017507344951828,-0.10774699987531011,0,opponent_unmapped;shrink:0.25
prizepicks,15191450,cs2-kills-202609260130,2026-09-26T01:34:18+00:00,17.5,15.775697940031709,0.34738220960447974,0.6526177903955203,-0.38225736924652837,0.16053677928545107,UNDER,0.6526177903955203,0.16053677928545107,0,shrink:0.25;odds_type:demon
prizepicks,15191452,cs2-kills-202609260130,2026-09-26T01:34:18+00:00,17.5,15.775697940031709,0.34738220960447974,0.6526177903955203,-0.38225736924652837,0.16053677928545107,UNDER,0.6526177903955203,0.16053677928545107,0,shrink:0.25;odds_type:demon
prizepicks,15191448,cs2-kills-202609260130,2026-09-26T01:34:18+00:00,16.5,15.525697940031709,0.39506252818162296,0.6049374718183771,-0.2974684404566983,0.0757478504956211,UNDER,0.6049374718183771,0.0757478504956211,1,shrink:0.25
prizepicks,15191451,cs2-kills-202609260130,2026-09-26T01:34:18+00:00,15.5,15.275697940031709,0.44682428935092355,0.5531757106490764,-0.20542156634197872,-0.01629902361909852,UNDER,0.5531757106490764,-0.01629902361909852,0,shrink:0.25
prizepicks,15191449,cs2-kills-202609260130,2026-09-26T01:34:18+00:00,15.5,15.275697940031709,0.44682428935092355,0.5531757106490764,-0.20542156634197872,-0.01629902361909852,UNDER,0.5531757106490764,-0.01629902361909852,0,shrink:0.25;odds_type:goblin
prizepicks,15191455,cs2-kills-202609260130,2026-09-26T01:34:18+00:00,15.5,15.164557461034562,0.438703729774356,0.561296270225644,-0.2198621902349832,-0.0018583997260940288,UNDER,0.561296270225644,-0.0018583997260940288,0,shrink:0.25;odds_type:demon
prizepicks,15191458,cs2-kills-202609260130,2026-09-26T01:34:18+00:00,15.5,15.164557461034562,0.438703729774356,0.561296270225644,-0.2198621902349832,-0.0018583997260940288,UNDER,0.561296270225644,-0.0018583997260940288,0,shrink:0.25;odds_type:demon
prizepicks,15191453,cs2-kills-202609260130,2026-09-26T01:34:18+00:00,14.5,14.914557461034562,0.49399368292579865,0.5060063170742013,-0.12154120496375603,-0.10017938499732121,UNDER,0.5060063170742013,-0.10017938499732121,0,shrink:0.25
prizepicks,15191456,cs2-kills-202609260130,2026-09-26T01:34:18+00:00,14.5,14.914557461034562,0.49399368292579865,0.5060063170742013,-0.12154120496375603,-0.10017938499732121,UNDER,0.5060063170742013,-0.10017938499732121,0,shrink:0.25
prizepicks,15191460,cs2-kills-202609260130,2026-09-26T01:34:18+00:00,14.5,14.16904184991678,0.4375531355233676,0.5624468644766324,-0.22190826830082505,0.0001876783397478099,UNDER,0.5624468644766324,0.0001876783397478099,0,shrink:0.25;odds_type:demon
prizepicks,15191463,cs2-kills-202609260130,2026-09-26T01:34:18+00:00,14.5,14.16904184991678,0.4375531355233676,0.5624468644766324,-0.22190826830082505,0.0001876783397478099,UNDER,0.5624468644766324,0.0001876783397478099,0,shrink:0.25;odds_type:demon
prizepicks,15191467,cs2-kills-202609260130,2026-09-26T01:34:18+00:00,14.5,14.443023164404071,0.45854996665787856,0.5414500333421215,-0.1845700358182601,-0.03715055414281715,UNDER,0.5414500333421215,-0.03715055414281715,0,shrink:0.25;odds_type:demon
prizepicks,15191471,cs2-kills-202609260130,2026-09-26T01:34:18+00:00,14.5,14.443023164404071,0.45854996665787856,0.5414500333421215,-0.1845700358182601,-0.03715055414281715,UNDER,0.5414500333421215,-0.03715055414281715,0,shrink:0.25;odds_type:demon
prizepicks,15191472,cs2-kills-202609260130,2026-09-26T01:34:18+00:00,14.5,14.388967245582347,0.4544282383883,0.5455717616117,-0.1918996203338269,-0.029820969627250393,UNDER,0.5455717616117,-0.029820969627250393,0,shrink:0.25;odds_type:demon
prizepicks,15191474,cs2-kills-202609260130,2026-09-26T01:34:18+00:00,14.5,14.388967245582347,0.4544282383883,0.5455717616117,-0.1918996203338269,-0.029820969627250393,UNDER,0.5455717616117,-0.029820969627250393,0,shrink:0.25;odds_type:demon
prizepicks,15191454,cs2-kills-202609260130,2026-09-26T01:34:18+00:00,13.5,14.664557461034562,0.5523152983744708,0.4476847016255292,-0.01782907705117448,-0.20389151290990276,OVER,0.5523152983744708,-0.01782907705117448,0,shrink:0.25;odds_type:goblin
prizepicks,15191457,cs2-kills-202609260130,2026-09-26T01:34:18+00:00,13.5,14.664557461034562,0.5523152983744708,0.4476847016255292,-0.01782907705117448,-0.20389151290990276,OVER,0.5523152983744708,-0.01782907705117448,0,shrink:0.25;odds_type:goblin
prizepicks,15191465,cs2-kills-202609260130,2026-09-26T01:34:18+00:00,13.5,14.193023164404071,0.5169651946951138,0.4830348053048862,-0.08069143856691618,-0.14102915139416106,OVER,0.5169651946951138,-0.08069143856691618,0,shrink:0.25
prizepicks,15191469,cs2-kills-202609260130,2026-09-26T01:34:18+00:00,13.5,14.193023164404071,0.5169651946951138,0.4830348053048862,-0.08069143856691618,-0.14102915139416106,OVER,0.5169651946951138,-0.08069143856691618,0,shrink:0.25
prizepicks,15191466,cs2-kills-202609260130,2026-09-26T01:34:18+00:00,12.5,13.943023164404071,0.5782202059653739,0.42177979403462607,0.028237086736689565,-0.2499576766977668,OVER,0.5782202059653739,0.028237086736689565,0,shrink:0.25;odds_type:goblin
prizepicks,15191470,cs2-kills-202609260130,2026-09-26T01:34:18+00:00,12.5,13.943023164404071,0.5782202059653739,0.42177979403462607,0.028237086736689565,-0.2499576766977668,OVER,0.5782202059653739,0.028237086736689565,0,shrink:0.25;odds_type:goblin
prizepicks,15191447,cs2-headshots-202609260007,2026-09-26T01:34:18+00:00,9.5,8.831499874074296,0.3912107508361994,0.6087892491638006,-0.30431797680211936,0.08259738684104212,UNDER,0.6087892491638006,0.08259738684104212,1,shrink:0.25
prizepicks,15191459,cs2-headshots-202609260007,2026-09-26T01:34:18+00:00,7.5,7.849818681799895,0.4987023200786386,0.5012976799213614,-0.1131679324655166,-0.10855265749556064,UNDER,0.5012976799213614,-0.10855265749556064,0,shrink:0.25
prizepicks,15191461,cs2-headshots-202609260007,2026-09-26T01:34:18+00:00,7.5,7.849818681799895,0.4987023200786386,0.5012976799213614,-0.1131679324655166,-0.10855265749556064,UNDER,0.5012976799213614,-0.10855265749556064,0,shrink:0.25
prizepicks,15191464,cs2-headshots-202609260007,2026-09-26T01:34:18+00:00,7.5,7.763336580768108,0.48880079196928305,0.511199208030717,-0.13077561603030513,-0.09094497393077211,UNDER,0.511199208030717,-0.09094497393077211,0,shrink:0.25
prizepicks,15191468,cs2-headshots-202609260007,2026-09-26T01:34:18+00:00,7.5,7.763336580768108,0.48880079196928305,0.511199208030717,-0.13077561603030513,-0.09094497393077211,UNDER,0.511199208030717,-0.09094497393077211,0,shrink:0.25
prizepicks,15191462,cs2-kills-202609260130,2026-09-26T01:34:18+00:00,13.5,13.91904184991678,0.4957928899623608,0.5042071100376392,-0.11834171213624045,-0.10337887782483679,UNDER,0.5042071100376392,-0.10337887782483679,0,shrink:0.25
prizepicks,15191473,cs2-kills-202609260130,2026-09-26T01:34:18+00:00,13.5,14.138967245582347,0.5128226967891064,0.4871773032108936,-0.0880579572992985,-0.13366263266177875,OVER,0.5128226967891064,-0.0880579572992985,0,shrink:0.25
prizepicks,15228528,cs2-kills-202609260130,2026-09-26T03:55:12+00:00,16.5,15.525697940031709,0.39506252818162296,0.6049374718183771,-0.2974684404566983,0.0757478504956211,UNDER,0.6049374718183771,0.0757478504956211,0,shrink:0.25;voidable
prizepicks,15228538,cs2-headshots-202609260140,2026-09-26T03:55:12+00:00,8.5,8.582654269105777,0.46741979575479586,0.5325802042452041,-0.16879700136464781,-0.05292358859642943,UNDER,0.5325802042452041,-0.05292358859642943,0,shrink:0.25;voidable
prizepicks,15228529,cs2-kills-202609260130,2026-09-26T03:55:12+00:00,15.5,15.164557461034562,0.438703729774356,0.561296270225644,-0.2198621902349832,-0.0018583997260940288,UNDER,0.561296270225644,-0.0018583997260940288,0,shrink:0.25;voidable
prizepicks,15228539,cs2-headshots-202609260140,2026-09-26T03:55:12+00:00,4.5,4.8580964394635355,0.5106348397067341,0.48936516029326593,-0.09194857850098903,-0.1297720114600882,OVER,0.5106348397067341,-0.09194857850098903,0,shrink:0.25;voidable
prizepicks,15228530,cs2-kills-202609260130,2026-09-26T03:55:12+00:00,14.0,14.318023164404071,0.4490026420367486,0.47675521603738924,-0.1273057046871109,-0.07795387376619012,UNDER,0.47675521603738924,-0.07795387376619012,0,shrink:0.25;voidable
prizepicks,15228540,cs2-headshots-202609260140,2026-09-26T03:55:12+00:00,8.0,7.8501302873749825,0.3865855998852327,0.5032456113650303,-0.20237399875680834,0.005080097632620018,UNDER,0.5032456113650303,0.005080097632620018,0,shrink:0.25;voidable
prizepicks,15228531,cs2-kills-202609260130,2026-09-26T03:55:12+00:00,14.0,14.26513250527374,0.4449462802425356,0.48077229554095113,-0.13447976705477738,-0.07077110170586554,UNDER,0.48077229554095113,-0.07077110170586554,0,shrink:0.25;voidable
prizepicks,15228541,cs2-headshots-202609260140,2026-09-26T03:55:12+00:00,8.0,7.713678166730199,0.3712167677089211,0.51888130645501,-0.22997093948595504,0.032617869359109486,UNDER,0.51888130645501,0.032617869359109486,0,shrink:0.25;voidable
prizepicks,15228532,cs2-kills-202609260130,2026-09-26T03:55:12+00:00,14.0,14.045183301453351,0.42798191806397046,0.49764862108335395,-0.16455910638520044,-0.040672242840534334,UNDER,0.49764862108335395,-0.040672242840534334,0,shrink:0.25;voidable
prizepicks,15228542,cs2-headshots-202609260140,2026-09-26T03:55:12+00:00,7.5,8.023000325820668,0.5178352940891412,0.4821647059108588,-0.07914415872982994,-0.1425764312312473,OVER,0.5178352940891412,-0.07914415872982994,0,shrink:0.25;voidable
prizepicks,15228533,cs2-kills-202609260130,2026-09-26T03:55:12+00:00,15.5,,,,,,,,,0,player_unmapped:intra
prizepicks,15228543,cs2-headshots-202609260140,2026-09-26T03:55:12+00:00,8.0,,,,,,,,,0,player_unmapped:intra
prizepicks,15228534,cs2-kills-202609260130,2026-09-26T03:55:12+00:00,14.0,14.188496225976223,0.4390523163788358,0.4866216600413009,-0.14491628227375813,-0.06032469788973088,UNDER,0.4866216600413009,-0.06032469788973088,0,shrink:0.25;voidable
prizepicks,15228544,cs2-headshots-202609260140,2026-09-26T03:55:12+00:00,7.0,7.197202766272504,0.4214779821435599,0.4581633606172368,-0.13013572533015133,-0.0648988721409266,UNDER,0.4581633606172368,-0.0648988721409266,0,shrink:0.25;voidable
prizepicks,15228535,cs2-kills-202609260130,2026-09-26T03:55:12+00:00,14.0,14.958809811431768,0.49726812385959196,0.4294824722863919,-0.04246893021778669,-0.16301075870648085,OVER,0.49726812385959196,-0.04246893021778669,0,shrink:0.25;voidable
prizepicks,15228545,cs2-headshots-202609260140,2026-09-26T03:55:12+00:00,5.0,5.479334220369887,0.4521446133075642,0.40059805360563827,-0.04870321070835032,-0.14036739648462726,OVER,0.4521446133075642,-0.04870321070835032,0,shrink:0.25;voidable
prizepicks,15228536,cs2-kills-202609260130,2026-09-26T03:55:12+00:00,13.5,13.768714510240262,0.48399843604494563,0.5160015639550544,-0.13931554669023277,-0.08240504327084447,UNDER,0.5160015639550544,-0.08240504327084447,0,shrink:0.25;voidable
prizepicks,15228546,cs2-headshots-202609260140,2026-09-26T03:55:12+00:00,7.0,7.465057334153958,0.4535513909996689,0.42702559558810094,-0.07403588657854582,-0.12120616239384208,OVER,0.4535513909996689,-0.07403588657854582,0,shrink:0.25;voidable
prizepicks,15228537,cs2-kills-202609260130,2026-09-26T03:55:12+00:00,11.5,12.244709939996678,0.5273634223996847,0.4726365776003153,-0.062200484338981454,-0.1595201056220958,OVER,0.5273634223996847,-0.062200484338981454,0,shrink:0.25;voidable
prizepicks,15228547,cs2-headshots-202609260140,2026-09-26T03:55:12+00:00,6.5,7.131497900176216,0.5357670955244815,0.46423290447551846,-0.047256405452457795,-0.17446418450861945,OVER,0.5357670955244815,-0.047256405452457795,0,shrink:0.25;voidable
prizepicks,15237748,dota-kills-202609252038,2026-09-26T07:49:19+00:00,15.0,15.60101571426694,0.45749009551483955,0.4865099044851604,-0.13045478284922069,-0.07884945407403626,UNDER,0.4865099044851604,-0.07884945407403626,0,shrink:0.25
prizepicks,15237749,dota-kills-202609252038,2026-09-26T07:49:19+00:00,13.5,13.538318554688207,0.4525288670677837,0.5474711329322163,-0.19527723324511947,-0.026443356715957766,UNDER,0.5474711329322163,-0.026443356715957766,0,shrink:0.25
prizepicks,15237750,dota-kills-202609252038,2026-09-26T07:49:19+00:00,9.5,9.595489716978365,0.45942438330876567,0.5405756166912343,-0.18301507869219225,-0.038705511268884996,UNDER,0.5405756166912343,-0.038705511268884996,0,shrink:0.25;bumped_against:-14%
prizepicks,15237751,dota-kills-202609252038,2026-09-26T07:49:19+00:00,7.0,7.2038307743617835,0.4202260540342449,0.4778239459657552,-0.15077066054899863,-0.04834551526554681,UNDER,0.4778239459657552,-0.04834551526554681,0,shrink:0.25
prizepicks,15237752,dota-kills-202609252038,2026-09-26T07:49:19+00:00,6.5,6.648317590647766,0.4647295877679106,0.5352704122320894,-0.17358094283644815,-0.04813964712462909,UNDER,0.5352704122320894,-0.04813964712462909,0,shrink:0.25
prizepicks,15237753,dota-kills-202609252038,2026-09-26T07:49:19+00:00,13.5,15.644630544992378,0.571392241286648,0.428607758713352,0.0160950577360382,-0.23781564769711544,OVER,0.571392241286648,0.0160950577360382,0,shrink:0.25
prizepicks,15237754,dota-kills-202609252038,2026-09-26T07:49:19+00:00,14.5,15.7000849290404,0.5178000335790336,0.4821999664209664,-0.07920686176894176,-0.14251372819213548,OVER,0.5178000335790336,-0.07920686176894176,0,shrink:0.25
prizepicks,15237755,dota-kills-202609252038,2026-09-26T07:49:19+00:00,8.0,9.22662843785351,0.511036678942811,0.40071332105718893,-0.0029839960613275984,-0.19916975183568458,OVER,0.511036678942811,-0.0029839960613275984,0,shrink:0.25
prizepicks,15237756,dota-kills-202609252038,2026-09-26T07:49:19+00:00,6.0,6.929627261769413,0.4931482338625058,0.3949517661374942,-0.011144649625246528,-0.1857654063191862,OVER,0.4931482338625058,-0.011144649625246528,0,shrink:0.25
prizepicks,15237757,dota-kills-202609252038,2026-09-26T07:49:19+00:00,5.5,5.603487981608381,0.4610112450704134,0.5389887549295866,-0.18019319509487608,-0.04152739486620116,UNDER,0.5389887549295866,-0.04152739486620116,0,shrink:0.25
prizepicks,15232833,cs2-kills-202609260130,2026-09-26T08:06:51+00:00,25.5,25.851937018241856,0.4890671406410416,0.5109328593589584,-0.13030197367142565,-0.09141861628965159,UNDER,0.5109328593589584,-0.09141861628965159,0,tenure60:0;rest:230;shrink:0.25
prizepicks,15232834,cs2-kills-202609260130,2026-09-26T08:06:51+00:00,31.0,30.548522430234737,0.419410134718443,0.530089865281557,-0.20367159306854205,-0.006852107099500793,UNDER,0.530089865281557,-0.006852107099500793,0,tenure60:13;rest:1;shrink:0.25
prizepicks,15232835,cs2-kills-202609260130,2026-09-26T08:06:51+00:00,27.5,28.4045012853541,0.5186995164034147,0.4813004835965852,-0.07760732998266107,-0.14411325997841612,OVER,0.5186995164034147,-0.07760732998266107,0,tenure60:13;rest:1;shrink:0.25
prizepicks,15232836,cs2-kills-202609260130,2026-09-26T08:06:51+00:00,33.5,33.22698295617066,0.4546754590363256,0.5453245409636744,-0.19145999294570654,-0.03026059701537065,UNDER,0.5453245409636744,-0.03026059701537065,0,tenure60:13;rest:1;shrink:0.25
prizepicks,15232837,cs2-kills-202609260130,2026-09-26T08:06:51+00:00,26.5,26.986128891584357,0.4980422002493519,0.501957799750648,-0.11434180996609539,-0.1073787799949818,UNDER,0.501957799750648,-0.1073787799949818,0,tenure60:13;rest:1;shrink:0.25
prizepicks,15232838,cs2-kills-202609260130,2026-09-26T08:06:51+00:00,31.0,28.593734199852612,0.3199498319688012,0.6314501680311988,-0.3824398015644677,0.17149483227549883,UNDER,0.6314501680311988,0.17149483227549883,1,tenure60:44;rest:1;shrink:0.25
prizepicks,15232839,cs2-kills-202609260130,2026-09-26T08:06:51+00:00,28.5,27.156479574506623,0.3954878888768827,0.6045121111231173,-0.296712030290478,0.07499144032940075,UNDER,0.6045121111231173,0.07499144032940075,1,tenure60:44;rest:1;shrink:0.25
prizepicks,15232840,cs2-kills-202609260130,2026-09-26T08:06:51+00:00,26.5,26.401074033738166,0.46286877294416645,0.5371312270558335,-0.1768899915234075,-0.04483059843766973,UNDER,0.5371312270558335,-0.04483059843766973,0,tenure60:43;rest:1;shrink:0.25
prizepicks,15232841,cs2-kills-202609260130,2026-09-26T08:06:51+00:00,29.0,28.72780642056926,0.4268153710299618,0.5197846289700382,-0.18760301380929556,-0.022277696647860112,UNDER,0.5197846289700382,-0.022277696647860112,0,tenure60:44;rest:1;shrink:0.25
prizepicks,15232842,cs2-kills-202609260130,2026-09-26T08:06:51+00:00,32.0,30.348311800002804,0.36379492616981646,0.5924550738301836,-0.3093209733155854,0.09730065916530523,UNDER,0.5924550738301836,0.09730065916530523,0,tenure60:44;rest:1;shrink:0.25
prizepicks,15232843,cs2-headshots-202609260140,2026-09-26T08:06:51+00:00,16.0,14.957561728943567,0.3405902202830091,0.5813097797169908,-0.31623542401010374,0.11183121212498665,UNDER,0.5813097797169908,0.11183121212498665,0,tenure60:0;rest:230;shrink:0.25
prizepicks,15232844,cs2-headshots-202609260140,2026-09-26T08:06:51+00:00,19.0,18.654064809387954,0.40510640938298836,0.5253935906170117,-0.21010761331943323,0.0037966043606508237,UNDER,0.5253935906170117,0.0037966043606508237,0,tenure60:13;rest:1;shrink:0.25
prizepicks,15232845,cs2-headshots-202609260140,2026-09-26T08:06:51+00:00,16.0,16.571281800489558,0.4704835690763778,0.4495664309236222,-0.08339875634985211,-0.12059527244383694,OVER,0.4704835690763778,-0.08339875634985211,0,tenure60:13;rest:1;shrink:0.25
prizepicks,15232846,cs2-headshots-202609260140,2026-09-26T08:06:51+00:00,11.0,11.249382882027009,0.43862346543062225,0.4599265345693777,-0.11855492266480522,-0.08067211344472075,UNDER,0.4599265345693777,-0.08067211344472075,0,tenure60:13;rest:1;shrink:0.25
prizepicks,15232847,cs2-headshots-202609260140,2026-09-26T08:06:51+00:00,14.0,14.272721063014647,0.44481185384428223,0.46848814615571777,-0.12230023896747028,-0.08019717584398162,UNDER,0.46848814615571777,-0.08019717584398162,0,tenure60:13;rest:1;shrink:0.25
prizepicks,15232848,cs2-headshots-202609260140,2026-09-26T08:06:51+00:00,11.5,11.853879774318514,0.49910391059495746,0.5008960894050425,-0.11245379231907976,-0.10926679764199754,UNDER,0.5008960894050425,-0.10926679764199754,0,tenure60:44;rest:1;shrink:0.25;bumped_against:-12%
prizepicks,15232849,cs2-headshots-202609260140,2026-09-26T08:06:51+00:00,15.0,14.273352034379595,0.3630590199551067,0.5562409800448933,-0.27367962018492337,0.06985188183370505,UNDER,0.5562409800448933,0.06985188183370505,0,tenure60:44;rest:1;shrink:0.25
prizepicks,15232850,cs2-headshots-202609260140,2026-09-26T08:06:51+00:00,16.5,16.221095827720152,0.4427320865871717,0.5572679134128282,-0.21269864625846296,-0.009021943702614332,UNDER,0.5572679134128282,-0.009021943702614332,0,tenure60:43;rest:1;shrink:0.25
prizepicks,15232851,cs2-headshots-202609260140,2026-09-26T08:06:51+00:00,17.0,16.700446041343298,0.4053598537416369,0.5190901462583629,-0.20360691843485773,-0.0013626809546601337,UNDER,0.5190901462583629,-0.0013626809546601337,0,tenure60:44;rest:1;shrink:0.25
prizepicks,15232852,cs2-headshots-202609260140,2026-09-26T08:06:51+00:00,18.0,17.061869651255847,0.3597684939125217,0.5684815060874784,-0.28848109489464924,0.08266895726327933,UNDER,0.5684815060874784,0.08266895726327933,0,tenure60:44;rest:1;shrink:0.25
prizepicks,15234792,cs2-kills-202609260130,2026-09-26T08:06:51+00:00,36.5,32.11715221937476,0.27307407818697593,0.7269259218130241,-0.5143979893447418,0.29267739938366455,UNDER,0.7269259218130241,0.29267739938366455,1,tenure60:23;rest:1;shrink:0.25
prizepicks,15234793,cs2-kills-202609260130,2026-09-26T08:06:51+00:00,33.5,30.88461410122925,0.34161674245294693,0.6583832575470531,-0.3925099807713549,0.17078939081027766,UNDER,0.6583832575470531,0.17078939081027766,1,tenure60:14;rest:1;shrink:0.25
prizepicks,15234794,cs2-kills-202609260130,2026-09-26T08:06:51+00:00,29.0,27.245158410158027,0.34981836773939595,0.6019316322606041,-0.3296751993956081,0.11865262790015274,UNDER,0.6019316322606041,0.11865262790015274,1,tenure60:23;rest:1;shrink:0.25
prizepicks,15234795,cs2-kills-202609260130,2026-09-26T08:06:51+00:00,29.0,28.151757146131253,0.39611297524587996,0.55268702475412,-0.24440045207099415,0.03403195631592404,UNDER,0.55268702475412,0.03403195631592404,0,tenure60:23;rest:1;shrink:0.25
prizepicks,15234796,cs2-kills-202609260130,2026-09-26T08:06:51+00:00,24.0,24.410383584330717,0.4627643964835232,0.4773856035164768,-0.11722560203426224,-0.0912250106176446,UNDER,0.4773856035164768,-0.0912250106176446,0,tenure60:23;rest:1;shrink:0.25
prizepicks,15234797,cs2-kills-202609260130,2026-09-26T08:06:51+00:00,32.0,30.647138820091627,0.37856667397261556,0.5774333260273844,-0.28280267834757994,0.0708377943447901,UNDER,0.5774333260273844,0.0708377943447901,0,tenure60:16;rest:1;shrink:0.25
prizepicks,15234798,cs2-kills-202609260130,2026-09-26T08:06:51+00:00,31.5,29.719524108741005,0.3793472793146912,0.6206527206853087,-0.3254145439404004,0.10369395397932313,UNDER,0.6206527206853087,0.10369395397932313,1,tenure60:18;rest:1;shrink:0.25
prizepicks,15234799,cs2-kills-202609260130,2026-09-26T08:06:51+00:00,31.0,30.295356551074526,0.40658599434190784,0.543814005658092,-0.2273764978515832,0.016653249152575378,UNDER,0.543814005658092,0.016653249152575378,0,tenure60:4;rest:1;shrink:0.25
prizepicks,15234800,cs2-kills-202609260130,2026-09-26T08:06:51+00:00,29.5,29.50816721988504,0.46860954745081285,0.531390452549187,-0.16668129042056185,-0.055039299540515396,UNDER,0.531390452549187,-0.055039299540515396,0,tenure60:4;rest:1;shrink:0.25
prizepicks,15234801,cs2-kills-202609260130,2026-09-26T08:06:51+00:00,26.5,27.881522248962987,0.5470543834969387,0.45294561650306125,-0.0271844536558572,-0.19453613630522015,OVER,0.5470543834969387,-0.0271844536558572,0,tenure60:18;rest:1;shrink:0.25
prizepicks,15234802,cs2-headshots-202609260140,2026-09-26T08:06:51+00:00,13.5,12.629548923585759,0.385444113508994,0.614555886491006,-0.3145726692262506,0.09285207926517336,UNDER,0.614555886491006,0.09285207926517336,1,tenure60:23;rest:1;shrink:0.25
prizepicks,15234803,cs2-headshots-202609260140,2026-09-26T08:06:51+00:00,18.5,17.320389005391988,0.3788586282823765,0.6211413717176235,-0.32628350200986,0.10456291204878276,UNDER,0.6211413717176235,0.10456291204878276,1,tenure60:14;rest:1;shrink:0.25
prizepicks,15234804,cs2-headshots-202609260140,2026-09-26T08:06:51+00:00,14.5,14.019092669173823,0.422749560909768,0.5772504390902319,-0.24823316023116399,0.0265125702700868,UNDER,0.5772504390902319,0.0265125702700868,0,tenure60:23;rest:1;shrink:0.25
prizepicks,15234805,cs2-headshots-202609260140,2026-09-26T08:06:51+00:00,16.0,15.828801872068967,0.4112401827274076,0.5094098172725924,-0.1893500504752068,-0.014777010672458957,UNDER,0.5094098172725924,-0.014777010672458957,0,tenure60:23;rest:1;shrink:0.25
prizepicks,15234806,cs2-headshots-202609260140,2026-09-26T08:06:51+00:00,13.0,12.926738761539582,0.41159505532390034,0.49745494467609974,-0.1771189878436768,-0.024436114460440417,UNDER,0.49745494467609974,-0.024436114460440417,0,tenure60:23;rest:1;shrink:0.25
prizepicks,15234807,cs2-headshots-202609260140,2026-09-26T08:06:51+00:00,16.0,16.171364315246677,0.4389277989352756,0.4815722010647245,-0.13996373265969525,-0.06413007039947627,UNDER,0.4815722010647245,-0.06413007039947627,0,tenure60:16;rest:1;shrink:0.25
prizepicks,15234808,cs2-headshots-202609260140,2026-09-26T08:06:51+00:00,12.5,12.092521260416841,0.4247779225977091,0.5752220774022908,-0.2446261664053866,0.02290557644430935,UNDER,0.5752220774022908,0.02290557644430935,0,tenure60:18;rest:1;shrink:0.25
prizepicks,15234809,cs2-headshots-202609260140,2026-09-26T08:06:51+00:00,15.5,15.957961100695123,0.5012860695347349,0.4987139304652651,-0.10857330400704124,-0.11314728595403611,OVER,0.5012860695347349,-0.10857330400704124,0,tenure60:4;rest:1;shrink:0.25
prizepicks,15234810,cs2-headshots-202609260140,2026-09-26T08:06:51+00:00,15.5,16.07433651648841,0.5112834106667454,0.48871658933325457,-0.0907952381168517,-0.13092535184422555,OVER,0.5112834106667454,-0.0907952381168517,0,tenure60:4;rest:1;shrink:0.25
prizepicks,15234811,cs2-headshots-202609260140,2026-09-26T08:06:51+00:00,14.5,15.599022250639415,0.5556319294234148,0.44436807057658523,-0.011931180346141601,-0.20978940961493564,OVER,0.5556319294234148,-0.011931180346141601,0,tenure60:18;rest:1;shrink:0.25
prizepicks,15234812,cs2-kills-202609260130,2026-09-26T08:06:51+00:00,35.0,33.52991285112839,0.38007587898568623,0.5793241210143137,-0.28351889014730886,0.07080015613865143,UNDER,0.5793241210143137,0.07080015613865143,0,opponent_unmapped;tenure60:28;rest:1;shrink:0.25
prizepicks,15234813,cs2-kills-202609260130,2026-09-26T08:06:51+00:00,30.0,29.141353172179926,0.3984051274708258,0.5534948725291742,-0.24342436496469805,0.03236853538074863,UNDER,0.5534948725291742,0.03236853538074863,0,opponent_unmapped;tenure60:28;rest:1;shrink:0.25
prizepicks,15234814,cs2-kills-202609260130,2026-09-26T08:06:51+00:00,29.0,27.39572645700418,0.35703850214636573,0.5940114978536343,-0.3161357830419801,0.10526841595949754,UNDER,0.5940114978536343,0.10526841595949754,0,opponent_unmapped;tenure60:28;rest:1;shrink:0.25
prizepicks,15234816,cs2-kills-202609260130,2026-09-26T08:06:51+00:00,27.0,27.49621124361051,0.467670141118612,0.4759798588813881,-0.11200181735877501,-0.09722481735799543,UNDER,0.4759798588813881,-0.09722481735799543,0,opponent_unmapped;tenure60:28;rest:1;shrink:0.25
prizepicks,15234817,cs2-kills-202609260130,2026-09-26T08:06:51+00:00,27.5,26.884276129159595,0.43422222600293475,0.5657777739970653,-0.22783155611771344,0.006110966156636255,UNDER,0.5657777739970653,0.006110966156636255,0,opponent_unmapped;tenure60:21;rest:1;shrink:0.25
prizepicks,15234818,cs2-headshots-202609260140,2026-09-26T08:06:51+00:00,19.5,19.135895150611354,0.4389277989352756,0.5610722010647244,-0.2194637326596952,-0.002256857301381976,UNDER,0.5610722010647244,-0.002256857301381976,0,opponent_unmapped;tenure60:28;rest:1;shrink:0.25
prizepicks,15234819,cs2-headshots-202609260140,2026-09-26T08:06:51+00:00,19.0,18.263563856910466,0.37825080306992187,0.5527491969300781,-0.25836438507007053,0.0519425158163076,UNDER,0.5527491969300781,0.0519425158163076,0,opponent_unmapped;tenure60:28;rest:1;shrink:0.25
prizepicks,15234820,cs2-headshots-202609260140,2026-09-26T08:06:51+00:00,16.5,15.860168549459122,0.41387644540538115,0.5861235545946188,-0.2640120388355124,0.042291448874435145,UNDER,0.5861235545946188,0.042291448874435145,0,opponent_unmapped;tenure60:28;rest:1;shrink:0.25
prizepicks,15234821,cs2-headshots-202609260140,2026-09-26T08:06:51+00:00,16.0,15.939430333681829,0.4194536445441468,0.5010963554558532,-0.17464422044135858,-0.02946066864731106,UNDER,0.5010963554558532,-0.02946066864731106,0,opponent_unmapped;tenure60:28;rest:1;shrink:0.25
prizepicks,15234822,cs2-headshots-202609260140,2026-09-26T08:06:51+00:00,8.0,10.131026445655703,0.6400335787191936,0.25721642128080635,0.24090853476986812,-0.43984733411244464,OVER,0.6400335787191936,0.24090853476986812,1,opponent_unmapped;tenure60:21;rest:1;shrink:0.25
prizepicks,15235440,cs2-kills-202609260130,2026-09-26T08:06:51+00:00,24.5,26.132584674758206,0.5629353037607983,0.4370646962392017,0.0010562598618341634,-0.2227768498229114,OVER,0.5629353037607983,0.0010562598618341634,0,tenure60:45;rest:1;shrink:0.25
prizepicks,15235441,cs2-kills-202609260130,2026-09-26T08:06:51+00:00,32.5,32.37471126818705,0.4626600200820442,0.5373399799179558,-0.17726121243990628,-0.04445937752117096,UNDER,0.5373399799179558,-0.04445937752117096,0,tenure60:45;rest:1;shrink:0.25
prizepicks,15235442,cs2-kills-202609260130,2026-09-26T08:06:51+00:00,31.5,29.821778151530825,0.3841878769271037,0.6158121230728963,-0.3168066088739638,0.0950860189128866,UNDER,0.6158121230728963,0.0950860189128866,1,tenure60:45;rest:1;shrink:0.25
prizepicks,15235443,cs2-kills-202609260130,2026-09-26T08:06:51+00:00,30.5,30.173897794456128,0.4518053423841008,0.548194657615899,-0.19656386229276757,-0.02515672766830973,UNDER,0.548194657615899,-0.02515672766830973,0,tenure60:45;rest:1;shrink:0.25
prizepicks,15235444,cs2-kills-202609260130,2026-09-26T08:06:51+00:00,30.0,29.597004531480128,0.421600230930787,0.528749769069213,-0.2006269900681265,-0.010085172601383252,UNDER,0.528749769069213,-0.010085172601383252,0,tenure60:45;rest:1;shrink:0.25
prizepicks,15235445,cs2-kills-202609260130,2026-09-26T08:06:51+00:00,27.5,,,,,,,,,0,player_unmapped:Ag1l
prizepicks,15235446,cs2-kills-202609260130,2026-09-26T08:06:51+00:00,27.5,28.02269485461469,0.4976769608108018,0.5023230391891982,-0.11499130773940325,-0.106729282221674,UNDER,0.5023230391891982,-0.106729282221674,0,tenure60:34;rest:1;shrink:0.25
prizepicks,15235447,cs2-kills-202609260130,2026-09-26T08:06:51+00:00,28.5,28.376814997404338,0.46219032702766905,0.537809672972331,-0.17809645792753992,-0.04362413203353732,UNDER,0.537809672972331,-0.04362413203353732,0,tenure60:34;rest:1;shrink:0.25
prizepicks,15235448,cs2-kills-202609260130,2026-09-26T08:06:51+00:00,29.0,29.32791345154037,0.45895470224161605,0.4871452977583839,-0.12995030286318948,-0.07981954729898566,UNDER,0.4871452977583839,-0.07981954729898566,0,tenure60:34;rest:1;shrink:0.25
prizepicks,15235449,cs2-kills-202609260130,2026-09-26T08:06:51+00:00,29.5,29.180000426440827,0.4508138710380786,0.5491861289619214,-0.1983269753730426,-0.023393614588034628,UNDER,0.5491861289619214,-0.023393614588034628,0,tenure60:33;rest:1;shrink:0.25
prizepicks,15235450,cs2-headshots-202609260140,2026-09-26T08:06:51+00:00,13.5,12.530336931682276,0.37526249548539825,0.6247375045146017,-0.3326784309184921,0.11095784095741484,UNDER,0.6247375045146017,0.11095784095741484,1,tenure60:45;rest:1;shrink:0.25
prizepicks,15235451,cs2-headshots-202609260140,2026-09-26T08:06:51+00:00,12.5,12.205602092235747,0.4351237354307468,0.5648762645692531,-0.2262284204642792,0.0045078305032019705,UNDER,0.5648762645692531,0.0045078305032019705,0,tenure60:45;rest:1;shrink:0.25
prizepicks,15235453,cs2-headshots-202609260140,2026-09-26T08:06:51+00:00,19.0,17.99637898221024,0.3587561017785641,0.5716938982214359,-0.29248141098135133,0.08618148805206699,UNDER,0.5716938982214359,0.08618148805206699,0,tenure60:45;rest:1;shrink:0.25
prizepicks,15235454,cs2-headshots-202609260140,2026-09-26T08:06:51+00:00,16.5,15.789867200295996,0.40753953778577773,0.5924604622142222,-0.27528083117877183,0.05356024121769459,UNDER,0.5924604622142222,0.05356024121769459,0,tenure60:45;rest:1;shrink:0.25
prizepicks,15235455,cs2-headshots-202609260140,2026-09-26T08:06:51+00:00,16.5,16.236632116048227,0.4437465994602275,0.5562534005397726,-0.21089455890508857,-0.010826031055988616,UNDER,0.5562534005397726,-0.010826031055988616,0,tenure60:45;rest:1;shrink:0.25
prizepicks,15235458,cs2-headshots-202609260140,2026-09-26T08:06:51+00:00,13.0,14.797767392507115,0.5747555444807779,0.34284445551922205,0.1044759505558776,-0.30792676390416207,OVER,0.5747555444807779,0.1044759505558776,0,tenure60:34;rest:1;shrink:0.25
prizepicks,15235459,cs2-headshots-202609260140,2026-09-26T08:06:51+00:00,16.5,17.270439346832298,0.5262536777033414,0.4737463222966586,-0.06417392048288861,-0.15754666947818863,OVER,0.5262536777033414,-0.06417392048288861,0,tenure60:34;rest:1;shrink:0.25
prizepicks,15235460,cs2-headshots-202609260140,2026-09-26T08:06:51+00:00,16.5,17.04544603025238,0.5091520032649248,0.4908479967350752,-0.09458547601391382,-0.12713511394716343,OVER,0.5091520032649248,-0.09458547601391382,0,tenure60:33;rest:1;shrink:0.25
prizepicks,15248460,cs2-kills-202609260130,2026-09-26T08:06:51+00:00,36.0,32.87877889886362,0.30541282476641585,0.6537871752335841,-0.41609066215605706,0.20341627226539183,UNDER,0.6537871752335841,0.20341627226539183,1,opponent_unmapped;tenure60:23;rest:1;shrink:0.25
prizepicks,15248465,cs2-headshots-202609260140,2026-09-26T08:06:51+00:00,13.5,12.764946119394398,0.39684498484640707,0.6031550151535929,-0.294298734470426,0.07257814450934874,UNDER,0.6031550151535929,0.07257814450934874,1,opponent_unmapped;tenure60:23;rest:1;shrink:0.25
prizepicks,15248461,cs2-kills-202609260130,2026-09-26T08:06:51+00:00,32.5,31.16578059848851,0.4026775500708272,0.5973224499291728,-0.28392680382413066,0.06220621386305342,UNDER,0.5973224499291728,0.06220621386305342,0,opponent_unmapped;tenure60:14;rest:1;shrink:0.25
prizepicks,15248466,cs2-headshots-202609260140,2026-09-26T08:06:51+00:00,18.0,17.66483665203452,0.4047009015930942,0.5217990984069057,-0.20682871947281228,0.0014045928738741775,UNDER,0.5217990984069057,0.0014045928738741775,0,opponent_unmapped;tenure60:14;rest:1;shrink:0.25
prizepicks,15248462,cs2-kills-202609260130,2026-09-26T08:06:51+00:00,28.0,28.02206094281348,0.4434565634811744,0.5045934365188256,-0.15946032391480908,-0.050741881397790234,UNDER,0.5045934365188256,-0.050741881397790234,0,opponent_unmapped;tenure60:23;rest:1;shrink:0.25
prizepicks,15248467,cs2-headshots-202609260140,2026-09-26T08:06:51+00:00,16.0,15.839891120068348,0.4121020210209448,0.5085479789790552,-0.18781746118302656,-0.016309599964639154,UNDER,0.5085479789790552,-0.016309599964639154,0,opponent_unmapped;tenure60:23;rest:1;shrink:0.25
prizepicks,15248463,cs2-kills-202609260130,2026-09-26T08:06:51+00:00,28.0,27.409607266428445,0.4089313825561266,0.5397186174438734,-0.22145574228169018,0.011120504615114213,UNDER,0.5397186174438734,0.011120504615114213,0,opponent_unmapped;tenure60:23;rest:1;shrink:0.25
prizepicks,15248468,cs2-headshots-202609260140,2026-09-26T08:06:51+00:00,14.0,14.251319082645738,0.4432393411646301,0.4701606588353699,-0.12519660588772075,-0.07732298098272705,UNDER,0.4701606588353699,-0.07732298098272705,0,opponent_unmapped;tenure60:23;rest:1;shrink:0.25
prizepicks,15248464,cs2-kills-202609260130,2026-09-26T08:06:51+00:00,23.5,24.805572673691426,0.5487733019056744,0.4512266980943256,-0.024127736442065673,-0.19759285351901157,OVER,0.5487733019056744,-0.024127736442065673,0,opponent_unmapped;tenure60:23;rest:1;shrink:0.25
prizepicks,15248469,cs2-headshots-202609260140,2026-09-26T08:06:51+00:00,13.0,13.324894633119962,0.447398966115875,0.4614510338841249,-0.11324963048343772,-0.08826112770268735,UNDER,0.4614510338841249,-0.08826112770268735,0,opponent_unmapped;tenure60:23;rest:1;shrink:0.25
sleeper,match-2839437:headshots_maps_1_2_over_under_player_105344,cs2-headshots-202609260140,2026-09-26T08:08:06+00:00,15.5,16.07433651648841,0.5112834106667454,0.48871658933325457,-0.08991552901319311,-0.13008447098680687,OVER,0.5112834106667454,-0.08991552901319311,0,tenure60:4;rest:1;shrink:0.25;voidable
sleeper,match-2839437:kills_maps_1_2_over_under_player_105344,cs2-kills-202609260130,2026-09-26T08:08:06+00:00,29.5,29.50816721988504,0.46860954745081285,0.531390452549187,-0.16587500553755302,-0.05412499446244695,UNDER,0.531390452549187,-0.05412499446244695,0,tenure60:4;rest:1;shrink:0.25;voidable
sleeper,match-2839437:headshots_maps_1_2_over_under_player_1716,cs2-headshots-202609260140,2026-09-26T08:08:06+00:00,18.5,17.320389005391988,0.3788586282823765,0.6211413717176235,-0.32563164165736985,0.10563164165736988,UNDER,0.6211413717176235,0.10563164165736988,0,tenure60:14;rest:1;shrink:0.25;voidable
sleeper,match-2839437:kills_maps_1_2_over_under_player_1716,cs2-kills-202609260130,2026-09-26T08:08:06+00:00,33.5,30.88461410122925,0.34161674245294693,0.6583832575470531,-0.388506031009225,0.17192219843375445,UNDER,0.6583832575470531,0.17192219843375445,0,tenure60:14;rest:1;shrink:0.25;voidable
sleeper,match-2839437:headshots_maps_1_2_over_under_player_1995,cs2-headshots-202609260140,2026-09-26T08:08:06+00:00,16.5,15.953801872068967,0.4206198671947629,0.5793801328052369,-0.2176470470177408,-0.009259972903044755,UNDER,0.5793801328052369,-0.009259972903044755,0,tenure60:23;rest:1;shrink:0.25;voidable
sleeper,match-2839437:kills_maps_1_2_over_under_player_1995,cs2-kills-202609260130,2026-09-26T08:08:06+00:00,29.5,28.276757146131253,0.40299020017405657,0.5970097998259434,-0.25849803167973584,0.026856855700622573,UNDER,0.5970097998259434,0.026856855700622573,0,tenure60:23;rest:1;shrink:0.25;voidable
sleeper,match-2839437:headshots_maps_1_2_over_under_player_211190,cs2-headshots-202609260140,2026-09-26T08:08:06+00:00,14.5,15.599022250639415,0.5556319294234148,0.44436807057658523,-0.01097516562632167,-0.2090248343736783,OVER,0.5556319294234148,-0.01097516562632167,0,tenure60:18;rest:1;shrink:0.25;voidable
sleeper,match-2839437:kills_maps_1_2_over_under_player_211190,cs2-kills-202609260130,2026-09-26T08:08:06+00:00,26.5,27.881522248962987,0.5470543834969387,0.45294561650306125,-0.026243197375449057,-0.19375680262455103,OVER,0.5470543834969387,-0.026243197375449057,0,tenure60:18;rest:1;shrink:0.25;voidable
sleeper,match-2839437:headshots_maps_1_2_over_under_player_228924,cs2-headshots-202609260140,2026-09-26T08:08:06+00:00,15.5,15.957961100695123,0.5012860695347349,0.4987139304652651,-0.10771079622817187,-0.11228920377182822,OVER,0.5012860695347349,-0.10771079622817187,0,tenure60:4;rest:1;shrink:0.25;voidable
sleeper,match-2839437:kills_maps_1_2_over_under_player_228924,cs2-kills-202609260130,2026-09-26T08:08:06+00:00,31.5,30.420356551074526,0.4133621812475747,0.5866378187524253,-0.2146118556296081,-0.020314842683449852,UNDER,0.5866378187524253,-0.020314842683449852,0,tenure60:4;rest:1;shrink:0.25;voidable
sleeper,match-2839437:headshots_maps_1_2_over_under_player_229960,cs2-headshots-202609260140,2026-09-26T08:08:06+00:00,12.5,12.092521260416841,0.4247779225977091,0.5752220774022908,-0.1886741678383756,-0.039379130738174284,UNDER,0.5752220774022908,-0.039379130738174284,0,tenure60:18;rest:1;shrink:0.25;voidable
sleeper,match-2839437:kills_maps_1_2_over_under_player_229960,cs2-kills-202609260130,2026-09-26T08:08:06+00:00,31.5,29.719524108741005,0.3793472793146912,0.6206527206853087,-0.3209683700267027,0.09855531561299646,UNDER,0.6206527206853087,0.09855531561299646,0,tenure60:18;rest:1;shrink:0.25;voidable
sleeper,match-2839437:headshots_maps_1_2_over_under_player_2367,cs2-headshots-202609260140,2026-09-26T08:08:06+00:00,13.5,12.629548923585759,0.385444113508994,0.614555886491006,-0.3139094779539907,0.09390947795399074,UNDER,0.614555886491006,0.09390947795399074,0,tenure60:23;rest:1;shrink:0.25;voidable
sleeper,match-2839437:kills_maps_1_2_over_under_player_2367,cs2-kills-202609260130,2026-09-26T08:08:06+00:00,36.5,32.11715221937476,0.27307407818697593,0.7269259218130241,-0.5111974000453131,0.2866588816090526,UNDER,0.7269259218130241,0.2866588816090526,0,tenure60:23;rest:1;shrink:0.25;voidable
sleeper,match-2839437:headshots_maps_1_2_over_under_player_2368,cs2-headshots-202609260140,2026-09-26T08:08:06+00:00,16.5,16.296364315246677,0.44831208627587715,0.5516879137241228,-0.12130831089928079,-0.10074870062967983,UNDER,0.5516879137241228,-0.10074870062967983,0,tenure60:16;rest:1;shrink:0.25;voidable
sleeper,match-2839437:kills_maps_1_2_over_under_player_2368,cs2-kills-202609260130,2026-09-26T08:08:06+00:00,32.5,30.772138820091627,0.3846563972074297,0.6153436027925703,-0.26915284530588357,0.033777252691518045,UNDER,0.6153436027925703,0.033777252691518045,0,tenure60:16;rest:1;shrink:0.25;voidable
sleeper,match-2839437:headshots_maps_1_2_over_under_player_2662,cs2-headshots-202609260140,2026-09-26T08:08:06+00:00,14.5,14.019092669173823,0.422749560909768,0.5772504390902319,-0.24750578158061282,0.027505781580612898,UNDER,0.5772504390902319,0.027505781580612898,0,tenure60:23;rest:1;shrink:0.25;voidable
sleeper,match-2839437:kills_maps_1_2_over_under_player_2662,cs2-kills-202609260130,2026-09-26T08:08:06+00:00,29.5,27.370158410158027,0.35537593286260777,0.6446240671373922,-0.3212319682324191,0.07652219211944489,UNDER,0.6446240671373922,0.07652219211944489,0,tenure60:23;rest:1;shrink:0.25;voidable
sleeper,match-2839437:headshots_maps_1_2_over_under_player_77367,cs2-headshots-202609260140,2026-09-26T08:08:06+00:00,13.5,13.051738761539582,0.422749560909768,0.5772504390902319,-0.16718336500775693,-0.0648542886738242,UNDER,0.5772504390902319,-0.0648542886738242,0,tenure60:23;rest:1;shrink:0.25;voidable
sleeper,match-2839437:kills_maps_1_2_over_under_player_77367,cs2-kills-202609260130,2026-09-26T08:08:06+00:00,24.5,24.535383584330717,0.47132339386539324,0.5286766061346068,-0.09505908377844502,-0.12239683381655281,OVER,0.47132339386539324,-0.09505908377844502,0,tenure60:23;rest:1;shrink:0.25;voidable
prizepicks,14893789,val-kills-202609260147,2026-09-26T08:09:08+00:00,90.5,92.55531871492406,0.5430500910392753,0.45694990896072474,-0.034305204485094276,-0.18741538547598297,OVER,0.5430500910392753,-0.034305204485094276,0,shrink:0.25
prizepicks,14893790,val-kills-202609260147,2026-09-26T08:09:08+00:00,94.5,92.76923643141524,0.4457692639587602,0.5542307360412397,-0.20729769627393102,-0.014422893687146277,UNDER,0.5542307360412397,-0.014422893687146277,0,shrink:0.25
prizepicks,14893661,val-kills-202609260147,2026-09-26T08:09:08+00:00,29.5,29.97634975561316,0.5064306380511278,0.49356936194887224,-0.0994248237408053,-0.12229576622027194,OVER,0.5064306380511278,-0.0994248237408053,0,tenure60:22;rest:20;shrink:0.25
prizepicks,14893662,val-kills-202609260147,2026-09-26T08:09:08+00:00,31.5,32.55312864568751,0.535075317233528,0.46492468276647203,-0.048486580543572466,-0.17323400941750478,OVER,0.535075317233528,-0.048486580543572466,0,tenure60:22;rest:20;shrink:0.25
prizepicks,14893663,val-kills-202609260147,2026-09-26T08:09:08+00:00,26.5,28.050332078810566,0.570280512656711,0.42971948734328896,0.014118093603870507,-0.2358386835649477,OVER,0.570280512656711,0.014118093603870507,0,tenure60:22;rest:20;shrink:0.25
prizepicks,14893664,val-kills-202609260147,2026-09-26T08:09:08+00:00,28.5,29.10722269440832,0.5160038065644695,0.4839961934355304,-0.08240105528469666,-0.1393195346763807,OVER,0.5160038065644695,-0.08240105528469666,0,tenure60:22;rest:20;shrink:0.25
prizepicks,14893665,val-kills-202609260147,2026-09-26T08:09:08+00:00,31.0,31.01996737482822,0.45359666726277864,0.49155333273722135,-0.13852838614432444,-0.07103082945738776,UNDER,0.49155333273722135,-0.07103082945738776,0,tenure60:22;rest:20;shrink:0.25
prizepicks,14893666,val-kills-202609260147,2026-09-26T08:09:08+00:00,31.0,30.411700312527714,0.4208798090173726,0.5256701909826273,-0.1981081015232921,-0.011761522904365607,UNDER,0.5256701909826273,-0.011761522904365607,0,tenure60:12;rest:35;shrink:0.25
prizepicks,14893667,val-kills-202609260147,2026-09-26T08:09:08+00:00,34.0,32.60149943777071,0.387690247213679,0.567109752786321,-0.26537841590701483,0.053679596612178304,UNDER,0.567109752786321,0.053679596612178304,0,tenure60:12;rest:35;shrink:0.25
prizepicks,14893668,val-kills-202609260147,2026-09-26T08:09:08+00:00,26.5,26.727205986160627,0.49419845648450095,0.505801543515499,-0.12117706036059533,-0.1005435296004819,UNDER,0.505801543515499,-0.1005435296004819,0,tenure60:12;rest:35;shrink:0.25
prizepicks,14893669,val-kills-202609260147,2026-09-26T08:09:08+00:00,29.5,29.756036681116804,0.49373951331859167,0.5062604866814082,-0.12199318954290983,-0.09972740041816736,UNDER,0.5062604866814082,-0.09972740041816736,0,tenure60:12;rest:35;shrink:0.25
prizepicks,14893670,val-kills-202609260147,2026-09-26T08:09:08+00:00,31.5,30.449267431524397,0.42318596690068355,0.5768140330993164,-0.24745710844310137,0.02573651848202413,UNDER,0.5768140330993164,0.02573651848202413,0,tenure60:12;rest:35;shrink:0.25
prizepicks,15245112,dota-kills-202609252038,2026-09-26T10:09:20+00:00,15.5,15.306122541084221,0.44230176795405984,0.5576982320459402,-0.21346387302348196,-0.008256716937595276,UNDER,0.5576982320459402,-0.008256716937595276,0,tenure60:14;rest:1;shrink:0.25
prizepicks,15245113,dota-kills-202609252038,2026-09-26T10:09:20+00:00,13.5,14.720821688971185,0.5238692447821566,0.4761307552178434,-0.06841410845125062,-0.15330648150982662,OVER,0.5238692447821566,-0.06841410845125062,0,tenure60:14;rest:1;shrink:0.25
prizepicks,15245114,dota-kills-202609252038,2026-09-26T10:09:20+00:00,11.5,11.886008378321776,0.4775610781930214,0.5224389218069786,-0.15076296761336205,-0.07095762234771519,UNDER,0.5224389218069786,-0.07095762234771519,0,tenure60:14;rest:1;shrink:0.25
prizepicks,15245115,dota-kills-202609252038,2026-09-26T10:09:20+00:00,5.5,6.464327386941331,0.5567337438823857,0.4432662561176143,-0.00997184638007037,-0.21174874358100687,OVER,0.5567337438823857,-0.00997184638007037,0,tenure60:14;rest:1;shrink:0.25
prizepicks,15245116,dota-kills-202609252038,2026-09-26T10:09:20+00:00,5.0,5.487173254534534,0.44562909654610194,0.4261209034538981,-0.0792969530978197,-0.11398797120074938,OVER,0.44562909654610194,-0.0792969530978197,0,tenure60:14;rest:1;shrink:0.25
prizepicks,15245117,dota-kills-202609252038,2026-09-26T10:09:20+00:00,14.5,15.365982941329024,0.4999706076119282,0.5000293923880719,-0.11091256285905865,-0.11080802710201854,UNDER,0.5000293923880719,-0.11080802710201854,0,tenure60:40;rest:1;shrink:0.25
prizepicks,15245118,dota-kills-202609252038,2026-09-26T10:09:20+00:00,13.5,14.777193777218347,0.5274206567105852,0.47257934328941475,-0.06209870574235926,-0.15962188421871798,OVER,0.5274206567105852,-0.06209870574235926,0,tenure60:40;rest:1;shrink:0.25
prizepicks,15245119,dota-kills-202609252038,2026-09-26T10:09:20+00:00,9.5,10.829326780786097,0.5505806408563236,0.44941935914367637,-0.020913782799164782,-0.20080680716191246,OVER,0.5505806408563236,-0.020913782799164782,0,tenure60:40;rest:1;shrink:0.25
prizepicks,15245120,dota-kills-202609252038,2026-09-26T10:09:20+00:00,6.0,6.501721506470696,0.45024596413943796,0.43745403586056214,-0.08703687251771441,-0.10978449519073397,OVER,0.45024596413943796,-0.08703687251771441,0,tenure60:40;rest:1;shrink:0.25
prizepicks,15245121,dota-kills-202609252038,2026-09-26T10:09:20+00:00,5.5,6.419564189377213,0.5518607048906551,0.44813929510934486,-0.01863747128338178,-0.20308311867769557,OVER,0.5518607048906551,-0.01863747128338178,0,tenure60:40;rest:1;shrink:0.25
prizepicks,15236652,cs2-kills-202609260130,2026-09-26T10:32:31+00:00,31.5,30.22361740596726,0.4031465269141513,0.5968534730858487,-0.2830928319598623,0.06137224199878505,UNDER,0.5968534730858487,0.06137224199878505,0,tenure60:34;rest:1;shrink:0.25
prizepicks,15236653,cs2-kills-202609260130,2026-09-26T10:32:31+00:00,28.5,28.78232123761059,0.4854663864339646,0.5145336135660354,-0.1367051207384818,-0.08501546922259545,UNDER,0.5145336135660354,-0.08501546922259545,0,tenure60:34;rest:1;shrink:0.25
prizepicks,15236654,cs2-kills-202609260130,2026-09-26T10:32:31+00:00,27.0,26.4740830920527,0.41122487372384153,0.5346251262761584,-0.21457727416103656,0.004862854146351625,UNDER,0.5346251262761584,0.004862854146351625,0,tenure60:34;rest:1;shrink:0.25
prizepicks,15236655,cs2-kills-202609260130,2026-09-26T10:32:31+00:00,31.5,30.637665787450118,0.42399908952223014,0.5760009104777699,-0.24601114922736822,0.024290559266291034,UNDER,0.5760009104777699,0.024290559266291034,0,tenure60:34;rest:1;shrink:0.25
prizepicks,15236656,cs2-kills-202609260130,2026-09-26T10:32:31+00:00,28.5,29.623874788851875,0.5297012522050548,0.4702987477949452,-0.05804316973191648,-0.16367742022916076,OVER,0.5297012522050548,-0.05804316973191648,0,tenure60:34;rest:1;shrink:0.25
prizepicks,15236657,cs2-kills-202609260130,2026-09-26T10:32:31+00:00,29.5,29.5637280971413,0.47153215138671695,0.528467848613283,-0.1614840840176449,-0.060236505943432384,UNDER,0.528467848613283,-0.060236505943432384,0,tenure60:31;rest:1;shrink:0.25
prizepicks,15236658,cs2-kills-202609260130,2026-09-26T10:32:31+00:00,25.0,24.456641716900094,0.40523098961770254,0.5363190103822976,-0.2209360748531432,0.0121750533752909,UNDER,0.5363190103822976,0.0121750533752909,0,tenure60:31;rest:1;shrink:0.25
prizepicks,15236659,cs2-kills-202609260130,2026-09-26T10:32:31+00:00,31.5,29.913281243887422,0.3887695133333345,0.6112304866666656,-0.3086591791884789,0.08693858922740172,UNDER,0.6112304866666656,0.08693858922740172,1,tenure60:31;rest:1;shrink:0.25
prizepicks,15236660,cs2-kills-202609260130,2026-09-26T10:32:31+00:00,32.5,30.970666849029993,0.39434194943974155,0.6056580505602585,-0.2987498307966977,0.07702924083562046,UNDER,0.6056580505602585,0.07702924083562046,1,tenure60:31;rest:1;shrink:0.25
prizepicks,15236661,cs2-kills-202609260130,2026-09-26T10:32:31+00:00,30.5,30.25746113115705,0.4563975726734186,0.5436024273265814,-0.18839759372311676,-0.03332299623796048,UNDER,0.5436024273265814,-0.03332299623796048,0,tenure60:31;rest:1;shrink:0.25
prizepicks,15236662,cs2-headshots-202609260140,2026-09-26T10:32:31+00:00,10.0,10.244224321833817,0.4357323699818858,0.45681763001811426,-0.11769609817375054,-0.08020061439600895,UNDER,0.45681763001811426,-0.08020061439600895,0,tenure60:34;rest:1;shrink:0.25
prizepicks,15236663,cs2-headshots-202609260140,2026-09-26T10:32:31+00:00,16.5,15.876214413890558,0.4146876335966255,0.5853123664033745,-0.2625695195773558,0.04084892961627856,UNDER,0.5853123664033745,0.04084892961627856,0,tenure60:34;rest:1;shrink:0.25
prizepicks,15236664,cs2-headshots-202609260140,2026-09-26T10:32:31+00:00,15.5,14.59371337406193,0.39046005748222745,0.6095399425177725,-0.3056529193367407,0.08393232937566347,UNDER,0.6095399425177725,0.08393232937566347,1,tenure60:34;rest:1;shrink:0.25
prizepicks,15236665,cs2-headshots-202609260140,2026-09-26T10:32:31+00:00,18.0,17.215198907281486,0.37156548862425043,0.5580345113757496,-0.26885274209844384,0.06274128167062648,UNDER,0.5580345113757496,0.06274128167062648,0,tenure60:34;rest:1;shrink:0.25
prizepicks,15236666,cs2-headshots-202609260140,2026-09-26T10:32:31+00:00,16.5,16.76426297622551,0.4872798204153091,0.512720179584691,-0.13348032842799196,-0.08824026153308523,UNDER,0.512720179584691,-0.08824026153308523,0,tenure60:34;rest:1;shrink:0.25
prizepicks,15236667,cs2-headshots-202609260140,2026-09-26T10:32:31+00:00,9.0,9.626387413273473,0.47763825748814676,0.41196174251185314,-0.040225721261959224,-0.15701691556741515,OVER,0.47763825748814676,-0.040225721261959224,0,tenure60:31;rest:1;shrink:0.25
prizepicks,15236668,cs2-headshots-202609260140,2026-09-26T10:32:31+00:00,14.0,13.814393776466522,0.4045995252595524,0.5089504747404475,-0.19405899491941486,-0.008493850039527295,UNDER,0.5089504747404475,-0.008493850039527295,0,tenure60:31;rest:1;shrink:0.25
prizepicks,15236669,cs2-headshots-202609260140,2026-09-26T10:32:31+00:00,21.0,19.83653634721283,0.3562758977039795,0.5789741022960205,-0.3016919068198798,0.09432772505878229,UNDER,0.5789741022960205,0.09432772505878229,0,tenure60:31;rest:1;shrink:0.25
prizepicks,15236670,cs2-headshots-202609260140,2026-09-26T10:32:31+00:00,18.5,17.40378456149618,0.38488683061969486,0.615113169380305,-0.3155636739138581,0.0938430839527809,UNDER,0.615113169380305,0.0938430839527809,1,tenure60:31;rest:1;shrink:0.25
prizepicks,15236671,cs2-headshots-202609260140,2026-09-26T10:32:31+00:00,17.0,16.827509818958987,0.41473833332795135,0.5092616666720488,-0.1864793612890447,-0.018390463834990656,UNDER,0.5092616666720488,-0.018390463834990656,0,tenure60:31;rest:1;shrink:0.25
sleeper,match-2839594:headshots_maps_1_2_over_under_player_1153,cs2-headshots-202609260140,2026-09-26T10:33:37+00:00,9.5,10.119224321833817,0.5314803551241027,0.46851964487589726,-0.12837221759647155,-0.08638669249200037,UNDER,0.46851964487589726,-0.08638669249200037,0,tenure60:34;rest:1;shrink:0.25;voidable
sleeper,match-2839594:kills_maps_1_2_over_under_player_1153,cs2-kills-202609260130,2026-09-26T10:33:37+00:00,30.5,29.97361740596726,0.4408999865490962,0.5591000134509039,-0.2945600215214461,0.11820002690180775,UNDER,0.5591000134509039,0.11820002690180775,0,tenure60:34;rest:1;shrink:0.25;voidable
sleeper,match-2839594:headshots_maps_1_2_over_under_player_1154,cs2-headshots-202609260140,2026-09-26T10:33:37+00:00,21.5,19.96153634721283,0.36488162813688396,0.635118371863116,-0.28848082513307627,0.04159412985551025,UNDER,0.635118371863116,0.04159412985551025,0,tenure60:31;rest:1;shrink:0.25;voidable
sleeper,match-2839594:kills_maps_1_2_over_under_player_1154,cs2-kills-202609260130,2026-09-26T10:33:37+00:00,31.5,29.913281243887422,0.3887695133333345,0.6112304866666656,-0.30799026626666465,0.08799026626666473,UNDER,0.6112304866666656,0.08799026626666473,0,tenure60:31;rest:1;shrink:0.25;voidable
sleeper,match-2839594:headshots_maps_1_2_over_under_player_1155,cs2-headshots-202609260140,2026-09-26T10:33:37+00:00,18.5,17.40378456149618,0.38488683061969486,0.615113169380305,-0.2764127584349736,0.039541256252715595,UNDER,0.615113169380305,0.039541256252715595,0,tenure60:31;rest:1;shrink:0.25;voidable
sleeper,match-2839594:kills_maps_1_2_over_under_player_1155,cs2-kills-202609260130,2026-09-26T10:33:37+00:00,32.5,30.970666849029993,0.39434194943974155,0.6056580505602585,-0.29807132999726005,0.07807132999726007,UNDER,0.6056580505602585,0.07807132999726007,0,tenure60:31;rest:1;shrink:0.25;voidable
sleeper,match-2839594:kills_maps_1_2_over_under_player_1514,cs2-kills-202609260130,2026-09-26T10:33:37+00:00,31.5,30.637665787450118,0.42399908952223014,0.5760009104777699,-0.24952161154565267,0.036801638859985886,UNDER,0.5760009104777699,0.036801638859985886,0,tenure60:34;rest:1;shrink:0.25;voidable
sleeper,match-2839594:headshots_maps_1_2_over_under_player_1617,cs2-headshots-202609260140,2026-09-26T10:33:37+00:00,13.5,13.689393776466522,0.48124110018794714,0.5187588998120529,-0.20595218468988735,0.001204676637262092,UNDER,0.5187588998120529,0.001204676637262092,0,tenure60:31;rest:1;shrink:0.25;voidable
sleeper,match-2839594:kills_maps_1_2_over_under_player_1617,cs2-kills-202609260130,2026-09-26T10:33:37+00:00,25.5,24.581641716900094,0.41284087014199383,0.587159129858006,-0.15367621620891253,-0.07816016612293042,UNDER,0.587159129858006,-0.07816016612293042,0,tenure60:31;rest:1;shrink:0.25;voidable
sleeper,match-2839594:headshots_maps_1_2_over_under_player_2073,cs2-headshots-202609260140,2026-09-26T10:33:37+00:00,15.5,14.59371337406193,0.39046005748222745,0.6095399425177725,-0.26203049135859013,0.030122502855035593,UNDER,0.6095399425177725,0.030122502855035593,0,tenure60:34;rest:1;shrink:0.25;voidable
sleeper,match-2839594:kills_maps_1_2_over_under_player_2073,cs2-kills-202609260130,2026-09-26T10:33:37+00:00,27.5,26.5990830920527,0.4177937411201813,0.5822062588798187,-0.17276839258204102,-0.056825860614693635,UNDER,0.5822062588798187,-0.056825860614693635,0,tenure60:34;rest:1;shrink:0.25;voidable
sleeper,match-2839594:headshots_maps_1_2_over_under_player_2075,cs2-headshots-202609260140,2026-09-26T10:33:37+00:00,16.5,16.702509818958987,0.4821037635607913,0.5178962364392086,-0.22381294066712581,0.030613510514025166,UNDER,0.5178962364392086,0.030613510514025166,0,tenure60:31;rest:1;shrink:0.25;voidable
sleeper,match-2839594:kills_maps_1_2_over_under_player_2075,cs2-kills-202609260130,2026-09-26T10:33:37+00:00,29.5,30.00746113115705,0.4937635414915186,0.5062364585084813,-0.24454178151797645,0.06815892745289565,UNDER,0.5062364585084813,0.06815892745289565,0,tenure60:31;rest:1;shrink:0.25;voidable
sleeper,match-2839594:headshots_maps_1_2_over_under_player_2083,cs2-headshots-202609260140,2026-09-26T10:33:37+00:00,16.5,16.76426297622551,0.4872798204153091,0.512720179584691,-0.10340513043583127,-0.11299408931848465,OVER,0.4872798204153091,-0.10340513043583127,0,tenure60:34;rest:1;shrink:0.25;voidable
sleeper,match-2839594:kills_maps_1_2_over_under_player_2083,cs2-kills-202609260130,2026-09-26T10:33:37+00:00,28.5,29.623874788851875,0.5297012522050548,0.4702987477949452,-0.05713177107500239,-0.16286822892499758,OVER,0.5297012522050548,-0.05713177107500239,0,tenure60:34;rest:1;shrink:0.25;voidable
sleeper,match-2839594:headshots_maps_1_2_over_under_player_2699,cs2-headshots-202609260140,2026-09-26T10:33:37+00:00,8.5,9.501387413273473,0.5758713391308344,0.4241286608691655,-0.04981229043412316,-0.17719039791381902,OVER,0.5758713391308344,-0.04981229043412316,0,tenure60:31;rest:1;shrink:0.25;voidable
sleeper,match-2839594:kills_maps_1_2_over_under_player_2699,cs2-kills-202609260130,2026-09-26T10:33:37+00:00,29.5,29.5637280971413,0.47153215138671695,0.528467848613283,-0.16067277053164375,-0.059327229468356224,UNDER,0.528467848613283,-0.059327229468356224,0,tenure60:31;rest:1;shrink:0.25;voidable
sleeper,match-2839594:kills_maps_1_2_over_under_player_51952,cs2-kills-202609260130,2026-09-26T10:33:37+00:00,29.5,29.03232123761059,0.4425173983072862,0.5574826016927138,-0.11939037736850044,-0.10245301127473072,UNDER,0.5574826016927138,-0.10245301127473072,0,tenure60:34;rest:1;shrink:0.25;voidable
prizepicks,15232873,cs2-kills-202609260130,2026-09-26T11:33:13+00:00,13.0,13.050880744883386,0.42624419221868237,0.4951776820254221,-0.16344060357294882,-0.04085759798749555,UNDER,0.4951776820254221,-0.04085759798749555,0,tenure60:0;rest:230;shrink:0.25;voidable
prizepicks,15232874,cs2-kills-202609260130,2026-09-26T11:33:13+00:00,15.5,15.274261215117368,0.44671954767026634,0.5532804523297337,-0.20560782631606433,-0.016112763645012906,UNDER,0.5532804523297337,-0.016112763645012906,0,tenure60:13;rest:1;shrink:0.25;voidable
prizepicks,15232875,cs2-kills-202609260130,2026-09-26T11:33:13+00:00,13.5,14.13975064267705,0.5128828565550514,0.4871171434449486,-0.08795097642620575,-0.1337696135348715,OVER,0.5128828565550514,-0.08795097642620575,0,tenure60:13;rest:1;shrink:0.25;voidable
prizepicks,15232876,cs2-kills-202609260130,2026-09-26T11:33:13+00:00,16.5,16.55099147808533,0.4667809219916464,0.5332190780083537,-0.16993309742327067,-0.05178749253780651,UNDER,0.5332190780083537,-0.05178749253780651,0,tenure60:13;rest:1;shrink:0.25;voidable
prizepicks,15232877,cs2-kills-202609260130,2026-09-26T11:33:13+00:00,13.0,13.434474232014088,0.457373071116872,0.4643280591982972,-0.10836401524176786,-0.09599610313950319,UNDER,0.4643280591982972,-0.09599610313950319,0,tenure60:13;rest:1;shrink:0.25;voidable
prizepicks,15232878,cs2-kills-202609260130,2026-09-26T11:33:13+00:00,15.0,14.16996374083099,0.36490426287079913,0.56530205983528,-0.2813045854075065,0.07505869075159044,UNDER,0.56530205983528,0.07505869075159044,0,tenure60:44;rest:1;shrink:0.25;voidable
prizepicks,15232879,cs2-kills-202609260130,2026-09-26T11:33:13+00:00,14.0,13.532526054918884,0.3879821541144304,0.5379425900879757,-0.23598406807816646,0.03068748753404943,UNDER,0.5379425900879757,0.03068748753404943,0,tenure60:44;rest:1;shrink:0.25;voidable
prizepicks,15232880,cs2-kills-202609260130,2026-09-26T11:33:13+00:00,13.0,13.154609256122292,0.43471324219099666,0.4867413143479643,-0.1484129486794481,-0.055892499218693215,UNDER,0.4867413143479643,-0.055892499218693215,0,tenure60:43;rest:1;shrink:0.25;voidable
prizepicks,15232881,cs2-kills-202609260130,2026-09-26T11:33:13+00:00,14.5,14.367625040720561,0.45279794398163153,0.5472020560183685,-0.19479873930950709,-0.026921850651570156,UNDER,0.5472020560183685,-0.026921850651570156,0,tenure60:44;rest:1;shrink:0.25;voidable
prizepicks,15232882,cs2-kills-202609260130,2026-09-26T11:33:13+00:00,14.5,14.790953666137185,0.4847979279020912,0.5152020720979088,-0.13789382678217704,-0.0838267631789002,UNDER,0.5152020720979088,-0.0838267631789002,0,tenure60:44;rest:1;shrink:0.25;voidable
prizepicks,15232883,cs2-headshots-202609260140,2026-09-26T11:33:13+00:00,8.0,7.490482075644371,0.345999220822318,0.5449175822086708,-0.27563351275315023,0.07809891357888266,UNDER,0.5449175822086708,0.07809891357888266,0,tenure60:0;rest:230;shrink:0.25;voidable
prizepicks,15232884,cs2-headshots-202609260140,2026-09-26T11:33:13+00:00,9.0,9.140806799682695,0.42271620684240124,0.4756312920717573,-0.14663997199656204,-0.05254216545274343,UNDER,0.4756312920717573,-0.05254216545274343,0,tenure60:13;rest:1;shrink:0.25;voidable
prizepicks,15232885,cs2-headshots-202609260140,2026-09-26T11:33:13+00:00,8.0,8.251329470299778,0.4313052293474356,0.45869223915167556,-0.12301625970845109,-0.07431450407103701,UNDER,0.45869223915167556,-0.07431450407103701,0,tenure60:13;rest:1;shrink:0.25;voidable
prizepicks,15232886,cs2-headshots-202609260140,2026-09-26T11:33:13+00:00,5.5,5.55980691410101,0.46380897180759856,0.5361910281924014,-0.1752180552432242,-0.04650253471785304,UNDER,0.5361910281924014,-0.04650253471785304,0,tenure60:13;rest:1;shrink:0.25;voidable
prizepicks,15232887,cs2-headshots-202609260140,2026-09-26T11:33:13+00:00,7.0,7.083869897427881,0.40772963743195617,0.471736488043191,-0.1544089063672643,-0.04058684182386807,UNDER,0.471736488043191,-0.04058684182386807,0,tenure60:13;rest:1;shrink:0.25;voidable
prizepicks,15232888,cs2-headshots-202609260140,2026-09-26T11:33:13+00:00,6.0,5.986418430380053,0.38834066675762696,0.47835579663793026,-0.17611825161968248,-0.016046199561559726,UNDER,0.47835579663793026,-0.016046199561559726,0,tenure60:44;rest:1;shrink:0.25;voidable
prizepicks,15232889,cs2-headshots-202609260140,2026-09-26T11:33:13+00:00,7.5,7.1331348345318935,0.4137171588281711,0.5862828411718288,-0.2642952948760605,0.04257470491498322,UNDER,0.5862828411718288,0.04257470491498322,0,tenure60:44;rest:1;shrink:0.25;voidable
prizepicks,15232890,cs2-headshots-202609260140,2026-09-26T11:33:13+00:00,8.0,8.047662932485725,0.4087105962789551,0.48103168593565476,-0.1629406441870132,-0.03433353953892543,UNDER,0.48103168593565476,-0.03433353953892543,0,tenure60:43;rest:1;shrink:0.25;voidable
prizepicks,15232891,cs2-headshots-202609260140,2026-09-26T11:33:13+00:00,8.0,8.218922707481626,0.4277276340926055,0.46220670277838444,-0.1293150920594472,-0.06800167413820868,UNDER,0.46220670277838444,-0.06800167413820868,0,tenure60:44;rest:1;shrink:0.25;voidable
prizepicks,15232892,cs2-headshots-202609260140,2026-09-26T11:33:13+00:00,8.5,8.400237358557074,0.4476463722053453,0.5523536277946547,-0.20395967332861453,-0.01776091663246271,UNDER,0.5523536277946547,-0.01776091663246271,0,tenure60:44;rest:1;shrink:0.25;voidable
prizepicks,15248450,cs2-kills-202609260130,2026-09-26T11:33:13+00:00,18.0,16.43938944943181,0.3306958881417764,0.6098706633270757,-0.3524968626017964,0.14395389191246655,UNDER,0.6098706633270757,0.14395389191246655,0,opponent_unmapped;tenure60:23;rest:1;shrink:0.25;voidable
prizepicks,15248455,cs2-headshots-202609260140,2026-09-26T11:33:13+00:00,6.5,6.295934424704438,0.4298071033389059,0.5701928966610941,-0.23568287784395203,0.013962287882874791,UNDER,0.5701928966610941,0.013962287882874791,0,opponent_unmapped;tenure60:23;rest:1;shrink:0.25;voidable
prizepicks,15235482,cs2-kills-202609260130,2026-09-26T11:33:13+00:00,12.0,13.007634235306845,0.5047098167955357,0.4136804000240353,-0.020875141567552935,-0.18275087912016397,OVER,0.5047098167955357,-0.020875141567552935,0,tenure60:45;rest:1;shrink:0.25;voidable
prizepicks,15248451,cs2-kills-202609260130,2026-09-26T11:33:13+00:00,16.0,15.520390299244255,0.39468603831716215,0.5383183027953184,-0.2311422857432378,0.02427601279553243,UNDER,0.5383183027953184,0.02427601279553243,0,opponent_unmapped;tenure60:14;rest:1;shrink:0.25;voidable
prizepicks,15248456,cs2-headshots-202609260140,2026-09-26T11:33:13+00:00,9.0,8.815067601564895,0.3891027089352779,0.5092966246117215,-0.2064659978570268,0.0072723676023474515,UNDER,0.5092966246117215,0.0072723676023474515,0,opponent_unmapped;tenure60:14;rest:1;shrink:0.25;voidable
prizepicks,15235483,cs2-kills-202609260130,2026-09-26T11:33:13+00:00,15.5,15.999855634093525,0.4986830172684862,0.5013169827315138,-0.11320225825536645,-0.10851833170571079,UNDER,0.5013169827315138,-0.10851833170571079,0,tenure60:45;rest:1;shrink:0.25;voidable
prizepicks,15248452,cs2-kills-202609260130,2026-09-26T11:33:13+00:00,14.0,14.01103047140674,0.42533513031162073,0.5002928911814563,-0.16926331689369972,-0.03596747411624995,UNDER,0.5002928911814563,-0.03596747411624995,0,opponent_unmapped;tenure60:23;rest:1;shrink:0.25;voidable
prizepicks,15248457,cs2-headshots-202609260140,2026-09-26T11:33:13+00:00,8.0,7.906902190135052,0.3929617511093129,0.4968086132113195,-0.1909745733901015,-0.006305836716951729,UNDER,0.4968086132113195,-0.006305836716951729,0,opponent_unmapped;tenure60:23;rest:1;shrink:0.25;voidable
prizepicks,15235484,cs2-kills-202609260130,2026-09-26T11:33:13+00:00,15.5,14.848389075765413,0.41542490537433935,0.5845750946256607,-0.26125844435544454,0.039537854394367355,UNDER,0.5845750946256607,0.039537854394367355,0,tenure60:45;rest:1;shrink:0.25;voidable
prizepicks,15248453,cs2-kills-202609260130,2026-09-26T11:33:13+00:00,14.0,13.704803633214222,0.4014793567027073,0.524265547837404,-0.21180243096001472,0.006545724571920097,UNDER,0.524265547837404,0.006545724571920097,0,opponent_unmapped;tenure60:23;rest:1;shrink:0.25;voidable
prizepicks,15248458,cs2-headshots-202609260140,2026-09-26T11:33:13+00:00,7.0,7.115634676602173,0.41159213500870523,0.467909182572177,-0.14757549856094127,-0.047428052444636715,UNDER,0.467909182572177,-0.047428052444636715,0,opponent_unmapped;tenure60:23;rest:1;shrink:0.25;voidable
prizepicks,15235485,cs2-kills-202609260130,2026-09-26T11:33:13+00:00,15.0,15.024448897228064,0.42841780350521635,0.5009727968027134,-0.16754404144050256,-0.038520990764051466,UNDER,0.5009727968027134,-0.038520990764051466,0,tenure60:45;rest:1;shrink:0.25;voidable
prizepicks,15248454,cs2-kills-202609260130,2026-09-26T11:33:13+00:00,11.5,12.340286336845713,0.535453893142191,0.46454610685780895,-0.0478133668000601,-0.17390722316101714,OVER,0.535453893142191,-0.0478133668000601,0,opponent_unmapped;tenure60:23;rest:1;shrink:0.25;voidable
prizepicks,15248459,cs2-headshots-202609260140,2026-09-26T11:33:13+00:00,6.5,6.645897506723482,0.4754533401961211,0.5245466598038788,-0.15451111469500645,-0.06720947526607085,UNDER,0.5245466598038788,-0.06720947526607085,0,opponent_unmapped;tenure60:23;rest:1;shrink:0.25;voidable
prizepicks,15235486,cs2-kills-202609260130,2026-09-26T11:33:13+00:00,14.5,14.674693508599493,0.47608444127135446,0.5239155587286455,-0.15338884064726555,-0.06833174931381175,UNDER,0.5239155587286455,-0.06833174931381175,0,tenure60:45;rest:1;shrink:0.25;voidable
prizepicks,15235487,cs2-kills-202609260130,2026-09-26T11:33:13+00:00,13.5,,,,,,,,,0,player_unmapped:Ag1l
prizepicks,15235488,cs2-kills-202609260130,2026-09-26T11:33:13+00:00,13.5,13.955660924455927,0.49864751352064507,0.5013524864793549,-0.11326539383913153,-0.10845519612194571,UNDER,0.5013524864793549,-0.10845519612194571,0,tenure60:34;rest:1;shrink:0.25;voidable
prizepicks,15235489,cs2-kills-202609260130,2026-09-26T11:33:13+00:00,14.0,14.132754541932293,0.43475368385911517,0.49089714559838876,-0.15253730501226825,-0.05269854299300997,UNDER,0.49089714559838876,-0.05269854299300997,0,tenure60:34;rest:1;shrink:0.25;voidable
prizepicks,15235490,cs2-kills-202609260130,2026-09-26T11:33:13+00:00,14.5,14.667782547115102,0.47556459694237396,0.524435403057626,-0.15431326911391713,-0.06740732084716011,UNDER,0.524435403057626,-0.06740732084716011,0,tenure60:34;rest:1;shrink:0.25;voidable
prizepicks,15235491,cs2-kills-202609260130,2026-09-26T11:33:13+00:00,14.5,14.531278742212322,0.4652554050317802,0.5347445949682198,-0.17264589282266585,-0.049074697138411394,UNDER,0.5347445949682198,-0.049074697138411394,0,tenure60:33;rest:1;shrink:0.25;voidable
prizepicks,15235492,cs2-headshots-202609260140,2026-09-26T11:33:13+00:00,6.5,6.200826350974484,0.41715513930271325,0.5828448606972867,-0.2581816049860664,0.03646101502498911,UNDER,0.5828448606972867,0.03646101502498911,0,tenure60:45;rest:1;shrink:0.25;voidable
prizepicks,15235493,cs2-headshots-202609260140,2026-09-26T11:33:13+00:00,6.0,6.038950796933848,0.3954327732380548,0.4712738573521408,-0.16351667188637237,-0.028650033571263223,UNDER,0.4712738573521408,-0.028650033571263223,0,tenure60:45;rest:1;shrink:0.25;voidable
prizepicks,15235494,cs2-headshots-202609260140,2026-09-26T11:33:13+00:00,9.5,8.995524231286225,0.407779782529229,0.592220217470771,-0.2748536088981225,0.05313301893704525,UNDER,0.592220217470771,0.05313301893704525,0,tenure60:45;rest:1;shrink:0.25;voidable
prizepicks,15235495,cs2-headshots-202609260140,2026-09-26T11:33:13+00:00,8.0,7.8300865510500195,0.3843316227104689,0.5055280310023847,-0.2064106424199792,0.009110435016205343,UNDER,0.5055280310023847,0.009110435016205343,0,tenure60:45;rest:1;shrink:0.25;voidable
prizepicks,15235496,cs2-headshots-202609260140,2026-09-26T11:33:13+00:00,8.0,8.056943296474767,0.4097454788557091,0.48000095979378354,-0.16110449024384638,-0.03617061504928659,UNDER,0.48000095979378354,-0.03617061504928659,0,tenure60:45;rest:1;shrink:0.25;voidable
prizepicks,15235499,cs2-headshots-202609260140,2026-09-26T11:33:13+00:00,6.5,7.398883696253558,0.5671818100424801,0.43281818995751986,0.008607734547149914,-0.23032832450822716,OVER,0.5671818100424801,0.008607734547149914,0,tenure60:34;rest:1;shrink:0.25;voidable
prizepicks,15235500,cs2-headshots-202609260140,2026-09-26T11:33:13+00:00,8.0,8.568850900319118,0.4659338211189243,0.4251030757472945,-0.06247637632967712,-0.13508485012058852,OVER,0.4659338211189243,-0.06247637632967712,0,tenure60:34;rest:1;shrink:0.25;voidable
prizepicks,15235501,cs2-headshots-202609260140,2026-09-26T11:33:13+00:00,8.0,8.456420458765416,0.4537668617020881,0.4368175251864269,-0.08366011976571236,-0.11380077590533338,OVER,0.4537668617020881,-0.08366011976571236,0,tenure60:33;rest:1;shrink:0.25;voidable
prizepicks,14893741,val-kills-202609260147,2026-09-26T11:35:19+00:00,15.0,15.05067487780658,0.441496696797435,0.4837572408011631,-0.14014945208352225,-0.06499839682464864,UNDER,0.4837572408011631,-0.06499839682464864,0,tenure60:22;rest:20;shrink:0.25;voidable
prizepicks,14893742,val-kills-202609260147,2026-09-26T11:35:19+00:00,16.0,16.339064322843754,0.4641620761320819,0.46466955180472985,-0.10342176503021161,-0.10251933149044606,UNDER,0.46466955180472985,-0.10251933149044606,0,tenure60:22;rest:20;shrink:0.25;voidable
prizepicks,14893743,val-kills-202609260147,2026-09-26T11:35:19+00:00,13.0,13.962666039405283,0.5127058886679884,0.4060024069383359,-0.006973970382332273,-0.1967225749216377,OVER,0.5127058886679884,-0.006973970382332273,0,tenure60:22;rest:20;shrink:0.25;voidable
prizepicks,14893744,val-kills-202609260147,2026-09-26T11:35:19+00:00,14.0,14.49111134720416,0.47455389141188875,0.44723003246499515,-0.07789450982527535,-0.12648396559334407,OVER,0.47455389141188875,-0.07789450982527535,0,tenure60:22;rest:20;shrink:0.25;voidable
prizepicks,14893745,val-kills-202609260147,2026-09-26T11:35:19+00:00,15.5,15.513480412869121,0.47650517022026556,0.5234948297797344,-0.15264066702020962,-0.06907992294086762,UNDER,0.5234948297797344,-0.06907992294086762,0,tenure60:22;rest:20;shrink:0.25;voidable
prizepicks,14893746,val-kills-202609260147,2026-09-26T11:35:19+00:00,15.5,15.209691658189803,0.4536075211805698,0.5463924788194302,-0.19335908484579817,-0.028361505115279073,UNDER,0.5463924788194302,-0.028361505115279073,0,tenure60:12;rest:35;shrink:0.25;voidable
prizepicks,14893747,val-kills-202609260147,2026-09-26T11:35:19+00:00,17.0,16.304835288601286,0.39236976627197157,0.5399687112249406,-0.2345954010136806,0.027876763739652533,UNDER,0.5399687112249406,0.027876763739652533,0,tenure60:12;rest:35;shrink:0.25;voidable
prizepicks,14893748,val-kills-202609260147,2026-09-26T11:35:19+00:00,13.0,13.304510621896624,0.45869162278666475,0.45862401481642157,-0.10163376924422002,-0.10175399510565802,OVER,0.45869162278666475,-0.10163376924422002,0,tenure60:12;rest:35;shrink:0.25;voidable
prizepicks,14893749,val-kills-202609260147,2026-09-26T11:35:19+00:00,14.5,14.81931226574184,0.5001171626505748,0.4998828373494252,-0.11065194705139586,-0.11106864290968138,OVER,0.5001171626505748,-0.11065194705139586,0,tenure60:12;rest:35;shrink:0.25;voidable
prizepicks,14893750,val-kills-202609260147,2026-09-26T11:35:19+00:00,15.5,15.16596039648867,0.45028476967648046,0.5497152303235195,-0.19926786543019614,-0.022452724530881096,UNDER,0.5497152303235195,-0.022452724530881096,0,tenure60:12;rest:35;shrink:0.25;voidable
prizepicks,15242316,cs2-kills-202609260130,2026-09-26T12:33:29+00:00,30.5,29.18834622138236,0.4011664720181498,0.5988335279818502,-0.2866139228121685,0.06489333285109128,UNDER,0.5988335279818502,0.06489333285109128,0,tenure60:29;rest:1;shrink:0.25
prizepicks,15242317,cs2-kills-202609260130,2026-09-26T12:33:29+00:00,27.5,26.94973006350399,0.43735230260253904,0.562647697397461,-0.22226540534879252,0.0005448153877152806,UNDER,0.562647697397461,0.0005448153877152806,0,tenure60:29;rest:1;shrink:0.25
prizepicks,15242318,cs2-kills-202609260130,2026-09-26T12:33:29+00:00,26.5,26.648060573875107,0.47800359752242144,0.5219964024775785,-0.14997604460134567,-0.07174454535973163,UNDER,0.5219964024775785,-0.07174454535973163,0,tenure60:29;rest:1;shrink:0.25
prizepicks,15242319,cs2-kills-202609260130,2026-09-26T12:33:29+00:00,27.5,27.65159682254064,0.47654231368284505,0.523457686317155,-0.15257461556548702,-0.06914597439559023,UNDER,0.523457686317155,-0.06914597439559023,0,tenure60:29;rest:1;shrink:0.25
prizepicks,15242320,cs2-kills-202609260130,2026-09-26T12:33:29+00:00,28.5,27.017959846221355,0.3883008815559594,0.6116991184440406,-0.3094925374290749,0.0877719474679976,UNDER,0.6116991184440406,0.0877719474679976,1,tenure60:29;rest:1;shrink:0.25
prizepicks,15242321,cs2-kills-202609260130,2026-09-26T12:33:29+00:00,32.0,31.336981467357298,0.4108078593347664,0.5421421406652337,-0.22241884226281894,0.011130206059410397,UNDER,0.5421421406652337,0.011130206059410397,0,tenure60:47;rest:1;shrink:0.25
prizepicks,15242322,cs2-kills-202609260130,2026-09-26T12:33:29+00:00,28.5,27.960356638647607,0.43896959600593066,0.5610304039940692,-0.21938940578954924,-0.0023311841715279447,UNDER,0.5610304039940692,-0.0023311841715279447,0,tenure60:47;rest:1;shrink:0.25
prizepicks,15242323,cs2-kills-202609260130,2026-09-26T12:33:29+00:00,28.5,30.158551505824953,0.5551788242672845,0.4448211757327155,-0.012736927915870555,-0.2089836620452067,OVER,0.5551788242672845,-0.012736927915870555,0,tenure60:47;rest:1;shrink:0.25
prizepicks,15242324,cs2-kills-202609260130,2026-09-26T12:33:29+00:00,28.5,27.827145491580517,0.43041429152528515,0.5695857084747149,-0.23460312759409507,0.012882537633017888,UNDER,0.5695857084747149,0.012882537633017888,0,tenure60:47;rest:1;shrink:0.25
prizepicks,15242325,cs2-kills-202609260130,2026-09-26T12:33:29+00:00,29.5,29.642652360687542,0.47596823565446217,0.5240317643455378,-0.153595486703116,-0.06812510325796117,UNDER,0.5240317643455378,-0.06812510325796117,0,tenure60:44;rest:1;shrink:0.25
prizepicks,15242326,cs2-headshots-202609260140,2026-09-26T12:33:29+00:00,18.5,18.070927590104297,0.43451510695770845,0.5654848930422915,-0.2273107319462468,0.00559014198516955,UNDER,0.5654848930422915,0.00559014198516955,0,tenure60:29;rest:1;shrink:0.25
prizepicks,15242327,cs2-headshots-202609260140,2026-09-26T12:33:29+00:00,9.5,10.495563330320723,0.5695820481354325,0.43041795186456755,0.01287602852703812,-0.23459661848811536,OVER,0.5695820481354325,0.01287602852703812,0,tenure60:29;rest:1;shrink:0.25
prizepicks,15242328,cs2-headshots-202609260140,2026-09-26T12:33:29+00:00,15.5,15.1276491747127,0.4347179824366788,0.5652820175633212,-0.22694996265919204,0.005229372698114798,UNDER,0.5652820175633212,0.005229372698114798,0,tenure60:29;rest:1;shrink:0.25
prizepicks,15242329,cs2-headshots-202609260140,2026-09-26T12:33:29+00:00,14.5,15.366506662559331,0.5378231743672582,0.46217682563274176,-0.04360012278093134,-0.1781204671801459,OVER,0.5378231743672582,-0.04360012278093134,0,tenure60:29;rest:1;shrink:0.25
prizepicks,15242330,cs2-headshots-202609260140,2026-09-26T12:33:29+00:00,13.5,13.539432288760818,0.4662213899640864,0.5337786100359136,-0.17092810170713796,-0.05079248825393928,UNDER,0.5337786100359136,-0.05079248825393928,0,tenure60:29;rest:1;shrink:0.25
prizepicks,15242331,cs2-headshots-202609260140,2026-09-26T12:33:29+00:00,17.5,17.639166303843204,0.47733379549469884,0.5226662045053012,-0.15116713975604718,-0.07055345020503001,UNDER,0.5226662045053012,-0.07055345020503001,0,tenure60:47;rest:1;shrink:0.25
prizepicks,15242332,cs2-headshots-202609260140,2026-09-26T12:33:29+00:00,17.0,17.35477175996702,0.45353736947070483,0.46921263052929524,-0.11623383418703015,-0.08835884019955392,UNDER,0.46921263052929524,-0.08835884019955392,0,tenure60:47;rest:1;shrink:0.25
prizepicks,15242333,cs2-headshots-202609260140,2026-09-26T12:33:29+00:00,9.5,10.066834730306718,0.5255432440077575,0.47445675599224246,-0.0654372700959433,-0.15628331986513394,OVER,0.5255432440077575,-0.0654372700959433,0,tenure60:47;rest:1;shrink:0.25
prizepicks,15242334,cs2-headshots-202609260140,2026-09-26T12:33:29+00:00,15.5,15.40216849132847,0.4564291738995467,0.5435708261004533,-0.18834139791336119,-0.03337919204771611,UNDER,0.5435708261004533,-0.03337919204771611,0,tenure60:47;rest:1;shrink:0.25
prizepicks,15242335,cs2-headshots-202609260140,2026-09-26T12:33:29+00:00,17.0,16.89239943183025,0.4195550541223008,0.5041449458776992,-0.17761388587654664,-0.027189423070500374,UNDER,0.5041449458776992,-0.027189423070500374,0,tenure60:44;rest:1;shrink:0.25
prizepicks,15243117,cs2-kills-202609260130,2026-09-26T12:33:29+00:00,30.0,29.75278733489647,0.4290059747996763,0.5205440252003237,-0.18665750823005872,-0.02387727796748218,UNDER,0.5205440252003237,-0.02387727796748218,0,tenure60:22;rest:2;shrink:0.25
prizepicks,15243118,cs2-kills-202609260130,2026-09-26T12:33:29+00:00,30.5,30.405443961520714,0.46490412467744097,0.535095875322559,-0.17327056744393843,-0.04845002251713887,UNDER,0.535095875322559,-0.04845002251713887,0,tenure60:22;rest:2;shrink:0.25
prizepicks,15243119,cs2-kills-202609260130,2026-09-26T12:33:29+00:00,29.5,29.84887034395345,0.48609261423747857,0.5139073857625214,-0.13559151272949888,-0.08612907723157842,UNDER,0.5139073857625214,-0.08612907723157842,0,tenure60:22;rest:2;shrink:0.25
prizepicks,15243120,cs2-kills-202609260130,2026-09-26T12:33:29+00:00,26.5,26.38657274459389,0.46239907934211516,0.5376009206578849,-0.17772523798496248,-0.043995351976114705,UNDER,0.5376009206578849,-0.043995351976114705,0,tenure60:22;rest:2;shrink:0.25
prizepicks,15243121,cs2-kills-202609260130,2026-09-26T12:33:29+00:00,30.5,29.878217168058693,0.4356307320347743,0.5643692679652257,-0.22532683884237747,0.0036062488813002336,UNDER,0.5643692679652257,0.0036062488813002336,0,tenure60:22;rest:2;shrink:0.25
prizepicks,15243122,cs2-kills-202609260130,2026-09-26T12:33:29+00:00,26.0,27.835431882119956,0.5448143600184682,0.4039356399815318,0.020082158714374854,-0.2304395684399469,OVER,0.5448143600184682,0.020082158714374854,0,tenure60:60;rest:1;shrink:0.25
prizepicks,15243123,cs2-kills-202609260130,2026-09-26T12:33:29+00:00,25.5,26.618261862185044,0.5338713585147264,0.46612864148527355,-0.05062755554375403,-0.1710930344173232,OVER,0.5338713585147264,-0.05062755554375403,0,tenure60:60;rest:1;shrink:0.25
prizepicks,15243124,cs2-kills-202609260130,2026-09-26T12:33:29+00:00,29.5,29.49915918128513,0.4680876548370805,0.5319123451629195,-0.16760936130981363,-0.05411122865126361,UNDER,0.5319123451629195,-0.05411122865126361,0,tenure60:60;rest:1;shrink:0.25
prizepicks,15243125,cs2-kills-202609260130,2026-09-26T12:33:29+00:00,26.5,27.14373024782963,0.5068593332959033,0.49314066670409673,-0.09866248381383941,-0.12305810614723783,OVER,0.5068593332959033,-0.09866248381383941,0,tenure60:59;rest:1;shrink:0.25
prizepicks,15243126,cs2-kills-202609260130,2026-09-26T12:33:29+00:00,29.0,28.765535137007554,0.42879733996445507,0.5175526600355449,-0.18382851926174942,-0.025996761047916095,UNDER,0.5175526600355449,-0.025996761047916095,0,tenure60:60;rest:1;shrink:0.25
prizepicks,15243127,cs2-headshots-202609260140,2026-09-26T12:33:29+00:00,10.5,10.151910462599517,0.42584284379091236,0.5741571562090876,-0.24273243897419916,0.021011849013121975,UNDER,0.5741571562090876,0.021011849013121975,0,tenure60:22;rest:2;shrink:0.25
prizepicks,15243128,cs2-headshots-202609260140,2026-09-26T12:33:29+00:00,17.5,17.446615642904128,0.46069095099719565,0.5393090490028043,-0.18076276745043657,-0.040957822510640673,UNDER,0.5393090490028043,-0.040957822510640673,0,tenure60:22;rest:2;shrink:0.25
prizepicks,15243129,cs2-headshots-202609260140,2026-09-26T12:33:29+00:00,17.5,17.390351910730903,0.4564799081707383,0.5435200918292616,-0.18825117820351778,-0.03346941175755935,UNDER,0.5435200918292616,-0.03346941175755935,0,tenure60:22;rest:2;shrink:0.25
prizepicks,15243130,cs2-headshots-202609260140,2026-09-26T12:33:29+00:00,14.5,14.479368249837027,0.4626189602607882,0.5373810397392118,-0.1773342282746257,-0.04438636168645155,UNDER,0.5373810397392118,-0.04438636168645155,0,tenure60:22;rest:2;shrink:0.25
prizepicks,15243131,cs2-headshots-202609260140,2026-09-26T12:33:29+00:00,17.0,15.696220055729707,0.3276950302947757,0.6004549697052243,-0.34541667485471933,0.13962670928234555,UNDER,0.6004549697052243,0.13962670928234555,1,tenure60:22;rest:2;shrink:0.25
prizepicks,15243132,cs2-headshots-202609260140,2026-09-26T12:33:29+00:00,12.5,14.687969895543048,0.6496021559711767,0.3503978440288233,0.15517413868043634,-0.3768947286415136,OVER,0.6496021559711767,0.15517413868043634,1,tenure60:60;rest:1;shrink:0.25
prizepicks,15243133,cs2-headshots-202609260140,2026-09-26T12:33:29+00:00,14.5,15.294575736955213,0.5324444815802241,0.46755551841977594,-0.05316494141703909,-0.16855564854403815,OVER,0.5324444815802241,-0.05316494141703909,0,tenure60:60;rest:1;shrink:0.25
prizepicks,15243134,cs2-headshots-202609260140,2026-09-26T12:33:29+00:00,9.5,10.464791362980165,0.5671980409031457,0.43280195909685426,0.008636597552478809,-0.23035718751355605,OVER,0.5671980409031457,0.008636597552478809,0,tenure60:60;rest:1;shrink:0.25
prizepicks,15243135,cs2-headshots-202609260140,2026-09-26T12:33:29+00:00,14.5,15.104461969302273,0.5182865432427525,0.4817134567572475,-0.07834171165116549,-0.14337887830991175,OVER,0.5182865432427525,-0.07834171165116549,0,tenure60:59;rest:1;shrink:0.25
prizepicks,15243136,cs2-headshots-202609260140,2026-09-26T12:33:29+00:00,17.0,17.154602710964234,0.4384205772278279,0.4837294227721721,-0.14251571457837425,-0.061943927454233105,UNDER,0.4837294227721721,-0.061943927454233105,0,tenure60:60;rest:1;shrink:0.25
prizepicks,15236722,cs2-kills-202609260130,2026-09-26T12:33:29+00:00,15.0,14.931509120902327,0.42156766393915873,0.5078275685444785,-0.1797301357624232,-0.02633592349086139,UNDER,0.5078275685444785,-0.02633592349086139,0,tenure60:34;rest:1;shrink:0.25;voidable
prizepicks,15236723,cs2-kills-202609260130,2026-09-26T12:33:29+00:00,14.5,14.460638310582713,0.45989073478352765,0.5401092652164723,-0.18218577546678172,-0.03953481449429558,UNDER,0.5401092652164723,-0.03953481449429558,0,tenure60:34;rest:1;shrink:0.25;voidable
prizepicks,15236724,cs2-kills-202609260130,2026-09-26T12:33:29+00:00,13.5,13.247186274896544,0.4422414184118136,0.5577585815881865,-0.2135711913718638,-0.008149398589213375,UNDER,0.5577585815881865,-0.008149398589213375,0,tenure60:34;rest:1;shrink:0.25;voidable
prizepicks,15236725,cs2-kills-202609260130,2026-09-26T12:33:29+00:00,15.5,15.263666712351775,0.44594698197021804,0.554053018029782,-0.2069816639933626,-0.014738925967714589,UNDER,0.554053018029782,-0.014738925967714589,0,tenure60:34;rest:1;shrink:0.25;voidable
prizepicks,15236726,cs2-kills-202609260130,2026-09-26T12:33:29+00:00,14.0,14.75668622321196,0.48223594358581723,0.4441029227771777,-0.06878861710364464,-0.136599782850234,OVER,0.48223594358581723,-0.06878861710364464,0,tenure60:34;rest:1;shrink:0.25;voidable
prizepicks,15236727,cs2-kills-202609260130,2026-09-26T12:33:29+00:00,14.5,14.726512952347628,0.4799756624958218,0.5200243375041782,-0.14646916206388894,-0.0752514278971883,UNDER,0.5200243375041782,-0.0752514278971883,0,tenure60:31;rest:1;shrink:0.25;voidable
prizepicks,15236728,cs2-kills-202609260130,2026-09-26T12:33:29+00:00,12.5,12.235172909073611,0.43970036732573775,0.5602996326742622,-0.2180898901980894,-0.00363069976298791,UNDER,0.5602996326742622,-0.00363069976298791,0,tenure60:31;rest:1;shrink:0.25;voidable
prizepicks,15236729,cs2-kills-202609260130,2026-09-26T12:33:29+00:00,15.5,14.90124105380861,0.41933249399762745,0.5806675060023725,-0.2543096599637489,0.03258907000267158,UNDER,0.5806675060023725,0.03258907000267158,0,tenure60:31;rest:1;shrink:0.25;voidable
prizepicks,15236730,cs2-kills-202609260130,2026-09-26T12:33:29+00:00,16.0,15.43019398494503,0.3882835071388756,0.544817153343847,-0.24262409447995897,0.035736465544658924,UNDER,0.544817153343847,0.035736465544658924,0,tenure60:31;rest:1;shrink:0.25;voidable
prizepicks,15236731,cs2-kills-202609260130,2026-09-26T12:33:29+00:00,14.5,14.948522434051315,0.49650776809028363,0.5034922319097164,-0.11707045908066815,-0.10465013088040909,UNDER,0.5034922319097164,-0.10465013088040909,0,tenure60:31;rest:1;shrink:0.25;voidable
prizepicks,15236732,cs2-headshots-202609260140,2026-09-26T12:33:29+00:00,5.0,5.120553971321004,0.3989624487357392,0.45163768816886923,-0.14113342893913416,-0.047462135236328695,UNDER,0.45163768816886923,-0.047462135236328695,0,tenure60:34;rest:1;shrink:0.25;voidable
prizepicks,15236733,cs2-headshots-202609260140,2026-09-26T12:33:29+00:00,8.0,7.873242784211896,0.3891828863647081,0.5006200526028372,-0.197727025405667,0.0004393928286825499,UNDER,0.5006200526028372,0.0004393928286825499,0,tenure60:34;rest:1;shrink:0.25;voidable
prizepicks,15236734,cs2-headshots-202609260140,2026-09-26T12:33:29+00:00,7.5,7.232200010394693,0.4257041295780358,0.5742958704219643,-0.24297911160283747,0.021258521641760286,UNDER,0.5742958704219643,0.021258521641760286,0,tenure60:34;rest:1;shrink:0.25;voidable
prizepicks,15236735,cs2-headshots-202609260140,2026-09-26T12:33:29+00:00,9.0,8.604505727559445,0.36718772899679064,0.5316441677088556,-0.24586951861170153,0.04657998019829157,UNDER,0.5316441677088556,0.04657998019829157,0,tenure60:34;rest:1;shrink:0.25;voidable
prizepicks,15236736,cs2-headshots-202609260140,2026-09-26T12:33:29+00:00,8.0,8.3165562379493,0.43848363580074656,0.4516658657314048,-0.1104030803486779,-0.08696139228458954,UNDER,0.4516658657314048,-0.08696139228458954,0,tenure60:34;rest:1;shrink:0.25;voidable
prizepicks,15236737,cs2-headshots-202609260140,2026-09-26T12:33:29+00:00,4.0,4.687883016346038,0.48367768890134916,0.35175779406677876,0.024678592300352853,-0.20991184045846373,OVER,0.48367768890134916,0.024678592300352853,0,tenure60:31;rest:1;shrink:0.25;voidable
prizepicks,15236738,cs2-headshots-202609260140,2026-09-26T12:33:29+00:00,7.0,6.907196888233261,0.38613647580298494,0.4933395924275419,-0.192817523845086,-0.002180428859635042,UNDER,0.4933395924275419,-0.002180428859635042,0,tenure60:31;rest:1;shrink:0.25;voidable
prizepicks,15236739,cs2-headshots-202609260140,2026-09-26T12:33:29+00:00,10.5,9.915598761120858,0.4042209261639609,0.5957790738360391,-0.2811822498957647,0.05946165993468744,UNDER,0.5957790738360391,0.05946165993468744,0,tenure60:31;rest:1;shrink:0.25;voidable
prizepicks,15236740,cs2-headshots-202609260140,2026-09-26T12:33:29+00:00,9.0,8.637053696299615,0.3705812761325513,0.5281623246244478,-0.23974654766453463,0.04047658628094991,UNDER,0.5281623246244478,0.04047658628094991,0,tenure60:31;rest:1;shrink:0.25;voidable
prizepicks,15236741,cs2-headshots-202609260140,2026-09-26T12:33:29+00:00,8.0,8.28941562887711,0.4355004562927954,0.4545817706465105,-0.11564073245127204,-0.08170882401958024,UNDER,0.4545817706465105,-0.08170882401958024,0,tenure60:31;rest:1;shrink:0.25;voidable
prizepicks,14893792,val-kills-202609260147,2026-09-26T12:35:33+00:00,59.5,61.04045533362904,0.539393607874524,0.46060639212547605,-0.04080745321012552,-0.18091313675095172,OVER,0.539393607874524,-0.04080745321012552,0,shrink:0.25
prizepicks,14893672,val-kills-202609260147,2026-09-26T12:35:33+00:00,30.5,27.845116039932467,0.3342368283597523,0.6657631716402477,-0.40563353005113895,0.18391294009006176,UNDER,0.6657631716402477,0.18391294009006176,1,tenure60:26;rest:20;shrink:0.25
prizepicks,14893673,val-kills-202609260147,2026-09-26T12:35:33+00:00,35.5,35.61850075340112,0.485934928068623,0.5140650719313771,-0.1358719227968228,-0.08584866716425438,UNDER,0.5140650719313771,-0.08584866716425438,0,tenure60:26;rest:20;shrink:0.25
prizepicks,14893674,val-kills-202609260147,2026-09-26T12:35:33+00:00,28.5,30.570641017203883,0.5921315323228938,0.40786846767710616,0.05297531196459898,-0.2746959019256762,OVER,0.5921315323228938,0.05297531196459898,0,tenure60:26;rest:20;shrink:0.25
prizepicks,14893675,val-kills-202609260147,2026-09-26T12:35:33+00:00,32.5,31.29524927669012,0.41775319346285156,0.5822468065371484,-0.2571180975870044,0.03539750762592714,UNDER,0.5822468065371484,0.03539750762592714,0,tenure60:26;rest:20;shrink:0.25
prizepicks,14893676,val-kills-202609260147,2026-09-26T12:35:33+00:00,25.5,27.312137755726116,0.585510803643361,0.41448919635663894,0.04120180647433164,-0.2629223964354089,OVER,0.585510803643361,0.04120180647433164,0,tenure60:8;rest:46;shrink:0.25
prizepicks,14893677,val-kills-202609260147,2026-09-26T12:35:33+00:00,34.5,33.85331757790293,0.44807186442658525,0.5519281355734147,-0.20320302927245176,-0.018517560688625534,UNDER,0.5519281355734147,-0.018517560688625534,0,tenure60:8;rest:46;shrink:0.25
prizepicks,14893678,val-kills-202609260147,2026-09-26T12:35:33+00:00,28.0,27.34159208556474,0.413908233046306,0.5313417669536941,-0.20920551152816208,-0.00037587613254619345,UNDER,0.5313417669536941,-0.00037587613254619345,0,tenure60:8;rest:46;shrink:0.25
prizepicks,14893679,val-kills-202609260147,2026-09-26T12:35:33+00:00,28.5,29.09534382463426,0.5151893737092061,0.4848106262907938,-0.08384934446207076,-0.13787124549900648,OVER,0.5151893737092061,-0.08384934446207076,0,tenure60:8;rest:46;shrink:0.25
prizepicks,14893680,val-kills-202609260147,2026-09-26T12:35:33+00:00,25.5,26.537716114405765,0.5433547410635899,0.45664525893641006,-0.03376345161958766,-0.18795713834148958,OVER,0.5433547410635899,-0.03376345161958766,0,tenure60:8;rest:46;shrink:0.25
prizepicks,15245132,dota-kills-202609252038,2026-09-26T12:38:04+00:00,7.0,7.535651889345901,0.43909299489982306,0.4779879891948096,-0.1362509521719516,-0.06708478466359563,UNDER,0.4779879891948096,-0.06708478466359563,0,tenure60:14;rest:1;shrink:0.25;voidable
prizepicks,15245133,dota-kills-202609252038,2026-09-26T12:38:04+00:00,6.0,7.231533055306144,0.49751141324922393,0.4112129132434767,-0.02401002405224001,-0.17747286972970416,OVER,0.49751141324922393,-0.02401002405224001,0,tenure60:14;rest:1;shrink:0.25;voidable
prizepicks,15245134,dota-kills-202609252038,2026-09-26T12:38:04+00:00,5.0,5.819401928783171,0.46695591363856637,0.4259414749295859,-0.0625193019487763,-0.13545443381925965,OVER,0.46695591363856637,-0.0625193019487763,0,tenure60:14;rest:1;shrink:0.25;voidable
prizepicks,15245135,dota-kills-202609252038,2026-09-26T12:38:04+00:00,2.5,3.1905454326819025,0.5450629621625622,0.4549370378374378,-0.030725757211491178,-0.19099483274958606,OVER,0.5450629621625622,-0.030725757211491178,0,tenure60:14;rest:1;shrink:0.25;voidable
prizepicks,15245136,dota-kills-202609252038,2026-09-26T12:38:04+00:00,2.0,2.640066443151502,0.4549697938218788,0.34294002133945223,0.011153601381769906,-0.18806663633507437,OVER,0.4549697938218788,0.011153601381769906,0,tenure60:14;rest:1;shrink:0.25;voidable
prizepicks,15245137,dota-kills-202609252038,2026-09-26T12:38:04+00:00,6.5,7.521025085253444,0.520081440882628,0.479918559117372,-0.07514988213504742,-0.14657070782602982,OVER,0.520081440882628,-0.07514988213504742,0,tenure60:40;rest:1;shrink:0.25;voidable
prizepicks,15245138,dota-kills-202609252038,2026-09-26T12:38:04+00:00,6.0,7.255197705220144,0.49939512229636046,0.4094465549779197,-0.02077761382079263,-0.1807312990456757,OVER,0.49939512229636046,-0.02077761382079263,0,tenure60:40;rest:1;shrink:0.25;voidable
prizepicks,15245139,dota-kills-202609252038,2026-09-26T12:38:04+00:00,4.0,5.265751704005158,0.5193086871029385,0.3590660334820297,0.04510122514453285,-0.2398549863995284,OVER,0.5193086871029385,0.04510122514453285,0,tenure60:40;rest:1;shrink:0.25;voidable
prizepicks,15245140,dota-kills-202609252038,2026-09-26T12:38:04+00:00,2.5,3.151787750057353,0.5392633739051298,0.4607366260948702,-0.04103904559638677,-0.18068154436469047,OVER,0.5392633739051298,-0.04103904559638677,0,tenure60:40;rest:1;shrink:0.25;voidable
prizepicks,15245141,dota-kills-202609252038,2026-09-26T12:38:04+00:00,2.0,3.0451851802234793,0.5228974167424316,0.2876676773860932,0.11929261562708321,-0.29901158649911586,OVER,0.5228974167424316,0.11929261562708321,0,tenure60:40;rest:1;shrink:0.25;voidable
prizepicks,15245122,dota-kills-202609252038,2026-09-26T13:08:19+00:00,12.5,13.635885294471162,0.5211557173044086,0.4788442826955914,-0.07323951849350469,-0.14848107146757256,OVER,0.5211557173044086,-0.07323951849350469,0,tenure60:16;rest:1;shrink:0.25
prizepicks,15245123,dota-kills-202609252038,2026-09-26T13:08:19+00:00,12.5,13.077564492396252,0.48770739029266075,0.5122926097073393,-0.1327199897187446,-0.08900060024233264,UNDER,0.5122926097073393,-0.08900060024233264,0,tenure60:16;rest:1;shrink:0.25
prizepicks,15245124,dota-kills-202609252038,2026-09-26T13:08:19+00:00,8.0,9.799147710414019,0.5574719388770208,0.36022806112297917,0.07364087057948304,-0.27711385598676364,OVER,0.5574719388770208,0.07364087057948304,0,tenure60:16;rest:1;shrink:0.25
prizepicks,15245125,dota-kills-202609252038,2026-09-26T13:08:19+00:00,4.5,5.073053863547418,0.521402424771505,0.478597575228495,-0.07280080368446429,-0.14891978627661295,OVER,0.521402424771505,-0.07280080368446429,0,tenure60:22;rest:1;shrink:0.25
prizepicks,15245126,dota-kills-202609252038,2026-09-26T13:08:19+00:00,4.5,5.558033008928038,0.5806325030479232,0.4193674969520767,0.032526824969484,-0.25424741493056136,OVER,0.5806325030479232,0.032526824969484,0,tenure60:16;rest:1;shrink:0.25
prizepicks,15245127,dota-kills-202609252038,2026-09-26T13:08:19+00:00,17.0,16.219069416704283,0.38892141773146616,0.5626285822685339,-0.25993905072498696,0.048960823347523885,UNDER,0.5626285822685339,0.048960823347523885,0,tenure60:12;rest:1;shrink:0.25
prizepicks,15245128,dota-kills-202609252038,2026-09-26T13:08:19+00:00,15.5,15.874638107140449,0.472311286919682,0.5276887130803181,-0.1600985633417436,-0.061622026619333636,UNDER,0.5276887130803181,-0.061622026619333636,0,tenure60:12;rest:1;shrink:0.25
prizepicks,15245129,dota-kills-202609252038,2026-09-26T13:08:19+00:00,13.5,,,,,,,,,0,player_unmapped:ATF
prizepicks,15245130,dota-kills-202609252038,2026-09-26T13:08:19+00:00,6.5,7.267935408039201,0.5286535639948641,0.4713464360051359,-0.05990625210423922,-0.16181433785683802,OVER,0.5286535639948641,-0.05990625210423922,0,tenure60:12;rest:1;shrink:0.25
prizepicks,15245131,dota-kills-202609252038,2026-09-26T13:08:19+00:00,6.0,7.023439885407415,0.5030839233354423,0.3868160766645578,0.0047237823890168285,-0.20203293539537953,OVER,0.5030839233354423,0.0047237823890168285,0,tenure60:12;rest:1;shrink:0.25
prizepicks,15245142,dota-kills-202609252038,2026-09-26T13:08:19+00:00,6.0,6.779044352747179,0.460160946288298,0.44662935114104685,-0.08849556134083786,-0.11255851837617725,OVER,0.460160946288298,-0.08849556134083786,0,tenure60:16;rest:1;shrink:0.25;voidable
prizepicks,15245143,dota-kills-202609252038,2026-09-26T13:08:19+00:00,6.0,6.505389146446747,0.4363488631581098,0.46961150843200583,-0.13001017264215753,-0.07085989542815974,UNDER,0.46961150843200583,-0.07085989542815974,0,tenure60:16;rest:1;shrink:0.25;voidable
prizepicks,15245144,dota-kills-202609252038,2026-09-26T13:08:19+00:00,3.5,4.796782471094204,0.5934358488526325,0.40656415114736755,0.05529475119360655,-0.2770153411546838,OVER,0.5934358488526325,0.05529475119360655,0,tenure60:16;rest:1;shrink:0.25;voidable
prizepicks,15245145,dota-kills-202609252038,2026-09-26T13:08:19+00:00,2.0,2.4826564203061254,0.4260682616371417,0.36785414163368246,-0.03625398633041843,-0.1397749573061049,OVER,0.4260682616371417,-0.03625398633041843,0,tenure60:22;rest:1;shrink:0.25;voidable
prizepicks,15245146,dota-kills-202609252038,2026-09-26T13:08:19+00:00,2.0,2.7309788049926187,0.4710187550246411,0.32947896107811325,0.037105237699732285,-0.21459206357652988,OVER,0.4710187550246411,0.037105237699732285,0,tenure60:16;rest:1;shrink:0.25;voidable
prizepicks,15245147,dota-kills-202609252038,2026-09-26T13:08:19+00:00,8.0,8.019447126916189,0.40175858158451594,0.5236594527781034,-0.21097902092443194,0.005794788384931526,UNDER,0.5236594527781034,0.005794788384931526,0,tenure60:12;rest:1;shrink:0.25;voidable
prizepicks,15245148,dota-kills-202609252038,2026-09-26T13:08:19+00:00,7.0,7.785745768766728,0.4583878677578748,0.45923546485072386,-0.10248162556312529,-0.10097436110490293,UNDER,0.45923546485072386,-0.10097436110490293,0,tenure60:12;rest:1;shrink:0.25;voidable
prizepicks,15245149,dota-kills-202609252038,2026-09-26T13:08:19+00:00,6.5,,,,,,,,,0,player_unmapped:ATF
prizepicks,15245150,dota-kills-202609252038,2026-09-26T13:08:19+00:00,3.0,3.593940293708719,0.4461229660781732,0.3970654400848578,-0.04985712124072278,-0.13709510962208482,OVER,0.4461229660781732,-0.04985712124072278,0,tenure60:12;rest:1;shrink:0.25;voidable
prizepicks,15245151,dota-kills-202609252038,2026-09-26T13:08:19+00:00,2.5,3.4234326863698343,0.5782713851352805,0.42172861486471946,0.028328097600757385,-0.2500486875618346,OVER,0.5782713851352805,0.028328097600757385,0,tenure60:12;rest:1;shrink:0.25;voidable
prizepicks,15236682,cs2-kills-202609260130,2026-09-26T13:32:36+00:00,27.5,28.658336162288336,0.5327767729414421,0.4672232270585579,-0.05257403453125126,-0.16914655542982598,OVER,0.5327767729414421,-0.05257403453125126,0,tenure60:55;rest:2;shrink:0.25
prizepicks,15236683,cs2-kills-202609260130,2026-09-26T13:32:36+00:00,30.0,29.77712599319876,0.43072725815253543,0.5193227418474645,-0.18409658548482644,-0.02654906100769494,UNDER,0.5193227418474645,-0.02654906100769494,0,tenure60:55;rest:2;shrink:0.25
prizepicks,15236684,cs2-kills-202609260130,2026-09-26T13:32:36+00:00,30.0,29.90285971029044,0.4373001328062145,0.5134498671937855,-0.1731081778234223,-0.03769267308207186,UNDER,0.5134498671937855,-0.03769267308207186,0,tenure60:55;rest:2;shrink:0.25
prizepicks,15236685,cs2-kills-202609260130,2026-09-26T13:32:36+00:00,32.0,31.701184709653464,0.4293710886919553,0.5226789113080448,-0.18850823371309983,-0.022580853959343783,UNDER,0.5226789113080448,-0.022580853959343783,0,tenure60:55;rest:2;shrink:0.25
prizepicks,15236686,cs2-kills-202609260130,2026-09-26T13:32:36+00:00,28.5,29.51080916906521,0.5243834040470386,0.47561659595296135,-0.06749978961703007,-0.15422080034404717,OVER,0.5243834040470386,-0.06749978961703007,0,tenure60:55;rest:2;shrink:0.25
prizepicks,15236692,cs2-headshots-202609260140,2026-09-26T13:32:36+00:00,13.5,14.952277226206547,0.5873830140411522,0.41261698595884777,0.04453111967598444,-0.2662517096370617,OVER,0.5873830140411522,0.04453111967598444,0,tenure60:55;rest:2;shrink:0.25
prizepicks,15236693,cs2-headshots-202609260140,2026-09-26T13:32:36+00:00,10.5,10.403993101544575,0.4514573612651065,0.5485426387348934,-0.19718266995175748,-0.024537920009319703,UNDER,0.5485426387348934,-0.024537920009319703,0,tenure60:55;rest:2;shrink:0.25
prizepicks,15236694,cs2-headshots-202609260140,2026-09-26T13:32:36+00:00,16.5,17.168098076037055,0.5182357963788846,0.4817642036211154,-0.07843195375430578,-0.14328863620677146,OVER,0.5182357963788846,-0.07843195375430578,0,tenure60:55;rest:2;shrink:0.25
prizepicks,15236695,cs2-headshots-202609260140,2026-09-26T13:32:36+00:00,18.5,19.000616890903963,0.5019965407721733,0.49800345922782674,-0.10730988763407973,-0.11441070232699752,OVER,0.5019965407721733,-0.10730988763407973,0,tenure60:55;rest:2;shrink:0.25
prizepicks,15236696,cs2-headshots-202609260140,2026-09-26T13:32:36+00:00,19.0,18.941622518493553,0.4251328939581813,0.5028671060418187,-0.17199492814390543,-0.03376177933997426,UNDER,0.5028671060418187,-0.03376177933997426,0,tenure60:55;rest:2;shrink:0.25
prizepicks,15236687,cs2-kills-202609260130,2026-09-26T13:32:36+00:00,27.5,27.80105811380223,0.48442266525206407,0.5155773347479359,-0.13856114862607688,-0.0831594413350003,UNDER,0.5155773347479359,-0.0831594413350003,0,tenure60:50;rest:1;shrink:0.25
prizepicks,15236688,cs2-kills-202609260130,2026-09-26T13:32:36+00:00,25.5,27.25325499467329,0.5681389721952463,0.4318610278047536,0.010309836295482655,-0.2320304262565599,OVER,0.5681389721952463,0.010309836295482655,0,tenure60:44;rest:1;shrink:0.25
prizepicks,15236689,cs2-kills-202609260130,2026-09-26T13:32:36+00:00,23.5,25.265400934098942,0.5738610007441816,0.42613899925581844,0.020485201847709023,-0.24220579180878626,OVER,0.5738610007441816,0.020485201847709023,0,tenure60:50;rest:1;shrink:0.25
prizepicks,15236690,cs2-kills-202609260130,2026-09-26T13:32:36+00:00,26.0,27.937156257674786,0.5499191639483086,0.39873083605169135,0.02925992643509595,-0.23959516410167186,OVER,0.5499191639483086,0.02925992643509595,0,tenure60:50;rest:1;shrink:0.25
prizepicks,15236691,cs2-kills-202609260130,2026-09-26T13:32:36+00:00,24.5,26.167307097949234,0.5650169731978147,0.4349830268021852,0.004758049760187899,-0.22647863972126514,OVER,0.5650169731978147,0.004758049760187899,0,tenure60:50;rest:1;shrink:0.25
prizepicks,15236697,cs2-headshots-202609260140,2026-09-26T13:32:36+00:00,16.5,16.398541601389333,0.4557696310317656,0.5442303689682344,-0.18951424941517436,-0.03220634054590288,UNDER,0.5442303689682344,-0.03220634054590288,0,tenure60:50;rest:1;shrink:0.25
prizepicks,15236698,cs2-headshots-202609260140,2026-09-26T13:32:36+00:00,16.0,16.151402100899755,0.43771047359168097,0.48348952640831894,-0.14282847725352799,-0.06142053021861632,UNDER,0.48348952640831894,-0.06142053021861632,0,tenure60:44;rest:1;shrink:0.25
prizepicks,15236699,cs2-headshots-202609260140,2026-09-26T13:32:36+00:00,13.5,14.373350959779186,0.5415779786051602,0.4584220213948398,-0.036923031715943355,-0.18479755824513389,OVER,0.5415779786051602,-0.036923031715943355,0,tenure60:50;rest:1;shrink:0.25
prizepicks,15236700,cs2-headshots-202609260140,2026-09-26T13:32:36+00:00,13.5,15.00463609773534,0.5919464075938276,0.40805359240617245,0.05264610847061135,-0.2743666984316886,OVER,0.5919464075938276,0.05264610847061135,0,tenure60:50;rest:1;shrink:0.25
prizepicks,15236701,cs2-headshots-202609260140,2026-09-26T13:32:36+00:00,10.5,11.413896942737093,0.5558855909160704,0.44411440908392963,-0.01148009933663241,-0.21024049062444483,OVER,0.5558855909160704,-0.01148009933663241,0,tenure60:50;rest:1;shrink:0.25
prizepicks,15245520,cs2-kills-202609260130,2026-09-26T13:32:36+00:00,34.0,32.740037244904826,0.3857496615859761,0.5705003384140239,-0.2702793193721763,0.0582590052218962,UNDER,0.5705003384140239,0.0582590052218962,0,tenure60:46;rest:1;shrink:0.25
prizepicks,15245521,cs2-kills-202609260130,2026-09-26T13:32:36+00:00,31.0,29.367277868519675,0.36119588476601067,0.5917041152339895,-0.31059279512981197,0.0993152449559015,UNDER,0.5917041152339895,0.0993152449559015,0,tenure60:10;rest:1;shrink:0.25
prizepicks,15245522,cs2-kills-202609260130,2026-09-26T13:32:36+00:00,31.5,,,,,,,,,0,player_unmapped:L1haNg
prizepicks,15245523,cs2-kills-202609260130,2026-09-26T13:32:36+00:00,29.5,29.428927099616175,0.4647475584974972,0.5352524415025028,-0.17354898585804096,-0.048171604103036225,UNDER,0.5352524415025028,-0.048171604103036225,0,tenure60:46;rest:1;shrink:0.25
prizepicks,15245524,cs2-kills-202609260130,2026-09-26T13:32:36+00:00,27.0,28.048276337017306,0.49877267201599634,0.4465773279840037,-0.0583928270638569,-0.15121073265584745,OVER,0.49877267201599634,-0.0583928270638569,0,tenure60:46;rest:1;shrink:0.25
prizepicks,15245525,cs2-headshots-202609260140,2026-09-26T13:32:36+00:00,20.5,20.111300889157448,0.44080455365461907,0.559195446345381,-0.21612633838459339,-0.0055942515764838,UNDER,0.559195446345381,-0.0055942515764838,0,tenure60:46;rest:1;shrink:0.25
prizepicks,15245527,cs2-headshots-202609260140,2026-09-26T13:32:36+00:00,18.0,,,,,,,,,0,player_unmapped:L1haNg
prizepicks,15245529,cs2-headshots-202609260140,2026-09-26T13:32:36+00:00,15.0,15.787763206039374,0.4883454936372871,0.43110450636271297,-0.05103526367951866,-0.15282573276019373,OVER,0.4883454936372871,-0.05103526367951866,0,tenure60:46;rest:1;shrink:0.25
prizepicks,15245500,cs2-kills-202609260130,2026-09-26T13:32:36+00:00,34.0,,,,,,,,,0,player_unmapped:Annihilation
prizepicks,15245501,cs2-kills-202609260130,2026-09-26T13:32:36+00:00,31.0,29.450551800798763,0.36504264625096805,0.5877573537490319,-0.30365217838578135,0.09239680027086694,UNDER,0.5877573537490319,0.09239680027086694,0,tenure60:33;rest:1;shrink:0.25
prizepicks,15245502,cs2-kills-202609260130,2026-09-26T13:32:36+00:00,30.5,28.849515726581025,0.3841878769271037,0.6158121230728963,-0.3168066088739638,0.0950860189128866,UNDER,0.6158121230728963,0.0950860189128866,1,tenure60:33;rest:1;shrink:0.25
prizepicks,15245503,cs2-kills-202609260130,2026-09-26T13:32:36+00:00,28.0,,,,,,,,,0,player_unmapped:Bart4k
prizepicks,15245504,cs2-kills-202609260130,2026-09-26T13:32:36+00:00,27.0,27.95224872090637,0.49402444364237424,0.4515755563576258,-0.06708650381483172,-0.14257248605236283,OVER,0.49402444364237424,-0.06708650381483172,0,tenure60:8;rest:1;shrink:0.25
prizepicks,15245505,cs2-kills-202609260130,2026-09-26T13:32:36+00:00,34.0,32.832485119246485,0.3903317079670794,0.5654682920329207,-0.26168116063681707,0.049760620752019424,UNDER,0.5654682920329207,0.049760620752019424,0,tenure60:22;rest:1;shrink:0.25
prizepicks,15245506,cs2-kills-202609260130,2026-09-26T13:32:36+00:00,31.5,31.221807428312626,0.4532142966533677,0.5467857033466323,-0.19405834792604398,-0.027662242035033202,UNDER,0.5467857033466323,-0.027662242035033202,0,tenure60:30;rest:1;shrink:0.25
prizepicks,15245507,cs2-kills-202609260130,2026-09-26T13:32:36+00:00,29.5,28.529758767521944,0.41602102967710575,0.5839789703228941,-0.2601983687820111,0.038477778820933894,UNDER,0.5839789703228941,0.038477778820933894,0,tenure60:30;rest:1;shrink:0.25
prizepicks,15245508,cs2-kills-202609260130,2026-09-26T13:32:36+00:00,27.0,26.745256879849638,0.4258765837700199,0.51917341622998,-0.18772243986405707,-0.02181460367865895,UNDER,0.51917341622998,-0.02181460367865895,0,tenure60:30;rest:1;shrink:0.25
prizepicks,15245509,cs2-kills-202609260130,2026-09-26T13:32:36+00:00,25.5,26.109004422978288,0.5045117355656003,0.49548826443439975,-0.10283716852069136,-0.11888342144038588,OVER,0.5045117355656003,-0.10283716852069136,0,tenure60:30;rest:1;shrink:0.25
prizepicks,15245510,cs2-headshots-202609260140,2026-09-26T13:32:36+00:00,11.5,,,,,,,,,0,player_unmapped:Annihilation
prizepicks,15245511,cs2-headshots-202609260140,2026-09-26T13:32:36+00:00,17.0,16.606198100933103,0.39841604420227716,0.5265839557977229,-0.21650495196593322,0.011413406251936764,UNDER,0.5265839557977229,0.011413406251936764,0,tenure60:33;rest:1;shrink:0.25
prizepicks,15245512,cs2-headshots-202609260140,2026-09-26T13:32:36+00:00,17.5,16.606809582535792,0.39841604420227716,0.6015839557977228,-0.2915049519659332,0.06978436200485594,UNDER,0.6015839557977228,0.06978436200485594,1,tenure60:33;rest:1;shrink:0.25
prizepicks,15245513,cs2-headshots-202609260140,2026-09-26T13:32:36+00:00,16.0,,,,,,,,,0,player_unmapped:Bart4k
prizepicks,15245514,cs2-headshots-202609260140,2026-09-26T13:32:36+00:00,14.5,14.745721022326801,0.48621415176542665,0.5137858482345734,-0.13537538504600188,-0.0863452049150753,UNDER,0.5137858482345734,-0.0863452049150753,0,tenure60:8;rest:1;shrink:0.25
prizepicks,15245515,cs2-headshots-202609260140,2026-09-26T13:32:36+00:00,22.0,20.14307873942137,0.3149588966344722,0.6236911033655278,-0.37856507910634074,0.1704470473393756,UNDER,0.6236911033655278,0.1704470473393756,1,tenure60:22;rest:1;shrink:0.25
prizepicks,15245516,cs2-headshots-202609260140,2026-09-26T13:32:36+00:00,16.0,16.652575627468465,0.47850090294649894,0.44414909705350103,-0.07174169660520802,-0.13282880572237993,OVER,0.47850090294649894,-0.07174169660520802,0,tenure60:30;rest:1;shrink:0.25
prizepicks,15245517,cs2-headshots-202609260140,2026-09-26T13:32:36+00:00,16.0,15.676760112291664,0.39907489434440835,0.5221251056555916,-0.21153333232388,0.007284324851735691,UNDER,0.5221251056555916,0.007284324851735691,0,tenure60:30;rest:1;shrink:0.25
prizepicks,15245518,cs2-headshots-202609260140,2026-09-26T13:32:36+00:00,16.0,15.629089860627012,0.39562872470676447,0.5261712752932355,-0.21826158483400343,0.013879545007882466,UNDER,0.5261712752932355,0.013879545007882466,0,tenure60:30;rest:1;shrink:0.25
prizepicks,15245519,cs2-headshots-202609260140,2026-09-26T13:32:36+00:00,15.5,15.28886875146352,0.4477033382652729,0.5522966617347271,-0.20385837175717425,-0.017862218203902935,UNDER,0.5522966617347271,-0.017862218203902935,0,tenure60:30;rest:1;shrink:0.25
prizepicks,15236672,cs2-kills-202609260130,2026-09-26T13:32:36+00:00,29.5,28.14310494253477,0.3954878888768827,0.6045121111231173,-0.296712030290478,0.07499144032940075,UNDER,0.6045121111231173,0.07499144032940075,1,tenure60:42;rest:1;shrink:0.25
prizepicks,15236673,cs2-kills-202609260130,2026-09-26T13:32:36+00:00,31.5,,,,,,,,,0,player_unmapped:MartinezSa
prizepicks,15236674,cs2-kills-202609260130,2026-09-26T13:32:36+00:00,32.5,31.45649755607132,0.4170116484865732,0.5829883515134268,-0.25843677174993795,0.03671618178886077,UNDER,0.5829883515134268,0.03671618178886077,0,tenure60:42;rest:1;shrink:0.25
prizepicks,15236675,cs2-kills-202609260130,2026-09-26T13:32:36+00:00,27.5,28.076673121412306,0.5004944595185516,0.49950554048144835,-0.10998100779960046,-0.11173958216147678,OVER,0.5004944595185516,-0.10998100779960046,0,tenure60:42;rest:1;shrink:0.25
prizepicks,15236676,cs2-kills-202609260130,2026-09-26T13:32:36+00:00,27.5,26.82939929470957,0.4308837424535179,0.5691162575464821,-0.23376831267439502,0.012047722713317777,UNDER,0.5691162575464821,0.012047722713317777,0,tenure60:42;rest:1;shrink:0.25
prizepicks,15236677,cs2-headshots-202609260140,2026-09-26T13:32:36+00:00,17.0,15.8404806704322,0.3383646613465893,0.5886353386534107,-0.32529308964256726,0.11975810274864856,UNDER,0.5886353386534107,0.11975810274864856,0,tenure60:42;rest:1;shrink:0.25
prizepicks,15236678,cs2-headshots-202609260140,2026-09-26T13:32:36+00:00,12.5,,,,,,,,,0,player_unmapped:MartinezSa
prizepicks,15236679,cs2-headshots-202609260140,2026-09-26T13:32:36+00:00,19.5,18.30576028336697,0.3811887291183548,0.6188112708816452,-0.32213993166992533,0.10041934170884809,UNDER,0.6188112708816452,0.10041934170884809,1,tenure60:42;rest:1;shrink:0.25
prizepicks,15236680,cs2-headshots-202609260140,2026-09-26T13:32:36+00:00,16.0,16.311492508221725,0.4496310570509839,0.47021894294901617,-0.1202803491321992,-0.08366933554349759,UNDER,0.47021894294901617,-0.08366933554349759,0,tenure60:42;rest:1;shrink:0.25
prizepicks,15236681,cs2-headshots-202609260140,2026-09-26T13:32:36+00:00,15.5,15.431969989414348,0.4590673938375335,0.5409326061624665,-0.18364990571848516,-0.03807068424259208,UNDER,0.5409326061624665,-0.03807068424259208,0,tenure60:42;rest:1;shrink:0.25
prizepicks,15255076,cs2-kills-202609260130,2026-09-26T14:33:54+00:00,28.5,27.014628159942408,0.3881446737185447,0.6118553262814552,-0.30977031861003607,0.08804972864895877,UNDER,0.6118553262814552,0.08804972864895877,0,tenure60:4;rest:2;shrink:0.25;odds_type:demon
prizepicks,15255078,cs2-kills-202609260130,2026-09-26T14:33:54+00:00,28.5,,,,,,,,,0,player_unmapped:Pikan0
prizepicks,15255079,cs2-kills-202609260130,2026-09-26T14:33:54+00:00,24.5,25.19100370387737,0.5104587292872714,0.4895412707127285,-0.0922617520338127,-0.1294588379272646,OVER,0.5104587292872714,-0.0922617520338127,0,tenure60:4;rest:2;shrink:0.25;odds_type:demon
prizepicks,15255080,cs2-kills-202609260130,2026-09-26T14:33:54+00:00,29.5,30.747033872320298,0.5339756022015534,0.4660243977984466,-0.05044218114184318,-0.17127840881923406,OVER,0.5339756022015534,-0.05044218114184318,0,tenure60:4;rest:2;shrink:0.25;odds_type:demon
prizepicks,15255081,cs2-headshots-202609260140,2026-09-26T14:33:54+00:00,18.5,16.582460445584154,0.32466193158864143,0.6753380684113586,-0.42266037183245364,0.2009397818713764,UNDER,0.6753380684113586,0.2009397818713764,0,tenure60:4;rest:2;shrink:0.25;odds_type:demon
prizepicks,15255083,cs2-headshots-202609260140,2026-09-26T14:33:54+00:00,17.5,,,,,,,,,0,player_unmapped:Pikan0
prizepicks,15255084,cs2-headshots-202609260140,2026-09-26T14:33:54+00:00,13.5,13.86107994873341,0.4959575530599868,0.5040424469400132,-0.11804889514013894,-0.1036716948209383,UNDER,0.5040424469400132,-0.1036716948209383,0,tenure60:4;rest:2;shrink:0.25;odds_type:demon
prizepicks,15255085,cs2-headshots-202609260140,2026-09-26T14:33:54+00:00,9.5,10.484800842855114,0.5687704809014015,0.43122951909859847,0.01143283522489863,-0.23315342518597598,OVER,0.5687704809014015,0.01143283522489863,0,tenure60:4;rest:2;shrink:0.25
prizepicks,15242356,cs2-kills-202609260130,2026-09-26T14:33:54+00:00,15.0,14.535409764085655,0.3921823324291608,0.5374579189949069,-0.23223048468425095,0.026110099686942445,UNDER,0.5374579189949069,0.026110099686942445,0,tenure60:29;rest:1;shrink:0.25;voidable
prizepicks,15242357,cs2-kills-202609260130,2026-09-26T14:33:54+00:00,13.5,13.419920135476687,0.4562022437787296,0.5437977562212704,-0.1887449430747279,-0.03297564688634941,UNDER,0.5437977562212704,-0.03297564688634941,0,tenure60:29;rest:1;shrink:0.25;voidable
prizepicks,15242358,cs2-kills-202609260130,2026-09-26T14:33:54+00:00,13.0,13.269065944903705,0.4440161490942476,0.47751182862393493,-0.13194320205910953,-0.07237852482620433,UNDER,0.47751182862393493,-0.07237852482620433,0,tenure60:29;rest:1;shrink:0.25;voidable
prizepicks,15242359,cs2-kills-202609260130,2026-09-26T14:33:54+00:00,13.5,13.769992345724209,0.4840991923027957,0.5159008076972043,-0.13913637391146538,-0.08258421604961186,UNDER,0.5159008076972043,-0.08258421604961186,0,tenure60:29;rest:1;shrink:0.25;voidable
prizepicks,15242360,cs2-kills-202609260130,2026-09-26T14:33:54+00:00,14.0,13.453966617803653,0.3818149188559703,0.5442200400723425,-0.24706135028105874,0.04174033286289136,UNDER,0.5442200400723425,0.04174033286289136,0,tenure60:29;rest:1;shrink:0.25;voidable
prizepicks,15242361,cs2-kills-202609260130,2026-09-26T14:33:54+00:00,16.0,15.667376949265726,0.40509926569847576,0.5277847657757838,-0.2125043482607733,0.005664750437032295,UNDER,0.5277847657757838,0.005664750437032295,0,tenure60:47;rest:1;shrink:0.25;voidable
prizepicks,15242362,cs2-kills-202609260130,2026-09-26T14:33:54+00:00,14.0,13.917811592175946,0.41809548423979875,0.5075413178358297,-0.1821462110217414,-0.02308652682415191,UNDER,0.5075413178358297,-0.02308652682415191,0,tenure60:47;rest:1;shrink:0.25;voidable
prizepicks,15242363,cs2-kills-202609260130,2026-09-26T14:33:54+00:00,14.0,15.015676450045163,0.5014617416226773,0.4254199939077805,-0.03514264548059248,-0.1703661197453678,OVER,0.5014617416226773,-0.03514264548059248,0,tenure60:47;rest:1;shrink:0.25;voidable
prizepicks,15242364,cs2-kills-202609260130,2026-09-26T14:33:54+00:00,14.0,13.851205166560536,0.412909892688576,0.5127474093008064,-0.19138814161990658,-0.013849141478958216,UNDER,0.5127474093008064,-0.013849141478958216,0,tenure60:47;rest:1;shrink:0.25;voidable
prizepicks,15242365,cs2-kills-202609260130,2026-09-26T14:33:54+00:00,14.5,14.757763430898372,0.48231656157357716,0.5176834384264228,-0.14230638943293744,-0.0794142005281398,UNDER,0.5176834384264228,-0.0794142005281398,0,tenure60:44;rest:1;shrink:0.25;voidable
prizepicks,15242366,cs2-headshots-202609260140,2026-09-26T14:33:54+00:00,9.0,8.969006586658217,0.40504307708801646,0.49324156194175994,-0.1780048748653486,-0.021163325253306775,UNDER,0.49324156194175994,-0.021163325253306775,0,tenure60:29;rest:1;shrink:0.25;voidable
prizepicks,15242367,cs2-headshots-202609260140,2026-09-26T14:33:54+00:00,4.5,5.185281665160361,0.5600620954476527,0.43993790455234727,-0.004053107322185279,-0.21766748263889196,OVER,0.5600620954476527,-0.004053107322185279,0,tenure60:29;rest:1;shrink:0.25;voidable
prizepicks,15242368,cs2-headshots-202609260140,2026-09-26T14:33:54+00:00,7.5,7.50132458735635,0.457841440000861,0.542158559999139,-0.185829994183898,-0.035890595777179235,UNDER,0.542158559999139,-0.035890595777179235,0,tenure60:29;rest:1;shrink:0.25;voidable
prizepicks,15242369,cs2-headshots-202609260140,2026-09-26T14:33:54+00:00,7.0,7.6192890542627945,0.47169742637079926,0.4097242314741938,-0.04261183676144992,-0.15281749322041266,OVER,0.47169742637079926,-0.04261183676144992,0,tenure60:29;rest:1;shrink:0.25;voidable
prizepicks,15242370,cs2-headshots-202609260140,2026-09-26T14:33:54+00:00,6.5,6.707216144380409,0.4832799750183711,0.5167200249816288,-0.14059317114070563,-0.08112741882037167,UNDER,0.5167200249816288,-0.08112741882037167,0,tenure60:29;rest:1;shrink:0.25;voidable
prizepicks,15242371,cs2-headshots-202609260140,2026-09-26T14:33:54+00:00,9.0,8.881102349007943,0.39595097718196,0.5023788368597302,-0.19421834393421938,-0.004959872414729061,UNDER,0.5023788368597302,-0.004959872414729061,0,tenure60:47;rest:1;shrink:0.25;voidable
prizepicks,15242372,cs2-headshots-202609260140,2026-09-26T14:33:54+00:00,8.5,8.676968795569286,0.4775250840865841,0.5224749159134159,-0.15082697519172222,-0.07089361476935502,UNDER,0.5224749159134159,-0.07089361476935502,0,tenure60:47;rest:1;shrink:0.25;voidable
prizepicks,15242373,cs2-headshots-202609260140,2026-09-26T14:33:54+00:00,4.5,4.970672557808251,0.5280101276685104,0.4719898723314896,-0.061050461675065004,-0.16067012828601224,OVER,0.5280101276685104,-0.061050461675065004,0,tenure60:47;rest:1;shrink:0.25;voidable
prizepicks,15242374,cs2-headshots-202609260140,2026-09-26T14:33:54+00:00,7.5,7.6382173714900095,0.4739061651667349,0.5260938348332651,-0.1572624241934904,-0.06445816576758684,UNDER,0.5260938348332651,-0.06445816576758684,0,tenure60:47;rest:1;shrink:0.25;voidable
prizepicks,15242375,cs2-headshots-202609260140,2026-09-26T14:33:54+00:00,8.5,8.44579734738418,0.45261160038535125,0.5473883996146487,-0.19513011028996485,-0.026590479671112444,UNDER,0.5473883996146487,-0.026590479671112444,0,tenure60:44;rest:1;shrink:0.25;voidable
prizepicks,15243157,cs2-kills-202609260130,2026-09-26T14:33:54+00:00,15.0,14.876393667448236,0.4174961398658106,0.5119111265554008,-0.1869824771271102,-0.019086250297912943,UNDER,0.5119111265554008,-0.019086250297912943,0,tenure60:22;rest:2;shrink:0.25;voidable
prizepicks,15243158,cs2-kills-202609260130,2026-09-26T14:33:54+00:00,14.5,15.015221980760357,0.501428291099842,0.498571708900158,-0.10832039432614776,-0.11340019563492948,OVER,0.501428291099842,-0.10832039432614776,0,tenure60:22;rest:2;shrink:0.25;voidable
prizepicks,15243159,cs2-kills-202609260130,2026-09-26T14:33:54+00:00,14.5,14.861935171976725,0.4900875697016345,0.5099124302983655,-0.128487365683568,-0.09323322427750924,UNDER,0.5099124302983655,-0.09323322427750924,0,tenure60:22;rest:2;shrink:0.25;voidable
prizepicks,15243160,cs2-kills-202609260130,2026-09-26T14:33:54+00:00,13.0,13.130786372296946,0.43277125579853504,0.48867291478868036,-0.1518559571439928,-0.052447187974800136,UNDER,0.48867291478868036,-0.052447187974800136,0,tenure60:22;rest:2;shrink:0.25;voidable
prizepicks,15243161,cs2-kills-202609260130,2026-09-26T14:33:54+00:00,15.0,14.876608584029347,0.4175120289387742,0.5118951769986844,-0.1869541614320615,-0.019114552582468136,UNDER,0.5118951769986844,-0.019114552582468136,0,tenure60:22;rest:2;shrink:0.25;voidable
prizepicks,15243162,cs2-kills-202609260130,2026-09-26T14:33:54+00:00,13.0,13.921413099800853,0.4959779634664871,0.4266618139451233,-0.040652377146119356,-0.16391585862314,OVER,0.4959779634664871,-0.040652377146119356,0,tenure60:60;rest:1;shrink:0.25;voidable
prizepicks,15243163,cs2-kills-202609260130,2026-09-26T14:33:54+00:00,12.5,13.253153032339215,0.5246274578328283,0.47537254216717173,-0.0670657937948183,-0.15465479616625893,OVER,0.5246274578328283,-0.0670657937948183,0,tenure60:60;rest:1;shrink:0.25;voidable
prizepicks,15243164,cs2-kills-202609260130,2026-09-26T14:33:54+00:00,14.5,14.69091342578373,0.47730369272986184,0.5226963072701382,-0.151220670882942,-0.07049991907813524,UNDER,0.5226963072701382,-0.07049991907813524,0,tenure60:60;rest:1;shrink:0.25;voidable
prizepicks,15243165,cs2-kills-202609260130,2026-09-26T14:33:54+00:00,13.0,13.515975977296105,0.4639128551137375,0.45790181921353196,-0.09684799602614008,-0.10753729740048029,OVER,0.4639128551137375,-0.09684799602614008,0,tenure60:59;rest:1;shrink:0.25;voidable
prizepicks,15243166,cs2-kills-202609260130,2026-09-26T14:33:54+00:00,14.5,14.386495936845973,0.45423954419277685,0.5457604558072231,-0.19223517133651957,-0.029485418624557724,UNDER,0.5457604558072231,-0.029485418624557724,0,tenure60:60;rest:1;shrink:0.25;voidable
prizepicks,15243167,cs2-headshots-202609260140,2026-09-26T14:33:54+00:00,5.0,5.012134528254305,0.38259567758409824,0.46785088971744737,-0.17008455148385349,-0.01847696314861813,UNDER,0.46785088971744737,-0.01847696314861813,0,tenure60:22;rest:2;shrink:0.25;voidable
prizepicks,15243168,cs2-headshots-202609260140,2026-09-26T14:33:54+00:00,8.5,8.658514221352213,0.47555448767030745,0.5244455123296925,-0.15433124622428346,-0.06738934373679384,UNDER,0.5244455123296925,-0.06738934373679384,0,tenure60:22;rest:2;shrink:0.25;voidable
prizepicks,15243169,cs2-headshots-202609260140,2026-09-26T14:33:54+00:00,8.5,8.630392227534283,0.4725452541055943,0.5274547458944057,-0.15968250431241088,-0.06203808564866636,UNDER,0.5274547458944057,-0.06203808564866636,0,tenure60:22;rest:2;shrink:0.25;voidable
prizepicks,15243170,cs2-headshots-202609260140,2026-09-26T14:33:54+00:00,7.0,7.175279572276992,0.4188257642261654,0.4607710091938594,-0.1348075405028184,-0.06021717502772955,UNDER,0.4607710091938594,-0.06021717502772955,0,tenure60:22;rest:2;shrink:0.25;voidable
prizepicks,15243171,cs2-headshots-202609260140,2026-09-26T14:33:54+00:00,8.5,7.8461016264415,0.3861326776436033,0.6138673223563966,-0.3133482098031835,0.09162761984210621,UNDER,0.6138673223563966,0.09162761984210621,0,tenure60:22;rest:2;shrink:0.25;voidable
prizepicks,15243172,cs2-headshots-202609260140,2026-09-26T14:33:54+00:00,6.0,7.281999925125873,0.5536175834734295,0.32328086527511257,0.10758830097776223,-0.3020147423702424,OVER,0.5536175834734295,0.10758830097776223,0,tenure60:60;rest:1;shrink:0.25;voidable
prizepicks,15243173,cs2-headshots-202609260140,2026-09-26T14:33:54+00:00,7.0,7.592619651667085,0.46857840309912785,0.4126822408737621,-0.04799731775279231,-0.1473963121383557,OVER,0.46857840309912785,-0.04799731775279231,0,tenure60:60;rest:1;shrink:0.25;voidable
prizepicks,15243174,cs2-headshots-202609260140,2026-09-26T14:33:54+00:00,4.5,5.170255974683869,0.5578653047593943,0.44213469524060567,-0.007959614971280393,-0.21376097498979685,OVER,0.5578653047593943,-0.007959614971280393,0,tenure60:60;rest:1;shrink:0.25;voidable
prizepicks,15243175,cs2-headshots-202609260140,2026-09-26T14:33:54+00:00,7.0,7.489730984651136,0.45647152408401925,0.4242262861608093,-0.0689638976971309,-0.1263049403677814,OVER,0.45647152408401925,-0.0689638976971309,0,tenure60:59;rest:1;shrink:0.25;voidable
prizepicks,15243176,cs2-headshots-202609260140,2026-09-26T14:33:54+00:00,8.5,8.575686776348782,0.46666994302959,0.53333005697041,-0.17013044902644303,-0.05159014093463421,UNDER,0.53333005697041,-0.05159014093463421,0,tenure60:60;rest:1;shrink:0.25;voidable
sleeper,match-2839453:headshots_maps_1_2_over_under_player_206662,cs2-headshots-202609260140,2026-09-26T14:34:55+00:00,14.5,15.351406981239258,0.5360979562256856,0.4639020437743144,-0.045745637918279625,-0.17425436208172035,OVER,0.5360979562256856,-0.045745637918279625,0,tenure60:45;rest:2;shrink:0.25;voidable
sleeper,match-2839453:kills_maps_1_2_over_under_player_206662,cs2-kills-202609260130,2026-09-26T14:34:55+00:00,25.5,26.440071480548603,0.522923425663604,0.477076574336396,-0.06919630231878493,-0.15080369768121504,OVER,0.522923425663604,-0.06919630231878493,0,tenure60:45;rest:2;shrink:0.25;voidable
sleeper,match-2839453:headshots_maps_1_2_over_under_player_228855,cs2-headshots-202609260140,2026-09-26T14:34:55+00:00,18.5,16.582460445584154,0.32466193158864143,0.6753380684113586,-0.42210176177221825,0.20210176177221828,UNDER,0.6753380684113586,0.20210176177221828,0,tenure60:4;rest:2;shrink:0.25;voidable
sleeper,match-2839453:kills_maps_1_2_over_under_player_228855,cs2-kills-202609260130,2026-09-26T14:34:55+00:00,28.5,27.014628159942408,0.3881446737185447,0.6118553262814552,-0.30910248078099034,0.08910248078099031,UNDER,0.6118553262814552,0.08910248078099031,0,tenure60:4;rest:2;shrink:0.25;voidable
sleeper,match-2839453:headshots_maps_1_2_over_under_player_229388,cs2-headshots-202609260140,2026-09-26T14:34:55+00:00,17.5,17.704074725574355,0.48220525362863575,0.5177947463713641,-0.1464967010773146,-0.0679694565315444,UNDER,0.5177947463713641,-0.0679694565315444,0,tenure60:46;rest:2;shrink:0.25;voidable
sleeper,match-2839453:kills_maps_1_2_over_under_player_229388,cs2-kills-202609260130,2026-09-26T14:34:55+00:00,31.5,31.468198065191253,0.46667854766031863,0.5333214523396814,-0.16931218516463287,-0.05068781483536705,UNDER,0.5333214523396814,-0.05068781483536705,0,tenure60:46;rest:2;shrink:0.25;voidable
sleeper,match-2839453:headshots_maps_1_2_over_under_player_229918,cs2-headshots-202609260140,2026-09-26T14:34:55+00:00,14.5,15.1874084334354,0.524985044350154,0.47501495564984597,-0.0655266210567258,-0.15447337894327418,OVER,0.524985044350154,-0.0655266210567258,0,tenure60:2;rest:41;shrink:0.25;voidable
sleeper,match-2839453:kills_maps_1_2_over_under_player_229918,cs2-kills-202609260130,2026-09-26T14:34:55+00:00,26.5,27.60606284409112,0.5318906443317021,0.4681093556682979,-0.05855355953288732,-0.1620842533537467,OVER,0.5318906443317021,-0.05855355953288732,0,tenure60:2;rest:41;shrink:0.25;voidable
sleeper,match-2839453:headshots_maps_1_2_over_under_player_229968,cs2-headshots-202609260140,2026-09-26T14:34:55+00:00,9.5,10.484800842855114,0.5687704809014015,0.43122951909859847,0.012411456004494725,-0.23241145600449475,OVER,0.5687704809014015,0.012411456004494725,0,tenure60:4;rest:2;shrink:0.25;voidable
sleeper,match-2839453:kills_maps_1_2_over_under_player_229968,cs2-kills-202609260130,2026-09-26T14:34:55+00:00,30.5,30.997033872320298,0.49678994111760927,0.5032100588823907,-0.11571390481065541,-0.10428609518934456,UNDER,0.5032100588823907,-0.10428609518934456,0,tenure60:4;rest:2;shrink:0.25;voidable
sleeper,match-2839453:headshots_maps_1_2_over_under_player_229970,cs2-headshots-202609260140,2026-09-26T14:34:55+00:00,17.5,17.74509086569198,0.4846410308106222,0.5153589691893778,-0.14218537546519872,-0.07750744515101365,UNDER,0.5153589691893778,-0.07750744515101365,0,tenure60:4;rest:2;shrink:0.25;voidable
sleeper,match-2839453:kills_maps_1_2_over_under_player_229970,cs2-kills-202609260130,2026-09-26T14:34:55+00:00,28.5,28.967781839483628,0.4954332972436856,0.5045667027563143,-0.08840273307161833,-0.13214527125913939,OVER,0.4954332972436856,-0.08840273307161833,0,tenure60:4;rest:2;shrink:0.25;voidable
sleeper,match-2839453:headshots_maps_1_2_over_under_player_230779,cs2-headshots-202609260140,2026-09-26T14:34:55+00:00,13.5,13.86107994873341,0.4959575530599868,0.5040424469400132,-0.11719555555322353,-0.10280444444677644,UNDER,0.5040424469400132,-0.10280444444677644,0,tenure60:4;rest:2;shrink:0.25;voidable
sleeper,match-2839453:kills_maps_1_2_over_under_player_230779,cs2-kills-202609260130,2026-09-26T14:34:55+00:00,23.5,24.94100370387737,0.5571052527306343,0.44289474726936573,-0.008352650139471007,-0.21164734986052897,OVER,0.5571052527306343,-0.008352650139471007,0,tenure60:4;rest:2;shrink:0.25;voidable
prizepicks,14893751,val-kills-202609260147,2026-09-26T14:36:11+00:00,12.0,12.667009006140054,0.4891704184041504,0.4240802366649902,-0.043368972020915,-0.159117502003355,OVER,0.4891704184041504,-0.043368972020915,0,tenure60:26;rest:20;shrink:0.25;voidable
prizepicks,14893752,val-kills-202609260147,2026-09-26T14:36:11+00:00,15.0,13.860058019966234,0.3493060075860845,0.577790751289919,-0.3059330777827697,0.10037663745377962,UNDER,0.577790751289919,0.10037663745377962,0,tenure60:26;rest:20;shrink:0.25;voidable
prizepicks,14893753,val-kills-202609260147,2026-09-26T14:36:11+00:00,17.0,17.654106045724973,0.4863880784841998,0.4458583959107113,-0.06731256913806305,-0.13938566915391098,OVER,0.4863880784841998,-0.06731256913806305,0,tenure60:26;rest:20;shrink:0.25;voidable
prizepicks,14893754,val-kills-202609260147,2026-09-26T14:36:11+00:00,14.0,15.222820508601941,0.5307745486584096,0.3927547379394126,0.02033616465412985,-0.2251016229249318,OVER,0.5307745486584096,0.02033616465412985,0,tenure60:26;rest:20;shrink:0.25;voidable
prizepicks,14893755,val-kills-202609260147,2026-09-26T14:36:11+00:00,16.0,15.58512463834506,0.4090952543630055,0.5198102118102467,-0.20141979859488374,-0.004537669383119336,UNDER,0.5198102118102467,-0.004537669383119336,0,tenure60:26;rest:20;shrink:0.25;voidable
prizepicks,14893756,val-kills-202609260147,2026-09-26T14:36:11+00:00,13.0,13.718568877863058,0.49294499268398123,0.4250922567174532,-0.041443318629723225,-0.16210444191380752,OVER,0.49294499268398123,-0.041443318629723225,0,tenure60:8;rest:46;shrink:0.25;voidable
prizepicks,14893757,val-kills-202609260147,2026-09-26T14:36:11+00:00,17.0,16.862313977000085,0.4317021522960527,0.5001488805051995,-0.16416398410369437,-0.04244657664483836,UNDER,0.5001488805051995,-0.04244657664483836,0,tenure60:8;rest:46;shrink:0.25;voidable
prizepicks,14893758,val-kills-202609260147,2026-09-26T14:36:11+00:00,13.5,13.54579604278237,0.4787561327100525,0.5212438672899475,-0.14863782677185167,-0.07308276318922552,UNDER,0.5212438672899475,-0.07308276318922552,0,tenure60:8;rest:46;shrink:0.25;voidable
prizepicks,14893759,val-kills-202609260147,2026-09-26T14:36:11+00:00,14.5,14.60569460257635,0.48353687325418254,0.5164631267458175,-0.14013633429748695,-0.08158425566359023,UNDER,0.5164631267458175,-0.08158425566359023,0,tenure60:8;rest:46;shrink:0.25;voidable
prizepicks,14893760,val-kills-202609260147,2026-09-26T14:36:11+00:00,12.5,13.206358057202882,0.5348742596563406,0.4651257403436594,-0.04884411709331704,-0.1728764728677602,OVER,0.5348742596563406,-0.04884411709331704,0,tenure60:8;rest:46;shrink:0.25;voidable
prizepicks,15245530,cs2-kills-202609260130,2026-09-26T15:33:40+00:00,17.0,,,,,,,,,0,player_unmapped:Annihilation
prizepicks,15245531,cs2-kills-202609260130,2026-09-26T15:33:40+00:00,15.5,14.73226752047116,0.40682022693312986,0.5931797730668702,-0.2765599668574532,0.054839376896376024,UNDER,0.5931797730668702,0.054839376896376024,0,tenure60:33;rest:1;shrink:0.25;voidable
prizepicks,15245532,cs2-kills-202609260130,2026-09-26T15:33:40+00:00,15.0,14.369096111070105,0.3797792279727787,0.5500769774224341,-0.25450262393074236,0.048334357491547075,UNDER,0.5500769774224341,0.048334357491547075,0,tenure60:33;rest:1;shrink:0.25;voidable
prizepicks,15245533,cs2-kills-202609260130,2026-09-26T15:33:40+00:00,14.0,,,,,,,,,0,player_unmapped:Bart4k
prizepicks,15245534,cs2-kills-202609260130,2026-09-26T15:33:40+00:00,13.5,14.001881959015291,0.5022399849204647,0.49776001507953527,-0.10687697591767853,-0.11484361404339871,OVER,0.5022399849204647,-0.10687697591767853,0,tenure60:8;rest:1;shrink:0.25;voidable
prizepicks,15245535,cs2-kills-202609260130,2026-09-26T15:33:40+00:00,17.0,16.416242559623242,0.390902744801057,0.5452317935595046,-0.24100023595314235,0.03343993382489796,UNDER,0.5452317935595046,0.03343993382489796,0,tenure60:22;rest:1;shrink:0.25;voidable
prizepicks,15245536,cs2-kills-202609260130,2026-09-26T15:33:40+00:00,15.5,15.548403714156313,0.4665839545693083,0.5334160454306918,-0.17028336053486298,-0.051437229426214204,UNDER,0.5334160454306918,-0.051437229426214204,0,tenure60:30;rest:1;shrink:0.25;voidable
prizepicks,15245537,cs2-kills-202609260130,2026-09-26T15:33:40+00:00,15.0,14.333001158956494,0.37708436338548906,0.5528278297059849,-0.2593508338354237,0.053170153771183004,UNDER,0.5528278297059849,0.053170153771183004,0,tenure60:30;rest:1;shrink:0.25;voidable
prizepicks,15245538,cs2-kills-202609260130,2026-09-26T15:33:40+00:00,13.5,13.404121289519045,0.45493028022979975,0.5450697197702002,-0.1910068496641099,-0.03071374029696733,UNDER,0.5450697197702002,-0.03071374029696733,0,tenure60:30;rest:1;shrink:0.25;voidable
prizepicks,15245539,cs2-kills-202609260130,2026-09-26T15:33:40+00:00,12.5,12.997246428064361,0.5038582459034732,0.49614175409652683,-0.10399925573152524,-0.117721334229552,OVER,0.5038582459034732,-0.10399925573152524,0,tenure60:30;rest:1;shrink:0.25;voidable
prizepicks,15245540,cs2-headshots-202609260140,2026-09-26T15:33:40+00:00,5.5,,,,,,,,,0,player_unmapped:Annihilation
prizepicks,15245541,cs2-headshots-202609260140,2026-09-26T15:33:40+00:00,9.0,8.428099050466551,0.3487756323606797,0.550675470459687,-0.279230577070065,0.07980374791159173,UNDER,0.550675470459687,0.07980374791159173,0,tenure60:33;rest:1;shrink:0.25;voidable
prizepicks,15245542,cs2-headshots-202609260140,2026-09-26T15:33:40+00:00,8.5,8.240904791267896,0.4301551649123931,0.5698448350876069,-0.23506392711439406,0.013343337153316759,UNDER,0.5698448350876069,0.013343337153316759,0,tenure60:33;rest:1;shrink:0.25;voidable
prizepicks,15245543,cs2-headshots-202609260140,2026-09-26T15:33:40+00:00,8.0,,,,,,,,,0,player_unmapped:Bart4k
prizepicks,15245544,cs2-headshots-202609260140,2026-09-26T15:33:40+00:00,7.0,7.31186405147627,0.43528651628335974,0.4446686678970351,-0.10589413480612392,-0.08921004776966157,UNDER,0.4446686678970351,-0.08921004776966157,0,tenure60:8;rest:1;shrink:0.25;voidable
prizepicks,15245545,cs2-headshots-202609260140,2026-09-26T15:33:40+00:00,11.0,10.068859609671456,0.3315730959893422,0.5821997913432659,-0.3241432778119016,0.1215410141420788,UNDER,0.5821997913432659,0.1215410141420788,0,tenure60:22;rest:1;shrink:0.25;voidable
prizepicks,15245546,cs2-headshots-202609260140,2026-09-26T15:33:40+00:00,8.0,8.330425548619047,0.44000598415517106,0.45018008113582525,-0.10773248337394314,-0.08964009619750674,UNDER,0.45018008113582525,-0.08964009619750674,0,tenure60:30;rest:1;shrink:0.25;voidable
prizepicks,15245547,cs2-headshots-202609260140,2026-09-26T15:33:40+00:00,8.0,7.842690856222475,0.385749177012361,0.5040921642188638,-0.2038715223106835,0.006575375161140151,UNDER,0.5040921642188638,0.006575375161140151,0,tenure60:30;rest:1;shrink:0.25;voidable
prizepicks,15245548,cs2-headshots-202609260140,2026-09-26T15:33:40+00:00,8.0,7.820411565130479,0.3832431520199934,0.5066315421667241,-0.20836128791114644,0.01105774572463425,UNDER,0.5066315421667241,0.01105774572463425,0,tenure60:30;rest:1;shrink:0.25;voidable
prizepicks,15245549,cs2-headshots-202609260140,2026-09-26T15:33:40+00:00,7.5,7.586148122166167,0.467820332241167,0.5321796677588331,-0.16808473557796483,-0.053635854383112413,UNDER,0.5321796677588331,-0.053635854383112413,0,tenure60:30;rest:1;shrink:0.25;voidable
prizepicks,15232853,cs2-kills-202609260130,2026-09-26T15:33:40+00:00,26.5,27.39996555680438,0.5204725859649987,0.4795274140350013,-0.07445431688872967,-0.14726627307234758,OVER,0.5204725859649987,-0.07445431688872967,0,tenure60:50;rest:1;shrink:0.25
prizepicks,15232854,cs2-kills-202609260130,2026-09-26T15:33:40+00:00,29.5,29.5656693226018,0.47168871951824465,0.5283112804817552,-0.1612056621330809,-0.060514927827996334,UNDER,0.5283112804817552,-0.060514927827996334,0,tenure60:50;rest:1;shrink:0.25
prizepicks,15232855,cs2-kills-202609260130,2026-09-26T15:33:40+00:00,28.5,29.04005387624058,0.4992422559066048,0.5007577440933952,-0.11220777569990192,-0.10951281426117526,UNDER,0.5007577440933952,-0.10951281426117526,0,tenure60:50;rest:1;shrink:0.25
prizepicks,15232856,cs2-kills-202609260130,2026-09-26T15:33:40+00:00,25.5,26.401736940683364,0.5211504976485516,0.4788495023514484,-0.07324880050004268,-0.14847178946103456,OVER,0.5211504976485516,-0.07324880050004268,0,tenure60:50;rest:1;shrink:0.25
prizepicks,15232857,cs2-kills-202609260130,2026-09-26T15:33:40+00:00,30.5,30.79880339866863,0.48562294373938575,0.5143770562606143,-0.13642671810576013,-0.08529387185531712,UNDER,0.5143770562606143,-0.08529387185531712,0,tenure60:50;rest:1;shrink:0.25
prizepicks,15232858,cs2-kills-202609260130,2026-09-26T15:33:40+00:00,29.5,29.537217272383025,0.46991428066224156,0.5300857193377584,-0.16436111021508426,-0.057359479745993036,UNDER,0.5300857193377584,-0.057359479745993036,0,tenure60:28;rest:1;shrink:0.25
prizepicks,15232859,cs2-kills-202609260130,2026-09-26T15:33:40+00:00,30.5,30.488836527378155,0.46980990194081473,0.5301900980591853,-0.16454672474624382,-0.05717386521483342,UNDER,0.5301900980591853,-0.05717386521483342,0,tenure60:28;rest:1;shrink:0.25
prizepicks,15232860,cs2-kills-202609260130,2026-09-26T15:33:40+00:00,31.5,30.745819474578038,0.4306229356502606,0.5693770643497392,-0.2342321000426254,0.01251151008154816,UNDER,0.5693770643497392,0.01251151008154816,0,tenure60:28;rest:1;shrink:0.25
prizepicks,15232861,cs2-kills-202609260130,2026-09-26T15:33:40+00:00,28.5,29.124227692039113,0.504355224662879,0.49564477533712104,-0.10311548863644726,-0.11860510132462998,OVER,0.504355224662879,-0.10311548863644726,0,tenure60:7;rest:1;shrink:0.25
prizepicks,15232862,cs2-kills-202609260130,2026-09-26T15:33:40+00:00,27.0,27.457167134749973,0.4650606909559087,0.4788893090440913,-0.11694214885463294,-0.092351002039126,UNDER,0.4788893090440913,-0.092351002039126,0,tenure60:22;rest:1;shrink:0.25
prizepicks,15232863,cs2-headshots-202609260140,2026-09-26T15:33:40+00:00,15.5,15.972489911703864,0.5024025244732766,0.49759747552672334,-0.10658793517759618,-0.11513265478348106,OVER,0.5024025244732766,-0.10658793517759618,0,tenure60:50;rest:1;shrink:0.25
prizepicks,15232864,cs2-headshots-202609260140,2026-09-26T15:33:40+00:00,9.5,9.785157801838361,0.4943336338520248,0.5056663661479752,-0.12093667723122453,-0.10078391272985271,UNDER,0.5056663661479752,-0.10078391272985271,0,tenure60:50;rest:1;shrink:0.25
prizepicks,15232865,cs2-headshots-202609260140,2026-09-26T15:33:40+00:00,16.0,16.21664270436237,0.442478460702531,0.4782215392974691,-0.13384966394697256,-0.07028848323019116,UNDER,0.4782215392974691,-0.07028848323019116,0,tenure60:50;rest:1;shrink:0.25
prizepicks,15232866,cs2-headshots-202609260140,2026-09-26T15:33:40+00:00,15.0,15.353306009315723,0.45287784895715316,0.4649221510428468,-0.11245664593677723,-0.09103851152949954,UNDER,0.4649221510428468,-0.09103851152949954,0,tenure60:50;rest:1;shrink:0.25
prizepicks,15232867,cs2-headshots-202609260140,2026-09-26T15:33:40+00:00,16.0,16.243077086736026,0.44415240875272843,0.4758975912472716,-0.13022291659583163,-0.07377111219785748,UNDER,0.4758975912472716,-0.07377111219785748,0,tenure60:50;rest:1;shrink:0.25
prizepicks,15232868,cs2-headshots-202609260140,2026-09-26T15:33:40+00:00,17.0,17.073656315363216,0.43345002191931525,0.49009997808068473,-0.15275475073996192,-0.05201530011859096,UNDER,0.49009997808068473,-0.05201530011859096,0,tenure60:28;rest:1;shrink:0.25
prizepicks,15232869,cs2-headshots-202609260140,2026-09-26T15:33:40+00:00,9.5,9.893477727132725,0.5060563795014303,0.49394362049856966,-0.10009036001376326,-0.12163022994731398,OVER,0.5060563795014303,-0.10009036001376326,0,tenure60:28;rest:1;shrink:0.25
prizepicks,15232870,cs2-headshots-202609260140,2026-09-26T15:33:40+00:00,17.0,16.783711668787365,0.4107839220846357,0.5121160779153644,-0.1924114093818593,-0.012214523093218854,UNDER,0.5121160779153644,-0.012214523093218854,0,tenure60:28;rest:1;shrink:0.25
prizepicks,15232871,cs2-headshots-202609260140,2026-09-26T15:33:40+00:00,16.5,16.279311489625023,0.44719605204155766,0.5528039479584422,-0.20476046840380335,-0.01696012155727389,UNDER,0.5528039479584422,-0.01696012155727389,0,tenure60:7;rest:1;shrink:0.25
prizepicks,15232872,cs2-headshots-202609260140,2026-09-26T15:33:40+00:00,15.5,14.97592606577469,0.42127904854761894,0.578720951452381,-0.2508481420869814,0.029127552125904177,UNDER,0.578720951452381,0.029127552125904177,0,tenure60:22;rest:1;shrink:0.25
prizepicks,15235461,cs2-kills-202609260130,2026-09-26T15:33:40+00:00,24.5,25.108697430347675,0.5060768146588243,0.4939231853411757,-0.10005402059412871,-0.12166656936694864,OVER,0.5060768146588243,-0.10005402059412871,0,tenure60:39;rest:1;shrink:0.25
prizepicks,15235462,cs2-kills-202609260130,2026-09-26T15:33:40+00:00,30.5,29.924251915792105,0.43855222452454584,0.5614477754754541,-0.2201316089012334,-0.001588981059843897,UNDER,0.5614477754754541,-0.001588981059843897,0,tenure60:39;rest:1;shrink:0.25
prizepicks,15235463,cs2-kills-202609260130,2026-09-26T15:33:40+00:00,29.5,30.191965031676304,0.5041465426286206,0.49585345737137937,-0.10348658360121393,-0.11823400635986342,OVER,0.5041465426286206,-0.10348658360121393,0,tenure60:39;rest:1;shrink:0.25
prizepicks,15235464,cs2-kills-202609260130,2026-09-26T15:33:40+00:00,31.5,30.800073872900484,0.43297026134845695,0.567029738651543,-0.2300578990848678,0.008337309123790548,UNDER,0.567029738651543,0.008337309123790548,0,tenure60:3;rest:1;shrink:0.25
prizepicks,15235466,cs2-kills-202609260130,2026-09-26T15:33:40+00:00,30.5,30.456799445119522,0.4681920333209307,0.5318079666790694,-0.1674237472011318,-0.054296842759945396,UNDER,0.5318079666790694,-0.054296842759945396,0,tenure60:45;rest:1;shrink:0.25
prizepicks,15235467,cs2-kills-202609260130,2026-09-26T15:33:40+00:00,29.5,29.27966960797849,0.4562932013019046,0.5437067986980955,-0.18858319518407773,-0.03313739477699945,UNDER,0.5437067986980955,-0.03313739477699945,0,tenure60:55;rest:1;shrink:0.25
prizepicks,15235469,cs2-kills-202609260130,2026-09-26T15:33:40+00:00,33.0,31.181233654688647,0.3565189253346869,0.5986810746653132,-0.32120973578812234,0.1094222282573013,UNDER,0.5986810746653132,0.1094222282573013,0,tenure60:55;rest:1;shrink:0.25
prizepicks,15235470,cs2-kills-202609260130,2026-09-26T15:33:40+00:00,33.0,30.998530973771945,0.34784528223580075,0.6062547177641994,-0.3355338967208978,0.12399028183903404,UNDER,0.6062547177641994,0.12399028183903404,1,tenure60:55;rest:1;shrink:0.25
prizepicks,15235471,cs2-kills-202609260130,2026-09-26T15:33:40+00:00,25.5,26.00465895795762,0.4981987307168412,0.5018012692831588,-0.11406345505871551,-0.10765713490236173,UNDER,0.5018012692831588,-0.10765713490236173,0,tenure60:55;rest:1;shrink:0.25
prizepicks,15235472,cs2-headshots-202609260140,2026-09-26T15:33:40+00:00,12.5,13.361732640840737,0.5432016403528502,0.4567983596471497,-0.034035707461158304,-0.187684882499919,OVER,0.5432016403528502,-0.034035707461158304,0,tenure60:39;rest:1;shrink:0.25
prizepicks,15235473,cs2-headshots-202609260140,2026-09-26T15:33:40+00:00,17.5,17.060462145299418,0.43238495595449383,0.5676150440455061,-0.23109873561553707,0.009378145654459769,UNDER,0.5676150440455061,0.009378145654459769,0,tenure60:39;rest:1;shrink:0.25
prizepicks,15235474,cs2-headshots-202609260140,2026-09-26T15:33:40+00:00,17.0,17.97851970296084,0.5021487846497235,0.4241512153502765,-0.033339155481327654,-0.1720406269996182,OVER,0.5021487846497235,-0.033339155481327654,0,tenure60:39;rest:1;shrink:0.25
prizepicks,15235475,cs2-headshots-202609260140,2026-09-26T15:33:40+00:00,18.5,18.279641588867698,0.44907302817929806,0.5509269718207019,-0.20142268038492533,-0.020297909576151907,UNDER,0.5509269718207019,-0.020297909576151907,0,tenure60:3;rest:1;shrink:0.25
prizepicks,15235477,cs2-headshots-202609260140,2026-09-26T15:33:40+00:00,16.5,16.254962951752418,0.4450147612606753,0.5549852387393247,-0.20863941288675425,-0.013081177074322992,UNDER,0.5549852387393247,-0.013081177074322992,0,tenure60:45;rest:1;shrink:0.25
prizepicks,15235478,cs2-headshots-202609260140,2026-09-26T15:33:40+00:00,11.5,11.880566964436237,0.5017428010065433,0.49825719899345666,-0.10776110783480747,-0.11395948212626977,OVER,0.5017428010065433,-0.10776110783480747,0,tenure60:55;rest:1;shrink:0.25
prizepicks,15235479,cs2-headshots-202609260140,2026-09-26T15:33:40+00:00,18.5,17.634453824061495,0.4026734219790968,0.5973265780209032,-0.28393414472465756,0.06221355476358026,UNDER,0.5973265780209032,0.06221355476358026,0,tenure60:55;rest:1;shrink:0.25
prizepicks,15235480,cs2-headshots-202609260140,2026-09-26T15:33:40+00:00,19.0,17.65922068389976,0.3350772838892995,0.5966227161107005,-0.3358389652878918,0.1292618916211562,UNDER,0.5966227161107005,0.1292618916211562,0,tenure60:55;rest:1;shrink:0.25
prizepicks,15235481,cs2-headshots-202609260140,2026-09-26T15:33:40+00:00,13.5,14.234680017444763,0.5296028289872119,0.4703971710127881,-0.058218193713676314,-0.16350239624740093,OVER,0.5296028289872119,-0.058218193713676314,0,tenure60:55;rest:1;shrink:0.25
prizepicks,15236742,cs2-kills-202609260130,2026-09-26T15:33:40+00:00,14.5,14.009052471267385,0.4251817431248605,0.5748182568751394,-0.2439080606766022,0.022187470715524904,UNDER,0.5748182568751394,0.022187470715524904,0,tenure60:42;rest:1;shrink:0.25;voidable
prizepicks,15236743,cs2-kills-202609260130,2026-09-26T15:33:40+00:00,15.5,,,,,,,,,0,player_unmapped:MartinezSa
prizepicks,15236744,cs2-kills-202609260130,2026-09-26T15:33:40+00:00,16.0,15.66574877803566,0.40498407983883933,0.5279010385196085,-0.2127102677874806,0.0058704289791362,UNDER,0.5279010385196085,0.0058704289791362,0,tenure60:42;rest:1;shrink:0.25;voidable
prizepicks,15236745,cs2-kills-202609260130,2026-09-26T15:33:40+00:00,13.5,13.975836560706153,0.5002171147819912,0.49978288521800884,-0.11047420423410864,-0.1112463857269686,OVER,0.5002171147819912,-0.11047420423410864,0,tenure60:42;rest:1;shrink:0.25;voidable
prizepicks,15236746,cs2-kills-202609260130,2026-09-26T15:33:40+00:00,13.5,13.352199647354785,0.45074288037826943,0.5492571196217306,-0.19845321660168636,-0.02326737335939083,UNDER,0.5492571196217306,-0.02326737335939083,0,tenure60:42;rest:1;shrink:0.25;voidable
prizepicks,15236747,cs2-headshots-202609260140,2026-09-26T15:33:40+00:00,8.5,7.918206621224712,0.39422985296358104,0.605770147036419,-0.29894916965219187,0.07722857969111463,UNDER,0.605770147036419,0.07722857969111463,0,tenure60:42;rest:1;shrink:0.25;voidable
prizepicks,15236748,cs2-headshots-202609260140,2026-09-26T15:33:40+00:00,6.0,,,,,,,,,0,player_unmapped:MartinezSa
prizepicks,15236749,cs2-headshots-202609260140,2026-09-26T15:33:40+00:00,9.5,9.087457826763355,0.41724330717461094,0.5827566928253891,-0.2580248178748439,0.036304227913766696,UNDER,0.5827566928253891,0.036304227913766696,0,tenure60:42;rest:1;shrink:0.25;voidable
prizepicks,15236750,cs2-headshots-202609260140,2026-09-26T15:33:40+00:00,7.5,8.028586028380733,0.5184583906069286,0.48154160939307145,-0.0780361190217817,-0.14368447093929554,OVER,0.5184583906069286,-0.0780361190217817,0,tenure60:42;rest:1;shrink:0.25;voidable
prizepicks,15236751,cs2-headshots-202609260140,2026-09-26T15:33:40+00:00,7.5,7.651457160639388,0.47544863505917045,0.5245513649408295,-0.15451948174316726,-0.06720110821790998,UNDER,0.5245513649408295,-0.06720110821790998,0,tenure60:42;rest:1;shrink:0.25;voidable
prizepicks,15236752,cs2-kills-202609260130,2026-09-26T15:33:40+00:00,13.5,14.224874247852915,0.5193977658375495,0.4806022341624505,-0.07636564739086793,-0.1453549425702093,OVER,0.5193977658375495,-0.07636564739086793,0,tenure60:55;rest:2;shrink:0.25;voidable
prizepicks,15236753,cs2-kills-202609260130,2026-09-26T15:33:40+00:00,14.5,14.720821770782011,0.47954887963715026,0.5204511203628497,-0.14722810123402202,-0.07449248872705527,UNDER,0.5204511203628497,-0.07449248872705527,0,tenure60:55;rest:2;shrink:0.25;voidable
prizepicks,15236754,cs2-kills-202609260130,2026-09-26T15:33:40+00:00,14.5,14.783447394745046,0.48423718429665774,0.5157628157033423,-0.13889098559003038,-0.08282960437104686,UNDER,0.5157628157033423,-0.08282960437104686,0,tenure60:55;rest:2;shrink:0.25;voidable
prizepicks,15236755,cs2-kills-202609260130,2026-09-26T15:33:40+00:00,15.5,15.725592354826732,0.47928055066271336,0.5207194493372866,-0.14770526512438004,-0.0740153248366972,UNDER,0.5207194493372866,-0.0740153248366972,0,tenure60:55;rest:2;shrink:0.25;voidable
prizepicks,15236756,cs2-kills-202609260130,2026-09-26T15:33:40+00:00,14.0,14.649954837554848,0.4742226407323468,0.45193432707889897,-0.08285661002262806,-0.12249145927704391,OVER,0.4742226407323468,-0.08285661002262806,0,tenure60:55;rest:2;shrink:0.25;voidable
prizepicks,15236757,cs2-kills-202609260130,2026-09-26T15:33:40+00:00,13.5,13.844771145732528,0.4899807017057709,0.5100192982942291,-0.12867740684020434,-0.0930431831208729,UNDER,0.5100192982942291,-0.0930431831208729,0,tenure60:50;rest:1;shrink:0.25;voidable
prizepicks,15236758,cs2-kills-202609260130,2026-09-26T15:33:40+00:00,13.0,13.695854184658904,0.47823979956106033,0.44388883877044544,-0.07168464971093075,-0.13277025599993558,OVER,0.47823979956106033,-0.07168464971093075,0,tenure60:44;rest:1;shrink:0.25;voidable
prizepicks,15236759,cs2-kills-202609260130,2026-09-26T15:33:40+00:00,11.5,12.576447788205872,0.5551134132934334,0.44488658670656656,-0.012853246903860471,-0.20886734305721677,OVER,0.5551134132934334,-0.012853246903860471,0,tenure60:50;rest:1;shrink:0.25;voidable
prizepicks,15236760,cs2-kills-202609260130,2026-09-26T15:33:40+00:00,13.5,14.100484886478805,0.5098630169087633,0.49013698309123666,-0.09332109509081904,-0.1283994948702582,OVER,0.5098630169087633,-0.09332109509081904,0,tenure60:50;rest:1;shrink:0.25;voidable
prizepicks,15236761,cs2-kills-202609260130,2026-09-26T15:33:40+00:00,12.0,13.027610905353251,0.5063454972492262,0.41211014631234566,-0.01803187143735291,-0.18560865570619967,OVER,0.5063454972492262,-0.01803187143735291,0,tenure60:50;rest:1;shrink:0.25;voidable
prizepicks,15236762,cs2-headshots-202609260140,2026-09-26T15:33:40+00:00,6.5,7.403703788704711,0.5677354388156324,0.4322645611843676,0.00959224119525165,-0.2313128311563289,OVER,0.5677354388156324,0.00959224119525165,0,tenure60:55;rest:2;shrink:0.25;voidable
prizepicks,15236763,cs2-headshots-202609260140,2026-09-26T15:33:40+00:00,5.0,5.138131616257547,0.40160545297123373,0.44904260584602224,-0.13648135083915608,-0.05212483861105105,UNDER,0.44904260584602224,-0.05212483861105105,0,tenure60:55;rest:2;shrink:0.25;voidable
prizepicks,15236764,cs2-headshots-202609260140,2026-09-26T15:33:40+00:00,8.0,8.519260441729685,0.4605809845592101,0.4302453474205154,-0.07178465048262717,-0.12572988939678004,OVER,0.4605809845592101,-0.07178465048262717,0,tenure60:55;rest:2;shrink:0.25;voidable
prizepicks,15236765,cs2-headshots-202609260140,2026-09-26T15:33:40+00:00,9.0,9.422845058832477,0.4513782652701221,0.4474811263030657,-0.09618271630424269,-0.10311291828741947,OVER,0.4513782652701221,-0.09618271630424269,0,tenure60:55;rest:2;shrink:0.25;voidable
prizepicks,15236766,cs2-headshots-202609260140,2026-09-26T15:33:40+00:00,9.0,9.333632983224089,0.44236569883095256,0.4562791530192515,-0.11199503791164195,-0.08725302880607017,UNDER,0.4562791530192515,-0.08725302880607017,0,tenure60:55;rest:2;shrink:0.25;voidable
prizepicks,15236767,cs2-headshots-202609260140,2026-09-26T15:33:40+00:00,8.0,8.134617233988646,0.4183882773546438,0.4714213236912899,-0.14579834202451658,-0.05149076767241867,UNDER,0.4714213236912899,-0.05149076767241867,0,tenure60:50;rest:1;shrink:0.25;voidable
prizepicks,15236768,cs2-headshots-202609260140,2026-09-26T15:33:40+00:00,8.0,8.073568914849098,0.4115982872740761,0.47815742021719343,-0.15781894802449442,-0.03945821236170555,UNDER,0.47815742021719343,-0.03945821236170555,0,tenure60:44;rest:1;shrink:0.25;voidable
prizepicks,15236769,cs2-headshots-202609260140,2026-09-26T15:33:40+00:00,6.5,7.129624378340976,0.5355422203509752,0.4644577796490248,-0.047656296343333016,-0.17406429361774423,OVER,0.5355422203509752,-0.047656296343333016,0,tenure60:50;rest:1;shrink:0.25;voidable
prizepicks,15236770,cs2-headshots-202609260140,2026-09-26T15:33:40+00:00,7.0,7.562777464501997,0.4650788036972743,0.4160089581298409,-0.05404770116671831,-0.14130759719307473,OVER,0.4650788036972743,-0.05404770116671831,0,tenure60:50;rest:1;shrink:0.25;voidable
prizepicks,15236771,cs2-headshots-202609260140,2026-09-26T15:33:40+00:00,5.0,5.642906334921444,0.475733962802249,0.37871652989207405,-0.008462581986860895,-0.18098668534585755,OVER,0.475733962802249,-0.008462581986860895,0,tenure60:50;rest:1;shrink:0.25;voidable
prizepicks,15245550,cs2-kills-202609260130,2026-09-26T15:33:40+00:00,17.0,16.370018622452413,0.3877675631320702,0.548416798432481,-0.2466252881658227,0.039053939207395805,UNDER,0.548416798432481,0.039053939207395805,0,tenure60:46;rest:1;shrink:0.25;voidable
prizepicks,15245551,cs2-kills-202609260130,2026-09-26T15:33:40+00:00,16.0,14.808638934259838,0.34406051572912844,0.5901879490400758,-0.32241273384072217,0.11527061306186354,UNDER,0.5901879490400758,0.11527061306186354,0,tenure60:10;rest:1;shrink:0.25;voidable
prizepicks,15245552,cs2-kills-202609260130,2026-09-26T15:33:40+00:00,15.5,,,,,,,,,0,player_unmapped:L1haNg
prizepicks,15245553,cs2-kills-202609260130,2026-09-26T15:33:40+00:00,14.0,14.526963549808087,0.46492825966326473,0.46105081441739015,-0.09920672277624137,-0.10610190382053342,OVER,0.46492825966326473,-0.09920672277624137,0,tenure60:46;rest:1;shrink:0.25;voidable
prizepicks,15245554,cs2-kills-202609260130,2026-09-26T15:33:40+00:00,13.0,13.899138168508653,0.4942382170243202,0.428345495926667,-0.04369006796228997,-0.160865737161684,OVER,0.4942382170243202,-0.04369006796228997,0,tenure60:46;rest:1;shrink:0.25;voidable
prizepicks,15245555,cs2-headshots-202609260140,2026-09-26T15:33:40+00:00,10.0,9.984765133138549,0.4108604619358424,0.49464955365529456,-0.17488531573154786,-0.025884899140983297,UNDER,0.49464955365529456,-0.025884899140983297,0,tenure60:46;rest:1;shrink:0.25;voidable
prizepicks,15245557,cs2-headshots-202609260140,2026-09-26T15:33:40+00:00,8.5,,,,,,,,,0,player_unmapped:L1haNg
prizepicks,15245559,cs2-headshots-202609260140,2026-09-26T15:33:40+00:00,7.5,7.8893481786864115,0.5027967208431219,0.4972032791568781,-0.1058869438895883,-0.11583364607148894,OVER,0.5027967208431219,-0.1058869438895883,0,tenure60:46;rest:1;shrink:0.25;voidable
sleeper,match-2839467:headshots_maps_1_2_over_under_player_1486,cs2-headshots-202609260140,2026-09-26T15:34:31+00:00,11.5,11.880566964436237,0.5017428010065433,0.49825719899345666,-0.05672353410769859,-0.15296276171112372,OVER,0.5017428010065433,-0.05672353410769859,0,tenure60:55;rest:1;shrink:0.25;voidable
sleeper,match-2839467:kills_maps_1_2_over_under_player_1486,cs2-kills-202609260130,2026-09-26T15:34:31+00:00,29.5,29.27966960797849,0.4562932013019046,0.5437067986980955,-0.21517569376072415,0.005857577591476648,UNDER,0.5437067986980955,0.005857577591476648,0,tenure60:55;rest:1;shrink:0.25;voidable
sleeper,match-2839467:headshots_maps_1_2_over_under_player_2146,cs2-headshots-202609260140,2026-09-26T15:34:31+00:00,13.5,14.234680017444763,0.5296028289872119,0.4703971710127881,-0.025530794663530088,-0.1909168658580045,OVER,0.5296028289872119,-0.025530794663530088,0,tenure60:55;rest:1;shrink:0.25;voidable
sleeper,match-2839467:kills_maps_1_2_over_under_player_2146,cs2-kills-202609260130,2026-09-26T15:34:31+00:00,25.5,26.00465895795762,0.4981987307168412,0.5018012692831588,-0.13313420855269636,-0.0867216899046509,UNDER,0.5018012692831588,-0.0867216899046509,0,tenure60:55;rest:1;shrink:0.25;voidable
sleeper,match-2839467:headshots_maps_1_2_over_under_player_229933,cs2-headshots-202609260140,2026-09-26T15:34:31+00:00,16.5,17.85351970296084,0.5674516627702008,0.43254833722979924,-0.0069595901521486425,-0.21708750961406337,OVER,0.5674516627702008,-0.0069595901521486425,0,tenure60:39;rest:1;shrink:0.25;voidable
sleeper,match-2839467:kills_maps_1_2_over_under_player_229933,cs2-kills-202609260130,2026-09-26T15:34:31+00:00,29.5,30.191965031676304,0.5041465426286206,0.49585345737137937,-0.07237036156333804,-0.14713205332122753,OVER,0.5041465426286206,-0.07237036156333804,0,tenure60:39;rest:1;shrink:0.25;voidable
sleeper,match-2839467:headshots_maps_1_2_over_under_player_2396,cs2-headshots-202609260140,2026-09-26T15:34:31+00:00,18.5,17.53422068389976,0.39512196107242875,0.6048780389275711,-0.3678048622841138,0.20975607785514228,UNDER,0.6048780389275711,0.20975607785514228,0,tenure60:55;rest:1;shrink:0.25;voidable
sleeper,match-2839467:kills_maps_1_2_over_under_player_2396,cs2-kills-202609260130,2026-09-26T15:34:31+00:00,31.5,30.623530973771945,0.4232168326916193,0.5767831673083808,-0.3863355925971521,0.3092977897900243,UNDER,0.5767831673083808,0.3092977897900243,0,tenure60:55;rest:1;shrink:0.25;voidable
sleeper,match-2839467:headshots_maps_1_2_over_under_player_2757,cs2-headshots-202609260140,2026-09-26T15:34:31+00:00,12.5,13.361732640840737,0.5432016403528502,0.4567983596471497,0.03751513307394394,-0.23714673938926006,OVER,0.5432016403528502,0.03751513307394394,0,tenure60:39;rest:1;shrink:0.25;voidable
sleeper,match-2839467:kills_maps_1_2_over_under_player_2757,cs2-kills-202609260130,2026-09-26T15:34:31+00:00,24.5,25.108697430347675,0.5060768146588243,0.4939231853411757,-0.09918326990729276,-0.12081673009270733,OVER,0.5060768146588243,-0.09918326990729276,0,tenure60:39;rest:1;shrink:0.25;voidable
sleeper,match-2839467:headshots_maps_1_2_over_under_player_3948,cs2-headshots-202609260140,2026-09-26T15:34:31+00:00,18.5,17.634453824061495,0.4026734219790968,0.5973265780209032,-0.2631076377782528,0.033374979976162455,UNDER,0.5973265780209032,0.033374979976162455,0,tenure60:55;rest:1;shrink:0.25;voidable
sleeper,match-2839467:kills_maps_1_2_over_under_player_3948,cs2-kills-202609260130,2026-09-26T15:34:31+00:00,31.5,30.806233654688647,0.4330224257591004,0.5669775742408996,-0.33314546433098535,0.18498313016348,UNDER,0.5669775742408996,0.18498313016348,0,tenure60:55;rest:1;shrink:0.25;voidable
sleeper,match-2839467:headshots_maps_1_2_over_under_player_54909,cs2-headshots-202609260140,2026-09-26T15:34:31+00:00,17.5,17.060462145299418,0.43238495595449383,0.5676150440455061,-0.20441168104373125,-0.023702124241729516,UNDER,0.5676150440455061,-0.023702124241729516,0,tenure60:39;rest:1;shrink:0.25;voidable
sleeper,match-2839467:kills_maps_1_2_over_under_player_54909,cs2-kills-202609260130,2026-09-26T15:34:31+00:00,30.5,29.924251915792105,0.43855222452454584,0.5614477754754541,-0.24569017381778113,0.03867838462959011,UNDER,0.5614477754754541,0.03867838462959011,0,tenure60:39;rest:1;shrink:0.25;voidable
sleeper,match-2839467:kills_maps_1_2_over_under_player_1554,cs2-kills-202609260130,2026-09-26T15:34:31+00:00,31.5,30.800073872900484,0.43297026134845695,0.567029738651543,-0.22931293479974663,0.009312934799746653,UNDER,0.567029738651543,0.009312934799746653,0,tenure60:3;rest:1;shrink:0.25;voidable
sleeper,match-2839467:headshots_maps_1_2_over_under_player_7323,cs2-headshots-202609260140,2026-09-26T15:34:31+00:00,16.5,16.254962951752418,0.4450147612606753,0.5549852387393247,-0.20342357734339123,-0.012126275044001988,UNDER,0.5549852387393247,-0.012126275044001988,0,tenure60:45;rest:1;shrink:0.25;voidable
sleeper,match-2839467:kills_maps_1_2_over_under_player_7323,cs2-kills-202609260130,2026-09-26T15:34:31+00:00,30.5,30.456799445119522,0.4681920333209307,0.5318079666790694,-0.16661818068874346,-0.05338181931125652,UNDER,0.5318079666790694,-0.05338181931125652,0,tenure60:45;rest:1;shrink:0.25;voidable
sleeper,match-2839467:headshots_maps_1_2_over_under_player_1554,cs2-headshots-202609260140,2026-09-26T15:34:31+00:00,18.5,18.279641588867698,0.44907302817929806,0.5509269718207019,-0.12430759505036881,-0.09647976621404886,UNDER,0.5509269718207019,-0.09647976621404886,0,tenure60:3;rest:1;shrink:0.25;voidable
prizepicks,15258536,dota-kills-202609252038,2026-09-26T16:08:20+00:00,15.0,14.853837115730347,0.41664186321543356,0.5274581367845664,-0.20319435328374125,-0.006132055698511829,UNDER,0.5274581367845664,-0.006132055698511829,0,tenure60:43;rest:0;shrink:0.25
prizepicks,15258537,dota-kills-202609252038,2026-09-26T16:08:20+00:00,14.5,15.364178891493829,0.4997729105449297,0.5002270894550702,-0.11126412348272702,-0.11045646647835028,UNDER,0.5002270894550702,-0.11045646647835028,0,tenure60:43;rest:0;shrink:0.25
prizepicks,15258538,dota-kills-202609252038,2026-09-26T16:08:20+00:00,11.5,13.789630328273933,0.5929115741183152,0.4070884258816848,0.05436244422836656,-0.2760830341894438,OVER,0.5929115741183152,0.05436244422836656,0,tenure60:43;rest:0;shrink:0.25
prizepicks,15258539,dota-kills-202609252038,2026-09-26T16:08:20+00:00,6.5,6.855001677557034,0.48518398869096513,0.5148160113090349,-0.13720730283029914,-0.0845132871307781,UNDER,0.5148160113090349,-0.0845132871307781,0,tenure60:43;rest:0;shrink:0.25
prizepicks,15258540,dota-kills-202609252038,2026-09-26T16:08:20+00:00,5.5,6.277171460107692,0.5373793164196222,0.4626206835803778,-0.044389426230194595,-0.17733116373088265,OVER,0.5373793164196222,-0.044389426230194595,0,tenure60:43;rest:0;shrink:0.25
prizepicks,15258541,dota-kills-202609252038,2026-09-26T16:08:20+00:00,14.5,13.075036921991368,0.3667286386926702,0.6332713613073297,-0.34785401274122113,0.12613342278014383,UNDER,0.6332713613073297,0.12613342278014383,1,tenure60:22;rest:0;shrink:0.25
prizepicks,15258542,dota-kills-202609252038,2026-09-26T16:08:20+00:00,12.5,11.243910446639417,0.3666285537776438,0.6333714462223562,-0.3480319916848681,0.12631140172379085,UNDER,0.6333714462223562,0.12631140172379085,1,tenure60:14;rest:0;shrink:0.25
prizepicks,15258543,dota-kills-202609252038,2026-09-26T16:08:20+00:00,10.0,8.139012788383347,0.2644440941945834,0.6657559058054167,-0.459944512187379,0.25370001940558495,UNDER,0.6657559058054167,0.25370001940558495,1,tenure60:14;rest:0;shrink:0.25
prizepicks,15258544,dota-kills-202609252038,2026-09-26T16:08:20+00:00,6.0,6.42514864458803,0.4417057218436842,0.44549427815631587,-0.10172380954899685,-0.09498669786447095,UNDER,0.44549427815631587,-0.09498669786447095,0,tenure60:14;rest:0;shrink:0.25
prizepicks,15258545,dota-kills-202609252038,2026-09-26T16:08:20+00:00,6.5,6.504702591209,0.4506430243132108,0.5493569756867892,-0.19863078858614758,-0.023089801374929664,UNDER,0.5493569756867892,-0.023089801374929664,0,tenure60:14;rest:0;shrink:0.25
prizepicks,15232591,lol-kills-202609252040,2026-09-26T16:31:06+00:00,3.5,3.096661802639222,0.3585830938449723,0.6414169061550277,-0.362339067427431,0.1406184774663537,UNDER,0.6414169061550277,0.1406184774663537,0,tenure60:23;rest:3;shrink:0.25;odds_type:demon;bo1
prizepicks,15232583,lol-kills-202609252040,2026-09-26T16:31:06+00:00,3.5,3.0622364785153446,0.35318700325827435,0.6468129967417257,-0.3719348242124608,0.15021423425138358,UNDER,0.6468129967417257,0.15021423425138358,1,tenure60:22;rest:14;shrink:0.25;bo1
prizepicks,15232587,lol-kills-202609252040,2026-09-26T16:31:06+00:00,3.5,3.2288642531406158,0.3790045115322702,0.6209954884677298,-0.32602408083030443,0.10430349086922719,UNDER,0.6209954884677298,0.10430349086922719,1,tenure60:17;rest:25;shrink:0.25;bo1
prizepicks,15232592,lol-kills-202609252040,2026-09-26T16:31:06+00:00,4.5,3.947439476065111,0.35232534953795136,0.6476746504620486,-0.3734670852818946,0.1517464953208174,UNDER,0.6476746504620486,0.1517464953208174,1,tenure60:23;rest:3;shrink:0.25;bo1
prizepicks,15232584,lol-kills-202609252040,2026-09-26T16:31:06+00:00,5.0,4.201586309150315,0.27987449836735434,0.6146641279847181,-0.3968435685104341,0.19850593653268106,UNDER,0.6146641279847181,0.19850593653268106,1,tenure60:18;rest:14;shrink:0.25;bo1
prizepicks,15232588,lol-kills-202609252040,2026-09-26T16:31:06+00:00,4.5,,,,,,,,,0,player_unmapped:Koldo
prizepicks,15232593,lol-kills-202609252040,2026-09-26T16:31:06+00:00,5.0,4.384710633870433,0.30098769080421867,0.5921637035535474,-0.3579111811254624,0.15988112704389978,UNDER,0.5921637035535474,0.15988112704389978,0,tenure60:23;rest:3;shrink:0.25;bo1
prizepicks,15232585,lol-kills-202609252040,2026-09-26T16:31:06+00:00,5.5,4.266695068207831,0.28740765988218975,0.7125923401178103,-0.4889088761440322,0.267188286182955,UNDER,0.7125923401178103,0.267188286182955,1,tenure60:22;rest:14;shrink:0.25;bo1
prizepicks,15232589,lol-kills-202609252040,2026-09-26T16:31:06+00:00,5.0,,,,,,,,,0,player_unmapped:Macaquino
prizepicks,15232594,lol-kills-202609252040,2026-09-26T16:31:06+00:00,7.0,5.6146218168696675,0.26287942076416404,0.6589180965076155,-0.45432445600390814,0.2499429666497529,UNDER,0.6589180965076155,0.2499429666497529,1,tenure60:23;rest:3;shrink:0.25;bo1
prizepicks,15232586,lol-kills-202609252040,2026-09-26T16:31:06+00:00,6.0,4.628420435056142,0.2419927532632707,0.6707299437678056,-0.48239196652437266,0.2800225516677769,UNDER,0.6707299437678056,0.2800225516677769,1,tenure60:22;rest:14;shrink:0.25;bo1
prizepicks,15232590,lol-kills-202609252040,2026-09-26T16:31:06+00:00,7.5,5.85428317397156,0.28431858680633176,0.7156814131936682,-0.494402111190936,0.2726815212298588,UNDER,0.7156814131936682,0.2726815212298588,1,tenure60:17;rest:25;shrink:0.25;bo1
prizepicks,15235404,lol-kills-202609252040,2026-09-26T16:31:06+00:00,9.5,8.660282390286795,0.37043552038844246,0.6295644796115576,-0.34126214134617927,0.11954155138510203,UNDER,0.6295644796115576,0.11954155138510203,1,tenure60:20;rest:14;shrink:0.25;bo5
prizepicks,15235405,lol-kills-202609252040,2026-09-26T16:31:06+00:00,11.5,10.275308399233811,0.35275508887890433,0.6472449111210956,-0.3727028886601942,0.15098229869911695,UNDER,0.6472449111210956,0.15098229869911695,1,tenure60:14;rest:20;shrink:0.25;bo5
prizepicks,15235406,lol-kills-202609252040,2026-09-26T16:31:06+00:00,13.0,11.862444843607909,0.3330907672769384,0.5938592327230616,-0.33462154687735385,0.12909764601293333,UNDER,0.5938592327230616,0.12909764601293333,0,tenure60:20;rest:14;shrink:0.25;bo5
prizepicks,15235407,lol-kills-202609252040,2026-09-26T16:31:06+00:00,14.0,12.862263575003237,0.34118462160811447,0.5943653783918855,-0.3288284123723691,0.12139771443428327,UNDER,0.5943653783918855,0.12139771443428327,0,tenure60:20;rest:14;shrink:0.25;bo5
prizepicks,15235408,lol-kills-202609252040,2026-09-26T16:31:06+00:00,5.5,5.92487489811511,0.5010703368561265,0.4989296631438735,-0.1089569369874831,-0.11276365297359414,OVER,0.5010703368561265,-0.1089569369874831,0,tenure60:22;rest:6;shrink:0.25;bo5
prizepicks,15235409,lol-kills-202609252040,2026-09-26T16:31:06+00:00,8.5,6.991012238919293,0.2954060645026619,0.7045939354973381,-0.4746854778942864,0.25296488793320915,UNDER,0.7045939354973381,0.25296488793320915,1,tenure60:22;rest:6;shrink:0.25;bo5
prizepicks,15235410,lol-kills-202609252040,2026-09-26T16:31:06+00:00,6.5,7.468814784953463,0.5532486660773362,0.4467513339226637,-0.01616928848317345,-0.2055513014779039,OVER,0.5532486660773362,-0.01616928848317345,0,tenure60:22;rest:6;shrink:0.25;bo5
prizepicks,15235411,lol-kills-202609252040,2026-09-26T16:31:06+00:00,8.5,9.83825504744495,0.5695919989089351,0.4304080010910649,0.01289372378267184,-0.23461431374374908,OVER,0.5695919989089351,0.01289372378267184,0,tenure60:22;rest:6;shrink:0.25;bo5
prizepicks,15255086,cs2-kills-202609260130,2026-09-26T16:32:34+00:00,14.5,13.599014639040655,0.3931962445498868,0.6068037554501132,-0.30078721421230736,0.07906662425123012,UNDER,0.6068037554501132,0.07906662425123012,0,tenure60:4;rest:2;shrink:0.25;odds_type:demon;voidable
prizepicks,15255088,cs2-kills-202609260130,2026-09-26T16:32:34+00:00,14.5,,,,,,,,,0,player_unmapped:Pikan0
prizepicks,15255089,cs2-kills-202609260130,2026-09-26T16:32:34+00:00,12.5,12.685993223265312,0.4780333459017317,0.5219666540982684,-0.14992314367093634,-0.07179744629014084,UNDER,0.5219666540982684,-0.07179744629014084,0,tenure60:4;rest:2;shrink:0.25;odds_type:demon;voidable
prizepicks,15255090,cs2-kills-202609260130,2026-09-26T16:32:34+00:00,14.5,15.33586410575877,0.5247595292635837,0.4752404707364163,-0.06683093388885153,-0.1548896560722257,OVER,0.5247595292635837,-0.06683093388885153,0,tenure60:4;rest:2;shrink:0.25;odds_type:demon;voidable
prizepicks,15255091,cs2-headshots-202609260140,2026-09-26T16:32:34+00:00,9.5,8.339020832656992,0.3394754810264257,0.6605245189735742,-0.3963177418776481,0.17459715191657077,UNDER,0.6605245189735742,0.17459715191657077,0,tenure60:4;rest:2;shrink:0.25;odds_type:demon;voidable
prizepicks,15255093,cs2-headshots-202609260140,2026-09-26T16:32:34+00:00,8.5,,,,,,,,,0,player_unmapped:Pikan0
prizepicks,15255094,cs2-headshots-202609260140,2026-09-26T16:32:34+00:00,6.5,6.855140593126386,0.5019220283243581,0.49807797167564194,-0.10744239158582108,-0.11427819837525616,OVER,0.5019220283243581,-0.10744239158582108,0,tenure60:4;rest:2;shrink:0.25;odds_type:demon;voidable
prizepicks,15255095,cs2-headshots-202609260140,2026-09-26T16:32:34+00:00,4.5,5.1746789413336565,0.5585127060351557,0.4414872939648443,-0.006808354612561074,-0.21491223534851617,OVER,0.5585127060351557,-0.006808354612561074,0,tenure60:4;rest:2;shrink:0.25;voidable
prizepicks,15236702,cs2-kills-202609260130,2026-09-26T16:32:34+00:00,30.5,29.488215223018923,0.41628171535218056,0.5837182846478195,-0.2597347968135336,0.038014206852456434,UNDER,0.5837182846478195,0.038014206852456434,0,tenure60:9;rest:2;shrink:0.25
prizepicks,15236703,cs2-kills-202609260130,2026-09-26T16:32:34+00:00,27.5,26.11332192765559,0.391425324329994,0.608574675670006,-0.30393640517616427,0.08221581521508703,UNDER,0.608574675670006,0.08221581521508703,1,tenure60:26;rest:2;shrink:0.25
prizepicks,15236704,cs2-kills-202609260130,2026-09-26T16:32:34+00:00,28.5,27.153697110387053,0.3954357992494707,0.6045642007505293,-0.29680466020238133,0.07508407024130409,UNDER,0.6045642007505293,0.07508407024130409,1,tenure60:26;rest:2;shrink:0.25
prizepicks,15236705,cs2-kills-202609260130,2026-09-26T16:32:34+00:00,28.5,28.090446116401555,0.4468481233771222,0.5531518766228778,-0.20537918278393136,-0.016341407177145884,UNDER,0.5531518766228778,-0.016341407177145884,0,tenure60:9;rest:2;shrink:0.25
prizepicks,15236706,cs2-kills-202609260130,2026-09-26T16:32:34+00:00,31.0,28.063243821912558,0.294049561329202,0.6601004386707979,-0.43124771955730257,0.2196930186459407,UNDER,0.6601004386707979,0.2196930186459407,1,tenure60:26;rest:2;shrink:0.25
prizepicks,15236707,cs2-kills-202609260130,2026-09-26T16:32:34+00:00,22.5,25.343642242941733,0.6364213750993147,0.36357862490068527,0.13173502744776938,-0.3534556174088466,OVER,0.6364213750993147,0.13173502744776938,1,tenure60:57;rest:1;shrink:0.25
prizepicks,15236708,cs2-kills-202609260130,2026-09-26T16:32:34+00:00,26.5,28.301229476610374,0.5683991108785276,0.43160088912147243,0.010772435559716242,-0.23249302552079348,OVER,0.5683991108785276,0.010772435559716242,0,tenure60:57;rest:1;shrink:0.25
prizepicks,15236709,cs2-kills-202609260130,2026-09-26T16:32:34+00:00,30.0,30.76537877645525,0.48374424130229127,0.4670057586977088,-0.09051757596723525,-0.12028327493825891,OVER,0.48374424130229127,-0.09051757596723525,0,tenure60:57;rest:1;shrink:0.25
prizepicks,15236710,cs2-kills-202609260130,2026-09-26T16:32:34+00:00,28.5,30.97305742157934,0.5953237198561673,0.40467628014383267,0.058651913328002125,-0.2803725032890795,OVER,0.5953237198561673,0.058651913328002125,0,tenure60:57;rest:1;shrink:0.25
prizepicks,15236711,cs2-kills-202609260130,2026-09-26T16:32:34+00:00,27.5,,,,,,,,,0,player_unmapped:destiny
prizepicks,15236712,cs2-headshots-202609260140,2026-09-26T16:32:34+00:00,18.5,17.520025608856162,0.3941084541426412,0.6058915458573588,-0.29916505067587223,0.077444460714795,UNDER,0.6058915458573588,0.077444460714795,1,tenure60:9;rest:2;shrink:0.25
prizepicks,15236713,cs2-headshots-202609260140,2026-09-26T16:32:34+00:00,15.0,14.17929780457339,0.3551624099095863,0.5640375900904137,-0.28762199923797876,0.08381643294575664,UNDER,0.5640375900904137,0.08381643294575664,0,tenure60:26;rest:2;shrink:0.25
prizepicks,15236714,cs2-headshots-202609260140,2026-09-26T16:32:34+00:00,9.5,9.428234115652725,0.4534359044352451,0.5465640955647548,-0.1936642673704269,-0.028056322590650384,UNDER,0.5465640955647548,-0.028056322590650384,0,tenure60:26;rest:2;shrink:0.25
prizepicks,15236716,cs2-headshots-202609260140,2026-09-26T16:32:34+00:00,16.5,14.543415381960354,0.3087958019428215,0.6912041980571785,-0.4508747834986233,0.22915419353754607,UNDER,0.6912041980571785,0.22915419353754607,1,tenure60:26;rest:2;shrink:0.25
prizepicks,15236717,cs2-headshots-202609260140,2026-09-26T16:32:34+00:00,12.5,14.127718006589625,0.6080667376902189,0.3919332623097811,0.08131255956405486,-0.3030331495251321,OVER,0.6080667376902189,0.08131255956405486,1,tenure60:57;rest:1;shrink:0.25
prizepicks,15236718,cs2-headshots-202609260140,2026-09-26T16:32:34+00:00,8.5,10.131988132252769,0.6401854855699445,0.3598145144300555,0.13842866759480216,-0.3601492575558794,OVER,0.6401854855699445,0.13842866759480216,1,tenure60:57;rest:1;shrink:0.25
prizepicks,15236719,cs2-headshots-202609260140,2026-09-26T16:32:34+00:00,15.5,17.194941346413437,0.5944814389872155,0.4055185610127845,0.05715410260127546,-0.2788746925623527,OVER,0.5944814389872155,0.05715410260127546,0,tenure60:57;rest:1;shrink:0.25
prizepicks,15236720,cs2-headshots-202609260140,2026-09-26T16:32:34+00:00,14.5,16.484495264794933,0.6203807676191989,0.3796192323808011,0.1032103454413631,-0.32493093540244034,OVER,0.6203807676191989,0.1032103454413631,1,tenure60:57;rest:1;shrink:0.25
prizepicks,15236721,cs2-headshots-202609260140,2026-09-26T16:32:34+00:00,13.5,,,,,,,,,0,player_unmapped:destiny
prizepicks,15232610,lol-kills-202609252040,2026-09-26T17:32:26+00:00,4.0,2.81278640701679,0.19848305345827214,0.6859933836114681,-0.5315181098632401,0.3354114724294656,UNDER,0.6859933836114681,0.3354114724294656,0,tenure60:19;rest:24;shrink:0.25;bumped_against:-11%
prizepicks,15232606,lol-kills-202609252040,2026-09-26T17:32:26+00:00,3.0,2.8557502462104063,0.3201942289064497,0.5202093927901899,-0.2710088172190104,0.08467403041100552,UNDER,0.5202093927901899,0.08467403041100552,0,tenure60:17;rest:24;shrink:0.25
prizepicks,15232596,lol-kills-202609252040,2026-09-26T17:32:26+00:00,4.5,4.586175519270462,0.4310950974402546,0.5689049025597455,-0.23339246445327222,0.011671874492194978,UNDER,0.5689049025597455,0.011671874492194978,0,tenure60:20;rest:23;shrink:0.25
prizepicks,15232601,lol-kills-202609252040,2026-09-26T17:32:26+00:00,3.5,3.0240244802149925,0.34716092726803144,0.6528390727319686,-0.38265087106923973,0.16093028110816254,UNDER,0.6528390727319686,0.16093028110816254,1,tenure60:22;rest:15;shrink:0.25
prizepicks,15232611,lol-kills-202609252040,2026-09-26T17:32:26+00:00,4.5,3.1191845684183233,0.24072829806065754,0.7592717019393425,-0.57191782414502,0.35019723418394266,UNDER,0.7592717019393425,0.35019723418394266,1,tenure60:19;rest:24;shrink:0.25
prizepicks,15232607,lol-kills-202609252040,2026-09-26T17:32:26+00:00,3.5,3.105331334899065,0.3599370342044207,0.6400629657955793,-0.3599313831638032,0.13821079320272595,UNDER,0.6400629657955793,0.13821079320272595,1,tenure60:17;rest:24;shrink:0.25
prizepicks,15232597,lol-kills-202609252040,2026-09-26T17:32:26+00:00,4.0,3.780862241745976,0.33056001144645536,0.5405491842804027,-0.28328113358939583,0.09013828879231744,UNDER,0.5405491842804027,0.09013828879231744,0,tenure60:20;rest:23;shrink:0.25
prizepicks,15232602,lol-kills-202609252040,2026-09-26T17:32:26+00:00,5.0,3.943683775834417,0.2498282229485693,0.6474425625496686,-0.4530064005821836,0.2540629926666751,UNDER,0.6474425625496686,0.2540629926666751,1,tenure60:22;rest:15;shrink:0.25
prizepicks,15232612,lol-kills-202609252040,2026-09-26T17:32:26+00:00,5.0,3.521955867085636,0.20055477196856533,0.7034068874893622,-0.5473192378811764,0.34689232544397036,UNDER,0.7034068874893622,0.34689232544397036,1,tenure60:19;rest:24;shrink:0.25
prizepicks,15232608,lol-kills-202609252040,2026-09-26T17:32:26+00:00,5.0,4.012351290088222,0.2578524927602891,0.638596662457118,-0.4379153765145746,0.2391541409496618,UNDER,0.638596662457118,0.2391541409496618,1,tenure60:17;rest:24;shrink:0.25
prizepicks,15232598,lol-kills-202609252040,2026-09-26T17:32:26+00:00,4.0,4.115334960488736,0.373786467680273,0.4970471199344676,-0.20613680838773185,0.013055071583870093,UNDER,0.4970471199344676,0.013055071583870093,0,tenure60:20;rest:23;shrink:0.25
prizepicks,15232603,lol-kills-202609252040,2026-09-26T17:32:26+00:00,5.5,4.317323174262984,0.2932459808992829,0.7067540191007171,-0.47852671009013803,0.2568061201290608,UNDER,0.7067540191007171,0.2568061201290608,1,tenure60:22;rest:15;shrink:0.25
prizepicks,15232613,lol-kills-202609252040,2026-09-26T17:32:26+00:00,6.0,4.1036747911776965,0.18886514114946595,0.7309518351014588,-0.5839619844707346,0.3800196218401654,UNDER,0.7309518351014588,0.3800196218401654,1,tenure60:19;rest:24;shrink:0.25
prizepicks,15232609,lol-kills-202609252040,2026-09-26T17:32:26+00:00,6.0,5.3497256261352,0.31460686950889305,0.5928194702583598,-0.34796742146278614,0.14677231806336993,UNDER,0.5928194702583598,0.14677231806336993,0,tenure60:17;rest:24;shrink:0.25
prizepicks,15232599,lol-kills-202609252040,2026-09-26T17:32:26+00:00,6.0,5.728047077524956,0.3514617427626484,0.5548658107992157,-0.28133037299065006,0.0803788931169338,UNDER,0.5548658107992157,0.0803788931169338,0,tenure60:20;rest:23;shrink:0.25
prizepicks,15232604,lol-kills-202609252040,2026-09-26T17:32:26+00:00,6.0,5.109228114623929,0.29064922560871215,0.6180344554240058,-0.39182814758898754,0.19035426574241,UNDER,0.6180344554240058,0.19035426574241,1,tenure60:22;rest:15;shrink:0.25
prizepicks,15232893,cs2-kills-202609260130,2026-09-26T17:33:52+00:00,13.0,13.644176187284636,0.4741394127581634,0.4478902767722284,-0.0788773343346037,-0.1255556323897037,OVER,0.4741394127581634,-0.0788773343346037,0,tenure60:50;rest:1;shrink:0.25;voidable
prizepicks,15232894,cs2-kills-202609260130,2026-09-26T17:33:52+00:00,14.5,14.727484190514087,0.4800484814492564,0.5199515185507436,-0.1463396696183356,-0.07538092034274163,UNDER,0.5199515185507436,-0.07538092034274163,0,tenure60:50;rest:1;shrink:0.25;voidable
prizepicks,15232895,cs2-kills-202609260130,2026-09-26T17:33:52+00:00,14.0,14.464587667817936,0.4601911752809435,0.46571100803133086,-0.10755369162855966,-0.09773788670168732,UNDER,0.46571100803133086,-0.09773788670168732,0,tenure60:50;rest:1;shrink:0.25;voidable
prizepicks,15232896,cs2-kills-202609260130,2026-09-26T17:33:52+00:00,12.5,13.144820810229259,0.5158894846597667,0.4841105153402333,-0.08260435157394619,-0.13911623838713105,OVER,0.5158894846597667,-0.08260435157394619,0,tenure60:50;rest:1;shrink:0.25;voidable
prizepicks,15232897,cs2-kills-202609260130,2026-09-26T17:33:52+00:00,15.0,15.344367980858806,0.45182308480189237,0.477697141730385,-0.12605253784880205,-0.08004123515868866,UNDER,0.477697141730385,-0.08004123515868866,0,tenure60:50;rest:1;shrink:0.25;voidable
prizepicks,15232898,cs2-kills-202609260130,2026-09-26T17:33:52+00:00,14.0,14.588248998544467,0.4695673942631293,0.4564960114088099,-0.09104137682818736,-0.11428594781875939,OVER,0.4695673942631293,-0.09104137682818736,0,tenure60:28;rest:1;shrink:0.25;voidable
prizepicks,15232899,cs2-kills-202609260130,2026-09-26T17:33:52+00:00,15.0,15.189284678140197,0.44051354043959023,0.48891618948425997,-0.14607357111677854,-0.06000013692930223,UNDER,0.48891618948425997,-0.06000013692930223,0,tenure60:28;rest:1;shrink:0.25;voidable
prizepicks,15232900,cs2-kills-202609260130,2026-09-26T17:33:52+00:00,15.0,15.192778401549926,0.4407691098337655,0.48866209282013784,-0.1456205700553337,-0.0604534645253233,UNDER,0.48866209282013784,-0.0604534645253233,0,tenure60:28;rest:1;shrink:0.25;voidable
prizepicks,15232901,cs2-kills-202609260130,2026-09-26T17:33:52+00:00,14.0,14.506701695365841,0.463391166752149,0.4625619342372075,-0.10191413036009689,-0.10338873746755217,OVER,0.463391166752149,-0.10191413036009689,0,tenure60:7;rest:1;shrink:0.25;voidable
prizepicks,15232902,cs2-kills-202609260130,2026-09-26T17:33:52+00:00,13.5,13.739233927915013,0.48167160700519196,0.518328392994808,-0.1434532988623074,-0.07826729109876984,UNDER,0.518328392994808,-0.07826729109876984,0,tenure60:22;rest:1;shrink:0.25;voidable
prizepicks,15232903,cs2-headshots-202609260140,2026-09-26T17:33:52+00:00,7.5,7.921310860178356,0.5064154356451244,0.49358456435487563,-0.09945185786638416,-0.12226873209469308,OVER,0.5064154356451244,-0.09945185786638416,0,tenure60:50;rest:1;shrink:0.25;voidable
prizepicks,15232904,cs2-headshots-202609260140,2026-09-26T17:33:52+00:00,4.5,4.8285879277356845,0.5060193063777686,0.4939806936222314,-0.10015628638623675,-0.1215643035748405,OVER,0.5060193063777686,-0.10015628638623675,0,tenure60:50;rest:1;shrink:0.25;voidable
prizepicks,15232905,cs2-headshots-202609260140,2026-09-26T17:33:52+00:00,8.0,8.10586328217085,0.41519286045728837,0.47458749058974414,-0.15145143610067296,-0.04583118826924942,UNDER,0.47458749058974414,-0.04583118826924942,0,tenure60:50;rest:1;shrink:0.25;voidable
prizepicks,15232906,cs2-headshots-202609260140,2026-09-26T17:33:52+00:00,7.0,7.549318342082188,0.4634972153700389,0.4175151244420867,-0.05678478510920931,-0.1385537906369243,OVER,0.4634972153700389,-0.05678478510920931,0,tenure60:50;rest:1;shrink:0.25;voidable
prizepicks,15232907,cs2-headshots-202609260140,2026-09-26T17:33:52+00:00,8.0,8.118559688914003,0.41660441095660455,0.47318801140482153,-0.14895337622590243,-0.04833192460296898,UNDER,0.47318801140482153,-0.04833192460296898,0,tenure60:50;rest:1;shrink:0.25;voidable
prizepicks,15232908,cs2-headshots-202609260140,2026-09-26T17:33:52+00:00,8.0,8.411828157681608,0.44891117168859246,0.4415187946105489,-0.09214047274886955,-0.10528618469799822,OVER,0.44891117168859246,-0.09214047274886955,0,tenure60:28;rest:1;shrink:0.25;voidable
prizepicks,15232909,cs2-headshots-202609260140,2026-09-26T17:33:52+00:00,4.5,4.883922188492267,0.514653774873422,0.485346225126578,-0.08480178884378653,-0.1369188011172907,OVER,0.514653774873422,-0.08480178884378653,0,tenure60:28;rest:1;shrink:0.25;voidable
prizepicks,15232910,cs2-headshots-202609260140,2026-09-26T17:33:52+00:00,8.0,8.266327919805724,0.4329585501685121,0.4570709426462386,-0.12010821764978169,-0.07722964657986314,UNDER,0.4570709426462386,-0.07722964657986314,0,tenure60:28;rest:1;shrink:0.25;voidable
prizepicks,15232911,cs2-headshots-202609260140,2026-09-26T17:33:52+00:00,8.0,8.077155744812512,0.4119978149279311,0.4777601979607966,-0.1571107816213611,-0.040166889918923365,UNDER,0.4777601979607966,-0.040166889918923365,0,tenure60:7;rest:1;shrink:0.25;voidable
prizepicks,15232912,cs2-headshots-202609260140,2026-09-26T17:33:52+00:00,7.5,7.425463032887345,0.4488524165006407,0.5511475834993593,-0.20181498959069583,-0.01990560037038136,UNDER,0.5511475834993593,-0.01990560037038136,0,tenure60:22;rest:1;shrink:0.25;voidable
prizepicks,15235502,cs2-kills-202609260130,2026-09-26T17:33:52+00:00,12.0,12.501612639939609,0.4624753814820045,0.4546416008210296,-0.09470653376368937,-0.10863718461586208,OVER,0.4624753814820045,-0.09470653376368937,0,tenure60:39;rest:1;shrink:0.25;voidable
prizepicks,15235503,cs2-kills-202609260130,2026-09-26T17:33:52+00:00,15.0,14.90681047093108,0.41974392241648595,0.5096558411703721,-0.18297778886464605,-0.02308927502751784,UNDER,0.5096558411703721,-0.02308927502751784,0,tenure60:39;rest:1;shrink:0.25;voidable
prizepicks,15235504,cs2-kills-202609260130,2026-09-26T17:33:52+00:00,14.5,15.082370322431244,0.5063592491594822,0.49364075084051784,-0.09955177313692415,-0.12216881682415309,OVER,0.5063592491594822,-0.09955177313692415,0,tenure60:39;rest:1;shrink:0.25;voidable
prizepicks,15235505,cs2-kills-202609260130,2026-09-26T17:33:52+00:00,15.5,15.344923080733949,0.451863432403135,0.548136567596865,-0.1964605620079905,-0.02526002795308674,UNDER,0.548136567596865,-0.02526002795308674,0,tenure60:3;rest:1;shrink:0.25;voidable
prizepicks,15235507,cs2-kills-202609260130,2026-09-26T17:33:52+00:00,15.0,15.173255815102506,0.43934056803285254,0.49008274382895656,-0.14815302573418287,-0.057919259295395764,UNDER,0.49008274382895656,-0.057919259295395764,0,tenure60:45;rest:1;shrink:0.25;voidable
prizepicks,15235508,cs2-kills-202609260130,2026-09-26T17:33:52+00:00,14.5,14.584392188018125,0.46927589753145765,0.5307241024685423,-0.16549633379227346,-0.05622425616880383,UNDER,0.5307241024685423,-0.05622425616880383,0,tenure60:55;rest:1;shrink:0.25;voidable
prizepicks,15235509,cs2-kills-202609260130,2026-09-26T17:33:52+00:00,15.5,15.348004956225214,0.45208742148402115,0.5479125785159789,-0.19606224683737705,-0.02565834312370019,UNDER,0.5479125785159789,-0.02565834312370019,0,tenure60:55;rest:1;shrink:0.25;voidable
prizepicks,15235510,cs2-kills-202609260130,2026-09-26T17:33:52+00:00,16.5,15.506594751469644,0.3937073225703255,0.6062926774296745,-0.29987837469163775,0.07815778473056051,UNDER,0.6062926774296745,0.07815778473056051,0,tenure60:55;rest:1;shrink:0.25;voidable
prizepicks,15235511,cs2-kills-202609260130,2026-09-26T17:33:52+00:00,12.5,12.949925642486816,0.4999702293569143,0.5000297706430856,-0.11091323550216142,-0.11080735445891582,UNDER,0.5000297706430856,-0.11080735445891582,0,tenure60:55;rest:1;shrink:0.25;voidable
prizepicks,15235512,cs2-headshots-202609260140,2026-09-26T17:33:52+00:00,6.0,6.618366320420368,0.4719213108884771,0.3974397848869458,-0.03015314546386677,-0.16260210958066862,OVER,0.4719213108884771,-0.03015314546386677,0,tenure60:39;rest:1;shrink:0.25;voidable
prizepicks,15235513,cs2-headshots-202609260140,2026-09-26T17:33:52+00:00,8.5,8.467196766396423,0.4549378116889364,0.5450621883110636,-0.19099345662539963,-0.03072713333567767,UNDER,0.5450621883110636,-0.03072713333567767,0,tenure60:39;rest:1;shrink:0.25;voidable
prizepicks,15235514,cs2-headshots-202609260140,2026-09-26T17:33:52+00:00,8.0,8.86425985148042,0.49732906389684817,0.39529900579178173,-0.008238035346933015,-0.1896759868802475,OVER,0.49732906389684817,-0.008238035346933015,0,tenure60:39;rest:1;shrink:0.25;voidable
prizepicks,15235515,cs2-headshots-202609260140,2026-09-26T17:33:52+00:00,9.0,9.041190006633288,0.4124854458240903,0.4858016495414259,-0.16477272011581084,-0.034396024623053856,UNDER,0.4858016495414259,-0.034396024623053856,0,tenure60:3;rest:1;shrink:0.25;voidable
prizepicks,15235517,cs2-headshots-202609260140,2026-09-26T17:33:52+00:00,8.0,8.065618684825354,0.4107124785139641,0.4790385054430746,-0.15938943996960286,-0.03788667311180072,UNDER,0.4790385054430746,-0.03788667311180072,0,tenure60:45;rest:1;shrink:0.25;voidable
prizepicks,15235518,cs2-headshots-202609260140,2026-09-26T17:33:52+00:00,5.5,5.877404171579817,0.5086623702134558,0.49133762978654416,-0.09545618038781561,-0.12626440957326163,OVER,0.5086623702134558,-0.09545618038781561,0,tenure60:55;rest:1;shrink:0.25;voidable
prizepicks,15235519,cs2-headshots-202609260140,2026-09-26T17:33:52+00:00,9.0,8.752346113900089,0.3825857138810449,0.5159085071456533,-0.21814992345699358,0.018935254694335435,UNDER,0.5159085071456533,0.018935254694335435,0,tenure60:55;rest:1;shrink:0.25;voidable
prizepicks,15235520,cs2-headshots-202609260140,2026-09-26T17:33:52+00:00,9.0,8.70224788700841,0.37737293651945514,0.5212176013720948,-0.22751601497307744,0.028279990778321218,UNDER,0.5212176013720948,0.028279990778321218,0,tenure60:55;rest:1;shrink:0.25;voidable
prizepicks,15235521,cs2-headshots-202609260140,2026-09-26T17:33:52+00:00,6.5,7.0548400087223815,0.5265137696532479,0.4734862303467521,-0.06371140432365302,-0.15800918563742422,OVER,0.5265137696532479,-0.06371140432365302,0,tenure60:55;rest:1;shrink:0.25;voidable
sleeper,match-2839671:headshots_maps_1_2_over_under_player_1248,cs2-headshots-202609260140,2026-09-26T17:34:39+00:00,16.5,,,,,,,,,0,player_unmapped:sh1nejezzz
sleeper,match-2839671:kills_maps_1_2_over_under_player_1248,cs2-kills-202609260130,2026-09-26T17:34:39+00:00,28.5,,,,,,,,,0,player_unmapped:sh1nejezzz
sleeper,match-2839671:headshots_maps_1_2_over_under_player_1527,cs2-headshots-202609260140,2026-09-26T17:34:39+00:00,15.5,16.61177324530115,0.5546680086938336,0.4453319913061664,-0.012690944524976211,-0.20730905547502376,OVER,0.5546680086938336,-0.012690944524976211,0,tenure60:8;rest:1;shrink:0.25;voidable
sleeper,match-2839671:kills_maps_1_2_over_under_player_1527,cs2-kills-202609260130,2026-09-26T17:34:39+00:00,27.5,28.469659565396647,0.521932684696599,0.4780673153034009,-0.07095982124005362,-0.1490401787599463,OVER,0.521932684696599,-0.07095982124005362,0,tenure60:8;rest:1;shrink:0.25;voidable
sleeper,match-2839671:headshots_maps_1_2_over_under_player_2129,cs2-headshots-202609260140,2026-09-26T17:34:39+00:00,11.5,12.809341810738486,0.5859124980763785,0.41408750192362154,-0.07425825303932199,-0.15526149607581202,OVER,0.5859124980763785,-0.07425825303932199,0,tenure60:16;rest:1;shrink:0.25;voidable
sleeper,match-2839671:kills_maps_1_2_over_under_player_2129,cs2-kills-202609260130,2026-09-26T17:34:39+00:00,24.5,25.179979948071914,0.5097284430957483,0.4902715569042517,-0.10287794015148305,-0.11751119757234685,OVER,0.5097284430957483,-0.10287794015148305,0,tenure60:16;rest:1;shrink:0.25;voidable
prizepicks,15258546,dota-kills-202609252038,2026-09-26T17:47:06+00:00,6.5,7.1499401695388345,0.49096355064000724,0.5090364493599928,-0.1269296268172732,-0.09479096314380397,UNDER,0.5090364493599928,-0.09479096314380397,0,tenure60:43;rest:0;shrink:0.25;voidable
prizepicks,15258547,dota-kills-202609252038,2026-09-26T17:47:06+00:00,6.0,7.351759121631067,0.5070098291510273,0.40232519123054916,-0.007729880514952603,-0.19388841667631862,OVER,0.5070098291510273,-0.007729880514952603,0,tenure60:43;rest:0;shrink:0.25;voidable
prizepicks,15258548,dota-kills-202609252038,2026-09-26T17:47:06+00:00,4.5,6.566281603789674,0.6347031612371494,0.3652968387628506,0.12867956311463735,-0.3504001530757146,OVER,0.6347031612371494,0.12867956311463735,0,tenure60:43;rest:0;shrink:0.25;voidable
prizepicks,15258549,dota-kills-202609252038,2026-09-26T17:47:06+00:00,2.5,3.2482678114421066,0.5535538245549317,0.44644617544506826,-0.015626631445666617,-0.20609395851541062,OVER,0.5535538245549317,-0.015626631445666617,0,tenure60:43;rest:0;shrink:0.25;voidable
prizepicks,15258550,dota-kills-202609252038,2026-09-26T17:47:06+00:00,2.0,2.953937367711401,0.5083980137543854,0.29910102552562134,0.09657468068410185,-0.2756138440662681,OVER,0.5083980137543854,0.09657468068410185,0,tenure60:43;rest:0;shrink:0.25;voidable
prizepicks,15258551,dota-kills-202609252038,2026-09-26T17:47:06+00:00,6.5,6.331765051619584,0.4207714175731734,0.5792285824268266,-0.251750851796736,0.030030261835658767,UNDER,0.5792285824268266,0.030030261835658767,0,tenure60:22;rest:0;shrink:0.25;voidable
prizepicks,15258552,dota-kills-202609252038,2026-09-26T17:47:06+00:00,5.5,5.43023945774416,0.4281032065067426,0.5718967934932574,-0.23871288249741862,0.01699229253634138,UNDER,0.5718967934932574,0.01699229253634138,0,tenure60:14;rest:0;shrink:0.25;voidable
prizepicks,15258553,dota-kills-202609252038,2026-09-26T17:47:06+00:00,4.0,3.8201331499367805,0.3479921872916762,0.5220468423312484,-0.25121168810772837,0.058306121170570324,UNDER,0.5220468423312484,0.058306121170570324,0,tenure60:14;rest:0;shrink:0.25;voidable
prizepicks,15258554,dota-kills-202609252038,2026-09-26T17:47:06+00:00,2.5,3.086227584656204,0.5292708626212947,0.47072913737870525,-0.05880852266701225,-0.162912067294065,OVER,0.5292708626212947,-0.05880852266701225,0,tenure60:14;rest:0;shrink:0.25;voidable
prizepicks,15258555,dota-kills-202609252038,2026-09-26T17:47:06+00:00,2.5,3.0609761186956463,0.5253603916434725,0.4746396083565275,-0.06576243269042836,-0.15595815727064888,OVER,0.5253603916434725,-0.06576243269042836,0,tenure60:14;rest:0;shrink:0.25;voidable
prizepicks,15234204,lol-kills-202609252040,2026-09-26T18:31:13+00:00,3.5,,,,,,,,,0,player_unmapped:lllllma
prizepicks,15234205,lol-kills-202609252040,2026-09-26T18:31:13+00:00,4.0,2.963497369499688,0.21922683399552312,0.6616282476485058,-0.49100851662176925,0.29570480824944223,UNDER,0.6616282476485058,0.29570480824944223,1,tenure60:0;rest:65;shrink:0.25;bo1
prizepicks,15234206,lol-kills-202609252040,2026-09-26T18:31:13+00:00,5.5,3.748773334492211,0.22701772039352008,0.7729822796064799,-0.59629906211023,0.37457847214915274,UNDER,0.7729822796064799,0.37457847214915274,1,tenure60:22;rest:23;shrink:0.25;bo1
prizepicks,15234207,lol-kills-202609252040,2026-09-26T18:31:13+00:00,5.0,3.6876418709738985,0.21986830047940015,0.6811137437381196,-0.5099947725547515,0.3102285021665056,UNDER,0.6811137437381196,0.3102285021665056,1,tenure60:20;rest:23;shrink:0.25;bo1
prizepicks,15234208,lol-kills-202609252040,2026-09-26T18:31:13+00:00,4.0,3.887662799902599,0.34456642313345015,0.526267741943562,-0.25809878942803854,0.06501692458890129,UNDER,0.526267741943562,0.06501692458890129,0,opponent_unmapped;tenure60:21;rest:14;shrink:0.25;bo1
prizepicks,15234209,lol-kills-202609252040,2026-09-26T18:31:13+00:00,5.0,4.454136503068617,0.30892528148122494,0.5838104608534366,-0.3433802750361207,0.14544237956633932,UNDER,0.5838104608534366,0.14544237956633932,0,opponent_unmapped;tenure60:21;rest:14;shrink:0.25;bo1
prizepicks,15234210,lol-kills-202609252040,2026-09-26T18:31:13+00:00,5.5,4.685823119532523,0.3350896856743881,0.6649103143256119,-0.404116911448821,0.18239632148774376,UNDER,0.6649103143256119,0.18239632148774376,1,opponent_unmapped;tenure60:21;rest:14;shrink:0.25;bo1
prizepicks,15234211,lol-kills-202609252040,2026-09-26T18:31:13+00:00,6.0,5.446030477440404,0.32409454827620043,0.5829553861666007,-0.33071927233736825,0.1296076257485539,UNDER,0.5829553861666007,0.1296076257485539,0,opponent_unmapped;tenure60:21;rest:14;shrink:0.25;bo1
prizepicks,15234212,lol-kills-202609252040,2026-09-26T18:31:13+00:00,4.0,3.279116758797655,0.2627727935452544,0.6125034958890512,-0.40799284115437096,0.21392606588205404,UNDER,0.6125034958890512,0.21392606588205404,1,opponent_unmapped;tenure60:22;rest:20;shrink:0.25;bo1
prizepicks,15234213,lol-kills-202609252040,2026-09-26T18:31:13+00:00,3.5,3.46136199696502,0.41368919693565126,0.5863108030643487,-0.2643450189337943,0.04262442897271701,UNDER,0.5863108030643487,0.04262442897271701,0,opponent_unmapped;tenure60:22;rest:20;shrink:0.25;bo1
prizepicks,15234214,lol-kills-202609252040,2026-09-26T18:31:13+00:00,6.5,4.631066934948265,0.24226193455374267,0.7577380654462573,-0.5691905899468823,0.3474699999858051,UNDER,0.7577380654462573,0.3474699999858051,1,opponent_unmapped;tenure60:22;rest:20;shrink:0.25;bo1
prizepicks,15234215,lol-kills-202609252040,2026-09-26T18:31:13+00:00,6.5,5.216771144720954,0.3014052545596737,0.6985947454403263,-0.4640172417389921,0.24229665177791482,UNDER,0.6985947454403263,0.24229665177791482,1,opponent_unmapped;tenure60:22;rest:20;shrink:0.25;bo1
prizepicks,15234200,lol-kills-202609252040,2026-09-26T18:31:13+00:00,3.5,2.887642280682472,0.32535621508909324,0.6746437849109068,-0.4214257417788705,0.19970515181779325,UNDER,0.6746437849109068,0.19970515181779325,1,tenure60:19;rest:25;shrink:0.25;bo1
prizepicks,15234201,lol-kills-202609252040,2026-09-26T18:31:13+00:00,4.5,3.3676479228755234,0.2749172444920826,0.7250827555079173,-0.511120324655093,0.2893997346940157,UNDER,0.7250827555079173,0.2893997346940157,1,tenure60:19;rest:25;shrink:0.25;bo1
prizepicks,15234202,lol-kills-202609252040,2026-09-26T18:31:13+00:00,5.5,4.233687993109127,0.2835920278293392,0.7164079721706609,-0.495694136059901,0.27397354609882385,UNDER,0.7164079721706609,0.27397354609882385,1,tenure60:19;rest:25;shrink:0.25;bo1
prizepicks,15234203,lol-kills-202609252040,2026-09-26T18:31:13+00:00,6.5,5.330146559653431,0.3126700230355036,0.6873299769644964,-0.44398533589956823,0.222264745938491,UNDER,0.6873299769644964,0.222264745938491,1,tenure60:19;rest:25;shrink:0.25;bo1
prizepicks,15242336,cs2-kills-202609260130,2026-09-26T18:32:35+00:00,27.0,30.164906400523,0.6070527488578481,0.34569725114215194,0.12675940410144043,-0.3380036961868568,OVER,0.6070527488578481,0.12675940410144043,0,tenure60:35;rest:1;shrink:0.25;market_unproven
prizepicks,15242337,cs2-kills-202609260130,2026-09-26T18:32:35+00:00,26.0,27.31016995123962,0.5160918840702386,0.43100811592976135,-0.0293444288696999,-0.18064714188243636,OVER,0.5160918840702386,-0.0293444288696999,0,tenure60:35;rest:1;shrink:0.25;market_unproven
prizepicks,15242338,cs2-kills-202609260130,2026-09-26T18:32:35+00:00,28.5,28.835392785290242,0.48812782700299095,0.511872172997009,-0.1319723357735399,-0.08974825418753735,UNDER,0.511872172997009,-0.08974825418753735,0,tenure60:30;rest:1;shrink:0.25;market_unproven
prizepicks,15242339,cs2-kills-202609260130,2026-09-26T18:32:35+00:00,31.0,31.739042027256065,0.4808739460567469,0.4697760539432532,-0.09552176290311948,-0.11525691594337861,OVER,0.4808739460567469,-0.09552176290311948,0,tenure60:35;rest:1;shrink:0.25;market_unproven
prizepicks,15242340,cs2-kills-202609260130,2026-09-26T18:32:35+00:00,30.0,31.160344709763578,0.504616075869372,0.4471839241306281,-0.05445162230685696,-0.15658203521809622,OVER,0.504616075869372,-0.05445162230685696,0,tenure60:35;rest:1;shrink:0.25;market_unproven
prizepicks,15242341,cs2-kills-202609260130,2026-09-26T18:32:35+00:00,33.0,30.239494548010406,0.31032469446660377,0.6428753055333962,-0.4013559854034189,0.19001191905252002,UNDER,0.6428753055333962,0.19001191905252002,0,tenure60:21;rest:1;shrink:0.25;market_unproven
prizepicks,15242342,cs2-kills-202609260130,2026-09-26T18:32:35+00:00,28.0,27.8210586140439,0.42994484656014437,0.5161051534398557,-0.18148793190975143,-0.0282708322229257,UNDER,0.5161051534398557,-0.0282708322229257,0,tenure60:18;rest:1;shrink:0.25;market_unproven
prizepicks,15242343,cs2-kills-202609260130,2026-09-26T18:32:35+00:00,31.5,29.979109736788075,0.39236276148347227,0.6076372385165277,-0.30226937998792835,0.08054879002685111,UNDER,0.6076372385165277,0.08054879002685111,0,tenure60:16;rest:1;shrink:0.25;market_unproven
prizepicks,15242344,cs2-kills-202609260130,2026-09-26T18:32:35+00:00,28.0,27.724261228422996,0.42504212849332856,0.5219078715066714,-0.19110633450119563,-0.018851978162446437,UNDER,0.5219078715066714,-0.018851978162446437,0,tenure60:21;rest:1;shrink:0.25;market_unproven
prizepicks,15242345,cs2-kills-202609260130,2026-09-26T18:32:35+00:00,25.5,25.895237461567696,0.4927721041706096,0.5072278958293902,-0.12371351331184954,-0.0980070766492277,UNDER,0.5072278958293902,-0.0980070766492277,0,tenure60:16;rest:1;shrink:0.25;market_unproven
prizepicks,15242346,cs2-headshots-202609260140,2026-09-26T18:32:35+00:00,16.5,18.064638916786496,0.5828699184567049,0.4171300815432951,0.03650557472262417,-0.2582261646837014,OVER,0.5828699184567049,0.03650557472262417,0,tenure60:35;rest:1;shrink:0.25
prizepicks,15242347,cs2-headshots-202609260140,2026-09-26T18:32:35+00:00,15.5,15.5372656075891,0.4666273050450285,0.5333726949549714,-0.1702062712764742,-0.05151431868460299,UNDER,0.5333726949549714,-0.05151431868460299,0,tenure60:35;rest:1;shrink:0.25
prizepicks,15242348,cs2-headshots-202609260140,2026-09-26T18:32:35+00:00,16.5,16.701726210678046,0.48205301854709276,0.5179469814529072,-0.14277504257059392,-0.07894554739048332,UNDER,0.5179469814529072,-0.07894554739048332,0,tenure60:30;rest:1;shrink:0.25
prizepicks,15242349,cs2-headshots-202609260140,2026-09-26T18:32:35+00:00,19.5,19.206682988273307,0.4439495038125328,0.5560504961874673,-0.21053373827317678,-0.011186851687900456,UNDER,0.5560504961874673,-0.011186851687900456,0,tenure60:35;rest:1;shrink:0.25
prizepicks,15242350,cs2-headshots-202609260140,2026-09-26T18:32:35+00:00,11.5,12.641726085621892,0.5726253335423936,0.42737466645760636,0.01828784030510916,-0.2400084302661864,OVER,0.5726253335423936,0.01828784030510916,0,tenure60:35;rest:1;shrink:0.25
prizepicks,15242351,cs2-headshots-202609260140,2026-09-26T18:32:35+00:00,19.0,18.072149386788816,0.36402093773159033,0.5663790622684096,-0.28306906160885204,0.07678022470906576,UNDER,0.5663790622684096,0.07678022470906576,0,tenure60:21;rest:1;shrink:0.25
prizepicks,15242352,cs2-headshots-202609260140,2026-09-26T18:32:35+00:00,14.5,15.890971702213793,0.5782042955476558,0.42179570445234416,0.028208793568456347,-0.2499293835295336,OVER,0.5782042955476558,0.028208793568456347,0,tenure60:18;rest:1;shrink:0.25
prizepicks,15242354,cs2-headshots-202609260140,2026-09-26T18:32:35+00:00,10.0,10.709512275307718,0.48322015722153144,0.4119798427784686,-0.03589954389717964,-0.1625847282359767,OVER,0.48322015722153144,-0.03589954389717964,0,tenure60:21;rest:1;shrink:0.25
prizepicks,15242355,cs2-headshots-202609260140,2026-09-26T18:32:35+00:00,11.5,11.791727871060518,0.4930142040587429,0.5069857959412571,-0.12328299206560961,-0.09843759789546758,UNDER,0.5069857959412571,-0.09843759789546758,0,tenure60:16;rest:1;shrink:0.25
sleeper,match-2839795:headshots_maps_1_2_over_under_player_1036,cs2-headshots-202609260140,2026-09-26T18:33:21+00:00,9.5,10.584512275307718,0.5784071568498507,0.42159284315014933,-0.11503705001972847,-0.1062231725216834,UNDER,0.42159284315014933,-0.1062231725216834,0,tenure60:21;rest:1;shrink:0.25;voidable
sleeper,match-2839795:kills_maps_1_2_over_under_player_1036,cs2-kills-202609260130,2026-09-26T18:33:21+00:00,28.5,27.849261228422996,0.43192698773467464,0.5680730122653254,-0.20525434256819863,-0.022914418903640377,UNDER,0.5680730122653254,-0.022914418903640377,0,tenure60:21;rest:1;shrink:0.25;market_unproven;voidable
sleeper,match-2839795:headshots_maps_1_2_over_under_player_1246,cs2-headshots-202609260140,2026-09-26T18:33:21+00:00,16.5,18.064638916786496,0.5828699184567049,0.4171300815432951,-0.014949837808168775,-0.21579544669860523,OVER,0.5828699184567049,-0.014949837808168775,0,tenure60:35;rest:1;shrink:0.25;voidable
sleeper,match-2839795:kills_maps_1_2_over_under_player_1246,cs2-kills-202609260130,2026-09-26T18:33:21+00:00,27.5,30.289906400523,0.6134828894292902,0.3865171105707098,0.128808516549894,-0.33519056981837914,OVER,0.6134828894292902,0.128808516549894,0,tenure60:35;rest:1;shrink:0.25;market_unproven;voidable
sleeper,match-2839795:kills_maps_1_2_over_under_player_1405,cs2-kills-202609260130,2026-09-26T18:33:21+00:00,29.5,29.085392785290242,0.4455958322975033,0.5544041677024967,-0.11326429372796837,-0.1074092899989803,UNDER,0.5544041677024967,-0.1074092899989803,0,tenure60:30;rest:1;shrink:0.25;market_unproven;voidable
sleeper,match-2839795:headshots_maps_1_2_over_under_player_1409,cs2-headshots-202609260140,2026-09-26T18:33:21+00:00,16.5,15.7872656075891,0.40743815466766076,0.5925618453323392,-0.15252863829126562,-0.08152913973487413,UNDER,0.5925618453323392,-0.08152913973487413,0,tenure60:35;rest:1;shrink:0.25;voidable
sleeper,match-2839795:kills_maps_1_2_over_under_player_1409,cs2-kills-202609260130,2026-09-26T18:33:21+00:00,26.5,27.43516995123962,0.5225062755980674,0.4774937244019326,-0.007238076363672019,-0.19781054300475326,OVER,0.5225062755980674,-0.007238076363672019,0,tenure60:35;rest:1;shrink:0.25;market_unproven;voidable
sleeper,match-2839795:headshots_maps_1_2_over_under_player_1454,cs2-headshots-202609260140,2026-09-26T18:33:21+00:00,14.5,15.890971702213793,0.5782042955476558,0.42179570445234416,-0.051744955301844475,-0.17749837631792892,OVER,0.5782042955476558,-0.051744955301844475,0,tenure60:18;rest:1;shrink:0.25;voidable
sleeper,match-2839795:kills_maps_1_2_over_under_player_1454,cs2-kills-202609260130,2026-09-26T18:33:21+00:00,28.5,27.9460586140439,0.43844788223901654,0.5615521177609835,-0.2107938119697702,-0.011668272740669117,UNDER,0.5615521177609835,-0.011668272740669117,0,tenure60:18;rest:1;shrink:0.25;market_unproven;voidable
sleeper,match-2839795:headshots_maps_1_2_over_under_player_1525,cs2-headshots-202609260140,2026-09-26T18:33:21+00:00,11.5,12.641726085621892,0.5726253335423936,0.42737466645760636,-0.009358172971659029,-0.21790436038258032,OVER,0.5726253335423936,-0.009358172971659029,0,tenure60:35;rest:1;shrink:0.25;voidable
sleeper,match-2839795:kills_maps_1_2_over_under_player_1525,cs2-kills-202609260130,2026-09-26T18:33:21+00:00,29.5,31.035344709763578,0.5489295597889902,0.45107044021100984,-0.07779833955449655,-0.14296616359908138,OVER,0.5489295597889902,-0.07779833955449655,0,tenure60:35;rest:1;shrink:0.25;market_unproven;voidable
sleeper,match-2839795:headshots_maps_1_2_over_under_player_1622,cs2-headshots-202609260140,2026-09-26T18:33:21+00:00,11.5,11.791727871060518,0.4930142040587429,0.5069857959412571,-0.12243471677543766,-0.09756528322456226,UNDER,0.5069857959412571,-0.09756528322456226,0,tenure60:16;rest:1;shrink:0.25;voidable
sleeper,match-2839795:kills_maps_1_2_over_under_player_1622,cs2-kills-202609260130,2026-09-26T18:33:21+00:00,25.5,25.895237461567696,0.4927721041706096,0.5072278958293902,-0.08837160728437199,-0.12756801917344873,OVER,0.4927721041706096,-0.08837160728437199,0,tenure60:16;rest:1;shrink:0.25;market_unproven;voidable
sleeper,match-2839795:headshots_maps_1_2_over_under_player_1638,cs2-headshots-202609260140,2026-09-26T18:33:21+00:00,18.5,17.947149386788816,0.42528502526868583,0.5747149747313142,-0.26000405603248666,0.04598125401099179,UNDER,0.5747149747313142,0.04598125401099179,0,tenure60:21;rest:1;shrink:0.25;voidable
sleeper,match-2839795:kills_maps_1_2_over_under_player_1638,cs2-kills-202609260130,2026-09-26T18:33:21+00:00,32.5,30.114494548010406,0.3508050358893796,0.6491949641106204,-0.38258313683469186,0.1685509353991167,UNDER,0.6491949641106204,0.1685509353991167,0,tenure60:21;rest:1;shrink:0.25;market_unproven;voidable
sleeper,match-2839795:kills_maps_1_2_over_under_player_2148,cs2-kills-202609260130,2026-09-26T18:33:21+00:00,31.5,29.979109736788075,0.39236276148347227,0.6076372385165277,-0.30551791217425406,0.08767065694458465,UNDER,0.6076372385165277,0.08767065694458465,0,tenure60:16;rest:1;shrink:0.25;market_unproven;voidable
sleeper,match-2839795:headshots_maps_1_2_over_under_player_7072,cs2-headshots-202609260140,2026-09-26T18:33:21+00:00,19.5,19.206682988273307,0.4439495038125328,0.5560504961874673,-0.20976988321369167,-0.010230116786308252,UNDER,0.5560504961874673,-0.010230116786308252,0,tenure60:35;rest:1;shrink:0.25;voidable
sleeper,match-2839795:kills_maps_1_2_over_under_player_7072,cs2-kills-202609260130,2026-09-26T18:33:21+00:00,31.5,31.864042027256065,0.48661446778682654,0.5133855322131735,-0.1386923920173171,-0.08103989733841938,UNDER,0.5133855322131735,-0.08103989733841938,0,tenure60:35;rest:1;shrink:0.25;market_unproven;voidable
sleeper,match-2839795:headshots_maps_1_2_over_under_player_2148,cs2-headshots-202609260140,2026-09-26T18:33:21+00:00,16.5,16.3435333663701,0.4516602865521599,0.54833971344784,-0.1960446899371553,-0.02395531006284468,UNDER,0.54833971344784,-0.02395531006284468,0,tenure60:16;rest:1;shrink:0.25;voidable
sleeper,match-2839795:headshots_maps_1_2_over_under_player_1405,cs2-headshots-202609260140,2026-09-26T18:33:21+00:00,16.5,16.701726210678046,0.48205301854709276,0.5179469814529072,-0.059996613833169066,-0.15056695041723228,OVER,0.48205301854709276,-0.059996613833169066,0,tenure60:30;rest:1;shrink:0.25;voidable
prizepicks,15243137,cs2-kills-202609260130,2026-09-26T19:04:23+00:00,32.0,31.41269804867625,0.4146133706973613,0.5383866293026386,-0.215701579762047,0.004401857529140407,UNDER,0.5383866293026386,0.004401857529140407,0,tenure60:49;rest:0;shrink:0.25;market_unproven
prizepicks,15243138,cs2-kills-202609260130,2026-09-26T19:04:23+00:00,28.5,28.0637683731427,0.4455958322975033,0.5544041677024967,-0.20760610622619302,-0.01411448373488422,UNDER,0.5544041677024967,-0.01411448373488422,0,tenure60:49;rest:0;shrink:0.25;market_unproven
prizepicks,15243139,cs2-kills-202609260130,2026-09-26T19:04:23+00:00,28.5,29.49899308254051,0.5238098498735788,0.4761901501264212,-0.06851972919423555,-0.1532008607668417,OVER,0.5238098498735788,-0.06851972919423555,0,tenure60:49;rest:0;shrink:0.25;market_unproven
prizepicks,15243140,cs2-kills-202609260130,2026-09-26T19:04:23+00:00,28.5,27.8680914063532,0.4330745902385595,0.5669254097614405,-0.22987237316772619,0.008151783206648888,UNDER,0.5669254097614405,0.008151783206648888,0,tenure60:49;rest:0;shrink:0.25;market_unproven
prizepicks,15243141,cs2-kills-202609260130,2026-09-26T19:04:23+00:00,29.5,29.405329009113576,0.46354722132864845,0.5364527786713515,-0.17568352073050908,-0.04603706923056816,UNDER,0.5364527786713515,-0.04603706923056816,0,tenure60:46;rest:0;shrink:0.25;market_unproven
prizepicks,15243142,cs2-kills-202609260130,2026-09-26T19:04:23+00:00,28.5,,,,,,,,,0,player_unmapped:sh1nejezzz
prizepicks,15243143,cs2-kills-202609260130,2026-09-26T19:04:23+00:00,29.5,29.778267636236016,0.4829092527274054,0.5170907472725945,-0.1412524189575724,-0.0804681710035049,UNDER,0.5170907472725945,-0.0804681710035049,0,tenure60:2;rest:1;shrink:0.25;market_unproven
prizepicks,15243144,cs2-kills-202609260130,2026-09-26T19:04:23+00:00,29.5,30.06613070590676,0.496529050425997,0.5034709495740031,-0.11703261314127161,-0.10468797681980557,UNDER,0.5034709495740031,-0.10468797681980557,0,tenure60:13;rest:1;shrink:0.25;market_unproven
prizepicks,15243145,cs2-kills-202609260130,2026-09-26T19:04:23+00:00,24.5,25.179979948071914,0.5097284430957483,0.4902715569042517,-0.09356040493163414,-0.1281601850294431,OVER,0.5097284430957483,-0.09356040493163414,0,tenure60:16;rest:1;shrink:0.25;market_unproven
prizepicks,15243146,cs2-kills-202609260130,2026-09-26T19:04:23+00:00,27.5,28.469659565396647,0.521932684696599,0.4780673153034009,-0.07185785337770073,-0.1498627365833765,OVER,0.521932684696599,-0.07185785337770073,0,tenure60:8;rest:1;shrink:0.25;market_unproven
prizepicks,15243147,cs2-headshots-202609260140,2026-09-26T19:04:23+00:00,18.5,17.735909384528654,0.40961794389835887,0.5903820561016411,-0.2715848443830698,0.04986425442199249,UNDER,0.5903820561016411,0.04986425442199249,0,tenure60:49;rest:0;shrink:0.25
prizepicks,15243148,cs2-headshots-202609260140,2026-09-26T19:04:23+00:00,17.0,17.40767712925076,0.45810342001842214,0.4652965799815778,-0.10876412051282741,-0.09597267225723138,UNDER,0.4652965799815778,-0.09597267225723138,0,tenure60:49;rest:0;shrink:0.25
prizepicks,15243149,cs2-headshots-202609260140,2026-09-26T19:04:23+00:00,9.5,9.896908765771215,0.5066653551672802,0.4933346448327198,-0.09900743112596777,-0.12271315883510947,OVER,0.5066653551672802,-0.09900743112596777,0,tenure60:49;rest:0;shrink:0.25
prizepicks,15243150,cs2-headshots-202609260140,2026-09-26T19:04:23+00:00,15.5,15.1419272185329,0.43598596949245605,0.5640140305075438,-0.22469512738570735,0.0029745374246301637,UNDER,0.5640140305075438,0.0029745374246301637,0,tenure60:49;rest:0;shrink:0.25
prizepicks,15243151,cs2-headshots-202609260140,2026-09-26T19:04:23+00:00,17.0,16.40226568110232,0.38184726551927256,0.5450527344807274,-0.24786886994741208,0.04235605511248958,UNDER,0.5450527344807274,0.04235605511248958,0,tenure60:46;rest:0;shrink:0.25
prizepicks,15243152,cs2-headshots-202609260140,2026-09-26T19:04:23+00:00,16.5,,,,,,,,,0,player_unmapped:sh1nejezzz
prizepicks,15243153,cs2-headshots-202609260140,2026-09-26T19:04:23+00:00,9.5,9.779751858047268,0.4936739184052124,0.5063260815947876,-0.12210983562677563,-0.09961075433430155,UNDER,0.5063260815947876,-0.09961075433430155,0,tenure60:2;rest:1;shrink:0.25
prizepicks,15243154,cs2-headshots-202609260140,2026-09-26T19:04:23+00:00,15.0,16.52707353121562,0.5485291062419734,0.37667089375802665,0.05023801543715395,-0.25537390526914266,OVER,0.5485291062419734,0.05023801543715395,0,tenure60:13;rest:1;shrink:0.25
prizepicks,15243155,cs2-headshots-202609260140,2026-09-26T19:04:23+00:00,12.0,12.934341810738486,0.5047876798178863,0.40561232018211374,-0.012746462538532566,-0.18910796256203216,OVER,0.5047876798178863,-0.012746462538532566,0,tenure60:16;rest:1;shrink:0.25
prizepicks,15243156,cs2-headshots-202609260140,2026-09-26T19:04:23+00:00,15.5,16.61177324530115,0.5546680086938336,0.4453319913061664,-0.013645300732465504,-0.20807528922861174,OVER,0.5546680086938336,-0.013645300732465504,0,tenure60:8;rest:1;shrink:0.25
prizepicks,15236772,cs2-kills-202609260130,2026-09-26T19:04:23+00:00,15.5,15.0463750514492,0.43003084751849147,0.5699691524815085,-0.23528499817627901,0.013564408215201718,UNDER,0.5699691524815085,0.013564408215201718,0,tenure60:11;rest:0;shrink:0.25;market_unproven;voidable
prizepicks,15236773,cs2-kills-202609260130,2026-09-26T19:04:23+00:00,13.5,13.1648393274646,0.43554659159536896,0.5644534084046311,-0.22547646405332372,0.003755874092246536,UNDER,0.5644534084046311,0.003755874092246536,0,tenure60:28;rest:0;shrink:0.25;market_unproven;voidable
prizepicks,15236774,cs2-kills-202609260130,2026-09-26T19:04:23+00:00,14.0,13.954385942426393,0.420938538650251,0.5046920696045827,-0.17708427208121907,-0.028147092467073365,UNDER,0.5046920696045827,-0.028147092467073365,0,tenure60:28;rest:0;shrink:0.25;market_unproven;voidable
prizepicks,15236775,cs2-kills-202609260130,2026-09-26T19:04:23+00:00,14.5,14.36386572757258,0.45251060573541546,0.5474893942645845,-0.19530970699646982,-0.02641088296460742,UNDER,0.5474893942645845,-0.02641088296460742,0,tenure60:11;rest:0;shrink:0.25;market_unproven;voidable
prizepicks,15236776,cs2-kills-202609260130,2026-09-26T19:04:23+00:00,15.0,14.199671967610714,0.36712428738069836,0.5630233700015048,-0.277298096207895,0.07106520886219886,UNDER,0.5630233700015048,0.07106520886219886,0,tenure60:28;rest:0;shrink:0.25;market_unproven;voidable
prizepicks,15236777,cs2-kills-202609260130,2026-09-26T19:04:23+00:00,11.0,12.601755519361218,0.5571913030594782,0.3589676221706645,0.07468289645328474,-0.27781419385341843,OVER,0.5571913030594782,0.07468289645328474,0,tenure60:59;rest:0;shrink:0.25;market_unproven;voidable
prizepicks,15236778,cs2-kills-202609260130,2026-09-26T19:04:23+00:00,13.0,14.20684219443919,0.5180213598310475,0.4054392673039422,-0.0022739089870740803,-0.20247632606712224,OVER,0.5180213598310475,-0.0022739089870740803,0,tenure60:59;rest:0;shrink:0.25;market_unproven;voidable
prizepicks,15236779,cs2-kills-202609260130,2026-09-26T19:04:23+00:00,14.5,15.23267498981933,0.5173113462360796,0.48268865376392045,-0.08007588440886354,-0.1416447055522137,OVER,0.5173113462360796,-0.08007588440886354,0,tenure60:59;rest:0;shrink:0.25;market_unproven;voidable
prizepicks,15236780,cs2-kills-202609260130,2026-09-26T19:04:23+00:00,14.0,15.295832087217986,0.5218770180104246,0.4057434963396429,0.0004226413503826687,-0.2060952090520775,OVER,0.5218770180104246,0.0004226413503826687,0,tenure60:59;rest:0;shrink:0.25;market_unproven;voidable
prizepicks,15236781,cs2-kills-202609260130,2026-09-26T19:04:23+00:00,14.0,,,,,,,,,0,player_unmapped:destiny
prizepicks,15236782,cs2-headshots-202609260140,2026-09-26T19:04:23+00:00,9.0,9.090458368538863,0.4175515046352285,0.48075730874493894,-0.1557855700565688,-0.04338799001331717,UNDER,0.48075730874493894,-0.04338799001331717,0,tenure60:11;rest:0;shrink:0.25;voidable
prizepicks,15236783,cs2-headshots-202609260140,2026-09-26T19:04:23+00:00,7.0,7.092200543350383,0.40874326936629896,0.47073102171577785,-0.1526145511759942,-0.042383007498323966,UNDER,0.47073102171577785,-0.042383007498323966,0,tenure60:28;rest:0;shrink:0.25;voidable
prizepicks,15236784,cs2-headshots-202609260140,2026-09-26T19:04:23+00:00,4.5,4.598548287211032,0.4692207086476983,0.5307792913523017,-0.1655944750479258,-0.05612611491315139,UNDER,0.5307792913523017,-0.05612611491315139,0,tenure60:28;rest:0;shrink:0.25;voidable
prizepicks,15236786,cs2-headshots-202609260140,2026-09-26T19:04:23+00:00,8.0,7.292988003561528,0.3236842037061738,0.5683716876763542,-0.3164549365769947,0.11866777806140594,UNDER,0.5683716876763542,0.11866777806140594,0,tenure60:28;rest:0;shrink:0.25;voidable
prizepicks,15236787,cs2-headshots-202609260140,2026-09-26T19:04:23+00:00,6.0,6.979545867740749,0.5173226473561473,0.35566102684964185,0.046960537934474134,-0.24051899320577058,OVER,0.5173226473561473,0.046960537934474134,0,tenure60:59;rest:0;shrink:0.25;voidable
prizepicks,15236788,cs2-headshots-202609260140,2026-09-26T19:04:23+00:00,4.0,4.875956180419758,0.5134161878949846,0.3257072596462211,0.07387398817312019,-0.25992493401212935,OVER,0.5134161878949846,0.07387398817312019,0,tenure60:59;rest:0;shrink:0.25;voidable
prizepicks,15236789,cs2-headshots-202609260140,2026-09-26T19:04:23+00:00,7.5,8.365215492157061,0.5551615278106612,0.4448384721893388,-0.012767685848550425,-0.20895290411252682,OVER,0.5551615278106612,-0.012767685848550425,0,tenure60:59;rest:0;shrink:0.25;voidable
prizepicks,15236790,cs2-headshots-202609260140,2026-09-26T19:04:23+00:00,7.0,8.307210498492488,0.5489597962017791,0.33846332578419547,0.0887807805388125,-0.28554075869064377,OVER,0.5489597962017791,0.0887807805388125,0,tenure60:59;rest:0;shrink:0.25;voidable
prizepicks,15236791,cs2-headshots-202609260140,2026-09-26T19:04:23+00:00,6.5,,,,,,,,,0,player_unmapped:destiny
sleeper,match-2839671:headshots_maps_1_2_over_under_player_1185,cs2-headshots-202609260140,2026-09-26T19:05:11+00:00,17.5,16.52726568110232,0.3925882450936634,0.6074117549063366,-0.23837880451829302,-0.0038447219536080768,UNDER,0.6074117549063366,-0.0038447219536080768,0,tenure60:46;rest:0;shrink:0.25;voidable
sleeper,match-2839671:kills_maps_1_2_over_under_player_1185,cs2-kills-202609260130,2026-09-26T19:05:11+00:00,29.5,29.405329009113576,0.46354722132864845,0.5364527786713515,-0.13316669611542736,-0.08803027625870241,UNDER,0.5364527786713515,-0.08803027625870241,0,tenure60:46;rest:0;shrink:0.25;market_unproven;voidable
sleeper,match-2839671:headshots_maps_1_2_over_under_player_1861,cs2-headshots-202609260140,2026-09-26T19:05:11+00:00,9.5,9.896908765771215,0.5066653551672802,0.4933346448327198,-0.08800236069889567,-0.1317310250944131,OVER,0.5066653551672802,-0.08800236069889567,0,tenure60:49;rest:0;shrink:0.25;voidable
sleeper,match-2839671:kills_maps_1_2_over_under_player_1861,cs2-kills-202609260130,2026-09-26T19:05:11+00:00,28.5,29.49899308254051,0.5238098498735788,0.4761901501264212,-0.06761846722502968,-0.1523815327749703,OVER,0.5238098498735788,-0.06761846722502968,0,tenure60:49;rest:0;shrink:0.25;market_unproven;voidable
sleeper,match-2839671:headshots_maps_1_2_over_under_player_1864,cs2-headshots-202609260140,2026-09-26T19:05:11+00:00,18.5,17.735909384528654,0.40961794389835887,0.5903820561016411,-0.2708800598609211,0.050880059860921145,UNDER,0.5903820561016411,0.050880059860921145,0,tenure60:49;rest:0;shrink:0.25;voidable
sleeper,match-2839671:kills_maps_1_2_over_under_player_1864,cs2-kills-202609260130,2026-09-26T19:05:11+00:00,32.5,31.53769804867625,0.4218088199104942,0.5781911800895059,-0.19856324217006116,-0.02863881744963015,UNDER,0.5781911800895059,-0.02863881744963015,0,tenure60:49;rest:0;shrink:0.25;market_unproven;voidable
sleeper,match-2839671:headshots_maps_1_2_over_under_player_2531,cs2-headshots-202609260140,2026-09-26T19:05:11+00:00,15.5,15.1419272185329,0.43598596949245605,0.5640140305075438,-0.22394497430342813,0.0039449743034281615,UNDER,0.5640140305075438,0.0039449743034281615,0,tenure60:49;rest:0;shrink:0.25;voidable
sleeper,match-2839671:kills_maps_1_2_over_under_player_2531,cs2-kills-202609260130,2026-09-26T19:05:11+00:00,28.5,27.8680914063532,0.4330745902385595,0.5669254097614405,-0.22912722937536406,0.009127229375364032,UNDER,0.5669254097614405,0.009127229375364032,0,tenure60:49;rest:0;shrink:0.25;market_unproven;voidable
sleeper,match-2839671:headshots_maps_1_2_over_under_player_67330,cs2-headshots-202609260140,2026-09-26T19:05:11+00:00,17.5,17.53267712925076,0.4686061617305069,0.5313938382694932,-0.08621798462551161,-0.12851410523803125,OVER,0.4686061617305069,-0.08621798462551161,0,tenure60:49;rest:0;shrink:0.25;voidable
sleeper,match-2839671:kills_maps_1_2_over_under_player_67330,cs2-kills-202609260130,2026-09-26T19:05:11+00:00,28.5,28.0637683731427,0.4455958322975033,0.5544041677024967,-0.20683941851044407,-0.0131605814895559,UNDER,0.5544041677024967,-0.0131605814895559,0,tenure60:49;rest:0;shrink:0.25;market_unproven;voidable
prizepicks,15234220,lol-kills-202609252040,2026-09-26T19:32:27+00:00,3.5,3.7000659508648224,0.447572401430242,0.552427598569758,-0.2040912140349253,-0.017629375926151936,UNDER,0.552427598569758,-0.017629375926151936,0,opponent_unmapped;tenure60:19;rest:6;shrink:0.25;bo1
prizepicks,15234221,lol-kills-202609252040,2026-09-26T19:32:27+00:00,5.5,4.833642012803671,0.35148466721071925,0.6485153327892808,-0.3749620533547951,0.1532414633937178,UNDER,0.6485153327892808,0.1532414633937178,1,opponent_unmapped;tenure60:19;rest:6;shrink:0.25;bo1
prizepicks,15234222,lol-kills-202609252040,2026-09-26T19:32:27+00:00,4.5,4.642854984144024,0.4376892444452089,0.562310755554791,-0.221666228607592,-5.436135348529936e-05,UNDER,0.562310755554791,-5.436135348529936e-05,0,opponent_unmapped;tenure60:19;rest:6;shrink:0.25;bo1
prizepicks,15234223,lol-kills-202609252040,2026-09-26T19:32:27+00:00,6.5,6.228973187544585,0.3982720624966409,0.6017279375033591,-0.29176099166848846,0.07004040170741116,UNDER,0.6017279375033591,0.07004040170741116,1,opponent_unmapped;tenure60:19;rest:6;shrink:0.25;bo1
prizepicks,15234224,lol-kills-202609252040,2026-09-26T19:32:27+00:00,2.5,2.7119133799183435,0.45424723110054,0.54575276889946,-0.19222150186671755,-0.029499088094359693,UNDER,0.54575276889946,-0.029499088094359693,0,tenure60:22;rest:15;shrink:0.25;bo1
prizepicks,15234225,lol-kills-202609252040,2026-09-26T19:32:27+00:00,3.5,3.515870082274308,0.4215835851940037,0.5784164148059963,-0.25030659083911316,0.028586000878035867,UNDER,0.5784164148059963,0.028586000878035867,0,tenure60:22;rest:15;shrink:0.25;bo1
prizepicks,15234226,lol-kills-202609252040,2026-09-26T19:32:27+00:00,3.5,3.458179675162521,0.4132254656757816,0.5867745343242183,-0.2651696626850119,0.04344907272393461,UNDER,0.5867745343242183,0.04344907272393461,0,tenure60:22;rest:15;shrink:0.25;bo1
prizepicks,15234227,lol-kills-202609252040,2026-09-26T19:32:27+00:00,4.0,3.8460544769020224,0.33913108146105986,0.5317879394593034,-0.2678492014539278,0.07474852232714113,UNDER,0.5317879394593034,0.07474852232714113,0,tenure60:22;rest:15;shrink:0.25;bo1
prizepicks,15234228,lol-kills-202609252040,2026-09-26T19:32:27+00:00,3.0,3.065609484240277,0.35371710139662965,0.4864417046013062,-0.21115096760565943,0.024870461478802952,UNDER,0.4864417046013062,0.024870461478802952,0,tenure60:24;rest:4;shrink:0.25;bo1
prizepicks,15234229,lol-kills-202609252040,2026-09-26T19:32:27+00:00,3.5,3.6311840799513306,0.4379788987221471,0.5620211012778529,-0.22115114237088312,-0.0005694475901941165,UNDER,0.5620211012778529,-0.0005694475901941165,0,tenure60:24;rest:4;shrink:0.25;bo1
prizepicks,15234230,lol-kills-202609252040,2026-09-26T19:32:27+00:00,4.5,3.924731943184171,0.34938497812225233,0.6506150218777477,-0.37869588722829917,0.15697529726722192,UNDER,0.6506150218777477,0.15697529726722192,1,tenure60:24;rest:4;shrink:0.25;bo1
prizepicks,15234231,lol-kills-202609252040,2026-09-26T19:32:27+00:00,5.0,4.706036995249932,0.337346245004533,0.5543467664951987,-0.29179712995422485,0.09409042938033468,UNDER,0.5543467664951987,0.09409042938033468,0,tenure60:24;rest:4;shrink:0.25;bo1
prizepicks,15234216,lol-kills-202609252040,2026-09-26T19:32:27+00:00,4.0,3.6686580454351247,0.31566034749019056,0.5559486713461143,-0.31027672232876735,0.11702305645698619,UNDER,0.5559486713461143,0.11702305645698619,0,opponent_unmapped;tenure60:28;rest:7;shrink:0.25;bo1
prizepicks,15234217,lol-kills-202609252040,2026-09-26T19:32:27+00:00,3.5,3.8602697566500876,0.46930055699849366,0.5306994430015064,-0.16545248236978094,-0.0562681075912963,UNDER,0.5306994430015064,-0.0562681075912963,0,opponent_unmapped;tenure60:28;rest:7;shrink:0.25;bo1
prizepicks,15234218,lol-kills-202609252040,2026-09-26T19:32:27+00:00,4.5,4.363786785315251,0.4045789439135547,0.5954210560864452,-0.28054559430323345,0.058825004342156206,UNDER,0.5954210560864452,0.058825004342156206,0,opponent_unmapped;tenure60:28;rest:7;shrink:0.25;bo1
prizepicks,15234219,lol-kills-202609252040,2026-09-26T19:32:27+00:00,5.5,4.896638211952784,0.3583936652785205,0.6416063347214795,-0.36267592434682544,0.14095533438574825,UNDER,0.6416063347214795,0.14095533438574825,1,opponent_unmapped;tenure60:28;rest:7;shrink:0.25;bo1
prizepicks,15235412,lol-kills-202609252040,2026-09-26T19:32:27+00:00,3.0,2.8328156291457476,0.3164682126280621,0.5240426261132961,-0.27774193229305555,0.09138337325864188,UNDER,0.5240426261132961,0.09138337325864188,0,tenure60:20;rest:14;shrink:0.25;bo5;voidable
prizepicks,15235413,lol-kills-202609252040,2026-09-26T19:32:27+00:00,3.5,3.300791618368357,0.3899065846682159,0.6100934153317841,-0.3066371486459137,0.08491655868483644,UNDER,0.6100934153317841,0.08491655868483644,0,tenure60:14;rest:20;shrink:0.25;bo5;voidable
prizepicks,15235414,lol-kills-202609252040,2026-09-26T19:32:27+00:00,4.0,3.837731223161074,0.33804047898571843,0.5328988843119936,-0.2698089397577138,0.07670375030702009,UNDER,0.5328988843119936,0.07670375030702009,0,tenure60:20;rest:14;shrink:0.25;bo5;voidable
prizepicks,15235415,lol-kills-202609252040,2026-09-26T19:32:27+00:00,5.0,4.350776280908758,0.2970935534925837,0.5962824984947864,-0.36506070295621124,0.1669808376524735,UNDER,0.5962824984947864,0.1669808376524735,0,tenure60:20;rest:14;shrink:0.25;bo5;voidable
prizepicks,15235416,lol-kills-202609252040,2026-09-26T19:32:27+00:00,2.0,2.0068650391864007,0.31834148847917165,0.47043242724202095,-0.2226738013975387,0.04778638345792685,UNDER,0.47043242724202095,0.04778638345792685,0,tenure60:22;rest:6;shrink:0.25;bo5;voidable
prizepicks,15235417,lol-kills-202609252040,2026-09-26T19:32:27+00:00,2.5,2.248586533761066,0.36771169173779916,0.6322883082622008,-0.3461058697520923,0.12438527979101505,UNDER,0.6322883082622008,0.12438527979101505,0,tenure60:22;rest:6;shrink:0.25;bo5;voidable
prizepicks,15235418,lol-kills-202609252040,2026-09-26T19:32:27+00:00,2.0,2.444418072559473,0.40565577511381656,0.38840681404488686,-0.0726932767104238,-0.10336674902386445,OVER,0.40565577511381656,-0.0726932767104238,0,tenure60:22;rest:6;shrink:0.25;bo5;voidable
prizepicks,15235419,lol-kills-202609252040,2026-09-26T19:32:27+00:00,3.0,3.3060570347485787,0.39069872325413213,0.45057953534183504,-0.14650676350464875,-0.0400219483126768,UNDER,0.45057953534183504,-0.0400219483126768,0,tenure60:22;rest:6;shrink:0.25;bo5;voidable
prizepicks,15244027,lol-kills-202609252040,2026-09-26T20:32:23+00:00,33.0,28.749173339900292,0.2731143862673239,0.688985613732676,-0.4764263103154006,0.2631089307138482,UNDER,0.688985613732676,0.2631089307138482,1,shrink:0.25;bo5
prizepicks,15244028,lol-kills-202609252040,2026-09-26T20:32:23+00:00,29.5,25.44359215827981,0.28741281362074683,0.7125871863792532,-0.4888997113568715,0.26717912139579436,UNDER,0.7125871863792532,0.26717912139579436,1,shrink:0.25;bo5
prizepicks,15244033,lol-kills-202609252040,2026-09-26T20:32:23+00:00,20.5,20.266923170550978,0.45267403998809375,0.5473259600119063,-0.19501907523003692,-0.02670151473104032,UNDER,0.5473259600119063,-0.02670151473104032,0,shrink:0.25;bo5
prizepicks,15244035,lol-kills-202609252040,2026-09-26T20:32:23+00:00,17.0,15.312323287168628,0.31953557910329633,0.6219144208967038,-0.3732264589057448,0.16448760948688856,UNDER,0.6219144208967038,0.16448760948688856,1,shrink:0.25;bo5
prizepicks,15243996,lol-kills-202609252040,2026-09-26T20:32:23+00:00,8.5,7.887273106850493,0.38777101880465564,0.6122289811953443,-0.31043478144986486,0.08871419148878762,UNDER,0.6122289811953443,0.08871419148878762,1,tenure60:16;rest:7;shrink:0.25;bo5
prizepicks,15243997,lol-kills-202609252040,2026-09-26T20:32:23+00:00,9.5,9.070305596092059,0.4103268484968692,0.5896731515031308,-0.270324213931857,0.048603623970779775,UNDER,0.5896731515031308,0.048603623970779775,0,tenure60:10;rest:7;shrink:0.25;bo5
prizepicks,15243998,lol-kills-202609252040,2026-09-26T20:32:23+00:00,13.5,11.41659463695774,0.30146312391119956,0.6985368760888004,-0.46391433386270137,0.24219374390162418,UNDER,0.6985368760888004,0.24219374390162418,1,tenure60:16;rest:7;shrink:0.25;bo5
prizepicks,15243999,lol-kills-202609252040,2026-09-26T20:32:23+00:00,15.5,13.901997521322071,0.34783876990287643,0.6521612300971236,-0.3814454774684483,0.15972488750737102,UNDER,0.6521612300971236,0.15972488750737102,1,tenure60:16;rest:7;shrink:0.25;bo5
prizepicks,15244000,lol-kills-202609252040,2026-09-26T20:32:23+00:00,2.5,2.3742421695634555,0.4060040172886996,0.5939959827113003,-0.27801141566241855,0.05629082570134131,UNDER,0.5939959827113003,0.05629082570134131,0,tenure60:16;rest:7;shrink:0.25;bo5
prizepicks,15244001,lol-kills-202609252040,2026-09-26T20:32:23+00:00,6.5,6.119472974078137,0.4024763563495296,0.5975236436504704,-0.28428458247614324,0.062563992515066,UNDER,0.5975236436504704,0.062563992515066,0,tenure60:29;rest:1;shrink:0.25;bo5
prizepicks,15244002,lol-kills-202609252040,2026-09-26T20:32:23+00:00,7.0,7.045697241501194,0.399545031006089,0.4899049689939109,-0.17894729797850883,-0.018262080762371347,UNDER,0.4899049689939109,-0.018262080762371347,0,tenure60:29;rest:1;shrink:0.25;bo5
prizepicks,15244003,lol-kills-202609252040,2026-09-26T20:32:23+00:00,7.5,7.226752954971648,0.4197186331932673,0.5802813668067327,-0.25362299658273363,0.03190240662165639,UNDER,0.5802813668067327,0.03190240662165639,0,tenure60:29;rest:1;shrink:0.25;bo5
prizepicks,15244004,lol-kills-202609252040,2026-09-26T20:32:23+00:00,9.5,8.08557033219698,0.31591107021245285,0.6840889297875471,-0.4382218484378346,0.21650125847675739,UNDER,0.6840889297875471,0.21650125847675739,1,tenure60:29;rest:1;shrink:0.25;bo5
prizepicks,15244005,lol-kills-202609252040,2026-09-26T20:32:23+00:00,1.5,1.8083945325689532,0.5122678776992895,0.4877321223007105,-0.08904458066301646,-0.13267600929806078,OVER,0.5122678776992895,-0.08904458066301646,0,tenure60:29;rest:1;shrink:0.25;bo5
prizepicks,15245013,lol-kills-202609252040,2026-09-26T20:32:23+00:00,10.5,8.387273106850493,0.2635323508478926,0.7364676491521074,-0.5313658466080391,0.30964525664696185,UNDER,0.7364676491521074,0.30964525664696185,0,tenure60:16;rest:7;shrink:0.25;odds_type:demon;bo5
prizepicks,15245014,lol-kills-202609252040,2026-09-26T20:32:23+00:00,6.5,7.387273106850493,0.5443322763084493,0.45566772369155073,-0.032025120821066955,-0.1896954691400103,OVER,0.5443322763084493,-0.032025120821066955,0,tenure60:16;rest:7;shrink:0.25;odds_type:goblin;bo5
prizepicks,15245054,lol-kills-202609252040,2026-09-26T20:32:23+00:00,2.5,2.3742421695634555,0.4060040172886996,0.5939959827113003,-0.27801141566241855,0.05629082570134131,UNDER,0.5939959827113003,0.05629082570134131,0,tenure60:16;rest:7;shrink:0.25;odds_type:demon;bo5
prizepicks,15245021,lol-kills-202609252040,2026-09-26T20:32:23+00:00,8.5,6.619472974078137,0.25588643571804404,0.744113564281956,-0.5449624200543539,0.32324183009327667,UNDER,0.744113564281956,0.32324183009327667,0,tenure60:29;rest:1;shrink:0.25;odds_type:demon;bo5
prizepicks,15245022,lol-kills-202609252040,2026-09-26T20:32:23+00:00,4.5,5.619472974078138,0.5988075888587364,0.4011924111412636,0.06484720584254361,-0.28656779580362085,OVER,0.5988075888587364,0.06484720584254361,0,tenure60:29;rest:1;shrink:0.25;odds_type:goblin;bo5
prizepicks,15245063,lol-kills-202609252040,2026-09-26T20:32:23+00:00,1.5,1.8083945325689532,0.5122678776992895,0.4877321223007105,-0.08904458066301646,-0.13267600929806078,OVER,0.5122678776992895,-0.08904458066301646,0,tenure60:29;rest:1;shrink:0.25;odds_type:goblin;bo5
prizepicks,15245166,lol-kills-202609252040,2026-09-26T20:32:23+00:00,11.5,9.570305596092059,0.29644866840720485,0.7035513315927951,-0.47283143683801154,0.2511108468769343,UNDER,0.7035513315927951,0.2511108468769343,0,tenure60:10;rest:7;shrink:0.25;odds_type:demon;bo5
prizepicks,15245167,lol-kills-202609252040,2026-09-26T20:32:23+00:00,7.5,8.570305596092059,0.5570847830659159,0.44291521693408403,-0.009347600627881703,-0.2123729893331956,OVER,0.5570847830659159,-0.009347600627881703,0,tenure60:10;rest:7;shrink:0.25;odds_type:goblin;bo5
prizepicks,15245188,lol-kills-202609252040,2026-09-26T20:32:23+00:00,16.5,12.16659463695774,0.18760303119667177,0.8123969688033282,-0.666389392362069,0.4446688024009917,UNDER,0.8123969688033282,0.4446688024009917,0,tenure60:16;rest:7;shrink:0.25;odds_type:demon;bo5
prizepicks,15245189,lol-kills-202609252040,2026-09-26T20:32:23+00:00,10.5,10.66659463695774,0.462817486183072,0.5371825138169279,-0.17698119371466936,-0.04473939624640788,UNDER,0.5371825138169279,-0.04473939624640788,0,tenure60:16;rest:7;shrink:0.25;odds_type:goblin;bo5
prizepicks,15245173,lol-kills-202609252040,2026-09-26T20:32:23+00:00,9.5,7.670697241501193,0.2771358261713493,0.7228641738286508,-0.5071750665353636,0.28545447657428635,UNDER,0.7228641738286508,0.28545447657428635,0,tenure60:29;rest:1;shrink:0.25;odds_type:demon;bo5
prizepicks,15245174,lol-kills-202609252040,2026-09-26T20:32:23+00:00,5.5,6.670697241501194,0.5878366531941922,0.4121633468058078,0.04533781684142296,-0.2670584068025002,OVER,0.5878366531941922,0.04533781684142296,0,tenure60:29;rest:1;shrink:0.25;odds_type:goblin;bo5
prizepicks,15245415,lol-kills-202609252040,2026-09-26T20:32:23+00:00,10.5,7.976752954971648,0.22907414899122935,0.7709258510087706,-0.5926421574767083,0.3709215675156311,UNDER,0.7709258510087706,0.3709215675156311,0,tenure60:29;rest:1;shrink:0.25;odds_type:demon;bo5
prizepicks,15245416,lol-kills-202609252040,2026-09-26T20:32:23+00:00,4.5,6.476752954971648,0.6963575807388732,0.3036424192611268,0.23831834785245498,-0.4600389378135322,OVER,0.6963575807388732,0.23831834785245498,0,tenure60:29;rest:1;shrink:0.25;odds_type:goblin;bo5
prizepicks,15245628,lol-kills-202609252040,2026-09-26T20:32:23+00:00,18.5,14.651997521322071,0.2369692838630472,0.7630307161369528,-0.5786024016946745,0.35688181173359723,UNDER,0.7630307161369528,0.35688181173359723,0,tenure60:16;rest:7;shrink:0.25;odds_type:demon;bo5
prizepicks,15245629,lol-kills-202609252040,2026-09-26T20:32:23+00:00,12.5,13.151997521322071,0.49684079923295266,0.5031592007670473,-0.1164782366567581,-0.10524235330431914,UNDER,0.5031592007670473,-0.10524235330431914,0,tenure60:16;rest:7;shrink:0.25;odds_type:goblin;bo5
prizepicks,15245678,lol-kills-202609252040,2026-09-26T20:32:23+00:00,12.5,8.83557033219698,0.17369159390314062,0.8263084060968593,-0.6911278148652029,0.4694072249041257,UNDER,0.8263084060968593,0.4694072249041257,0,tenure60:29;rest:1;shrink:0.25;odds_type:demon;bo5
prizepicks,15245679,lol-kills-202609252040,2026-09-26T20:32:23+00:00,6.5,7.33557033219698,0.5398000657659403,0.4601999342340597,-0.04008465751077195,-0.1816359324503053,OVER,0.5398000657659403,-0.04008465751077195,0,tenure60:29;rest:1;shrink:0.25;odds_type:goblin;bo5
prizepicks,15235420,lol-kills-202609252040,2026-09-26T20:32:23+00:00,3.0,2.744927123459264,0.3020882687193369,0.5389955892727227,-0.30388650971415765,0.11740090051341928,UNDER,0.5389955892727227,0.11740090051341928,0,tenure60:20;rest:14;shrink:0.25;bo5;voidable
prizepicks,15235421,lol-kills-202609252040,2026-09-26T20:32:23+00:00,3.5,3.2285098376880623,0.3789504215993152,0.6210495784006849,-0.32612026784436876,0.10439967788329158,UNDER,0.6210495784006849,0.10439967788329158,0,tenure60:14;rest:20;shrink:0.25;bo5;voidable
prizepicks,15235422,lol-kills-202609252040,2026-09-26T20:32:23+00:00,4.0,3.7614150242232287,0.3279906537616156,0.5431892215039437,-0.2879208489960729,0.09476233308997539,UNDER,0.5431892215039437,0.09476233308997539,0,tenure60:20;rest:14;shrink:0.25;bo5;voidable
prizepicks,15235423,lol-kills-202609252040,2026-09-26T20:32:23+00:00,5.0,4.308489357662509,0.29222858835873544,0.6014476761568871,-0.3740121828125433,0.17586575420992773,UNDER,0.6014476761568871,0.17586575420992773,0,tenure60:20;rest:14;shrink:0.25;bo5;voidable
prizepicks,15235424,lol-kills-202609252040,2026-09-26T20:32:23+00:00,2.0,1.977233329897271,0.3121169563902632,0.47667258991197936,-0.23375838922942113,0.058867505668157405,UNDER,0.47667258991197936,0.058867505668157405,0,tenure60:22;rest:6;shrink:0.25;bo5;voidable
prizepicks,15235425,lol-kills-202609252040,2026-09-26T20:32:23+00:00,2.5,2.222851352560143,0.3625831038704207,0.6374168961295793,-0.3552259319592268,0.13350534199814956,UNDER,0.6374168961295793,0.13350534199814956,0,tenure60:22;rest:6;shrink:0.25;bo5;voidable
prizepicks,15235426,lol-kills-202609252040,2026-09-26T20:32:23+00:00,2.0,2.411058416092629,0.39933044895710895,0.39403598254746763,-0.08324531632255072,-0.09266035692595864,OVER,0.39933044895710895,-0.08324531632255072,0,tenure60:22;rest:6;shrink:0.25;bo5;voidable
prizepicks,15235427,lol-kills-202609252040,2026-09-26T20:32:23+00:00,3.0,3.266334092819933,0.3847026257273219,0.4563014001623422,-0.15689526757085764,-0.02957264120903974,UNDER,0.4563014001623422,-0.02957264120903974,0,tenure60:22;rest:6;shrink:0.25;bo5;voidable
prizepicks,15242376,cs2-kills-202609260130,2026-09-26T20:46:17+00:00,13.5,15.0824532002615,0.5823696566388323,0.41763034336116767,0.0356159694322728,-0.25733655939335004,OVER,0.5823696566388323,0.0356159694322728,0,tenure60:35;rest:1;shrink:0.25;market_unproven;voidable
prizepicks,15242377,cs2-kills-202609260130,2026-09-26T20:46:17+00:00,13.0,13.65508497561981,0.47500604876601576,0.4470439487905896,-0.07735652139205512,-0.12708094803980524,OVER,0.47500604876601576,-0.07735652139205512,0,tenure60:35;rest:1;shrink:0.25;market_unproven;voidable
prizepicks,15242378,cs2-kills-202609260130,2026-09-26T20:46:17+00:00,14.5,14.480196392645121,0.46137799349734404,0.5386220065026559,-0.17954101391860106,-0.04217957604247624,UNDER,0.5386220065026559,-0.04217957604247624,0,tenure60:30;rest:1;shrink:0.25;market_unproven;voidable
prizepicks,15242379,cs2-kills-202609260130,2026-09-26T20:46:17+00:00,15.5,15.869521013628033,0.48950237996628243,0.5104976200337176,-0.12952799654091068,-0.09219259342016656,UNDER,0.5104976200337176,-0.09219259342016656,0,tenure60:35;rest:1;shrink:0.25;market_unproven;voidable
prizepicks,15242380,cs2-kills-202609260130,2026-09-26T20:46:17+00:00,14.5,15.455172354881789,0.5332965747423162,0.4667034252576838,-0.05164968169145573,-0.1700709082696215,OVER,0.5332965747423162,-0.05164968169145573,0,tenure60:35;rest:1;shrink:0.25;market_unproven;voidable
prizepicks,15242381,cs2-kills-202609260130,2026-09-26T20:46:17+00:00,16.5,15.126831987466012,0.3667056345024344,0.6332943654975656,-0.34789492061906213,0.12617433065798483,UNDER,0.6332943654975656,0.12617433065798483,0,tenure60:21;rest:1;shrink:0.25;market_unproven;voidable
prizepicks,15242382,cs2-kills-202609260130,2026-09-26T20:46:17+00:00,14.0,13.917237566455071,0.4180508375441272,0.5075860902209457,-0.18222573101082484,-0.02300703470300608,UNDER,0.5075860902209457,-0.02300703470300608,0,tenure60:18;rest:1;shrink:0.25;market_unproven;voidable
prizepicks,15242383,cs2-kills-202609260130,2026-09-26T20:46:17+00:00,15.5,14.934176509296222,0.42176454239777433,0.5782354576022257,-0.24998479836954968,0.02826420840847249,UNDER,0.5782354576022257,0.02826420840847249,0,tenure60:16;rest:1;shrink:0.25;market_unproven;voidable
prizepicks,15242384,cs2-kills-202609260130,2026-09-26T20:46:17+00:00,14.0,13.865184564729887,0.4139990756663214,0.5116529307532096,-0.18944597438696564,-0.015790134575027648,UNDER,0.5116529307532096,-0.015790134575027648,0,tenure60:21;rest:1;shrink:0.25;market_unproven;voidable
prizepicks,15242385,cs2-kills-202609260130,2026-09-26T20:46:17+00:00,12.5,12.88799525500142,0.494860506603754,0.505139493396246,-0.11999975026511384,-0.1017208396959634,UNDER,0.505139493396246,-0.1017208396959634,0,tenure60:16;rest:1;shrink:0.25;market_unproven;voidable
prizepicks,15242386,cs2-headshots-202609260140,2026-09-26T20:46:17+00:00,8.0,8.969232326749443,0.5082648585851054,0.3850575560288737,0.010514518254258642,-0.20858249104792415,OVER,0.5082648585851054,0.010514518254258642,0,tenure60:35;rest:1;shrink:0.25;voidable
prizepicks,15242387,cs2-headshots-202609260140,2026-09-26T20:46:17+00:00,8.0,7.838959680948919,0.38532960409244343,0.5045170072337527,-0.20462291029015417,0.00732559465204452,UNDER,0.5045170072337527,0.00732559465204452,0,tenure60:35;rest:1;shrink:0.25;voidable
prizepicks,15242388,cs2-headshots-202609260140,2026-09-26T20:46:17+00:00,8.5,8.413363105339023,0.4490785851361779,0.5509214148638222,-0.2014127985629235,-0.020307791398153696,UNDER,0.5509214148638222,-0.020307791398153696,0,tenure60:30;rest:1;shrink:0.25;voidable
prizepicks,15242389,cs2-headshots-202609260140,2026-09-26T20:46:17+00:00,9.5,9.538218721149475,0.46295140174944327,0.5370485982505567,-0.1767430544203077,-0.04497753554076955,UNDER,0.5370485982505567,-0.04497753554076955,0,tenure60:35;rest:1;shrink:0.25;voidable
prizepicks,15242390,cs2-headshots-202609260140,2026-09-26T20:46:17+00:00,5.5,6.25795167247521,0.5595391021654492,0.4404608978345508,-0.004983135507516445,-0.2167374544535608,OVER,0.5595391021654492,-0.004983135507516445,0,tenure60:35;rest:1;shrink:0.25;voidable
prizepicks,15242391,cs2-headshots-202609260140,2026-09-26T20:46:17+00:00,9.5,8.993536033935651,0.40757469798791307,0.5924253020120869,-0.27521830651526175,0.053497716554184505,UNDER,0.5924253020120869,0.053497716554184505,0,tenure60:21;rest:1;shrink:0.25;voidable
prizepicks,15242392,cs2-headshots-202609260140,2026-09-26T20:46:17+00:00,7.0,7.838806750943318,0.4970467841177219,0.38592231835430874,0.0009189595505756931,-0.19669138986807716,OVER,0.4970467841177219,0.0009189595505756931,0,tenure60:18;rest:1;shrink:0.25;voidable
prizepicks,15242394,cs2-headshots-202609260140,2026-09-26T20:46:17+00:00,5.0,5.317143048323958,0.42831953431763903,0.42316213680599163,-0.08980986232911342,-0.09898115613346187,OVER,0.42831953431763903,-0.08980986232911342,0,tenure60:21;rest:1;shrink:0.25;voidable
prizepicks,15242395,cs2-headshots-202609260140,2026-09-26T20:46:17+00:00,5.5,5.807177695018672,0.49891874888768445,0.5010812511123155,-0.11278306157065099,-0.10893752839042631,UNDER,0.5010812511123155,-0.10893752839042631,0,tenure60:16;rest:1;shrink:0.25;voidable
prizepicks,15243177,cs2-kills-202609260130,2026-09-26T20:46:17+00:00,16.0,15.70920415034023,0.40805698012703445,0.5248009980036796,-0.20721865224814684,0.00038483098710728747,UNDER,0.5248009980036796,0.00038483098710728747,0,tenure60:49;rest:0;shrink:0.25;market_unproven;voidable
prizepicks,15243178,cs2-kills-202609260130,2026-09-26T20:46:17+00:00,14.0,13.973797800544702,0.42244615495006405,0.5031826116656604,-0.17440146741791318,-0.030829488801069505,UNDER,0.5031826116656604,-0.030829488801069505,0,tenure60:49;rest:0;shrink:0.25;market_unproven;voidable
prizepicks,15243179,cs2-kills-202609260130,2026-09-26T20:46:17+00:00,14.0,14.677359543285878,0.4762849257654984,0.44991634064802305,-0.07923358961281884,-0.126124301599084,OVER,0.4762849257654984,-0.07923358961281884,0,tenure60:49;rest:0;shrink:0.25;market_unproven;voidable
prizepicks,15243180,cs2-kills-202609260130,2026-09-26T20:46:17+00:00,14.0,13.87411347231549,0.4146945318699877,0.51095436907904,-0.18820615346889874,-0.01702926694634249,UNDER,0.51095436907904,-0.01702926694634249,0,tenure60:49;rest:0;shrink:0.25;market_unproven;voidable
prizepicks,15243181,cs2-kills-202609260130,2026-09-26T20:46:17+00:00,14.5,14.62801604211062,0.47256936185629195,0.527430638143708,-0.15963963399572295,-0.06208095596535429,UNDER,0.527430638143708,-0.06208095596535429,0,tenure60:46;rest:0;shrink:0.25;market_unproven;voidable
prizepicks,15243182,cs2-kills-202609260130,2026-09-26T20:46:17+00:00,14.0,,,,,,,,,0,player_unmapped:sh1nejezzz
prizepicks,15243183,cs2-kills-202609260130,2026-09-26T20:46:17+00:00,14.5,14.833851843591129,0.48799757444022374,0.5120024255597763,-0.13220396122401362,-0.08951662873706362,UNDER,0.5120024255597763,-0.08951662873706362,0,tenure60:2;rest:1;shrink:0.25;market_unproven;voidable
prizepicks,15243184,cs2-kills-202609260130,2026-09-26T20:46:17+00:00,14.5,14.977876123958241,0.4986759613503626,0.5013240386496374,-0.11321480564928454,-0.10850578431179275,UNDER,0.5013240386496374,-0.10850578431179275,0,tenure60:13;rest:1;shrink:0.25;market_unproven;voidable
prizepicks,15243185,cs2-kills-202609260130,2026-09-26T20:46:17+00:00,12.0,12.537290561688016,0.4654997050349772,0.4516814599263177,-0.0893926241184031,-0.11396532487800332,OVER,0.4654997050349772,-0.0893926241184031,0,tenure60:16;rest:1;shrink:0.25;market_unproven;voidable
prizepicks,15243186,cs2-kills-202609260130,2026-09-26T20:46:17+00:00,13.5,14.179287285744632,0.5159142349529785,0.4840857650470215,-0.08256033863713519,-0.13916025132394205,OVER,0.5159142349529785,-0.08256033863713519,0,tenure60:8;rest:1;shrink:0.25;market_unproven;voidable
prizepicks,15243187,cs2-headshots-202609260140,2026-09-26T20:46:17+00:00,9.0,8.804902466354841,0.38804728001880134,0.5103655093492632,-0.20835630118902182,0.009159687501757552,UNDER,0.5103655093492632,0.009159687501757552,0,tenure60:49;rest:0;shrink:0.25;voidable
prizepicks,15243188,cs2-headshots-202609260140,2026-09-26T20:46:17+00:00,8.5,8.70383856462538,0.480388279288039,0.519611720711961,-0.1457354141180528,-0.07598517584302439,UNDER,0.519611720711961,-0.07598517584302439,0,tenure60:49;rest:0;shrink:0.25;voidable
prizepicks,15243189,cs2-headshots-202609260140,2026-09-26T20:46:17+00:00,4.5,4.885637563297629,0.5149200311896692,0.4850799688103308,-0.0843283107188113,-0.13739227924226594,OVER,0.5149200311896692,-0.0843283107188113,0,tenure60:49;rest:0;shrink:0.25;voidable
prizepicks,15243190,cs2-headshots-202609260140,2026-09-26T20:46:17+00:00,7.5,7.50846360926645,0.458684291848988,0.541315708151012,-0.18433116809666056,-0.03738942186441663,UNDER,0.541315708151012,-0.03738942186441663,0,tenure60:49;rest:0;shrink:0.25;voidable
prizepicks,15243191,cs2-headshots-202609260140,2026-09-26T20:46:17+00:00,8.5,8.20113284055116,0.4257606831482392,0.5742393168517608,-0.2428785435533804,0.021157953592303158,UNDER,0.5742393168517608,0.021157953592303158,0,tenure60:46;rest:0;shrink:0.25;voidable
prizepicks,15243192,cs2-headshots-202609260140,2026-09-26T20:46:17+00:00,8.0,,,,,,,,,0,player_unmapped:sh1nejezzz
prizepicks,15243193,cs2-headshots-202609260140,2026-09-26T20:46:17+00:00,4.5,4.827064044034623,0.5057802757952581,0.4942197242047419,-0.10058134954948483,-0.12113924041159241,OVER,0.5057802757952581,-0.10058134954948483,0,tenure60:2;rest:1;shrink:0.25;voidable
prizepicks,15243194,cs2-headshots-202609260140,2026-09-26T20:46:17+00:00,7.5,8.262998600722035,0.5441977206070503,0.4558022793929497,-0.03226439845436807,-0.18945619150670917,OVER,0.5441977206070503,-0.03226439845436807,0,tenure60:13;rest:1;shrink:0.25;voidable
prizepicks,15243195,cs2-headshots-202609260140,2026-09-26T20:46:17+00:00,6.0,6.467170905369243,0.45233638384634633,0.4159186112201543,-0.06387451726108012,-0.12863549248171657,OVER,0.45233638384634633,-0.06387451726108012,0,tenure60:16;rest:1;shrink:0.25;voidable
prizepicks,15243196,cs2-headshots-202609260140,2026-09-26T20:46:17+00:00,7.5,8.243386622650576,0.5420757022212611,0.4579242977787389,-0.03603794005754102,-0.18568264990353622,OVER,0.5420757022212611,-0.03603794005754102,0,tenure60:8;rest:1;shrink:0.25;voidable
prizepicks,15244040,lol-kills-202609252040,2026-09-26T22:32:01+00:00,2.5,2.5225827066691466,0.4202482559455635,0.5797517440544365,-0.25268117934723716,0.03096058938615992,UNDER,0.5797517440544365,0.03096058938615992,0,tenure60:16;rest:7;shrink:0.25;bo5;voidable
prizepicks,15244041,lol-kills-202609252040,2026-09-26T22:32:01+00:00,3.0,2.939861236916176,0.3337579886013343,0.5063935298602315,-0.24663655939580748,0.060357669065814246,UNDER,0.5063935298602315,0.060357669065814246,0,tenure60:10;rest:7;shrink:0.25;bo5;voidable
prizepicks,15244042,lol-kills-202609252040,2026-09-26T22:32:01+00:00,4.5,3.7680437891935292,0.3288670772586116,0.6711329227413885,-0.4151824478713314,0.19346185791025416,UNDER,0.6711329227413885,0.19346185791025416,0,tenure60:16;rest:7;shrink:0.25;bo5;voidable
prizepicks,15244043,lol-kills-202609252040,2026-09-26T22:32:01+00:00,5.5,4.686870675040767,0.3352067385059964,0.6647932614940035,-0.4039087588084852,0.18218816884740785,UNDER,0.6647932614940035,0.18218816884740785,0,tenure60:16;rest:7;shrink:0.25;bo5;voidable
prizepicks,15244044,lol-kills-202609252040,2026-09-26T22:32:01+00:00,0.5,0.7068576580506796,0.47044518467348734,0.5295548153265126,-0.1634170145431788,-0.05830357541789849,UNDER,0.5295548153265126,-0.05830357541789849,0,tenure60:16;rest:7;shrink:0.25;bo5;voidable
prizepicks,15244045,lol-kills-202609252040,2026-09-26T22:32:01+00:00,2.0,1.9812750468074622,0.31296799041611123,0.475815978907228,-0.2322394359651097,0.05734978893489873,UNDER,0.475815978907228,0.05734978893489873,0,tenure60:29;rest:1;shrink:0.25;bo5;voidable
prizepicks,15244046,lol-kills-202609252040,2026-09-26T22:32:01+00:00,2.5,2.3582762231354133,0.3892049082010628,0.6107950917989372,-0.307884925459961,0.08616433549888375,UNDER,0.6107950917989372,0.08616433549888375,0,tenure60:29;rest:1;shrink:0.25;bo5;voidable
prizepicks,15244047,lol-kills-202609252040,2026-09-26T22:32:01+00:00,2.5,2.3714092535046865,0.39173766303564983,0.6082623369643502,-0.3033809796869383,0.08166038972586104,UNDER,0.6082623369643502,0.08166038972586104,0,tenure60:29;rest:1;shrink:0.25;bo5;voidable
prizepicks,15244048,lol-kills-202609252040,2026-09-26T22:32:01+00:00,3.0,2.6211766852856373,0.28159787857636176,0.5607608327515468,-0.3415990019449237,0.15483073151044707,UNDER,0.5607608327515468,0.15483073151044707,0,tenure60:29;rest:1;shrink:0.25;bo5;voidable
prizepicks,15244049,lol-kills-202609252040,2026-09-26T22:32:01+00:00,0.5,0.6021306022831445,0.42262752164582396,0.577372478354176,-0.2484501801414521,0.02672959018037485,UNDER,0.577372478354176,0.02672959018037485,0,tenure60:29;rest:1;shrink:0.25;bo5;voidable
prizepicks,15244063,lol-kills-202609252040,2026-09-27T00:32:02+00:00,2.5,2.4095023976770364,0.3990340014869676,0.6009659985130325,-0.2904060512502847,0.0686854612892075,UNDER,0.6009659985130325,0.0686854612892075,0,tenure60:16;rest:7;shrink:0.25;bo5;voidable
prizepicks,15244064,lol-kills-202609252040,2026-09-27T00:32:02+00:00,3.0,2.8573015406710938,0.32044584218477923,0.5199511381250589,-0.27055473712006317,0.08422142284425804,UNDER,0.5199511381250589,0.08422142284425804,0,tenure60:10;rest:7;shrink:0.25;bo5;voidable
prizepicks,15244065,lol-kills-202609252040,2026-09-27T00:32:02+00:00,4.5,3.651878905557948,0.31341714141977495,0.686582858580225,-0.442656750659957,0.22093616069887978,UNDER,0.686582858580225,0.22093616069887978,0,tenure60:16;rest:7;shrink:0.25;bo5;voidable
prizepicks,15244066,lol-kills-202609252040,2026-09-27T00:32:02+00:00,5.5,4.59383036128692,0.32476497255420345,0.6752350274457966,-0.42247713620500416,0.20075654624392691,UNDER,0.6752350274457966,0.20075654624392691,0,tenure60:16;rest:7;shrink:0.25;bo5;voidable
prizepicks,15244067,lol-kills-202609252040,2026-09-27T00:32:02+00:00,0.5,0.7068576580506796,0.47044518467348734,0.5295548153265126,-0.1634170145431788,-0.05830357541789849,UNDER,0.5295548153265126,-0.05830357541789849,0,tenure60:16;rest:7;shrink:0.25;bo5;voidable
prizepicks,15244068,lol-kills-202609252040,2026-09-27T00:32:02+00:00,2.0,1.924409761975796,0.3009378512757969,0.4880284704779131,-0.2538147371286048,0.07888465880995105,UNDER,0.4880284704779131,0.07888465880995105,0,tenure60:29;rest:1;shrink:0.25;bo5;voidable
prizepicks,15244069,lol-kills-202609252040,2026-09-27T00:32:02+00:00,2.5,2.2913010243827783,0.37615265773279116,0.6238473422672088,-0.3310954737223593,0.10937488376128207,UNDER,0.6238473422672088,0.10937488376128207,0,tenure60:29;rest:1;shrink:0.25;bo5;voidable
prizepicks,15244070,lol-kills-202609252040,2026-09-27T00:32:02+00:00,2.5,2.318531642450856,0.381486629887386,0.618513370112614,-0.3216101808661223,0.09988959090504507,UNDER,0.618513370112614,0.09988959090504507,0,tenure60:29;rest:1;shrink:0.25;bo5;voidable
prizepicks,15244071,lol-kills-202609252040,2026-09-27T00:32:02+00:00,3.0,2.5645511314403473,0.2721420272660085,0.5709973032602815,-0.359194766832896,0.17225341704921932,UNDER,0.5709973032602815,0.17225341704921932,0,tenure60:29;rest:1;shrink:0.25;bo5;voidable
prizepicks,15244072,lol-kills-202609252040,2026-09-27T00:32:02+00:00,0.5,0.6021306022831445,0.42262752164582396,0.577372478354176,-0.2484501801414521,0.02672959018037485,UNDER,0.577372478354176,0.02672959018037485,0,tenure60:29;rest:1;shrink:0.25;bo5;voidable
prizepicks,15267230,cs2-kills-202609260130,2026-09-27T00:33:23+00:00,34.0,31.334097190799,0.31824137770331135,0.6371586222966886,-0.3894779106077815,0.17764605895896834,UNDER,0.6371586222966886,0.17764605895896834,0,tenure60:21;rest:1;shrink:0.25;market_unproven
prizepicks,15267231,cs2-kills-202609260130,2026-09-27T00:33:23+00:00,30.5,,,,,,,,,0,player_unmapped:koala
prizepicks,15267232,cs2-kills-202609260130,2026-09-27T00:33:23+00:00,29.5,28.584871142023154,0.419410134718443,0.580589865281557,-0.25417159306854203,0.03245100310746479,UNDER,0.580589865281557,0.03245100310746479,0,tenure60:21;rest:1;shrink:0.25;market_unproven
prizepicks,15267233,cs2-kills-202609260130,2026-09-27T00:33:23+00:00,28.5,28.577071797297545,0.4737241033173204,0.5262758966826796,-0.15758618103165778,-0.06413440892941946,UNDER,0.5262758966826796,-0.06413440892941946,0,tenure60:21;rest:1;shrink:0.25;market_unproven
prizepicks,15267234,cs2-kills-202609260130,2026-09-27T00:33:23+00:00,24.5,25.060109273857265,0.5028944308094601,0.4971055691905399,-0.10571318826829346,-0.11600740169278378,OVER,0.5028944308094601,-0.10571318826829346,0,tenure60:21;rest:1;shrink:0.25;market_unproven
prizepicks,15267235,cs2-kills-202609260130,2026-09-27T00:33:23+00:00,29.0,30.628295378213508,0.5280330199570191,0.42326698004298086,-0.012309752789761264,-0.1986130444402115,OVER,0.5280330199570191,-0.012309752789761264,0,tenure60:19;rest:0;shrink:0.25;market_unproven
prizepicks,15267236,cs2-kills-202609260130,2026-09-27T00:33:23+00:00,28.5,29.072673473432076,0.5016944596159277,0.49830554038407227,-0.10784707233439189,-0.11387351762668535,OVER,0.5016944596159277,-0.10784707233439189,0,tenure60:6;rest:0;shrink:0.25;market_unproven
prizepicks,15267237,cs2-kills-202609260130,2026-09-27T00:33:23+00:00,28.5,29.03982987733236,0.4992422559066048,0.5007577440933952,-0.11220777569990192,-0.10951281426117526,UNDER,0.5007577440933952,-0.10951281426117526,0,tenure60:19;rest:0;shrink:0.25;market_unproven
prizepicks,15267238,cs2-kills-202609260130,2026-09-27T00:33:23+00:00,24.5,26.640334588927676,0.5914287653026395,0.40857123469736045,0.051725595842426364,-0.2734461858035036,OVER,0.5914287653026395,0.051725595842426364,0,tenure60:19;rest:0;shrink:0.25;market_unproven
prizepicks,15267239,cs2-kills-202609260130,2026-09-27T00:33:23+00:00,23.5,25.80420854058417,0.602590906806181,0.39740909319381895,0.0715750022501151,-0.2932955922111923,OVER,0.602590906806181,0.0715750022501151,0,tenure60:19;rest:0;shrink:0.25;market_unproven
prizepicks,15267240,cs2-headshots-202609260140,2026-09-27T00:33:23+00:00,19.5,18.628381401645537,0.40277479359201646,0.5972252064079835,-0.28375387767264004,0.062033287711562746,UNDER,0.5972252064079835,0.062033287711562746,0,tenure60:21;rest:1;shrink:0.25
prizepicks,15267241,cs2-headshots-202609260140,2026-09-27T00:33:23+00:00,15.0,,,,,,,,,0,player_unmapped:koala
prizepicks,15267242,cs2-headshots-202609260140,2026-09-27T00:33:23+00:00,9.5,9.579658138370423,0.47175210355644487,0.528247896443555,-0.16109294760302428,-0.06062764235805301,UNDER,0.528247896443555,-0.06062764235805301,0,tenure60:21;rest:1;shrink:0.25
prizepicks,15267243,cs2-headshots-202609260140,2026-09-27T00:33:23+00:00,16.5,17.118400505666663,0.5142775178368326,0.4857224821631674,-0.08547087898483569,-0.13624971097624156,OVER,0.5142775178368326,-0.08547087898483569,0,tenure60:21;rest:1;shrink:0.25
prizepicks,15267244,cs2-headshots-202609260140,2026-09-27T00:33:23+00:00,11.5,12.032106307109672,0.5169163750932836,0.4830836249067164,-0.08077825345965717,-0.14094233650142007,OVER,0.5169163750932836,-0.08077825345965717,0,tenure60:21;rest:1;shrink:0.25
prizepicks,15267245,cs2-headshots-202609260140,2026-09-27T00:33:23+00:00,14.5,15.943060668811833,0.5823120931911712,0.41768790680882883,0.03551360553852606,-0.2572341954996033,OVER,0.5823120931911712,0.03551360553852606,0,tenure60:19;rest:0;shrink:0.25
prizepicks,15267246,cs2-headshots-202609260140,2026-09-27T00:33:23+00:00,9.5,10.00454981426449,0.5190984919102584,0.48090150808974164,-0.07689784005373124,-0.144822749907346,OVER,0.5190984919102584,-0.07689784005373124,0,tenure60:6;rest:0;shrink:0.25
prizepicks,15267247,cs2-headshots-202609260140,2026-09-27T00:33:23+00:00,14.0,15.137854579907964,0.5208238751705867,0.39932612482941326,0.006020373472536533,-0.21003657432522171,OVER,0.5208238751705867,0.006020373472536533,0,tenure60:19;rest:0;shrink:0.25
prizepicks,15267248,cs2-headshots-202609260140,2026-09-27T00:33:23+00:00,13.0,14.264382880108634,0.5319877908490906,0.3827622091509093,0.03127293485903082,-0.23409184452592618,OVER,0.5319877908490906,0.03127293485903082,0,tenure60:19;rest:0;shrink:0.25
prizepicks,15267249,cs2-headshots-202609260140,2026-09-27T00:33:23+00:00,12.5,14.337906870816067,0.6233699653121557,0.3766300346878443,0.10852597415128401,-0.33024656411236125,OVER,0.6233699653121557,0.10852597415128401,1,tenure60:19;rest:0;shrink:0.25
prizepicks,15265796,cs2-kills-202609260130,2026-09-27T01:16:46+00:00,31.5,,,,,,,,,0,player_unmapped:Peeping
prizepicks,15265797,cs2-kills-202609260130,2026-09-27T01:16:46+00:00,30.0,28.43046980075177,0.3616636743532502,0.5909363256467498,-0.30946093453859314,0.09824990054167099,UNDER,0.5909363256467498,0.09824990054167099,0,tenure60:44;rest:13;shrink:0.25;market_unproven
prizepicks,15265798,cs2-kills-202609260130,2026-09-27T01:16:46+00:00,30.5,29.610217156106856,0.42253889258281624,0.5774611074171838,-0.24860778737932981,0.02688719741825263,UNDER,0.5774611074171838,0.02688719741825263,0,tenure60:44;rest:13;shrink:0.25;market_unproven
prizepicks,15265799,cs2-kills-202609260130,2026-09-27T01:16:46+00:00,29.5,29.774983712153407,0.48270050471905435,0.5172994952809457,-0.14162363124270977,-0.08009695871836747,UNDER,0.5172994952809457,-0.08009695871836747,0,tenure60:44;rest:13;shrink:0.25;market_unproven
prizepicks,15265800,cs2-kills-202609260130,2026-09-27T01:16:46+00:00,28.5,27.786434854076766,0.4274934002571023,0.5725065997428977,-0.2397972883952671,0.01807669843418991,UNDER,0.5725065997428977,0.01807669843418991,0,tenure60:44;rest:13;shrink:0.25;market_unproven
prizepicks,15265801,cs2-kills-202609260130,2026-09-27T01:16:46+00:00,30.5,29.55827174266542,0.4197751394302383,0.5802248605697617,-0.2535225127049893,0.03180192274391214,UNDER,0.5802248605697617,0.03180192274391214,0,tenure60:38;rest:1;shrink:0.25;market_unproven
prizepicks,15265802,cs2-kills-202609260130,2026-09-27T01:16:46+00:00,28.5,29.010120785619755,0.4979378463634333,0.5020621536365666,-0.11452738033278198,-0.10719320962829526,UNDER,0.5020621536365666,-0.10719320962829526,0,tenure60:41;rest:1;shrink:0.25;market_unproven
prizepicks,15265803,cs2-kills-202609260130,2026-09-27T01:16:46+00:00,26.0,27.483468494184645,0.5253740614041312,0.4215759385958688,-0.012688124036508763,-0.19727018862713325,OVER,0.5253740614041312,-0.012688124036508763,0,tenure60:41;rest:1;shrink:0.25;market_unproven
prizepicks,15265804,cs2-kills-202609260130,2026-09-27T01:16:46+00:00,26.5,27.178139547006197,0.509050308106595,0.490949691893405,-0.09476631842007233,-0.12695427154100491,OVER,0.509050308106595,-0.09476631842007233,0,tenure60:41;rest:1;shrink:0.25;market_unproven
prizepicks,15265805,cs2-kills-202609260130,2026-09-27T01:16:46+00:00,26.5,27.133456699719414,0.5064941596994883,0.4935058403005117,-0.09931186450143403,-0.12240872545964321,OVER,0.5064941596994883,-0.09931186450143403,0,tenure60:41;rest:1;shrink:0.25;market_unproven
prizepicks,15265806,cs2-headshots-202609260140,2026-09-27T01:16:46+00:00,18.5,,,,,,,,,0,player_unmapped:Peeping
prizepicks,15265807,cs2-headshots-202609260140,2026-09-27T01:16:46+00:00,17.5,17.032819688664894,0.4303563126988053,0.5696436873011947,-0.2347062301474424,0.012985640186365166,UNDER,0.5696436873011947,0.012985640186365166,0,tenure60:44;rest:13;shrink:0.25
prizepicks,15265808,cs2-headshots-202609260140,2026-09-27T01:16:46+00:00,17.5,17.120116065726556,0.4361381296991269,0.5638618703008731,-0.22442454402315742,0.0027039540620801827,UNDER,0.5638618703008731,0.0027039540620801827,0,tenure60:44;rest:13;shrink:0.25
prizepicks,15265809,cs2-headshots-202609260140,2026-09-27T01:16:46+00:00,10.5,10.419167818511598,0.4524719928006294,0.5475280071993707,-0.19537837158336113,-0.026342218377716053,UNDER,0.5475280071993707,-0.026342218377716053,0,tenure60:44;rest:13;shrink:0.25
prizepicks,15265810,cs2-headshots-202609260140,2026-09-27T01:16:46+00:00,18.5,17.872264994985166,0.4197578739019988,0.5802421260980011,-0.2535532156383609,0.03183262567728368,UNDER,0.5802421260980011,0.03183262567728368,0,tenure60:44;rest:13;shrink:0.25
prizepicks,15265811,cs2-headshots-202609260140,2026-09-27T01:16:46+00:00,16.0,16.243706510623774,0.4443045878424736,0.4758454121575263,-0.1300522996538992,-0.07396390119878599,UNDER,0.4758454121575263,-0.07396390119878599,0,tenure60:38;rest:1;shrink:0.25
prizepicks,15265812,cs2-headshots-202609260140,2026-09-27T01:16:46+00:00,8.5,9.518667349822746,0.5783564415921838,0.4216435584078162,0.028479351746759307,-0.25019994170783655,OVER,0.5783564415921838,0.028479351746759307,0,tenure60:41;rest:1;shrink:0.25
prizepicks,15265813,cs2-headshots-202609260140,2026-09-27T01:16:46+00:00,14.0,14.88996085323831,0.4994591454275041,0.4198908545724959,-0.031172085530633498,-0.17266673885008282,OVER,0.4994591454275041,-0.031172085530633498,0,tenure60:41;rest:1;shrink:0.25
prizepicks,15265814,cs2-headshots-202609260140,2026-09-27T01:16:46+00:00,14.5,15.304798736237837,0.5331548866531397,0.4668451133468603,-0.051901642703086004,-0.16981894725799124,OVER,0.5331548866531397,-0.051901642703086004,0,tenure60:41;rest:1;shrink:0.25
prizepicks,15265815,cs2-headshots-202609260140,2026-09-27T01:16:46+00:00,13.5,14.18562772053798,0.5259999516751082,0.47400004832489184,-0.06462511625468681,-0.15709547370639043,OVER,0.5259999516751082,-0.06462511625468681,0,tenure60:41;rest:1;shrink:0.25
prizepicks,15267251,cs2-kills-202609260130,2026-09-27T01:38:43+00:00,17.0,15.67440542824438,0.3405052295018853,0.5969230480884922,-0.3319148389565969,0.12406768820306191,UNDER,0.5969230480884922,0.12406768820306191,0,tenure60:21;rest:1;shrink:0.25;market_unproven;voidable
prizepicks,15267252,cs2-kills-202609260130,2026-09-27T01:38:43+00:00,15.0,,,,,,,,,0,player_unmapped:koala
prizepicks,15267253,cs2-kills-202609260130,2026-09-27T01:38:43+00:00,14.5,14.236769100506939,0.4427671226340741,0.5572328773659259,-0.21263634237764734,-0.00908424758342996,UNDER,0.5572328773659259,-0.00908424758342996,0,tenure60:21;rest:1;shrink:0.25;market_unproven;voidable
prizepicks,15267254,cs2-kills-202609260130,2026-09-27T01:38:43+00:00,14.0,14.232947461872417,0.44247330439582283,0.48322475336409515,-0.13885689106094146,-0.06638942843141088,UNDER,0.48322475336409515,-0.06638942843141088,0,tenure60:21;rest:1;shrink:0.25;market_unproven;voidable
prizepicks,15267255,cs2-kills-202609260130,2026-09-27T01:38:43+00:00,12.0,12.47365526935843,0.46010107520084587,0.4569684839136505,-0.09888129054806216,-0.10445191313414898,OVER,0.46010107520084587,-0.09888129054806216,0,tenure60:21;rest:1;shrink:0.25;market_unproven;voidable
prizepicks,15267256,cs2-kills-202609260130,2026-09-27T01:38:43+00:00,14.5,15.314961482869599,0.5232555486034196,0.4767444513965804,-0.06950543172991813,-0.1522151582311591,OVER,0.5232555486034196,-0.06950543172991813,0,tenure60:19;rest:0;shrink:0.25;market_unproven;voidable
prizepicks,15267257,cs2-kills-202609260130,2026-09-27T01:38:43+00:00,14.0,14.47026257030358,0.4606227785825366,0.4652860232889585,-0.10679279892325261,-0.09850024687784942,UNDER,0.4652860232889585,-0.09850024687784942,0,tenure60:6;rest:0;shrink:0.25;market_unproven;voidable
prizepicks,15267258,cs2-kills-202609260130,2026-09-27T01:38:43+00:00,14.0,14.458177789489108,0.45970352465227127,0.466191274186449,-0.10841348622726593,-0.09687645481314805,UNDER,0.466191274186449,-0.09687645481314805,0,tenure60:19;rest:0;shrink:0.25;market_unproven;voidable
prizepicks,15267259,cs2-kills-202609260130,2026-09-27T01:38:43+00:00,12.0,13.25877774435218,0.5250789026697994,0.39421025828709966,0.014447840306636761,-0.21827317541882413,OVER,0.5250789026697994,0.014447840306636761,0,tenure60:19;rest:0;shrink:0.25;market_unproven;voidable
prizepicks,15267260,cs2-kills-202609260130,2026-09-27T01:38:43+00:00,11.5,12.841757488405847,0.576608023070895,0.423391976929105,0.025370175090220715,-0.24709076505129796,OVER,0.576608023070895,0.025370175090220715,0,tenure60:19;rest:0;shrink:0.25;market_unproven;voidable
prizepicks,15267261,cs2-headshots-202609260140,2026-09-27T01:38:43+00:00,9.5,9.249645628059254,0.4338340899638029,0.5661659100361971,-0.22852177044439564,0.006801180483318403,UNDER,0.5661659100361971,0.006801180483318403,0,tenure60:21;rest:1;shrink:0.25;voidable
prizepicks,15267262,cs2-headshots-202609260140,2026-09-27T01:38:43+00:00,7.5,,,,,,,,,0,player_unmapped:koala
prizepicks,15267263,cs2-headshots-202609260140,2026-09-27T01:38:43+00:00,4.5,4.725879443904909,0.4897639306079038,0.5102360693920962,-0.12906288642023295,-0.0926577035408443,UNDER,0.5102360693920962,-0.0926577035408443,0,tenure60:21;rest:1;shrink:0.25;voidable
prizepicks,15267264,cs2-headshots-202609260140,2026-09-27T01:38:43+00:00,9.0,8.74408589397156,0.3817266495446534,0.5167821892785245,-0.219692197674777,0.020474287845659522,UNDER,0.5167821892785245,0.020474287845659522,0,tenure60:21;rest:1;shrink:0.25;voidable
prizepicks,15267265,cs2-headshots-202609260140,2026-09-27T01:38:43+00:00,5.5,5.951710682678043,0.5188566058137501,0.48114339418624985,-0.07732798111872646,-0.14439260884235078,OVER,0.5188566058137501,-0.07732798111872646,0,tenure60:21;rest:1;shrink:0.25;voidable
prizepicks,15267266,cs2-headshots-202609260140,2026-09-27T01:38:43+00:00,6.5,7.783511502946068,0.6098853720489877,0.39011462795101226,0.0845465995986428,-0.30626718955972004,OVER,0.6098853720489877,0.0845465995986428,0,tenure60:19;rest:0;shrink:0.25;voidable
prizepicks,15267267,cs2-headshots-202609260140,2026-09-27T01:38:43+00:00,4.5,4.939774907132245,0.5232786800616677,0.47672131993833233,-0.06946429753399141,-0.15225629242708583,OVER,0.5232786800616677,-0.06946429753399141,0,tenure60:6;rest:0;shrink:0.25;voidable
prizepicks,15267268,cs2-headshots-202609260140,2026-09-27T01:38:43+00:00,7.0,7.568927289953982,0.46580080738692636,0.4153219464739182,-0.052798768905167215,-0.14256428790898834,OVER,0.46580080738692636,-0.052798768905167215,0,tenure60:19;rest:0;shrink:0.25;voidable
prizepicks,15267269,cs2-headshots-202609260140,2026-09-27T01:38:43+00:00,6.5,7.132191440054317,0.5358503234045298,0.46414967659547024,-0.047108403027026846,-0.1746121869340504,OVER,0.5358503234045298,-0.047108403027026846,0,tenure60:19;rest:0;shrink:0.25;voidable
prizepicks,15267270,cs2-headshots-202609260140,2026-09-27T01:38:43+00:00,6.0,7.107969439403718,0.5329383507645254,0.34162121955496105,0.07315372566517031,-0.2670615895525131,OVER,0.5329383507645254,0.07315372566517031,0,tenure60:19;rest:0;shrink:0.25;voidable
prizepicks,15265816,cs2-kills-202609260130,2026-09-27T02:31:13+00:00,15.5,,,,,,,,,0,player_unmapped:Peeping
prizepicks,15265817,cs2-kills-202609260130,2026-09-27T02:31:13+00:00,15.0,14.215234900375885,0.36828720285239747,0.5618306286033151,-0.2752002816424661,0.06897400731878772,UNDER,0.5618306286033151,0.06897400731878772,0,tenure60:44;rest:13;shrink:0.25;market_unproven;voidable
prizepicks,15265818,cs2-kills-202609260130,2026-09-27T02:31:13+00:00,15.0,14.742608578053428,0.40758750518738074,0.5218782614928388,-0.2046612984163677,-0.0014203997205954888,UNDER,0.5218782614928388,-0.0014203997205954888,0,tenure60:44;rest:13;shrink:0.25;market_unproven;voidable
prizepicks,15265819,cs2-kills-202609260130,2026-09-27T02:31:13+00:00,14.5,14.824991856076704,0.48733743503403726,0.5126625649659627,-0.1333778735377904,-0.08834271642328684,UNDER,0.5126625649659627,-0.08834271642328684,0,tenure60:44;rest:13;shrink:0.25;market_unproven;voidable
prizepicks,15265820,cs2-kills-202609260130,2026-09-27T02:31:13+00:00,14.0,13.830717427038383,0.41131285872484663,0.5143531630314535,-0.1942368340016571,-0.0110023824490732,UNDER,0.5143531630314535,-0.0110023824490732,0,tenure60:44;rest:13;shrink:0.25;market_unproven;voidable
prizepicks,15265821,cs2-kills-202609260130,2026-09-27T02:31:13+00:00,15.5,14.84870247057698,0.415448093092024,0.584551906907976,-0.2612172101145201,0.03949662015344285,UNDER,0.584551906907976,0.03949662015344285,0,tenure60:38;rest:1;shrink:0.25;market_unproven;voidable
prizepicks,15265822,cs2-kills-202609260130,2026-09-27T02:31:13+00:00,14.0,14.449611478476388,0.45905157140883407,0.46683351008983953,-0.10956312391633172,-0.0957246625897143,UNDER,0.46683351008983953,-0.0957246625897143,0,tenure60:41;rest:1;shrink:0.25;market_unproven;voidable
prizepicks,15265823,cs2-kills-202609260130,2026-09-27T02:31:13+00:00,13.0,13.74849483276066,0.4824030224870637,0.4398334926424057,-0.06438915290018055,-0.14008967131797334,OVER,0.4824030224870637,-0.06438915290018055,0,tenure60:41;rest:1;shrink:0.25;market_unproven;voidable
prizepicks,15265824,cs2-kills-202609260130,2026-09-27T02:31:13+00:00,13.0,13.533191713088506,0.4652905352728289,0.4565504494383932,-0.09442440614956132,-0.10996672083091125,OVER,0.4652905352728289,-0.09442440614956132,0,tenure60:41;rest:1;shrink:0.25;market_unproven;voidable
prizepicks,15265825,cs2-kills-202609260130,2026-09-27T02:31:13+00:00,13.0,13.510835893244742,0.46350126639450345,0.4583057086305964,-0.09757221646878866,-0.10681136986401252,OVER,0.46350126639450345,-0.09757221646878866,0,tenure60:41;rest:1;shrink:0.25;market_unproven;voidable
prizepicks,15265826,cs2-headshots-202609260140,2026-09-27T02:31:13+00:00,9.0,,,,,,,,,0,player_unmapped:Peeping
prizepicks,15265827,cs2-headshots-202609260140,2026-09-27T02:31:13+00:00,8.5,8.451688850593422,0.4532524171630725,0.5467475828369275,-0.19399055900853568,-0.027730030952541562,UNDER,0.5467475828369275,-0.027730030952541562,0,tenure60:44;rest:13;shrink:0.25;voidable
prizepicks,15265828,cs2-headshots-202609260140,2026-09-27T02:31:13+00:00,8.5,8.495321721738506,0.4579891907588266,0.5420108092411734,-0.1855672520531902,-0.03615333790788705,UNDER,0.5420108092411734,-0.03615333790788705,0,tenure60:44;rest:13;shrink:0.25;voidable
prizepicks,15265829,cs2-headshots-202609260140,2026-09-27T02:31:13+00:00,5.0,5.145716312122044,0.402744909652189,0.44792576340299994,-0.13447769272271504,-0.0541335107696681,UNDER,0.44792576340299994,-0.0541335107696681,0,tenure60:44;rest:13;shrink:0.25;voidable
prizepicks,15265830,cs2-headshots-202609260140,2026-09-27T02:31:13+00:00,9.0,8.871308077226162,0.3949361630652647,0.5034020156770368,-0.1960313316835668,-0.0031487392917359247,UNDER,0.5034020156770368,-0.0031487392917359247,0,tenure60:44;rest:13;shrink:0.25;voidable
prizepicks,15265831,cs2-headshots-202609260140,2026-09-27T02:31:13+00:00,8.0,8.121853255311887,0.4169704254438355,0.4728253467231318,-0.1483058500050249,-0.04898019354470745,UNDER,0.4728253467231318,-0.04898019354470745,0,tenure60:38;rest:1;shrink:0.25;voidable
prizepicks,15265833,cs2-headshots-202609260140,2026-09-27T02:31:13+00:00,7.0,7.444980426619155,0.45117067601720984,0.4293121373810467,-0.07817528982351063,-0.11704587901373986,OVER,0.45117067601720984,-0.07817528982351063,0,tenure60:41;rest:1;shrink:0.25;voidable
prizepicks,15265834,cs2-headshots-202609260140,2026-09-27T02:31:13+00:00,7.0,7.589899368118918,0.46825980830468966,0.41298475602255375,-0.04854778867024079,-0.14684227603238809,OVER,0.46825980830468966,-0.04854778867024079,0,tenure60:41;rest:1;shrink:0.25;voidable
prizepicks,15265835,cs2-headshots-202609260140,2026-09-27T02:31:13+00:00,7.0,7.15531386026899,0.416407218713773,0.463153375324859,-0.13907221080835508,-0.05594448300840604,UNDER,0.463153375324859,-0.05594448300840604,0,tenure60:41;rest:1;shrink:0.25;voidable
prizepicks,15261119,lol-kills-202609252040,2026-09-27T06:32:50+00:00,9.5,8.944017167877341,0.39800488279401053,0.6019951172059894,-0.2922361118324563,0.070515521871379,UNDER,0.6019951172059894,0.070515521871379,1,tenure60:18;rest:2;shrink:0.25;bo5
prizepicks,15261120,lol-kills-202609252040,2026-09-27T06:32:50+00:00,15.0,12.678003518470774,0.27142636967037187,0.6718236303296281,-0.46057807547356455,0.25144012899277846,UNDER,0.6718236303296281,0.25144012899277846,1,tenure60:18;rest:2;shrink:0.25;bo5
prizepicks,15261121,lol-kills-202609252040,2026-09-27T06:32:50+00:00,12.5,11.954767791434374,0.4122150538960847,0.5877849461039153,-0.26696645714850775,0.04524586718743051,UNDER,0.5877849461039153,0.04524586718743051,0,tenure60:18;rest:2;shrink:0.25;bo5
prizepicks,15261122,lol-kills-202609252040,2026-09-27T06:32:50+00:00,17.0,15.210048990979775,0.31903906795223985,0.6256109320477601,-0.3773093944625231,0.16786103915579142,UNDER,0.6256109320477601,0.16786103915579142,1,tenure60:18;rest:2;shrink:0.25;bo5
prizepicks,15261123,lol-kills-202609252040,2026-09-27T06:32:50+00:00,7.5,7.974444357159788,0.4984330550264,0.5015669449736,-0.11364676096375548,-0.10807382899732176,UNDER,0.5015669449736,-0.10807382899732176,0,tenure60:6;rest:3;shrink:0.25;bo5
prizepicks,15261124,lol-kills-202609252040,2026-09-27T06:32:50+00:00,10.0,9.922957237099359,0.40128394077760754,0.5163160592223924,-0.20400503053590202,0.0005542171876175561,UNDER,0.5163160592223924,0.0005542171876175561,0,tenure60:30;rest:3;shrink:0.25;bo5
prizepicks,15261125,lol-kills-202609252040,2026-09-27T06:32:50+00:00,10.0,10.41093781265648,0.44188597984774414,0.4729140201522558,-0.1290032604518822,-0.07382673524451128,UNDER,0.4729140201522558,-0.07382673524451128,0,tenure60:30;rest:3;shrink:0.25;bo5
prizepicks,15261126,lol-kills-202609252040,2026-09-27T06:32:50+00:00,13.5,13.47471953405386,0.4487463818771039,0.5512536181228961,-0.20200354877848253,-0.019717041182594708,UNDER,0.5512536181228961,-0.019717041182594708,0,tenure60:30;rest:3;shrink:0.25;bo5
prizepicks,14893793,val-kills-202609260147,2026-09-27T07:06:10+00:00,91.5,91.2988857368909,0.48374062589273503,0.516259374107265,-0.1397740051756079,-0.08194658478546935,UNDER,0.516259374107265,-0.08194658478546935,0,shrink:0.25
prizepicks,14893794,val-kills-202609260147,2026-09-27T07:06:10+00:00,62.0,63.00396808178026,0.5058702658383422,0.4628797341616578,-0.06917132210875981,-0.14562049941603383,OVER,0.5058702658383422,-0.06917132210875981,0,shrink:0.25
prizepicks,14893681,val-kills-202609260147,2026-09-27T07:06:10+00:00,32.0,31.94252052073964,0.4511926064613137,0.4988073935386863,-0.14765347796805123,-0.06298108249497208,UNDER,0.4988073935386863,-0.06298108249497208,0,tenure60:16;rest:21;shrink:0.25
prizepicks,14893682,val-kills-202609260147,2026-09-27T07:06:10+00:00,27.5,28.125154278206246,0.5161056066402642,0.4838943933597358,-0.08222002630597064,-0.1395005636551067,OVER,0.5161056066402642,-0.08222002630597064,0,tenure60:16;rest:21;shrink:0.25
prizepicks,14893683,val-kills-202609260147,2026-09-27T07:06:10+00:00,31.5,31.106210937945,0.4583013497015187,0.5416986502984813,-0.18501214623274131,-0.03670844372833593,UNDER,0.5416986502984813,-0.03670844372833593,0,tenure60:16;rest:21;shrink:0.25
prizepicks,14893684,val-kills-202609260147,2026-09-27T07:06:10+00:00,28.0,28.344873116273533,0.47184420844908775,0.4723557915509123,-0.10512915936887379,-0.10421942167237536,UNDER,0.4723557915509123,-0.10421942167237536,0,tenure60:16;rest:21;shrink:0.25
prizepicks,14893685,val-kills-202609260147,2026-09-27T07:06:10+00:00,32.5,32.54855043168551,0.4834344146866046,0.5165655853133954,-0.1403185342585928,-0.08140205570248438,UNDER,0.5165655853133954,-0.08140205570248438,0,tenure60:16;rest:21;shrink:0.25
prizepicks,14893686,val-kills-202609260147,2026-09-27T07:06:10+00:00,24.5,26.297679762910356,0.5880383620350361,0.4119616379649639,0.04569651151991849,-0.26741710148099573,OVER,0.5880383620350361,0.04569651151991849,0,tenure60:18;rest:22;shrink:0.25
prizepicks,14893687,val-kills-202609260147,2026-09-27T07:06:10+00:00,32.0,31.66184989071323,0.436094592169924,0.5123054078300759,-0.17290196591490287,-0.03737784160418273,UNDER,0.5123054078300759,-0.03737784160418273,0,tenure60:21;rest:22;shrink:0.25
prizepicks,14893688,val-kills-202609260147,2026-09-27T07:06:10+00:00,25.5,26.19668446398448,0.5230767610717177,0.47692323892828226,-0.06982336591631522,-0.15189722404476202,OVER,0.5230767610717177,-0.06982336591631522,0,tenure60:21;rest:22;shrink:0.25
prizepicks,14893689,val-kills-202609260147,2026-09-27T07:06:10+00:00,31.5,31.71711819106703,0.49118952347801287,0.5088104765219872,-0.12652778397221975,-0.09519280598885749,UNDER,0.5088104765219872,-0.09519280598885749,0,tenure60:21;rest:22;shrink:0.25
prizepicks,14893690,val-kills-202609260147,2026-09-27T07:06:10+00:00,27.5,27.78089217820446,0.49664586810734423,0.5033541318926558,-0.11682487866380326,-0.10489571129727399,UNDER,0.5033541318926558,-0.10489571129727399,0,tenure60:21;rest:22;shrink:0.25
prizepicks,15263635,dota-kills-202609252038,2026-09-27T07:08:47+00:00,14.5,14.175839355232181,0.43455061934022804,0.565449380659772,-0.22724758100761083,0.005526991046533647,UNDER,0.565449380659772,0.005526991046533647,0,tenure60:18;rest:1;shrink:0.25
prizepicks,15263636,dota-kills-202609252038,2026-09-27T07:08:47+00:00,14.5,14.297643246897719,0.44130833970803424,0.5586916602919658,-0.2152304660187404,-0.0064901239423367785,UNDER,0.5586916602919658,-0.0064901239423367785,0,tenure60:18;rest:1;shrink:0.25
prizepicks,15263637,dota-kills-202609252038,2026-09-27T07:08:47+00:00,8.5,9.18627449986646,0.5081228943501258,0.4918771056498742,-0.0964155192077884,-0.12530507075328884,OVER,0.5081228943501258,-0.0964155192077884,0,tenure60:18;rest:1;shrink:0.25
prizepicks,15263638,dota-kills-202609252038,2026-09-27T07:08:47+00:00,4.5,5.3055153252857306,0.5513191534250916,0.44868084657490837,-0.01960050110406969,-0.20212008885700755,OVER,0.5513191534250916,-0.01960050110406969,0,tenure60:24;rest:1;shrink:0.25
prizepicks,15263639,dota-kills-202609252038,2026-09-27T07:08:47+00:00,4.5,5.242443127080641,0.5437352490055342,0.45626475099446584,-0.03308680218107196,-0.18863378778000528,OVER,0.5437352490055342,-0.03308680218107196,0,tenure60:18;rest:1;shrink:0.25
prizepicks,15263640,dota-kills-202609252038,2026-09-27T07:08:47+00:00,14.5,15.719725054357419,0.5188857903932937,0.48111420960670626,-0.07727608278183346,-0.1444445071792438,OVER,0.5188857903932937,-0.07727608278183346,0,tenure60:44;rest:1;shrink:0.25
prizepicks,15263641,dota-kills-202609252038,2026-09-27T07:08:47+00:00,14.5,15.531452219094572,0.5089625277811579,0.4910374722188421,-0.09492241636540366,-0.12679817359567358,OVER,0.5089625277811579,-0.09492241636540366,0,tenure60:44;rest:1;shrink:0.25
prizepicks,15263642,dota-kills-202609252038,2026-09-27T07:08:47+00:00,11.0,12.077147924853449,0.4908732677251711,0.43902673227482897,-0.056990175065804616,-0.14918780153900113,OVER,0.4908732677251711,-0.056990175065804616,0,tenure60:44;rest:1;shrink:0.25
prizepicks,15263643,dota-kills-202609252038,2026-09-27T07:08:47+00:00,6.5,7.020308460060672,0.5027380376322733,0.4972619623677267,-0.10599129903515525,-0.11572929092592199,OVER,0.5027380376322733,-0.10599129903515525,0,tenure60:44;rest:1;shrink:0.25
prizepicks,15263644,dota-kills-202609252038,2026-09-27T07:08:47+00:00,5.0,5.639956945590999,0.4650270030572876,0.4093729969427124,-0.04745205535111824,-0.14642042851084763,OVER,0.4650270030572876,-0.04745205535111824,0,tenure60:44;rest:1;shrink:0.25
prizepicks,15261127,lol-kills-202609252040,2026-09-27T09:31:34+00:00,11.0,11.265407899246792,0.43199431289013085,0.49025568710986916,-0.15404340813356832,-0.05043840595803528,UNDER,0.49025568710986916,-0.05043840595803528,0,tenure60:6;rest:2;shrink:0.25;bo5
prizepicks,15261128,lol-kills-202609252040,2026-09-27T09:31:34+00:00,11.5,12.11587474218214,0.4965920136806164,0.5034079863193837,-0.11692064688199288,-0.1047999430790843,UNDER,0.5034079863193837,-0.1047999430790843,0,tenure60:6;rest:2;shrink:0.25;bo5
prizepicks,15261129,lol-kills-202609252040,2026-09-27T09:31:34+00:00,15.0,14.901392311958297,0.41430206980327106,0.5237979301967289,-0.20135515973233453,-0.006640925710152068,UNDER,0.5237979301967289,-0.006640925710152068,0,tenure60:6;rest:2;shrink:0.25;bo5
prizepicks,15261130,lol-kills-202609252040,2026-09-27T09:31:34+00:00,15.5,15.510205514302234,0.4508344738560466,0.5491655261439534,-0.19829033780606137,-0.023430252155015874,UNDER,0.5491655261439534,-0.023430252155015874,0,tenure60:6;rest:2;shrink:0.25;bo5
prizepicks,15261131,lol-kills-202609252040,2026-09-27T09:31:34+00:00,7.5,7.299089638680156,0.42677565460569533,0.5732243453943047,-0.24107364070880904,0.019353050747731804,UNDER,0.5732243453943047,0.019353050747731804,0,tenure60:41;rest:3;shrink:0.25;bo5
prizepicks,15261132,lol-kills-202609252040,2026-09-27T09:31:34+00:00,8.5,8.674369120225158,0.46724334348786906,0.5327566565121309,-0.16911078279777841,-0.05260980716329888,UNDER,0.5327566565121309,-0.05260980716329888,0,tenure60:41;rest:3;shrink:0.25;bo5
prizepicks,15261133,lol-kills-202609252040,2026-09-27T09:31:34+00:00,11.0,10.319761352056602,0.3559334091889194,0.5640165908110805,-0.2870009470943858,0.08302909035969275,UNDER,0.5640165908110805,0.08302909035969275,0,tenure60:41;rest:3;shrink:0.25;bo5
prizepicks,15261134,lol-kills-202609252040,2026-09-27T09:31:34+00:00,11.5,10.129054886327134,0.3411349648620759,0.6588650351379242,-0.3933667159414191,0.1716461259803419,UNDER,0.6588650351379242,0.1716461259803419,1,tenure60:6;rest:3;shrink:0.25;bo5
prizepicks,15261143,lol-kills-202609252040,2026-09-27T09:31:34+00:00,3.0,2.914163914578726,0.329631372480762,0.5105742398200455,-0.2540289297153976,0.06773804566745445,UNDER,0.5105742398200455,0.06773804566745445,0,tenure60:18;rest:2;shrink:0.25;voidable
prizepicks,15261144,lol-kills-202609252040,2026-09-27T09:31:34+00:00,4.5,4.0122281963022335,0.36066618024904673,0.6393338197509533,-0.3586347577657334,0.13691416780465615,UNDER,0.6393338197509533,0.13691416780465615,0,tenure60:18;rest:2;shrink:0.25;voidable
prizepicks,15261145,lol-kills-202609252040,2026-09-27T09:31:34+00:00,4.5,3.985369568887324,0.3572172627320119,0.6427827372679882,-0.3647678967731991,0.14304730681212185,UNDER,0.6427827372679882,0.14304730681212185,0,tenure60:18;rest:2;shrink:0.25;voidable
prizepicks,15261146,lol-kills-202609252040,2026-09-27T09:31:34+00:00,5.5,4.9847230917241445,0.3679716859581029,0.6320283140418971,-0.345643527383397,0.12392293742231975,UNDER,0.6320283140418971,0.12392293742231975,0,tenure60:18;rest:2;shrink:0.25;voidable
prizepicks,15261147,lol-kills-202609252040,2026-09-27T09:31:34+00:00,2.0,2.5251113539858094,0.42071494218846933,0.3751817460484629,-0.04774796904746148,-0.12871871421649866,OVER,0.42071494218846933,-0.04774796904746148,0,tenure60:6;rest:3;shrink:0.25;voidable
prizepicks,15261148,lol-kills-202609252040,2026-09-27T09:31:34+00:00,3.0,3.181918308631439,0.37180858654691396,0.4687251683818864,-0.17935420099674843,-0.007009439028264675,UNDER,0.4687251683818864,-0.007009439028264675,0,tenure60:30;rest:3;shrink:0.25;voidable
prizepicks,15261149,lol-kills-202609252040,2026-09-27T09:31:34+00:00,3.0,3.3218193139330827,0.39306512832137774,0.4483308715470764,-0.14241637537024104,-0.044138442111483045,UNDER,0.4483308715470764,-0.044138442111483045,0,tenure60:30;rest:3;shrink:0.25;voidable
prizepicks,15261150,lol-kills-202609252040,2026-09-27T09:31:34+00:00,4.0,4.328266669825813,0.4002505961103579,0.47120889251126347,-0.15970209470276697,-0.03351841724159771,UNDER,0.47120889251126347,-0.03351841724159771,0,tenure60:30;rest:3;shrink:0.25;voidable
prizepicks,15262778,cs2-kills-202609260130,2026-09-27T09:32:58+00:00,32.5,30.632634122935478,0.37762999878733444,0.6223700012126656,-0.32846834854345985,0.10674775858238267,UNDER,0.6223700012126656,0.10674775858238267,0,tenure60:23;rest:2;shrink:0.25;market_unproven
prizepicks,15262788,cs2-headshots-202609260140,2026-09-27T09:32:58+00:00,12.0,12.073990256683272,0.42315522691869145,0.48104477308130855,-0.15171177272014286,-0.04876798472266314,UNDER,0.48104477308130855,-0.04876798472266314,0,tenure60:23;rest:2;shrink:0.25
prizepicks,15262779,cs2-kills-202609260130,2026-09-27T09:32:58+00:00,24.5,25.50944663834058,0.5297012522050548,0.4702987477949452,-0.05804316973191648,-0.16367742022916076,OVER,0.5297012522050548,-0.05804316973191648,0,tenure60:23;rest:2;shrink:0.25;market_unproven
prizepicks,15262789,cs2-headshots-202609260140,2026-09-27T09:32:58+00:00,12.5,13.2070443279576,0.5304147348242577,0.4695852651757423,-0.0567743982807673,-0.16494619168030994,OVER,0.5304147348242577,-0.0567743982807673,0,tenure60:23;rest:2;shrink:0.25
prizepicks,15262780,cs2-kills-202609260130,2026-09-27T09:32:58+00:00,26.5,26.802197254116436,0.486405726695984,0.5135942733040159,-0.13503471129151196,-0.08668587866956529,UNDER,0.5135942733040159,-0.08668587866956529,0,tenure60:23;rest:2;shrink:0.25;market_unproven
prizepicks,15262790,cs2-headshots-202609260140,2026-09-27T09:32:58+00:00,14.5,14.91794640719851,0.5019965407721733,0.49800345922782674,-0.10730988763407973,-0.11441070232699752,OVER,0.5019965407721733,-0.10730988763407973,0,tenure60:23;rest:2;shrink:0.25
prizepicks,15262781,cs2-kills-202609260130,2026-09-27T09:32:58+00:00,29.0,29.26003959928729,0.45509293832227266,0.49110706167772744,-0.13691759812738924,-0.07287442409378203,UNDER,0.49110706167772744,-0.07287442409378203,0,tenure60:14;rest:2;shrink:0.25;market_unproven
prizepicks,15262791,cs2-headshots-202609260140,2026-09-27T09:32:58+00:00,15.5,16.1608879247824,0.5186417710547373,0.48135822894526265,-0.07771001734723965,-0.1440105726138376,OVER,0.5186417710547373,-0.07771001734723965,0,tenure60:14;rest:2;shrink:0.25
prizepicks,15262782,cs2-kills-202609260130,2026-09-27T09:32:58+00:00,20.5,22.660340284110735,0.6071564912618904,0.3928435087381096,0.07969388708249686,-0.3014144770435741,OVER,0.6071564912618904,0.07969388708249686,0,tenure60:23;rest:2;shrink:0.25;market_unproven
prizepicks,15262792,cs2-headshots-202609260140,2026-09-27T09:32:58+00:00,10.5,12.085252856801908,0.6174926584726986,0.38250734152730137,0.09807448041219652,-0.31979507037327376,OVER,0.6174926584726986,0.09807448041219652,1,tenure60:23;rest:2;shrink:0.25
prizepicks,15262783,cs2-kills-202609260130,2026-09-27T09:32:58+00:00,29.5,29.030337793765437,0.44230869717871446,0.5576913028212855,-0.21345155092595108,-0.008269039035126158,UNDER,0.5576913028212855,-0.008269039035126158,0,tenure60:29;rest:1;shrink:0.25;market_unproven
prizepicks,15262793,cs2-headshots-202609260140,2026-09-27T09:32:58+00:00,17.5,17.37534971283962,0.45521156018674963,0.5447884398132503,-0.1905066553082092,-0.031213934652868036,UNDER,0.5447884398132503,-0.031213934652868036,0,tenure60:29;rest:1;shrink:0.25
prizepicks,15262784,cs2-kills-202609260130,2026-09-27T09:32:58+00:00,28.5,27.24098060665645,0.39986390514039477,0.6001360948596053,-0.2889302506710791,0.0672096607100019,UNDER,0.6001360948596053,0.0672096607100019,0,tenure60:22;rest:1;shrink:0.25;market_unproven
prizepicks,15262785,cs2-kills-202609260130,2026-09-27T09:32:58+00:00,26.5,27.5962297813407,0.5312651229148387,0.4687348770851612,-0.055262170648744724,-0.16645841931233263,OVER,0.5312651229148387,-0.055262170648744724,0,tenure60:29;rest:1;shrink:0.25;market_unproven
prizepicks,15262794,cs2-headshots-202609260140,2026-09-27T09:32:58+00:00,15.0,15.749458289983858,0.48514848797126636,0.4338515120287336,-0.056270433029181,-0.14749078914504904,OVER,0.48514848797126636,-0.056270433029181,0,tenure60:29;rest:1;shrink:0.25
prizepicks,15262786,cs2-kills-202609260130,2026-09-27T09:32:58+00:00,29.5,27.445733557999958,0.358805224132303,0.641194775867697,-0.3619440577111248,0.14022346775004757,UNDER,0.641194775867697,0.14022346775004757,0,tenure60:29;rest:1;shrink:0.25;market_unproven
prizepicks,15262795,cs2-headshots-202609260140,2026-09-27T09:32:58+00:00,16.5,15.6937484377278,0.4002405791960206,0.5997594208039793,-0.2882604189536636,0.06653982899258637,UNDER,0.5997594208039793,0.06653982899258637,0,tenure60:29;rest:1;shrink:0.25
prizepicks,15262787,cs2-kills-202609260130,2026-09-27T09:32:58+00:00,35.5,33.654239537504445,0.38470845581961266,0.6152915441803873,-0.3158808741481142,0.09416028418703698,UNDER,0.6152915441803873,0.09416028418703698,0,tenure60:29;rest:1;shrink:0.25;market_unproven
prizepicks,15262796,cs2-headshots-202609260140,2026-09-27T09:32:58+00:00,19.5,18.282539634381283,0.37956777197770886,0.6204322280222911,-0.3250224463776915,0.10330185641661427,UNDER,0.6204322280222911,0.10330185641661427,1,tenure60:29;rest:1;shrink:0.25
prizepicks,15264224,cs2-kills-202609260130,2026-09-27T09:32:58+00:00,18.5,15.878817061467739,0.29460547675807863,0.7053945232419214,-0.4761091465964084,0.2543885566353312,UNDER,0.7053945232419214,0.2543885566353312,0,tenure60:23;rest:2;shrink:0.25;market_unproven;odds_type:demon
prizepicks,15264233,cs2-kills-202609260130,2026-09-27T09:32:58+00:00,18.5,17.014619768752222,0.36808154531921133,0.6319184546807887,-0.34544816674353784,0.1237275767824606,UNDER,0.6319184546807887,0.1237275767824606,0,tenure60:29;rest:1;shrink:0.25;market_unproven;odds_type:demon
prizepicks,15264235,cs2-kills-202609260130,2026-09-27T09:32:58+00:00,18.5,17.014619768752222,0.36808154531921133,0.6319184546807887,-0.34544816674353784,0.1237275767824606,UNDER,0.6319184546807887,0.1237275767824606,0,tenure60:29;rest:1;shrink:0.25;market_unproven;odds_type:demon
prizepicks,15264225,cs2-kills-202609260130,2026-09-27T09:32:58+00:00,17.5,15.628817061467739,0.33741266909147605,0.662587330908524,-0.3999859978683517,0.17826540790727452,UNDER,0.662587330908524,0.17826540790727452,0,tenure60:23;rest:2;shrink:0.25;market_unproven;odds_type:demon
prizepicks,15264234,cs2-kills-202609260130,2026-09-27T09:32:58+00:00,17.5,16.764619768752222,0.41445559458208475,0.5855444054179153,-0.26298214977923945,0.04126155981816221,UNDER,0.5855444054179153,0.04126155981816221,0,tenure60:29;rest:1;shrink:0.25;market_unproven
prizepicks,15264236,cs2-kills-202609260130,2026-09-27T09:32:58+00:00,17.5,16.764619768752222,0.41445559458208475,0.5855444054179153,-0.26298214977923945,0.04126155981816221,UNDER,0.5855444054179153,0.04126155981816221,0,tenure60:29;rest:1;shrink:0.25;market_unproven
prizepicks,15264237,cs2-kills-202609260130,2026-09-27T09:32:58+00:00,16.5,16.514619768752222,0.4642836034329259,0.5357163965670741,-0.1743740275965514,-0.04734656236452578,UNDER,0.5357163965670741,-0.04734656236452578,0,tenure60:29;rest:1;shrink:0.25;market_unproven;odds_type:goblin
prizepicks,15264226,cs2-kills-202609260130,2026-09-27T09:32:58+00:00,15.5,14.702668896882718,0.4046230854507692,0.5953769145492308,-0.28046709831647754,0.058746508355400295,UNDER,0.5953769145492308,0.058746508355400295,0,tenure60:29;rest:1;shrink:0.25;market_unproven;odds_type:demon
prizepicks,15264229,cs2-kills-202609260130,2026-09-27T09:32:58+00:00,15.5,14.702668896882718,0.4046230854507692,0.5953769145492308,-0.28046709831647754,0.058746508355400295,UNDER,0.5953769145492308,0.058746508355400295,0,tenure60:29;rest:1;shrink:0.25;market_unproven;odds_type:demon
prizepicks,15264227,cs2-kills-202609260130,2026-09-27T09:32:58+00:00,14.5,14.452668896882718,0.4592842934419401,0.5407157065580599,-0.18326419761792329,-0.038456392343153956,UNDER,0.5407157065580599,-0.038456392343153956,0,tenure60:29;rest:1;shrink:0.25;market_unproven
prizepicks,15264230,cs2-kills-202609260130,2026-09-27T09:32:58+00:00,14.5,14.452668896882718,0.4592842934419401,0.5407157065580599,-0.18326419761792329,-0.038456392343153956,UNDER,0.5407157065580599,-0.038456392343153956,0,tenure60:29;rest:1;shrink:0.25;market_unproven
prizepicks,15264232,cs2-kills-202609260130,2026-09-27T09:32:58+00:00,14.5,13.713598627058218,0.4021671771456185,0.5978328228543814,-0.2848343894884705,0.06311379952739327,UNDER,0.5978328228543814,0.06311379952739327,0,tenure60:23;rest:2;shrink:0.25;market_unproven;odds_type:demon
prizepicks,15264228,cs2-kills-202609260130,2026-09-27T09:32:58+00:00,13.5,14.202668896882718,0.517702524339004,0.482297475660996,-0.07938026044277496,-0.14234032951830228,OVER,0.517702524339004,-0.07938026044277496,0,tenure60:29;rest:1;shrink:0.25;market_unproven;odds_type:goblin
prizepicks,15264231,cs2-kills-202609260130,2026-09-27T09:32:58+00:00,13.5,14.202668896882718,0.517702524339004,0.482297475660996,-0.07938026044277496,-0.14234032951830228,OVER,0.517702524339004,-0.07938026044277496,0,tenure60:29;rest:1;shrink:0.25;market_unproven;odds_type:goblin
prizepicks,15264221,cs2-kills-202609260130,2026-09-27T09:32:58+00:00,12.5,13.61061489067035,0.5528573725950994,0.4471426274049006,-0.016865117625917803,-0.20485547233515944,OVER,0.5528573725950994,-0.016865117625917803,0,tenure60:29;rest:1;shrink:0.25;market_unproven;odds_type:goblin
prizepicks,15264223,cs2-kills-202609260130,2026-09-27T09:32:58+00:00,12.5,13.182990303328225,0.5189774766568065,0.4810225233431935,-0.07711303898724536,-0.14460755097383188,OVER,0.5189774766568065,-0.07711303898724536,0,tenure60:22;rest:1;shrink:0.25;market_unproven;odds_type:goblin
prizepicks,15264222,cs2-headshots-202609260140,2026-09-27T09:32:58+00:00,7.5,7.874729144991929,0.5011370351255778,0.49886296487442217,-0.10883832882823252,-0.11288226113284472,OVER,0.5011370351255778,-0.10883832882823252,0,tenure60:29;rest:1;shrink:0.25
prizepicks,15268981,cs2-kills-202609260130,2026-09-27T09:32:58+00:00,32.0,31.962747990921716,0.44131737824265316,0.5104826217573468,-0.1670143929787306,-0.044019264546222736,UNDER,0.5104826217573468,-0.044019264546222736,0,tenure60:51;rest:1;shrink:0.25;market_unproven
prizepicks,15268983,cs2-kills-202609260130,2026-09-27T09:32:58+00:00,29.5,29.755516672764337,0.4816567597870627,0.5183432402129373,-0.14347970136460303,-0.07824088859647421,UNDER,0.5183432402129373,-0.07824088859647421,0,tenure60:51;rest:1;shrink:0.25;market_unproven
prizepicks,15268985,cs2-kills-202609260130,2026-09-27T09:32:58+00:00,28.5,28.97409292111182,0.4956941926314777,0.5043058073685223,-0.11851722356757566,-0.10320336639350158,UNDER,0.5043058073685223,-0.10320336639350158,0,tenure60:48;rest:1;shrink:0.25;market_unproven
prizepicks,15268986,cs2-kills-202609260130,2026-09-27T09:32:58+00:00,28.5,28.33712058462733,0.4595809464015702,0.5404190535984298,-0.18273666576788594,-0.0389839241931913,UNDER,0.5404190535984298,-0.0389839241931913,0,tenure60:51;rest:1;shrink:0.25;market_unproven
prizepicks,15268987,cs2-kills-202609260130,2026-09-27T09:32:58+00:00,28.0,27.457247869068958,0.41195466571779454,0.5371453342822055,-0.21652950008457866,0.006094488152520228,UNDER,0.5371453342822055,0.006094488152520228,0,tenure60:51;rest:1;shrink:0.25;market_unproven
prizepicks,15268989,cs2-kills-202609260130,2026-09-27T09:32:58+00:00,31.0,30.669645321569895,0.4257722757042552,0.5237777242957448,-0.19240792874970747,-0.01812685744783349,UNDER,0.5237777242957448,-0.01812685744783349,0,tenure60:55;rest:1;shrink:0.25;market_unproven
prizepicks,15268990,cs2-kills-202609260130,2026-09-27T09:32:58+00:00,29.5,28.56276661239226,0.41815872517495467,0.5818412748250453,-0.2563969488932536,0.034676358932176354,UNDER,0.5818412748250453,0.034676358932176354,0,tenure60:55;rest:1;shrink:0.25;market_unproven
prizepicks,15268991,cs2-kills-202609260130,2026-09-27T09:32:58+00:00,29.0,28.89063404419087,0.4350568905031183,0.5107431094968817,-0.1721472894227466,-0.037556044562440216,UNDER,0.5107431094968817,-0.037556044562440216,0,tenure60:55;rest:1;shrink:0.25;market_unproven
prizepicks,15268992,cs2-kills-202609260130,2026-09-27T09:32:58+00:00,26.5,27.2844470618491,0.5141621064250907,0.48583789357490925,-0.0856761127220198,-0.13604447723905744,OVER,0.5141621064250907,-0.0856761127220198,0,tenure60:55;rest:1;shrink:0.25;market_unproven
prizepicks,15268994,cs2-kills-202609260130,2026-09-27T09:32:58+00:00,25.5,27.063482426753446,0.558094418443353,0.44190558155664705,-0.00755218682453862,-0.21416840313653862,OVER,0.558094418443353,-0.00755218682453862,0,tenure60:55;rest:1;shrink:0.25;market_unproven
prizepicks,15268995,cs2-headshots-202609260140,2026-09-27T09:32:58+00:00,19.0,18.688893309450798,0.40733677178832634,0.5228632282116737,-0.2058414057770958,-0.00040308700469821046,UNDER,0.5228632282116737,-0.00040308700469821046,0,tenure60:51;rest:1;shrink:0.25
prizepicks,15268996,cs2-headshots-202609260140,2026-09-27T09:32:58+00:00,10.0,9.958060928614607,0.40586674703236647,0.4874832529676335,-0.17160552053286665,-0.0264685685088617,UNDER,0.4874832529676335,-0.0264685685088617,0,tenure60:51;rest:1;shrink:0.25
prizepicks,15268998,cs2-headshots-202609260140,2026-09-27T09:32:58+00:00,17.0,16.262689708306198,0.37126164463905204,0.555538355360948,-0.26659306160118634,0.06110241882526002,UNDER,0.555538355360948,0.06110241882526002,0,tenure60:48;rest:1;shrink:0.25
prizepicks,15268999,cs2-headshots-202609260140,2026-09-27T09:32:58+00:00,16.5,16.031621922672418,0.42726277159766984,0.5727372284023302,-0.2402074105917007,0.018486820630623513,UNDER,0.5727372284023302,0.018486820630623513,0,tenure60:51;rest:1;shrink:0.25
prizepicks,15269000,cs2-headshots-202609260140,2026-09-27T09:32:58+00:00,17.5,17.4370458851875,0.4600821138302503,0.5399178861697497,-0.18184545004848196,-0.03987513991259528,UNDER,0.5399178861697497,-0.03987513991259528,0,tenure60:51;rest:1;shrink:0.25
prizepicks,15269002,cs2-headshots-202609260140,2026-09-27T09:32:58+00:00,17.0,16.511868978826563,0.3910680984586024,0.5350319015413976,-0.2306716525879931,0.025336214225039566,UNDER,0.5350319015413976,0.025336214225039566,0,tenure60:55;rest:1;shrink:0.25
prizepicks,15269003,cs2-headshots-202609260140,2026-09-27T09:32:58+00:00,9.5,9.951392922749442,0.5133640633039279,0.4866359366960721,-0.08709525637270688,-0.13462533358837037,OVER,0.5133640633039279,-0.08709525637270688,0,tenure60:55;rest:1;shrink:0.25
prizepicks,15269004,cs2-headshots-202609260140,2026-09-27T09:32:58+00:00,17.0,16.067455796364257,0.3564783549331265,0.5712216450668736,-0.29378188129787414,0.08809168999098277,UNDER,0.5712216450668736,0.08809168999098277,0,tenure60:55;rest:1;shrink:0.25
prizepicks,15269006,cs2-headshots-202609260140,2026-09-27T09:32:58+00:00,16.5,16.443521910824096,0.4594732805299085,0.5405267194700915,-0.18292812577062584,-0.03879246419045135,UNDER,0.5405267194700915,-0.03879246419045135,0,tenure60:55;rest:1;shrink:0.25
prizepicks,15269007,cs2-headshots-202609260140,2026-09-27T09:32:58+00:00,15.5,16.5278868203909,0.5485798426528141,0.4514201573471859,-0.02447176104810861,-0.19724882891296863,OVER,0.5485798426528141,-0.02447176104810861,0,tenure60:55;rest:1;shrink:0.25
prizepicks,15261167,lol-kills-202609252040,2026-09-27T10:32:39+00:00,3.0,3.271609332403341,0.3855015727375067,0.45553698307833684,-0.1555090464791133,-0.030966518296387857,UNDER,0.45553698307833684,-0.030966518296387857,0,tenure60:22;rest:0;shrink:0.25;voidable
prizepicks,15261168,lol-kills-202609252040,2026-09-27T10:32:39+00:00,4.5,4.285917961618546,0.39505736119948903,0.604942638800511,-0.29747762879463907,0.07575703883356188,UNDER,0.604942638800511,0.07575703883356188,0,tenure60:22;rest:0;shrink:0.25;voidable
prizepicks,15261169,lol-kills-202609252040,2026-09-27T10:32:39+00:00,4.5,4.318656124042899,0.3990751670913117,0.6009248329086883,-0.2903328473036777,0.0686122573426004,UNDER,0.6009248329086883,0.0686122573426004,0,tenure60:22;rest:0;shrink:0.25;voidable
prizepicks,15261170,lol-kills-202609252040,2026-09-27T10:32:39+00:00,5.5,5.345651231117162,0.4061402816866568,0.5938597183133432,-0.27776909948921,0.05604850952813273,UNDER,0.5938597183133432,0.05604850952813273,0,tenure60:22;rest:0;shrink:0.25;voidable
prizepicks,15261171,lol-kills-202609252040,2026-09-27T10:32:39+00:00,2.0,2.1329510863982897,0.34442140782439,0.44489615649681724,-0.17684006641047578,0.0018321103825371665,UNDER,0.44489615649681724,0.0018321103825371665,0,tenure60:10;rest:0;shrink:0.25;voidable
prizepicks,15261172,lol-kills-202609252040,2026-09-27T10:32:39+00:00,3.0,3.229215616299334,0.3790581320753228,0.4617197412687968,-0.1667066018667585,-0.019711164237319556,UNDER,0.4617197412687968,-0.019711164237319556,0,tenure60:34;rest:0;shrink:0.25;voidable
prizepicks,15261173,lol-kills-202609252040,2026-09-27T10:32:39+00:00,3.0,3.1235845175458405,0.36278103255065086,0.477523138776208,-0.19517813078937624,0.008865394176030938,UNDER,0.477523138776208,0.008865394176030938,0,tenure60:34;rest:0;shrink:0.25;voidable
prizepicks,15261174,lol-kills-202609252040,2026-09-27T10:32:39+00:00,4.0,3.953745934861323,0.35314041517155276,0.5176150192918223,-0.242773105311206,0.04970869667017236,UNDER,0.5176150192918223,0.04970869667017236,0,tenure60:34;rest:0;shrink:0.25;voidable
prizepicks,15275524,cs2-kills-202609260130,2026-09-27T10:34:02+00:00,28.5,27.514677412825268,0.4148219080768909,0.585178091923109,-0.2623307420338061,0.04061015207272889,UNDER,0.585178091923109,0.04061015207272889,0,tenure60:17;rest:1;shrink:0.25;market_unproven
prizepicks,15275525,cs2-kills-202609260130,2026-09-27T10:34:02+00:00,24.5,26.16893710064185,0.5650690115198779,0.43493098848012207,0.004850588436845715,-0.22657117839792307,OVER,0.5650690115198779,0.004850588436845715,0,tenure60:41;rest:1;shrink:0.25;market_unproven
prizepicks,15275527,cs2-kills-202609260130,2026-09-27T10:34:02+00:00,33.5,30.911102572651604,0.3432254471139913,0.6567745528860087,-0.3896492543957861,0.16792866443470889,UNDER,0.6567745528860087,0.16792866443470889,0,tenure60:31;rest:1;shrink:0.25;market_unproven
prizepicks,15275528,cs2-kills-202609260130,2026-09-27T10:34:02+00:00,26.5,27.017608385129854,0.49986836141314767,0.5001316385868524,-0.1110943851691048,-0.11062620479197238,UNDER,0.5001316385868524,-0.11062620479197238,0,tenure60:41;rest:1;shrink:0.25;market_unproven
prizepicks,15275529,cs2-kills-202609260130,2026-09-27T10:34:02+00:00,32.5,31.322185418445226,0.41028660126855954,0.5897133987314405,-0.27039578474927123,0.04867519478819399,UNDER,0.5897133987314405,0.04867519478819399,0,tenure60:45;rest:1;shrink:0.25;market_unproven
prizepicks,15275530,cs2-kills-202609260130,2026-09-27T10:34:02+00:00,29.5,28.203532566063927,0.3995513012086789,0.6004486987913211,-0.2894861478063466,0.06776555784526939,UNDER,0.6004486987913211,0.06776555784526939,0,tenure60:45;rest:1;shrink:0.25;market_unproven
prizepicks,15275531,cs2-kills-202609260130,2026-09-27T10:34:02+00:00,28.5,,,,,,,,,0,player_unmapped:zevy
prizepicks,15275532,cs2-kills-202609260130,2026-09-27T10:34:02+00:00,29.5,,,,,,,,,0,player_unmapped:kye
prizepicks,15275533,cs2-kills-202609260130,2026-09-27T10:34:02+00:00,27.5,28.975969537743815,0.5489816454727322,0.4510183545272678,-0.023757243366552716,-0.19796334659452453,OVER,0.5489816454727322,-0.023757243366552716,0,tenure60:45;rest:1;shrink:0.25;market_unproven
prizepicks,15275534,cs2-headshots-202609260140,2026-09-27T10:34:02+00:00,15.0,15.429397884645883,0.4586107734108869,0.45858922658911305,-0.10166190442139389,-0.10170022069090606,OVER,0.4586107734108869,-0.10166190442139389,0,tenure60:17;rest:1;shrink:0.25
prizepicks,15275535,cs2-headshots-202609260140,2026-09-27T10:34:02+00:00,13.5,14.422768100799193,0.5460937276607379,0.45390627233926206,-0.02889276814950681,-0.19282782181157043,OVER,0.5460937276607379,-0.02889276814950681,0,tenure60:41;rest:1;shrink:0.25
prizepicks,15275537,cs2-headshots-202609260140,2026-09-27T10:34:02+00:00,11.5,10.885315117627975,0.39993648419768035,0.6000635158023196,-0.288801184827908,0.06708059486683077,UNDER,0.6000635158023196,0.06708059486683077,1,tenure60:31;rest:1;shrink:0.25
prizepicks,15275538,cs2-headshots-202609260140,2026-09-27T10:34:02+00:00,14.5,14.69325347353353,0.4815455691589532,0.5184544308410468,-0.14367742936915945,-0.07804316059191779,UNDER,0.5184544308410468,-0.07804316059191779,0,tenure60:41;rest:1;shrink:0.25
prizepicks,15275539,cs2-headshots-202609260140,2026-09-27T10:34:02+00:00,20.5,19.268853160210398,0.38301239999817327,0.6169876000018267,-0.31889693529365654,0.0971763453325793,UNDER,0.6169876000018267,0.0971763453325793,1,tenure60:45;rest:1;shrink:0.25
prizepicks,15275540,cs2-headshots-202609260140,2026-09-27T10:34:02+00:00,15.5,15.183950729025536,0.43928285650330057,0.5607171434966994,-0.21883234109709793,-0.0028882488639793147,UNDER,0.5607171434966994,-0.0028882488639793147,0,tenure60:45;rest:1;shrink:0.25
prizepicks,15275541,cs2-headshots-202609260140,2026-09-27T10:34:02+00:00,10.5,,,,,,,,,0,player_unmapped:zevy
prizepicks,15275542,cs2-headshots-202609260140,2026-09-27T10:34:02+00:00,18.5,,,,,,,,,0,player_unmapped:kye
prizepicks,15275543,cs2-headshots-202609260140,2026-09-27T10:34:02+00:00,16.0,16.314084854574247,0.44968178714851054,0.46996821285148943,-0.11999013684429821,-0.08391520371340644,UNDER,0.46996821285148943,-0.08391520371340644,0,tenure60:45;rest:1;shrink:0.25
prizepicks,15266349,cs2-kills-202609260130,2026-09-27T11:34:17+00:00,25.5,25.918389097033376,0.49438970492823675,0.5056102950717632,-0.12083696719089804,-0.1008836227701792,UNDER,0.5056102950717632,-0.1008836227701792,0,tenure60:47;rest:1;shrink:0.25;market_unproven
prizepicks,15266350,cs2-kills-202609260130,2026-09-27T11:34:17+00:00,32.5,32.388587222867656,0.4637037866691747,0.5362962133308253,-0.17540510380912555,-0.04631548615195169,UNDER,0.5362962133308253,-0.04631548615195169,0,tenure60:47;rest:1;shrink:0.25;market_unproven
prizepicks,15266351,cs2-kills-202609260130,2026-09-27T11:34:17+00:00,30.5,29.82675782371349,0.4327616043959598,0.5672383956040402,-0.23042894944725495,0.008708359486177708,UNDER,0.5672383956040402,0.008708359486177708,0,tenure60:47;rest:1;shrink:0.25;market_unproven
prizepicks,15266352,cs2-kills-202609260130,2026-09-27T11:34:17+00:00,31.0,30.273473365293007,0.40575213571895535,0.5447978642810447,-0.2290093314716632,0.018252824684161284,UNDER,0.5447978642810447,0.018252824684161284,0,tenure60:47;rest:1;shrink:0.25;market_unproven
prizepicks,15266353,cs2-kills-202609260130,2026-09-27T11:34:17+00:00,28.5,29.621401762857527,0.5295969907896183,0.4704030092103817,-0.05822857566024875,-0.1634920143008285,OVER,0.5295969907896183,-0.05822857566024875,0,tenure60:47;rest:1;shrink:0.25;market_unproven
prizepicks,15266354,cs2-kills-202609260130,2026-09-27T11:34:17+00:00,31.5,30.21204489343534,0.4026254421592014,0.5973745578407986,-0.284019466250475,0.06229887628939773,UNDER,0.5973745578407986,0.06229887628939773,0,tenure60:25;rest:1;shrink:0.25;market_unproven
prizepicks,15266355,cs2-kills-202609260130,2026-09-27T11:34:17+00:00,29.5,29.52408892020219,0.4692880084776684,0.5307119915223316,-0.1654747971459909,-0.05624579281508635,UNDER,0.5307119915223316,-0.05624579281508635,0,tenure60:25;rest:1;shrink:0.25;market_unproven
prizepicks,15266356,cs2-kills-202609260130,2026-09-27T11:34:17+00:00,30.5,29.701251552083725,0.4269196823411323,0.5730803176588677,-0.2408175191524069,0.01909692919132966,UNDER,0.5730803176588677,0.01909692919132966,0,tenure60:25;rest:1;shrink:0.25;market_unproven
prizepicks,15266357,cs2-kills-202609260130,2026-09-27T11:34:17+00:00,26.5,26.403893476802082,0.4632340910115007,0.5367659089884992,-0.17624035392615178,-0.04548023603492546,UNDER,0.5367659089884992,-0.04548023603492546,0,tenure60:25;rest:1;shrink:0.25;market_unproven
prizepicks,15266358,cs2-kills-202609260130,2026-09-27T11:34:17+00:00,29.5,29.14484359923261,0.4487787874719516,0.5512212125280485,-0.20194592257639488,-0.01977466738468231,UNDER,0.5512212125280485,-0.01977466738468231,0,tenure60:25;rest:1;shrink:0.25;market_unproven
prizepicks,15266359,cs2-headshots-202609260140,2026-09-27T11:34:17+00:00,11.5,12.137006305442853,0.526913363827956,0.473086636172044,-0.06300081423039816,-0.15871977573067908,OVER,0.526913363827956,-0.06300081423039816,0,tenure60:47;rest:1;shrink:0.25
prizepicks,15266360,cs2-headshots-202609260140,2026-09-27T11:34:17+00:00,12.5,13.205354708732333,0.530313246811547,0.469686753188453,-0.05695487232413654,-0.1647657176369407,OVER,0.530313246811547,-0.05695487232413654,0,tenure60:47;rest:1;shrink:0.25
prizepicks,15266361,cs2-headshots-202609260140,2026-09-27T11:34:17+00:00,18.5,18.051730357256442,0.43284141044225277,0.5671585895577472,-0.2302870319983355,0.00856644203725826,UNDER,0.5671585895577472,0.00856644203725826,0,tenure60:47;rest:1;shrink:0.25
prizepicks,15266362,cs2-headshots-202609260140,2026-09-27T11:34:17+00:00,16.5,16.703620720636458,0.4821545085879824,0.5178454914120176,-0.14259456492055594,-0.07912602504052124,UNDER,0.5178454914120176,-0.07912602504052124,0,tenure60:47;rest:1;shrink:0.25
prizepicks,15266363,cs2-headshots-202609260140,2026-09-27T11:34:17+00:00,17.0,16.67361322793086,0.40318028254920585,0.5210197174507941,-0.20723280500907199,0.002318635767044386,UNDER,0.5210197174507941,0.002318635767044386,0,tenure60:47;rest:1;shrink:0.25
prizepicks,15266364,cs2-headshots-202609260140,2026-09-27T11:34:17+00:00,10.0,10.446414925351691,0.4553637609701243,0.43653623902987576,-0.08213599978894237,-0.11561659439734251,OVER,0.4553637609701243,-0.08213599978894237,0,tenure60:25;rest:1;shrink:0.25
prizepicks,15266365,cs2-headshots-202609260140,2026-09-27T11:34:17+00:00,16.5,16.644201457959753,0.4775367700919009,0.5224632299080991,-0.1508061942090818,-0.07091439575199543,UNDER,0.5224632299080991,-0.07091439575199543,0,tenure60:25;rest:1;shrink:0.25
prizepicks,15266366,cs2-headshots-202609260140,2026-09-27T11:34:17+00:00,17.5,16.76018606520194,0.40926308707506215,0.5907369129249378,-0.27221587896545013,0.05049528900437289,UNDER,0.5907369129249378,0.05049528900437289,0,tenure60:25;rest:1;shrink:0.25
prizepicks,15266367,cs2-headshots-202609260140,2026-09-27T11:34:17+00:00,14.5,15.083765389933513,0.5167641338389406,0.4832358661610594,-0.08104898094761381,-0.14067160901346343,OVER,0.5167641338389406,-0.08104898094761381,0,tenure60:25;rest:1;shrink:0.25
prizepicks,15266368,cs2-headshots-202609260140,2026-09-27T11:34:17+00:00,15.5,15.201599329458823,0.44121034547687576,0.5587896545231241,-0.21540472714231196,-0.006315862818765228,UNDER,0.5587896545231241,-0.006315862818765228,0,tenure60:25;rest:1;shrink:0.25
prizepicks,15269048,cs2-kills-202609260130,2026-09-27T11:34:17+00:00,15.5,15.855230345617349,0.4884913006291955,0.5115086993708045,-0.13132597810796814,-0.09039461185310915,UNDER,0.5115086993708045,-0.09039461185310915,0,tenure60:51;rest:1;shrink:0.25;market_unproven;voidable
prizepicks,15269049,cs2-kills-202609260130,2026-09-27T11:34:17+00:00,15.0,14.939190200357027,0.42213455702285607,0.5072595504079564,-0.17872091641116605,-0.027344893394742553,UNDER,0.5072595504079564,-0.027344893394742553,0,tenure60:51;rest:1;shrink:0.25;market_unproven;voidable
prizepicks,15269050,cs2-kills-202609260130,2026-09-27T11:34:17+00:00,14.5,14.548503687343526,0.46656052544898835,0.5334394745510116,-0.17032502405712313,-0.051395565903954166,UNDER,0.5334394745510116,-0.051395565903954166,0,tenure60:48;rest:1;shrink:0.25;market_unproven;voidable
prizepicks,15269051,cs2-kills-202609260130,2026-09-27T11:34:17+00:00,14.0,14.10504791934224,0.43261355354405306,0.49302871849986085,-0.15633449727275334,-0.048899453377735214,UNDER,0.49302871849986085,-0.048899453377735214,0,tenure60:51;rest:1;shrink:0.25;market_unproven;voidable
prizepicks,15269052,cs2-kills-202609260130,2026-09-27T11:34:17+00:00,14.0,13.727647588735868,0.40326560792870203,0.52246172894376,-0.20860840951602222,0.0033555982415630625,UNDER,0.52246172894376,0.0033555982415630625,0,tenure60:51;rest:1;shrink:0.25;market_unproven;voidable
prizepicks,15269053,cs2-kills-202609260130,2026-09-27T11:34:17+00:00,15.5,15.327867950025984,0.4506233261302338,0.5493766738697662,-0.19866581745935075,-0.023054772501726495,UNDER,0.5493766738697662,-0.023054772501726495,0,tenure60:55;rest:1;shrink:0.25;market_unproven;voidable
prizepicks,15269054,cs2-kills-202609260130,2026-09-27T11:34:17+00:00,14.5,14.223647046401261,0.4417580642122225,0.5582419357877775,-0.21443073019275238,-0.007289859768324858,UNDER,0.5582419357877775,-0.007289859768324858,0,tenure60:55;rest:1;shrink:0.25;market_unproven;voidable
prizepicks,15269055,cs2-kills-202609260130,2026-09-27T11:34:17+00:00,14.5,14.450182582508043,0.4590950449372103,0.5409049550627897,-0.18360073433726493,-0.038119855623812315,UNDER,0.5409049550627897,-0.038119855623812315,0,tenure60:55;rest:1;shrink:0.25;market_unproven;voidable
prizepicks,15269056,cs2-kills-202609260130,2026-09-27T11:34:17+00:00,13.0,13.579623126677367,0.4689995013759223,0.4529164331022104,-0.08790377786280867,-0.11650396702420074,OVER,0.4689995013759223,-0.08790377786280867,0,tenure60:55;rest:1;shrink:0.25;market_unproven;voidable
prizepicks,15269057,cs2-kills-202609260130,2026-09-27T11:34:17+00:00,12.5,13.466082041251857,0.541557955856274,0.458442044143726,-0.03695863775802016,-0.18476195220305708,OVER,0.541557955856274,-0.03695863775802016,0,tenure60:55;rest:1;shrink:0.25;market_unproven;voidable
prizepicks,15269058,cs2-headshots-202609260140,2026-09-27T11:34:17+00:00,9.5,9.343859554486258,0.44340150361843783,0.5565984963815622,-0.21150823573503313,-0.010212354226044051,UNDER,0.5565984963815622,-0.010212354226044051,0,tenure60:51;rest:1;shrink:0.25;voidable
prizepicks,15269059,cs2-headshots-202609260140,2026-09-27T11:34:17+00:00,5.0,4.979030464307304,0.37757883350624094,0.47287094240247174,-0.17900911061804992,-0.009553115428695746,UNDER,0.47287094240247174,-0.009553115428695746,0,tenure60:51;rest:1;shrink:0.25;voidable
prizepicks,15269060,cs2-headshots-202609260140,2026-09-27T11:34:17+00:00,8.5,8.131344854153099,0.4180248670272382,0.5819751329727618,-0.2566349860812038,0.034914396120126534,UNDER,0.5819751329727618,0.034914396120126534,0,tenure60:48;rest:1;shrink:0.25;voidable
prizepicks,15269061,cs2-headshots-202609260140,2026-09-27T11:34:17+00:00,8.0,7.953310961336209,0.39816429869194425,0.491577690361323,-0.18169461487679517,-0.01557950384923762,UNDER,0.491577690361323,-0.01557950384923762,0,tenure60:51;rest:1;shrink:0.25;voidable
prizepicks,15269062,cs2-headshots-202609260140,2026-09-27T11:34:17+00:00,8.5,8.65602294259375,0.475288212686874,0.524711787313126,-0.1548047575447316,-0.06691583241634569,UNDER,0.524711787313126,-0.06691583241634569,0,tenure60:51;rest:1;shrink:0.25;voidable
prizepicks,15269063,cs2-headshots-202609260140,2026-09-27T11:34:17+00:00,8.0,8.130027800176595,0.41787858494851393,0.4719258889559106,-0.14669959039428132,-0.05058838250981368,UNDER,0.4719258889559106,-0.05058838250981368,0,tenure60:55;rest:1;shrink:0.25;voidable
prizepicks,15269064,cs2-headshots-202609260140,2026-09-27T11:34:17+00:00,4.5,4.9129553281858325,0.519148621747432,0.48085137825256796,-0.07680869519645667,-0.14491189476462057,OVER,0.519148621747432,-0.07680869519645667,0,tenure60:55;rest:1;shrink:0.25;voidable
prizepicks,15269065,cs2-headshots-202609260140,2026-09-27T11:34:17+00:00,8.5,8.033351785059464,0.40711381986399453,0.5928861801360055,-0.27603787659356355,0.054317286632486306,UNDER,0.5928861801360055,0.054317286632486306,0,tenure60:55;rest:1;shrink:0.25;voidable
prizepicks,15269066,cs2-headshots-202609260140,2026-09-27T11:34:17+00:00,8.0,8.167135678025362,0.42199601568816125,0.46785486521116915,-0.13942405508261102,-0.05787420720777281,UNDER,0.46785486521116915,-0.05787420720777281,0,tenure60:55;rest:1;shrink:0.25;voidable
prizepicks,15269067,cs2-headshots-202609260140,2026-09-27T11:34:17+00:00,7.0,8.073087154421543,0.523406702542924,0.3616123563153007,0.045744303350224114,-0.24197125120706714,OVER,0.523406702542924,0.045744303350224114,0,tenure60:55;rest:1;shrink:0.25;voidable
prizepicks,15262871,cs2-kills-202609260130,2026-09-27T11:34:17+00:00,16.5,15.386068712391028,0.38514848258061224,0.6148515174193878,-0.3150983836191626,0.0933777936580854,UNDER,0.6148515174193878,0.0933777936580854,0,tenure60:23;rest:2;shrink:0.25;market_unproven;voidable
prizepicks,15262881,cs2-headshots-202609260140,2026-09-27T11:34:17+00:00,6.0,6.036182096855599,0.39505945195612563,0.4716455940234421,-0.1641789568247285,-0.02798739729210392,UNDER,0.4716455940234421,-0.02798739729210392,0,tenure60:23;rest:2;shrink:0.25;voidable
prizepicks,15262872,cs2-kills-202609260130,2026-09-27T11:34:17+00:00,12.5,12.823468721934287,0.4895114917460475,0.5104885082539525,-0.12951179325056567,-0.09220879671051152,UNDER,0.5104885082539525,-0.09220879671051152,0,tenure60:23;rest:2;shrink:0.25;market_unproven;voidable
prizepicks,15262882,cs2-headshots-202609260140,2026-09-27T11:34:17+00:00,6.0,6.5410221639788,0.46194127338298424,0.4068208635147542,-0.047301481793616484,-0.14532097173519615,OVER,0.46194127338298424,-0.047301481793616484,0,tenure60:23;rest:2;shrink:0.25;voidable
prizepicks,15262873,cs2-kills-202609260130,2026-09-27T11:34:17+00:00,13.0,13.345099443194556,0.45016941807201555,0.47142847343860644,-0.12107088432395302,-0.08326634388866683,UNDER,0.47142847343860644,-0.08326634388866683,0,tenure60:23;rest:2;shrink:0.25;market_unproven;voidable
prizepicks,15262883,cs2-headshots-202609260140,2026-09-27T11:34:17+00:00,7.0,7.404052220165513,0.4463049235675465,0.4339975828186915,-0.08664765020707493,-0.10853354085309674,OVER,0.4463049235675465,-0.08664765020707493,0,tenure60:23;rest:2;shrink:0.25;voidable
prizepicks,15262874,cs2-kills-202609260130,2026-09-27T11:34:17+00:00,14.0,14.512111132438111,0.46380169369645863,0.4621582480812376,-0.10119093953610464,-0.10411344503517089,OVER,0.46380169369645863,-0.10119093953610464,0,tenure60:14;rest:2;shrink:0.25;market_unproven;voidable
prizepicks,15262884,cs2-headshots-202609260140,2026-09-27T11:34:17+00:00,7.5,8.0179439623912,0.5172708657450327,0.48272913425496733,-0.08014787003260049,-0.14157271992847675,OVER,0.5172708657450327,-0.08014787003260049,0,tenure60:14;rest:2;shrink:0.25;voidable
prizepicks,15262875,cs2-kills-202609260130,2026-09-27T11:34:17+00:00,10.0,11.27331978812065,0.5338116031407882,0.3751325776521497,0.04032200191219454,-0.24185364191929282,OVER,0.5338116031407882,0.04032200191219454,0,tenure60:23;rest:2;shrink:0.25;market_unproven;voidable
prizepicks,15262885,cs2-headshots-202609260140,2026-09-27T11:34:17+00:00,5.0,5.980126428400954,0.5227228068611932,0.33642476767472096,0.07039963006309824,-0.2608903371528297,OVER,0.5227228068611932,0.07039963006309824,0,tenure60:23;rest:2;shrink:0.25;voidable
prizepicks,15262876,cs2-kills-202609260130,2026-09-27T11:34:17+00:00,14.5,14.452668896882718,0.4592842934419401,0.5407157065580599,-0.18326419761792329,-0.038456392343153956,UNDER,0.5407157065580599,-0.038456392343153956,0,tenure60:29;rest:1;shrink:0.25;market_unproven;voidable
prizepicks,15262886,cs2-headshots-202609260140,2026-09-27T11:34:17+00:00,8.5,8.622559099331193,0.4717057108998197,0.5282942891001803,-0.1611754467090779,-0.060545143251999334,UNDER,0.5282942891001803,-0.060545143251999334,0,tenure60:29;rest:1;shrink:0.25;voidable
prizepicks,15262877,cs2-kills-202609260130,2026-09-27T11:34:17+00:00,14.0,13.557990303328225,0.38997974103184546,0.5359131015675588,-0.2323998987901622,0.027110391488283425,UNDER,0.5359131015675588,0.027110391488283425,0,tenure60:22;rest:1;shrink:0.25;market_unproven;voidable
prizepicks,15262887,cs2-headshots-202609260140,2026-09-27T11:34:17+00:00,4.0,4.993290831442462,0.5314554810805252,0.31026141914621697,0.10335943913108608,-0.2899854068295685,OVER,0.5314554810805252,0.10335943913108608,0,tenure60:22;rest:1;shrink:0.25;voidable
prizepicks,15262878,cs2-kills-202609260130,2026-09-27T11:34:17+00:00,13.0,13.73561489067035,0.4813856619911278,0.4408238036221997,-0.06617125460654844,-0.1383015721769284,OVER,0.4813856619911278,-0.06617125460654844,0,tenure60:29;rest:1;shrink:0.25;market_unproven;voidable
prizepicks,15262888,cs2-headshots-202609260140,2026-09-27T11:34:17+00:00,7.5,7.8803647099541045,0.5017771729462703,0.49822282705372967,-0.10769998492210786,-0.11402060503896938,OVER,0.5017771729462703,-0.10769998492210786,0,tenure60:29;rest:1;shrink:0.25;voidable
prizepicks,15262879,cs2-kills-202609260130,2026-09-27T11:34:17+00:00,14.5,13.660366778999979,0.3980021452225142,0.6019978547774858,-0.2922409799994818,0.07052039003840455,UNDER,0.6019978547774858,0.07052039003840455,0,tenure60:29;rest:1;shrink:0.25;market_unproven;voidable
prizepicks,15262889,cs2-headshots-202609260140,2026-09-27T11:34:17+00:00,8.0,7.782046509502166,0.37892400127341686,0.5110187991906489,-0.21611005102998598,0.01879140827948006,UNDER,0.5110187991906489,0.01879140827948006,0,tenure60:29;rest:1;shrink:0.25;voidable
prizepicks,15262880,cs2-kills-202609260130,2026-09-27T11:34:17+00:00,17.5,16.764619768752222,0.41445559458208475,0.5855444054179153,-0.26298214977923945,0.04126155981816221,UNDER,0.5855444054179153,0.04126155981816221,0,tenure60:29;rest:1;shrink:0.25;market_unproven;voidable
prizepicks,15262890,cs2-headshots-202609260140,2026-09-27T11:34:17+00:00,9.5,9.073619468237673,0.4158213432563311,0.5841786567436689,-0.2605534670325391,0.038832877071461824,UNDER,0.5841786567436689,0.038832877071461824,0,tenure60:29;rest:1;shrink:0.25;voidable
prizepicks,14893761,val-kills-202609260147,2026-09-27T11:37:16+00:00,15.5,15.84385804131955,0.5009860974733767,0.49901390252662325,-0.10910673814734134,-0.1126138518137359,OVER,0.5009860974733767,-0.10910673814734134,0,tenure60:16;rest:21;shrink:0.25;voidable
prizepicks,14893762,val-kills-202609260147,2026-09-27T11:37:16+00:00,13.5,13.99475343983489,0.5152769328487763,0.4847230671512237,-0.0836936398470125,-0.13802695011406474,OVER,0.5152769328487763,-0.0836936398470125,0,tenure60:16;rest:21;shrink:0.25;voidable
prizepicks,14893763,val-kills-202609260147,2026-09-27T11:37:16+00:00,15.5,15.484785465077405,0.47435712880626435,0.5256428711937357,-0.15646048483863895,-0.0652601051224383,UNDER,0.5256428711937357,-0.0652601051224383,0,tenure60:16;rest:21;shrink:0.25;voidable
prizepicks,14893764,val-kills-202609260147,2026-09-27T11:37:16+00:00,14.0,14.167089129412158,0.448853328328445,0.47261282634543134,-0.12327952277996229,-0.08102849666349488,UNDER,0.47261282634543134,-0.08102849666349488,0,tenure60:16;rest:21;shrink:0.25;voidable
prizepicks,14893765,val-kills-202609260147,2026-09-27T11:37:16+00:00,16.0,16.205656500850925,0.45452676671790104,0.474223079146762,-0.12047425529865491,-0.08544870845271774,UNDER,0.474223079146762,-0.08544870845271774,0,tenure60:16;rest:21;shrink:0.25;voidable
prizepicks,14893766,val-kills-202609260147,2026-09-27T11:37:16+00:00,12.5,13.206286116711349,0.534868302476096,0.46513169752390404,-0.04885471062428798,-0.17286587933678926,OVER,0.534868302476096,-0.04885471062428798,0,tenure60:18;rest:22;shrink:0.25;voidable
prizepicks,14893767,val-kills-202609260147,2026-09-27T11:37:16+00:00,15.5,15.695175038032737,0.4900277548787067,0.5099722451212934,-0.12859373315159567,-0.09312685680948157,UNDER,0.5099722451212934,-0.09312685680948157,0,tenure60:21;rest:22;shrink:0.25;voidable
prizepicks,14893768,val-kills-202609260147,2026-09-27T11:37:16+00:00,12.5,13.030876400417817,0.5202278599378457,0.4797721400621543,-0.07488950814391643,-0.1468310818171608,OVER,0.5202278599378457,-0.07488950814391643,0,tenure60:21;rest:22;shrink:0.25;voidable
prizepicks,14893769,val-kills-202609260147,2026-09-27T11:37:16+00:00,15.5,15.785227289814912,0.49667688387350756,0.5033231161264924,-0.11676972396544838,-0.10495086599562892,UNDER,0.5033231161264924,-0.10495086599562892,0,tenure60:21;rest:22;shrink:0.25;voidable
prizepicks,14893770,val-kills-202609260147,2026-09-27T11:37:16+00:00,13.5,13.82270863616736,0.5014183117691555,0.4985816882308445,-0.10833814036443346,-0.11338244959664379,OVER,0.5014183117691555,-0.10833814036443346,0,tenure60:21;rest:22;shrink:0.25;voidable
prizepicks,14893795,val-kills-202609260147,2026-09-27T11:37:16+00:00,88.0,86.374701065836,0.4332780993790317,0.5423719006209683,-0.20516047705346974,-0.011161216542055263,UNDER,0.5423719006209683,-0.011161216542055263,0,shrink:0.25
prizepicks,14893796,val-kills-202609260147,2026-09-27T11:37:16+00:00,53.5,56.37973805438132,0.5929903597043292,0.40700964029567077,0.054502547013783154,-0.2762231369748604,OVER,0.5929903597043292,0.054502547013783154,0,shrink:0.25
prizepicks,14893691,val-kills-202609260147,2026-09-27T11:37:16+00:00,28.5,29.878602127190803,0.5573083009564846,0.44269169904351535,-0.008950123365308094,-0.21277046659576915,OVER,0.5573083009564846,-0.008950123365308094,0,tenure60:20;rest:35;shrink:0.25
prizepicks,14893692,val-kills-202609260147,2026-09-27T11:37:16+00:00,24.0,26.65724959103695,0.6078804336636006,0.3359195663363994,0.13718125894951216,-0.34644115175477685,OVER,0.6078804336636006,0.13718125894951216,1,tenure60:20;rest:35;shrink:0.25
prizepicks,14893693,val-kills-202609260147,2026-09-27T11:37:16+00:00,27.0,29.453178724011348,0.5884932490113518,0.36040675098864816,0.0976054276637956,-0.3079960954778618,OVER,0.5884932490113518,0.0976054276637956,0,tenure60:20;rest:35;shrink:0.25
prizepicks,14893694,val-kills-202609260147,2026-09-27T11:37:16+00:00,30.5,31.281790274147085,0.5237889010397113,0.4762110989602887,-0.06855698207416644,-0.1531636078869108,OVER,0.5237889010397113,-0.06855698207416644,0,tenure60:20;rest:35;shrink:0.25
prizepicks,14893695,val-kills-202609260147,2026-09-27T11:37:16+00:00,25.5,26.62613592719051,0.5484309408145508,0.4515690591854492,-0.024736550121209233,-0.196984039839868,OVER,0.5484309408145508,-0.024736550121209233,0,tenure60:20;rest:35;shrink:0.25
prizepicks,14893696,val-kills-202609260147,2026-09-27T11:37:16+00:00,27.5,26.29464998199295,0.4085751966254229,0.591424803374577,-0.27343914038840605,0.05171855042732876,UNDER,0.591424803374577,0.05171855042732876,0,tenure60:17;rest:29;shrink:0.25
prizepicks,14893697,val-kills-202609260147,2026-09-27T11:37:16+00:00,29.5,29.66692992958554,0.4881288569409757,0.5118711430590244,-0.13197050425602808,-0.08975008570504911,UNDER,0.5118711430590244,-0.08975008570504911,0,tenure60:17;rest:29;shrink:0.25
prizepicks,14893698,val-kills-202609260147,2026-09-27T11:37:16+00:00,32.0,30.66312115425752,0.3865093734689261,0.5656406265310739,-0.26482833937316447,0.053717079641724785,UNDER,0.5656406265310739,0.053717079641724785,0,tenure60:17;rest:29;shrink:0.25
prizepicks,14893699,val-kills-202609260147,2026-09-27T11:37:16+00:00,26.5,27.607832891717745,0.5457408614230808,0.4542591385769192,-0.029520262914430384,-0.19220032704664686,OVER,0.5457408614230808,-0.029520262914430384,0,tenure60:17;rest:29;shrink:0.25
prizepicks,14893700,val-kills-202609260147,2026-09-27T11:37:16+00:00,34.5,33.87532765819192,0.4490439683800529,0.5509560316199471,-0.20147435682758286,-0.020246233133494385,UNDER,0.5509560316199471,-0.020246233133494385,0,tenure60:17;rest:29;shrink:0.25
prizepicks,15261151,lol-kills-202609252040,2026-09-27T12:33:17+00:00,3.5,3.6796282097667,0.44474164390723125,0.5552583560927687,-0.20912509185290812,-0.012595498108169123,UNDER,0.5552583560927687,-0.012595498108169123,0,tenure60:6;rest:2;shrink:0.25;voidable
prizepicks,15261152,lol-kills-202609252040,2026-09-27T12:33:17+00:00,3.5,3.9084804687511094,0.4756788386093878,0.5243211613906122,-0.15411011550969794,-0.06761047445137924,UNDER,0.5243211613906122,-0.06761047445137924,0,tenure60:6;rest:2;shrink:0.25;voidable
prizepicks,15261153,lol-kills-202609252040,2026-09-27T12:33:17+00:00,5.0,4.923194455178979,0.3612915720352375,0.5300315336324221,-0.2488457420968025,0.05122105726222942,UNDER,0.5300315336324221,0.05122105726222942,0,tenure60:6;rest:2;shrink:0.25;voidable
prizepicks,15261154,lol-kills-202609252040,2026-09-27T12:33:17+00:00,5.0,5.1169671481424945,0.3821629516294181,0.5091917532482717,-0.2117621967153948,0.014130505685331585,UNDER,0.5091917532482717,0.014130505685331585,0,tenure60:6;rest:2;shrink:0.25;voidable
prizepicks,15261155,lol-kills-202609252040,2026-09-27T12:33:17+00:00,2.5,2.422072951871983,0.40142531342067966,0.5985746865793203,-0.2861536304755841,0.06443304051450688,UNDER,0.5985746865793203,0.06443304051450688,0,tenure60:41;rest:3;shrink:0.25;voidable
prizepicks,15261156,lol-kills-202609252040,2026-09-27T12:33:17+00:00,2.5,2.7728798206154948,0.4647860573699609,0.5352139426300391,-0.17348052410582898,-0.04824006585524826,UNDER,0.5352139426300391,-0.04824006585524826,0,tenure60:41;rest:3;shrink:0.25;voidable
prizepicks,15261157,lol-kills-202609252040,2026-09-27T12:33:17+00:00,3.5,3.385063478558239,0.40248549771561926,0.5975145022843807,-0.2842683265730464,0.06254773661196916,UNDER,0.5975145022843807,0.06254773661196916,0,tenure60:41;rest:3;shrink:0.25;voidable
prizepicks,15261158,lol-kills-202609252040,2026-09-27T12:33:17+00:00,3.5,3.2750620907350134,0.3860240613093161,0.6139759386906839,-0.3135413599940404,0.09182077003296318,UNDER,0.6139759386906839,0.09182077003296318,0,tenure60:6;rest:3;shrink:0.25;voidable
prizepicks,15269028,cs2-kills-202609260130,2026-09-27T12:34:43+00:00,32.5,29.784594660354493,0.33368056462983037,0.6663194353701696,-0.4066227223886106,0.18490213242753328,UNDER,0.6663194353701696,0.18490213242753328,0,tenure60:24;rest:1;shrink:0.25;market_unproven
prizepicks,15269029,cs2-kills-202609260130,2026-09-27T12:34:43+00:00,32.0,29.983455842799714,0.34369253461513144,0.6094074653848687,-0.34191864230982216,0.13059674801791943,UNDER,0.6094074653848687,0.13059674801791943,0,tenure60:19;rest:1;shrink:0.25;market_unproven
prizepicks,15269030,cs2-kills-202609260130,2026-09-27T12:34:43+00:00,28.5,27.922768017274002,0.4373001328062145,0.5626998671937855,-0.22235817782342232,0.0006375878623450792,UNDER,0.5626998671937855,0.0006375878623450792,0,tenure60:21;rest:1;shrink:0.25;market_unproven
prizepicks,15269031,cs2-kills-202609260130,2026-09-27T12:34:43+00:00,28.0,27.600751349199193,0.41925370553611135,0.5291462944638886,-0.2028497678626116,-0.007430039656474097,UNDER,0.5291462944638886,-0.007430039656474097,0,tenure60:24;rest:1;shrink:0.25;market_unproven
prizepicks,15269032,cs2-kills-202609260130,2026-09-27T12:34:43+00:00,25.5,25.993159783257386,0.4977291380167101,0.5022708619832899,-0.11489852208846318,-0.10682206787261411,UNDER,0.5022708619832899,-0.10682206787261411,0,tenure60:19;rest:1;shrink:0.25;market_unproven
prizepicks,15269033,cs2-kills-202609260130,2026-09-27T12:34:43+00:00,30.5,28.69895656398576,0.3768494792289045,0.6231505207710955,-0.3298563304033484,0.10813574044227109,UNDER,0.6231505207710955,0.10813574044227109,0,tenure60:46;rest:1;shrink:0.25;market_unproven
prizepicks,15269034,cs2-kills-202609260130,2026-09-27T12:34:43+00:00,30.0,30.26717074917543,0.45702380308177293,0.4938761969182271,-0.13818398108200003,-0.07265012791198838,UNDER,0.4938761969182271,-0.07265012791198838,0,tenure60:46;rest:1;shrink:0.25;market_unproven
prizepicks,15269035,cs2-kills-202609260130,2026-09-27T12:34:43+00:00,29.0,28.873482203082542,0.43443089054465683,0.5119191094553432,-0.1738104922595639,-0.0360147880501015,UNDER,0.5119191094553432,-0.0360147880501015,0,tenure60:46;rest:1;shrink:0.25;market_unproven
prizepicks,15269036,cs2-kills-202609260130,2026-09-27T12:34:43+00:00,27.0,26.95344690459215,0.43761315249528854,0.5064868475047114,-0.16590154135540508,-0.043424867626847885,UNDER,0.5064868475047114,-0.043424867626847885,0,tenure60:46;rest:1;shrink:0.25;market_unproven
prizepicks,15269037,cs2-kills-202609260130,2026-09-27T12:34:43+00:00,26.5,26.240949792032307,0.45462327425674415,0.5453767257432558,-0.19155279206475356,-0.030167797896323678,UNDER,0.5453767257432558,-0.030167797896323678,0,tenure60:45;rest:1;shrink:0.25;market_unproven
prizepicks,15269038,cs2-headshots-202609260140,2026-09-27T12:34:43+00:00,20.0,18.04098084614899,0.2974345644105479,0.6388654355894522,-0.407378238274827,0.19978124989427043,UNDER,0.6388654355894522,0.19978124989427043,1,tenure60:24;rest:1;shrink:0.25
prizepicks,15269039,cs2-headshots-202609260140,2026-09-27T12:34:43+00:00,17.0,16.475082179256443,0.38797732984977196,0.538772670150228,-0.23681790276627096,0.031338346019842644,UNDER,0.538772670150228,0.031338346019842644,0,tenure60:19;rest:1;shrink:0.25
prizepicks,15269040,cs2-headshots-202609260140,2026-09-27T12:34:43+00:00,16.0,15.683598075511949,0.39953102781560196,0.5216689721843981,-0.21072219956382698,0.006473192091682678,UNDER,0.5216689721843981,0.006473192091682678,0,tenure60:21;rest:1;shrink:0.25
prizepicks,15269041,cs2-headshots-202609260140,2026-09-27T12:34:43+00:00,10.5,10.299642652541984,0.44115962136424214,0.5588403786357579,-0.21549492878740095,-0.006225661173676289,UNDER,0.5588403786357579,-0.006225661173676289,0,tenure60:24;rest:1;shrink:0.25
prizepicks,15269042,cs2-headshots-202609260140,2026-09-27T12:34:43+00:00,12.5,12.99761709793215,0.512044625958374,0.48795537404162603,-0.08944158463714186,-0.13227900532393538,OVER,0.512044625958374,-0.08944158463714186,0,tenure60:19;rest:1;shrink:0.25
prizepicks,15269043,cs2-headshots-202609260140,2026-09-27T12:34:43+00:00,12.5,12.604084777698347,0.47362955710686455,0.5263704428931355,-0.1577543106110087,-0.06396627935006849,UNDER,0.5263704428931355,-0.06396627935006849,0,tenure60:46;rest:1;shrink:0.25
prizepicks,15269044,cs2-headshots-202609260140,2026-09-27T12:34:43+00:00,17.5,16.660944231509923,0.40247067950674786,0.5975293204932521,-0.28429467748877607,0.06257408752769883,UNDER,0.5975293204932521,0.06257408752769883,0,tenure60:46;rest:1;shrink:0.25
prizepicks,15269045,cs2-headshots-202609260140,2026-09-27T12:34:43+00:00,17.0,16.86496859115229,0.4174761996883913,0.5062738003116087,-0.18136066991283606,-0.023453725063709074,UNDER,0.5062738003116087,-0.023453725063709074,0,tenure60:46;rest:1;shrink:0.25
prizepicks,15269046,cs2-headshots-202609260140,2026-09-27T12:34:43+00:00,15.0,15.038250041077369,0.426857074138706,0.48849292586129406,-0.15627885402968122,-0.046673087991190854,UNDER,0.48849292586129406,-0.046673087991190854,0,tenure60:46;rest:1;shrink:0.25
prizepicks,15269047,cs2-headshots-202609260140,2026-09-27T12:34:43+00:00,16.0,15.65680778742613,0.39765584626652756,0.5236941537334724,-0.21420679630263073,0.009924530741992177,UNDER,0.5236941537334724,0.009924530741992177,0,tenure60:45;rest:1;shrink:0.25
prizepicks,15275564,cs2-kills-202609260130,2026-09-27T12:34:43+00:00,14.0,13.70532577180059,0.40152019475382356,0.5242242919995734,-0.21172939170785426,0.0064727779516763895,UNDER,0.5242242919995734,0.0064727779516763895,0,tenure60:17;rest:1;shrink:0.25;market_unproven;voidable
prizepicks,15275565,cs2-kills-202609260130,2026-09-27T12:34:43+00:00,12.0,13.028426431864064,0.5064122170088657,0.41204612050133804,-0.017915919011175063,-0.18572520543625748,OVER,0.5064122170088657,-0.017915919011175063,0,tenure60:41;rest:1;shrink:0.25;market_unproven;voidable
prizepicks,15275567,cs2-kills-202609260130,2026-09-27T12:34:43+00:00,16.5,15.39695650601257,0.3859221953508527,0.6140778046491473,-0.31372250613055974,0.0920019161694825,UNDER,0.6140778046491473,0.0920019161694825,0,tenure60:31;rest:1;shrink:0.25;market_unproven;voidable
prizepicks,15275568,cs2-kills-202609260130,2026-09-27T12:34:43+00:00,13.0,13.449837971996107,0.45860806244492697,0.4631130700313556,-0.1061878577526244,-0.09817669551960917,UNDER,0.4631130700313556,-0.09817669551960917,0,tenure60:41;rest:1;shrink:0.25;market_unproven;voidable
prizepicks,15275569,cs2-kills-202609260130,2026-09-27T12:34:43+00:00,16.0,15.598592709222613,0.4002297940737411,0.5327049313966391,-0.22121432338492836,0.014363485658459962,UNDER,0.5327049313966391,0.014363485658459962,0,tenure60:45;rest:1;shrink:0.25;market_unproven;voidable
prizepicks,15275570,cs2-kills-202609260130,2026-09-27T12:34:43+00:00,14.5,14.039266283031964,0.4275235844871769,0.572476415512823,-0.23974361240041742,0.01802302243934012,UNDER,0.572476415512823,0.01802302243934012,0,tenure60:45;rest:1;shrink:0.25;market_unproven;voidable
prizepicks,15275571,cs2-kills-202609260130,2026-09-27T12:34:43+00:00,14.0,,,,,,,,,0,player_unmapped:zevy
prizepicks,15275572,cs2-kills-202609260130,2026-09-27T12:34:43+00:00,14.5,,,,,,,,,0,player_unmapped:kye
prizepicks,15275573,cs2-kills-202609260130,2026-09-27T12:34:43+00:00,13.5,14.425484768871907,0.5345733882661254,0.46542661173387456,-0.04937915049160646,-0.17234143946947078,OVER,0.5345733882661254,-0.04937915049160646,0,tenure60:45;rest:1;shrink:0.25;market_unproven;voidable
prizepicks,15275574,cs2-headshots-202609260140,2026-09-27T12:34:43+00:00,7.5,7.7152191050041,0.4828479308357374,0.5171520691642626,-0.14136146641491032,-0.08035912354616692,UNDER,0.5171520691642626,-0.08035912354616692,0,tenure60:17;rest:1;shrink:0.25;voidable
prizepicks,15275575,cs2-headshots-202609260140,2026-09-27T12:34:43+00:00,6.5,7.149376082329056,0.5379097280858862,0.4620902719141138,-0.04344620608523292,-0.17827438387584432,OVER,0.5379097280858862,-0.04344620608523292,0,tenure60:41;rest:1;shrink:0.25;voidable
prizepicks,15275577,cs2-headshots-202609260140,2026-09-27T12:34:43+00:00,5.5,5.3790382675869735,0.43745847264845167,0.5625415273515484,-0.2220766053421832,0.00035601538110602293,UNDER,0.5625415273515484,0.00035601538110602293,0,tenure60:31;rest:1;shrink:0.25;voidable
prizepicks,15275578,cs2-headshots-202609260140,2026-09-27T12:34:43+00:00,7.0,7.284126736766765,0.43195626389220315,0.44791076910501243,-0.11172810288037133,-0.08335653476307403,UNDER,0.44791076910501243,-0.08335653476307403,0,tenure60:41;rest:1;shrink:0.25;voidable
prizepicks,15275579,cs2-headshots-202609260140,2026-09-27T12:34:43+00:00,10.0,9.566856442252206,0.3705337983443896,0.535504127672739,-0.2471253016977863,0.046238038214157784,UNDER,0.535504127672739,0.046238038214157784,0,tenure60:45;rest:1;shrink:0.25;voidable
prizepicks,15275580,cs2-headshots-202609260140,2026-09-27T12:34:43+00:00,7.5,7.527491048936952,0.4609280719939119,0.539071928006088,-0.18034110006428816,-0.04137948989678908,UNDER,0.539071928006088,-0.04137948989678908,0,tenure60:45;rest:1;shrink:0.25;voidable
prizepicks,15275581,cs2-headshots-202609260140,2026-09-27T12:34:43+00:00,5.0,,,,,,,,,0,player_unmapped:zevy
prizepicks,15275582,cs2-headshots-202609260140,2026-09-27T12:34:43+00:00,9.0,,,,,,,,,0,player_unmapped:kye
prizepicks,15275583,cs2-headshots-202609260140,2026-09-27T12:34:43+00:00,8.0,8.154363082772068,0.42057974726570774,0.46925388797898326,-0.141925330402709,-0.05536910817095397,UNDER,0.46925388797898326,-0.05536910817095397,0,tenure60:45;rest:1;shrink:0.25;voidable
prizepicks,14893771,val-kills-202609260147,2026-09-27T13:06:45+00:00,13.5,14.780616925522116,0.5760634541234403,0.4239365458765597,0.024401779343615426,-0.24612236930469267,OVER,0.5760634541234403,0.024401779343615426,0,tenure60:20;rest:35;shrink:0.25;voidable
prizepicks,14893772,val-kills-202609260147,2026-09-27T13:06:45+00:00,11.5,13.229785772082696,0.6225389873473495,0.37746101265265053,0.10704826314627303,-0.32876885310735027,OVER,0.6225389873473495,0.10704826314627303,0,tenure60:20;rest:35;shrink:0.25;voidable
prizepicks,14893773,val-kills-202609260147,2026-09-27T13:06:45+00:00,13.5,14.755341366182932,0.5741784777215406,0.4258215222784594,0.021049764619708033,-0.24277035458078527,OVER,0.5741784777215406,0.021049764619708033,0,tenure60:20;rest:35;shrink:0.25;voidable
prizepicks,14893774,val-kills-202609260147,2026-09-27T13:06:45+00:00,15.5,15.728521624747723,0.49249418105782,0.5075058189421799,-0.12420773826089737,-0.09751285170017993,UNDER,0.5075058189421799,-0.09751285170017993,0,tenure60:20;rest:35;shrink:0.25;voidable
prizepicks,14893775,val-kills-202609260147,2026-09-27T13:06:45+00:00,13.0,13.401214625318312,0.4667658350265364,0.4506687944057195,-0.08739455569494159,-0.1160195915935005,OVER,0.4667658350265364,-0.08739455569494159,0,tenure60:20;rest:35;shrink:0.25;voidable
prizepicks,14893776,val-kills-202609260147,2026-09-27T13:06:45+00:00,13.5,13.109418633331353,0.4422831381046068,0.5577168618953932,-0.2134970021011764,-0.008223587859900905,UNDER,0.5577168618953932,-0.008223587859900905,0,tenure60:17;rest:29;shrink:0.25;voidable
prizepicks,14893777,val-kills-202609260147,2026-09-27T13:06:45+00:00,14.5,14.799196150841475,0.4985655516754209,0.5014344483245792,-0.11341114490090254,-0.10830944506017465,UNDER,0.5014344483245792,-0.10830944506017465,0,tenure60:17;rest:29;shrink:0.25;voidable
prizepicks,14893778,val-kills-202609260147,2026-09-27T13:06:45+00:00,15.5,15.235261851166996,0.4555474760460563,0.5444525239539437,-0.18990930305209874,-0.0318112869089785,UNDER,0.5444525239539437,-0.0318112869089785,0,tenure60:17;rest:29;shrink:0.25;voidable
prizepicks,14893779,val-kills-202609260147,2026-09-27T13:06:45+00:00,13.0,13.767989751134197,0.49697380703359684,0.4211852793958306,-0.03440079805292545,-0.16917397626833092,OVER,0.49697380703359684,-0.03440079805292545,0,tenure60:17;rest:29;shrink:0.25;voidable
prizepicks,14893780,val-kills-202609260147,2026-09-27T13:06:45+00:00,16.5,16.812768148899337,0.49787117484498256,0.5021288251550174,-0.11464594092127905,-0.10707464903979819,UNDER,0.5021288251550174,-0.10707464903979819,0,tenure60:17;rest:29;shrink:0.25;voidable
prizepicks,15193939,val-kills-202609260147,2026-09-27T13:06:45+00:00,91.0,90.6305269220613,0.46760389435624833,0.5071461056437516,-0.1432196226122679,-0.07290252245229217,UNDER,0.5071461056437516,-0.07290252245229217,0,shrink:0.25
prizepicks,15193940,val-kills-202609260147,2026-09-27T13:06:45+00:00,61.0,61.45791865841487,0.4868023400839085,0.47984765991609146,-0.10097942187002013,-0.11334678641585522,OVER,0.4868023400839085,-0.10097942187002013,0,shrink:0.25
prizepicks,15193848,val-kills-202609260147,2026-09-27T13:06:45+00:00,29.5,30.07294699212997,0.5112181969308143,0.4887818030691857,-0.09091120636070976,-0.13080938360036748,OVER,0.5112181969308143,-0.09091120636070976,0,tenure60:27;rest:3;shrink:0.25
prizepicks,15193851,val-kills-202609260147,2026-09-27T13:06:45+00:00,29.5,29.169897054879545,0.4604486317330848,0.5395513682669152,-0.1811936788084607,-0.04052691115261653,UNDER,0.5395513682669152,-0.04052691115261653,0,tenure60:27;rest:3;shrink:0.25
prizepicks,15193853,val-kills-202609260147,2026-09-27T13:06:45+00:00,30.5,30.215448353956656,0.46561100865134847,0.5343889913486515,-0.1720135302278522,-0.049707059733225034,UNDER,0.5343889913486515,-0.049707059733225034,0,tenure60:27;rest:3;shrink:0.25
prizepicks,15193854,val-kills-202609260147,2026-09-27T13:06:45+00:00,31.5,30.583808089748892,0.43128065307123414,0.5687193469287659,-0.2330624946952845,0.011341904734207264,UNDER,0.5687193469287659,0.011341904734207264,0,tenure60:27;rest:3;shrink:0.25
prizepicks,15193855,val-kills-202609260147,2026-09-27T13:06:45+00:00,29.5,30.99247030445821,0.561313253290367,0.43868674670963304,-0.001828199091777838,-0.2198923908692994,OVER,0.561313253290367,-0.001828199091777838,0,tenure60:27;rest:3;shrink:0.25
prizepicks,15193856,val-kills-202609260147,2026-09-27T13:06:45+00:00,32.0,31.04734280486995,0.4058055114635025,0.5459944885364975,-0.23016441448413943,0.01913075695918609,UNDER,0.5459944885364975,0.01913075695918609,0,tenure60:14;rest:3;shrink:0.25
prizepicks,15193857,val-kills-202609260147,2026-09-27T13:06:45+00:00,28.5,27.571746515352366,0.42569676237108245,0.5743032376289176,-0.24299221255527204,0.021271622594194795,UNDER,0.5743032376289176,0.021271622594194795,0,tenure60:14;rest:3;shrink:0.25
prizepicks,15193858,val-kills-202609260147,2026-09-27T13:06:45+00:00,29.5,29.40702946904484,0.4741936957154571,0.5258063042845428,-0.15675111453894036,-0.06496947542213682,UNDER,0.5258063042845428,-0.06496947542213682,0,tenure60:14;rest:3;shrink:0.25
prizepicks,15193859,val-kills-202609260147,2026-09-27T13:06:45+00:00,29.5,30.17615464814653,0.5166654910187766,0.48333450898122343,-0.08122439544365967,-0.14049619451741757,OVER,0.5166654910187766,-0.08122439544365967,0,tenure60:14;rest:3;shrink:0.25
prizepicks,15193860,val-kills-202609260147,2026-09-27T13:06:45+00:00,32.5,31.940397497130277,0.4511926064613137,0.5488073935386863,-0.19765347796805127,-0.024067111993025914,UNDER,0.5488073935386863,-0.024067111993025914,0,tenure60:14;rest:3;shrink:0.25
prizepicks,15193941,val-kills-202609260147,2026-09-27T13:06:45+00:00,93.0,92.98701250602667,0.47495974469826674,0.49894025530173325,-0.12928886540572881,-0.08664481715736427,UNDER,0.49894025530173325,-0.08664481715736427,0,shrink:0.25
prizepicks,15193861,val-kills-202609260147,2026-09-27T13:06:45+00:00,23.5,25.519769617445377,0.602633907014094,0.39736609298590597,0.07165146863447419,-0.29337205859555143,OVER,0.602633907014094,0.07165146863447419,1,tenure60:18;rest:3;shrink:0.25
prizepicks,15193862,val-kills-202609260147,2026-09-27T13:06:45+00:00,32.5,31.926340834167682,0.45047642805294413,0.5495235719470559,-0.19892704328556932,-0.02279354667550787,UNDER,0.5495235719470559,-0.02279354667550787,0,tenure60:18;rest:3;shrink:0.25
prizepicks,15193863,val-kills-202609260147,2026-09-27T13:06:45+00:00,26.0,28.264661445101993,0.5816170179576979,0.36528298204230203,0.08737756756241266,-0.2973247941965567,OVER,0.5816170179576979,0.08737756756241266,0,tenure60:18;rest:3;shrink:0.25
prizepicks,15193864,val-kills-202609260147,2026-09-27T13:06:45+00:00,30.5,32.16249939674337,0.5659245599128786,0.4340754400871214,0.006371992528410753,-0.228092582489488,OVER,0.5659245599128786,0.006371992528410753,0,tenure60:18;rest:3;shrink:0.25
prizepicks,15193865,val-kills-202609260147,2026-09-27T13:06:45+00:00,24.5,26.808083133262002,0.6158450463818218,0.3841549536181782,0.09514456575525909,-0.31686515571633633,OVER,0.6158450463818218,0.09514456575525909,1,tenure60:18;rest:3;shrink:0.25
prizepicks,15193866,val-kills-202609260147,2026-09-27T13:06:45+00:00,31.5,30.480841542765837,0.42518438534824377,0.5748156146517562,-0.2439033620651631,0.02218277210408587,UNDER,0.5748156146517562,0.02218277210408587,0,tenure60:22;rest:3;shrink:0.25
prizepicks,15193867,val-kills-202609260147,2026-09-27T13:06:45+00:00,27.5,28.269938265792113,0.5247044433589911,0.47529555664100887,-0.06692889201877189,-0.15479169794230535,OVER,0.5247044433589911,-0.06692889201877189,0,tenure60:22;rest:3;shrink:0.25
prizepicks,15193868,val-kills-202609260147,2026-09-27T13:06:45+00:00,25.5,26.470979712717387,0.53924122716415,0.46075877283585,-0.041078428689870605,-0.18064216127120664,OVER,0.53924122716415,-0.041078428689870605,0,tenure60:22;rest:3;shrink:0.25
prizepicks,15193869,val-kills-202609260147,2026-09-27T13:06:45+00:00,34.0,34.23623269746872,0.4673995089544468,0.4845504910455532,-0.12078307696400414,-0.0902838386494434,UNDER,0.4845504910455532,-0.0902838386494434,0,tenure60:22;rest:3;shrink:0.25
prizepicks,15286192,dota-kills-202609252038,2026-09-27T13:09:26+00:00,8.5,7.931725999316892,0.39521814767203994,0.60478185232796,-0.2971917055210889,0.07547111556001163,UNDER,0.60478185232796,0.07547111556001163,0,tenure60:14;rest:1;shrink:0.25;voidable
prizepicks,15286193,dota-kills-202609252038,2026-09-27T13:09:26+00:00,7.0,7.63177602090236,0.4465797524188663,0.47068921829666827,-0.12312539204878481,-0.08025202529125375,UNDER,0.47068921829666827,-0.08025202529125375,0,tenure60:14;rest:1;shrink:0.25;voidable
prizepicks,15286194,dota-kills-202609252038,2026-09-27T13:09:26+00:00,6.5,,,,,,,,,0,player_unmapped:ATF
prizepicks,15286195,dota-kills-202609252038,2026-09-27T13:09:26+00:00,3.0,3.4545546649742307,0.4259465055339596,0.41564936538098946,-0.08414397034587867,-0.10245516266219046,OVER,0.4259465055339596,-0.08414397034587867,0,tenure60:14;rest:1;shrink:0.25;voidable
prizepicks,15286196,dota-kills-202609252038,2026-09-27T13:09:26+00:00,2.5,3.2732313967511333,0.5571721501703882,0.44282784982961176,-0.009192237504883904,-0.21252835245619334,OVER,0.5571721501703882,-0.009192237504883904,0,tenure60:14;rest:1;shrink:0.25;voidable
prizepicks,15286197,dota-kills-202609252038,2026-09-27T13:09:26+00:00,6.5,7.160600029837359,0.4918236833115682,0.5081763166884318,-0.1254000705975345,-0.09632051936354274,UNDER,0.5081763166884318,-0.09632051936354274,0,tenure60:47;rest:0;shrink:0.25;voidable
prizepicks,15286198,dota-kills-202609252038,2026-09-27T13:09:26+00:00,6.0,6.736379110345549,0.4565087092500255,0.45013347706502166,-0.0948421481522817,-0.10617909228109157,OVER,0.4565087092500255,-0.0948421481522817,0,tenure60:47;rest:0;shrink:0.25;voidable
prizepicks,15286199,dota-kills-202609252038,2026-09-27T13:09:26+00:00,3.5,4.974041546595438,0.6113238570720784,0.38867614292792163,0.08710462789685425,-0.3088252178579315,OVER,0.6113238570720784,0.08710462789685425,0,tenure60:47;rest:0;shrink:0.25;voidable
prizepicks,15286200,dota-kills-202609252038,2026-09-27T13:09:26+00:00,2.5,3.1776938493289126,0.543148699170776,0.456851300829224,-0.034129851675184064,-0.18759073828589318,OVER,0.543148699170776,-0.034129851675184064,0,tenure60:47;rest:0;shrink:0.25;voidable
prizepicks,15286201,dota-kills-202609252038,2026-09-27T13:09:26+00:00,2.0,2.503937805540505,0.43005801388278414,0.36436168480898723,-0.02965638748178312,-0.1464828167888576,OVER,0.43005801388278414,-0.02965638748178312,0,tenure60:47;rest:0;shrink:0.25;voidable
prizepicks,15263061,dota-kills-202609252038,2026-09-27T13:09:26+00:00,20.5,19.088537792392096,0.3896702828737107,0.6103297171262894,-0.30705735926163763,0.08533676930056044,UNDER,0.6103297171262894,0.08533676930056044,1,tenure60:0;rest:70;shrink:0.25
prizepicks,15263062,dota-kills-202609252038,2026-09-27T13:09:26+00:00,16.5,17.044249286839673,0.4799375737249865,0.5200624262750135,-0.14653689454081903,-0.07518369542025816,UNDER,0.5200624262750135,-0.07518369542025816,0,tenure60:0;rest:70;shrink:0.25
prizepicks,15263063,dota-kills-202609252038,2026-09-27T13:09:26+00:00,11.5,11.68294645572677,0.46264746479465607,0.5373525352053439,-0.17728353924895568,-0.04443705071212162,UNDER,0.5373525352053439,-0.04443705071212162,0,tenure60:0;rest:70;shrink:0.25
prizepicks,15263064,dota-kills-202609252038,2026-09-27T13:09:26+00:00,7.0,7.888803551224567,0.48647049468495424,0.4145295053150456,-0.035919535710296546,-0.16385071584463407,OVER,0.48647049468495424,-0.035919535710296546,0,tenure60:0;rest:70;shrink:0.25
prizepicks,15263065,dota-kills-202609252038,2026-09-27T13:09:26+00:00,5.0,5.651470721028407,0.4667122111543217,0.40843778884567833,-0.04520528449053168,-0.14883348981390515,OVER,0.4667122111543217,-0.04520528449053168,0,tenure60:0;rest:70;shrink:0.25;bumped_against:+11%
prizepicks,15263066,dota-kills-202609252038,2026-09-27T13:09:26+00:00,9.5,13.029967308688757,0.6804343612403252,0.31956563875967475,0.21000241447665674,-0.43172300443773404,OVER,0.6804343612403252,0.21000241447665674,0,tenure60:40;rest:21;shrink:0.25;bumped_against:+12%
prizepicks,15263067,dota-kills-202609252038,2026-09-27T13:09:26+00:00,9.0,,,,,,,,,0,player_unmapped:Ainkrad
prizepicks,15263068,dota-kills-202609252038,2026-09-27T13:09:26+00:00,5.0,7.367964524155989,0.6406163528014401,0.2513836471985599,0.24719486992103135,-0.44496963616631224,OVER,0.6406163528014401,0.24719486992103135,0,tenure60:40;rest:21;shrink:0.25;bumped_against:+11%
prizepicks,15263069,dota-kills-202609252038,2026-09-27T13:09:26+00:00,5.0,7.415223937303866,0.6447288868605745,0.2480211131394255,0.2537581045614738,-0.4516991612492255,OVER,0.6447288868605745,0.2537581045614738,0,tenure60:40;rest:21;shrink:0.25;bumped_against:+11%
prizepicks,15263070,dota-kills-202609252038,2026-09-27T13:09:26+00:00,4.0,5.190158966876627,0.5368864856711627,0.3220635143288373,0.09578418299718577,-0.2862310837442531,OVER,0.5368864856711627,0.09578418299718577,0,tenure60:40;rest:21;shrink:0.25
prizepicks,15263071,dota-kills-202609252038,2026-09-27T13:09:26+00:00,20.5,18.151364477226217,0.3478434327754717,0.6521565672245282,-0.3814371855781204,0.1597165956170432,UNDER,0.6521565672245282,0.1597165956170432,1,tenure60:0;rest:73;shrink:0.25
prizepicks,15263072,dota-kills-202609252038,2026-09-27T13:09:26+00:00,17.5,17.525450468566042,0.452677735830627,0.547322264169373,-0.19501250298935735,-0.02670808697171989,UNDER,0.547322264169373,-0.02670808697171989,0,tenure60:0;rest:73;shrink:0.25
prizepicks,15263073,dota-kills-202609252038,2026-09-27T13:09:26+00:00,11.5,10.848928309663393,0.40548307275780693,0.594516927242193,-0.2789378005954774,0.05721721063440016,UNDER,0.594516927242193,0.05721721063440016,0,tenure60:10;rest:29;shrink:0.25
prizepicks,15263074,dota-kills-202609252038,2026-09-27T13:09:26+00:00,7.5,8.36123619953037,0.5287028779179341,0.47129712208206587,-0.059818558170215475,-0.16190203179086177,OVER,0.5287028779179341,-0.059818558170215475,0,tenure60:0;rest:73;shrink:0.25
prizepicks,15263075,dota-kills-202609252038,2026-09-27T13:09:26+00:00,6.0,6.0158909127573335,0.39521011361578434,0.4890398863842155,-0.18145599231790727,-0.014600439355175243,UNDER,0.4890398863842155,-0.014600439355175243,0,tenure60:0;rest:73;shrink:0.25
prizepicks,15263076,dota-kills-202609252038,2026-09-27T13:09:26+00:00,13.5,,,,,,,,,0,player_unmapped:JaCkky
prizepicks,15263078,dota-kills-202609252038,2026-09-27T13:09:26+00:00,6.5,,,,,,,,,0,player_unmapped:Jabz
prizepicks,15263079,dota-kills-202609252038,2026-09-27T13:09:26+00:00,4.0,5.054623387687373,0.5198234166837884,0.3366765833162116,0.06789127874486439,-0.25779496404652713,OVER,0.5198234166837884,0.06789127874486439,0,tenure60:32;rest:2;shrink:0.25
prizepicks,15263080,dota-kills-202609252038,2026-09-27T13:09:26+00:00,4.0,5.411610024487885,0.5640648169153398,0.3019351830846602,0.13706484984792344,-0.3290748807542164,OVER,0.5640648169153398,0.13706484984792344,0,tenure60:32;rest:2;shrink:0.25
prizepicks,15263081,dota-kills-202609252038,2026-09-27T13:09:26+00:00,16.5,15.918929268792336,0.42216697661518765,0.5778330233848123,-0.2492691578868284,0.027548567925751166,UNDER,0.5778330233848123,0.027548567925751166,0,tenure60:21;rest:0;shrink:0.25
prizepicks,15263082,dota-kills-202609252038,2026-09-27T13:09:26+00:00,16.0,15.535734705422545,0.4015446865721084,0.5460553134278916,-0.23354135165828693,0.023438920611170144,UNDER,0.5460553134278916,0.023438920611170144,0,tenure60:21;rest:0;shrink:0.25
prizepicks,15263083,dota-kills-202609252038,2026-09-27T13:09:26+00:00,10.5,10.561613545567585,0.4568948635141414,0.5431051364858586,-0.1875132716602585,-0.0342073183008188,UNDER,0.5431051364858586,-0.0342073183008188,0,tenure60:21;rest:0;shrink:0.25
prizepicks,15263085,dota-kills-202609252038,2026-09-27T13:09:26+00:00,4.5,5.2534991981223875,0.5447696594820425,0.4552303405179575,-0.03124733132916868,-0.19047325863190856,OVER,0.5447696594820425,-0.03124733132916868,0,tenure60:27;rest:0;shrink:0.25
prizepicks,15263086,dota-kills-202609252038,2026-09-27T13:09:26+00:00,5.0,5.421283163068099,0.43723433643962817,0.4342656635603718,-0.0939751821473781,-0.09925431200370072,OVER,0.43723433643962817,-0.0939751821473781,0,tenure60:21;rest:0;shrink:0.25
prizepicks,15263087,dota-kills-202609252038,2026-09-27T13:09:26+00:00,14.5,14.408315142044222,0.44701932387530635,0.5529806761246936,-0.20507474046302204,-0.016645849498055254,UNDER,0.5529806761246936,-0.016645849498055254,0,tenure60:23;rest:1;shrink:0.25
prizepicks,15263089,dota-kills-202609252038,2026-09-27T13:09:26+00:00,9.0,8.428311476821222,0.36017080318937933,0.5553291968106205,-0.27501567659114545,0.07203047648177924,UNDER,0.5553291968106205,0.07203047648177924,0,tenure60:15;rest:1;shrink:0.25;bumped_against:-18%
prizepicks,15263090,dota-kills-202609252038,2026-09-27T13:09:26+00:00,6.5,6.777252291418313,0.4774125313826457,0.5225874686173542,-0.15102712534767998,-0.07069346461339726,UNDER,0.5225874686173542,-0.07069346461339726,0,tenure60:15;rest:1;shrink:0.25
prizepicks,15263091,dota-kills-202609252038,2026-09-27T13:09:26+00:00,5.5,5.966064129308438,0.5044673708480584,0.4955326291519415,-0.10291606138442816,-0.11880452857664903,OVER,0.5044673708480584,-0.10291606138442816,0,tenure60:15;rest:1;shrink:0.25
prizepicks,15263092,dota-kills-202609252038,2026-09-27T13:09:26+00:00,15.0,14.385040198485626,0.3913674989227778,0.5539825010772222,-0.249389234907194,0.039785675187489655,UNDER,0.5539825010772222,0.039785675187489655,0,tenure60:17;rest:53;shrink:0.25
prizepicks,15263093,dota-kills-202609252038,2026-09-27T13:09:26+00:00,14.5,13.703179784867316,0.40503447337429116,0.5949655266257088,-0.27973553564253967,0.058014945681462426,UNDER,0.5949655266257088,0.058014945681462426,0,tenure60:35;rest:2;shrink:0.25
prizepicks,15263094,dota-kills-202609252038,2026-09-27T13:09:26+00:00,9.5,9.531064495893233,0.45436477685997523,0.5456352231400248,-0.19201247266297644,-0.0297081172981008,UNDER,0.5456352231400248,-0.0297081172981008,0,tenure60:35;rest:2;shrink:0.25
prizepicks,15263095,dota-kills-202609252038,2026-09-27T13:09:26+00:00,6.0,6.419613097209796,0.44135801326578195,0.4471919867342181,-0.1036921325537743,-0.0933176976561409,UNDER,0.4471919867342181,-0.0933176976561409,0,tenure60:35;rest:2;shrink:0.25
prizepicks,15263096,dota-kills-202609252038,2026-09-27T13:09:26+00:00,6.0,5.955102212443179,0.38942066751966936,0.4963793324803305,-0.19330124510615876,-0.003098853481363517,UNDER,0.4963793324803305,-0.003098853481363517,0,tenure60:35;rest:2;shrink:0.25
prizepicks,15263097,dota-kills-202609252038,2026-09-27T13:09:26+00:00,15.5,16.815287969076817,0.5190338411290913,0.4809661588709086,-0.07701280720672343,-0.1447077827543538,OVER,0.5190338411290913,-0.07701280720672343,0,tenure60:47;rest:0;shrink:0.25
prizepicks,15263098,dota-kills-202609252038,2026-09-27T13:09:26+00:00,14.5,16.23727503543348,0.5449666813428251,0.45503331865717483,-0.03089697141081127,-0.19082361855026592,OVER,0.5449666813428251,-0.03089697141081127,0,tenure60:47;rest:0;shrink:0.25
prizepicks,15263099,dota-kills-202609252038,2026-09-27T13:09:26+00:00,10.5,12.41715232015613,0.5799445904732725,0.4200554095267275,0.031303524202075717,-0.25302411416315296,OVER,0.5799445904732725,0.031303524202075717,0,tenure60:47;rest:0;shrink:0.25
prizepicks,15263100,dota-kills-202609252038,2026-09-27T13:09:26+00:00,6.5,7.852285325579262,0.581467784367213,0.418532215632787,0.03401218854116711,-0.25573277850224435,OVER,0.581467784367213,0.03401218854116711,0,tenure60:47;rest:0;shrink:0.25
prizepicks,15263101,dota-kills-202609252038,2026-09-27T13:09:26+00:00,5.0,5.861187419443542,0.49210971490775945,0.3877402850922405,-0.004741426499407009,-0.19033943457784686,OVER,0.49210971490775945,-0.004741426499407009,0,tenure60:47;rest:0;shrink:0.25
prizepicks,15263102,dota-kills-202609252038,2026-09-27T13:09:26+00:00,17.5,,,,,,,,,0,player_unmapped:miCKe
prizepicks,15263103,dota-kills-202609252038,2026-09-27T13:09:26+00:00,16.5,13.582173412055148,0.2957366938230163,0.7042633061769836,-0.47409752658154497,0.2523769366204677,UNDER,0.7042633061769836,0.2523769366204677,1,tenure60:5;rest:57;shrink:0.25
prizepicks,15263104,dota-kills-202609252038,2026-09-27T13:09:26+00:00,12.0,12.072953622887432,0.42410753997100686,0.5090924600289931,-0.17901829402729902,-0.027891360524378184,UNDER,0.5090924600289931,-0.027891360524378184,0,tenure60:11;rest:55;shrink:0.25
prizepicks,15263105,dota-kills-202609252038,2026-09-27T13:09:26+00:00,7.0,7.405075574715903,0.44061288615580085,0.4573371138441992,-0.11441717675131546,-0.08467682700423385,UNDER,0.4573371138441992,-0.08467682700423385,0,tenure60:16;rest:53;shrink:0.25
prizepicks,15263106,dota-kills-202609252038,2026-09-27T13:09:26+00:00,6.5,7.695878761096586,0.5690321221202246,0.4309678778797754,0.011898106417149223,-0.23361869637822646,OVER,0.5690321221202246,0.011898106417149223,0,tenure60:16;rest:53;shrink:0.25
prizepicks,15263107,dota-kills-202609252038,2026-09-27T13:09:26+00:00,10.5,12.236636210941224,0.5694746727858176,0.43052532721418235,0.012685085153672393,-0.23440567511474963,OVER,0.5694746727858176,0.012685085153672393,0,tenure60:35;rest:5;shrink:0.25
prizepicks,15263108,dota-kills-202609252038,2026-09-27T13:09:26+00:00,12.0,13.43747621032713,0.509703334786589,0.426246665213411,-0.029555054520832957,-0.17796433165323744,OVER,0.509703334786589,-0.029555054520832957,0,tenure60:35;rest:5;shrink:0.25
prizepicks,15263109,dota-kills-202609252038,2026-09-27T13:09:26+00:00,6.5,10.1008084145432,0.7405295368827,0.2594704631173,0.3168684279641644,-0.5385890179252417,OVER,0.7405295368827,0.3168684279641644,1,tenure60:18;rest:5;shrink:0.25
prizepicks,15263110,dota-kills-202609252038,2026-09-27T13:09:26+00:00,4.5,5.621824867704144,0.5871170424152136,0.41288295758478644,0.044058147809923176,-0.2657787377710004,OVER,0.5871170424152136,0.044058147809923176,0,tenure60:35;rest:5;shrink:0.25
prizepicks,15263111,dota-kills-202609252038,2026-09-27T13:09:26+00:00,4.0,,,,,,,,,0,player_unmapped:TIANMING
prizepicks,15263122,dota-kills-202609252038,2026-09-27T13:09:26+00:00,19.5,16.787978954062353,0.3250984225111972,0.6749015774888028,-0.42188416901220377,0.20016357905112647,UNDER,0.6749015774888028,0.20016357905112647,1,tenure60:14;rest:1;shrink:0.25
prizepicks,15263123,dota-kills-202609252038,2026-09-27T13:09:26+00:00,15.5,16.170920965262866,0.4869157916959693,0.5130842083040307,-0.13412767320425667,-0.08759291675682057,UNDER,0.5130842083040307,-0.08759291675682057,0,tenure60:14;rest:1;shrink:0.25
prizepicks,15263124,dota-kills-202609252038,2026-09-27T13:09:26+00:00,13.5,,,,,,,,,0,player_unmapped:ATF
prizepicks,15263125,dota-kills-202609252038,2026-09-27T13:09:26+00:00,7.5,7.652274822407252,0.463738147817414,0.5362618521825859,-0.1753440000867062,-0.0463765898743711,UNDER,0.5362618521825859,-0.0463765898743711,0,tenure60:14;rest:1;shrink:0.25
prizepicks,15263126,dota-kills-202609252038,2026-09-27T13:09:26+00:00,5.5,6.816095513910745,0.5916840945051903,0.4083159054948096,0.05217964250610413,-0.2739002324671815,OVER,0.5916840945051903,0.05217964250610413,0,tenure60:14;rest:1;shrink:0.25
prizepicks,15263127,dota-kills-202609252038,2026-09-27T13:09:26+00:00,10.5,12.596070961712444,0.5908984582738147,0.4091015417261853,0.050782561772068247,-0.2725031517331455,OVER,0.5908984582738147,0.050782561772068247,0,tenure60:11;rest:4;shrink:0.25
prizepicks,15263128,dota-kills-202609252038,2026-09-27T13:09:26+00:00,11.0,12.455176498069727,0.5153320667981578,0.41686793320184223,-0.01579559628003324,-0.19089233768168296,OVER,0.5153320667981578,-0.01579559628003324,0,tenure60:35;rest:4;shrink:0.25
prizepicks,15263129,dota-kills-202609252038,2026-09-27T13:09:26+00:00,6.5,8.459352390983396,0.6315558736544783,0.3684441263455217,0.12308280640890212,-0.34480339636997936,OVER,0.6315558736544783,0.12308280640890212,1,tenure60:45;rest:4;shrink:0.25
prizepicks,15263130,dota-kills-202609252038,2026-09-27T13:09:26+00:00,4.5,5.657490766994744,0.5905547302956345,0.4094452697043654,0.050171317385816205,-0.27189190734689356,OVER,0.5905547302956345,0.050171317385816205,0,tenure60:11;rest:4;shrink:0.25
prizepicks,15263131,dota-kills-202609252038,2026-09-27T13:09:26+00:00,4.5,5.218645425951113,0.5403852001731535,0.4596147998268465,-0.03904412504231941,-0.18267646491875783,OVER,0.5403852001731535,-0.03904412504231941,0,tenure60:29;rest:4;shrink:0.25
prizepicks,15263132,dota-kills-202609252038,2026-09-27T13:09:26+00:00,17.0,16.111001809785357,0.3832781186364416,0.5679218813635585,-0.26962441331036047,0.05872378813938378,UNDER,0.5679218813635585,0.05872378813938378,0,tenure60:16;rest:53;shrink:0.25
prizepicks,15263134,dota-kills-202609252038,2026-09-27T13:09:26+00:00,9.5,9.23138367318803,0.4293800892296676,0.5706199107703325,-0.2364422282422068,0.014721638281129601,UNDER,0.5706199107703325,0.014721638281129601,0,tenure60:16;rest:53;shrink:0.25
prizepicks,15263136,dota-kills-202609252038,2026-09-27T13:09:26+00:00,4.5,5.505943753252158,0.5746368013032701,0.42536319869672984,0.02186479200823288,-0.24358538196931012,OVER,0.5746368013032701,0.02186479200823288,0,tenure60:16;rest:53;shrink:0.25
prizepicks,15263137,dota-kills-202609252038,2026-09-27T13:09:26+00:00,12.5,14.744296285082354,0.5818608423667729,0.41813915763322707,0.0347111554887356,-0.25643174544981284,OVER,0.5818608423667729,0.0347111554887356,0,tenure60:13;rest:54;shrink:0.25
prizepicks,15263138,dota-kills-202609252038,2026-09-27T13:09:26+00:00,11.5,13.156216890732992,0.5572258780742062,0.4427741219257938,-0.009096694279779882,-0.21262389568129736,OVER,0.5572258780742062,-0.009096694279779882,0,tenure60:0;rest:244;shrink:0.25
prizepicks,15263139,dota-kills-202609252038,2026-09-27T13:09:26+00:00,8.5,10.734759891353029,0.6208244974704429,0.3791755025295571,0.10399942109944987,-0.3257200110605271,OVER,0.6208244974704429,0.10399942109944987,1,tenure60:3;rest:29;shrink:0.25
prizepicks,15263140,dota-kills-202609252038,2026-09-27T13:09:26+00:00,5.5,7.57895302103825,0.6571592429344157,0.34284075706558426,0.16861275082703797,-0.3903333407881152,OVER,0.6571592429344157,0.16861275082703797,1,tenure60:16;rest:47;shrink:0.25
prizepicks,15263141,dota-kills-202609252038,2026-09-27T13:09:26+00:00,4.5,5.767491340181383,0.6010106118404271,0.39898938815957286,0.06876479625072679,-0.29048538621180403,OVER,0.6010106118404271,0.06876479625072679,1,tenure60:13;rest:54;shrink:0.25
prizepicks,15261175,lol-kills-202609252040,2026-09-27T13:32:51+00:00,3.5,3.4555374198081767,0.4128401966291294,0.5871598033708706,-0.2658547786979989,0.04413418873692165,UNDER,0.5871598033708706,0.04413418873692165,0,tenure60:6;rest:2;shrink:0.25;voidable
prizepicks,15261176,lol-kills-202609252040,2026-09-27T13:32:51+00:00,3.5,3.6863426605660155,0.4456731017679424,0.5543268982320576,-0.2074686995178866,-0.01425189044319064,UNDER,0.5543268982320576,-0.01425189044319064,0,tenure60:6;rest:2;shrink:0.25;voidable
prizepicks,15261177,lol-kills-202609252040,2026-09-27T13:32:51+00:00,5.0,4.703390346632535,0.3370510439215518,0.5546493502615896,-0.2923294626453212,0.09462112517850996,UNDER,0.5546493502615896,0.09462112517850996,0,tenure60:6;rest:2;shrink:0.25;voidable
prizepicks,15261178,lol-kills-202609252040,2026-09-27T13:32:51+00:00,5.0,4.900407687219453,0.3588055364376299,0.5325353567640561,-0.25328439554667825,0.05565576684956686,UNDER,0.5325353567640561,0.05565576684956686,0,tenure60:6;rest:2;shrink:0.25;voidable
prizepicks,15261179,lol-kills-202609252040,2026-09-27T13:32:51+00:00,2.5,2.343653759593707,0.38637457044013723,0.6136254295598628,-0.3129180568236706,0.09119746686259333,UNDER,0.6136254295598628,0.09119746686259333,0,tenure60:41;rest:3;shrink:0.25;voidable
prizepicks,15261180,lol-kills-202609252040,2026-09-27T13:32:51+00:00,2.5,2.683907963850366,0.44933921773944246,0.5506607822605576,-0.20094932097095325,-0.020771268990123937,UNDER,0.5506607822605576,-0.020771268990123937,0,tenure60:41;rest:3;shrink:0.25;voidable
prizepicks,15261181,lol-kills-202609252040,2026-09-27T13:32:51+00:00,3.5,3.3195301030944995,0.3927219039860773,0.6072780960139227,-0.301630724270276,0.07991013430919874,UNDER,0.6072780960139227,0.07991013430919874,0,tenure60:41;rest:3;shrink:0.25;voidable
prizepicks,15261182,lol-kills-202609252040,2026-09-27T13:32:51+00:00,3.5,3.198257912547958,0.37432023163940675,0.6256797683605932,-0.33435403931464286,0.11263344935356562,UNDER,0.6256797683605932,0.11263344935356562,0,tenure60:6;rest:3;shrink:0.25;voidable
prizepicks,15261135,lol-kills-202609252040,2026-09-27T13:32:51+00:00,7.5,7.94519186706463,0.49524859223027357,0.5047514077697263,-0.11930962558614194,-0.10241096437493535,UNDER,0.5047514077697263,-0.10241096437493535,0,tenure60:16;rest:14;shrink:0.25;bo5;bumped_against:-12%
prizepicks,15261136,lol-kills-202609252040,2026-09-27T13:32:51+00:00,8.5,8.518461454602265,0.45158023749665577,0.5484197625033442,-0.19696416167921038,-0.02475642828186686,UNDER,0.5484197625033442,-0.02475642828186686,0,tenure60:16;rest:14;shrink:0.25;bo5
prizepicks,15261137,lol-kills-202609252040,2026-09-27T13:32:51+00:00,11.0,10.612307486074732,0.3793760997292763,0.5417239002707237,-0.24646329319055504,0.042236457777406755,UNDER,0.5417239002707237,0.042236457777406755,0,tenure60:16;rest:14;shrink:0.25;bo5
prizepicks,15261138,lol-kills-202609252040,2026-09-27T13:32:51+00:00,11.0,11.064633585714024,0.4161406772906897,0.5043593227093103,-0.18048560189431456,-0.023608201164857068,UNDER,0.5043593227093103,-0.023608201164857068,0,tenure60:16;rest:14;shrink:0.25;bo5
prizepicks,15261139,lol-kills-202609252040,2026-09-27T13:32:51+00:00,9.5,8.302426013703698,0.3363183320165764,0.6636816679834237,-0.40193203495628804,0.1802114449952108,UNDER,0.6636816679834237,0.1802114449952108,1,tenure60:16;rest:15;shrink:0.25;bo5
prizepicks,15261140,lol-kills-202609252040,2026-09-27T13:32:51+00:00,8.5,8.43184420572107,0.44307904199582965,0.5569209580041703,-0.21208166259904493,-0.009638927362032368,UNDER,0.5569209580041703,-0.009638927362032368,0,tenure60:16;rest:15;shrink:0.25;bo5
prizepicks,15261141,lol-kills-202609252040,2026-09-27T13:32:51+00:00,10.5,9.729392482897254,0.3857343157072341,0.6142656842927658,-0.3140566086323721,0.09233601867129482,UNDER,0.6142656842927658,0.09233601867129482,1,tenure60:16;rest:15;shrink:0.25;bo5
prizepicks,15261142,lol-kills-202609252040,2026-09-27T13:32:51+00:00,13.5,12.897613271605424,0.4073952484625197,0.5926047515374804,-0.27553741791141023,0.05381682795033299,UNDER,0.5926047515374804,0.05381682795033299,0,tenure60:16;rest:15;shrink:0.25;bo5
prizepicks,15287029,lol-kills-202609252040,2026-09-27T13:32:51+00:00,4.0,3.6306966410247865,0.31057997252980984,0.5612501242835772,-0.319532126493172,0.12622944308188472,UNDER,0.5612501242835772,0.12622944308188472,0,opponent_unmapped;tenure60:22;rest:1;shrink:0.25;bo1
prizepicks,15287030,lol-kills-202609252040,2026-09-27T13:32:51+00:00,5.0,4.192718376365708,0.2788464661191958,0.615770529286598,-0.39875006614391184,0.20039505813333292,UNDER,0.615770529286598,0.20039505813333292,1,opponent_unmapped;tenure60:22;rest:1;shrink:0.25;bo1
prizepicks,15287031,lol-kills-202609252040,2026-09-27T13:32:51+00:00,5.5,4.447589972113322,0.30817856037874636,0.6918214396212536,-0.4519724114630384,0.2302518215019611,UNDER,0.6918214396212536,0.2302518215019611,1,opponent_unmapped;tenure60:22;rest:1;shrink:0.25;bo1
prizepicks,15287032,lol-kills-202609252040,2026-09-27T13:32:51+00:00,6.0,5.19622834326874,0.29935567465278345,0.6088188816258363,-0.37583652376526433,0.1744755253595292,UNDER,0.6088188816258363,0.1744755253595292,1,opponent_unmapped;tenure60:22;rest:1;shrink:0.25;bo1
prizepicks,15287033,lol-kills-202609252040,2026-09-27T13:32:51+00:00,3.0,2.790693746231018,0.30959590435910794,0.5311568294456225,-0.2902047116505492,0.10379251949997587,UNDER,0.5311568294456225,0.10379251949997587,0,tenure60:18;rest:1;shrink:0.25;bo1
prizepicks,15287034,lol-kills-202609252040,2026-09-27T13:32:51+00:00,3.5,3.1683573688152067,0.3697183663413364,0.6302816336586636,-0.342537441621974,0.12081685166089678,UNDER,0.6302816336586636,0.12081685166089678,1,tenure60:18;rest:1;shrink:0.25;bo1
prizepicks,15287035,lol-kills-202609252040,2026-09-27T13:32:51+00:00,5.0,4.0192294010691985,0.2586555132261745,0.6377152111177506,-0.43640895088076875,0.23766510505539556,UNDER,0.6377152111177506,0.23766510505539556,1,tenure60:18;rest:1;shrink:0.25;bo1
prizepicks,15287036,lol-kills-202609252040,2026-09-27T13:32:51+00:00,6.0,5.152289182653875,0.29496368305292225,0.6134600941078331,-0.383895932878497,0.18247967707174412,UNDER,0.6134600941078331,0.18247967707174412,1,tenure60:18;rest:1;shrink:0.25;bo1
prizepicks,15287037,lol-kills-202609252040,2026-09-27T13:32:51+00:00,4.0,3.508745294169999,0.29413804515094394,0.5785914933522387,-0.34966990910216,0.15616780094877575,UNDER,0.5785914933522387,0.15616780094877575,0,tenure60:23;rest:1;shrink:0.25;bo1
prizepicks,15287038,lol-kills-202609252040,2026-09-27T13:32:51+00:00,3.5,3.791146962406678,0.4600260224516241,0.5399739775483758,-0.18194519619217359,-0.03977539376890371,UNDER,0.5399739775483758,-0.03977539376890371,0,tenure60:23;rest:1;shrink:0.25;bo1
prizepicks,15287039,lol-kills-202609252040,2026-09-27T13:32:51+00:00,6.5,4.9569552810239035,0.2753206935097652,0.7246793064902348,-0.5104028795739477,0.28868228961287046,UNDER,0.7246793064902348,0.28868228961287046,1,tenure60:23;rest:1;shrink:0.25;bo1
prizepicks,15287040,lol-kills-202609252040,2026-09-27T13:32:51+00:00,6.5,5.725390701527228,0.3512071072386558,0.6487928927613442,-0.3754556325381665,0.15373504257708925,UNDER,0.6487928927613442,0.15373504257708925,1,tenure60:23;rest:1;shrink:0.25;bo1
prizepicks,15287041,lol-kills-202609252040,2026-09-27T13:32:51+00:00,3.5,3.234938389309534,0.3799309693156369,0.620069030684363,-0.3243765800298731,0.10265599006879578,UNDER,0.620069030684363,0.10265599006879578,1,tenure60:23;rest:1;shrink:0.25;bo1
prizepicks,15287042,lol-kills-202609252040,2026-09-27T13:32:51+00:00,3.5,3.493887189008641,0.418410882759413,0.5815891172405869,-0.25594854225272606,0.03422795229164882,UNDER,0.5815891172405869,0.03422795229164882,0,tenure60:1;rest:1;shrink:0.25;bo1
prizepicks,15287043,lol-kills-202609252040,2026-09-27T13:32:51+00:00,5.0,4.518613800368845,0.31625921387240613,0.5761418545535548,-0.33000382016156504,0.13214012878826537,UNDER,0.5761418545535548,0.13214012878826537,0,tenure60:23;rest:1;shrink:0.25;bo1
prizepicks,15287044,lol-kills-202609252040,2026-09-27T13:32:51+00:00,5.5,5.13125870541629,0.38368263348729487,0.6163173665127051,-0.317705072880033,0.09598448291895573,UNDER,0.6163173665127051,0.09598448291895573,1,tenure60:0;rest:111;shrink:0.25;bo1
prizepicks,15287045,lol-kills-202609252040,2026-09-27T13:32:51+00:00,3.0,2.508484616587098,0.2627392345114946,0.5813033413191347,-0.3768188048894505,0.18967718702401615,UNDER,0.5813033413191347,0.18967718702401615,0,tenure60:15;rest:1;shrink:0.25;bo1
prizepicks,15287046,lol-kills-202609252040,2026-09-27T13:32:51+00:00,3.5,,,,,,,,,0,player_unmapped:Koldo
prizepicks,15287047,lol-kills-202609252040,2026-09-27T13:32:51+00:00,4.0,,,,,,,,,0,player_unmapped:Macaquino
prizepicks,15287048,lol-kills-202609252040,2026-09-27T13:32:51+00:00,6.0,4.459930413563356,0.22485849380727108,0.689816564041999,-0.5148138281394352,0.31201153469041265,UNDER,0.689816564041999,0.31201153469041265,1,tenure60:15;rest:1;shrink:0.25;bo1
prizepicks,15287049,lol-kills-202609252040,2026-09-27T13:32:51+00:00,3.5,3.1914301637376674,0.37327161896374406,0.6267283810362559,-0.3362187656448796,0.11449817568380238,UNDER,0.6267283810362559,0.11449817568380238,1,tenure60:21;rest:1;shrink:0.25;bo1
prizepicks,15287050,lol-kills-202609252040,2026-09-27T13:32:51+00:00,3.0,3.0012017419885915,0.3435438619243646,0.4965563750764641,-0.22918326089547647,0.04291574072121196,UNDER,0.4965563750764641,0.04291574072121196,0,tenure60:21;rest:1;shrink:0.25;bo1
prizepicks,15287051,lol-kills-202609252040,2026-09-27T13:32:51+00:00,3.0,3.363228981365721,0.39924676199992737,0.44248187507044856,-0.1317563406811949,-0.05487222931718233,UNDER,0.44248187507044856,-0.05487222931718233,0,tenure60:21;rest:1;shrink:0.25;bo1
prizepicks,15287052,lol-kills-202609252040,2026-09-27T13:32:51+00:00,4.5,4.571094160800967,0.4293291824213491,0.5706708175786509,-0.23653275477127028,0.01481216481019304,UNDER,0.5706708175786509,0.01481216481019304,0,tenure60:21;rest:1;shrink:0.25;bo1
prizepicks,15287053,lol-kills-202609252040,2026-09-27T13:32:51+00:00,3.0,2.8626061003467873,0.3213058180523922,0.5190690317819759,-0.26900332926608667,0.08267492177235886,UNDER,0.5190690317819759,0.08267492177235886,0,tenure60:24;rest:1;shrink:0.25;bo1
prizepicks,15287054,lol-kills-202609252040,2026-09-27T13:32:51+00:00,3.5,3.720550254698641,0.4503962829840079,0.5496037170159921,-0.1990695636114747,-0.022651026349602532,UNDER,0.5496037170159921,-0.022651026349602532,0,tenure60:24;rest:1;shrink:0.25;bo1
prizepicks,15287055,lol-kills-202609252040,2026-09-27T13:32:51+00:00,4.0,4.084267788993304,0.36985349164729275,0.5009367274011551,-0.2130873701210645,0.020015249021306913,UNDER,0.5009367274011551,0.020015249021306913,0,tenure60:24;rest:1;shrink:0.25;bo1
prizepicks,15287056,lol-kills-202609252040,2026-09-27T13:32:51+00:00,5.5,5.177394792043399,0.38856948087280246,0.6114305191271976,-0.30901489279438243,0.08729430283330519,UNDER,0.6114305191271976,0.08729430283330519,1,tenure60:24;rest:1;shrink:0.25;bo1
prizepicks,15287057,lol-kills-202609252040,2026-09-27T13:32:51+00:00,3.5,3.235448392918447,0.3800087093799084,0.6199912906200916,-0.32423833647424405,0.10251774651316681,UNDER,0.6199912906200916,0.10251774651316681,1,opponent_unmapped;tenure60:23;rest:1;shrink:0.25;bo1
prizepicks,15287058,lol-kills-202609252040,2026-09-27T13:32:51+00:00,5.0,4.148390303967686,0.2737010624226373,0.621323783070022,-0.4083078816807055,0.20986244490825112,UNDER,0.621323783070022,0.20986244490825112,1,opponent_unmapped;tenure60:19;rest:1;shrink:0.25;bo1
prizepicks,15287059,lol-kills-202609252040,2026-09-27T13:32:51+00:00,5.5,4.391863844081984,0.3018073874558825,0.6981926125441176,-0.4633021370895648,0.24158154712848756,UNDER,0.6981926125441176,0.24158154712848756,1,opponent_unmapped;tenure60:23;rest:1;shrink:0.25;bo1
prizepicks,15287060,lol-kills-202609252040,2026-09-27T13:32:51+00:00,6.0,5.048736636895844,0.2845724472680804,0.6245030783060335,-0.4030262019328994,0.20146544008343048,UNDER,0.6245030783060335,0.20146544008343048,1,opponent_unmapped;tenure60:23;rest:1;shrink:0.25;bo1
prizepicks,15287061,lol-kills-202609252040,2026-09-27T13:32:51+00:00,3.0,2.7580281936457927,0.3042415686916751,0.5367400704072488,-0.29995512181657547,0.11349217664912842,UNDER,0.5367400704072488,0.11349217664912842,0,tenure60:19;rest:26;shrink:0.25;bo1
prizepicks,15287062,lol-kills-202609252040,2026-09-27T13:32:51+00:00,3.5,3.0498062645737245,0.3512309076857852,0.6487690923142149,-0.37541330869308664,0.1536927187320094,UNDER,0.6487690923142149,0.1536927187320094,1,tenure60:19;rest:26;shrink:0.25;bo1
prizepicks,15287063,lol-kills-202609252040,2026-09-27T13:32:51+00:00,4.5,4.011861264537265,0.36061914781591903,0.6393808521840809,-0.3587183945731684,0.1369978046120911,UNDER,0.6393808521840809,0.1369978046120911,1,tenure60:19;rest:26;shrink:0.25;bo1
prizepicks,15287064,lol-kills-202609252040,2026-09-27T13:32:51+00:00,5.5,5.005044133715961,0.3701672900249804,0.6298327099750196,-0.34173912987867106,0.12001853991759381,UNDER,0.6298327099750196,0.12001853991759381,1,tenure60:19;rest:26;shrink:0.25;bo1
prizepicks,15287065,lol-kills-202609252040,2026-09-27T13:32:51+00:00,2.5,2.7621006378643935,0.4629372632139394,0.5370627367860605,-0.17676819668688226,-0.044952393274195035,UNDER,0.5370627367860605,-0.044952393274195035,0,tenure60:20;rest:1;shrink:0.25;bo1
prizepicks,15287066,lol-kills-202609252040,2026-09-27T13:32:51+00:00,3.0,3.272727973534555,0.3856708891909669,0.4553750640963311,-0.15521535198759862,-0.03126185295963774,UNDER,0.4553750640963311,-0.03126185295963774,0,tenure60:20;rest:1;shrink:0.25;bo1
prizepicks,15287067,lol-kills-202609252040,2026-09-27T13:32:51+00:00,3.5,3.739462592333906,0.45299160078622197,0.547008399213778,-0.1944543634012899,-0.027266226559787388,UNDER,0.547008399213778,-0.027266226559787388,0,tenure60:20;rest:1;shrink:0.25;bo1
prizepicks,15287068,lol-kills-202609252040,2026-09-27T13:32:51+00:00,4.0,4.5408595443252535,0.4257746485718323,0.4468141679050155,-0.11544252560500018,-0.07802838157768471,UNDER,0.4468141679050155,-0.07802838157768471,0,tenure60:20;rest:1;shrink:0.25;bo1
prizepicks,15287069,lol-kills-202609252040,2026-09-27T13:32:51+00:00,3.5,3.1559435809663756,0.3678004624052057,0.6321995375947943,-0.3459480107020278,0.12422742074095056,UNDER,0.6321995375947943,0.12422742074095056,1,tenure60:23;rest:1;shrink:0.25;bo1
prizepicks,15287070,lol-kills-202609252040,2026-09-27T13:32:51+00:00,4.5,3.9211462345671535,0.3489198755575453,0.6510801244424547,-0.379522969542674,0.1578023795815967,UNDER,0.6510801244424547,0.1578023795815967,1,tenure60:23;rest:1;shrink:0.25;bo1
prizepicks,15287071,lol-kills-202609252040,2026-09-27T13:32:51+00:00,5.0,4.278425243888901,0.2887619413658794,0.605141682784985,-0.38040420941705444,0.18220737050197977,UNDER,0.605141682784985,0.18220737050197977,1,tenure60:23;rest:1;shrink:0.25;bo1
prizepicks,15287072,lol-kills-202609252040,2026-09-27T13:32:51+00:00,6.0,4.979666494138811,0.27761329769524457,0.6319487487630372,-0.41588803521382245,0.21421940166688747,UNDER,0.6319487487630372,0.21421940166688747,1,tenure60:23;rest:1;shrink:0.25;bo1
prizepicks,15287073,lol-kills-202609252040,2026-09-27T13:32:51+00:00,3.0,3.305387535056334,0.39059804793958375,0.4506753202789408,-0.14668090196616668,-0.0398467255537871,UNDER,0.4506753202789408,-0.0398467255537871,0,opponent_unmapped;tenure60:25;rest:1;shrink:0.25;bo1
prizepicks,15287074,lol-kills-202609252040,2026-09-27T13:32:51+00:00,3.5,3.7191201895214956,0.4501995736317014,0.5498004263682986,-0.19941936780244351,-0.022301222158633727,UNDER,0.5498004263682986,-0.022301222158633727,0,opponent_unmapped;tenure60:25;rest:1;shrink:0.25;bo1
prizepicks,15287075,lol-kills-202609252040,2026-09-27T13:32:51+00:00,4.5,4.199492475146852,0.38435005686166046,0.6156499431383395,-0.31651820763562,0.09479761767454276,UNDER,0.6156499431383395,0.09479761767454276,1,opponent_unmapped;tenure60:25;rest:1;shrink:0.25;bo1
prizepicks,15287076,lol-kills-202609252040,2026-09-27T13:32:51+00:00,5.0,4.9115180180232745,0.3600184805640503,0.5313131496647358,-0.2511181790082373,0.053491604102942125,UNDER,0.5313131496647358,0.053491604102942125,0,opponent_unmapped;tenure60:25;rest:1;shrink:0.25;bo1
prizepicks,15244036,lol-kills-202609252040,2026-09-27T13:32:51+00:00,24.5,24.513058470738436,0.46729307409463267,0.5327069259053674,-0.16902234788372206,-0.05269824207735513,UNDER,0.5327069259053674,-0.05269824207735513,0,shrink:0.25;bo5
prizepicks,15244037,lol-kills-202609252040,2026-09-27T13:32:51+00:00,20.5,19.4682527984232,0.40267509389598594,0.597324906104014,-0.2839311715892782,0.06221058162820098,UNDER,0.597324906104014,0.06221058162820098,0,shrink:0.25;bo5
prizepicks,15244038,lol-kills-202609252040,2026-09-27T13:32:51+00:00,29.0,27.928929470156586,0.3977067927122036,0.5583432072877965,-0.24881619928727056,0.036840229254982704,UNDER,0.5583432072877965,0.036840229254982704,0,shrink:0.25;bo5
prizepicks,15244039,lol-kills-202609252040,2026-09-27T13:32:51+00:00,26.0,23.994293894066082,0.3441640550429188,0.6119859449570813,-0.34413014724167507,0.13213200515039103,UNDER,0.6119859449570813,0.13213200515039103,1,shrink:0.25;bo5
prizepicks,15244006,lol-kills-202609252040,2026-09-27T13:32:51+00:00,7.5,7.480158946366374,0.44516695235098497,0.5548330476490151,-0.2083687746044653,-0.013351815356611951,UNDER,0.5548330476490151,-0.013351815356611951,0,tenure60:22;rest:8;shrink:0.25;bo5
prizepicks,15244007,lol-kills-202609252040,2026-09-27T13:32:51+00:00,7.5,7.625599949828713,0.46057981733922104,0.539420182660779,-0.1809603941461752,-0.040760195814902034,UNDER,0.539420182660779,-0.040760195814902034,0,tenure60:22;rest:8;shrink:0.25;bo5
prizepicks,15244008,lol-kills-202609252040,2026-09-27T13:32:51+00:00,10.5,9.657299574543348,0.37878003754459266,0.6212199624554073,-0.32642325830068075,0.10470266833960351,UNDER,0.6212199624554073,0.10470266833960351,1,tenure60:22;rest:8;shrink:0.25;bo5
prizepicks,15244009,lol-kills-202609252040,2026-09-27T13:32:51+00:00,10.5,9.935953223879855,0.4022776192664036,0.5977223807335964,-0.2846379925390774,0.06291740257800016,UNDER,0.5977223807335964,0.06291740257800016,0,tenure60:22;rest:8;shrink:0.25;bo5
prizepicks,15244010,lol-kills-202609252040,2026-09-27T13:32:51+00:00,1.5,2.099500840081693,0.5886842925092214,0.4113157074907786,0.046845156382478825,-0.26856574634355607,OVER,0.5886842925092214,0.046845156382478825,0,tenure60:22;rest:8;shrink:0.25;bo5
prizepicks,15244011,lol-kills-202609252040,2026-09-27T13:32:51+00:00,7.5,7.4885353645889685,0.44561437031267354,0.5543856296873264,-0.20757314045551278,-0.014147449505564513,UNDER,0.5543856296873264,-0.014147449505564513,0,tenure60:16;rest:7;shrink:0.25;bo5
prizepicks,15244012,lol-kills-202609252040,2026-09-27T13:32:51+00:00,9.5,8.953927695913524,0.3987501124175873,0.6012498875824127,-0.29091088533709875,0.0691902953760215,UNDER,0.6012498875824127,0.0691902953760215,1,tenure60:16;rest:7;shrink:0.25;bo5
prizepicks,15244013,lol-kills-202609252040,2026-09-27T13:32:51+00:00,12.5,11.611466409654092,0.3863304194729501,0.6136695805270499,-0.31299656957955274,0.0912759796184755,UNDER,0.6136695805270499,0.0912759796184755,1,tenure60:16;rest:7;shrink:0.25;bo5
prizepicks,15244014,lol-kills-202609252040,2026-09-27T13:32:51+00:00,12.5,12.132827484411994,0.4253343772828938,0.5746656227171062,-0.243636634496103,0.02191604453502577,UNDER,0.5746656227171062,0.02191604453502577,0,tenure60:16;rest:7;shrink:0.25;bo5
prizepicks,15244015,lol-kills-202609252040,2026-09-27T13:32:51+00:00,2.5,2.365612822382137,0.4045134382827445,0.5954865617172556,-0.280662081617745,0.05894149165666779,UNDER,0.5954865617172556,0.05894149165666779,0,tenure60:16;rest:7;shrink:0.25;bo5
prizepicks,15245098,lol-kills-202609252040,2026-09-27T13:32:51+00:00,1.5,2.099500840081693,0.5886842925092214,0.4113157074907786,0.046845156382478825,-0.26856574634355607,OVER,0.5886842925092214,0.046845156382478825,0,tenure60:22;rest:8;shrink:0.25;odds_type:goblin;bo5
prizepicks,15245099,lol-kills-202609252040,2026-09-27T13:32:51+00:00,2.5,2.365612822382137,0.4045134382827445,0.5954865617172556,-0.280662081617745,0.05894149165666779,UNDER,0.5954865617172556,0.05894149165666779,0,tenure60:16;rest:7;shrink:0.25;odds_type:demon;bo5
prizepicks,15245105,lol-kills-202609252040,2026-09-27T13:32:51+00:00,9.5,7.980158946366373,0.3061300922517428,0.6938699077482572,-0.4556151601554098,0.23389457019433257,UNDER,0.6938699077482572,0.23389457019433257,0,tenure60:22;rest:8;shrink:0.25;odds_type:demon;bo5
prizepicks,15245106,lol-kills-202609252040,2026-09-27T13:32:51+00:00,5.5,6.980158946366375,0.6213583304226387,0.37864166957736134,0.10494872524673993,-0.32666931520781717,OVER,0.6213583304226387,0.10494872524673993,0,tenure60:22;rest:8;shrink:0.25;odds_type:goblin;bo5
prizepicks,15245156,lol-kills-202609252040,2026-09-27T13:32:51+00:00,9.5,8.125599949828715,0.3192873234018206,0.6807126765981795,-0.4322179269081038,0.21049733694702666,UNDER,0.6807126765981795,0.21049733694702666,0,tenure60:22;rest:8;shrink:0.25;odds_type:demon;bo5
prizepicks,15245157,lol-kills-202609252040,2026-09-27T13:32:51+00:00,5.5,7.125599949828713,0.6370827492668839,0.3629172507331161,0.13291113551228928,-0.3546317254733665,OVER,0.6370827492668839,0.13291113551228928,0,tenure60:22;rest:8;shrink:0.25;odds_type:goblin;bo5
prizepicks,15245103,lol-kills-202609252040,2026-09-27T13:32:51+00:00,9.5,7.9885353645889685,0.30722236953957915,0.6927776304604208,-0.4536727859443973,0.23195219598332006,UNDER,0.6927776304604208,0.23195219598332006,0,tenure60:16;rest:7;shrink:0.25;odds_type:demon;bo5
prizepicks,15245104,lol-kills-202609252040,2026-09-27T13:32:51+00:00,5.5,6.988535364588969,0.6221069454904423,0.3778930545095577,0.10627997200786005,-0.3280005619689373,OVER,0.6221069454904423,0.10627997200786005,0,tenure60:16;rest:7;shrink:0.25;odds_type:goblin;bo5
prizepicks,15245153,lol-kills-202609252040,2026-09-27T13:32:51+00:00,11.5,9.453927695913526,0.28612198331225364,0.7138780166877463,-0.49119516831631904,0.2694745783552418,UNDER,0.7138780166877463,0.2694745783552418,0,tenure60:16;rest:7;shrink:0.25;odds_type:demon;bo5
prizepicks,15245154,lol-kills-202609252040,2026-09-27T13:32:51+00:00,7.5,8.453927695913524,0.5462747960889693,0.45372520391103066,-0.028570777891774757,-0.19314981206930248,OVER,0.5462747960889693,-0.028570777891774757,0,tenure60:16;rest:7;shrink:0.25;odds_type:goblin;bo5
prizepicks,15245495,lol-kills-202609252040,2026-09-27T13:32:51+00:00,13.5,10.407299574543348,0.22818033341171695,0.771819666588283,-0.5942316113181273,0.37251102135705005,UNDER,0.771819666588283,0.37251102135705005,0,tenure60:22;rest:8;shrink:0.25;odds_type:demon;bo5
prizepicks,15245496,lol-kills-202609252040,2026-09-27T13:32:51+00:00,7.5,8.907299574543348,0.5877867926499071,0.4122132073500929,0.04524915086214737,-0.2669697408232246,OVER,0.5877867926499071,0.04524915086214737,0,tenure60:22;rest:8;shrink:0.25;odds_type:goblin;bo5
prizepicks,15245575,lol-kills-202609252040,2026-09-27T13:32:51+00:00,15.5,12.361466409654092,0.25032565235448573,0.7496743476455143,-0.5548510466134566,0.3331304566523795,UNDER,0.7496743476455143,0.3331304566523795,0,tenure60:16;rest:7;shrink:0.25;odds_type:demon;bo5
prizepicks,15245576,lol-kills-202609252040,2026-09-27T13:32:51+00:00,9.5,10.861466409654092,0.5630638515313027,0.4369361484686973,0.0012848537153284934,-0.22300544367640573,OVER,0.5630638515313027,0.0012848537153284934,0,tenure60:16;rest:7;shrink:0.25;odds_type:goblin;bo5
prizepicks,15245621,lol-kills-202609252040,2026-09-27T13:32:51+00:00,14.5,10.935953223879853,0.20846504498899324,0.7915349550110068,-0.6292909027832356,0.4075703128221584,UNDER,0.7915349550110068,0.4075703128221584,0,tenure60:22;rest:8;shrink:0.25;odds_type:demon;bo5
prizepicks,15245622,lol-kills-202609252040,2026-09-27T13:32:51+00:00,8.5,9.435953223879855,0.5351189286600518,0.4648810713399481,-0.048409027241742564,-0.1733115627193348,OVER,0.5351189286600518,-0.048409027241742564,0,tenure60:22;rest:8;shrink:0.25;odds_type:goblin;bo5
prizepicks,15245592,lol-kills-202609252040,2026-09-27T13:32:51+00:00,16.5,13.132827484411992,0.2461053325462045,0.7538946674537955,-0.5623559544323026,0.34063536447122533,UNDER,0.7538946674537955,0.34063536447122533,0,tenure60:16;rest:7;shrink:0.25;odds_type:demon;bo5
prizepicks,15245593,lol-kills-202609252040,2026-09-27T13:32:51+00:00,10.5,11.632827484411992,0.5385550345150638,0.4614449654849362,-0.042298670949060646,-0.1794219190120166,OVER,0.5385550345150638,-0.042298670949060646,0,tenure60:16;rest:7;shrink:0.25;odds_type:goblin;bo5
prizepicks,15267652,cs2-kills-202609260130,2026-09-27T13:34:15+00:00,29.5,28.5390684327962,0.4166466794892249,0.583353320510775,-0.25908578860322495,0.03736519864214766,UNDER,0.583353320510775,0.03736519864214766,0,tenure60:49;rest:1;shrink:0.25;market_unproven
prizepicks,15267653,cs2-kills-202609260130,2026-09-27T13:34:15+00:00,28.5,28.23973430375667,0.45425798162987063,0.5457420183701294,-0.19220238442176185,-0.02951820553931539,UNDER,0.5457420183701294,-0.02951820553931539,0,tenure60:46;rest:1;shrink:0.25;market_unproven
prizepicks,15267654,cs2-kills-202609260130,2026-09-27T13:34:15+00:00,25.5,25.77443776116754,0.4844748515447644,0.5155251484552357,-0.13846834681628178,-0.08325224314479546,UNDER,0.5155251484552357,-0.08325224314479546,0,tenure60:49;rest:1;shrink:0.25;market_unproven
prizepicks,15267655,cs2-kills-202609260130,2026-09-27T13:34:15+00:00,29.5,29.024550578298836,0.44189129741458416,0.5581087025854159,-0.21419380433225915,-0.0075267856288180335,UNDER,0.5581087025854159,-0.0075267856288180335,0,tenure60:49;rest:1;shrink:0.25;market_unproven
prizepicks,15267656,cs2-kills-202609260130,2026-09-27T13:34:15+00:00,27.5,27.437077217726937,0.464382237808322,0.535617762191678,-0.17419862811766246,-0.047521961843414784,UNDER,0.535617762191678,-0.047521961843414784,0,tenure60:49;rest:1;shrink:0.25;market_unproven
prizepicks,15267657,cs2-kills-202609260130,2026-09-27T13:34:15+00:00,24.5,25.934984499601615,0.5535125582254721,0.44648744177452787,-0.015700014509672566,-0.20602057545140462,OVER,0.5535125582254721,-0.015700014509672566,0,tenure60:59;rest:1;shrink:0.25;market_unproven
prizepicks,15267658,cs2-kills-202609260130,2026-09-27T13:34:15+00:00,28.5,29.11776980322122,0.5040943719723466,0.4959056280276533,-0.10357935760507408,-0.11814123235600327,OVER,0.5040943719723466,-0.10357935760507408,0,tenure60:59;rest:1;shrink:0.25;market_unproven
prizepicks,15267659,cs2-kills-202609260130,2026-09-27T13:34:15+00:00,32.5,31.405764202673836,0.4143005677200396,0.5856994322799605,-0.2632578308560173,0.0415372408949401,UNDER,0.5856994322799605,0.0415372408949401,0,tenure60:59;rest:1;shrink:0.25;market_unproven
prizepicks,15267660,cs2-kills-202609260130,2026-09-27T13:34:15+00:00,31.5,31.553186193236503,0.47127120448343135,0.5287287955165687,-0.16194812052287122,-0.059772469438205966,UNDER,0.5287287955165687,-0.059772469438205966,0,tenure60:59;rest:1;shrink:0.25;market_unproven
prizepicks,15267661,cs2-kills-202609260130,2026-09-27T13:34:15+00:00,30.5,,,,,,,,,0,player_unmapped:destiny
prizepicks,15267662,cs2-headshots-202609260140,2026-09-27T13:34:15+00:00,18.0,17.07112772742147,0.3603759468004454,0.5677240531995545,-0.2872508739314857,0.08147199438860991,UNDER,0.5677240531995545,0.08147199438860991,0,tenure60:49;rest:1;shrink:0.25
prizepicks,15267663,cs2-headshots-202609260140,2026-09-27T13:34:15+00:00,16.5,16.31808320788137,0.4498847078704571,0.5501152921295429,-0.19997928710259044,-0.0217413028584868,UNDER,0.5501152921295429,-0.0217413028584868,0,tenure60:46;rest:1;shrink:0.25
prizepicks,15267664,cs2-headshots-202609260140,2026-09-27T13:34:15+00:00,14.5,14.530864342822905,0.46779431899995416,0.5322056810000457,-0.16813099438920176,-0.053589595571875426,UNDER,0.5322056810000457,-0.053589595571875426,0,tenure60:49;rest:1;shrink:0.25
prizepicks,15267665,cs2-headshots-202609260140,2026-09-27T13:34:15+00:00,15.0,15.510070559839303,0.4644962675642953,0.45290373243570464,-0.09139585135048328,-0.11201061787980904,OVER,0.4644962675642953,-0.09139585135048328,0,tenure60:49;rest:1;shrink:0.25
prizepicks,15267666,cs2-headshots-202609260140,2026-09-27T13:34:15+00:00,11.0,11.03781447046455,0.4159551433135928,0.48119485668640716,-0.1574655331456486,-0.04145109413793191,UNDER,0.48119485668640716,-0.04145109413793191,0,tenure60:49;rest:1;shrink:0.25
prizepicks,15267667,cs2-headshots-202609260140,2026-09-27T13:34:15+00:00,14.0,14.606087007919415,0.4735788147768641,0.44097118522313594,-0.07239454465166589,-0.13038002089723727,OVER,0.4735788147768641,-0.07239454465166589,0,tenure60:59;rest:1;shrink:0.25
prizepicks,15267668,cs2-headshots-202609260140,2026-09-27T13:34:15+00:00,9.5,10.163462804975008,0.5360979562256856,0.4639020437743144,-0.04666804267991559,-0.17505254728116165,OVER,0.5360979562256856,-0.04666804267991559,0,tenure60:59;rest:1;shrink:0.25
prizepicks,15267669,cs2-headshots-202609260140,2026-09-27T13:34:15+00:00,17.5,17.47231284156267,0.463278550851429,0.536721449148571,-0.17616129190823376,-0.04555929805284348,UNDER,0.536721449148571,-0.04555929805284348,0,tenure60:59;rest:1;shrink:0.25
prizepicks,15267670,cs2-headshots-202609260140,2026-09-27T13:34:15+00:00,16.5,17.396743708281036,0.5351338540231976,0.46486614597680237,-0.04838248577577314,-0.1733381041853041,OVER,0.5351338540231976,-0.04838248577577314,0,tenure60:59;rest:1;shrink:0.25
prizepicks,15267671,cs2-headshots-202609260140,2026-09-27T13:34:15+00:00,14.5,,,,,,,,,0,player_unmapped:destiny
prizepicks,15266369,cs2-kills-202609260130,2026-09-27T13:34:15+00:00,12.5,12.897752389135691,0.49566712624116716,0.5043328737588328,-0.11856535517216904,-0.1031552347889082,UNDER,0.5043328737588328,-0.1031552347889082,0,tenure60:47;rest:1;shrink:0.25;market_unproven;voidable
prizepicks,15266370,cs2-kills-202609260130,2026-09-27T13:34:15+00:00,16.0,16.131793611433828,0.43775691088829444,0.49503419339381005,-0.154337003047207,-0.052481990904665876,UNDER,0.49503419339381005,-0.052481990904665876,0,tenure60:47;rest:1;shrink:0.25;market_unproven;voidable
prizepicks,15266371,cs2-kills-202609260130,2026-09-27T13:34:15+00:00,15.0,14.850878911856745,0.4156091199714638,0.5138060853484079,-0.19034606465022114,-0.015724422992096476,UNDER,0.5138060853484079,-0.015724422992096476,0,tenure60:47;rest:1;shrink:0.25;market_unproven;voidable
prizepicks,15266372,cs2-kills-202609260130,2026-09-27T13:34:15+00:00,15.0,15.011736682646504,0.4274820589299418,0.5019080246683265,-0.16920754004210742,-0.036857377597275476,UNDER,0.5019080246683265,-0.036857377597275476,0,tenure60:47;rest:1;shrink:0.25;market_unproven;voidable
prizepicks,15266373,cs2-kills-202609260130,2026-09-27T13:34:15+00:00,14.0,14.749413655672651,0.48169152918449604,0.4446341476136229,-0.0697435484591668,-0.13564192709660644,OVER,0.48169152918449604,-0.0697435484591668,0,tenure60:47;rest:1;shrink:0.25;market_unproven;voidable
prizepicks,15266374,cs2-kills-202609260130,2026-09-27T13:34:15+00:00,15.5,15.050719136131596,0.4303502866378507,0.5696497133621493,-0.23471694616756156,0.012996356206484316,UNDER,0.5696497133621493,0.012996356206484316,0,tenure60:25;rest:1;shrink:0.25;market_unproven;voidable
prizepicks,15266375,cs2-kills-202609260130,2026-09-27T13:34:15+00:00,14.5,14.706680592679088,0.4784878081313495,0.5215121918686505,-0.14911498284536656,-0.07260560711571068,UNDER,0.5215121918686505,-0.07260560711571068,0,tenure60:25;rest:1;shrink:0.25;market_unproven;voidable
prizepicks,15266376,cs2-kills-202609260130,2026-09-27T13:34:15+00:00,15.5,14.920238441419134,0.420735606634568,0.579264393365432,-0.25181453365151213,0.030093943690434888,UNDER,0.579264393365432,0.030093943690434888,0,tenure60:25;rest:1;shrink:0.25;market_unproven;voidable
prizepicks,15266377,cs2-kills-202609260130,2026-09-27T13:34:15+00:00,13.0,13.142361378460865,0.4337150588028321,0.4877339451797693,-0.15018244508970446,-0.054121771692364984,UNDER,0.4877339451797693,-0.054121771692364984,0,tenure60:25;rest:1;shrink:0.25;market_unproven;voidable
prizepicks,15266378,cs2-kills-202609260130,2026-09-27T13:34:15+00:00,14.5,14.516935744554898,0.4641677399948533,0.5358322600051467,-0.17458006516285224,-0.047140524798225,UNDER,0.5358322600051467,-0.047140524798225,0,tenure60:25;rest:1;shrink:0.25;market_unproven;voidable
prizepicks,15266379,cs2-headshots-202609260140,2026-09-27T13:34:15+00:00,5.5,6.006003152721426,0.5262277776535413,0.47377222234645866,-0.06421997800816709,-0.15750061195291015,OVER,0.5262277776535413,-0.06421997800816709,0,tenure60:47;rest:1;shrink:0.25;voidable
prizepicks,15266380,cs2-headshots-202609260140,2026-09-27T13:34:15+00:00,6.0,6.540706893677745,0.461900423880812,0.4068594114657933,-0.04737182207110657,-0.14525012115643104,OVER,0.461900423880812,-0.04737182207110657,0,tenure60:47;rest:1;shrink:0.25;voidable
prizepicks,15266381,cs2-headshots-202609260140,2026-09-27T13:34:15+00:00,9.0,8.963365178628221,0.40446048602689444,0.493825451205904,-0.17904218275683664,-0.02012630520015868,UNDER,0.493825451205904,-0.02012630520015868,0,tenure60:47;rest:1;shrink:0.25;voidable
prizepicks,15266382,cs2-headshots-202609260140,2026-09-27T13:34:15+00:00,8.0,8.289310360318229,0.43548887514431134,0.4545931019426293,-0.11566107711680057,-0.081688423956638,UNDER,0.4545931019426293,-0.081688423956638,0,tenure60:47;rest:1;shrink:0.25;voidable
prizepicks,15266383,cs2-headshots-202609260140,2026-09-27T13:34:15+00:00,8.0,8.212962888726125,0.4270689161653556,0.4628547190597939,-0.13047577494065882,-0.06683861848176781,UNDER,0.4628547190597939,-0.06683861848176781,0,tenure60:47;rest:1;shrink:0.25;voidable
prizepicks,15266384,cs2-headshots-202609260140,2026-09-27T13:34:15+00:00,5.0,5.199854348017966,0.4108598900563573,0.4400055964556268,-0.12024180361390835,-0.06841259403304778,UNDER,0.4400055964556268,-0.06841259403304778,0,tenure60:25;rest:1;shrink:0.25;voidable
prizepicks,15266385,cs2-headshots-202609260140,2026-09-27T13:34:15+00:00,8.0,8.2186928673031,0.4277022350664664,0.46223168384007396,-0.12935984066021583,-0.0679568328661157,UNDER,0.46223168384007396,-0.0679568328661157,0,tenure60:25;rest:1;shrink:0.25;voidable
prizepicks,15266386,cs2-headshots-202609260140,2026-09-27T13:34:15+00:00,8.5,8.279595763753631,0.4344197770333458,0.5655802229666542,-0.2274802551879015,0.005759665226824251,UNDER,0.5655802229666542,0.005759665226824251,0,tenure60:25;rest:1;shrink:0.25;voidable
prizepicks,15266387,cs2-headshots-202609260140,2026-09-27T13:34:15+00:00,7.0,7.432969577337794,0.44974448731694255,0.4306837807739359,-0.08065690651664803,-0.11455216850287092,OVER,0.44974448731694255,-0.08065690651664803,0,tenure60:25;rest:1;shrink:0.25;voidable
prizepicks,15266388,cs2-headshots-202609260140,2026-09-27T13:34:15+00:00,7.5,7.501288761103178,0.45783720889975354,0.5421627911002465,-0.18583751826387923,-0.03588307169719801,UNDER,0.5421627911002465,-0.03588307169719801,0,tenure60:25;rest:1;shrink:0.25;voidable
prizepicks,15275544,cs2-kills-202609260130,2026-09-27T13:34:15+00:00,26.5,28.23388074662868,0.5652771631286816,0.4347228368713184,0.00522074015694779,-0.22694133011802503,OVER,0.5652771631286816,0.00522074015694779,0,tenure60:15;rest:1;shrink:0.25;market_unproven
prizepicks,15275545,cs2-kills-202609260130,2026-09-27T13:34:15+00:00,26.5,27.4617382383584,0.5237055660721911,0.4762944339278089,-0.06870517493104394,-0.1530154150300333,OVER,0.5237055660721911,-0.06870517493104394,0,tenure60:15;rest:1;shrink:0.25;market_unproven
prizepicks,15275546,cs2-kills-202609260130,2026-09-27T13:34:15+00:00,24.5,25.84455143277749,0.5491379016905601,0.45086209830943985,-0.02347937615169876,-0.19824121380937854,OVER,0.5491379016905601,-0.02347937615169876,0,tenure60:15;rest:1;shrink:0.25;market_unproven
prizepicks,15275547,cs2-kills-202609260130,2026-09-27T13:34:15+00:00,23.5,25.80291071622475,0.6024871219317787,0.39751287806822133,0.0713904437448919,-0.29311103370596914,OVER,0.6024871219317787,0.0713904437448919,0,tenure60:15;rest:1;shrink:0.25;market_unproven
prizepicks,15275548,cs2-kills-202609260130,2026-09-27T13:34:15+00:00,29.5,30.064295875684067,0.4964246938304346,0.5035753061695654,-0.11721818832646186,-0.10450240163461538,UNDER,0.5035753061695654,-0.10450240163461538,0,tenure60:15;rest:1;shrink:0.25;market_unproven
prizepicks,15275549,cs2-kills-202609260130,2026-09-27T13:34:15+00:00,26.5,27.155979361578197,0.5075375045132579,0.49246249548674215,-0.0974565059015367,-0.12426408405954054,OVER,0.5075375045132579,-0.0974565059015367,0,tenure60:22;rest:1;shrink:0.25;market_unproven
prizepicks,15275550,cs2-kills-202609260130,2026-09-27T13:34:15+00:00,31.5,30.887912958935765,0.43672626909134266,0.5632737309086573,-0.22337866785174731,0.0016580778906700178,UNDER,0.5632737309086573,0.0016580778906700178,0,tenure60:22;rest:1;shrink:0.25;market_unproven
prizepicks,15275551,cs2-kills-202609260130,2026-09-27T13:34:15+00:00,28.5,28.351763621001936,0.46057250563304714,0.5394274943669528,-0.18097339640271648,-0.04074719355836082,UNDER,0.5394274943669528,-0.04074719355836082,0,tenure60:22;rest:1;shrink:0.25;market_unproven
prizepicks,15275552,cs2-kills-202609260130,2026-09-27T13:34:15+00:00,29.5,29.57325519170225,0.47215842383725554,0.5278415761627444,-0.1603703966137775,-0.06135019334729974,UNDER,0.5278415761627444,-0.06135019334729974,0,tenure60:22;rest:1;shrink:0.25;market_unproven
prizepicks,15275553,cs2-kills-202609260130,2026-09-27T13:34:15+00:00,32.5,30.334182056985988,0.3633790452621423,0.6366209547378576,-0.35381052577073047,0.13208993580965323,UNDER,0.6366209547378576,0.13208993580965323,0,tenure60:22;rest:1;shrink:0.25;market_unproven
prizepicks,15275555,cs2-headshots-202609260140,2026-09-27T13:34:15+00:00,14.0,14.62977201374401,0.4758622376235438,0.4384877623764563,-0.06813398081900296,-0.134596240611908,OVER,0.4758622376235438,-0.06813398081900296,0,tenure60:15;rest:1;shrink:0.25
prizepicks,15275556,cs2-headshots-202609260140,2026-09-27T13:34:15+00:00,14.0,14.632413228395661,0.47606521027655657,0.4383347897234435,-0.0678230387293493,-0.13491826873105967,OVER,0.47606521027655657,-0.0678230387293493,0,tenure60:15;rest:1;shrink:0.25
prizepicks,15275557,cs2-headshots-202609260140,2026-09-27T13:34:15+00:00,13.5,15.09368766508371,0.5983344192976179,0.40166558070238206,0.06400577815454944,-0.2857263681156266,OVER,0.5983344192976179,0.06400577815454944,0,tenure60:15;rest:1;shrink:0.25
prizepicks,15275559,cs2-headshots-202609260140,2026-09-27T13:34:15+00:00,13.5,14.2500207393401,0.5311251491433745,0.4688748508566255,-0.05551108312448516,-0.16620950683659208,OVER,0.5311251491433745,-0.05551108312448516,0,tenure60:22;rest:1;shrink:0.25
prizepicks,15275560,cs2-headshots-202609260140,2026-09-27T13:34:15+00:00,11.5,11.11561435291786,0.42447366332957737,0.5755263366704226,-0.24516722439721883,0.02344663443614159,UNDER,0.5755263366704226,0.02344663443614159,0,tenure60:22;rest:1;shrink:0.25
prizepicks,15275561,cs2-headshots-202609260140,2026-09-27T13:34:15+00:00,16.5,16.828631567815165,0.49205000828659085,0.5079499917134092,-0.1249976015544742,-0.09672298840660304,UNDER,0.5079499917134092,-0.09672298840660304,0,tenure60:22;rest:1;shrink:0.25
prizepicks,15275562,cs2-headshots-202609260140,2026-09-27T13:34:15+00:00,14.5,15.53371540280333,0.5502033935000531,0.4497966064999469,-0.021584634005312298,-0.20013595595576494,OVER,0.5502033935000531,-0.021584634005312298,0,tenure60:22;rest:1;shrink:0.25
prizepicks,15275563,cs2-headshots-202609260140,2026-09-27T13:34:15+00:00,16.5,15.91311155060109,0.4174254970317455,0.5825745029682545,-0.25770083340318356,0.03598024344210632,UNDER,0.5825745029682545,0.03598024344210632,0,tenure60:22;rest:1;shrink:0.25
prizepicks,15272962,cs2-kills-202609260130,2026-09-27T13:34:15+00:00,29.5,30.647722074458954,0.5291278092728895,0.4708721907271105,-0.059062911491018444,-0.1626576784700588,OVER,0.5291278092728895,-0.059062911491018444,0,tenure60:48;rest:1;shrink:0.25;market_unproven
prizepicks,15272963,cs2-kills-202609260130,2026-09-27T13:34:15+00:00,28.5,29.269170810167346,0.5118149383779619,0.4881850616220381,-0.08985003333213032,-0.13187055662894692,OVER,0.5118149383779619,-0.08985003333213032,0,tenure60:58;rest:1;shrink:0.25;market_unproven
prizepicks,15272964,cs2-kills-202609260130,2026-09-27T13:34:15+00:00,31.5,31.01007313555984,0.44340438721045466,0.5565956127895453,-0.21150310790272253,-0.01021748205835471,UNDER,0.5565956127895453,-0.01021748205835471,0,tenure60:58;rest:1;shrink:0.25;market_unproven
prizepicks,15272965,cs2-kills-202609260130,2026-09-27T13:34:15+00:00,31.5,31.019389416638028,0.44361309259126513,0.5563869074087349,-0.211131971421263,-0.010588618539814243,UNDER,0.5563869074087349,-0.010588618539814243,0,tenure60:58;rest:1;shrink:0.25;market_unproven
prizepicks,15272966,cs2-kills-202609260130,2026-09-27T13:34:15+00:00,24.5,26.373949345801645,0.577813110423256,0.422186889576744,0.027513157116222597,-0.24923374707729984,OVER,0.577813110423256,0.027513157116222597,0,tenure60:58;rest:1;shrink:0.25;market_unproven
prizepicks,15272967,cs2-kills-202609260130,2026-09-27T13:34:15+00:00,31.5,31.180720243161005,0.4510226007789172,0.5489773992210828,-0.19795579557264653,-0.02376479438843071,UNDER,0.5489773992210828,-0.02376479438843071,0,tenure60:53;rest:0;shrink:0.25;market_unproven
prizepicks,15272968,cs2-kills-202609260130,2026-09-27T13:34:15+00:00,30.5,29.372684497258856,0.410547228918542,0.5894527710814579,-0.26993231596562045,0.04821172600454321,UNDER,0.5894527710814579,0.04821172600454321,0,tenure60:53;rest:0;shrink:0.25;market_unproven
prizepicks,15272969,cs2-kills-202609260130,2026-09-27T13:34:15+00:00,29.5,29.083235458694464,0.4453871196483071,0.554612880351693,-0.20797725563287345,-0.013743334328203738,UNDER,0.554612880351693,-0.013743334328203738,0,tenure60:50;rest:0;shrink:0.25;market_unproven
prizepicks,15272970,cs2-kills-202609260130,2026-09-27T13:34:15+00:00,28.5,27.990319007423295,0.44116085595280397,0.5588391440471959,-0.21549273334398145,-0.0062278566170957395,UNDER,0.5588391440471959,-0.0062278566170957395,0,tenure60:53;rest:0;shrink:0.25;market_unproven
prizepicks,15272971,cs2-kills-202609260130,2026-09-27T13:34:15+00:00,28.0,27.397732667952877,0.40799319913816107,0.5406068008618389,-0.22307409453669813,0.012749942899620226,UNDER,0.5406068008618389,0.012749942899620226,0,tenure60:53;rest:0;shrink:0.25;market_unproven
prizepicks,15272972,cs2-headshots-202609260140,2026-09-27T13:34:15+00:00,15.0,16.433309896801784,0.5413750192476782,0.3844249807523219,0.03691604983757152,-0.24218497202353684,OVER,0.5413750192476782,0.03691604983757152,0,tenure60:48;rest:1;shrink:0.25
prizepicks,15272973,cs2-headshots-202609260140,2026-09-27T13:34:15+00:00,11.5,11.775506957480136,0.4918470200404853,0.5081529799595147,-0.12535857137300355,-0.0963620185880737,UNDER,0.5081529799595147,-0.0963620185880737,0,tenure60:58;rest:1;shrink:0.25
prizepicks,15272974,cs2-headshots-202609260140,2026-09-27T13:34:15+00:00,17.5,17.416634533955914,0.4584585671003732,0.5415414328996269,-0.1847325697694585,-0.036988020191618676,UNDER,0.5415414328996269,-0.036988020191618676,0,tenure60:58;rest:1;shrink:0.25
prizepicks,15272975,cs2-headshots-202609260140,2026-09-27T13:34:15+00:00,18.5,18.173136793793386,0.44131179381741636,0.5586882061825836,-0.2152243236471461,-0.006496266313931132,UNDER,0.5586882061825836,-0.006496266313931132,0,tenure60:58;rest:1;shrink:0.25
prizepicks,15272976,cs2-headshots-202609260140,2026-09-27T13:34:15+00:00,13.5,14.531815705205167,0.5542621440270349,0.4457378559729651,-0.014367041512695966,-0.20735354844838128,OVER,0.5542621440270349,-0.014367041512695966,0,tenure60:58;rest:1;shrink:0.25
prizepicks,15272977,cs2-headshots-202609260140,2026-09-27T13:34:15+00:00,19.0,18.421636627881732,0.38949734679543996,0.5409526532045601,-0.2378148879288794,0.03151496499959511,UNDER,0.5409526532045601,0.03151496499959511,0,tenure60:53;rest:0;shrink:0.25
prizepicks,15272978,cs2-headshots-202609260140,2026-09-27T13:34:15+00:00,10.5,10.045069747821682,0.4151946333822131,0.5848053666177869,-0.2616679322977513,0.039947342336674074,UNDER,0.5848053666177869,0.039947342336674074,0,tenure60:53;rest:0;shrink:0.25
prizepicks,15272979,cs2-headshots-202609260140,2026-09-27T13:34:15+00:00,17.0,16.535875308090628,0.3934496892827202,0.5332003107172798,-0.22698651866232683,0.021529133974894643,UNDER,0.5332003107172798,0.021529133974894643,0,tenure60:50;rest:0;shrink:0.25
prizepicks,15272980,cs2-headshots-202609260140,2026-09-27T13:34:15+00:00,15.5,15.077549370136888,0.4299505926575003,0.5700494073424998,-0.23542771374313526,0.013707123782058017,UNDER,0.5700494073424998,0.013707123782058017,0,tenure60:53;rest:0;shrink:0.25
prizepicks,15272981,cs2-headshots-202609260140,2026-09-27T13:34:15+00:00,17.0,17.297814870700485,0.4489208391906446,0.47307916080935536,-0.12369331492988234,-0.08073306901423083,UNDER,0.47307916080935536,-0.08073306901423083,0,tenure60:53;rest:0;shrink:0.25
prizepicks,15269088,cs2-kills-202609260130,2026-09-27T13:34:15+00:00,16.0,14.833550662200935,0.3458319491143482,0.5883537957338987,-0.31919991040457296,0.11207169592359129,UNDER,0.5883537957338987,0.11207169592359129,0,tenure60:24;rest:1;shrink:0.25;market_unproven;voidable
prizepicks,15269089,cs2-kills-202609260130,2026-09-27T13:34:15+00:00,16.0,14.995537374443645,0.3573585059974862,0.5764539916521473,-0.29832922443203286,0.0912837665401291,UNDER,0.5764539916521473,0.0912837665401291,0,tenure60:19;rest:1;shrink:0.25;market_unproven;voidable
prizepicks,15269090,cs2-kills-202609260130,2026-09-27T13:34:15+00:00,14.0,13.909580968118247,0.41745524663139477,0.5081834420567617,-0.18328661899082677,-0.021946537155909218,UNDER,0.5081834420567617,-0.021946537155909218,0,tenure60:21;rest:1;shrink:0.25;market_unproven;voidable
prizepicks,15269091,cs2-kills-202609260130,2026-09-27T13:34:15+00:00,14.0,13.807012954054466,0.4094639759069577,0.5162135624651303,-0.19753618086407154,-0.007705589057505513,UNDER,0.5162135624651303,-0.007705589057505513,0,tenure60:24;rest:1;shrink:0.25;market_unproven;voidable
prizepicks,15269092,cs2-kills-202609260130,2026-09-27T13:34:15+00:00,13.0,13.069170140742147,0.42773991631515457,0.4936853446789975,-0.16078417495914082,-0.04351477751352212,UNDER,0.4936853446789975,-0.04351477751352212,0,tenure60:19;rest:1;shrink:0.25;market_unproven;voidable
prizepicks,15269093,cs2-kills-202609260130,2026-09-27T13:34:15+00:00,16.0,14.543768021675863,0.3252622136115796,0.6097419616105357,-0.3565970778929615,0.1492874005466437,UNDER,0.6097419616105357,0.1492874005466437,0,tenure60:46;rest:1;shrink:0.25;market_unproven;voidable
prizepicks,15269094,cs2-kills-202609260130,2026-09-27T13:34:15+00:00,15.0,15.138027637146484,0.4367600845707164,0.49265108381174066,-0.15272970286349347,-0.05333988970667913,UNDER,0.49265108381174066,-0.05333988970667913,0,tenure60:46;rest:1;shrink:0.25;market_unproven;voidable
prizepicks,15269095,cs2-kills-202609260130,2026-09-27T13:34:15+00:00,14.5,14.443707890846014,0.4586021063429218,0.5413978936570782,-0.18447731688990177,-0.037243273071175476,UNDER,0.5413978936570782,-0.037243273071175476,0,tenure60:46;rest:1;shrink:0.25;market_unproven;voidable
prizepicks,15269096,cs2-kills-202609260130,2026-09-27T13:34:15+00:00,14.5,13.743653827620886,0.40451663927296805,0.595483360727032,-0.2806563893627387,0.05893579940166149,UNDER,0.595483360727032,0.05893579940166149,0,tenure60:46;rest:1;shrink:0.25;market_unproven;voidable
prizepicks,15269097,cs2-kills-202609260130,2026-09-27T13:34:15+00:00,13.0,13.07441295205184,0.4281684894236065,0.49325793118328387,-0.16002321183742263,-0.04427599774526081,UNDER,0.49325793118328387,-0.04427599774526081,0,tenure60:45;rest:1;shrink:0.25;market_unproven;voidable
prizepicks,15269098,cs2-headshots-202609260140,2026-09-27T13:34:15+00:00,10.0,9.005419345660313,0.3160843995223801,0.5923359179362528,-0.3463339379534677,0.14491844923391056,UNDER,0.5923359179362528,0.14491844923391056,0,tenure60:24;rest:1;shrink:0.25;voidable
prizepicks,15269099,cs2-headshots-202609260140,2026-09-27T13:34:15+00:00,8.0,8.098412922269342,0.41436411392828937,0.47540977781087856,-0.15291871968146853,-0.04436247252690351,UNDER,0.47540977781087856,-0.04436247252690351,0,tenure60:19;rest:1;shrink:0.25;voidable
prizepicks,15269100,cs2-headshots-202609260140,2026-09-27T13:34:15+00:00,8.0,7.841427184911177,0.3856070818312615,0.5042360300817199,-0.20412597792725506,0.0068294381811079274,UNDER,0.5042360300817199,0.0068294381811079274,0,tenure60:21;rest:1;shrink:0.25;voidable
prizepicks,15269101,cs2-headshots-202609260140,2026-09-27T13:34:15+00:00,5.0,5.087077066096626,0.39392027134566204,0.4566061252227339,-0.15002608883745971,-0.038553125587154125,UNDER,0.4566061252227339,-0.038553125587154125,0,tenure60:24;rest:1;shrink:0.25;voidable
prizepicks,15269102,cs2-headshots-202609260140,2026-09-27T13:34:15+00:00,6.0,6.43224176849526,0.4477691706331788,0.42026882595815973,-0.07177930000415161,-0.12068259670871151,OVER,0.4477691706331788,-0.07177930000415161,0,tenure60:19;rest:1;shrink:0.25;voidable
prizepicks,15269103,cs2-headshots-202609260140,2026-09-27T13:34:15+00:00,6.0,6.2395423888491734,0.4223163261335617,0.4448038899835999,-0.11612378883056618,-0.07613461705410762,UNDER,0.4448038899835999,-0.07613461705410762,0,tenure60:46;rest:1;shrink:0.25;voidable
prizepicks,15269104,cs2-headshots-202609260140,2026-09-27T13:34:15+00:00,8.5,8.268617518683572,0.43321079977646104,0.566789200223539,-0.22963015455102498,0.007909564589947737,UNDER,0.566789200223539,0.007909564589947737,0,tenure60:46;rest:1;shrink:0.25;voidable
prizepicks,15269105,cs2-headshots-202609260140,2026-09-27T13:34:15+00:00,8.5,8.432484295576145,0.45116247871657295,0.5488375212834271,-0.19770705351619466,-0.02401353644488252,UNDER,0.5488375212834271,-0.02401353644488252,0,tenure60:46;rest:1;shrink:0.25;voidable
prizepicks,15269106,cs2-headshots-202609260140,2026-09-27T13:34:15+00:00,7.5,7.519125020538684,0.4599419984866475,0.5400580015133525,-0.18209461427904133,-0.03962597568203591,UNDER,0.5400580015133525,-0.03962597568203591,0,tenure60:46;rest:1;shrink:0.25;voidable
prizepicks,15269107,cs2-headshots-202609260140,2026-09-27T13:34:15+00:00,8.0,7.828403893713065,0.3841423401756696,0.5057198678738359,-0.20674979399094462,0.009449020238141426,UNDER,0.5057198678738359,0.009449020238141426,0,tenure60:45;rest:1;shrink:0.25;voidable
prizepicks,15269008,cs2-kills-202609260130,2026-09-27T13:34:15+00:00,33.0,32.298451135662916,0.4110163656511829,0.5436836343488171,-0.22379805977347228,0.012121412537631826,UNDER,0.5436836343488171,0.012121412537631826,0,tenure60:38;rest:1;shrink:0.25;market_unproven
prizepicks,15269009,cs2-kills-202609260130,2026-09-27T13:34:15+00:00,30.5,31.564919346567283,0.5244355447678339,0.47556445523216606,-0.06740706884681519,-0.15431352111426205,OVER,0.5244355447678339,-0.06740706884681519,0,tenure60:38;rest:1;shrink:0.25;market_unproven
prizepicks,15269010,cs2-kills-202609260130,2026-09-27T13:34:15+00:00,28.5,28.934107081612293,0.49381572200316864,0.5061842779968313,-0.12185766920826052,-0.09986292075281678,UNDER,0.5061842779968313,-0.09986292075281678,0,tenure60:33;rest:1;shrink:0.25;market_unproven
prizepicks,15269011,cs2-kills-202609260130,2026-09-27T13:34:15+00:00,29.0,30.218932331972027,0.5054507896225874,0.4440992103774126,-0.05071726802623766,-0.15981751817130324,OVER,0.5054507896225874,-0.05071726802623766,0,tenure60:38;rest:1;shrink:0.25;market_unproven
prizepicks,15269012,cs2-kills-202609260130,2026-09-27T13:34:15+00:00,27.0,28.110050285185174,0.5016944596159277,0.44395554038407226,-0.05349707233439188,-0.15617300356230085,OVER,0.5016944596159277,-0.05349707233439188,0,tenure60:38;rest:1;shrink:0.25;market_unproven
prizepicks,15269013,cs2-kills-202609260130,2026-09-27T13:34:15+00:00,31.0,30.394927670628967,0.41174615154779065,0.5378038484522092,-0.21735029653979782,0.006815510342256859,UNDER,0.5378038484522092,0.006815510342256859,0,tenure60:31;rest:1;shrink:0.25;market_unproven
prizepicks,15269014,cs2-kills-202609260130,2026-09-27T13:34:15+00:00,31.0,29.712936782431093,0.3788268714611663,0.5747731285388339,-0.27993997451114655,0.06850721992426334,UNDER,0.5747731285388339,0.06850721992426334,0,tenure60:31;rest:1;shrink:0.25;market_unproven
prizepicks,15269015,cs2-kills-202609260130,2026-09-27T13:34:15+00:00,30.0,29.182793411937425,0.40069753861235585,0.5510024613876441,-0.2391478174323713,0.02813633196641402,UNDER,0.5510024613876441,0.02813633196641402,0,tenure60:31;rest:1;shrink:0.25;market_unproven
prizepicks,15269016,cs2-kills-202609260130,2026-09-27T13:34:15+00:00,27.5,28.267430486233142,0.5108238672396362,0.48917613276036376,-0.09161243473129865,-0.1301081552297786,OVER,0.5108238672396362,-0.09161243473129865,0,tenure60:10;rest:1;shrink:0.25;market_unproven
prizepicks,15269017,cs2-kills-202609260130,2026-09-27T13:34:15+00:00,27.0,27.63355602274885,0.47560291270656874,0.4693970872934313,-0.09924513297936971,-0.1102808245338483,OVER,0.47560291270656874,-0.09924513297936971,0,tenure60:25;rest:1;shrink:0.25;market_unproven
prizepicks,15269018,cs2-headshots-202609260140,2026-09-27T13:34:15+00:00,19.5,19.113519016870036,0.4374061458930177,0.5625938541069824,-0.22216965693396556,0.00044906697288837893,UNDER,0.5625938541069824,0.00044906697288837893,0,tenure60:38;rest:1;shrink:0.25
prizepicks,15269019,cs2-headshots-202609260140,2026-09-27T13:34:15+00:00,11.5,12.195988452941826,0.5332056297435597,0.4667943702564403,-0.051811407310190405,-0.16990918265088684,OVER,0.5332056297435597,-0.051811407310190405,0,tenure60:38;rest:1;shrink:0.25
prizepicks,15269020,cs2-headshots-202609260140,2026-09-27T13:34:15+00:00,16.5,16.657163343592043,0.47880536713847494,0.5211946328615251,-0.14855027420152306,-0.07317031575955418,UNDER,0.5211946328615251,-0.07317031575955418,0,tenure60:33;rest:1;shrink:0.25
prizepicks,15269021,cs2-headshots-202609260140,2026-09-27T13:34:15+00:00,16.5,17.817377609465904,0.56516903185213,0.43483096814787003,0.005028452534274808,-0.22674904249535205,OVER,0.56516903185213,0.005028452534274808,0,tenure60:38;rest:1;shrink:0.25
prizepicks,15269022,cs2-headshots-202609260140,2026-09-27T13:34:15+00:00,16.0,16.481935236214262,0.463177075100304,0.45582292489969606,-0.09534174414707763,-0.10841947802715224,OVER,0.463177075100304,-0.09534174414707763,0,tenure60:38;rest:1;shrink:0.25
prizepicks,15269023,cs2-headshots-202609260140,2026-09-27T13:34:15+00:00,9.5,9.835683136563716,0.49890091933262737,0.5010990806673726,-0.1128147675012992,-0.10890582245977803,UNDER,0.5010990806673726,-0.10890582245977803,0,tenure60:31;rest:1;shrink:0.25
prizepicks,15269024,cs2-headshots-202609260140,2026-09-27T13:34:15+00:00,17.0,17.00794430680132,0.42847988200237985,0.4952701179976201,-0.16179304821926066,-0.04302134675728442,UNDER,0.4952701179976201,-0.04302134675728442,0,tenure60:31;rest:1;shrink:0.25
prizepicks,15269025,cs2-headshots-202609260140,2026-09-27T13:34:15+00:00,17.5,17.17130112206953,0.43923213387444804,0.560767866125552,-0.2189225401036094,-0.0027980498574678436,UNDER,0.560767866125552,-0.0027980498574678436,0,tenure60:31;rest:1;shrink:0.25
prizepicks,15269026,cs2-headshots-202609260140,2026-09-27T13:34:15+00:00,16.0,16.014493484772153,0.42634995658033253,0.4949000434196674,-0.1630806507422059,-0.04117944275943658,UNDER,0.4949000434196674,-0.04117944275943658,0,tenure60:10;rest:1;shrink:0.25
prizepicks,15269027,cs2-headshots-202609260140,2026-09-27T13:34:15+00:00,15.0,14.991717515258793,0.42269885288310854,0.49260114711689146,-0.16362333327089634,-0.03931752272047778,UNDER,0.49260114711689146,-0.03931752272047778,0,tenure60:25;rest:1;shrink:0.25
prizepicks,15275584,cs2-kills-202609260130,2026-09-27T13:34:15+00:00,14.0,14.311402458230138,0.44849540269187177,0.47725716170731375,-0.1282024242951147,-0.07705598044145273,UNDER,0.47725716170731375,-0.07705598044145273,0,tenure60:15;rest:1;shrink:0.25;market_unproven;voidable
prizepicks,15275585,cs2-kills-202609260130,2026-09-27T13:34:15+00:00,13.5,13.800082430372159,0.4864693420555526,0.5135306579444474,-0.13492158540742905,-0.0867990045536482,UNDER,0.5135306579444474,-0.0867990045536482,0,tenure60:15;rest:1;shrink:0.25;market_unproven;voidable
prizepicks,15275586,cs2-kills-202609260130,2026-09-27T13:34:15+00:00,12.5,12.991129085320074,0.5033564332541126,0.4966435667458874,-0.10489161883358022,-0.11682897112749702,OVER,0.5033564332541126,-0.10489161883358022,0,tenure60:15;rest:1;shrink:0.25;market_unproven;voidable
prizepicks,15275587,cs2-kills-202609260130,2026-09-27T13:34:15+00:00,11.5,12.845375857546268,0.5768966903141844,0.42310330968581555,0.025883506105315035,-0.24760409606639228,OVER,0.5768966903141844,0.025883506105315035,0,tenure60:15;rest:1;shrink:0.25;market_unproven;voidable
prizepicks,15275588,cs2-kills-202609260130,2026-09-27T13:34:15+00:00,14.5,14.99967035442381,0.5002830104599667,0.4997169895400333,-0.11035702330675418,-0.11136356665432307,OVER,0.5002830104599667,-0.11035702330675418,0,tenure60:15;rest:1;shrink:0.25;market_unproven;voidable
prizepicks,15275589,cs2-kills-202609260130,2026-09-27T13:34:15+00:00,13.0,13.522104480666787,0.4644034372138237,0.4574205109126807,-0.09598487777785808,-0.10840247184099988,OVER,0.4644034372138237,-0.09598487777785808,0,tenure60:22;rest:1;shrink:0.25;market_unproven;voidable
prizepicks,15275590,cs2-kills-202609260130,2026-09-27T13:34:15+00:00,15.5,15.388870924300011,0.4550546307571657,0.5449453692428343,-0.19078571968166758,-0.030934870279409665,UNDER,0.5449453692428343,-0.030934870279409665,0,tenure60:22;rest:1;shrink:0.25;market_unproven;voidable
prizepicks,15275591,cs2-kills-202609260130,2026-09-27T13:34:15+00:00,14.0,14.120220782521303,0.4337858243891224,0.4918608901848105,-0.1542543146959966,-0.050980620954868716,UNDER,0.4918608901848105,-0.050980620954868716,0,tenure60:22;rest:1;shrink:0.25;market_unproven;voidable
prizepicks,15275592,cs2-kills-202609260130,2026-09-27T13:34:15+00:00,14.5,14.731279569127262,0.4803330011036784,0.5196669988963216,-0.14583371417512558,-0.07588687578595166,UNDER,0.5196669988963216,-0.07588687578595166,0,tenure60:22;rest:1;shrink:0.25;market_unproven;voidable
prizepicks,15275593,cs2-kills-202609260130,2026-09-27T13:34:15+00:00,16.0,15.112944584072288,0.3657169735730368,0.5678620857373137,-0.2832320953036703,0.07623839549807182,UNDER,0.5678620857373137,0.07623839549807182,0,tenure60:22;rest:1;shrink:0.25;market_unproven;voidable
prizepicks,15275595,cs2-headshots-202609260140,2026-09-27T13:34:15+00:00,7.0,7.312933130739521,0.4354147391221377,0.4445439961843032,-0.10566966989807441,-0.08943530003547306,UNDER,0.4445439961843032,-0.08943530003547306,0,tenure60:15;rest:1;shrink:0.25;voidable
prizepicks,15275596,cs2-headshots-202609260140,2026-09-27T13:34:15+00:00,6.5,7.189253274626828,0.5426675238600956,0.45733247613990435,-0.034985515822786084,-0.18673507413829116,OVER,0.5426675238600956,-0.034985515822786084,0,tenure60:15;rest:1;shrink:0.25;voidable
prizepicks,15275597,cs2-headshots-202609260140,2026-09-27T13:34:15+00:00,6.5,7.490149606453238,0.5775861749486225,0.4224138250513775,0.02710960243427446,-0.2488301923953517,OVER,0.5775861749486225,0.02710960243427446,0,tenure60:15;rest:1;shrink:0.25;voidable
prizepicks,15275599,cs2-headshots-202609260140,2026-09-27T13:34:15+00:00,6.5,7.0606021932567415,0.527213011894753,0.472786988105247,-0.062467956242955036,-0.1592526337181222,OVER,0.527213011894753,-0.062467956242955036,0,tenure60:22;rest:1;shrink:0.25;voidable
prizepicks,15275600,cs2-headshots-202609260140,2026-09-27T13:34:15+00:00,5.5,5.493514152849954,0.454207936734424,0.5457920632655759,-0.19229137822891207,-0.029429211732165228,UNDER,0.5457920632655759,-0.029429211732165228,0,tenure60:22;rest:1;shrink:0.25;voidable
prizepicks,15275601,cs2-headshots-202609260140,2026-09-27T13:34:15+00:00,8.0,8.349586751825523,0.44210680002113034,0.4481321918048336,-0.1040495723101923,-0.0933347421638151,UNDER,0.4481321918048336,-0.0933347421638151,0,tenure60:22;rest:1;shrink:0.25;voidable
prizepicks,15275602,cs2-headshots-202609260140,2026-09-27T13:34:15+00:00,7.0,7.701766558683982,0.4812908905827458,0.4006666579570848,-0.026087867577237633,-0.16946028040563899,OVER,0.4812908905827458,-0.026087867577237633,0,tenure60:22;rest:1;shrink:0.25;voidable
prizepicks,15275603,cs2-headshots-202609260140,2026-09-27T13:34:15+00:00,8.0,7.893580597514571,0.39146670030518327,0.4983153426966511,-0.19364487013324932,-0.0036381293778900425,UNDER,0.4983153426966511,-0.0036381293778900425,0,tenure60:22;rest:1;shrink:0.25;voidable
prizepicks,15267692,cs2-kills-202609260130,2026-09-27T13:34:15+00:00,14.5,14.213852988888934,0.44100455896153096,0.558995441038469,-0.21577067306541337,-0.0059499168956639314,UNDER,0.558995441038469,-0.0059499168956639314,0,tenure60:49;rest:1;shrink:0.25;market_unproven;voidable
prizepicks,15267693,cs2-kills-202609260130,2026-09-27T13:34:15+00:00,14.0,14.065309052039083,0.42954014215897257,0.4960933054547658,-0.1617910570272456,-0.04344093706537838,UNDER,0.4960933054547658,-0.04344093706537838,0,tenure60:46;rest:1;shrink:0.25;market_unproven;voidable
prizepicks,15267694,cs2-kills-202609260130,2026-09-27T13:34:15+00:00,12.5,12.8320198387547,0.4902217938630466,0.5097782061369533,-0.12824867762099906,-0.09347191234007823,UNDER,0.5097782061369533,-0.09347191234007823,0,tenure60:49;rest:1;shrink:0.25;market_unproven;voidable
prizepicks,15267695,cs2-kills-202609260130,2026-09-27T13:34:15+00:00,14.5,14.456750477327011,0.4595949161748147,0.5404050838251853,-0.18271182360776234,-0.03900876635331496,UNDER,0.5404050838251853,-0.03900876635331496,0,tenure60:49;rest:1;shrink:0.25;market_unproven;voidable
prizepicks,15267696,cs2-kills-202609260130,2026-09-27T13:34:15+00:00,13.5,13.66377712518143,0.47569617551759513,0.5243038244824049,-0.1540792856427991,-0.06764130431827814,UNDER,0.5243038244824049,-0.06764130431827814,0,tenure60:49;rest:1;shrink:0.25;market_unproven;voidable
prizepicks,15267697,cs2-kills-202609260130,2026-09-27T13:34:15+00:00,12.0,12.906064520641934,0.49635382393901584,0.42172071350514606,-0.0354187522393255,-0.16813727583103721,OVER,0.49635382393901584,-0.0354187522393255,0,tenure60:59;rest:1;shrink:0.25;market_unproven;voidable
prizepicks,15267698,cs2-kills-202609260130,2026-09-27T13:34:15+00:00,14.0,14.49638490161061,0.46260789627035115,0.46333234722417654,-0.10329414663554048,-0.10200587042076964,UNDER,0.46333234722417654,-0.10200587042076964,0,tenure60:59;rest:1;shrink:0.25;market_unproven;voidable
prizepicks,15267699,cs2-kills-202609260130,2026-09-27T13:34:15+00:00,16.0,15.640382101336918,0.40318900117970263,0.5297137572429622,-0.21592005927064073,0.00907630929685127,UNDER,0.5297137572429622,0.00907630929685127,0,tenure60:59;rest:1;shrink:0.25;market_unproven;voidable
prizepicks,15267700,cs2-kills-202609260130,2026-09-27T13:34:15+00:00,15.5,15.714093096618251,0.47846023976544255,0.5215397602345575,-0.14916400710282735,-0.07255658285824984,UNDER,0.5215397602345575,-0.07255658285824984,0,tenure60:59;rest:1;shrink:0.25;market_unproven;voidable
prizepicks,15267701,cs2-kills-202609260130,2026-09-27T13:34:15+00:00,15.0,,,,,,,,,0,player_unmapped:destiny
prizepicks,15267702,cs2-headshots-202609260140,2026-09-27T13:34:15+00:00,9.0,8.535563863710735,0.3599949473191649,0.5390504547668054,-0.2588737995502526,0.05953692259795734,UNDER,0.5390504547668054,0.05953692259795734,0,tenure60:49;rest:1;shrink:0.25;voidable
prizepicks,15267703,cs2-headshots-202609260140,2026-09-27T13:34:15+00:00,8.5,8.221541603940684,0.42801701633011335,0.5719829836698866,-0.23886615271386608,0.017145562752788834,UNDER,0.5719829836698866,0.017145562752788834,0,tenure60:46;rest:1;shrink:0.25;voidable
prizepicks,15267704,cs2-headshots-202609260140,2026-09-27T13:34:15+00:00,7.0,7.202932171411453,0.42217050484042973,0.4574833154897615,-0.12891670404671768,-0.06612065995840777,UNDER,0.4574833154897615,-0.06612065995840777,0,tenure60:49;rest:1;shrink:0.25;voidable
prizepicks,15267705,cs2-headshots-202609260140,2026-09-27T13:34:15+00:00,7.5,7.755035279919651,0.4874433653474103,0.5125566346525897,-0.13318949984262013,-0.08853109011845711,UNDER,0.5125566346525897,-0.08853109011845711,0,tenure60:49;rest:1;shrink:0.25;voidable
prizepicks,15267706,cs2-headshots-202609260140,2026-09-27T13:34:15+00:00,5.5,5.518907235232275,0.45789446798644506,0.5421055320135549,-0.18573569560897807,-0.03598489435209917,UNDER,0.5421055320135549,-0.03598489435209917,0,tenure60:49;rest:1;shrink:0.25;voidable
prizepicks,15267707,cs2-headshots-202609260140,2026-09-27T13:34:15+00:00,7.0,7.3030435039597075,0.4342282154426474,0.44569810339033633,-0.10774722405337844,-0.08735055848054957,UNDER,0.44569810339033633,-0.08735055848054957,0,tenure60:59;rest:1;shrink:0.25;voidable
prizepicks,15267708,cs2-headshots-202609260140,2026-09-27T13:34:15+00:00,4.5,5.019231402487504,0.5353877315850298,0.46461226841497016,-0.04793102053489601,-0.17378956942618123,OVER,0.5353877315850298,-0.04793102053489601,0,tenure60:59;rest:1;shrink:0.25;voidable
prizepicks,15267709,cs2-headshots-202609260140,2026-09-27T13:34:15+00:00,8.5,8.673656420781334,0.4771716306138549,0.5228283693861451,-0.15145551422468329,-0.07026507573639396,UNDER,0.5228283693861451,-0.07026507573639396,0,tenure60:59;rest:1;shrink:0.25;voidable
prizepicks,15267710,cs2-headshots-202609260140,2026-09-27T13:34:15+00:00,8.0,8.635312853957938,0.4730723406611333,0.41827318687617826,-0.05009072468069914,-0.14753893154404119,OVER,0.4730723406611333,-0.05009072468069914,0,tenure60:59;rest:1;shrink:0.25;voidable
prizepicks,15267711,cs2-headshots-202609260140,2026-09-27T13:34:15+00:00,7.0,,,,,,,,,0,player_unmapped:destiny
prizepicks,15267672,cs2-kills-202609260130,2026-09-27T13:34:15+00:00,26.5,28.261249146231158,0.5664219487019037,0.43357805129809635,0.007256488770718217,-0.22897707873179546,OVER,0.5664219487019037,0.007256488770718217,0,tenure60:55;rest:1;shrink:0.25;market_unproven
prizepicks,15267673,cs2-kills-202609260130,2026-09-27T13:34:15+00:00,30.5,29.96057524404572,0.4402217324918157,0.5597782675081844,-0.2171627572581416,-0.0045578327029355825,UNDER,0.5597782675081844,-0.0045578327029355825,0,tenure60:55;rest:1;shrink:0.25;market_unproven
prizepicks,15267674,cs2-kills-202609260130,2026-09-27T13:34:15+00:00,30.5,30.15071223246388,0.4508138710380786,0.5491861289619214,-0.1983269753730426,-0.023393614588034628,UNDER,0.5491861289619214,-0.023393614588034628,0,tenure60:55;rest:1;shrink:0.25;market_unproven
prizepicks,15267675,cs2-kills-202609260130,2026-09-27T13:34:15+00:00,31.5,31.45391724050689,0.4660522795109772,0.5339477204890228,-0.17122882734392436,-0.050491762617152824,UNDER,0.5339477204890228,-0.050491762617152824,0,tenure60:55;rest:1;shrink:0.25;market_unproven
prizepicks,15267676,cs2-kills-202609260130,2026-09-27T13:34:15+00:00,28.5,29.168656087148996,0.5066506630501793,0.49334933694982075,-0.09903355781529821,-0.12268703214577903,OVER,0.5066506630501793,-0.09903355781529821,0,tenure60:55;rest:1;shrink:0.25;market_unproven
prizepicks,15267677,cs2-kills-202609260130,2026-09-27T13:34:15+00:00,29.5,29.225847798764697,0.4536317691498472,0.5463682308501527,-0.19331596518129684,-0.028404624779780452,UNDER,0.5463682308501527,-0.028404624779780452,0,tenure60:11;rest:1;shrink:0.25;market_unproven
prizepicks,15267678,cs2-kills-202609260130,2026-09-27T13:34:15+00:00,26.5,25.78051793419202,0.42425984608952866,0.5757401539104713,-0.24554745119270877,0.02382686123163158,UNDER,0.5757401539104713,0.02382686123163158,0,tenure60:28;rest:1;shrink:0.25;market_unproven
prizepicks,15267679,cs2-kills-202609260130,2026-09-27T13:34:15+00:00,27.5,27.368432570802362,0.4599462568697941,0.5400537431302059,-0.18208704168397172,-0.03963354827710547,UNDER,0.5400537431302059,-0.03963354827710547,0,tenure60:28;rest:1;shrink:0.25;market_unproven
prizepicks,15267680,cs2-kills-202609260130,2026-09-27T13:34:15+00:00,27.0,27.593639422725477,0.47262812798996734,0.4711718720100327,-0.10333513139020045,-0.10592476141506435,OVER,0.47262812798996734,-0.10333513139020045,0,tenure60:11;rest:1;shrink:0.25;market_unproven
prizepicks,15267681,cs2-kills-202609260130,2026-09-27T13:34:15+00:00,28.5,27.637572966117816,0.420922326717779,0.5790776732822209,-0.2514824931720972,0.029761903211019902,UNDER,0.5790776732822209,0.029761903211019902,0,tenure60:28;rest:1;shrink:0.25;market_unproven
prizepicks,15267682,cs2-headshots-202609260140,2026-09-27T13:34:15+00:00,13.5,14.789397292032557,0.5741469204220383,0.4258530795779617,0.020993646923766596,-0.24271423688484384,OVER,0.5741469204220383,0.020993646923766596,0,tenure60:55;rest:1;shrink:0.25
prizepicks,15267683,cs2-headshots-202609260140,2026-09-27T13:34:15+00:00,9.5,9.913342767854703,0.5085937766024832,0.49140622339751683,-0.09557815899386857,-0.12614243096720867,OVER,0.5085937766024832,-0.09557815899386857,0,tenure60:55;rest:1;shrink:0.25
prizepicks,15267684,cs2-headshots-202609260140,2026-09-27T13:34:15+00:00,17.0,17.51201270274216,0.4665765655795517,0.45807343442044834,-0.09494650022320811,-0.11006744328430201,OVER,0.4665765655795517,-0.09494650022320811,0,tenure60:55;rest:1;shrink:0.25
prizepicks,15267685,cs2-headshots-202609260140,2026-09-27T13:34:15+00:00,18.5,18.39361785780151,0.4579512145464198,0.5420487854535803,-0.18563478436978453,-0.03608580559129265,UNDER,0.5420487854535803,-0.03608580559129265,0,tenure60:55;rest:1;shrink:0.25
prizepicks,15267686,cs2-headshots-202609260140,2026-09-27T13:34:15+00:00,17.5,18.156407373315755,0.5149372338182551,0.48506276618174493,-0.08429771963859856,-0.13742287032247869,OVER,0.5149372338182551,-0.08429771963859856,0,tenure60:55;rest:1;shrink:0.25
prizepicks,15267687,cs2-headshots-202609260140,2026-09-27T13:34:15+00:00,18.5,18.078465636463783,0.43492085859503127,0.5650791414049686,-0.22658919216400591,0.004868602202928729,UNDER,0.5650791414049686,0.004868602202928729,0,tenure60:11;rest:1;shrink:0.25
prizepicks,15267688,cs2-headshots-202609260140,2026-09-27T13:34:15+00:00,14.0,14.04943003896653,0.4257414218081038,0.48850857819189614,-0.15716279559795293,-0.04554525377396196,UNDER,0.48850857819189614,-0.04554525377396196,0,tenure60:28;rest:1;shrink:0.25
prizepicks,15267690,cs2-headshots-202609260140,2026-09-27T13:34:15+00:00,18.0,17.437673110286617,0.38797732984977196,0.541022670150228,-0.23906790276627093,0.033089474692430176,UNDER,0.541022670150228,0.033089474692430176,0,tenure60:11;rest:1;shrink:0.25
prizepicks,15267691,cs2-headshots-202609260140,2026-09-27T13:34:15+00:00,14.5,14.130932015558688,0.43324715073225417,0.5667528492677458,-0.22956551239480283,0.007844922433725587,UNDER,0.5667528492677458,0.007844922433725587,0,tenure60:28;rest:1;shrink:0.25
prizepicks,15277599,cs2-kills-202609260130,2026-09-27T13:34:15+00:00,27.5,27.699201165119558,0.4788908009185378,0.5211091990814622,-0.14839834906951543,-0.07332224089156175,UNDER,0.5211091990814622,-0.07332224089156175,0,tenure60:38;rest:1;shrink:0.25;market_unproven
prizepicks,15277609,cs2-headshots-202609260140,2026-09-27T13:34:15+00:00,13.5,13.602774669772767,0.4732743611895812,0.5267256388104188,-0.1583859481972435,-0.06333464176383374,UNDER,0.5267256388104188,-0.06333464176383374,0,tenure60:38;rest:1;shrink:0.25
prizepicks,15277600,cs2-kills-202609260130,2026-09-27T13:34:15+00:00,28.5,28.474330151716437,0.46714824951475836,0.5328517504852417,-0.16927988645218006,-0.052440703508897124,UNDER,0.5328517504852417,-0.052440703508897124,0,tenure60:38;rest:1;shrink:0.25;market_unproven
prizepicks,15277610,cs2-headshots-202609260140,2026-09-27T13:34:15+00:00,16.5,16.907271277257536,0.49869792812405594,0.501302071875944,-0.11317574258792062,-0.10854484737315667,UNDER,0.501302071875944,-0.10854484737315667,0,tenure60:38;rest:1;shrink:0.25
prizepicks,15277601,cs2-kills-202609260130,2026-09-27T13:34:15+00:00,31.5,31.445443786310797,0.4656347681123357,0.5343652318876644,-0.17197127926758515,-0.04974931069349203,UNDER,0.5343652318876644,-0.04974931069349203,0,tenure60:38;rest:1;shrink:0.25;market_unproven
prizepicks,15277611,cs2-headshots-202609260140,2026-09-27T13:34:15+00:00,15.5,15.26357529372693,0.4456742143411246,0.5543257856588755,-0.2074667210519046,-0.014253868909172573,UNDER,0.5543257856588755,-0.014253868909172573,0,tenure60:38;rest:1;shrink:0.25
prizepicks,15277602,cs2-kills-202609260130,2026-09-27T13:34:15+00:00,31.5,31.595212443526098,0.47320221051817896,0.526797789481821,-0.15851425225061855,-0.06320633771045875,UNDER,0.526797789481821,-0.06320633771045875,0,tenure60:38;rest:1;shrink:0.25;market_unproven
prizepicks,15277612,cs2-headshots-202609260140,2026-09-27T13:34:15+00:00,10.5,10.717759769348701,0.48443804827953857,0.5155619517204615,-0.13853379330505505,-0.08318679665602219,UNDER,0.5155619517204615,-0.08318679665602219,0,tenure60:38;rest:1;shrink:0.25
prizepicks,15277603,cs2-kills-202609260130,2026-09-27T13:34:15+00:00,26.5,,,,,,,,,0,player_unmapped:s1n
prizepicks,15277613,cs2-headshots-202609260140,2026-09-27T13:34:15+00:00,13.5,,,,,,,,,0,player_unmapped:s1n
prizepicks,15277604,cs2-kills-202609260130,2026-09-27T13:34:15+00:00,24.5,24.751572203251108,0.48390080102372085,0.5160991989762791,-0.1394891690381755,-0.08223142092290181,UNDER,0.5160991989762791,-0.08223142092290181,0,tenure60:24;rest:1;shrink:0.25;market_unproven
prizepicks,15277614,cs2-headshots-202609260140,2026-09-27T13:34:15+00:00,11.5,11.440069617514686,0.45835709636585564,0.5416429036341444,-0.18491301308737257,-0.03680757687370467,UNDER,0.5416429036341444,-0.03680757687370467,0,tenure60:24;rest:1;shrink:0.25
prizepicks,15277605,cs2-kills-202609260130,2026-09-27T13:34:15+00:00,30.5,,,,,,,,,0,player_unmapped:koala
prizepicks,15277615,cs2-headshots-202609260140,2026-09-27T13:34:15+00:00,14.5,,,,,,,,,0,player_unmapped:koala
prizepicks,15277606,cs2-kills-202609260130,2026-09-27T13:34:15+00:00,28.5,27.870385623354384,0.4331789194035414,0.5668210805964586,-0.22968684676177237,0.007966256800695182,UNDER,0.5668210805964586,0.007966256800695182,0,tenure60:24;rest:1;shrink:0.25;market_unproven
prizepicks,15277616,cs2-headshots-202609260140,2026-09-27T13:34:15+00:00,9.5,9.609570914281516,0.4758114945033811,0.5241885054966189,-0.1538742162647893,-0.06784637369628793,UNDER,0.5241885054966189,-0.06784637369628793,0,tenure60:24;rest:1;shrink:0.25
prizepicks,15277607,cs2-kills-202609260130,2026-09-27T13:34:15+00:00,28.5,27.499534551448036,0.4138835028881707,0.5861164971118293,-0.26399948865918105,0.04227889869810386,UNDER,0.5861164971118293,0.04227889869810386,0,tenure60:24;rest:1;shrink:0.25;market_unproven
prizepicks,15277617,cs2-headshots-202609260140,2026-09-27T13:34:15+00:00,16.5,16.55409791992274,0.46901208518354004,0.53098791481646,-0.1659654658586895,-0.0557551241023877,UNDER,0.53098791481646,-0.0557551241023877,0,tenure60:24;rest:1;shrink:0.25
prizepicks,15277608,cs2-kills-202609260130,2026-09-27T13:34:15+00:00,32.5,30.524682740241957,0.37128294107484483,0.6287170589251552,-0.3397551905879088,0.11803460062683158,UNDER,0.6287170589251552,0.11803460062683158,0,tenure60:24;rest:1;shrink:0.25;market_unproven
prizepicks,15277618,cs2-headshots-202609260140,2026-09-27T13:34:15+00:00,18.5,17.457788581916127,0.38949734679543996,0.6105026532045601,-0.3073648879288794,0.08564429796780221,UNDER,0.6105026532045601,0.08564429796780221,1,tenure60:24;rest:1;shrink:0.25
prizepicks,15251774,cs2-kills-202609260130,2026-09-27T13:34:15+00:00,16.5,15.76973681808755,0.41233247911777743,0.5876675208822226,-0.2667576422945524,0.04503705233347516,UNDER,0.5876675208822226,0.04503705233347516,0,tenure60:59;rest:1;shrink:0.25;market_unproven;odds_type:demon
prizepicks,15251778,cs2-kills-202609260130,2026-09-27T13:34:15+00:00,16.5,15.76973681808755,0.41233247911777743,0.5876675208822226,-0.2667576422945524,0.04503705233347516,UNDER,0.5876675208822226,0.04503705233347516,0,tenure60:59;rest:1;shrink:0.25;market_unproven;odds_type:demon
prizepicks,15258211,cs2-kills-202609260130,2026-09-27T13:34:15+00:00,16.5,15.967819424897918,0.42627677177954576,0.5737232282204543,-0.24196079376657292,0.020240203805495682,UNDER,0.5737232282204543,0.020240203805495682,0,tenure60:59;rest:1;shrink:0.25;market_unproven;odds_type:demon
prizepicks,15251761,cs2-kills-202609260130,2026-09-27T13:34:15+00:00,15.5,,,,,,,,,0,player_unmapped:destiny
prizepicks,15251764,cs2-kills-202609260130,2026-09-27T13:34:15+00:00,15.5,,,,,,,,,0,player_unmapped:destiny
prizepicks,15251767,cs2-kills-202609260130,2026-09-27T13:34:15+00:00,15.5,14.89099722844981,0.41857557974238047,0.5814244202576195,-0.2556556649990196,0.03393507503794235,UNDER,0.5814244202576195,0.03393507503794235,0,tenure60:59;rest:1;shrink:0.25;market_unproven;odds_type:demon
prizepicks,15251770,cs2-kills-202609260130,2026-09-27T13:34:15+00:00,15.5,14.89099722844981,0.41857557974238047,0.5814244202576195,-0.2556556649990196,0.03393507503794235,UNDER,0.5814244202576195,0.03393507503794235,0,tenure60:59;rest:1;shrink:0.25;market_unproven;odds_type:demon
prizepicks,15251772,cs2-kills-202609260130,2026-09-27T13:34:15+00:00,15.5,15.51973681808755,0.4645187909122712,0.5354812090877288,-0.17395579854453264,-0.047764791416544605,UNDER,0.5354812090877288,-0.047764791416544605,0,tenure60:59;rest:1;shrink:0.25;market_unproven
prizepicks,15251776,cs2-kills-202609260130,2026-09-27T13:34:15+00:00,15.5,15.51973681808755,0.4645187909122712,0.5354812090877288,-0.17395579854453264,-0.047764791416544605,UNDER,0.5354812090877288,-0.047764791416544605,0,tenure60:59;rest:1;shrink:0.25;market_unproven
prizepicks,15251760,cs2-kills-202609260130,2026-09-27T13:34:15+00:00,14.5,,,,,,,,,0,player_unmapped:destiny
prizepicks,15251762,cs2-kills-202609260130,2026-09-27T13:34:15+00:00,14.5,,,,,,,,,0,player_unmapped:destiny
prizepicks,15251765,cs2-kills-202609260130,2026-09-27T13:34:15+00:00,14.5,14.64099722844981,0.4735478546257495,0.5264521453742506,-0.15789960045092466,-0.06382098951015253,UNDER,0.5264521453742506,-0.06382098951015253,0,tenure60:59;rest:1;shrink:0.25;market_unproven
prizepicks,15251768,cs2-kills-202609260130,2026-09-27T13:34:15+00:00,14.5,14.64099722844981,0.4735478546257495,0.5264521453742506,-0.15789960045092466,-0.06382098951015253,UNDER,0.5264521453742506,-0.06382098951015253,0,tenure60:59;rest:1;shrink:0.25;market_unproven
prizepicks,15251773,cs2-kills-202609260130,2026-09-27T13:34:15+00:00,14.5,15.26973681808755,0.5199932309998287,0.48000676900017125,-0.07530674395339126,-0.14641384600768598,OVER,0.5199932309998287,-0.07530674395339126,0,tenure60:59;rest:1;shrink:0.25;market_unproven;odds_type:goblin
prizepicks,15251777,cs2-kills-202609260130,2026-09-27T13:34:15+00:00,14.5,15.26973681808755,0.5199932309998287,0.48000676900017125,-0.07530674395339126,-0.14641384600768598,OVER,0.5199932309998287,-0.07530674395339126,0,tenure60:59;rest:1;shrink:0.25;market_unproven;odds_type:goblin
prizepicks,15251755,cs2-kills-202609260130,2026-09-27T13:34:15+00:00,13.5,13.288153931177622,0.4455629839157907,0.5544370160842094,-0.20766451982704576,-0.014056070134031429,UNDER,0.5544370160842094,-0.014056070134031429,0,tenure60:59;rest:1;shrink:0.25;market_unproven;odds_type:demon
prizepicks,15251759,cs2-kills-202609260130,2026-09-27T13:34:15+00:00,13.5,13.288153931177622,0.4455629839157907,0.5544370160842094,-0.20766451982704576,-0.014056070134031429,UNDER,0.5544370160842094,-0.014056070134031429,0,tenure60:59;rest:1;shrink:0.25;market_unproven;odds_type:demon
prizepicks,15251763,cs2-kills-202609260130,2026-09-27T13:34:15+00:00,13.5,,,,,,,,,0,player_unmapped:destiny
prizepicks,15251766,cs2-kills-202609260130,2026-09-27T13:34:15+00:00,13.5,14.39099722844981,0.5319827533815139,0.4680172466184861,-0.053986023165839725,-0.16773456679523752,OVER,0.5319827533815139,-0.053986023165839725,0,tenure60:59;rest:1;shrink:0.25;market_unproven;odds_type:goblin
prizepicks,15251769,cs2-kills-202609260130,2026-09-27T13:34:15+00:00,13.5,14.39099722844981,0.5319827533815139,0.4680172466184861,-0.053986023165839725,-0.16773456679523752,OVER,0.5319827533815139,-0.053986023165839725,0,tenure60:59;rest:1;shrink:0.25;market_unproven;odds_type:goblin
prizepicks,15258210,cs2-kills-202609260130,2026-09-27T13:34:15+00:00,13.5,,,,,,,,,0,player_unmapped:destiny
prizepicks,15251753,cs2-kills-202609260130,2026-09-27T13:34:15+00:00,12.5,13.038153931177622,0.5072077070191655,0.4927922929808345,-0.09804297799476358,-0.12367761196631366,OVER,0.5072077070191655,-0.09804297799476358,0,tenure60:59;rest:1;shrink:0.25;market_unproven
prizepicks,15251757,cs2-kills-202609260130,2026-09-27T13:34:15+00:00,12.5,13.038153931177622,0.5072077070191655,0.4927922929808345,-0.09804297799476358,-0.12367761196631366,OVER,0.5072077070191655,-0.09804297799476358,0,tenure60:59;rest:1;shrink:0.25;market_unproven
prizepicks,15251754,cs2-kills-202609260130,2026-09-27T13:34:15+00:00,11.5,12.788153931177622,0.5723173067390238,0.4276826932609762,0.017740082582936467,-0.2394606725440137,OVER,0.5723173067390238,0.017740082582936467,0,tenure60:59;rest:1;shrink:0.25;market_unproven;odds_type:goblin
prizepicks,15251758,cs2-kills-202609260130,2026-09-27T13:34:15+00:00,11.5,12.788153931177622,0.5723173067390238,0.4276826932609762,0.017740082582936467,-0.2394606725440137,OVER,0.5723173067390238,0.017740082582936467,0,tenure60:59;rest:1;shrink:0.25;market_unproven;odds_type:goblin
prizepicks,15251771,cs2-headshots-202609260140,2026-09-27T13:34:15+00:00,8.5,8.632011160149151,0.47271869608135847,0.5272813039186415,-0.15937407601807296,-0.062346513943004334,UNDER,0.5272813039186415,-0.062346513943004334,0,tenure60:59;rest:1;shrink:0.25
prizepicks,15251775,cs2-headshots-202609260140,2026-09-27T13:34:15+00:00,8.5,8.632011160149151,0.47271869608135847,0.5272813039186415,-0.15937407601807296,-0.062346513943004334,UNDER,0.5272813039186415,-0.062346513943004334,0,tenure60:59;rest:1;shrink:0.25
prizepicks,15251752,cs2-headshots-202609260140,2026-09-27T13:34:15+00:00,6.5,7.203237020593037,0.5443289131976399,0.4556710868023601,-0.03203110137177295,-0.1896894885893043,OVER,0.5443289131976399,-0.03203110137177295,0,tenure60:59;rest:1;shrink:0.25
prizepicks,15251756,cs2-headshots-202609260140,2026-09-27T13:34:15+00:00,6.5,7.203237020593037,0.5443289131976399,0.4556710868023601,-0.03203110137177295,-0.1896894885893043,OVER,0.5443289131976399,-0.03203110137177295,0,tenure60:59;rest:1;shrink:0.25
prizepicks,15266036,cs2-kills-202609260130,2026-09-27T13:34:15+00:00,25.5,26.201307862355243,0.5104065664411304,0.4895934335588696,-0.09235451214907442,-0.12936607781200282,OVER,0.5104065664411304,-0.09235451214907442,0,tenure60:59;rest:1;shrink:0.25;market_unproven
prizepicks,15266037,cs2-kills-202609260130,2026-09-27T13:34:15+00:00,28.5,29.15699445689962,0.5063898238164175,0.4936101761835825,-0.09949740285402703,-0.12222318710705021,OVER,0.5063898238164175,-0.09949740285402703,0,tenure60:59;rest:1;shrink:0.25;market_unproven
prizepicks,15266038,cs2-kills-202609260130,2026-09-27T13:34:15+00:00,32.5,31.4144736361751,0.41471763918151633,0.5852823608184836,-0.26251616126355826,0.04079557130248096,UNDER,0.5852823608184836,0.04079557130248096,0,tenure60:59;rest:1;shrink:0.25;market_unproven
prizepicks,15266039,cs2-kills-202609260130,2026-09-27T13:34:15+00:00,31.5,31.560638849795836,0.4715843407649499,0.52841565923505,-0.16139127672091041,-0.06032931324016677,UNDER,0.52841565923505,-0.06032931324016677,0,tenure60:59;rest:1;shrink:0.25;market_unproven
prizepicks,15266041,cs2-kills-202609260130,2026-09-27T13:34:15+00:00,30.5,,,,,,,,,0,player_unmapped:destiny
prizepicks,15266042,cs2-kills-202609260130,2026-09-27T13:34:15+00:00,24.5,25.885797569417107,0.551273276781592,0.44872672321840795,-0.019682082594606742,-0.20203850736647044,OVER,0.551273276781592,-0.019682082594606742,0,tenure60:32;rest:2;shrink:0.25;market_unproven
prizepicks,15266043,cs2-kills-202609260130,2026-09-27T13:34:15+00:00,28.5,28.99168213521611,0.49684211911851145,0.5031578808814884,-0.11647588953144511,-0.10524470042963213,UNDER,0.5031578808814884,-0.10524470042963213,0,tenure60:32;rest:2;shrink:0.25;market_unproven
prizepicks,15266044,cs2-kills-202609260130,2026-09-27T13:34:15+00:00,25.5,27.056723259041533,0.5578341170837623,0.4421658829162377,-0.00801507537270385,-0.2137055145883734,OVER,0.5578341170837623,-0.00801507537270385,0,tenure60:32;rest:2;shrink:0.25;market_unproven
prizepicks,15266045,cs2-kills-202609260130,2026-09-27T13:34:15+00:00,25.5,26.57477923354512,0.5316821389174096,0.46831786108259044,-0.05452059967771633,-0.1671999902833609,OVER,0.5316821389174096,-0.05452059967771633,0,tenure60:32;rest:2;shrink:0.25;market_unproven
prizepicks,15266046,cs2-kills-202609260130,2026-09-27T13:34:15+00:00,25.0,26.060543077225113,0.5014335924493817,0.44241640755061834,-0.05216096704541595,-0.15711001178934692,OVER,0.5014335924493817,-0.05216096704541595,0,tenure60:32;rest:2;shrink:0.25;market_unproven
prizepicks,15266047,cs2-headshots-202609260140,2026-09-27T13:34:15+00:00,14.5,14.781474041186074,0.48971565118451293,0.5102843488154871,-0.1291487407247775,-0.09257184923629969,UNDER,0.5102843488154871,-0.09257184923629969,0,tenure60:59;rest:1;shrink:0.25
prizepicks,15266048,cs2-headshots-202609260140,2026-09-27T13:34:15+00:00,9.5,10.222545237611874,0.5427449878712809,0.4572550121287191,-0.034847763166676315,-0.18687282679440093,OVER,0.5427449878712809,-0.034847763166676315,0,tenure60:59;rest:1;shrink:0.25
prizepicks,15266049,cs2-headshots-202609260140,2026-09-27T13:34:15+00:00,17.0,17.264022320298302,0.44618149004825947,0.4755685099517406,-0.12831464310669372,-0.07605631068992924,UNDER,0.4755685099517406,-0.07605631068992924,0,tenure60:59;rest:1;shrink:0.25
prizepicks,15266050,cs2-headshots-202609260140,2026-09-27T13:34:15+00:00,16.5,17.306174846107098,0.5285371966961286,0.47146280330387136,-0.06011318567558227,-0.16160740428549497,OVER,0.5285371966961286,-0.06011318567558227,0,tenure60:59;rest:1;shrink:0.25
prizepicks,15266052,cs2-headshots-202609260140,2026-09-27T13:34:15+00:00,14.5,,,,,,,,,0,player_unmapped:destiny
prizepicks,15266055,cs2-headshots-202609260140,2026-09-27T13:34:15+00:00,9.0,9.624575144469654,0.47758751378191233,0.41201248621808767,-0.040315957749945064,-0.1569266790794293,OVER,0.47758751378191233,-0.040315957749945064,0,tenure60:32;rest:2;shrink:0.25
prizepicks,15266056,cs2-headshots-202609260140,2026-09-27T13:34:15+00:00,14.5,14.536247169498626,0.4682002396640539,0.5317997603359461,-0.16740915403012402,-0.05431143593095322,UNDER,0.5317997603359461,-0.05431143593095322,0,tenure60:32;rest:2;shrink:0.25
prizepicks,15266057,cs2-headshots-202609260140,2026-09-27T13:34:15+00:00,14.5,15.414512403236404,0.5416287183884209,0.45837128161157914,-0.03683280220410112,-0.18488778775697612,OVER,0.5416287183884209,-0.03683280220410112,0,tenure60:32;rest:2;shrink:0.25
prizepicks,15266058,cs2-headshots-202609260140,2026-09-27T13:34:15+00:00,16.0,16.62327216009581,0.4760144670875104,0.4457855329124895,-0.07531327429762974,-0.12906876552849122,OVER,0.4760144670875104,-0.07531327429762974,0,tenure60:32;rest:2;shrink:0.25
prizepicks,15266059,cs2-headshots-202609260140,2026-09-27T13:34:15+00:00,16.0,16.14951424158146,0.4374568670743336,0.4836931329256664,-0.1432294605015786,-0.06100846094106771,UNDER,0.4836931329256664,-0.06100846094106771,0,tenure60:32;rest:2;shrink:0.25
prizepicks,15277815,cs2-kills-202609260130,2026-09-27T13:34:15+00:00,30.5,29.977713080929064,0.441108681963871,0.558891318036129,-0.2155855132742407,-0.006135076686836549,UNDER,0.558891318036129,-0.006135076686836549,0,tenure60:30;rest:1;shrink:0.25;market_unproven
prizepicks,15277816,cs2-kills-202609260130,2026-09-27T13:34:15+00:00,29.5,30.09854213214865,0.49861614315900027,0.5013838568409997,-0.11332117910732997,-0.10839941085374727,UNDER,0.5013838568409997,-0.10839941085374727,0,tenure60:25;rest:1;shrink:0.25;market_unproven
prizepicks,15277817,cs2-kills-202609260130,2026-09-27T13:34:15+00:00,28.5,28.030763240420065,0.4437696221462561,0.5562303778537439,-0.21085361813656,-0.01086697182451729,UNDER,0.5562303778537439,-0.01086697182451729,0,tenure60:30;rest:1;shrink:0.25;market_unproven
prizepicks,15277818,cs2-kills-202609260130,2026-09-27T13:34:15+00:00,32.5,31.543154211556686,0.4221217060648029,0.5778782939351971,-0.2493496615744587,0.027629071613381462,UNDER,0.5778782939351971,0.027629071613381462,0,tenure60:30;rest:1;shrink:0.25;market_unproven
prizepicks,15277819,cs2-kills-202609260130,2026-09-27T13:34:15+00:00,25.5,25.849038365751333,0.48891058907802964,0.5110894109219704,-0.13058036609253926,-0.09114022386853798,UNDER,0.5110894109219704,-0.09114022386853798,0,tenure60:30;rest:1;shrink:0.25;market_unproven
prizepicks,15277820,cs2-kills-202609260130,2026-09-27T13:34:15+00:00,27.5,29.282820958497762,0.5667341486858166,0.4332658513141834,0.007811667573925096,-0.22953225753500234,OVER,0.5667341486858166,0.007811667573925096,0,tenure60:22;rest:1;shrink:0.25;market_unproven
prizepicks,15277821,cs2-kills-202609260130,2026-09-27T13:34:15+00:00,23.5,25.948177927355836,0.6105794344750406,0.3894205655249594,0.08578083652017426,-0.3075014264812515,OVER,0.6105794344750406,0.08578083652017426,0,tenure60:22;rest:1;shrink:0.25;market_unproven
prizepicks,15277822,cs2-kills-202609260130,2026-09-27T13:34:15+00:00,27.5,28.000744339610247,0.49647687215090297,0.503523127849097,-0.11712540069352256,-0.10459518926755468,UNDER,0.503523127849097,-0.10459518926755468,0,tenure60:22;rest:1;shrink:0.25;market_unproven
prizepicks,15277823,cs2-kills-202609260130,2026-09-27T13:34:15+00:00,26.5,27.277618896395815,0.514005633298331,0.48599436670166896,-0.085954365661561,-0.13576622429951624,OVER,0.514005633298331,-0.085954365661561,0,tenure60:22;rest:1;shrink:0.25;market_unproven
prizepicks,15277824,cs2-kills-202609260130,2026-09-27T13:34:15+00:00,27.5,28.375277864261705,0.5169263487838817,0.48307365121611834,-0.08076051745102453,-0.14096007251005271,OVER,0.5169263487838817,-0.08076051745102453,0,tenure60:9;rest:1;shrink:0.25;market_unproven
prizepicks,15277825,cs2-headshots-202609260140,2026-09-27T13:34:15+00:00,9.5,9.762561298098053,0.4918470200404853,0.5081529799595147,-0.12535857137300355,-0.0963620185880737,UNDER,0.5081529799595147,-0.0963620185880737,0,tenure60:30;rest:1;shrink:0.25
prizepicks,15277826,cs2-headshots-202609260140,2026-09-27T13:34:15+00:00,19.5,18.98113071914415,0.42756704667169493,0.572432953328305,-0.23966632449257375,0.01794573453149645,UNDER,0.572432953328305,0.01794573453149645,0,tenure60:25;rest:1;shrink:0.25
prizepicks,15277827,cs2-headshots-202609260140,2026-09-27T13:34:15+00:00,14.5,14.633775659189961,0.47626818320387515,0.5237318167961249,-0.15306209615190336,-0.06865849380917383,UNDER,0.5237318167961249,-0.06865849380917383,0,tenure60:30;rest:1;shrink:0.25
prizepicks,15277828,cs2-headshots-202609260140,2026-09-27T13:34:15+00:00,18.5,18.338569161763672,0.45328370711397986,0.5467162928860201,-0.19393491673309599,-0.02778567322798131,UNDER,0.5467162928860201,-0.02778567322798131,0,tenure60:30;rest:1;shrink:0.25
prizepicks,15277829,cs2-headshots-202609260140,2026-09-27T13:34:15+00:00,13.5,13.599091652062913,0.47296990828032787,0.5270300917196722,-0.15892735053709522,-0.06279323942398202,UNDER,0.5270300917196722,-0.06279323942398202,0,tenure60:30;rest:1;shrink:0.25
prizepicks,15277830,cs2-headshots-202609260140,2026-09-27T13:34:15+00:00,13.5,15.317926924121728,0.6156684708080208,0.3843315291919792,0.09483056504805293,-0.31655115500913017,OVER,0.6156684708080208,0.09483056504805293,1,tenure60:22;rest:1;shrink:0.25
prizepicks,15277831,cs2-headshots-202609260140,2026-09-27T13:34:15+00:00,12.5,13.701168185891223,0.5736397290154273,0.42636027098457274,0.020091718888441523,-0.24181230884951876,OVER,0.5736397290154273,0.020091718888441523,0,tenure60:22;rest:1;shrink:0.25
prizepicks,15277832,cs2-headshots-202609260140,2026-09-27T13:34:15+00:00,13.5,14.448415912298058,0.5484276333401338,0.45157236665986616,-0.02474243173486418,-0.19697815822621312,OVER,0.5484276333401338,-0.02474243173486418,0,tenure60:22;rest:1;shrink:0.25
prizepicks,15277833,cs2-headshots-202609260140,2026-09-27T13:34:15+00:00,14.5,15.110327201833428,0.5187432646388196,0.48125673536118035,-0.07752953339641505,-0.1441910565646623,OVER,0.5187432646388196,-0.07752953339641505,0,tenure60:22;rest:1;shrink:0.25
prizepicks,15277834,cs2-headshots-202609260140,2026-09-27T13:34:15+00:00,9.5,9.899641946149236,0.5069698429321903,0.4930301570678097,-0.09846596680301933,-0.12325462315805791,OVER,0.5069698429321903,-0.09846596680301933,0,tenure60:9;rest:1;shrink:0.25
prizepicks,15278535,cs2-kills-202609260130,2026-09-27T13:34:15+00:00,27.5,26.41327178951948,0.4082538019147965,0.5917461980852035,-0.2740106699848084,0.052290080023731145,UNDER,0.5917461980852035,0.052290080023731145,0,tenure60:28;rest:13;shrink:0.25;market_unproven
prizepicks,15278536,cs2-kills-202609260130,2026-09-27T13:34:15+00:00,30.5,27.87036830484658,0.3307255160914864,0.6692744839085136,-0.4118776243600133,0.19015703439893616,UNDER,0.6692744839085136,0.19015703439893616,0,tenure60:28;rest:13;shrink:0.25;market_unproven
prizepicks,15278537,cs2-kills-202609260130,2026-09-27T13:34:15+00:00,29.5,28.672121275697997,0.4240512406651054,0.5759487593348946,-0.24591840992378317,0.02419781996270598,UNDER,0.5759487593348946,0.02419781996270598,0,tenure60:28;rest:13;shrink:0.25;market_unproven
prizepicks,15278538,cs2-kills-202609260130,2026-09-27T13:34:15+00:00,27.5,26.722140032316112,0.4243641493121387,0.5756358506878612,-0.24536197091954048,0.0236413809584633,UNDER,0.5756358506878612,0.0236413809584633,0,tenure60:28;rest:13;shrink:0.25;market_unproven
prizepicks,15278539,cs2-kills-202609260130,2026-09-27T13:34:15+00:00,25.5,24.68837764019754,0.4197751394302383,0.5802248605697617,-0.2535225127049893,0.03180192274391214,UNDER,0.5802248605697617,0.03180192274391214,0,tenure60:28;rest:13;shrink:0.25;market_unproven
prizepicks,15278540,cs2-kills-202609260130,2026-09-27T13:34:15+00:00,30.5,28.974815593942786,0.3905400107977477,0.6094599892022523,-0.3055107400019867,0.08379015004090945,UNDER,0.6094599892022523,0.08379015004090945,0,tenure60:44;rest:13;shrink:0.25;market_unproven
prizepicks,15278541,cs2-kills-202609260130,2026-09-27T13:34:15+00:00,29.5,29.70186612969912,0.47946487156465356,0.5205351284353464,-0.14737749105962,-0.07434309890145724,UNDER,0.5205351284353464,-0.07434309890145724,0,tenure60:44;rest:13;shrink:0.25;market_unproven
prizepicks,15278542,cs2-kills-202609260130,2026-09-27T13:34:15+00:00,29.5,30.06494631678156,0.4964246938304346,0.5035753061695654,-0.11721818832646186,-0.10450240163461538,UNDER,0.5035753061695654,-0.10450240163461538,0,tenure60:44;rest:13;shrink:0.25;market_unproven
prizepicks,15278543,cs2-kills-202609260130,2026-09-27T13:34:15+00:00,27.5,27.973788930657474,0.4951202213431749,0.5048797786568251,-0.11953790489151805,-0.10218268506955919,UNDER,0.5048797786568251,-0.10218268506955919,0,tenure60:44;rest:13;shrink:0.25;market_unproven
prizepicks,15278544,cs2-kills-202609260130,2026-09-27T13:34:15+00:00,31.5,,,,,,,,,0,player_unmapped:Peeping
prizepicks,15278545,cs2-headshots-202609260140,2026-09-27T13:34:15+00:00,14.0,13.701132660927088,0.3939564304547496,0.5186935695452504,-0.21208539126988796,0.009732094841910788,UNDER,0.5186935695452504,0.009732094841910788,0,tenure60:28;rest:13;shrink:0.25
prizepicks,15278546,cs2-headshots-202609260140,2026-09-27T13:34:15+00:00,20.0,17.71769840368934,0.27796042916455943,0.6615895708354405,-0.44525869201108137,0.23694111171315124,UNDER,0.6615895708354405,0.23694111171315124,1,tenure60:28;rest:13;shrink:0.25
prizepicks,15278547,cs2-headshots-202609260140,2026-09-27T13:34:15+00:00,10.5,10.656075659196391,0.47814569543599955,0.5218543045640005,-0.14972335480742033,-0.07199723515365686,UNDER,0.5218543045640005,-0.07199723515365686,0,tenure60:28;rest:13;shrink:0.25
prizepicks,15278548,cs2-headshots-202609260140,2026-09-27T13:34:15+00:00,17.5,16.112176436262448,0.36002159768281505,0.639978402317185,-0.35978100567133325,0.138060415710256,UNDER,0.639978402317185,0.138060415710256,1,tenure60:28;rest:13;shrink:0.25
prizepicks,15278549,cs2-headshots-202609260140,2026-09-27T13:34:15+00:00,15.5,15.051593386521695,0.42761775934845964,0.5723822406515404,-0.23957614318365522,0.017855553222578036,UNDER,0.5723822406515404,0.017855553222578036,0,tenure60:28;rest:13;shrink:0.25
prizepicks,15278550,cs2-headshots-202609260140,2026-09-27T13:34:15+00:00,18.5,17.45996815088397,0.38970002059559555,0.6102999794044044,-0.30700447728310826,0.08528388732203096,UNDER,0.6102999794044044,0.08528388732203096,1,tenure60:44;rest:13;shrink:0.25
prizepicks,15278551,cs2-headshots-202609260140,2026-09-27T13:34:15+00:00,17.5,17.255377194350007,0.4452683963428736,0.5547316036571263,-0.20818837884241737,-0.013532211118659876,UNDER,0.5547316036571263,-0.013532211118659876,0,tenure60:44;rest:13;shrink:0.25
prizepicks,15278552,cs2-headshots-202609260140,2026-09-27T13:34:15+00:00,10.5,10.538880976739803,0.46586621548120316,0.5341337845187968,-0.1715597011770203,-0.050160888784056945,UNDER,0.5341337845187968,-0.050160888784056945,0,tenure60:44;rest:13;shrink:0.25
prizepicks,15278553,cs2-headshots-202609260140,2026-09-27T13:34:15+00:00,17.5,17.847315653735272,0.4929127096458486,0.5070872903541515,-0.12346347749029357,-0.09825711247078361,UNDER,0.5070872903541515,-0.09825711247078361,0,tenure60:44;rest:13;shrink:0.25
prizepicks,15278554,cs2-headshots-202609260140,2026-09-27T13:34:15+00:00,18.5,,,,,,,,,0,player_unmapped:Peeping
sleeper,match-2837755:headshots_maps_1_2_over_under_player_1238,cs2-headshots-202609260140,2026-09-27T13:35:23+00:00,16.5,17.411040834386085,0.5362501822632603,0.46374981773673973,-0.04547467557139673,-0.17452532442860325,OVER,0.5362501822632603,-0.04547467557139673,0,tenure60:88;rest:1;shrink:0.25;voidable
sleeper,match-2837755:kills_maps_1_2_over_under_player_1238,cs2-kills-202609260130,2026-09-27T13:35:23+00:00,29.5,29.596957050978,0.4734631569725808,0.5265368430274192,-0.15723558058880616,-0.06276441941119382,UNDER,0.5265368430274192,-0.06276441941119382,0,tenure60:88;rest:1;shrink:0.25;market_unproven;voidable
sleeper,match-2837755:kills_maps_1_2_over_under_player_160068,cs2-kills-202609260130,2026-09-27T13:35:23+00:00,27.5,27.1554499806886,0.44804825921651076,0.5519517407834893,-0.1979936160024458,-0.01752590140538901,UNDER,0.5519517407834893,-0.01752590140538901,0,tenure60:54;rest:1;shrink:0.25;market_unproven;voidable
sleeper,match-2837755:headshots_maps_1_2_over_under_player_1651,cs2-headshots-202609260140,2026-09-27T13:35:23+00:00,16.5,16.2133135382427,0.44227556067235185,0.557724439327648,-0.21274950200321358,-0.0072504979967863425,UNDER,0.557724439327648,-0.0072504979967863425,0,tenure60:85;rest:1;shrink:0.25;voidable
sleeper,match-2837755:kills_maps_1_2_over_under_player_1651,cs2-kills-202609260130,2026-09-27T13:35:23+00:00,31.5,31.460030264272532,0.46631322442697737,0.5336867755730225,-0.17462559276424988,-0.04470067172428965,UNDER,0.5336867755730225,-0.04470067172428965,0,tenure60:85;rest:1;shrink:0.25;market_unproven;voidable
sleeper,match-2837755:headshots_maps_1_2_over_under_player_17860,cs2-headshots-202609260140,2026-09-27T13:35:23+00:00,10.5,10.664848345194512,0.47900834357659516,0.5209916564234047,-0.15215523186942642,-0.06742493500210539,UNDER,0.5209916564234047,-0.06742493500210539,0,tenure60:88;rest:1;shrink:0.25;voidable
sleeper,match-2837755:kills_maps_1_2_over_under_player_17860,cs2-kills-202609260130,2026-09-27T13:35:23+00:00,28.5,28.803006698156345,0.48651009729671674,0.5134899027032832,-0.2069885414063517,0.011575108325468042,UNDER,0.5134899027032832,0.011575108325468042,0,tenure60:88;rest:1;shrink:0.25;market_unproven;voidable
sleeper,match-2837755:headshots_maps_1_2_over_under_player_2074,cs2-headshots-202609260140,2026-09-27T13:35:23+00:00,15.5,14.127804491524202,0.35111375325213545,0.6488862467478645,-0.3750175192111989,0.15501751921119888,UNDER,0.6488862467478645,0.15501751921119888,0,tenure60:0;rest:446;shrink:0.25;voidable
sleeper,match-2837755:kills_maps_1_2_over_under_player_2074,cs2-kills-202609260130,2026-09-27T13:35:23+00:00,28.5,26.577517625477103,0.3616116969055691,0.6383883030944308,-0.4322696358582564,0.3086960213435831,UNDER,0.6383883030944308,0.3086960213435831,0,tenure60:0;rest:446;shrink:0.25;market_unproven;voidable
sleeper,match-2837755:kills_maps_1_2_over_under_player_22563,cs2-kills-202609260130,2026-09-27T13:35:23+00:00,29.5,30.075777098644167,0.496998652844709,0.503001347155291,-0.11037241140797083,-0.10968761553513495,UNDER,0.503001347155291,-0.10968761553513495,0,tenure60:0;rest:173;shrink:0.25;market_unproven;voidable
sleeper,match-2837755:headshots_maps_1_2_over_under_player_228623,cs2-headshots-202609260140,2026-09-27T13:35:23+00:00,16.5,17.231446795534467,0.523411928293603,0.47658807170639705,-0.06832676763738676,-0.1516732323626132,OVER,0.523411928293603,-0.06832676763738676,0,tenure60:95;rest:1;shrink:0.25;voidable
sleeper,match-2837755:kills_maps_1_2_over_under_player_228623,cs2-kills-202609260130,2026-09-27T13:35:23+00:00,29.5,28.996100364938876,0.4404825983359549,0.5595174016640452,-0.21594097496200038,-0.004059025037999542,UNDER,0.5595174016640452,-0.004059025037999542,0,tenure60:95;rest:1;shrink:0.25;market_unproven;voidable
sleeper,match-2837755:headshots_maps_1_2_over_under_player_229093,cs2-headshots-202609260140,2026-09-27T13:35:23+00:00,10.5,10.090359901363387,0.4194536445441468,0.5805463554558532,-0.22820529403876988,-0.001460268615932514,UNDER,0.5805463554558532,-0.001460268615932514,0,tenure60:85;rest:1;shrink:0.25;voidable
sleeper,match-2837755:kills_maps_1_2_over_under_player_229093,cs2-kills-202609260130,2026-09-27T13:35:23+00:00,28.5,28.773214423275313,0.48504889915787985,0.5149511008421201,-0.13661295949897384,-0.08338704050102613,UNDER,0.5149511008421201,-0.08338704050102613,0,tenure60:85;rest:1;shrink:0.25;market_unproven;voidable
sleeper,match-2837755:headshots_maps_1_2_over_under_player_229449,cs2-headshots-202609260140,2026-09-27T13:35:23+00:00,13.5,14.360112197151391,0.5406646586932828,0.45933534130671716,-0.03761690752595653,-0.18238309247404344,OVER,0.5406646586932828,-0.03761690752595653,0,tenure60:95;rest:1;shrink:0.25;voidable
sleeper,match-2837755:kills_maps_1_2_over_under_player_229449,cs2-kills-202609260130,2026-09-27T13:35:23+00:00,26.5,26.327894126298347,0.4593721980119307,0.5406278019880693,-0.16394259961828606,-0.059307624540759496,UNDER,0.5406278019880693,-0.059307624540759496,0,tenure60:95;rest:1;shrink:0.25;market_unproven;voidable
sleeper,match-2837755:headshots_maps_1_2_over_under_player_41072,cs2-headshots-202609260140,2026-09-27T13:35:23+00:00,18.5,17.658066666267516,0.4041940223889641,0.5958059776110358,-0.2805346401476438,0.06053464014764376,UNDER,0.5958059776110358,0.06053464014764376,0,tenure60:95;rest:1;shrink:0.25;voidable
sleeper,match-2837755:kills_maps_1_2_over_under_player_41072,cs2-kills-202609260130,2026-09-27T13:35:23+00:00,31.5,30.069164779626217,0.3967901745878857,0.6032098254121143,-0.28974558748768464,0.07371348923356352,UNDER,0.6032098254121143,0.07371348923356352,0,tenure60:95;rest:1;shrink:0.25;market_unproven;voidable
sleeper,match-2838883:kills_maps_1_2_over_under_player_1879,cs2-kills-202609260130,2026-09-27T13:35:23+00:00,27.5,27.65633797155621,0.4769598242317973,0.5230401757682026,-0.14624191462508274,-0.07421888889028128,UNDER,0.5230401757682026,-0.07421888889028128,0,tenure60:41;rest:0;shrink:0.25;market_unproven;voidable
sleeper,match-2838883:headshots_maps_1_2_over_under_player_1881,cs2-headshots-202609260140,2026-09-27T13:35:23+00:00,16.5,16.45686323024452,0.4606402144202386,0.5393597855797613,-0.18006041833197517,-0.03454598381222718,UNDER,0.5393597855797613,-0.03454598381222718,0,tenure60:41;rest:0;shrink:0.25;voidable
sleeper,match-2838883:kills_maps_1_2_over_under_player_1881,cs2-kills-202609260130,2026-09-27T13:35:23+00:00,29.5,28.8676285272037,0.43406572829571854,0.5659342717042815,-0.17961577352109198,-0.04923042353680718,UNDER,0.5659342717042815,-0.04923042353680718,0,tenure60:41;rest:0;shrink:0.25;market_unproven;voidable
sleeper,match-2838883:headshots_maps_1_2_over_under_player_2143,cs2-headshots-202609260140,2026-09-27T13:35:23+00:00,13.5,14.43659677234092,0.5473621614782194,0.4526378385217806,0.0673562148825278,-0.25767394482427985,OVER,0.5473621614782194,0.0673562148825278,0,tenure60:41;rest:0;shrink:0.25;voidable
sleeper,match-2838883:kills_maps_1_2_over_under_player_2143,cs2-kills-202609260130,2026-09-27T13:35:23+00:00,28.5,27.78119792610347,0.4271283059235792,0.5728716940764208,-0.21408391710061425,-0.01466068618855626,UNDER,0.5728716940764208,-0.01466068618855626,0,tenure60:41;rest:0;shrink:0.25;market_unproven;voidable
sleeper,match-2838883:headshots_maps_1_2_over_under_player_2240,cs2-headshots-202609260140,2026-09-27T13:35:23+00:00,13.5,12.638680014919757,0.3865080420586739,0.613491957941326,-0.2926902830326267,0.06747600681790733,UNDER,0.613491957941326,0.06747600681790733,0,tenure60:47;rest:1;shrink:0.25;voidable
sleeper,match-2838883:kills_maps_1_2_over_under_player_2240,cs2-kills-202609260130,2026-09-27T13:35:23+00:00,24.5,25.693790822103466,0.5411151884804144,0.4588848115195856,-0.009759205080841604,-0.20612927607111692,OVER,0.5411151884804144,-0.009759205080841604,0,tenure60:47;rest:1;shrink:0.25;market_unproven;voidable
sleeper,match-2838883:headshots_maps_1_2_over_under_player_2241,cs2-headshots-202609260140,2026-09-27T13:35:23+00:00,19.5,18.31969286904709,0.38235384078058104,0.6176461592194189,-0.25441001047786693,0.012939701119846936,UNDER,0.6176461592194189,0.012939701119846936,0,tenure60:47;rest:1;shrink:0.25;voidable
sleeper,match-2838883:kills_maps_1_2_over_under_player_2241,cs2-kills-202609260130,2026-09-27T13:35:23+00:00,31.5,30.084325256513527,0.3974153022034146,0.6025846977965854,-0.292600762077922,0.07260076207792204,UNDER,0.6025846977965854,0.07260076207792204,0,tenure60:47;rest:1;shrink:0.25;market_unproven;voidable
sleeper,match-2838883:headshots_maps_1_2_over_under_player_2242,cs2-headshots-202609260140,2026-09-27T13:35:23+00:00,11.5,12.950941342660581,0.5972698129165875,0.40273018708341246,-0.09214988436678695,-0.14621200338316553,OVER,0.5972698129165875,-0.09214988436678695,0,tenure60:47;rest:1;shrink:0.25;voidable
sleeper,match-2838883:kills_maps_1_2_over_under_player_2242,cs2-kills-202609260130,2026-09-27T13:35:23+00:00,31.5,32.14171007298941,0.5001292365323627,0.49987076346763715,-0.23480226810548488,0.054727310916714456,UNDER,0.49987076346763715,0.054727310916714456,0,tenure60:47;rest:1;shrink:0.25;market_unproven;voidable
sleeper,match-2838883:headshots_maps_1_2_over_under_player_229161,cs2-headshots-202609260140,2026-09-27T13:35:23+00:00,16.5,16.602356581590122,0.47398475393647693,0.5260152460635229,-0.1563071379930709,-0.06369286200692909,UNDER,0.5260152460635229,-0.06369286200692909,0,tenure60:47;rest:1;shrink:0.25;voidable
sleeper,match-2838883:kills_maps_1_2_over_under_player_229161,cs2-kills-202609260130,2026-09-27T13:35:23+00:00,29.5,29.88997938289205,0.4878669047691255,0.5121330952308745,-0.14623291665403038,-0.07303909763211719,UNDER,0.5121330952308745,-0.07303909763211719,0,tenure60:47;rest:1;shrink:0.25;market_unproven;voidable
sleeper,match-2838883:kills_maps_1_2_over_under_player_2361,cs2-kills-202609260130,2026-09-27T13:35:23+00:00,27.5,,,,,,,,,0,player_unmapped:Ag1l
sleeper,match-2838883:headshots_maps_1_2_over_under_player_2512,cs2-headshots-202609260140,2026-09-27T13:35:23+00:00,16.5,16.71933577389971,0.4834231385632391,0.516576861436761,-0.14434104474306686,-0.07532741802819787,UNDER,0.516576861436761,-0.07532741802819787,0,tenure60:47;rest:1;shrink:0.25;voidable
sleeper,match-2838883:kills_maps_1_2_over_under_player_2512,cs2-kills-202609260130,2026-09-27T13:35:23+00:00,30.5,30.156150454308605,0.4509182358361701,0.5490817641638299,-0.17481962841980875,-0.044597730354935916,UNDER,0.5490817641638299,-0.044597730354935916,0,tenure60:47;rest:1;shrink:0.25;market_unproven;voidable
sleeper,match-2838883:headshots_maps_1_2_over_under_player_4178,cs2-headshots-202609260140,2026-09-27T13:35:23+00:00,16.5,15.968895020750486,0.4222424828963613,0.5777575171036387,-0.24840838044447683,0.034185955615513186,UNDER,0.5777575171036387,0.034185955615513186,0,tenure60:40;rest:0;shrink:0.25;voidable
sleeper,match-2838883:kills_maps_1_2_over_under_player_4178,cs2-kills-202609260130,2026-09-27T13:35:23+00:00,29.5,28.277220104913845,0.40304230896258053,0.5969576910374195,-0.28258469004660663,0.06258469004660666,UNDER,0.5969576910374195,0.06258469004660666,0,tenure60:40;rest:0;shrink:0.25;market_unproven;voidable
sleeper,match-2838887:headshots_maps_1_2_over_under_player_1007,cs2-headshots-202609260140,2026-09-27T13:35:23+00:00,11.5,,,,,,,,,0,player_unmapped:lattykk
sleeper,match-2838887:kills_maps_1_2_over_under_player_1007,cs2-kills-202609260130,2026-09-27T13:35:23+00:00,32.5,,,,,,,,,0,player_unmapped:lattykk
sleeper,match-2838887:headshots_maps_1_2_over_under_player_1376,cs2-headshots-202609260140,2026-09-27T13:35:23+00:00,13.5,14.883795846451996,0.5805878696438058,0.4194121303561942,0.03344640796597437,-0.25344640796597434,OVER,0.5805878696438058,0.03344640796597437,0,tenure60:22;rest:1;shrink:0.25;voidable
sleeper,match-2838887:kills_maps_1_2_over_under_player_1376,cs2-kills-202609260130,2026-09-27T13:35:23+00:00,24.5,25.807779306888627,0.5470022927419049,0.452997707258095,-0.05915605648392347,-0.16195424157252414,OVER,0.5470022927419049,-0.05915605648392347,0,tenure60:22;rest:1;shrink:0.25;market_unproven;voidable
sleeper,match-2838887:kills_maps_1_2_over_under_player_2233,cs2-kills-202609260130,2026-09-27T13:35:23+00:00,27.5,29.261931028969933,0.565381237924093,0.434618762075907,-0.19715864214778797,0.012661715636863358,UNDER,0.434618762075907,0.012661715636863358,0,tenure60:6;rest:1;shrink:0.25;market_unproven;voidable
sleeper,match-2838887:headshots_maps_1_2_over_under_player_24031,cs2-headshots-202609260140,2026-09-27T13:35:23+00:00,15.5,16.28774355613388,0.5290953858568279,0.4709046141431721,-0.06879212089198289,-0.15237169454229021,OVER,0.5290953858568279,-0.06879212089198289,0,tenure60:22;rest:1;shrink:0.25;voidable
sleeper,match-2838887:kills_maps_1_2_over_under_player_24031,cs2-kills-202609260130,2026-09-27T13:35:23+00:00,26.5,27.606810117614533,0.5320470222557369,0.46795297774426314,-0.23385228795173896,0.06693278925691992,UNDER,0.46795297774426314,0.06693278925691992,0,tenure60:22;rest:1;shrink:0.25;market_unproven;voidable
sleeper,match-2838887:headshots_maps_1_2_over_under_player_24953,cs2-headshots-202609260140,2026-09-27T13:35:23+00:00,17.5,17.451531596395746,0.4610461077756079,0.5389538922243922,-0.17933792815941801,-0.04066207184058196,UNDER,0.5389538922243922,-0.04066207184058196,0,tenure60:50;rest:1;shrink:0.25;voidable
sleeper,match-2838887:kills_maps_1_2_over_under_player_24953,cs2-kills-202609260130,2026-09-27T13:35:23+00:00,29.5,29.039315368939224,0.44293480302699695,0.557065196973003,-0.2824456190962649,0.10298909000654599,UNDER,0.557065196973003,0.10298909000654599,0,tenure60:50;rest:1;shrink:0.25;market_unproven;voidable
sleeper,match-2838887:headshots_maps_1_2_over_under_player_2717,cs2-headshots-202609260140,2026-09-27T13:35:23+00:00,10.5,11.356378479875666,0.5516747119311322,0.44832528806886784,-0.018019012762584774,-0.2019809872374152,OVER,0.5516747119311322,-0.018019012762584774,0,tenure60:22;rest:1;shrink:0.25;voidable
sleeper,match-2838887:kills_maps_1_2_over_under_player_2717,cs2-kills-202609260130,2026-09-27T13:35:23+00:00,20.5,22.401010164427603,0.5916365272752963,0.40836347272470375,0.0649457490955333,-0.28128028800452143,OVER,0.5916365272752963,0.0649457490955333,0,tenure60:22;rest:1;shrink:0.25;market_unproven;voidable
sleeper,match-2838887:headshots_maps_1_2_over_under_player_2718,cs2-headshots-202609260140,2026-09-27T13:35:23+00:00,12.5,13.119473276264294,0.5228537231332367,0.4771462768667632,-0.04317768666617666,-0.17453694102049971,OVER,0.5228537231332367,-0.04317768666617666,0,tenure60:13;rest:1;shrink:0.25;voidable
sleeper,match-2838887:kills_maps_1_2_over_under_player_2718,cs2-kills-202609260130,2026-09-27T13:35:23+00:00,30.5,30.117006701878225,0.4491440545590279,0.550855945440972,-0.20052358288493027,-0.019476417115069755,UNDER,0.550855945440972,-0.019476417115069755,0,tenure60:13;rest:1;shrink:0.25;market_unproven;voidable
sleeper,match-2838887:kills_maps_1_2_over_under_player_81068,cs2-kills-202609260130,2026-09-27T13:35:23+00:00,28.5,28.800499082201256,0.4863013559853713,0.5136986440146286,-0.15383564058545385,-0.05993148145322946,UNDER,0.5136986440146286,-0.05993148145322946,0,tenure60:13;rest:1;shrink:0.25;market_unproven;voidable
sleeper,match-2838888:kills_maps_1_2_over_under_player_1118,cs2-kills-202609260130,2026-09-27T13:35:23+00:00,30.5,29.219949817311957,0.40252122671305446,0.5974787732869455,-0.29961306551928524,0.08741136738224092,UNDER,0.5974787732869455,0.08741136738224092,0,tenure60:71;rest:1;shrink:0.25;market_unproven;voidable
sleeper,match-2838888:headshots_maps_1_2_over_under_player_1244,cs2-headshots-202609260140,2026-09-27T13:35:23+00:00,8.5,9.844209154279008,0.6120705049850761,0.3879294950149239,0.06500267867403242,-0.29396831907283844,OVER,0.6120705049850761,0.06500267867403242,0,tenure60:71;rest:1;shrink:0.25;voidable
sleeper,match-2838888:kills_maps_1_2_over_under_player_1244,cs2-kills-202609260130,2026-09-27T13:35:23+00:00,31.5,30.029925851946274,0.3948628225732607,0.6051371774267392,-0.22606886775640894,-0.013626400794415017,UNDER,0.6051371774267392,-0.013626400794415017,0,tenure60:71;rest:1;shrink:0.25;market_unproven;voidable
sleeper,match-2838888:headshots_maps_1_2_over_under_player_1349,cs2-headshots-202609260140,2026-09-27T13:35:23+00:00,11.5,12.726089718622461,0.5787621623831047,0.42123783761689526,-0.00452908070105984,-0.22492237878491267,OVER,0.5787621623831047,-0.00452908070105984,0,tenure60:16;rest:1;shrink:0.25;voidable
sleeper,match-2838888:kills_maps_1_2_over_under_player_1349,cs2-kills-202609260130,2026-09-27T13:35:23+00:00,24.5,25.44471689032047,0.5251655048398319,0.474834495160168,-0.07570871148189573,-0.14529790871169762,OVER,0.5251655048398319,-0.07570871148189573,0,tenure60:16;rest:1;shrink:0.25;market_unproven;voidable
sleeper,match-2838888:headshots_maps_1_2_over_under_player_1464,cs2-headshots-202609260140,2026-09-27T13:35:23+00:00,9.5,10.330811742441632,0.5535011425703426,0.4464988574296574,-0.025837989076197054,-0.19183706805232015,OVER,0.5535011425703426,-0.025837989076197054,0,tenure60:40;rest:0;shrink:0.25;voidable
sleeper,match-2838888:kills_maps_1_2_over_under_player_1464,cs2-kills-202609260130,2026-09-27T13:35:23+00:00,30.5,29.78690131727959,0.43109238920625514,0.5689076107937449,-0.23265554721286585,0.01265554721286588,UNDER,0.5689076107937449,0.01265554721286588,0,tenure60:40;rest:0;shrink:0.25;market_unproven;voidable
sleeper,match-2838888:headshots_maps_1_2_over_under_player_1642,cs2-headshots-202609260140,2026-09-27T13:35:23+00:00,12.5,12.951568446184474,0.506157875456702,0.493842124543298,-0.09903898168707043,-0.12096101831292955,OVER,0.506157875456702,-0.09903898168707043,0,tenure60:40;rest:0;shrink:0.25;voidable
sleeper,match-2838888:kills_maps_1_2_over_under_player_1642,cs2-kills-202609260130,2026-09-27T13:35:23+00:00,26.5,25.7112544065509,0.4213394967306311,0.5786605032693689,-0.25001569581947664,0.03580230085217034,UNDER,0.5786605032693689,0.03580230085217034,0,tenure60:40;rest:0;shrink:0.25;market_unproven;voidable
sleeper,match-2838888:headshots_maps_1_2_over_under_player_172995,cs2-headshots-202609260140,2026-09-27T13:35:23+00:00,19.5,18.872255500315347,0.4198592841030297,0.5801407158969702,-0.2568490671376374,0.038451881455576764,UNDER,0.5801407158969702,0.038451881455576764,0,tenure60:40;rest:0;shrink:0.25;voidable
sleeper,match-2838888:kills_maps_1_2_over_under_player_172995,cs2-kills-202609260130,2026-09-27T13:35:23+00:00,30.5,31.651711427179386,0.5286064866596519,0.47139351334034807,-0.14365749161136382,-0.07135477871951429,UNDER,0.47139351334034807,-0.07135477871951429,0,tenure60:40;rest:0;shrink:0.25;market_unproven;voidable
sleeper,match-2838888:headshots_maps_1_2_over_under_player_229658,cs2-headshots-202609260140,2026-09-27T13:35:23+00:00,12.5,12.083683580529929,0.4239665684622227,0.5760334315377773,-0.2453395081372436,0.025339508137243616,UNDER,0.5760334315377773,0.025339508137243616,0,tenure60:71;rest:1;shrink:0.25;voidable
sleeper,match-2838888:kills_maps_1_2_over_under_player_229658,cs2-kills-202609260130,2026-09-27T13:35:23+00:00,25.5,25.47205205296705,0.4655825792298821,0.5344174207701179,-0.17126300897080982,-0.04873699102919016,UNDER,0.5344174207701179,-0.04873699102919016,0,tenure60:71;rest:1;shrink:0.25;market_unproven;voidable
sleeper,match-2838888:headshots_maps_1_2_over_under_player_2742,cs2-headshots-202609260140,2026-09-27T13:35:23+00:00,14.5,15.362370850785378,0.5374679842644411,0.4625320157355589,-0.04330698800929483,-0.17669301199070514,OVER,0.5374679842644411,-0.04330698800929483,0,tenure60:40;rest:0;shrink:0.25;voidable
sleeper,match-2838888:kills_maps_1_2_over_under_player_2742,cs2-kills-202609260130,2026-09-27T13:35:23+00:00,31.5,31.88051401360238,0.4873972428615516,0.5126027571384483,-0.2250383838501328,0.0354575694196656,UNDER,0.5126027571384483,0.0354575694196656,0,tenure60:40;rest:0;shrink:0.25;market_unproven;voidable
sleeper,match-2838888:headshots_maps_1_2_over_under_player_7319,cs2-headshots-202609260140,2026-09-27T13:35:23+00:00,14.5,14.544453479017964,0.469164306832686,0.5308356931673139,-0.16488753383781884,-0.055112466162181184,UNDER,0.5308356931673139,-0.055112466162181184,0,tenure60:40;rest:0;shrink:0.25;voidable
sleeper,match-2838888:kills_maps_1_2_over_under_player_7319,cs2-kills-202609260130,2026-09-27T13:35:23+00:00,27.5,28.22718276693094,0.5084764926334935,0.4915235073665065,-0.0949118431123816,-0.12508815688761837,OVER,0.5084764926334935,-0.0949118431123816,0,tenure60:40;rest:0;shrink:0.25;market_unproven;voidable
sleeper,match-2838891:headshots_maps_1_2_over_under_player_164248,cs2-headshots-202609260140,2026-09-27T13:35:23+00:00,16.5,16.627509251649663,0.47626818320387515,0.5237318167961249,-0.157005315729141,-0.06252004793493643,UNDER,0.5237318167961249,-0.06252004793493643,0,tenure60:57;rest:0;shrink:0.25;voidable
sleeper,match-2838891:kills_maps_1_2_over_under_player_164248,cs2-kills-202609260130,2026-09-27T13:35:23+00:00,31.5,31.449916450415895,0.465843523737569,0.534156476262431,-0.19874913917138137,-0.017152083677126895,UNDER,0.534156476262431,-0.017152083677126895,0,tenure60:57;rest:0;shrink:0.25;market_unproven;voidable
sleeper,match-2838891:kills_maps_1_2_over_under_player_177811,cs2-kills-202609260130,2026-09-27T13:35:23+00:00,28.5,28.267185881989434,0.4558235314500439,0.5441764685499562,-0.18863411401892188,-0.031365885981078034,UNDER,0.5441764685499562,-0.031365885981078034,0,tenure60:39;rest:1;shrink:0.25;market_unproven;voidable
sleeper,match-2838891:headshots_maps_1_2_over_under_player_2205,cs2-headshots-202609260140,2026-09-27T13:35:23+00:00,9.5,10.062948750359876,0.5253402624900834,0.47465973750991663,-0.05964093014275074,-0.15985226460744756,OVER,0.5253402624900834,-0.05964093014275074,0,tenure60:57;rest:0;shrink:0.25;voidable
sleeper,match-2838891:kills_maps_1_2_over_under_player_2205,cs2-kills-202609260130,2026-09-27T13:35:23+00:00,30.5,29.899665242488926,0.43714362378341154,0.5628563762165885,-0.22188434966552745,0.0018843496655274738,UNDER,0.5628563762165885,0.0018843496655274738,0,tenure60:57;rest:0;shrink:0.25;market_unproven;voidable
sleeper,match-2838891:kills_maps_1_2_over_under_player_228476,cs2-kills-202609260130,2026-09-27T13:35:23+00:00,28.5,29.674130305285455,0.5316821389174096,0.46831786108259044,-0.058922614116185046,-0.16171102866216308,OVER,0.5316821389174096,-0.058922614116185046,0,tenure60:39;rest:1;shrink:0.25;market_unproven;voidable
sleeper,match-2838891:kills_maps_1_2_over_under_player_229498,cs2-kills-202609260130,2026-09-27T13:35:23+00:00,25.5,26.786625515238413,0.5422093766326017,0.4577906233673983,-0.03486730959396894,-0.18513269040603103,OVER,0.5422093766326017,-0.03486730959396894,0,tenure60:39;rest:1;shrink:0.25;market_unproven;voidable
sleeper,match-2838891:kills_maps_1_2_over_under_player_2311,cs2-kills-202609260130,2026-09-27T13:35:23+00:00,26.5,28.343769937594182,0.5703240012325166,0.42967599876748336,0.01517672219387961,-0.23517672219387953,OVER,0.5703240012325166,0.01517672219387961,0,tenure60:39;rest:1;shrink:0.25;market_unproven;voidable
sleeper,match-2838891:headshots_maps_1_2_over_under_player_2325,cs2-headshots-202609260140,2026-09-27T13:35:23+00:00,17.5,16.341609485905217,0.3772884364093719,0.6227115635906282,-0.3284265831913181,0.1084265831913182,UNDER,0.6227115635906282,0.1084265831913182,0,tenure60:57;rest:0;shrink:0.25;voidable
sleeper,match-2838891:kills_maps_1_2_over_under_player_2325,cs2-kills-202609260130,2026-09-27T13:35:23+00:00,29.5,29.665846635265645,0.47742952278352124,0.5225704772164788,-0.15017544944533218,-0.0698245505546678,UNDER,0.5225704772164788,-0.0698245505546678,0,tenure60:57;rest:0;shrink:0.25;market_unproven;voidable
sleeper,match-2838891:headshots_maps_1_2_over_under_player_2449,cs2-headshots-202609260140,2026-09-27T13:35:23+00:00,15.5,17.13632067234365,0.59027321276011,0.4097267872398899,0.021172658074990358,-0.25019997935100136,OVER,0.59027321276011,0.021172658074990358,0,tenure60:57;rest:0;shrink:0.25;voidable
sleeper,match-2838891:kills_maps_1_2_over_under_player_2449,cs2-kills-202609260130,2026-09-27T13:35:23+00:00,26.5,27.829356604794032,0.54434548690776,0.45565451309224003,-0.03106503330418725,-0.18893496669581272,OVER,0.54434548690776,-0.03106503330418725,0,tenure60:57;rest:0;shrink:0.25;market_unproven;voidable
sleeper,match-2838891:headshots_maps_1_2_over_under_player_2453,cs2-headshots-202609260140,2026-09-27T13:35:23+00:00,16.5,16.70456995583585,0.4826112144348187,0.5173887855651813,-0.1409520383060227,-0.07904796169397726,UNDER,0.5173887855651813,-0.07904796169397726,0,tenure60:57;rest:0;shrink:0.25;voidable
sleeper,match-2838891:kills_maps_1_2_over_under_player_2453,cs2-kills-202609260130,2026-09-27T13:35:23+00:00,27.5,28.399610886557387,0.518490913467289,0.48150908653271096,-0.07708617402822548,-0.1429138259717745,OVER,0.518490913467289,-0.07708617402822548,0,tenure60:57;rest:0;shrink:0.25;market_unproven;voidable
sleeper,match-2838891:kills_maps_1_2_over_under_player_2522,cs2-kills-202609260130,2026-09-27T13:35:23+00:00,26.5,28.153589173534257,0.5604369546310566,0.4395630453689434,-0.0024222207567192733,-0.21318214878959124,OVER,0.5604369546310566,-0.0024222207567192733,0,tenure60:39;rest:1;shrink:0.25;market_unproven;voidable
sleeper,match-2839438:headshots_maps_1_2_over_under_player_1213,cs2-headshots-202609260140,2026-09-27T13:35:23+00:00,19.5,18.17240546542034,0.37176805295032317,0.6282319470496768,-0.27876997727637304,0.03658271263196672,UNDER,0.6282319470496768,0.03658271263196672,0,tenure60:32;rest:0;shrink:0.25;voidable
sleeper,match-2839438:kills_maps_1_2_over_under_player_1213,cs2-kills-202609260130,2026-09-27T13:35:23+00:00,29.5,28.783559925472083,0.4294232481223653,0.5705767518776347,-0.29145164059809725,0.1012131311238349,UNDER,0.5705767518776347,0.1012131311238349,0,tenure60:32;rest:0;shrink:0.25;market_unproven;voidable
sleeper,match-2839438:headshots_maps_1_2_over_under_player_1714,cs2-headshots-202609260140,2026-09-27T13:35:23+00:00,7.5,10.717609483400286,0.7893659620310827,0.21063403796891733,0.19194260266693486,-0.5471368183668277,OVER,0.7893659620310827,0.19194260266693486,0,tenure60:25;rest:0;shrink:0.25;voidable
sleeper,match-2839438:kills_maps_1_2_over_under_player_1714,cs2-kills-202609260130,2026-09-27T13:35:23+00:00,27.5,27.79118653843837,0.48395298755163446,0.5160470124483656,-0.128884622407058,-0.09175725809087654,UNDER,0.5160470124483656,-0.09175725809087654,0,tenure60:25;rest:0;shrink:0.25;market_unproven;voidable
sleeper,match-2839438:headshots_maps_1_2_over_under_player_1717,cs2-headshots-202609260140,2026-09-27T13:35:23+00:00,16.5,16.54790036838388,0.46865690208663097,0.5313430979133691,-0.1282981621188664,-0.09140330256813889,UNDER,0.5313430979133691,-0.09140330256813889,0,tenure60:32;rest:0;shrink:0.25;voidable
sleeper,match-2839438:kills_maps_1_2_over_under_player_1717,cs2-kills-202609260130,2026-09-27T13:35:23+00:00,27.5,28.398758415044128,0.5183866114921278,0.48161338850787216,-0.04616863485448475,-0.1716249717664599,OVER,0.5183866114921278,-0.04616863485448475,0,tenure60:32;rest:0;shrink:0.25;market_unproven;voidable
sleeper,match-2839438:headshots_maps_1_2_over_under_player_2056,cs2-headshots-202609260140,2026-09-27T13:35:23+00:00,19.5,18.679696865923862,0.4065764078308311,0.5934235921691688,-0.2762939940611206,0.05629399406112057,UNDER,0.5934235921691688,0.05629399406112057,0,tenure60:32;rest:0;shrink:0.25;voidable
sleeper,match-2839438:kills_maps_1_2_over_under_player_2056,cs2-kills-202609260130,2026-09-27T13:35:23+00:00,34.5,33.360824819063765,0.413414312939175,0.586585687060825,-0.28479323861522726,0.07345180732130985,UNDER,0.586585687060825,0.07345180732130985,0,tenure60:32;rest:0;shrink:0.25;market_unproven;voidable
sleeper,match-2839438:headshots_maps_1_2_over_under_player_2663,cs2-headshots-202609260140,2026-09-27T13:35:23+00:00,16.5,16.65732010036178,0.47880536713847494,0.5211946328615251,-0.14772644649351468,-0.07227355350648529,UNDER,0.5211946328615251,-0.07227355350648529,0,tenure60:32;rest:0;shrink:0.25;voidable
sleeper,match-2839438:kills_maps_1_2_over_under_player_2663,cs2-kills-202609260130,2026-09-27T13:35:23+00:00,28.5,28.326408669901944,0.45921563693876705,0.540784363061233,-0.20555694809593306,-0.004956771967331242,UNDER,0.540784363061233,-0.004956771967331242,0,tenure60:32;rest:0;shrink:0.25;market_unproven;voidable
sleeper,match-2839452:headshots_maps_1_2_over_under_player_1237,cs2-headshots-202609260140,2026-09-27T13:35:23+00:00,13.5,14.834076036368844,0.5772406945254182,0.42275930547458185,0.03326084320049849,-0.2517160293099901,OVER,0.5772406945254182,0.03326084320049849,0,tenure60:49;rest:1;shrink:0.25;voidable
sleeper,match-2839452:kills_maps_1_2_over_under_player_1237,cs2-kills-202609260130,2026-09-27T13:35:23+00:00,27.5,28.09532624278507,0.5014335924493817,0.4985664075506183,0.04298187229471395,-0.22722206829654157,OVER,0.5014335924493817,0.04298187229471395,0,tenure60:49;rest:1;shrink:0.25;market_unproven;voidable
sleeper,match-2839452:headshots_maps_1_2_over_under_player_1326,cs2-headshots-202609260140,2026-09-27T13:35:23+00:00,16.5,16.091360471142647,0.4322835221061279,0.5677164778938721,-0.16136996711411195,-0.06894497625404977,UNDER,0.5677164778938721,-0.06894497625404977,0,tenure60:46;rest:1;shrink:0.25;voidable
sleeper,match-2839452:kills_maps_1_2_over_under_player_1326,cs2-kills-202609260130,2026-09-27T13:35:23+00:00,26.5,27.32482022695217,0.5170306554106986,0.4829693445893014,0.10644560257889502,-0.2707162896701549,OVER,0.5170306554106986,0.10644560257889502,0,tenure60:46;rest:1;shrink:0.25;market_unproven;voidable
sleeper,match-2839452:headshots_maps_1_2_over_under_player_1598,cs2-headshots-202609260140,2026-09-27T13:35:23+00:00,18.5,18.42688197520679,0.4605894778697929,0.5394105221302071,-0.18936251894916456,-0.02906106016562715,UNDER,0.5394105221302071,-0.02906106016562715,0,tenure60:55;rest:1;shrink:0.25;voidable
sleeper,match-2839452:kills_maps_1_2_over_under_player_1598,cs2-kills-202609260130,2026-09-27T13:35:23+00:00,28.5,29.259278928433062,0.5112411635042349,0.4887588364957651,-0.06442867078725012,-0.1495596244973687,OVER,0.5112411635042349,-0.06442867078725012,0,tenure60:55;rest:1;shrink:0.25;market_unproven;voidable
sleeper,match-2839452:headshots_maps_1_2_over_under_player_1757,cs2-headshots-202609260140,2026-09-27T13:35:23+00:00,18.5,18.498567670249194,0.46510513116658836,0.5348948688334116,-0.17211286652347269,-0.04788713347652729,UNDER,0.5348948688334116,-0.04788713347652729,0,tenure60:55;rest:1;shrink:0.25;voidable
sleeper,match-2839452:kills_maps_1_2_over_under_player_1757,cs2-kills-202609260130,2026-09-27T13:35:23+00:00,31.5,31.515433991242897,0.46902706185595183,0.5309729381440482,-0.22141507731912002,0.01946804123657253,UNDER,0.5309729381440482,0.01946804123657253,0,tenure60:55;rest:1;shrink:0.25;market_unproven;voidable
sleeper,match-2839452:headshots_maps_1_2_over_under_player_1761,cs2-headshots-202609260140,2026-09-27T13:35:23+00:00,16.5,17.42938976816296,0.537518725767852,0.462481274232148,0.010535204443561652,-0.2184066465476699,OVER,0.537518725767852,0.010535204443561652,0,tenure60:55;rest:1;shrink:0.25;voidable
sleeper,match-2839452:kills_maps_1_2_over_under_player_1761,cs2-kills-202609260130,2026-09-27T13:35:23+00:00,29.5,29.95809163219664,0.4913110133029084,0.5086889866970916,-0.1549450571189976,-0.06401226447735137,UNDER,0.5086889866970916,-0.06401226447735137,0,tenure60:55;rest:1;shrink:0.25;market_unproven;voidable
sleeper,match-2839452:headshots_maps_1_2_over_under_player_1763,cs2-headshots-202609260140,2026-09-27T13:35:23+00:00,13.5,14.759414224787895,0.5717630842754602,0.42823691572453976,0.01773829001031918,-0.23773829001031915,OVER,0.5717630842754602,0.01773829001031918,0,tenure60:55;rest:1;shrink:0.25;voidable
sleeper,match-2839452:kills_maps_1_2_over_under_player_1763,cs2-kills-202609260130,2026-09-27T13:35:23+00:00,27.5,28.594110524951258,0.529492728957375,0.470507271042625,-0.020438451428856252,-0.19072749380668497,OVER,0.529492728957375,-0.020438451428856252,0,tenure60:55;rest:1;shrink:0.25;market_unproven;voidable
sleeper,match-2839452:headshots_maps_1_2_over_under_player_1934,cs2-headshots-202609260140,2026-09-27T13:35:23+00:00,10.5,10.206522998876327,0.43177635550802074,0.5682236444919793,-0.2789334863016054,0.08530716097968039,UNDER,0.5682236444919793,0.08530716097968039,0,tenure60:55;rest:1;shrink:0.25;voidable
sleeper,match-2839452:kills_maps_1_2_over_under_player_1934,cs2-kills-202609260130,2026-09-27T13:35:23+00:00,29.5,29.76747031075718,0.48228300770645044,0.5177169922935496,-0.15118190643664725,-0.06810941387161068,UNDER,0.5177169922935496,-0.06810941387161068,0,tenure60:55;rest:1;shrink:0.25;market_unproven;voidable
sleeper,match-2839452:headshots_maps_1_2_over_under_player_2198,cs2-headshots-202609260140,2026-09-27T13:35:23+00:00,13.5,14.066988692988264,0.5147342443959924,0.48526575560400764,-0.0837730449751336,-0.13622695502486637,OVER,0.5147342443959924,-0.0837730449751336,0,tenure60:49;rest:1;shrink:0.25;voidable
sleeper,match-2839452:kills_maps_1_2_over_under_player_2198,cs2-kills-202609260130,2026-09-27T13:35:23+00:00,23.5,24.862929191505934,0.5524710653252912,0.4475289346747087,-0.07184861025351075,-0.1541703134648006,OVER,0.5524710653252912,-0.07184861025351075,0,tenure60:49;rest:1;shrink:0.25;market_unproven;voidable
sleeper,match-2839452:headshots_maps_1_2_over_under_player_2430,cs2-headshots-202609260140,2026-09-27T13:35:23+00:00,16.5,16.465538819067472,0.46145200281185406,0.5385479971881459,-0.1786154349948998,-0.04138456500510018,UNDER,0.5385479971881459,-0.04138456500510018,0,tenure60:49;rest:1;shrink:0.25;voidable
sleeper,match-2839452:kills_maps_1_2_over_under_player_2430,cs2-kills-202609260130,2026-09-27T13:35:23+00:00,27.5,27.76228040228186,0.4823351949044504,0.5176648050955496,-0.16073676086625627,-0.05267340667514425,UNDER,0.5176648050955496,-0.05267340667514425,0,tenure60:49;rest:1;shrink:0.25;market_unproven;voidable
sleeper,match-2839592:headshots_maps_1_2_over_under_player_1010,cs2-headshots-202609260140,2026-09-27T13:35:23+00:00,16.5,15.697361240003596,0.40049399346447206,0.599506006535528,-0.2871206916332398,0.07311575169859513,UNDER,0.599506006535528,0.07311575169859513,0,tenure60:45;rest:1;shrink:0.25;voidable
sleeper,match-2839592:kills_maps_1_2_over_under_player_1010,cs2-kills-202609260130,2026-09-27T13:35:23+00:00,26.5,26.250230085715845,0.45504075331039434,0.5449592466896056,-0.2400819419716414,0.035422568710250624,UNDER,0.5449592466896056,0.035422568710250624,0,tenure60:45;rest:1;shrink:0.25;market_unproven;voidable
sleeper,match-2839592:kills_maps_1_2_over_under_player_1012,cs2-kills-202609260130,2026-09-27T13:35:23+00:00,30.5,28.640442011093732,0.3732596040605508,0.6267403959394492,-0.3766564612188802,0.19080675228495336,UNDER,0.6267403959394492,0.19080675228495336,0,tenure60:46;rest:1;shrink:0.25;market_unproven;voidable
sleeper,match-2839592:headshots_maps_1_2_over_under_player_1030,cs2-headshots-202609260140,2026-09-27T13:35:23+00:00,16.5,16.774147067952036,0.48819325433639993,0.5118067456636,-0.17983533271484803,-0.02756718323916002,UNDER,0.5118067456636,-0.02756718323916002,0,tenure60:46;rest:1;shrink:0.25;voidable
sleeper,match-2839592:kills_maps_1_2_over_under_player_1030,cs2-kills-202609260130,2026-09-27T13:35:23+00:00,29.5,28.858588676021093,0.4334397435135574,0.5665602564864426,-0.18513328219451214,-0.04251316653791204,UNDER,0.5665602564864426,-0.04251316653791204,0,tenure60:46;rest:1;shrink:0.25;market_unproven;voidable
sleeper,match-2839592:headshots_maps_1_2_over_under_player_1083,cs2-headshots-202609260140,2026-09-27T13:35:23+00:00,16.5,15.971259012118733,0.4223946057739683,0.5776053942260317,-0.1636586805675428,-0.0642792613538285,UNDER,0.5776053942260317,-0.0642792613538285,0,tenure60:15;rest:1;shrink:0.25;voidable
sleeper,match-2839592:kills_maps_1_2_over_under_player_1083,cs2-kills-202609260130,2026-09-27T13:35:23+00:00,27.5,27.961677722793375,0.49433752486880034,0.5056624751311997,-0.14973945722566345,-0.06452442100728056,UNDER,0.5056624751311997,-0.06452442100728056,0,tenure60:15;rest:1;shrink:0.25;market_unproven;voidable
sleeper,match-2839592:headshots_maps_1_2_over_under_player_1087,cs2-headshots-202609260140,2026-09-27T13:35:23+00:00,16.5,14.565200704973776,0.31041216735622607,0.6895878326437739,-0.3543426918990497,0.06886114059784954,UNDER,0.6895878326437739,0.06886114059784954,0,tenure60:0;rest:231;shrink:0.25;voidable
sleeper,match-2839592:kills_maps_1_2_over_under_player_1087,cs2-kills-202609260130,2026-09-27T13:35:23+00:00,26.5,25.84652459049797,0.4283800739770803,0.5716199260229198,-0.16465885574469352,-0.06254332132241164,UNDER,0.5716199260229198,-0.06254332132241164,0,tenure60:0;rest:231;shrink:0.25;market_unproven;voidable
sleeper,match-2839592:headshots_maps_1_2_over_under_player_1652,cs2-headshots-202609260140,2026-09-27T13:35:23+00:00,17.5,16.652256069669427,0.40155835086575803,0.5984416491342419,-0.22499238282908696,-0.012571278928500906,UNDER,0.5984416491342419,-0.012571278928500906,0,tenure60:46;rest:1;shrink:0.25;voidable
sleeper,match-2839592:kills_maps_1_2_over_under_player_1652,cs2-kills-202609260130,2026-09-27T13:35:23+00:00,29.5,29.986192215228,0.49266774152168524,0.5073322584783146,-0.30533848445442374,0.19223080742403953,UNDER,0.5073322584783146,0.19223080742403953,0,tenure60:46;rest:1;shrink:0.25;market_unproven;voidable
sleeper,match-2839592:headshots_maps_1_2_over_under_player_1850,cs2-headshots-202609260140,2026-09-27T13:35:23+00:00,18.5,17.435815075126023,0.38757200296395705,0.6124279970360429,-0.37213335519838947,0.21260743413136496,UNDER,0.6124279970360429,0.21260743413136496,0,tenure60:15;rest:1;shrink:0.25;voidable
sleeper,match-2839592:kills_maps_1_2_over_under_player_1850,cs2-kills-202609260130,2026-09-27T13:35:23+00:00,31.5,30.170330825419665,0.40137489020923883,0.5986251097907611,-0.245415206406631,0.011676435546386255,UNDER,0.5986251097907611,0.011676435546386255,0,tenure60:15;rest:1;shrink:0.25;market_unproven;voidable
sleeper,match-2839592:headshots_maps_1_2_over_under_player_4176,cs2-headshots-202609260140,2026-09-27T13:35:23+00:00,11.5,10.9671573320931,0.40911100645657483,0.5908889935434252,-0.18177798708685033,-0.04866872039508541,UNDER,0.5908889935434252,-0.04866872039508541,0,tenure60:15;rest:1;shrink:0.25;voidable
sleeper,match-2839592:kills_maps_1_2_over_under_player_4176,cs2-kills-202609260130,2026-09-27T13:35:23+00:00,33.5,32.634732073119,0.42676321549472757,0.5732367845052724,-0.24036147641938488,0.02036147641938485,UNDER,0.5732367845052724,0.02036147641938485,0,tenure60:15;rest:1;shrink:0.25;market_unproven;voidable
sleeper,match-2839592:headshots_maps_1_2_over_under_player_50630,cs2-headshots-202609260140,2026-09-27T13:35:23+00:00,15.5,15.132322766402062,0.4351237354307468,0.5648762645692531,-0.14280624120142876,-0.07925168875211741,UNDER,0.5648762645692531,-0.07925168875211741,0,tenure60:46;rest:1;shrink:0.25;voidable
sleeper,match-2839592:kills_maps_1_2_over_under_player_50630,cs2-kills-202609260130,2026-09-27T13:35:23+00:00,28.5,27.337549666424486,0.4049183077447434,0.5950816922552566,-0.3035405106790414,0.10090113067222484,UNDER,0.5950816922552566,0.10090113067222484,0,tenure60:46;rest:1;shrink:0.25;market_unproven;voidable
sleeper,match-2839593:headshots_maps_1_2_over_under_player_1156,cs2-headshots-202609260140,2026-09-27T13:35:23+00:00,9.5,9.830829463835276,0.49864718033054245,0.5013528196694576,-0.13734037802816157,-0.07751081180819808,UNDER,0.5013528196694576,-0.07751081180819808,0,tenure60:31;rest:1;shrink:0.25;voidable
sleeper,match-2839593:kills_maps_1_2_over_under_player_1156,cs2-kills-202609260130,2026-09-27T13:35:23+00:00,30.5,30.502245466332486,0.47048836375044156,0.5295116362495584,-0.1201867597866742,-0.09983021837575068,UNDER,0.5295116362495584,-0.09983021837575068,0,tenure60:31;rest:1;shrink:0.25;market_unproven;voidable
sleeper,match-2839593:headshots_maps_1_2_over_under_player_1251,cs2-headshots-202609260140,2026-09-27T13:35:23+00:00,15.5,15.030892295138145,0.4262992450862626,0.5737007549137374,-0.19429442678696374,-0.03044572419578384,UNDER,0.5737007549137374,-0.03044572419578384,0,tenure60:25;rest:1;shrink:0.25;voidable
sleeper,match-2839593:kills_maps_1_2_over_under_player_1251,cs2-kills-202609260130,2026-09-27T13:35:23+00:00,27.5,27.875274257115326,0.48927587560708574,0.5107241243929143,-0.07526859510260797,-0.14198347101990405,OVER,0.48927587560708574,-0.07526859510260797,0,tenure60:25;rest:1;shrink:0.25;market_unproven;voidable
sleeper,match-2839593:headshots_maps_1_2_over_under_player_164248,cs2-headshots-202609260140,2026-09-27T13:35:23+00:00,16.5,16.46553749341252,0.4615027398087829,0.5384972601912169,-0.15544998614992706,-0.06301476726728245,UNDER,0.5384972601912169,-0.06301476726728245,0,tenure60:57;rest:0;shrink:0.25;voidable
sleeper,match-2839593:kills_maps_1_2_over_under_player_164248,cs2-kills-202609260130,2026-09-27T13:35:23+00:00,30.5,30.90104904144286,0.491415377901506,0.508584622098494,-0.14002308867236446,-0.07946183400172585,UNDER,0.508584622098494,-0.07946183400172585,0,tenure60:57;rest:0;shrink:0.25;market_unproven;voidable
sleeper,match-2839593:headshots_maps_1_2_over_under_player_1704,cs2-headshots-202609260140,2026-09-27T13:35:23+00:00,16.5,16.948255029075174,0.501945792815937,0.498054207184063,-0.14669215221290716,-0.0686386325658021,UNDER,0.498054207184063,-0.0686386325658021,0,tenure60:31;rest:1;shrink:0.25;voidable
sleeper,match-2839593:kills_maps_1_2_over_under_player_1704,cs2-kills-202609260130,2026-09-27T13:35:23+00:00,28.5,28.95960125355907,0.4950680418755068,0.5049319581244932,-0.20294045258043403,0.0048145966677414775,UNDER,0.5049319581244932,0.0048145966677414775,0,tenure60:31;rest:1;shrink:0.25;market_unproven;voidable
sleeper,match-2839593:headshots_maps_1_2_over_under_player_2022,cs2-headshots-202609260140,2026-09-27T13:35:23+00:00,16.5,15.992648471370789,0.42467650264661727,0.5753234973533827,-0.20160817502435957,-0.02770328947278322,UNDER,0.5753234973533827,-0.02770328947278322,0,tenure60:10;rest:1;shrink:0.25;voidable
sleeper,match-2839593:kills_maps_1_2_over_under_player_2022,cs2-kills-202609260130,2026-09-27T13:35:23+00:00,28.5,28.578928102882177,0.4737241033173204,0.5262758966826796,-0.18519454229420895,-0.03165235010386952,UNDER,0.5262758966826796,-0.03165235010386952,0,tenure60:10;rest:1;shrink:0.25;market_unproven;voidable
sleeper,match-2839593:headshots_maps_1_2_over_under_player_2205,cs2-headshots-202609260140,2026-09-27T13:35:23+00:00,9.5,10.020047032764543,0.5210268607098101,0.4789731392901899,-0.04652084490104752,-0.17137646902797143,OVER,0.5210268607098101,-0.04652084490104752,0,tenure60:57;rest:0;shrink:0.25;voidable
sleeper,match-2839593:kills_maps_1_2_over_under_player_2205,cs2-kills-202609260130,2026-09-27T13:35:23+00:00,29.5,29.477791358803913,0.4669394930617476,0.5330605069382524,-0.15483951755823677,-0.06714411285805838,UNDER,0.5330605069382524,-0.06714411285805838,0,tenure60:57;rest:0;shrink:0.25;market_unproven;voidable
sleeper,match-2839593:headshots_maps_1_2_over_under_player_2325,cs2-headshots-202609260140,2026-09-27T13:35:23+00:00,16.5,15.892195583442806,0.4160058444109108,0.5839941555890892,-0.20126877873105126,-0.030569701722111986,UNDER,0.5839941555890892,-0.030569701722111986,0,tenure60:57;rest:0;shrink:0.25;voidable
sleeper,match-2839593:kills_maps_1_2_over_under_player_2325,cs2-kills-202609260130,2026-09-27T13:35:23+00:00,28.5,29.110085480354716,0.5038335178093499,0.49616648219065007,-0.10317633829935713,-0.11682366170064284,OVER,0.5038335178093499,-0.10317633829935713,0,tenure60:57;rest:0;shrink:0.25;market_unproven;voidable
sleeper,match-2839593:headshots_maps_1_2_over_under_player_2449,cs2-headshots-202609260140,2026-09-27T13:35:23+00:00,14.5,16.636490503216777,0.6320827277423798,0.3679172722576201,0.04925732805235056,-0.29359883726536945,OVER,0.6320827277423798,0.04925732805235056,0,tenure60:57;rest:0;shrink:0.25;voidable
sleeper,match-2839593:kills_maps_1_2_over_under_player_2449,cs2-kills-202609260130,2026-09-27T13:35:23+00:00,25.5,27.417111888457896,0.5766691903285442,0.42333080967145575,0.026471158784808768,-0.24647115878480874,OVER,0.5766691903285442,0.026471158784808768,0,tenure60:57;rest:0;shrink:0.25;market_unproven;voidable
sleeper,match-2839593:headshots_maps_1_2_over_under_player_2453,cs2-headshots-202609260140,2026-09-27T13:35:23+00:00,15.5,16.160821998315274,0.5186417710547373,0.48135822894526265,-0.07681764752256753,-0.14318235247743244,OVER,0.5186417710547373,-0.07681764752256753,0,tenure60:57;rest:0;shrink:0.25;voidable
sleeper,match-2839593:kills_maps_1_2_over_under_player_2453,cs2-kills-202609260130,2026-09-27T13:35:23+00:00,26.5,27.88884395263054,0.5472106549493838,0.45278934505061613,-0.02596503419009677,-0.1940349658099032,OVER,0.5472106549493838,-0.02596503419009677,0,tenure60:57;rest:0;shrink:0.25;market_unproven;voidable
sleeper,match-2839593:headshots_maps_1_2_over_under_player_2745,cs2-headshots-202609260140,2026-09-27T13:35:23+00:00,16.5,16.931710898954208,0.5005248507720678,0.49947514922793224,-0.1841444932415296,-0.016033956020973517,UNDER,0.49947514922793224,-0.016033956020973517,0,tenure60:31;rest:1;shrink:0.25;voidable
sleeper,match-2839593:kills_maps_1_2_over_under_player_2745,cs2-kills-202609260130,2026-09-27T13:35:23+00:00,30.5,29.778994664060672,0.43083158094697593,0.5691684190530241,-0.3408276811511268,0.2009453642018807,UNDER,0.5691684190530241,0.2009453642018807,0,tenure60:31;rest:1;shrink:0.25;market_unproven;voidable
sleeper,match-2839670:headshots_maps_1_2_over_under_player_1631,cs2-headshots-202609260140,2026-09-27T13:35:23+00:00,8.5,9.87641892197841,0.6153137571469511,0.38468624285304887,0.09525848772157303,-0.315258487721573,OVER,0.6153137571469511,0.09525848772157303,0,tenure60:59;rest:1;shrink:0.25;voidable
sleeper,match-2839670:kills_maps_1_2_over_under_player_1631,cs2-kills-202609260130,2026-09-27T13:35:23+00:00,26.5,28.447423081542386,0.575473176082294,0.42452682391770596,-0.06773345474668363,-0.15943688864294214,OVER,0.575473176082294,-0.06773345474668363,0,tenure60:59;rest:1;shrink:0.25;market_unproven;voidable
sleeper,match-2839670:headshots_maps_1_2_over_under_player_1635,cs2-headshots-202609260140,2026-09-27T13:35:23+00:00,15.5,16.808099147081975,0.5678574557573679,0.43214254424263204,-0.04032089977004821,-0.18757201682385177,OVER,0.5678574557573679,-0.04032089977004821,0,tenure60:59;rest:1;shrink:0.25;voidable
sleeper,match-2839670:kills_maps_1_2_over_under_player_1635,cs2-kills-202609260130,2026-09-27T13:35:23+00:00,29.5,30.43817292816164,0.5173957260210669,0.48260427397893313,-0.1669928811060823,-0.03479145204213374,UNDER,0.48260427397893313,-0.03479145204213374,0,tenure60:59;rest:1;shrink:0.25;market_unproven;voidable
sleeper,match-2839670:headshots_maps_1_2_over_under_player_2036,cs2-headshots-202609260140,2026-09-27T13:35:23+00:00,9.5,9.32215101490258,0.4405002114118546,0.5594997885881454,-0.1586445962033578,-0.06563535305779716,UNDER,0.5594997885881454,-0.06563535305779716,0,tenure60:28;rest:1;shrink:0.25;voidable
sleeper,match-2839670:kills_maps_1_2_over_under_player_2036,cs2-kills-202609260130,2026-09-27T13:35:23+00:00,28.5,27.949965966596416,0.43844788223901654,0.5615521177609835,-0.21956276961455057,-0.0004372303854494053,UNDER,0.5615521177609835,-0.0004372303854494053,0,tenure60:28;rest:1;shrink:0.25;market_unproven;voidable
sleeper,match-2839670:headshots_maps_1_2_over_under_player_2225,cs2-headshots-202609260140,2026-09-27T13:35:23+00:00,14.5,14.312471520212974,0.44790625372057385,0.5520937462794262,-0.2161640559889958,-0.0007103192342385323,UNDER,0.5520937462794262,-0.0007103192342385323,0,tenure60:28;rest:1;shrink:0.25;voidable
sleeper,match-2839670:kills_maps_1_2_over_under_player_2225,cs2-kills-202609260130,2026-09-27T13:35:23+00:00,27.5,26.412912230348073,0.40814956045850764,0.5918504395414923,-0.27349378238385635,0.053493782383856325,UNDER,0.5918504395414923,0.053493782383856325,0,tenure60:28;rest:1;shrink:0.25;market_unproven;voidable
sleeper,match-2839670:headshots_maps_1_2_over_under_player_229965,cs2-headshots-202609260140,2026-09-27T13:35:23+00:00,13.5,,,,,,,,,0,player_unmapped:destiny
sleeper,match-2839670:kills_maps_1_2_over_under_player_229965,cs2-kills-202609260130,2026-09-27T13:35:23+00:00,28.5,,,,,,,,,0,player_unmapped:destiny
sleeper,match-2839670:headshots_maps_1_2_over_under_player_2462,cs2-headshots-202609260140,2026-09-27T13:35:23+00:00,14.5,16.688112845929126,0.6356785897536712,0.3643214102463288,-0.0146981858818096,-0.24221146668763605,OVER,0.6356785897536712,-0.0146981858818096,0,tenure60:59;rest:1;shrink:0.25;voidable
sleeper,match-2839670:kills_maps_1_2_over_under_player_2462,cs2-kills-202609260130,2026-09-27T13:35:23+00:00,28.5,30.57949621610617,0.5766691903285442,0.42333080967145575,-0.025429068344760275,-0.20413807781766324,OVER,0.5766691903285442,-0.025429068344760275,0,tenure60:59;rest:1;shrink:0.25;market_unproven;voidable
sleeper,match-2839670:headshots_maps_1_2_over_under_player_63583,cs2-headshots-202609260140,2026-09-27T13:35:23+00:00,12.5,14.068704886034556,0.603859815176339,0.396140184823661,0.0748704710138835,-0.2948704710138835,OVER,0.603859815176339,0.0748704710138835,0,tenure60:59;rest:1;shrink:0.25;voidable
sleeper,match-2839670:kills_maps_1_2_over_under_player_63583,cs2-kills-202609260130,2026-09-27T13:35:23+00:00,22.5,25.28147747327795,0.6330591870803087,0.3669408129196912,0.012894699328494075,-0.2661183741606176,OVER,0.6330591870803087,0.012894699328494075,0,tenure60:59;rest:1;shrink:0.25;market_unproven;voidable
sleeper,match-2839673:headshots_maps_1_2_over_under_player_104515,cs2-headshots-202609260140,2026-09-27T13:35:23+00:00,12.5,11.697591761369292,0.3862547227908976,0.6137452772091023,-0.2738411211531125,0.037229518483382906,UNDER,0.6137452772091023,0.037229518483382906,0,tenure60:86;rest:1;shrink:0.25;voidable
sleeper,match-2839673:kills_maps_1_2_over_under_player_104515,cs2-kills-202609260130,2026-09-27T13:35:23+00:00,32.5,31.16610123558057,0.4026775500708272,0.5973224499291728,-0.27920718537321937,0.05726073637463591,UNDER,0.5973224499291728,0.05726073637463591,0,tenure60:86;rest:1;shrink:0.25;market_unproven;voidable
sleeper,match-2839673:headshots_maps_1_2_over_under_player_1627,cs2-headshots-202609260140,2026-09-27T13:35:23+00:00,15.5,15.15247125208663,0.43654389207739386,0.5634561079226061,-0.22295187210223893,0.0029518721022389616,UNDER,0.5634561079226061,0.0029518721022389616,0,tenure60:59;rest:1;shrink:0.25;voidable
sleeper,match-2839673:kills_maps_1_2_over_under_player_1627,cs2-kills-202609260130,2026-09-27T13:35:23+00:00,26.5,26.76245086064536,0.4842661062306978,0.5157338937693021,-0.13800633090935782,-0.08199366909064221,UNDER,0.5157338937693021,-0.08199366909064221,0,tenure60:59;rest:1;shrink:0.25;market_unproven;voidable
sleeper,match-2839673:headshots_maps_1_2_over_under_player_1955,cs2-headshots-202609260140,2026-09-27T13:35:23+00:00,12.5,12.801506959810283,0.49255747942187617,0.5074425205781239,-0.1232476866290605,-0.09675231337093948,UNDER,0.5074425205781239,-0.09675231337093948,0,tenure60:86;rest:1;shrink:0.25;voidable
sleeper,match-2839673:kills_maps_1_2_over_under_player_1955,cs2-kills-202609260130,2026-09-27T13:35:23+00:00,23.5,24.604715669036224,0.5374153880837029,0.4625846119162971,-0.0434006092110088,-0.17659939078899117,OVER,0.5374153880837029,-0.0434006092110088,0,tenure60:86;rest:1;shrink:0.25;market_unproven;voidable
sleeper,match-2839673:kills_maps_1_2_over_under_player_2008,cs2-kills-202609260130,2026-09-27T13:35:23+00:00,27.5,28.963181662249735,0.5484607824030514,0.4515392175969486,-0.029224415146599014,-0.19174480050146198,OVER,0.5484607824030514,-0.029224415146599014,0,tenure60:30;rest:40;shrink:0.25;market_unproven;voidable
sleeper,match-2839673:kills_maps_1_2_over_under_player_228484,cs2-kills-202609260130,2026-09-27T13:35:23+00:00,27.5,27.544211689691007,0.4702274168706581,0.5297725831293418,-0.1629951979702285,-0.05700480202977154,UNDER,0.5297725831293418,-0.05700480202977154,0,tenure60:86;rest:1;shrink:0.25;market_unproven;voidable
sleeper,match-2839673:headshots_maps_1_2_over_under_player_228494,cs2-headshots-202609260140,2026-09-27T13:35:23+00:00,14.5,15.739961529406315,0.5666907943024393,0.43330920569756065,0.008709613858342014,-0.228709613858342,OVER,0.5666907943024393,0.008709613858342014,0,tenure60:86;rest:1;shrink:0.25;voidable
sleeper,match-2839673:kills_maps_1_2_over_under_player_228494,cs2-kills-202609260130,2026-09-27T13:35:23+00:00,29.5,29.289474315719175,0.4566063157307841,0.543393684269216,-0.18724075799920437,-0.03275924200079555,UNDER,0.543393684269216,-0.03275924200079555,0,tenure60:86;rest:1;shrink:0.25;market_unproven;voidable
sleeper,match-2839673:headshots_maps_1_2_over_under_player_2365,cs2-headshots-202609260140,2026-09-27T13:35:23+00:00,19.5,18.23236676132736,0.3761235046855227,0.6238764953144773,-0.3305001616597696,0.11050016165976961,UNDER,0.6238764953144773,0.11050016165976961,0,tenure60:69;rest:1;shrink:0.25;voidable
sleeper,match-2839673:kills_maps_1_2_over_under_player_2365,cs2-kills-202609260130,2026-09-27T13:35:23+00:00,30.5,29.642749736917438,0.42425984608952866,0.5757401539104713,-0.2448174739606389,0.02481747396063899,UNDER,0.5757401539104713,0.02481747396063899,0,tenure60:69;rest:1;shrink:0.25;market_unproven;voidable
sleeper,match-2839673:kills_maps_1_2_over_under_player_2404,cs2-kills-202609260130,2026-09-27T13:35:23+00:00,31.5,31.57543268344893,0.472262802554626,0.527737197445374,-0.15937221145276564,-0.06062778854723433,UNDER,0.527737197445374,-0.06062778854723433,0,tenure60:64;rest:1;shrink:0.25;market_unproven;voidable
sleeper,match-2839673:headshots_maps_1_2_over_under_player_2707,cs2-headshots-202609260140,2026-09-27T13:35:23+00:00,10.5,11.997443927635747,0.6104994554112269,0.38950054458877315,0.0866890306319838,-0.30668903063198377,OVER,0.6104994554112269,0.0866890306319838,0,tenure60:30;rest:40;shrink:0.25;voidable
sleeper,match-2839673:kills_maps_1_2_over_under_player_2707,cs2-kills-202609260130,2026-09-27T13:35:23+00:00,32.5,29.743964913113306,0.3317622757274385,0.6682377242725615,-0.4094631492051594,0.1894631492051594,UNDER,0.6682377242725615,0.1894631492051594,0,tenure60:30;rest:40;shrink:0.25;market_unproven;voidable
sleeper,match-2839723:headshots_maps_1_2_over_under_player_1043,cs2-headshots-202609260140,2026-09-27T13:35:23+00:00,11.5,14.378595505331955,0.711175527708014,0.28882447229198605,0.21611015238070386,-0.46278648153690594,OVER,0.711175527708014,0.21611015238070386,0,tenure60:48;rest:11;shrink:0.25;voidable
sleeper,match-2839723:kills_maps_1_2_over_under_player_1043,cs2-kills-202609260130,2026-09-27T13:35:23+00:00,30.5,28.50409616410378,0.36483468488544074,0.6351653151145593,-0.408967810485586,0.2512756707756818,UNDER,0.6351653151145593,0.2512756707756818,0,tenure60:48;rest:11;shrink:0.25;market_unproven;voidable
sleeper,match-2839723:kills_maps_1_2_over_under_player_126607,cs2-kills-202609260130,2026-09-27T13:35:23+00:00,24.5,25.806719295802942,0.5469502018515842,0.45304979814841584,-0.07018465685230696,-0.15279687746246234,OVER,0.5469502018515842,-0.07018465685230696,0,tenure60:25;rest:1;shrink:0.25;market_unproven;voidable
sleeper,match-2839723:headshots_maps_1_2_over_under_player_1688,cs2-headshots-202609260140,2026-09-27T13:35:23+00:00,11.5,11.751107303484707,0.4893096778745398,0.5106903221254602,-0.12902877338331914,-0.09097122661668089,UNDER,0.5106903221254602,-0.09097122661668089,0,tenure60:25;rest:1;shrink:0.25;voidable
sleeper,match-2839723:kills_maps_1_2_over_under_player_1688,cs2-kills-202609260130,2026-09-27T13:35:23+00:00,21.5,24.06099066174057,0.6250366704731348,0.3749633295268652,0.11256527344217998,-0.32881564014691134,OVER,0.6250366704731348,0.11256527344217998,0,tenure60:25;rest:1;shrink:0.25;market_unproven;voidable
sleeper,match-2839723:kills_maps_1_2_over_under_player_1878,cs2-kills-202609260130,2026-09-27T13:35:23+00:00,26.5,26.88691362292493,0.49146756014628035,0.5085324398537197,-0.1399317697440094,-0.07955628386476737,UNDER,0.5085324398537197,-0.07955628386476737,0,tenure60:25;rest:1;shrink:0.25;market_unproven;voidable
sleeper,match-2839723:headshots_maps_1_2_over_under_player_2024,cs2-headshots-202609260140,2026-09-27T13:35:23+00:00,19.5,19.08916650403502,0.43497157774053624,0.5650284222594637,-0.26924774939589907,0.06790371807038631,UNDER,0.5650284222594637,0.06790371807038631,0,tenure60:48;rest:1;shrink:0.25;voidable
sleeper,match-2839723:kills_maps_1_2_over_under_player_2024,cs2-kills-202609260130,2026-09-27T13:35:23+00:00,31.5,31.12997110600267,0.4486222450333759,0.551377754966624,-0.2822044079465984,0.1082692874829142,UNDER,0.551377754966624,0.1082692874829142,0,tenure60:48;rest:1;shrink:0.25;market_unproven;voidable
sleeper,match-2839723:headshots_maps_1_2_over_under_player_2077,cs2-headshots-202609260140,2026-09-27T13:35:23+00:00,16.5,15.724561430498632,0.4026734219790968,0.5973265780209032,-0.2953215115365806,0.08116110621783473,UNDER,0.5973265780209032,0.08116110621783473,0,tenure60:48;rest:1;shrink:0.25;voidable
sleeper,match-2839723:kills_maps_1_2_over_under_player_2077,cs2-kills-202609260130,2026-09-27T13:35:23+00:00,28.5,27.88018366779046,0.4336484040270177,0.5663515959729823,-0.2671341971943402,0.06474100042920677,UNDER,0.5663515959729823,0.06474100042920677,0,tenure60:48;rest:1;shrink:0.25;market_unproven;voidable
sleeper,match-2839723:headshots_maps_1_2_over_under_player_2202,cs2-headshots-202609260140,2026-09-27T13:35:23+00:00,15.5,15.470342756152348,0.46221306048019195,0.537786939519808,-0.1911271441596641,-0.026605639469147402,UNDER,0.537786939519808,-0.026605639469147402,0,tenure60:48;rest:1;shrink:0.25;voidable
sleeper,match-2839723:kills_maps_1_2_over_under_player_2202,cs2-kills-202609260130,2026-09-27T13:35:23+00:00,27.5,27.98296372680263,0.49574637157745466,0.5042536284225453,-0.11757145859213064,-0.09738600512364382,UNDER,0.5042536284225453,-0.09738600512364382,0,tenure60:48;rest:1;shrink:0.25;market_unproven;voidable
sleeper,match-2839723:headshots_maps_1_2_over_under_player_2255,cs2-headshots-202609260140,2026-09-27T13:35:23+00:00,13.5,14.75866586440197,0.5717630842754602,0.42823691572453976,0.012020659167564618,-0.23345592085307376,OVER,0.5717630842754602,0.012020659167564618,0,tenure60:25;rest:1;shrink:0.25;voidable
sleeper,match-2839723:kills_maps_1_2_over_under_player_2255,cs2-kills-202609260130,2026-09-27T13:35:23+00:00,26.5,28.001296228034533,0.5535125582254721,0.44648744177452787,-0.09777453009248055,-0.12041973970418007,OVER,0.5535125582254721,-0.09777453009248055,0,tenure60:25;rest:1;shrink:0.25;market_unproven;voidable
sleeper,match-2839723:headshots_maps_1_2_over_under_player_2702,cs2-headshots-202609260140,2026-09-27T13:35:23+00:00,15.5,15.738236818852714,0.48428581150798905,0.5157141884920109,-0.13797125551577943,-0.0820287444842206,UNDER,0.5157141884920109,-0.0820287444842206,0,tenure60:48;rest:1;shrink:0.25;voidable
sleeper,match-2839723:kills_maps_1_2_over_under_player_2702,cs2-kills-202609260130,2026-09-27T13:35:23+00:00,26.5,26.455036240372007,0.46657416955343145,0.5334258304465685,-0.19749242836809794,-0.018496471978313833,UNDER,0.5334258304465685,-0.018496471978313833,0,tenure60:48;rest:1;shrink:0.25;market_unproven;voidable
sleeper,match-2839723:kills_maps_1_2_over_under_player_7673,cs2-kills-202609260130,2026-09-27T13:35:23+00:00,25.5,27.76511402401261,0.5942332575290842,0.40576674247091576,0.18252418248287755,-0.34671554462182563,OVER,0.5942332575290842,0.18252418248287755,0,tenure60:25;rest:1;shrink:0.25;market_unproven;voidable
sleeper,match-2839732:headshots_maps_1_2_over_under_player_1027,cs2-headshots-202609260140,2026-09-27T13:35:23+00:00,17.5,15.702023907991736,0.3280994749276169,0.6719005250723831,-0.35036303964331855,0.08847885061726063,UNDER,0.6719005250723831,0.08847885061726063,0,tenure60:25;rest:1;shrink:0.25;voidable
sleeper,match-2839732:kills_maps_1_2_over_under_player_1027,cs2-kills-202609260130,2026-09-27T13:35:23+00:00,30.5,29.92202559434903,0.43844788223901654,0.5615521177609835,-0.21956276961455057,-0.0004372303854494053,UNDER,0.5615521177609835,-0.0004372303854494053,0,tenure60:25;rest:1;shrink:0.25;market_unproven;voidable
sleeper,match-2839732:headshots_maps_1_2_over_under_player_1449,cs2-headshots-202609260140,2026-09-27T13:35:23+00:00,12.5,14.063261862552977,0.6032515498211433,0.39674845017885674,0.15221046015838358,-0.33743008820130926,OVER,0.6032515498211433,0.15221046015838358,0,tenure60:63;rest:1;shrink:0.25;voidable
sleeper,match-2839732:kills_maps_1_2_over_under_player_1449,cs2-kills-202609260130,2026-09-27T13:35:23+00:00,26.5,27.84148268736225,0.5450227446561781,0.4549772553438219,0.035543214846738336,-0.2356382110223793,OVER,0.5450227446561781,0.035543214846738336,0,tenure60:63;rest:1;shrink:0.25;market_unproven;voidable
sleeper,match-2839732:headshots_maps_1_2_over_under_player_1683,cs2-headshots-202609260140,2026-09-27T13:35:23+00:00,17.5,16.882356710497604,0.41869307936014405,0.5813069206398559,-0.2254178031837334,-0.0001520964994477514,UNDER,0.5813069206398559,-0.0001520964994477514,0,tenure60:25;rest:1;shrink:0.25;voidable
sleeper,match-2839732:kills_maps_1_2_over_under_player_1683,cs2-kills-202609260130,2026-09-27T13:35:23+00:00,29.5,30.125673744003457,0.5000770616118692,0.49992293838813084,-0.18487438957265334,-0.01515181137538224,UNDER,0.49992293838813084,-0.01515181137538224,0,tenure60:25;rest:1;shrink:0.25;market_unproven;voidable
sleeper,match-2839732:headshots_maps_1_2_over_under_player_1684,cs2-headshots-202609260140,2026-09-27T13:35:23+00:00,14.5,15.024454193401043,0.5116386445907659,0.4883613554092341,-0.07905043973662135,-0.140484014479748,OVER,0.5116386445907659,-0.07905043973662135,0,tenure60:25;rest:1;shrink:0.25;voidable
sleeper,match-2839732:kills_maps_1_2_over_under_player_1684,cs2-kills-202609260130,2026-09-27T13:35:23+00:00,26.5,26.55628286687982,0.472262802554626,0.527737197445374,-0.13575907132503434,-0.08173727644504936,UNDER,0.527737197445374,-0.08173727644504936,0,tenure60:25;rest:1;shrink:0.25;market_unproven;voidable
sleeper,match-2839732:headshots_maps_1_2_over_under_player_2388,cs2-headshots-202609260140,2026-09-27T13:35:23+00:00,17.5,16.822425399014108,0.41443413576652655,0.5855658642334735,-0.22086382475893013,-0.010393689445429899,UNDER,0.5855658642334735,-0.010393689445429899,0,tenure60:25;rest:1;shrink:0.25;voidable
sleeper,match-2839732:kills_maps_1_2_over_under_player_2388,cs2-kills-202609260130,2026-09-27T13:35:23+00:00,29.5,29.93966155375131,0.4906326399161652,0.5093673600838349,-0.12667390094922604,-0.09332609905077394,UNDER,0.5093673600838349,-0.09332609905077394,0,tenure60:25;rest:1;shrink:0.25;market_unproven;voidable
sleeper,match-2839732:headshots_maps_1_2_over_under_player_2402,cs2-headshots-202609260140,2026-09-27T13:35:23+00:00,14.5,14.406740380639363,0.4560740348172253,0.5439259651827747,-0.21555266011437246,0.006263035588133237,UNDER,0.5439259651827747,0.006263035588133237,0,tenure60:63;rest:1;shrink:0.25;voidable
sleeper,match-2839732:kills_maps_1_2_over_under_player_2402,cs2-kills-202609260130,2026-09-27T13:35:23+00:00,25.5,26.34877630997697,0.518543064328234,0.48145693567176595,-0.11329135999871981,-0.10449009965051531,UNDER,0.48145693567176595,-0.10449009965051531,0,tenure60:63;rest:1;shrink:0.25;market_unproven;voidable
sleeper,match-2839732:headshots_maps_1_2_over_under_player_2406,cs2-headshots-202609260140,2026-09-27T13:35:23+00:00,14.5,14.955336096854086,0.505295159732222,0.4947048402677779,-0.10057461567664466,-0.11942538432335542,OVER,0.505295159732222,-0.10057461567664466,0,tenure60:62;rest:1;shrink:0.25;voidable
sleeper,match-2839732:kills_maps_1_2_over_under_player_2406,cs2-kills-202609260130,2026-09-27T13:35:23+00:00,26.5,26.854045599106122,0.48917150818884525,0.5108284918111548,-0.12927471542385544,-0.09072528457614454,UNDER,0.5108284918111548,-0.09072528457614454,0,tenure60:62;rest:1;shrink:0.25;market_unproven;voidable
sleeper,match-2839732:headshots_maps_1_2_over_under_player_2623,cs2-headshots-202609260140,2026-09-27T13:35:23+00:00,9.5,10.445376918111933,0.5648139491229326,0.43518605087706735,-0.03416814699978521,-0.19055394536865472,OVER,0.5648139491229326,-0.03416814699978521,0,tenure60:63;rest:1;shrink:0.25;voidable
sleeper,match-2839732:kills_maps_1_2_over_under_player_2623,cs2-kills-202609260130,2026-09-27T13:35:23+00:00,29.5,29.234819612505298,0.4542057970886198,0.5457942029113803,-0.1915136811822568,-0.023028376788629346,UNDER,0.5457942029113803,-0.023028376788629346,0,tenure60:63;rest:1;shrink:0.25;market_unproven;voidable
sleeper,match-2839732:headshots_maps_1_2_over_under_player_2626,cs2-headshots-202609260140,2026-09-27T13:35:23+00:00,17.5,16.762815524266472,0.4095165559425893,0.5904834440574106,-0.18915721923367312,-0.043416820626994646,UNDER,0.5904834440574106,-0.043416820626994646,0,tenure60:63;rest:1;shrink:0.25;voidable
sleeper,match-2839732:kills_maps_1_2_over_under_player_2626,cs2-kills-202609260130,2026-09-27T13:35:23+00:00,29.5,28.962216877623334,0.43865656704476547,0.5613434329552345,-0.15339282560360262,-0.07378333562386313,UNDER,0.5613434329552345,-0.07378333562386313,0,tenure60:63;rest:1;shrink:0.25;market_unproven;voidable
sleeper,match-2839732:headshots_maps_1_2_over_under_player_92121,cs2-headshots-202609260140,2026-09-27T13:35:23+00:00,10.5,10.505128650997879,0.4623652727071202,0.5376347272928799,-0.029032927315047585,-0.17204251996896497,OVER,0.4623652727071202,-0.029032927315047585,0,tenure60:25;rest:1;shrink:0.25;voidable
sleeper,match-2839732:kills_maps_1_2_over_under_player_92121,cs2-kills-202609260130,2026-09-27T13:35:23+00:00,30.5,30.575650608859807,0.4737762925720825,0.5262237074279174,-0.12825162166736803,-0.08963298614970289,UNDER,0.5262237074279174,-0.08963298614970289,0,tenure60:25;rest:1;shrink:0.25;market_unproven;voidable
sleeper,match-2839733:headshots_maps_1_2_over_under_player_20490,cs2-headshots-202609260140,2026-09-27T13:35:23+00:00,17.5,17.540703814283532,0.4692657880388007,0.5307342119611993,-0.16470689729093474,-0.055293102709065234,UNDER,0.5307342119611993,-0.055293102709065234,0,tenure60:22;rest:1;shrink:0.25;voidable
sleeper,match-2839733:kills_maps_1_2_over_under_player_20490,cs2-kills-202609260130,2026-09-27T13:35:23+00:00,28.5,29.27140126379743,0.5119192601420685,0.48808073985793154,0.008480942479874853,-0.20930920143015086,OVER,0.5119192601420685,0.008480942479874853,0,tenure60:22;rest:1;shrink:0.25;market_unproven;voidable
sleeper,match-2839733:kills_maps_1_2_over_under_player_228642,cs2-kills-202609260130,2026-09-27T13:35:23+00:00,23.5,25.662845812846378,0.5962064029355453,0.4037935970644547,0.06124739722527062,-0.2812473972252706,OVER,0.5962064029355453,0.06124739722527062,0,tenure60:65;rest:1;shrink:0.25;market_unproven;voidable
sleeper,match-2839733:kills_maps_1_2_over_under_player_229567,cs2-kills-202609260130,2026-09-27T13:35:23+00:00,22.5,23.980583469591792,0.5604890073548113,0.43951099264518867,-0.0023295669084358317,-0.21767043309156414,OVER,0.5604890073548113,-0.0023295669084358317,0,tenure60:64;rest:1;shrink:0.25;market_unproven;voidable
sleeper,match-2839733:kills_maps_1_2_over_under_player_230814,cs2-kills-202609260130,2026-09-27T13:35:23+00:00,25.5,26.423894122236284,0.5222455538274556,0.47775444617254437,-0.049513092034030703,-0.1687072636597728,OVER,0.5222455538274556,-0.049513092034030703,0,tenure60:65;rest:1;shrink:0.25;market_unproven;voidable
sleeper,match-2839733:headshots_maps_1_2_over_under_player_2362,cs2-headshots-202609260140,2026-09-27T13:35:23+00:00,14.5,15.874514014995206,0.5768856795548136,0.4231143204451863,0.026856509607568302,-0.24685650960756828,OVER,0.5768856795548136,0.026856509607568302,0,tenure60:22;rest:1;shrink:0.25;voidable
sleeper,match-2839733:kills_maps_1_2_over_under_player_2362,cs2-kills-202609260130,2026-09-27T13:35:23+00:00,30.5,30.59164240742667,0.4744025632167338,0.5255974367832662,-0.1555634374742138,-0.06443656252578617,UNDER,0.5255974367832662,-0.06443656252578617,0,tenure60:22;rest:1;shrink:0.25;market_unproven;voidable
sleeper,match-2839733:kills_maps_1_2_over_under_player_23784,cs2-kills-202609260130,2026-09-27T13:35:23+00:00,25.5,27.898326365379734,0.6011897313004956,0.3988102686995044,0.06410582440187718,-0.2861296190278871,OVER,0.6011897313004956,0.06410582440187718,0,tenure60:24;rest:1;shrink:0.25;market_unproven;voidable
sleeper,match-2839733:headshots_maps_1_2_over_under_player_2412,cs2-headshots-202609260140,2026-09-27T13:35:23+00:00,15.5,16.064709805866592,0.5109789242856176,0.48902107571438236,-0.09556730401445679,-0.11976206371411174,OVER,0.5109789242856176,-0.09556730401445679,0,tenure60:22;rest:1;shrink:0.25;voidable
sleeper,match-2839733:kills_maps_1_2_over_under_player_2412,cs2-kills-202609260130,2026-09-27T13:35:23+00:00,28.5,30.290521214473515,0.5617902733473212,0.4382097266526787,-0.10675346537775915,-0.11481635216158892,OVER,0.5617902733473212,-0.10675346537775915,0,tenure60:22;rest:1;shrink:0.25;market_unproven;voidable
sleeper,match-2839733:headshots_maps_1_2_over_under_player_2413,cs2-headshots-202609260140,2026-09-27T13:35:23+00:00,13.5,14.585969885842161,0.5590816574746283,0.44091834252537165,-0.004834649695161508,-0.21516535030483847,OVER,0.5590816574746283,-0.004834649695161508,0,tenure60:22;rest:1;shrink:0.25;voidable
sleeper,match-2839733:kills_maps_1_2_over_under_player_2413,cs2-kills-202609260130,2026-09-27T13:35:23+00:00,25.5,27.674065723832786,0.5896626494873386,0.4103373505126614,0.049599516087462714,-0.2695995160874627,OVER,0.5896626494873386,0.049599516087462714,0,tenure60:22;rest:1;shrink:0.25;market_unproven;voidable
sleeper,match-2839733:headshots_maps_1_2_over_under_player_2415,cs2-headshots-202609260140,2026-09-27T13:35:23+00:00,9.5,10.80880230377607,0.5995003873739643,0.4004996126260357,0.055120681778177194,-0.2791006972731358,OVER,0.5995003873739643,0.055120681778177194,0,tenure60:22;rest:1;shrink:0.25;voidable
sleeper,match-2839733:kills_maps_1_2_over_under_player_2415,cs2-kills-202609260130,2026-09-27T13:35:23+00:00,32.5,31.92093786788169,0.43996086803818274,0.5600391319618172,-0.21686965489203464,0.00247004621165281,UNDER,0.5600391319618172,0.00247004621165281,0,tenure60:22;rest:1;shrink:0.25;market_unproven;voidable
sleeper,match-2839735:headshots_maps_1_2_over_under_player_1451,cs2-headshots-202609260140,2026-09-27T13:35:23+00:00,16.5,15.42815484038901,0.3776429892188802,0.6223570107811198,-0.32779547919039326,0.10779547919039328,UNDER,0.6223570107811198,0.10779547919039328,0,tenure60:27;rest:1;shrink:0.25;voidable
sleeper,match-2839735:kills_maps_1_2_over_under_player_1451,cs2-kills-202609260130,2026-09-27T13:35:23+00:00,28.5,26.493714466962604,0.3571424201025194,0.6428575798974806,-0.2892865839959864,0.03500070363494384,UNDER,0.6428575798974806,0.03500070363494384,0,tenure60:27;rest:1;shrink:0.25;market_unproven;voidable
sleeper,match-2839735:headshots_maps_1_2_over_under_player_1469,cs2-headshots-202609260140,2026-09-27T13:35:23+00:00,14.5,14.062982072852698,0.42665422654511886,0.5733457734548811,-0.2405554767496884,0.02055547674968844,UNDER,0.5733457734548811,0.02055547674968844,0,tenure60:24;rest:1;shrink:0.25;voidable
sleeper,match-2839735:kills_maps_1_2_over_under_player_1469,cs2-kills-202609260130,2026-09-27T13:35:23+00:00,28.5,28.242004733995138,0.45436235080264203,0.545637649197358,-0.19123501557129724,-0.028764984428702733,UNDER,0.545637649197358,-0.028764984428702733,0,tenure60:24;rest:1;shrink:0.25;market_unproven;voidable
sleeper,match-2839735:headshots_maps_1_2_over_under_player_1532,cs2-headshots-202609260140,2026-09-27T13:35:23+00:00,14.5,13.82261677288348,0.40551192108949013,0.5944880789105098,-0.2781887804607075,0.05818878046070747,UNDER,0.5944880789105098,0.05818878046070747,0,tenure60:27;rest:1;shrink:0.25;voidable
sleeper,match-2839735:kills_maps_1_2_over_under_player_1532,cs2-kills-202609260130,2026-09-27T13:35:23+00:00,27.5,25.310191677371005,0.3464954715480269,0.6535045284519732,-0.28275437389558444,0.01946706438507817,UNDER,0.6535045284519732,0.01946706438507817,0,tenure60:27;rest:1;shrink:0.25;market_unproven;voidable
sleeper,match-2839735:kills_maps_1_2_over_under_player_1882,cs2-kills-202609260130,2026-09-27T13:35:23+00:00,30.5,29.901189192847127,0.4371957933965552,0.5628042066034449,-0.13872428700878636,-0.08825718530241922,UNDER,0.5628042066034449,-0.08825718530241922,0,tenure60:15;rest:1;shrink:0.25;market_unproven;voidable
sleeper,match-2839735:headshots_maps_1_2_over_under_player_2204,cs2-headshots-202609260140,2026-09-27T13:35:23+00:00,17.5,17.075884655605304,0.43355145777247633,0.5664485422275236,-0.22827840516499204,0.008278405164992064,UNDER,0.5664485422275236,0.008278405164992064,0,tenure60:27;rest:1;shrink:0.25;voidable
sleeper,match-2839735:kills_maps_1_2_over_under_player_2204,cs2-kills-202609260130,2026-09-27T13:35:23+00:00,28.5,27.14737792716347,0.39491491066127904,0.605085089338721,-0.2575599679567954,0.0286446518758256,UNDER,0.605085089338721,0.0286446518758256,0,tenure60:27;rest:1;shrink:0.25;market_unproven;voidable
sleeper,match-2839735:headshots_maps_1_2_over_under_player_2411,cs2-headshots-202609260140,2026-09-27T13:35:23+00:00,14.5,15.28235060373326,0.5317848167569811,0.4682151832430189,-0.04810517800500386,-0.17125912565985651,OVER,0.5317848167569811,-0.04810517800500386,0,tenure60:15;rest:1;shrink:0.25;voidable
sleeper,match-2839735:kills_maps_1_2_over_under_player_2411,cs2-kills-202609260130,2026-09-27T13:35:23+00:00,26.5,27.35268634314995,0.5181258550811315,0.4818741449188685,-0.06219220230315192,-0.15672024639198012,OVER,0.5181258550811315,-0.06219220230315192,0,tenure60:15;rest:1;shrink:0.25;market_unproven;voidable
sleeper,match-2839735:headshots_maps_1_2_over_under_player_25774,cs2-headshots-202609260140,2026-09-27T13:35:23+00:00,12.5,11.122453638584945,0.33032405112942664,0.6696759488705734,-0.4120231889896206,0.19202318898962056,UNDER,0.6696759488705734,0.19202318898962056,0,tenure60:15;rest:1;shrink:0.25;voidable
sleeper,match-2839735:kills_maps_1_2_over_under_player_25774,cs2-kills-202609260130,2026-09-27T13:35:23+00:00,31.5,31.24314863586087,0.4542057970886198,0.5457942029113803,-0.2051398550949154,-0.006654550701287898,UNDER,0.5457942029113803,-0.006654550701287898,0,tenure60:15;rest:1;shrink:0.25;market_unproven;voidable
sleeper,match-2839735:headshots_maps_1_2_over_under_player_4384,cs2-headshots-202609260140,2026-09-27T13:35:23+00:00,15.5,15.931673332134814,0.4994591454275041,0.5005408545724959,-0.11096272113904265,-0.10903727886095738,UNDER,0.5005408545724959,-0.10903727886095738,0,tenure60:15;rest:1;shrink:0.25;voidable
sleeper,match-2839735:kills_maps_1_2_over_under_player_4384,cs2-kills-202609260130,2026-09-27T13:35:23+00:00,28.5,27.965241860025422,0.43917828313949503,0.5608217168605049,-0.21826265601169875,-0.001737343988301221,UNDER,0.5608217168605049,-0.001737343988301221,0,tenure60:15;rest:1;shrink:0.25;market_unproven;voidable
sleeper,match-2839796:headshots_maps_1_2_over_under_player_1185,cs2-headshots-202609260140,2026-09-27T13:35:23+00:00,17.5,16.831600060969684,0.41509323298617246,0.5849067670138275,-0.17396446635751678,-0.0583001051077377,UNDER,0.5849067670138275,-0.0583001051077377,0,tenure60:50;rest:0;shrink:0.25;voidable
sleeper,match-2839796:kills_maps_1_2_over_under_player_1185,cs2-kills-202609260130,2026-09-27T13:35:23+00:00,29.5,29.318147572478736,0.45838064782935434,0.5416193521706456,-0.1840824468637492,-0.03591755313625078,UNDER,0.5416193521706456,-0.03591755313625078,0,tenure60:50;rest:0;shrink:0.25;market_unproven;voidable
sleeper,match-2839796:headshots_maps_1_2_over_under_player_1507,cs2-headshots-202609260140,2026-09-27T13:35:23+00:00,14.5,15.312618199748762,0.5336623167717941,0.4663376832282059,-0.09811068465566802,-0.12328515553097297,OVER,0.5336623167717941,-0.09811068465566802,0,tenure60:31;rest:1;shrink:0.25;voidable
sleeper,match-2839796:kills_maps_1_2_over_under_player_1507,cs2-kills-202609260130,2026-09-27T13:35:23+00:00,27.5,27.754499860474414,0.48217863325015936,0.5178213667498406,-0.16100917814472265,-0.052386898847791685,UNDER,0.5178213667498406,-0.052386898847791685,0,tenure60:31;rest:1;shrink:0.25;market_unproven;voidable
sleeper,match-2839796:headshots_maps_1_2_over_under_player_1511,cs2-headshots-202609260140,2026-09-27T13:35:23+00:00,9.5,10.131550464323592,0.5330026572779417,0.46699734272205823,-0.11521558891861672,-0.0986951285464277,UNDER,0.46699734272205823,-0.0986951285464277,0,tenure60:31;rest:1;shrink:0.25;voidable
sleeper,match-2839796:kills_maps_1_2_over_under_player_1511,cs2-kills-202609260130,2026-09-27T13:35:23+00:00,27.5,26.512840755544566,0.41367497297400013,0.5863250270259999,-0.26365854810627976,0.04365854810627978,UNDER,0.5863250270259999,0.04365854810627978,0,tenure60:31;rest:1;shrink:0.25;market_unproven;voidable
sleeper,match-2839796:headshots_maps_1_2_over_under_player_1586,cs2-headshots-202609260140,2026-09-27T13:35:23+00:00,13.5,13.01489979494946,0.4198592841030297,0.5801407158969702,-0.2526504742966071,0.03265047429660706,UNDER,0.5801407158969702,0.03265047429660706,0,tenure60:31;rest:1;shrink:0.25;voidable
sleeper,match-2839796:kills_maps_1_2_over_under_player_1586,cs2-kills-202609260130,2026-09-27T13:35:23+00:00,28.5,26.929961389652355,0.38351114849613827,0.6164888515038618,-0.29433948676710564,0.06036082458664227,UNDER,0.6164888515038618,0.06036082458664227,0,tenure60:31;rest:1;shrink:0.25;market_unproven;voidable
sleeper,match-2839796:headshots_maps_1_2_over_under_player_1856,cs2-headshots-202609260140,2026-09-27T13:35:23+00:00,15.5,14.611012732013299,0.39248690003293835,0.6075130999670617,-0.3013733179413698,0.08137331794136987,UNDER,0.6075130999670617,0.08137331794136987,0,tenure60:31;rest:1;shrink:0.25;voidable
sleeper,match-2839796:kills_maps_1_2_over_under_player_1856,cs2-kills-202609260130,2026-09-27T13:35:23+00:00,26.5,26.090753955280604,0.4441870364484523,0.5558129635515476,-0.17825398257036312,-0.044001702691338074,UNDER,0.5558129635515476,-0.044001702691338074,0,tenure60:31;rest:1;shrink:0.25;market_unproven;voidable
sleeper,match-2839796:headshots_maps_1_2_over_under_player_1861,cs2-headshots-202609260140,2026-09-27T13:35:23+00:00,9.5,9.828078734555163,0.49844418919192246,0.5015558108080774,-0.05295604053534725,-0.16240179595051063,OVER,0.49844418919192246,-0.05295604053534725,0,tenure60:53;rest:0;shrink:0.25;voidable
sleeper,match-2839796:kills_maps_1_2_over_under_player_1861,cs2-kills-202609260130,2026-09-27T13:35:23+00:00,28.5,29.291608877646667,0.5130146209456145,0.48698537905438555,-0.10222441334517474,-0.11368661012101827,OVER,0.5130146209456145,-0.10222441334517474,0,tenure60:53;rest:0;shrink:0.25;market_unproven;voidable
sleeper,match-2839796:headshots_maps_1_2_over_under_player_1864,cs2-headshots-202609260140,2026-09-27T13:35:23+00:00,18.5,18.436941804050022,0.4611475813777057,0.5388524186222943,-0.050035982361926246,-0.15400170276299796,OVER,0.4611475813777057,-0.050035982361926246,0,tenure60:53;rest:0;shrink:0.25;voidable
sleeper,match-2839796:kills_maps_1_2_over_under_player_1864,cs2-kills-202609260130,2026-09-27T13:35:23+00:00,32.5,31.913131513559314,0.4394913155637568,0.5605086844362432,-0.16057158727322457,-0.06395049699147382,UNDER,0.5605086844362432,-0.06395049699147382,0,tenure60:53;rest:0;shrink:0.25;market_unproven;voidable
sleeper,match-2839796:headshots_maps_1_2_over_under_player_2145,cs2-headshots-202609260140,2026-09-27T13:35:23+00:00,18.5,17.656981569387444,0.4041433348078331,0.5958566651921668,-0.244251963909352,0.012956330826683626,UNDER,0.5958566651921668,0.012956330826683626,0,tenure60:31;rest:1;shrink:0.25;voidable
sleeper,match-2839796:kills_maps_1_2_over_under_player_2145,cs2-kills-202609260130,2026-09-27T13:35:23+00:00,30.5,28.867620688544264,0.3851249304785028,0.6148750695214972,-0.31447762374826493,0.09447762374826496,UNDER,0.6148750695214972,0.09447762374826496,0,tenure60:31;rest:1;shrink:0.25;market_unproven;voidable
sleeper,match-2839796:headshots_maps_1_2_over_under_player_2531,cs2-headshots-202609260140,2026-09-27T13:35:23+00:00,15.5,15.254096053454365,0.4452176692544489,0.5547823307455511,-0.20751254872708091,-0.012487451272919114,UNDER,0.5547823307455511,-0.012487451272919114,0,tenure60:53;rest:0;shrink:0.25;voidable
sleeper,match-2839796:kills_maps_1_2_over_under_player_2531,cs2-kills-202609260130,2026-09-27T13:35:23+00:00,28.5,28.165795556210362,0.45034423125705736,0.5496557687429426,-0.1713666144870144,-0.05459207776213865,UNDER,0.5496557687429426,-0.05459207776213865,0,tenure60:53;rest:0;shrink:0.25;market_unproven;voidable
sleeper,match-2839796:headshots_maps_1_2_over_under_player_67330,cs2-headshots-202609260140,2026-09-27T13:35:23+00:00,17.5,17.600304041820927,0.47408623891103285,0.5259137610889671,-0.09449528367992727,-0.12172401898142488,OVER,0.47408623891103285,-0.09449528367992727,0,tenure60:53;rest:0;shrink:0.25;voidable
sleeper,match-2839796:kills_maps_1_2_over_under_player_67330,cs2-kills-202609260130,2026-09-27T13:35:23+00:00,28.5,27.656098506311288,0.42201741032310186,0.5779825896768982,-0.27413005424426484,0.0692677909022617,UNDER,0.5779825896768982,0.0692677909022617,0,tenure60:53;rest:0;shrink:0.25;market_unproven;voidable
sleeper,match-2837755:headshots_maps_1_2_over_under_player_22563,cs2-headshots-202609260140,2026-09-27T13:35:23+00:00,16.5,16.29469148235863,0.44800771165418646,0.5519922883458135,-0.20254627325554803,-0.017453726744452003,UNDER,0.5519922883458135,-0.017453726744452003,0,tenure60:0;rest:173;shrink:0.25;voidable
sleeper,match-2839723:headshots_maps_1_2_over_under_player_7673,cs2-headshots-202609260140,2026-09-27T13:35:23+00:00,11.5,14.335208336206852,0.7078437358750431,0.2921562641249569,0.25996184985757675,-0.47996184985757673,OVER,0.7078437358750431,0.25996184985757675,0,tenure60:25;rest:1;shrink:0.25;voidable
sleeper,match-2839726:kills_maps_1_2_over_under_player_1190,cs2-kills-202609260130,2026-09-27T13:35:23+00:00,28.5,27.3206743859445,0.40424084536303434,0.5957591546369656,-0.2804512952537988,0.060451295253798776,UNDER,0.5957591546369656,0.060451295253798776,0,tenure60:45;rest:1;shrink:0.25;market_unproven;voidable
sleeper,match-2839726:headshots_maps_1_2_over_under_player_1238,cs2-headshots-202609260140,2026-09-27T13:35:23+00:00,16.5,17.51399393966468,0.5431509012816859,0.4568490987183141,-0.03319139571859908,-0.18680860428140095,OVER,0.5431509012816859,-0.03319139571859908,0,tenure60:88;rest:1;shrink:0.25;voidable
sleeper,match-2839726:kills_maps_1_2_over_under_player_1238,cs2-kills-202609260130,2026-09-27T13:35:23+00:00,28.5,29.43113213434989,0.5203161426884444,0.4796838573115556,-0.07383726601456897,-0.146162733985431,OVER,0.5203161426884444,-0.07383726601456897,0,tenure60:88;rest:1;shrink:0.25;market_unproven;voidable
sleeper,match-2839726:headshots_maps_1_2_over_under_player_1651,cs2-headshots-202609260140,2026-09-27T13:35:23+00:00,15.5,16.025441949024533,0.5071728347457848,0.4928271652542152,-0.09723235415250309,-0.12276764584749689,OVER,0.5071728347457848,-0.09723235415250309,0,tenure60:85;rest:1;shrink:0.25;voidable
sleeper,match-2839726:kills_maps_1_2_over_under_player_1651,cs2-kills-202609260130,2026-09-27T13:35:23+00:00,30.5,31.338372874707176,0.5150487743527142,0.48495122564728577,-0.08321318165216868,-0.1367868183478313,OVER,0.5150487743527142,-0.08321318165216868,0,tenure60:85;rest:1;shrink:0.25;market_unproven;voidable
sleeper,match-2839726:headshots_maps_1_2_over_under_player_17860,cs2-headshots-202609260140,2026-09-27T13:35:23+00:00,10.5,10.692281473848421,0.48174854874996614,0.5182514512500338,-0.16175752517505887,-0.056782358724938475,UNDER,0.5182514512500338,-0.056782358724938475,0,tenure60:88;rest:1;shrink:0.25;voidable
sleeper,match-2839726:kills_maps_1_2_over_under_player_17860,cs2-kills-202609260130,2026-09-27T13:35:23+00:00,27.5,28.717074550461728,0.536790009962294,0.463209990037706,-0.04451378226711672,-0.17548621773288325,OVER,0.536790009962294,-0.04451378226711672,0,tenure60:88;rest:1;shrink:0.25;market_unproven;voidable
sleeper,match-2839726:headshots_maps_1_2_over_under_player_2074,cs2-headshots-202609260140,2026-09-27T13:35:23+00:00,15.5,13.95679216536664,0.33634160566612215,0.6636583943338779,-0.4013119419143026,0.18131194191430255,UNDER,0.6636583943338779,0.18131194191430255,0,tenure60:0;rest:446;shrink:0.25;voidable
sleeper,match-2839726:kills_maps_1_2_over_under_player_2074,cs2-kills-202609260130,2026-09-27T13:35:23+00:00,28.5,26.26277053885007,0.3443153486573916,0.6556846513426084,-0.387118679389843,0.16711867938984304,UNDER,0.6556846513426084,0.16711867938984304,0,tenure60:0;rest:446;shrink:0.25;market_unproven;voidable
sleeper,match-2839726:headshots_maps_1_2_over_under_player_22563,cs2-headshots-202609260140,2026-09-27T13:35:23+00:00,15.5,16.169143064563265,0.5194537187492487,0.4805462812507513,-0.07537238062633728,-0.1446276193736627,OVER,0.5194537187492487,-0.07537238062633728,0,tenure60:0;rest:173;shrink:0.25;voidable
sleeper,match-2839726:kills_maps_1_2_over_under_player_22563,cs2-kills-202609260130,2026-09-27T13:35:23+00:00,29.5,30.148466189841507,0.5011727239284461,0.49882727607155386,-0.10791255140736583,-0.11208744859263414,OVER,0.5011727239284461,-0.10791255140736583,0,tenure60:0;rest:173;shrink:0.25;market_unproven;voidable
sleeper,match-2839726:headshots_maps_1_2_over_under_player_229518,cs2-headshots-202609260140,2026-09-27T13:35:23+00:00,19.5,18.600355640215323,0.40110219424749094,0.5988978057525091,-0.28603809423946613,0.06603809423946616,UNDER,0.5988978057525091,0.06603809423946616,0,tenure60:46;rest:1;shrink:0.25;voidable
sleeper,match-2839726:kills_maps_1_2_over_under_player_229518,cs2-kills-202609260130,2026-09-27T13:35:23+00:00,30.5,28.784273911485204,0.3808565583248775,0.6191434416751225,-0.32207532618171797,0.102075326181718,UNDER,0.6191434416751225,0.102075326181718,0,tenure60:46;rest:1;shrink:0.25;market_unproven;voidable
sleeper,match-2839726:headshots_maps_1_2_over_under_player_2526,cs2-headshots-202609260140,2026-09-27T13:35:23+00:00,19.5,18.082362362325945,0.3649322577783384,0.6350677422216616,-0.3504205811545577,0.13042058115455774,UNDER,0.6350677422216616,0.13042058115455774,0,tenure60:46;rest:1;shrink:0.25;voidable
sleeper,match-2839726:kills_maps_1_2_over_under_player_2526,cs2-kills-202609260130,2026-09-27T13:35:23+00:00,29.5,28.486812386109996,0.4141963008885894,0.5858036991114106,-0.2627305844183109,0.0427305844183109,UNDER,0.5858036991114106,0.0427305844183109,0,tenure60:46;rest:1;shrink:0.25;market_unproven;voidable
sleeper,match-2839726:headshots_maps_1_2_over_under_player_2527,cs2-headshots-202609260140,2026-09-27T13:35:23+00:00,10.5,10.40372315269493,0.4514573612651065,0.5485426387348934,-0.2144641913987146,-0.001652397502493852,UNDER,0.5485426387348934,-0.001652397502493852,0,tenure60:45;rest:1;shrink:0.25;voidable
sleeper,match-2839726:kills_maps_1_2_over_under_player_2527,cs2-kills-202609260130,2026-09-27T13:35:23+00:00,29.5,29.84618990529301,0.48598824320168466,0.5140117567983153,-0.1349409271010013,-0.08505907289899867,UNDER,0.5140117567983153,-0.08505907289899867,0,tenure60:45;rest:1;shrink:0.25;market_unproven;voidable
sleeper,match-2839726:headshots_maps_1_2_over_under_player_2696,cs2-headshots-202609260140,2026-09-27T13:35:23+00:00,15.5,15.921415883614978,0.4984949369712011,0.5015050630287989,-0.11267901219126203,-0.10732098780873789,UNDER,0.5015050630287989,-0.10732098780873789,0,tenure60:46;rest:1;shrink:0.25;voidable
sleeper,match-2839726:kills_maps_1_2_over_under_player_2696,cs2-kills-202609260130,2026-09-27T13:35:23+00:00,28.5,27.534326867625822,0.41581248294296524,0.5841875170570346,-0.25153753070266244,0.0281700300203811,UNDER,0.5841875170570346,0.0281700300203811,0,tenure60:46;rest:1;shrink:0.25;market_unproven;voidable
sleeper,match-2839736:headshots_maps_1_2_over_under_player_1338,cs2-headshots-202609260140,2026-09-27T13:35:23+00:00,15.5,15.318637982970833,0.45054420386296046,0.5494557961370395,-0.1709986648921527,-0.05493603064429198,UNDER,0.5494557961370395,-0.05493603064429198,0,tenure60:28;rest:1;shrink:0.25;voidable
sleeper,match-2839736:kills_maps_1_2_over_under_player_1338,cs2-kills-202609260130,2026-09-27T13:35:23+00:00,25.5,25.871221398934594,0.4902151764184073,0.5097848235815927,0.142201361054889,-0.2761055505141384,OVER,0.4902151764184073,0.142201361054889,0,tenure60:28;rest:1;shrink:0.25;market_unproven;voidable
sleeper,match-2839736:headshots_maps_1_2_over_under_player_1440,cs2-headshots-202609260140,2026-09-27T13:35:23+00:00,10.5,11.2488945652336,0.5415779786051602,0.4584220213948398,0.0019192604195464313,-0.2115141232008756,OVER,0.5415779786051602,0.0019192604195464313,0,tenure60:62;rest:1;shrink:0.25;voidable
sleeper,match-2839736:kills_maps_1_2_over_under_player_1440,cs2-kills-202609260130,2026-09-27T13:35:23+00:00,31.5,31.994948855085656,0.49329391507286385,0.5067060849271361,-0.1219368311703023,-0.09806316882969773,UNDER,0.5067060849271361,-0.09806316882969773,0,tenure60:62;rest:1;shrink:0.25;market_unproven;voidable
sleeper,match-2839736:headshots_maps_1_2_over_under_player_2025,cs2-headshots-202609260140,2026-09-27T13:35:23+00:00,14.5,15.782685690018882,0.5695820481354325,0.43041795186456755,0.013856045681069795,-0.23385604568106977,OVER,0.5695820481354325,0.013856045681069795,0,tenure60:62;rest:1;shrink:0.25;voidable
sleeper,match-2839736:kills_maps_1_2_over_under_player_2025,cs2-kills-202609260130,2026-09-27T13:35:23+00:00,29.5,30.110856928056187,0.4992944316442597,0.5007055683557403,-0.11125591167321774,-0.10373703264322481,UNDER,0.5007055683557403,-0.10373703264322481,0,tenure60:62;rest:1;shrink:0.25;market_unproven;voidable
sleeper,match-2839736:kills_maps_1_2_over_under_player_2138,cs2-kills-202609260130,2026-09-27T13:35:23+00:00,27.5,28.023664939495696,0.4976769608108018,0.5023230391891982,-0.014599617594612424,-0.1862366765134989,OVER,0.4976769608108018,-0.014599617594612424,0,tenure60:28;rest:1;shrink:0.25;market_unproven;voidable
sleeper,match-2839736:headshots_maps_1_2_over_under_player_2203,cs2-headshots-202609260140,2026-09-27T13:35:23+00:00,16.5,17.12007468609254,0.514379012669936,0.485620987330064,-0.08440535744751387,-0.1355946425524861,OVER,0.514379012669936,-0.08440535744751387,0,tenure60:62;rest:1;shrink:0.25;voidable
sleeper,match-2839736:kills_maps_1_2_over_under_player_2203,cs2-kills-202609260130,2026-09-27T13:35:23+00:00,28.5,29.23794675300673,0.5104587292872714,0.4895412707127285,-0.09138346186865681,-0.12861653813134327,OVER,0.5104587292872714,-0.09138346186865681,0,tenure60:62;rest:1;shrink:0.25;market_unproven;voidable
sleeper,match-2839736:headshots_maps_1_2_over_under_player_2701,cs2-headshots-202609260140,2026-09-27T13:35:23+00:00,12.5,12.962700814184128,0.5074265744759467,0.4925734255240532,-0.0967806974328147,-0.12321930256718522,OVER,0.5074265744759467,-0.0967806974328147,0,tenure60:62;rest:1;shrink:0.25;voidable
sleeper,match-2839736:kills_maps_1_2_over_under_player_2701,cs2-kills-202609260130,2026-09-27T13:35:23+00:00,23.5,24.609384872335525,0.5376759572892847,0.4623240427107152,-0.04293679602507311,-0.17706320397492697,OVER,0.5376759572892847,-0.04293679602507311,0,tenure60:62;rest:1;shrink:0.25;market_unproven;voidable
sleeper,match-2839736:headshots_maps_1_2_over_under_player_30290,cs2-headshots-202609260140,2026-09-27T13:35:23+00:00,15.5,16.258457738742223,0.5262536777033414,0.4737463222966586,-0.015905622694751487,-0.19463125209568044,OVER,0.5262536777033414,-0.015905622694751487,0,tenure60:28;rest:1;shrink:0.25;voidable
sleeper,match-2839736:kills_maps_1_2_over_under_player_30290,cs2-kills-202609260130,2026-09-27T13:35:23+00:00,27.5,28.164780542587273,0.5047204159338455,0.49527958406615447,0.1608569566478446,-0.29175019478539915,OVER,0.5047204159338455,0.1608569566478446,0,tenure60:28;rest:1;shrink:0.25;market_unproven;voidable
sleeper,match-2839736:headshots_maps_1_2_over_under_player_83570,cs2-headshots-202609260140,2026-09-27T13:35:23+00:00,20.5,19.890525317819645,0.42660351476538905,0.573396485234611,-0.2406457437176075,0.020645743717607523,UNDER,0.573396485234611,0.020645743717607523,0,tenure60:62;rest:1;shrink:0.25;voidable
sleeper,match-2839736:kills_maps_1_2_over_under_player_83570,cs2-kills-202609260130,2026-09-27T13:35:23+00:00,29.5,30.48580548290374,0.5203682905351164,0.47963170946488365,-0.1778181009545161,-0.026347629786286297,UNDER,0.47963170946488365,-0.026347629786286297,0,tenure60:62;rest:1;shrink:0.25;market_unproven;voidable
sleeper,match-2839745:headshots_maps_1_2_over_under_player_1008,cs2-headshots-202609260140,2026-09-27T13:35:23+00:00,19.5,19.21981806370962,0.4446089470072711,0.5553910529927288,-0.20859607432705735,-0.011403925672942627,UNDER,0.5553910529927288,-0.011403925672942627,0,tenure60:78;rest:1;shrink:0.25;voidable
sleeper,match-2839745:kills_maps_1_2_over_under_player_1008,cs2-kills-202609260130,2026-09-27T13:35:23+00:00,29.5,29.886106655388616,0.4875537970971956,0.5124462029028044,-0.03951901971852467,-0.1698371512974568,OVER,0.4875537970971956,-0.03951901971852467,0,tenure60:78;rest:1;shrink:0.25;market_unproven;voidable
sleeper,match-2839745:headshots_maps_1_2_over_under_player_1438,cs2-headshots-202609260140,2026-09-27T13:35:23+00:00,15.5,15.609701214743197,0.4728684241290646,0.5271315758709354,-0.15356552080897434,-0.06697711070844431,UNDER,0.5271315758709354,-0.06697711070844431,0,tenure60:41;rest:1;shrink:0.25;voidable
sleeper,match-2839745:kills_maps_1_2_over_under_player_1438,cs2-kills-202609260130,2026-09-27T13:35:23+00:00,27.5,27.535130256372444,0.46986209130049966,0.5301379086995004,-0.06967305922501071,-0.14117658790680931,OVER,0.46986209130049966,-0.06967305922501071,0,tenure60:41;rest:1;shrink:0.25;market_unproven;voidable
sleeper,match-2839745:headshots_maps_1_2_over_under_player_1441,cs2-headshots-202609260140,2026-09-27T13:35:23+00:00,15.5,15.390901643249418,0.4557696310317656,0.5442303689682344,-0.18873005676345722,-0.03126994323654275,UNDER,0.5442303689682344,-0.03126994323654275,0,tenure60:41;rest:1;shrink:0.25;voidable
sleeper,match-2839745:kills_maps_1_2_over_under_player_1441,cs2-kills-202609260130,2026-09-27T13:35:23+00:00,28.5,28.15685231683046,0.4498745944895524,0.5501254055104476,-0.19922322180859675,-0.020776778191403167,UNDER,0.5501254055104476,-0.020776778191403167,0,tenure60:41;rest:1;shrink:0.25;market_unproven;voidable
sleeper,match-2839745:headshots_maps_1_2_over_under_player_1587,cs2-headshots-202609260140,2026-09-27T13:35:23+00:00,14.5,15.723739876787072,0.5653719354552939,0.43462806454470615,0.0063620451104230424,-0.22636204511042302,OVER,0.5653719354552939,0.0063620451104230424,0,tenure60:17;rest:1;shrink:0.25;voidable
sleeper,match-2839745:kills_maps_1_2_over_under_player_1587,cs2-kills-202609260130,2026-09-27T13:35:23+00:00,27.5,27.99905481212177,0.4963725154646847,0.5036274845353153,-0.12142064762750804,-0.09850680268178569,UNDER,0.5036274845353153,-0.09850680268178569,0,tenure60:17;rest:1;shrink:0.25;market_unproven;voidable
sleeper,match-2839745:headshots_maps_1_2_over_under_player_1640,cs2-headshots-202609260140,2026-09-27T13:35:23+00:00,11.5,11.060012692763014,0.41838885658899083,0.5816111434110092,-0.22598061531036695,0.0003711666669357627,UNDER,0.5816111434110092,0.0003711666669357627,0,tenure60:31;rest:1;shrink:0.25;voidable
sleeper,match-2839745:kills_maps_1_2_over_under_player_1640,cs2-kills-202609260130,2026-09-27T13:35:23+00:00,33.5,31.6773042731434,0.38174137387871454,0.6182586261212855,-0.3205003544958881,0.10050035449588812,UNDER,0.6182586261212855,0.10050035449588812,0,tenure60:31;rest:1;shrink:0.25;market_unproven;voidable
sleeper,match-2839745:headshots_maps_1_2_over_under_player_1641,cs2-headshots-202609260140,2026-09-27T13:35:23+00:00,13.5,14.87586353166094,0.5798778794831679,0.42012212051683206,0.03218262548003892,-0.2521826254800389,OVER,0.5798778794831679,0.03218262548003892,0,tenure60:41;rest:1;shrink:0.25;voidable
sleeper,match-2839745:kills_maps_1_2_over_under_player_1641,cs2-kills-202609260130,2026-09-27T13:35:23+00:00,24.5,26.823208783331378,0.6007745352768674,0.3992254647231326,0.07538641814559272,-0.29337092744005533,OVER,0.6007745352768674,0.07538641814559272,0,tenure60:41;rest:1;shrink:0.25;market_unproven;voidable
sleeper,match-2839745:headshots_maps_1_2_over_under_player_1649,cs2-headshots-202609260140,2026-09-27T13:35:23+00:00,18.5,18.18065462494101,0.44186976242727316,0.5581302375727268,-0.21347182287945377,-0.006528177120546208,UNDER,0.5581302375727268,-0.006528177120546208,0,tenure60:78;rest:1;shrink:0.25;voidable
sleeper,match-2839745:kills_maps_1_2_over_under_player_1649,cs2-kills-202609260130,2026-09-27T13:35:23+00:00,29.5,29.136562551175892,0.44836134177687426,0.5516386582231257,-0.2019168116371638,-0.018083188362836178,UNDER,0.5516386582231257,-0.018083188362836178,0,tenure60:78;rest:1;shrink:0.25;market_unproven;voidable
sleeper,match-2839745:headshots_maps_1_2_over_under_player_1819,cs2-headshots-202609260140,2026-09-27T13:35:23+00:00,17.5,17.356155808535853,0.4536895672551974,0.5463104327448026,-0.19243257028574867,-0.0275674297142513,UNDER,0.5463104327448026,-0.0275674297142513,0,tenure60:78;rest:1;shrink:0.25;voidable
sleeper,match-2839745:kills_maps_1_2_over_under_player_1819,cs2-kills-202609260130,2026-09-27T13:35:23+00:00,27.5,27.907387548701237,0.49110228367211395,0.508897716327886,-0.12583793506363716,-0.09416206493636281,UNDER,0.508897716327886,-0.09416206493636281,0,tenure60:78;rest:1;shrink:0.25;market_unproven;voidable
sleeper,match-2839745:headshots_maps_1_2_over_under_player_228566,cs2-headshots-202609260140,2026-09-27T13:35:23+00:00,11.5,11.096548879905042,0.4223438980978792,0.5776561019021208,-0.2440044224047962,0.028227861385775044,UNDER,0.5776561019021208,0.028227861385775044,0,tenure60:78;rest:1;shrink:0.25;voidable
sleeper,match-2839745:kills_maps_1_2_over_under_player_228566,cs2-kills-202609260130,2026-09-27T13:35:23+00:00,30.5,30.853799794439166,0.48870185321413995,0.51129814678586,-0.1349977198109723,-0.08477631725331047,UNDER,0.51129814678586,-0.08477631725331047,0,tenure60:78;rest:1;shrink:0.25;market_unproven;voidable
sleeper,match-2839745:headshots_maps_1_2_over_under_player_230150,cs2-headshots-202609260140,2026-09-27T13:35:23+00:00,16.5,15.936576655532258,0.4193015305672563,0.5806984694327437,-0.26202930620162895,0.04525724497893874,UNDER,0.5806984694327437,0.04525724497893874,0,tenure60:78;rest:1;shrink:0.25;voidable
sleeper,match-2839745:kills_maps_1_2_over_under_player_230150,cs2-kills-202609260130,2026-09-27T13:35:23+00:00,28.5,27.681919847935248,0.4230082341602884,0.5769917658397117,-0.24704534319468674,0.02704534319468682,UNDER,0.5769917658397117,0.02704534319468682,0,tenure60:78;rest:1;shrink:0.25;market_unproven;voidable
sleeper,match-2839844:headshots_maps_1_2_over_under_player_111516,cs2-headshots-202609260140,2026-09-27T13:35:23+00:00,12.5,13.287023086194178,0.5372650180514262,0.46273498194857376,-0.043668267868461286,-0.1763317321315387,OVER,0.5372650180514262,-0.043668267868461286,0,tenure60:69;rest:1;shrink:0.25;voidable
sleeper,match-2839844:kills_maps_1_2_over_under_player_111516,cs2-kills-202609260130,2026-09-27T13:35:23+00:00,23.5,26.05989916667651,0.6159709223621214,0.38402907763787864,0.10874766025181848,-0.3241088233573336,OVER,0.6159709223621214,0.10874766025181848,0,tenure60:69;rest:1;shrink:0.25;market_unproven;voidable
sleeper,match-2839844:kills_maps_1_2_over_under_player_1286,cs2-kills-202609260130,2026-09-27T13:35:23+00:00,27.5,28.393480639579682,0.5181780065313137,0.48182199346868626,0.015628892801374916,-0.21463015064604146,OVER,0.5181780065313137,0.015628892801374916,0,tenure60:69;rest:1;shrink:0.25;market_unproven;voidable
sleeper,match-2839844:headshots_maps_1_2_over_under_player_1596,cs2-headshots-202609260140,2026-09-27T13:35:23+00:00,13.5,14.476130688461526,0.5506600120986116,0.4493399879013884,-0.01982517846447135,-0.20017482153552862,OVER,0.5506600120986116,-0.01982517846447135,0,tenure60:69;rest:1;shrink:0.25;voidable
sleeper,match-2839844:kills_maps_1_2_over_under_player_1596,cs2-kills-202609260130,2026-09-27T13:35:23+00:00,27.5,28.16628250603741,0.5048247557582801,0.4951752442417199,-0.0004469835986053994,-0.19781610432841373,OVER,0.5048247557582801,-0.0004469835986053994,0,tenure60:69;rest:1;shrink:0.25;market_unproven;voidable
sleeper,match-2839844:headshots_maps_1_2_over_under_player_1732,cs2-headshots-202609260140,2026-09-27T13:35:23+00:00,15.5,16.714780279824087,0.5611108381210151,0.43888916187898486,-0.001222708144593021,-0.21877729185540695,OVER,0.5611108381210151,-0.001222708144593021,0,tenure60:69;rest:1;shrink:0.25;voidable
sleeper,match-2839844:kills_maps_1_2_over_under_player_1732,cs2-kills-202609260130,2026-09-27T13:35:23+00:00,28.5,28.78133178781549,0.48541420061377116,0.5145857993862287,-0.03887988278473298,-0.1663710049943093,OVER,0.48541420061377116,-0.03887988278473298,0,tenure60:69;rest:1;shrink:0.25;market_unproven;voidable
sleeper,match-2839844:kills_maps_1_2_over_under_player_2194,cs2-kills-202609260130,2026-09-27T13:35:23+00:00,31.5,30.363294080813198,0.41023447607159336,0.5897655239284066,-0.3354201487640187,0.1677357373782451,UNDER,0.5897655239284066,0.1677357373782451,0,tenure60:34;rest:1;shrink:0.25;market_unproven;voidable
sleeper,match-2839844:headshots_maps_1_2_over_under_player_2196,cs2-headshots-202609260140,2026-09-27T13:35:23+00:00,16.5,15.299295185976744,0.3680208310062462,0.6319791689937537,-0.3412427124988192,0.1186031291189441,UNDER,0.6319791689937537,0.1186031291189441,0,tenure60:15;rest:1;shrink:0.25;voidable
sleeper,match-2839844:kills_maps_1_2_over_under_player_2196,cs2-kills-202609260130,2026-09-27T13:35:23+00:00,29.5,27.744597073902693,0.37658931481439467,0.6234106851856054,-0.32967101963037754,0.10967101963037762,UNDER,0.6234106851856054,0.10967101963037762,0,tenure60:15;rest:1;shrink:0.25;market_unproven;voidable
sleeper,match-2839844:headshots_maps_1_2_over_under_player_2197,cs2-headshots-202609260140,2026-09-27T13:35:23+00:00,17.5,17.741015226156716,0.4843365570863715,0.5156634429136284,-0.13788092838625865,-0.08211907161374138,UNDER,0.5156634429136284,-0.08211907161374138,0,tenure60:27;rest:1;shrink:0.25;voidable
sleeper,match-2839844:kills_maps_1_2_over_under_player_2197,cs2-kills-202609260130,2026-09-27T13:35:23+00:00,31.5,29.72249800432275,0.37950340500657526,0.6204965949934247,-0.31689387098816446,0.09207400718842745,UNDER,0.6204965949934247,0.09207400718842745,0,tenure60:27;rest:1;shrink:0.25;market_unproven;voidable
sleeper,match-2839844:headshots_maps_1_2_over_under_player_2200,cs2-headshots-202609260140,2026-09-27T13:35:23+00:00,15.5,15.343616466217835,0.4520154070353449,0.5479845929646552,-0.19541257547708618,-0.024587424522913737,UNDER,0.5479845929646552,-0.024587424522913737,0,tenure60:34;rest:1;shrink:0.25;voidable
sleeper,match-2839844:kills_maps_1_2_over_under_player_2200,cs2-kills-202609260130,2026-09-27T13:35:23+00:00,29.5,27.590720081755187,0.3672264319971697,0.6327735680028304,-0.346336951045038,0.12633695104503806,UNDER,0.6327735680028304,0.12633695104503806,0,tenure60:34;rest:1;shrink:0.25;market_unproven;voidable
sleeper,match-2839844:kills_maps_1_2_over_under_player_2201,cs2-kills-202609260130,2026-09-27T13:35:23+00:00,27.5,26.97458206819149,0.4388130812634689,0.561186918736531,-0.23207710778892937,0.015748322913121227,UNDER,0.561186918736531,0.015748322913121227,0,tenure60:34;rest:1;shrink:0.25;market_unproven;voidable
sleeper,match-2839844:headshots_maps_1_2_over_under_player_49177,cs2-headshots-202609260140,2026-09-27T13:35:23+00:00,10.5,10.224005968067237,0.43370361187604495,0.5662963881239551,-0.21499646250435867,-0.008981320783078561,UNDER,0.5662963881239551,-0.008981320783078561,0,tenure60:69;rest:1;shrink:0.25;voidable
sleeper,match-2839844:kills_maps_1_2_over_under_player_49177,cs2-kills-202609260130,2026-09-27T13:35:23+00:00,30.5,30.775765326144487,0.48416173343132823,0.5158382665686718,-0.051043002474596755,-0.15918362549306497,OVER,0.48416173343132823,-0.051043002474596755,0,tenure60:69;rest:1;shrink:0.25;market_unproven;voidable
sleeper,match-2839850:kills_maps_1_2_over_under_player_1358,cs2-kills-202609260130,2026-09-27T13:35:23+00:00,30.5,29.707325431580102,0.4271283059235792,0.5728716940764208,-0.3379511258184522,0.1915731236789553,UNDER,0.5728716940764208,0.1915731236789553,0,tenure60:31;rest:1;shrink:0.25;market_unproven;voidable
sleeper,match-2839850:headshots_maps_1_2_over_under_player_1359,cs2-headshots-202609260140,2026-09-27T13:35:23+00:00,12.5,12.08950525488734,0.42447366332957737,0.5755263366704226,-0.21472372284028185,-0.01009470092687309,UNDER,0.5755263366704226,-0.01009470092687309,0,tenure60:31;rest:1;shrink:0.25;voidable
sleeper,match-2839850:kills_maps_1_2_over_under_player_1359,cs2-kills-202609260130,2026-09-27T13:35:23+00:00,29.5,29.91934455065608,0.4895367935809761,0.5104632064190239,-0.12862450742586246,-0.09137549257413752,UNDER,0.5104632064190239,-0.09137549257413752,0,tenure60:31;rest:1;shrink:0.25;market_unproven;voidable
sleeper,match-2839850:headshots_maps_1_2_over_under_player_1500,cs2-headshots-202609260140,2026-09-27T13:35:23+00:00,10.5,10.160982138308144,0.42700921033140693,0.5729907896685931,-0.2356535135067816,0.014193697713409725,UNDER,0.5729907896685931,0.014193697713409725,0,tenure60:9;rest:1;shrink:0.25;voidable
sleeper,match-2839850:kills_maps_1_2_over_under_player_1500,cs2-kills-202609260130,2026-09-27T13:35:23+00:00,28.5,29.10436724388697,0.5034161481147202,0.49658385188527976,-0.10391925635579796,-0.11608074364420201,OVER,0.5034161481147202,-0.10391925635579796,0,tenure60:9;rest:1;shrink:0.25;market_unproven;voidable
sleeper,match-2839850:headshots_maps_1_2_over_under_player_1986,cs2-headshots-202609260140,2026-09-27T13:35:23+00:00,13.5,13.979262376071693,0.5064116153265877,0.4935883846734122,-0.09858732471867376,-0.12141267528132632,OVER,0.5064116153265877,-0.09858732471867376,0,tenure60:22;rest:1;shrink:0.25;voidable
sleeper,match-2839850:kills_maps_1_2_over_under_player_1986,cs2-kills-202609260130,2026-09-27T13:35:23+00:00,25.5,26.61567841681717,0.5338192365035416,0.46618076349645843,-0.04980175902369599,-0.17019824097630398,OVER,0.5338192365035416,-0.04980175902369599,0,tenure60:22;rest:1;shrink:0.25;market_unproven;voidable
sleeper,match-2839850:headshots_maps_1_2_over_under_player_2172,cs2-headshots-202609260140,2026-09-27T13:35:23+00:00,14.5,,,,,,,,,0,player_unmapped:Jeorge
sleeper,match-2839850:kills_maps_1_2_over_under_player_2172,cs2-kills-202609260130,2026-09-27T13:35:23+00:00,28.5,,,,,,,,,0,player_unmapped:Jeorge
sleeper,match-2839850:headshots_maps_1_2_over_under_player_2190,cs2-headshots-202609260140,2026-09-27T13:35:23+00:00,14.5,14.865982703087028,0.49753072981617313,0.5024692701838269,-0.11439530092721184,-0.10560469907278808,UNDER,0.5024692701838269,-0.10560469907278808,0,tenure60:22;rest:1;shrink:0.25;voidable
sleeper,match-2839850:kills_maps_1_2_over_under_player_2190,cs2-kills-202609260130,2026-09-27T13:35:23+00:00,28.5,28.663782064846878,0.4788908009185378,0.5211091990814622,-0.14757437436500276,-0.07242562563499716,UNDER,0.5211091990814622,-0.07242562563499716,0,tenure60:22;rest:1;shrink:0.25;market_unproven;voidable
sleeper,match-2839850:headshots_maps_1_2_over_under_player_2191,cs2-headshots-202609260140,2026-09-27T13:35:23+00:00,14.5,15.59712671900594,0.5554797321543713,0.44452026784562865,-0.011246076765218993,-0.20875392323478104,OVER,0.5554797321543713,-0.011246076765218993,0,tenure60:31;rest:1;shrink:0.25;voidable
sleeper,match-2839850:kills_maps_1_2_over_under_player_2191,cs2-kills-202609260130,2026-09-27T13:35:23+00:00,26.5,26.749245642121018,0.483326747718452,0.5166732522815479,-0.16867799392426247,-0.04415448327913618,UNDER,0.5166732522815479,-0.04415448327913618,0,tenure60:31;rest:1;shrink:0.25;market_unproven;voidable
sleeper,match-2839850:headshots_maps_1_2_over_under_player_2236,cs2-headshots-202609260140,2026-09-27T13:35:23+00:00,13.5,15.545786326689587,0.6349695792992481,0.36503042070075187,0.13024585115266168,-0.35024585115266166,OVER,0.6349695792992481,0.13024585115266168,0,tenure60:22;rest:1;shrink:0.25;voidable
sleeper,match-2839850:kills_maps_1_2_over_under_player_2236,cs2-kills-202609260130,2026-09-27T13:35:23+00:00,28.5,30.04521626230209,0.5497629140160256,0.4502370859839744,-0.021422013051474398,-0.19857798694852558,OVER,0.5497629140160256,-0.021422013051474398,0,tenure60:22;rest:1;shrink:0.25;market_unproven;voidable
sleeper,match-2839850:headshots_maps_1_2_over_under_player_2700,cs2-headshots-202609260140,2026-09-27T13:35:23+00:00,18.5,17.682922052559412,0.4062215759498795,0.5937784240501205,-0.27692559480921447,0.0569255948092145,UNDER,0.5937784240501205,0.0569255948092145,0,tenure60:31;rest:1;shrink:0.25;voidable
sleeper,match-2839850:kills_maps_1_2_over_under_player_2700,cs2-kills-202609260130,2026-09-27T13:35:23+00:00,30.5,30.009264770558744,0.4432478586975569,0.556752141302443,-0.2287487258662509,0.018856418583470813,UNDER,0.556752141302443,0.018856418583470813,0,tenure60:31;rest:1;shrink:0.25;market_unproven;voidable
sleeper,match-2839850:headshots_maps_1_2_over_under_player_2749,cs2-headshots-202609260140,2026-09-27T13:35:23+00:00,15.5,15.480988279574587,0.4630248616609362,0.5369751383390637,-0.17581574624353347,-0.04418425375646651,UNDER,0.5369751383390637,-0.04418425375646651,0,tenure60:22;rest:1;shrink:0.25;voidable
sleeper,match-2839850:kills_maps_1_2_over_under_player_2749,cs2-kills-202609260130,2026-09-27T13:35:23+00:00,27.5,27.890373475020567,0.4899542606162728,0.5100457393837272,-0.12788141610303444,-0.09211858389696553,UNDER,0.5100457393837272,-0.09211858389696553,0,tenure60:22;rest:1;shrink:0.25;market_unproven;voidable
sleeper,match-2839922:headshots_maps_1_2_over_under_player_1455,cs2-headshots-202609260140,2026-09-27T13:35:23+00:00,14.5,15.577638609351043,0.5532982077123221,0.4467017922876779,-0.015129190272066662,-0.2048708097279333,OVER,0.5532982077123221,-0.015129190272066662,0,tenure60:24;rest:1;shrink:0.25;voidable
sleeper,match-2839922:kills_maps_1_2_over_under_player_1455,cs2-kills-202609260130,2026-09-27T13:35:23+00:00,26.5,28.214639758757492,0.5643404597795291,0.43565954022047093,0.004526018407561783,-0.22452601840756176,OVER,0.5643404597795291,0.004526018407561783,0,tenure60:24;rest:1;shrink:0.25;market_unproven;voidable
sleeper,match-2839922:headshots_maps_1_2_over_under_player_1550,cs2-headshots-202609260140,2026-09-27T13:35:23+00:00,15.5,17.281616217288573,0.6010211684800625,0.3989788315199375,0.06981767989451126,-0.28981767989451124,OVER,0.6010211684800625,0.06981767989451126,0,tenure60:24;rest:1;shrink:0.25;voidable
sleeper,match-2839922:kills_maps_1_2_over_under_player_1550,cs2-kills-202609260130,2026-09-27T13:35:23+00:00,27.5,29.62115323820435,0.5827516905410891,0.41724830945891084,0.03729800916313869,-0.2572980091631388,OVER,0.5827516905410891,0.03729800916313869,0,tenure60:24;rest:1;shrink:0.25;market_unproven;voidable
sleeper,match-2839922:headshots_maps_1_2_over_under_player_1985,cs2-headshots-202609260140,2026-09-27T13:35:23+00:00,15.5,15.08531654355843,0.430762035631677,0.569237964368323,-0.2332435765756149,0.013243576575614924,UNDER,0.569237964368323,0.013243576575614924,0,tenure60:38;rest:1;shrink:0.25;voidable
sleeper,match-2839922:kills_maps_1_2_over_under_player_1985,cs2-kills-202609260130,2026-09-27T13:35:23+00:00,31.5,30.96635694704053,0.4407434655586872,0.5592565344413127,-0.21547663130553668,-0.004523368694463292,UNDER,0.5592565344413127,-0.004523368694463292,0,tenure60:38;rest:1;shrink:0.25;market_unproven;voidable
sleeper,match-2839922:headshots_maps_1_2_over_under_player_1987,cs2-headshots-202609260140,2026-09-27T13:35:23+00:00,13.5,,,,,,,,,0,player_unmapped:s1n
sleeper,match-2839922:kills_maps_1_2_over_under_player_1987,cs2-kills-202609260130,2026-09-27T13:35:23+00:00,26.5,,,,,,,,,0,player_unmapped:s1n
sleeper,match-2839922:headshots_maps_1_2_over_under_player_1988,cs2-headshots-202609260140,2026-09-27T13:35:23+00:00,11.5,10.867347285641035,0.3983653638799249,0.6016346361200751,-0.26302407682213885,0.03481157412652908,UNDER,0.6016346361200751,0.03481157412652908,0,tenure60:38;rest:1;shrink:0.25;voidable
sleeper,match-2839922:kills_maps_1_2_over_under_player_1988,cs2-kills-202609260130,2026-09-27T13:35:23+00:00,30.5,30.869830384935383,0.4895367935809761,0.5104632064190239,-0.13351987536167226,-0.08627086050994726,UNDER,0.5104632064190239,-0.08627086050994726,0,tenure60:38;rest:1;shrink:0.25;market_unproven;voidable
sleeper,match-2839922:headshots_maps_1_2_over_under_player_1989,cs2-headshots-202609260140,2026-09-27T13:35:23+00:00,13.5,13.512263294543256,0.4637859310963477,0.5362140689036523,-0.1744610426485011,-0.04553895735149888,UNDER,0.5362140689036523,-0.04553895735149888,0,tenure60:38;rest:1;shrink:0.25;voidable
sleeper,match-2839922:kills_maps_1_2_over_under_player_1989,cs2-kills-202609260130,2026-09-27T13:35:23+00:00,27.5,27.468315379778826,0.4655825792298821,0.5344174207701179,-0.17126300897080982,-0.04873699102919016,UNDER,0.5344174207701179,-0.04873699102919016,0,tenure60:38;rest:1;shrink:0.25;market_unproven;voidable
sleeper,match-2839922:kills_maps_1_2_over_under_player_2173,cs2-kills-202609260130,2026-09-27T13:35:23+00:00,29.5,30.006002522705764,0.4937635414915186,0.5062364585084813,-0.12110089614509684,-0.09889910385490314,UNDER,0.5062364585084813,-0.09889910385490314,0,tenure60:24;rest:1;shrink:0.25;market_unproven;voidable
sleeper,match-2839922:headshots_maps_1_2_over_under_player_2174,cs2-headshots-202609260140,2026-09-27T13:35:23+00:00,13.5,14.293972569362028,0.5349816267421631,0.46501837325783685,-0.04773270439894961,-0.17226729560105047,OVER,0.5349816267421631,-0.04773270439894961,0,tenure60:24;rest:1;shrink:0.25;voidable
sleeper,match-2839922:kills_maps_1_2_over_under_player_2174,cs2-kills-202609260130,2026-09-27T13:35:23+00:00,25.5,28.015412302273557,0.6071046201826827,0.39289537981731726,0.25670656377815315,-0.38708320748498504,OVER,0.6071046201826827,0.25670656377815315,0,tenure60:24;rest:1;shrink:0.25;market_unproven;voidable
sleeper,match-2839924:headshots_maps_1_2_over_under_player_1282,cs2-headshots-202609260140,2026-09-27T13:35:23+00:00,12.5,15.178809886550027,0.6855158768034587,0.3144841231965413,0.20650794317408738,-0.43392857824622566,OVER,0.6855158768034587,0.20650794317408738,0,tenure60:32;rest:0;shrink:0.25;voidable
sleeper,match-2839924:kills_maps_1_2_over_under_player_1282,cs2-kills-202609260130,2026-09-27T13:35:23+00:00,26.5,28.127259180893144,0.5590835281163247,0.44091647188367533,-0.20051055479365576,0.018517050051290007,UNDER,0.44091647188367533,0.018517050051290007,0,tenure60:32;rest:0;shrink:0.25;market_unproven;voidable
sleeper,match-2839924:headshots_maps_1_2_over_under_player_1913,cs2-headshots-202609260140,2026-09-27T13:35:23+00:00,17.5,18.49138002217292,0.5386857747640216,0.4613142252359784,-0.04652617866768183,-0.17424753682759858,OVER,0.5386857747640216,-0.04652617866768183,0,tenure60:32;rest:0;shrink:0.25;voidable
sleeper,match-2839924:kills_maps_1_2_over_under_player_1913,cs2-kills-202609260130,2026-09-27T13:35:23+00:00,27.5,28.684657467734095,0.5347574155210987,0.4652425844789013,-0.2406444699600399,0.079362795991051,UNDER,0.4652425844789013,0.079362795991051,0,tenure60:32;rest:0;shrink:0.25;market_unproven;voidable
sleeper,match-2839924:headshots_maps_1_2_over_under_player_1915,cs2-headshots-202609260140,2026-09-27T13:35:23+00:00,10.5,10.82704384274713,0.4973277390216803,0.5026722609783196,-0.09983679237075854,-0.11529682067815744,OVER,0.4973277390216803,-0.09983679237075854,0,tenure60:32;rest:0;shrink:0.25;voidable
sleeper,match-2839924:kills_maps_1_2_over_under_player_1915,cs2-kills-202609260130,2026-09-27T13:35:23+00:00,28.5,28.60780496132392,0.47596823565446217,0.5240317643455378,-0.14801685817851262,-0.07246377710839802,UNDER,0.5240317643455378,-0.07246377710839802,0,tenure60:32;rest:0;shrink:0.25;market_unproven;voidable
sleeper,match-2839924:headshots_maps_1_2_over_under_player_4388,cs2-headshots-202609260140,2026-09-27T13:35:23+00:00,13.5,13.996472197511258,0.5078325579500672,0.4921674420499328,-0.11637134916688308,-0.10425525546912229,UNDER,0.4921674420499328,-0.10425525546912229,0,tenure60:29;rest:0;shrink:0.25;voidable
sleeper,match-2839924:kills_maps_1_2_over_under_player_4388,cs2-kills-202609260130,2026-09-27T13:35:23+00:00,24.5,25.874896364491704,0.5506483135362361,0.4493516864637639,-0.15750808028955876,-0.05186794156145824,UNDER,0.4493516864637639,-0.05186794156145824,0,tenure60:29;rest:0;shrink:0.25;market_unproven;voidable
sleeper,match-2839924:headshots_maps_1_2_over_under_player_52656,cs2-headshots-202609260140,2026-09-27T13:35:23+00:00,14.5,13.46920138122781,0.37440150967159097,0.6255984903284091,-0.33356531278456814,0.11356531278456816,UNDER,0.6255984903284091,0.11356531278456816,0,tenure60:29;rest:0;shrink:0.25;voidable
sleeper,match-2839924:kills_maps_1_2_over_under_player_52656,cs2-kills-202609260130,2026-09-27T13:35:23+00:00,25.5,25.540229694881727,0.46949676583113814,0.5305032341688617,-0.05631150067941226,-0.15119482532982115,OVER,0.46949676583113814,-0.05631150067941226,0,tenure60:29;rest:0;shrink:0.25;market_unproven;voidable
sleeper,match-2839924:kills_maps_1_2_over_under_player_58636,cs2-kills-202609260130,2026-09-27T13:35:23+00:00,23.5,25.078210555002386,0.5639761716532418,0.4360238283467582,-0.17095502766973458,-0.032027101070196795,UNDER,0.4360238283467582,-0.032027101070196795,0,tenure60:29;rest:0;shrink:0.25;market_unproven;voidable
sleeper,match-2839736:headshots_maps_1_2_over_under_player_1334,cs2-headshots-202609260140,2026-09-27T13:35:23+00:00,15.5,15.957232431802922,0.5012353216026262,0.49876467839737376,0.05259417536551508,-0.23689004205201808,OVER,0.5012353216026262,0.05259417536551508,0,tenure60:28;rest:1;shrink:0.25;voidable
sleeper,match-2839736:kills_maps_1_2_over_under_player_1782,cs2-kills-202609260130,2026-09-27T13:35:23+00:00,24.5,25.930703721762416,0.5533042643247817,0.4466957356752182,0.3002650211632372,-0.37015901269794244,OVER,0.5533042643247817,0.3002650211632372,0,tenure60:20;rest:1;shrink:0.25;market_unproven;voidable
sleeper,match-2839924:headshots_maps_1_2_over_under_player_67861,cs2-headshots-202609260140,2026-09-27T13:35:23+00:00,18.5,,,,,,,,,0,player_unmapped:Grizz
sleeper,match-2839924:kills_maps_1_2_over_under_player_67861,cs2-kills-202609260130,2026-09-27T13:35:23+00:00,32.5,,,,,,,,,0,player_unmapped:Grizz
sleeper,match-2840341:kills_maps_1_2_over_under_player_1185,cs2-kills-202609260130,2026-09-27T13:35:23+00:00,28.5,28.833235458694464,0.48812782700299095,0.511872172997009,-0.18482652890500512,-0.027442871305682848,UNDER,0.511872172997009,-0.027442871305682848,0,tenure60:50;rest:0;shrink:0.25;market_unproven;voidable
sleeper,match-2840341:headshots_maps_1_2_over_under_player_1486,cs2-headshots-202609260140,2026-09-27T13:35:23+00:00,11.5,11.775506957480136,0.4918470200404853,0.5081529799595147,-0.07040913212348282,-0.14630299366801536,OVER,0.4918470200404853,-0.07040913212348282,0,tenure60:58;rest:1;shrink:0.25;voidable
sleeper,match-2840341:kills_maps_1_2_over_under_player_1486,cs2-kills-202609260130,2026-09-27T13:35:23+00:00,29.5,29.519170810167346,0.4692358191467804,0.5307641808532195,-0.10375958542964936,-0.11362381797512344,OVER,0.4692358191467804,-0.10375958542964936,0,tenure60:58;rest:1;shrink:0.25;market_unproven;voidable
sleeper,match-2840341:headshots_maps_1_2_over_under_player_1864,cs2-headshots-202609260140,2026-09-27T13:35:23+00:00,18.5,18.296636627881732,0.45018908994546925,0.5498109100545308,-0.23017665619324762,0.01715018360088194,UNDER,0.5498109100545308,0.01715018360088194,0,tenure60:53;rest:0;shrink:0.25;voidable
sleeper,match-2840341:kills_maps_1_2_over_under_player_1864,cs2-kills-202609260130,2026-09-27T13:35:23+00:00,31.5,31.180720243161005,0.4510226007789172,0.5489773992210828,-0.20168999662131654,-0.017330455394261757,UNDER,0.5489773992210828,-0.017330455394261757,0,tenure60:53;rest:0;shrink:0.25;market_unproven;voidable
sleeper,match-2840341:headshots_maps_1_2_over_under_player_2146,cs2-headshots-202609260140,2026-09-27T13:35:23+00:00,13.5,14.531815705205167,0.5542621440270349,0.4457378559729651,-0.013413383631877884,-0.2065866163681221,OVER,0.5542621440270349,-0.013413383631877884,0,tenure60:58;rest:1;shrink:0.25;voidable
sleeper,match-2840341:kills_maps_1_2_over_under_player_2146,cs2-kills-202609260130,2026-09-27T13:35:23+00:00,24.5,26.373949345801645,0.577813110423256,0.422186889576744,0.028507336553395712,-0.24850733655339569,OVER,0.577813110423256,0.028507336553395712,0,tenure60:58;rest:1;shrink:0.25;market_unproven;voidable
sleeper,match-2840341:headshots_maps_1_2_over_under_player_2396,cs2-headshots-202609260140,2026-09-27T13:35:23+00:00,18.5,18.173136793793386,0.44131179381741636,0.5586882061825836,-0.21887812494317305,5.1889066824739594e-05,UNDER,0.5586882061825836,5.1889066824739594e-05,0,tenure60:58;rest:1;shrink:0.25;voidable
sleeper,match-2840341:kills_maps_1_2_over_under_player_2396,cs2-kills-202609260130,2026-09-27T13:35:23+00:00,31.5,31.019389416638028,0.44361309259126513,0.5563869074087349,-0.236985480743024,0.023751909632072188,UNDER,0.5563869074087349,0.023751909632072188,0,tenure60:58;rest:1;shrink:0.25;market_unproven;voidable
sleeper,match-2840341:kills_maps_1_2_over_under_player_2531,cs2-kills-202609260130,2026-09-27T13:35:23+00:00,28.5,27.990319007423295,0.44116085595280397,0.5588391440471959,-0.15738276513014438,-0.06673862944118275,UNDER,0.5588391440471959,-0.06673862944118275,0,tenure60:53;rest:0;shrink:0.25;market_unproven;voidable
sleeper,match-2840341:headshots_maps_1_2_over_under_player_3948,cs2-headshots-202609260140,2026-09-27T13:35:23+00:00,17.5,17.416634533955914,0.4584585671003732,0.5415414328996269,-0.18394375056133577,-0.036056249438664145,UNDER,0.5415414328996269,-0.036056249438664145,0,tenure60:58;rest:1;shrink:0.25;voidable
sleeper,match-2840341:kills_maps_1_2_over_under_player_3948,cs2-kills-202609260130,2026-09-27T13:35:23+00:00,31.5,31.01007313555984,0.44340438721045466,0.5565956127895453,-0.246212541742227,0.040833795916449755,UNDER,0.5565956127895453,0.040833795916449755,0,tenure60:58;rest:1;shrink:0.25;market_unproven;voidable
sleeper,match-2840341:headshots_maps_1_2_over_under_player_67330,cs2-headshots-202609260140,2026-09-27T13:35:23+00:00,16.5,17.172814870700485,0.5187432646388196,0.48125673536118035,-0.11294901746761848,-0.10486247222820455,UNDER,0.48125673536118035,-0.10486247222820455,0,tenure60:53;rest:0;shrink:0.25;voidable
sleeper,match-2840341:kills_maps_1_2_over_under_player_67330,cs2-kills-202609260130,2026-09-27T13:35:23+00:00,27.5,27.272732667952877,0.454571089506624,0.545428910493376,-0.21359201515354054,0.0035891953078119876,UNDER,0.545428910493376,0.0035891953078119876,0,tenure60:53;rest:0;shrink:0.25;market_unproven;voidable
sleeper,match-2840341:headshots_maps_1_2_over_under_player_7323,cs2-headshots-202609260140,2026-09-27T13:35:23+00:00,15.5,16.558309896801784,0.5505585414944,0.4494414585056,0.04055564342441592,-0.24044393512553597,OVER,0.5505585414944,0.04055564342441592,0,tenure60:48;rest:1;shrink:0.25;voidable
sleeper,match-2840341:headshots_maps_1_2_over_under_player_1185,cs2-headshots-202609260140,2026-09-27T13:35:23+00:00,16.5,16.410875308090628,0.45663211115849245,0.5433678888415076,-0.21915908991897792,0.010664273245204081,UNDER,0.5433678888415076,0.010664273245204081,0,tenure60:50;rest:0;shrink:0.25;voidable
sleeper,match-2840341:kills_maps_1_2_over_under_player_1861,cs2-kills-202609260130,2026-09-27T13:35:23+00:00,29.5,29.122684497258856,0.4475786381747117,0.5524213618252882,-0.2301647423394958,0.021979519376783274,UNDER,0.5524213618252882,0.021979519376783274,0,tenure60:53;rest:0;shrink:0.25;market_unproven;voidable
sleeper,match-2840341:kills_maps_1_2_over_under_player_7323,cs2-kills-202609260130,2026-09-27T13:35:23+00:00,29.5,30.647722074458954,0.5291278092728895,0.4708721907271105,-0.0687350556797145,-0.15243005669120108,OVER,0.5291278092728895,-0.0687350556797145,0,tenure60:48;rest:1;shrink:0.25;market_unproven;voidable
sleeper,match-2840342:headshots_maps_1_2_over_under_player_1156,cs2-headshots-202609260140,2026-09-27T13:35:23+00:00,9.5,9.835683136563716,0.49890091933262737,0.5010990806673726,-0.11195636358792327,-0.1080436364120767,UNDER,0.5010990806673726,-0.1080436364120767,0,tenure60:31;rest:1;shrink:0.25;voidable
sleeper,match-2840342:kills_maps_1_2_over_under_player_1156,cs2-kills-202609260130,2026-09-27T13:35:23+00:00,30.5,30.269927670628967,0.45723254736334545,0.5427674526366546,-0.20441536758777895,-0.006735561674922064,UNDER,0.5427674526366546,-0.006735561674922064,0,tenure60:31;rest:1;shrink:0.25;market_unproven;voidable
sleeper,match-2840342:kills_maps_1_2_over_under_player_1246,cs2-kills-202609260130,2026-09-27T13:35:23+00:00,28.5,30.093932331972027,0.5520544518714272,0.4479455481285728,-0.06702797633728802,-0.1578623695182832,OVER,0.5520544518714272,-0.06702797633728802,0,tenure60:38;rest:1;shrink:0.25;market_unproven;voidable
sleeper,match-2840342:headshots_maps_1_2_over_under_player_1251,cs2-headshots-202609260140,2026-09-27T13:35:23+00:00,14.5,14.866717515258793,0.4976322252386569,0.5023677747613431,-0.1540252170942833,-0.06057226119628839,UNDER,0.5023677747613431,-0.06057226119628839,0,tenure60:25;rest:1;shrink:0.25;voidable
sleeper,match-2840342:kills_maps_1_2_over_under_player_1251,cs2-kills-202609260130,2026-09-27T13:35:23+00:00,27.5,27.75855602274885,0.4822308204883224,0.5177691795116776,-0.11269529030148673,-0.1094370112399145,UNDER,0.5177691795116776,-0.1094370112399145,0,tenure60:25;rest:1;shrink:0.25;market_unproven;voidable
sleeper,match-2840342:headshots_maps_1_2_over_under_player_1405,cs2-headshots-202609260140,2026-09-27T13:35:23+00:00,16.5,16.657163343592043,0.47880536713847494,0.5211946328615251,-0.14772644649351468,-0.07227355350648529,UNDER,0.5211946328615251,-0.07227355350648529,0,tenure60:33;rest:1;shrink:0.25;voidable
sleeper,match-2840342:kills_maps_1_2_over_under_player_1405,cs2-kills-202609260130,2026-09-27T13:35:23+00:00,28.5,28.934107081612293,0.49381572200316864,0.5061842779968313,-0.12100801483435975,-0.09899198516564028,UNDER,0.5061842779968313,-0.09899198516564028,0,tenure60:33;rest:1;shrink:0.25;market_unproven;voidable
sleeper,match-2840342:headshots_maps_1_2_over_under_player_1409,cs2-headshots-202609260140,2026-09-27T13:35:23+00:00,15.5,16.356935236214262,0.5345249439058597,0.4654750560941403,-0.09130759536003852,-0.134216395664899,OVER,0.5345249439058597,-0.09130759536003852,0,tenure60:38;rest:1;shrink:0.25;voidable
sleeper,match-2840342:kills_maps_1_2_over_under_player_1409,cs2-kills-202609260130,2026-09-27T13:35:23+00:00,26.5,27.985050285185174,0.5527314440210656,0.44726855597893445,-0.04930191628376729,-0.1770258569987606,OVER,0.5527314440210656,-0.04930191628376729,0,tenure60:38;rest:1;shrink:0.25;market_unproven;voidable
sleeper,match-2840342:headshots_maps_1_2_over_under_player_1525,cs2-headshots-202609260140,2026-09-27T13:35:23+00:00,11.5,12.195988452941826,0.5332056297435597,0.4667943702564403,-0.050893979056463756,-0.16910602094353622,OVER,0.5332056297435597,-0.050893979056463756,0,tenure60:38;rest:1;shrink:0.25;voidable
sleeper,match-2840342:kills_maps_1_2_over_under_player_1525,cs2-kills-202609260130,2026-09-27T13:35:23+00:00,30.5,31.564919346567283,0.5244355447678339,0.47556445523216606,-0.0665047303132556,-0.15349526968674437,OVER,0.5244355447678339,-0.0665047303132556,0,tenure60:38;rest:1;shrink:0.25;market_unproven;voidable
sleeper,match-2840342:headshots_maps_1_2_over_under_player_1704,cs2-headshots-202609260140,2026-09-27T13:35:23+00:00,17.5,17.17130112206953,0.43923213387444804,0.560767866125552,-0.14349733894482636,-0.08034069955409484,UNDER,0.560767866125552,-0.08034069955409484,0,tenure60:31;rest:1;shrink:0.25;voidable
sleeper,match-2840342:kills_maps_1_2_over_under_player_1704,cs2-kills-202609260130,2026-09-27T13:35:23+00:00,30.5,29.307793411937425,0.40736776427611476,0.5926322357238852,-0.2178538925898597,-0.01623048869835053,UNDER,0.5926322357238852,-0.01623048869835053,0,tenure60:31;rest:1;shrink:0.25;market_unproven;voidable
sleeper,match-2840342:headshots_maps_1_2_over_under_player_2022,cs2-headshots-202609260140,2026-09-27T13:35:23+00:00,15.5,15.889493484772153,0.4959575530599868,0.5040424469400132,-0.21638706616522085,0.023206167288226776,UNDER,0.5040424469400132,0.023206167288226776,0,tenure60:10;rest:1;shrink:0.25;voidable
sleeper,match-2840342:kills_maps_1_2_over_under_player_2022,cs2-kills-202609260130,2026-09-27T13:35:23+00:00,28.5,28.517430486233142,0.470749310653617,0.529250689346383,-0.10086881665159153,-0.11615134879154049,OVER,0.470749310653617,-0.10086881665159153,0,tenure60:10;rest:1;shrink:0.25;market_unproven;voidable
sleeper,match-2840342:headshots_maps_1_2_over_under_player_2745,cs2-headshots-202609260140,2026-09-27T13:35:23+00:00,16.5,16.88294430680132,0.49610979577080266,0.5038902042291973,-0.15661334718963543,-0.05772531809140102,UNDER,0.5038902042291973,-0.05772531809140102,0,tenure60:31;rest:1;shrink:0.25;voidable
sleeper,match-2840342:kills_maps_1_2_over_under_player_2745,cs2-kills-202609260130,2026-09-27T13:35:23+00:00,30.5,29.587936782431093,0.4211830572949182,0.5788169427050817,-0.2882006331715881,0.08817585228555358,UNDER,0.5788169427050817,0.08817585228555358,0,tenure60:31;rest:1;shrink:0.25;market_unproven;voidable
sleeper,match-2840342:headshots_maps_1_2_over_under_player_7072,cs2-headshots-202609260140,2026-09-27T13:35:23+00:00,19.5,19.113519016870036,0.4374061458930177,0.5625938541069824,-0.22141706031042857,0.0014170603104286528,UNDER,0.5625938541069824,0.0014170603104286528,0,tenure60:38;rest:1;shrink:0.25;voidable
sleeper,match-2840342:kills_maps_1_2_over_under_player_7072,cs2-kills-202609260130,2026-09-27T13:35:23+00:00,32.5,32.173451135662916,0.4524315412818726,0.5475684587181274,-0.21729343358236047,0.0020502794541732428,UNDER,0.5475684587181274,0.0020502794541732428,0,tenure60:38;rest:1;shrink:0.25;market_unproven;voidable
sleeper,match-2839330:headshots_maps_1_2_over_under_player_1572,cs2-headshots-202609260140,2026-09-27T13:35:23+00:00,9.5,10.622332720912697,0.5816021254064571,0.41839787459354294,0.035251783223493593,-0.25525178322349357,OVER,0.5816021254064571,0.035251783223493593,0,tenure60:18;rest:0;shrink:0.25;voidable
sleeper,match-2839330:kills_maps_1_2_over_under_player_1572,cs2-kills-202609260130,2026-09-27T13:35:23+00:00,28.5,29.75305601733317,0.5357997935374924,0.4642002064625076,-0.04627636750326353,-0.17372363249673645,OVER,0.5357997935374924,-0.04627636750326353,0,tenure60:18;rest:0;shrink:0.25;market_unproven;voidable
sleeper,match-2839330:headshots_maps_1_2_over_under_player_1574,cs2-headshots-202609260140,2026-09-27T13:35:23+00:00,13.5,14.678124620429212,0.5658791918592564,0.4341208081407436,0.00726496150947642,-0.2272649615094764,OVER,0.5658791918592564,0.00726496150947642,0,tenure60:18;rest:0;shrink:0.25;voidable
sleeper,match-2839330:kills_maps_1_2_over_under_player_1574,cs2-kills-202609260130,2026-09-27T13:35:23+00:00,27.5,28.001934212400457,0.49658122865562415,0.5034187713443758,-0.19553840957788882,-0.003230832738135847,UNDER,0.5034187713443758,-0.003230832738135847,0,tenure60:18;rest:0;shrink:0.25;market_unproven;voidable
sleeper,match-2839330:headshots_maps_1_2_over_under_player_1575,cs2-headshots-202609260140,2026-09-27T13:35:23+00:00,13.5,14.97155124157781,0.5890563075682691,0.4109436924317309,0.04262966439583632,-0.2644107905472017,OVER,0.5890563075682691,0.04262966439583632,0,tenure60:13;rest:0;shrink:0.25;voidable
sleeper,match-2839330:kills_maps_1_2_over_under_player_1575,cs2-kills-202609260130,2026-09-27T13:35:23+00:00,25.5,28.100654883575512,0.6111498189572743,0.3888501810427257,0.08173517955437554,-0.3039581759335211,OVER,0.6111498189572743,0.08173517955437554,0,tenure60:13;rest:0;shrink:0.25;market_unproven;voidable
sleeper,match-2839330:headshots_maps_1_2_over_under_player_1576,cs2-headshots-202609260140,2026-09-27T13:35:23+00:00,18.5,18.423049751343985,0.4600821138302503,0.5399178861697497,-0.1764530162438519,-0.044345341479543054,UNDER,0.5399178861697497,-0.044345341479543054,0,tenure60:18;rest:0;shrink:0.25;voidable
sleeper,match-2839330:kills_maps_1_2_over_under_player_1576,cs2-kills-202609260130,2026-09-27T13:35:23+00:00,32.5,31.391800401567906,0.4135707086450974,0.5864292913549026,-0.27625125987107957,0.06143701735237378,UNDER,0.5864292913549026,0.06143701735237378,0,tenure60:18;rest:0;shrink:0.25;market_unproven;voidable
sleeper,match-2839330:kills_maps_1_2_over_under_player_1966,cs2-kills-202609260130,2026-09-27T13:35:23+00:00,31.5,31.47686286520966,0.46714824951475836,0.5328517504852417,-0.16847611586373018,-0.05152388413626979,UNDER,0.5328517504852417,-0.05152388413626979,0,tenure60:18;rest:0;shrink:0.25;market_unproven;voidable
sleeper,match-2839330:headshots_maps_1_2_over_under_player_2500,cs2-headshots-202609260140,2026-09-27T13:35:23+00:00,16.5,15.912210685007004,0.4174254970317455,0.5825745029682545,-0.25698261528349303,0.03698261528349306,UNDER,0.5825745029682545,0.03698261528349306,0,tenure60:18;rest:0;shrink:0.25;voidable
sleeper,match-2839330:kills_maps_1_2_over_under_player_2500,cs2-kills-202609260130,2026-09-27T13:35:23+00:00,26.5,27.682640651522497,0.5356955577981836,0.4643044422018164,-0.0464619071192332,-0.17353809288076688,OVER,0.5356955577981836,-0.0464619071192332,0,tenure60:18;rest:0;shrink:0.25;market_unproven;voidable
sleeper,match-2840199:headshots_maps_1_2_over_under_player_1213,cs2-headshots-202609260140,2026-09-27T13:35:23+00:00,17.5,17.35431894376298,0.45353736947070483,0.5464626305292952,-0.2561987140680442,0.06560212953212563,UNDER,0.5464626305292952,0.06560212953212563,0,tenure60:32;rest:0;shrink:0.25;voidable
sleeper,match-2840199:kills_maps_1_2_over_under_player_1213,cs2-kills-202609260130,2026-09-27T13:35:23+00:00,29.5,28.375365750961173,0.40794107892886305,0.5920589210711369,-0.3187383981887987,0.12491195003516009,UNDER,0.5920589210711369,0.12491195003516009,0,tenure60:32;rest:0;shrink:0.25;market_unproven;voidable
sleeper,match-2840199:kills_maps_1_2_over_under_player_1714,cs2-kills-202609260130,2026-09-27T13:35:23+00:00,28.5,27.59063046767865,0.41878442309276853,0.5812155769072315,-0.18755821920002907,-0.04680645387214044,UNDER,0.5812155769072315,-0.04680645387214044,0,tenure60:25;rest:0;shrink:0.25;market_unproven;voidable
sleeper,match-2840199:headshots_maps_1_2_over_under_player_1716,cs2-headshots-202609260140,2026-09-27T13:35:23+00:00,15.5,15.95884378682781,0.5011338257442977,0.49886617425570234,-0.10798179017515014,-0.11201820982484983,OVER,0.5011338257442977,-0.10798179017515014,0,tenure60:17;rest:0;shrink:0.25;voidable
sleeper,match-2840199:kills_maps_1_2_over_under_player_1716,cs2-kills-202609260130,2026-09-27T13:35:23+00:00,28.5,28.839166131997427,0.4885453009845659,0.5114546990154341,-0.18901480036562063,-0.01800697789036665,UNDER,0.5114546990154341,-0.01800697789036665,0,tenure60:17;rest:0;shrink:0.25;market_unproven;voidable
sleeper,match-2840199:headshots_maps_1_2_over_under_player_1717,cs2-headshots-202609260140,2026-09-27T13:35:23+00:00,15.5,16.05625277745804,0.5104714466732065,0.4895285533267934,-0.04541839472110365,-0.16780145934445118,OVER,0.5104714466732065,-0.04541839472110365,0,tenure60:32;rest:0;shrink:0.25;voidable
sleeper,match-2840199:kills_maps_1_2_over_under_player_1717,cs2-kills-202609260130,2026-09-27T13:35:23+00:00,26.5,27.762077838730768,0.539864620421397,0.4601353795786029,-0.09842608389626689,-0.12114142500486846,OVER,0.539864620421397,-0.09842608389626689,0,tenure60:32;rest:0;shrink:0.25;market_unproven;voidable
sleeper,match-2840199:headshots_maps_1_2_over_under_player_1995,cs2-headshots-202609260140,2026-09-27T13:35:23+00:00,14.5,15.144089181817513,0.5212298460891706,0.47877015391082944,-0.0722108739612764,-0.14778912603872357,OVER,0.5212298460891706,-0.0722108739612764,0,tenure60:26;rest:0;shrink:0.25;voidable
sleeper,match-2840199:kills_maps_1_2_over_under_player_1995,cs2-kills-202609260130,2026-09-27T13:35:23+00:00,26.5,26.642539102267015,0.47753390011565783,0.5224660998843422,-0.1499896577941291,-0.07001034220587082,UNDER,0.5224660998843422,-0.07001034220587082,0,tenure60:26;rest:0;shrink:0.25;market_unproven;voidable
sleeper,match-2840199:headshots_maps_1_2_over_under_player_2056,cs2-headshots-202609260140,2026-09-27T13:35:23+00:00,19.5,18.50496772959248,0.39446317847175216,0.6055368215282478,-0.2899662787508461,0.07180017410499867,UNDER,0.6055368215282478,0.07180017410499867,0,tenure60:32;rest:0;shrink:0.25;voidable
sleeper,match-2840199:kills_maps_1_2_over_under_player_2056,cs2-kills-202609260130,2026-09-27T13:35:23+00:00,35.5,33.410266069006454,0.3739879152076287,0.6260120847923714,-0.334301510930421,0.11430151093042101,UNDER,0.6260120847923714,0.11430151093042101,0,tenure60:32;rest:0;shrink:0.25;market_unproven;voidable
sleeper,match-2840199:headshots_maps_1_2_over_under_player_2367,cs2-headshots-202609260140,2026-09-27T13:35:23+00:00,11.5,12.880007435742613,0.5912365744665016,0.40876342553349837,-0.018547286385607376,-0.21517422297568312,OVER,0.5912365744665016,-0.018547286385607376,0,tenure60:26;rest:0;shrink:0.25;voidable
sleeper,match-2840199:kills_maps_1_2_over_under_player_2367,cs2-kills-202609260130,2026-09-27T13:35:23+00:00,32.5,30.647596693534847,0.3786187131259933,0.6213812868740067,-0.34120343916077167,0.1309139421106923,UNDER,0.6213812868740067,0.1309139421106923,0,tenure60:26;rest:0;shrink:0.25;market_unproven;voidable
sleeper,match-2840199:headshots_maps_1_2_over_under_player_2662,cs2-headshots-202609260140,2026-09-27T13:35:23+00:00,12.5,13.610335176751846,0.5655748384642805,0.43442516153571953,0.0067232124664192705,-0.22672321246641924,OVER,0.5655748384642805,0.0067232124664192705,0,tenure60:26;rest:0;shrink:0.25;voidable
sleeper,match-2840199:kills_maps_1_2_over_under_player_2662,cs2-kills-202609260130,2026-09-27T13:35:23+00:00,25.5,25.81269751488273,0.48666665299016565,0.5133333470098344,-0.02180002748976717,-0.17866664478426497,OVER,0.48666665299016565,-0.02180002748976717,0,tenure60:26;rest:0;shrink:0.25;market_unproven;voidable
sleeper,match-2840199:headshots_maps_1_2_over_under_player_2663,cs2-headshots-202609260140,2026-09-27T13:35:23+00:00,16.5,16.360157136442794,0.45282711682786986,0.5471728831721301,-0.19396773204639156,-0.026032267953608412,UNDER,0.5471728831721301,-0.026032267953608412,0,tenure60:32;rest:0;shrink:0.25;voidable
sleeper,match-2840199:kills_maps_1_2_over_under_player_2663,cs2-kills-202609260130,2026-09-27T13:35:23+00:00,29.5,27.949418326751527,0.3862702882560346,0.6137297117439654,-0.26222374943097393,0.024928618612422182,UNDER,0.6137297117439654,0.024928618612422182,0,tenure60:32;rest:0;shrink:0.25;market_unproven;voidable
sleeper,match-2840199:headshots_maps_1_2_over_under_player_77367,cs2-headshots-202609260140,2026-09-27T13:35:23+00:00,10.5,11.520186250396929,0.5655748384642805,0.43442516153571953,0.0067232124664192705,-0.22672321246641924,OVER,0.5655748384642805,0.0067232124664192705,0,tenure60:26;rest:0;shrink:0.25;voidable
sleeper,match-2840199:kills_maps_1_2_over_under_player_77367,cs2-kills-202609260130,2026-09-27T13:35:23+00:00,20.5,22.65798421706937,0.6070008772874846,0.3929991227125153,0.08046156157172274,-0.3004615615717227,OVER,0.6070008772874846,0.08046156157172274,0,tenure60:26;rest:0;shrink:0.25;market_unproven;voidable
sleeper,match-2840207:headshots_maps_1_2_over_under_player_1027,cs2-headshots-202609260140,2026-09-27T13:35:23+00:00,15.5,15.127577522206357,0.4347179824366788,0.5652820175633212,-0.2870625088038468,0.10229993424847628,UNDER,0.5652820175633212,0.10229993424847628,0,tenure60:25;rest:1;shrink:0.25;voidable
sleeper,match-2840207:kills_maps_1_2_over_under_player_1027,cs2-kills-202609260130,2026-09-27T13:35:23+00:00,29.5,29.14484359923261,0.4487787874719516,0.5512212125280485,-0.2505394249218409,0.05283251592857252,UNDER,0.5512212125280485,0.05283251592857252,0,tenure60:25;rest:1;shrink:0.25;market_unproven;voidable
sleeper,match-2840207:headshots_maps_1_2_over_under_player_1683,cs2-headshots-202609260140,2026-09-27T13:35:23+00:00,16.5,16.5623857346062,0.46972245451537276,0.5302775454846271,-0.16389403096263638,-0.05610596903736359,UNDER,0.5302775454846271,-0.05610596903736359,0,tenure60:25;rest:1;shrink:0.25;voidable
sleeper,match-2840207:kills_maps_1_2_over_under_player_1683,cs2-kills-202609260130,2026-09-27T13:35:23+00:00,29.5,29.52408892020219,0.4692880084776684,0.5307119915223316,-0.21628902584229381,0.008352783892430049,UNDER,0.5307119915223316,0.008352783892430049,0,tenure60:25;rest:1;shrink:0.25;market_unproven;voidable
sleeper,match-2840207:kills_maps_1_2_over_under_player_1684,cs2-kills-202609260130,2026-09-27T13:35:23+00:00,26.5,26.396982234089347,0.4627643964835232,0.5372356035164768,-0.11612000271647077,-0.10281654212748376,UNDER,0.5372356035164768,-0.10281654212748376,0,tenure60:25;rest:1;shrink:0.25;market_unproven;voidable
sleeper,match-2840207:headshots_maps_1_2_over_under_player_2240,cs2-headshots-202609260140,2026-09-27T13:35:23+00:00,11.5,12.137006305442853,0.526913363827956,0.473086636172044,-0.06209421238623836,-0.15790578761376162,OVER,0.526913363827956,-0.06209421238623836,0,tenure60:47;rest:1;shrink:0.25;voidable
sleeper,match-2840207:kills_maps_1_2_over_under_player_2240,cs2-kills-202609260130,2026-09-27T13:35:23+00:00,25.5,25.918389097033376,0.49438970492823675,0.5056102950717632,-0.05077176653778548,-0.16068691018087305,OVER,0.49438970492823675,-0.05077176653778548,0,tenure60:47;rest:1;shrink:0.25;market_unproven;voidable
sleeper,match-2840207:headshots_maps_1_2_over_under_player_2241,cs2-headshots-202609260140,2026-09-27T13:35:23+00:00,18.5,18.051730357256442,0.43284141044225277,0.5671585895577472,-0.22954228941279003,0.009542289412790061,UNDER,0.5671585895577472,0.009542289412790061,0,tenure60:47;rest:1;shrink:0.25;voidable
sleeper,match-2840207:kills_maps_1_2_over_under_player_2241,cs2-kills-202609260130,2026-09-27T13:35:23+00:00,30.5,29.82675782371349,0.4327616043959598,0.5672383956040402,-0.2729605046147876,0.07775295164767637,UNDER,0.5672383956040402,0.07775295164767637,0,tenure60:47;rest:1;shrink:0.25;market_unproven;voidable
sleeper,match-2840207:kills_maps_1_2_over_under_player_2242,cs2-kills-202609260130,2026-09-27T13:35:23+00:00,32.5,32.388587222867656,0.4637037866691747,0.5362962133308253,-0.17460725972886904,-0.04539274027113088,UNDER,0.5362962133308253,-0.04539274027113088,0,tenure60:47;rest:1;shrink:0.25;market_unproven;voidable
sleeper,match-2840207:headshots_maps_1_2_over_under_player_229161,cs2-headshots-202609260140,2026-09-27T13:35:23+00:00,16.5,16.54861322793086,0.4686061617305069,0.5313938382694932,-0.23617195637927385,0.04153192300820652,UNDER,0.5313938382694932,0.04153192300820652,0,tenure60:47;rest:1;shrink:0.25;voidable
sleeper,match-2840207:kills_maps_1_2_over_under_player_229161,cs2-kills-202609260130,2026-09-27T13:35:23+00:00,28.5,29.621401762857527,0.5295969907896183,0.4704030092103817,-0.1102770554734413,-0.10623428250027483,UNDER,0.4704030092103817,-0.10623428250027483,0,tenure60:47;rest:1;shrink:0.25;market_unproven;voidable
sleeper,match-2840207:headshots_maps_1_2_over_under_player_2388,cs2-headshots-202609260140,2026-09-27T13:35:23+00:00,17.5,16.684191527507263,0.4040419598310596,0.5959580401689404,-0.21211817832943375,-0.022628814122937824,UNDER,0.5959580401689404,-0.022628814122937824,0,tenure60:25;rest:1;shrink:0.25;voidable
sleeper,match-2840207:kills_maps_1_2_over_under_player_2388,cs2-kills-202609260130,2026-09-27T13:35:23+00:00,30.5,29.701251552083725,0.4269196823411323,0.5730803176588677,-0.18885260355184863,-0.04295586950969099,UNDER,0.5730803176588677,-0.04295586950969099,0,tenure60:25;rest:1;shrink:0.25;market_unproven;voidable
sleeper,match-2840207:headshots_maps_1_2_over_under_player_2512,cs2-headshots-202609260140,2026-09-27T13:35:23+00:00,16.5,16.703620720636458,0.4821545085879824,0.5178454914120176,-0.09354952385459314,-0.1248411195136902,OVER,0.4821545085879824,-0.09354952385459314,0,tenure60:47;rest:1;shrink:0.25;voidable
sleeper,match-2840207:headshots_maps_1_2_over_under_player_92121,cs2-headshots-202609260140,2026-09-27T13:35:23+00:00,9.5,10.274708696035932,0.5476665831934269,0.45233341680657313,-0.07444347440310861,-0.1450898422355768,OVER,0.5476665831934269,-0.07444347440310861,0,tenure60:25;rest:1;shrink:0.25;voidable
sleeper,match-2840207:kills_maps_1_2_over_under_player_92121,cs2-kills-202609260130,2026-09-27T13:35:23+00:00,31.5,30.21204489343534,0.4026254421592014,0.5973745578407986,-0.23501165989751743,-0.0023844884058663585,UNDER,0.5973745578407986,-0.0023844884058663585,0,tenure60:25;rest:1;shrink:0.25;market_unproven;voidable
sleeper,match-2840242:kills_maps_1_2_over_under_player_1882,cs2-kills-202609260130,2026-09-27T13:35:23+00:00,27.5,28.48388074662868,0.5225584196777937,0.4774415803222063,0.039891255158809424,-0.23131905568124783,OVER,0.5225584196777937,0.039891255158809424,0,tenure60:15;rest:1;shrink:0.25;market_unproven;voidable
sleeper,match-2840242:headshots_maps_1_2_over_under_player_20490,cs2-headshots-202609260140,2026-09-27T13:35:23+00:00,16.5,16.828631567815165,0.49205000828659085,0.5079499917134092,-0.15367398574706376,-0.06029251533019303,UNDER,0.5079499917134092,-0.06029251533019303,0,tenure60:22;rest:1;shrink:0.25;voidable
sleeper,match-2840242:kills_maps_1_2_over_under_player_20490,cs2-kills-202609260130,2026-09-27T13:35:23+00:00,28.5,28.351763621001936,0.46057250563304714,0.5394274943669528,-0.18018093997317602,-0.039819060026824005,UNDER,0.5394274943669528,-0.039819060026824005,0,tenure60:22;rest:1;shrink:0.25;market_unproven;voidable
sleeper,match-2840242:headshots_maps_1_2_over_under_player_2362,cs2-headshots-202609260140,2026-09-27T13:35:23+00:00,14.5,15.53371540280333,0.5502033935000531,0.4497966064999469,-0.020637959569905495,-0.19936204043009448,OVER,0.5502033935000531,-0.020637959569905495,0,tenure60:22;rest:1;shrink:0.25;voidable
sleeper,match-2840242:kills_maps_1_2_over_under_player_2362,cs2-kills-202609260130,2026-09-27T13:35:23+00:00,29.5,29.57325519170225,0.47215842383725554,0.5278415761627444,-0.192609095238293,-0.018214668337295348,UNDER,0.5278415761627444,-0.018214668337295348,0,tenure60:22;rest:1;shrink:0.25;market_unproven;voidable
sleeper,match-2840242:headshots_maps_1_2_over_under_player_2411,cs2-headshots-202609260140,2026-09-27T13:35:23+00:00,13.5,14.507413228395661,0.5525371977843244,0.4474628022156755,-0.1104151115672376,-0.105074395568649,UNDER,0.4474628022156755,-0.105074395568649,0,tenure60:15;rest:1;shrink:0.25;voidable
sleeper,match-2840242:kills_maps_1_2_over_under_player_2411,cs2-kills-202609260130,2026-09-27T13:35:23+00:00,25.5,26.09455143277749,0.503468319529453,0.49653168047054697,0.006936639058906069,-0.2005839944424193,OVER,0.503468319529453,0.006936639058906069,0,tenure60:15;rest:1;shrink:0.25;market_unproven;voidable
sleeper,match-2840242:headshots_maps_1_2_over_under_player_2412,cs2-headshots-202609260140,2026-09-27T13:35:23+00:00,16.5,15.91311155060109,0.4174254970317455,0.5825745029682545,-0.2319370854615883,0.002028145105397783,UNDER,0.5825745029682545,0.002028145105397783,0,tenure60:22;rest:1;shrink:0.25;voidable
sleeper,match-2840242:headshots_maps_1_2_over_under_player_2413,cs2-headshots-202609260140,2026-09-27T13:35:23+00:00,13.5,14.2500207393401,0.5311251491433745,0.4688748508566255,-0.05459723452479337,-0.1654027654752066,OVER,0.5311251491433745,-0.05459723452479337,0,tenure60:22;rest:1;shrink:0.25;voidable
sleeper,match-2840242:kills_maps_1_2_over_under_player_2413,cs2-kills-202609260130,2026-09-27T13:35:23+00:00,26.5,27.155979361578197,0.5075375045132579,0.49246249548674215,-0.10165861701153361,-0.11849213307873152,OVER,0.5075375045132579,-0.10165861701153361,0,tenure60:22;rest:1;shrink:0.25;market_unproven;voidable
sleeper,match-2840242:kills_maps_1_2_over_under_player_2415,cs2-kills-202609260130,2026-09-27T13:35:23+00:00,31.5,30.887912958935765,0.43672626909134266,0.5632737309086573,-0.22262724101741,0.0026272410174099647,UNDER,0.5632737309086573,0.0026272410174099647,0,tenure60:22;rest:1;shrink:0.25;market_unproven;voidable
sleeper,match-2840242:headshots_maps_1_2_over_under_player_25774,cs2-headshots-202609260140,2026-09-27T13:35:23+00:00,11.5,10.64697601966554,0.37551573106535285,0.6244842689346471,-0.3278268413930184,0.11158199870367191,UNDER,0.6244842689346471,0.11158199870367191,0,tenure60:15;rest:1;shrink:0.25;voidable
sleeper,match-2840242:kills_maps_1_2_over_under_player_25774,cs2-kills-202609260130,2026-09-27T13:35:23+00:00,29.5,30.064295875684067,0.4964246938304346,0.5035753061695654,-0.14614952661165248,-0.07342143664799972,UNDER,0.5035753061695654,-0.07342143664799972,0,tenure60:15;rest:1;shrink:0.25;market_unproven;voidable
sleeper,match-2840242:headshots_maps_1_2_over_under_player_28042,cs2-headshots-202609260140,2026-09-27T13:35:23+00:00,14.5,14.75477201374401,0.4867216124390936,0.5132783875609064,-0.08009615249011309,-0.1376923088976773,OVER,0.4867216124390936,-0.08009615249011309,0,tenure60:15;rest:1;shrink:0.25;voidable
sleeper,match-2840242:kills_maps_1_2_over_under_player_28042,cs2-kills-202609260130,2026-09-27T13:35:23+00:00,27.5,27.7117382383584,0.4798301883048229,0.5201698116951772,-0.011549812092064848,-0.18853509375552358,OVER,0.4798301883048229,-0.011549812092064848,0,tenure60:15;rest:1;shrink:0.25;market_unproven;voidable
sleeper,match-2840243:headshots_maps_1_2_over_under_player_1185,cs2-headshots-202609260140,2026-09-27T13:35:23+00:00,16.5,16.342623249085406,0.4516095551823172,0.5483904448176828,-0.22774766063823765,0.02000622736089014,UNDER,0.5483904448176828,0.02000622736089014,0,tenure60:50;rest:0;shrink:0.25;voidable
sleeper,match-2840243:kills_maps_1_2_over_under_player_1185,cs2-kills-202609260130,2026-09-27T13:35:23+00:00,29.5,29.145273917691334,0.4488309683650211,0.5511690316349789,-0.1427328504228097,-0.07954771716958531,UNDER,0.5511690316349789,-0.07954771716958531,0,tenure60:50;rest:0;shrink:0.25;market_unproven;voidable
sleeper,match-2840243:headshots_maps_1_2_over_under_player_164248,cs2-headshots-202609260140,2026-09-27T13:35:23+00:00,16.5,16.39713745246361,0.45571889717053804,0.544281102829462,-0.22527787481008538,0.017805662291093927,UNDER,0.544281102829462,0.017805662291093927,0,tenure60:57;rest:0;shrink:0.25;voidable
sleeper,match-2840243:kills_maps_1_2_over_under_player_164248,cs2-kills-202609260130,2026-09-27T13:35:23+00:00,31.5,31.084723625206784,0.4468481233771222,0.5531518766228778,-0.17779945298609512,-0.04304725344242144,UNDER,0.5531518766228778,-0.04304725344242144,0,tenure60:57;rest:0;shrink:0.25;market_unproven;voidable
sleeper,match-2840243:headshots_maps_1_2_over_under_player_1861,cs2-headshots-202609260140,2026-09-27T13:35:23+00:00,9.5,9.782967608268642,0.49407989701577787,0.5059201029842222,-0.20453136580459763,0.011840205968444373,UNDER,0.5059201029842222,0.011840205968444373,0,tenure60:53;rest:0;shrink:0.25;voidable
sleeper,match-2840243:kills_maps_1_2_over_under_player_1861,cs2-kills-202609260130,2026-09-27T13:35:23+00:00,29.5,29.23498697524516,0.4542057970886198,0.5457942029113803,-0.2051398550949154,-0.012112492730401714,UNDER,0.5457942029113803,-0.012112492730401714,0,tenure60:53;rest:0;shrink:0.25;market_unproven;voidable
sleeper,match-2840243:headshots_maps_1_2_over_under_player_1864,cs2-headshots-202609260140,2026-09-27T13:35:23+00:00,19.5,18.5001991141201,0.39426047844568235,0.6057395215543175,-0.23119206703091932,-0.006587184650919176,UNDER,0.6057395215543175,-0.006587184650919176,0,tenure60:53;rest:0;shrink:0.25;voidable
sleeper,match-2840243:kills_maps_1_2_over_under_player_1864,cs2-kills-202609260130,2026-09-27T13:35:23+00:00,31.5,31.304394959277488,0.4579109689822663,0.5420890310177338,-0.25360512055890605,0.06249450079475816,UNDER,0.5420890310177338,0.06249450079475816,0,tenure60:53;rest:0;shrink:0.25;market_unproven;voidable
sleeper,match-2840243:headshots_maps_1_2_over_under_player_2205,cs2-headshots-202609260140,2026-09-27T13:35:23+00:00,9.5,10.071767872797835,0.5261521873312995,0.47384781266870046,-0.0634491065502868,-0.15655089344971318,OVER,0.5261521873312995,-0.0634491065502868,0,tenure60:57;rest:0;shrink:0.25;voidable
sleeper,match-2840243:kills_maps_1_2_over_under_player_2205,cs2-kills-202609260130,2026-09-27T13:35:23+00:00,29.5,29.46461085012306,0.46657416955343145,0.5334258304465685,-0.22082113684576948,0.013509077848480211,UNDER,0.5334258304465685,0.013509077848480211,0,tenure60:57;rest:0;shrink:0.25;market_unproven;voidable
sleeper,match-2840243:headshots_maps_1_2_over_under_player_2325,cs2-headshots-202609260140,2026-09-27T13:35:23+00:00,16.5,15.904795899631878,0.41666496359840277,0.5833350364015971,-0.2875029122467312,0.0850031677069708,UNDER,0.5833350364015971,0.0850031677069708,0,tenure60:57;rest:0;shrink:0.25;voidable
sleeper,match-2840243:kills_maps_1_2_over_under_player_2325,cs2-kills-202609260130,2026-09-27T13:35:23+00:00,28.5,29.07802322039538,0.5019031523662244,0.4980968476337756,-0.13672657793009402,-0.08350180035385285,UNDER,0.4980968476337756,-0.08350180035385285,0,tenure60:57;rest:0;shrink:0.25;market_unproven;voidable
sleeper,match-2840243:kills_maps_1_2_over_under_player_2449,cs2-kills-202609260130,2026-09-27T13:35:23+00:00,25.5,27.42601028765001,0.5771891654080342,0.4228108345919658,-0.07072544369306483,-0.16283454750790777,OVER,0.5771891654080342,-0.07072544369306483,0,tenure60:57;rest:0;shrink:0.25;market_unproven;voidable
sleeper,match-2840243:headshots_maps_1_2_over_under_player_2453,cs2-headshots-202609260140,2026-09-27T13:35:23+00:00,16.5,16.38198074542154,0.45465349295068946,0.5453465070493105,-0.11342568874615555,-0.10563172843913077,UNDER,0.5453465070493105,-0.10563172843913077,0,tenure60:57;rest:0;shrink:0.25;voidable
sleeper,match-2840243:kills_maps_1_2_over_under_player_2453,cs2-kills-202609260130,2026-09-27T13:35:23+00:00,26.5,27.874649239018687,0.5465855618391451,0.4534144381608549,-0.027077699926321752,-0.19292230007367822,OVER,0.5465855618391451,-0.027077699926321752,0,tenure60:57;rest:0;shrink:0.25;market_unproven;voidable
sleeper,match-2840243:kills_maps_1_2_over_under_player_2531,cs2-kills-202609260130,2026-09-27T13:35:23+00:00,28.5,28.029160119234515,0.4437696221462561,0.5562303778537439,-0.1834638952508887,-0.0432837500915606,UNDER,0.5562303778537439,-0.0432837500915606,0,tenure60:53;rest:0;shrink:0.25;market_unproven;voidable
sleeper,match-2840243:headshots_maps_1_2_over_under_player_67330,cs2-headshots-202609260140,2026-09-27T13:35:23+00:00,17.5,17.35324323830275,0.45348663693753405,0.5465133630624658,-0.1927937862511892,-0.02720621374881077,UNDER,0.5465133630624658,-0.02720621374881077,0,tenure60:53;rest:0;shrink:0.25;voidable
sleeper,match-2840243:kills_maps_1_2_over_under_player_67330,cs2-kills-202609260130,2026-09-27T13:35:23+00:00,28.5,27.538272537010982,0.415916756108922,0.5840832438910779,-0.23055400119849417,0.004623179492654117,UNDER,0.5840832438910779,0.004623179492654117,0,tenure60:53;rest:0;shrink:0.25;market_unproven;voidable
sleeper,match-2840307:headshots_maps_1_2_over_under_player_1237,cs2-headshots-202609260140,2026-09-27T13:35:23+00:00,14.5,15.385070559839303,0.5393454063311034,0.4606545936688966,-0.08311280923712427,-0.1385759098391633,OVER,0.5393454063311034,-0.08311280923712427,0,tenure60:49;rest:1;shrink:0.25;voidable
sleeper,match-2840307:kills_maps_1_2_over_under_player_1237,cs2-kills-202609260130,2026-09-27T13:35:23+00:00,29.5,29.024550578298836,0.44189129741458416,0.5581087025854159,-0.21343349060204025,-0.0009854223721055266,UNDER,0.5581087025854159,-0.0009854223721055266,0,tenure60:49;rest:1;shrink:0.25;market_unproven;voidable
sleeper,match-2840307:headshots_maps_1_2_over_under_player_1326,cs2-headshots-202609260140,2026-09-27T13:35:23+00:00,16.5,16.31808320788137,0.4498847078704571,0.5501152921295429,-0.19920521999058638,-0.020794780009413594,UNDER,0.5501152921295429,-0.020794780009413594,0,tenure60:46;rest:1;shrink:0.25;voidable
sleeper,match-2840307:kills_maps_1_2_over_under_player_1326,cs2-kills-202609260130,2026-09-27T13:35:23+00:00,28.5,28.23973430375667,0.45425798162987063,0.5457420183701294,-0.19142079269883028,-0.028579207301169696,UNDER,0.5457420183701294,-0.028579207301169696,0,tenure60:46;rest:1;shrink:0.25;market_unproven;voidable
sleeper,match-2840307:headshots_maps_1_2_over_under_player_1631,cs2-headshots-202609260140,2026-09-27T13:35:23+00:00,9.5,10.163462804975008,0.5360979562256856,0.4639020437743144,-0.045745637918279625,-0.17425436208172035,OVER,0.5360979562256856,-0.045745637918279625,0,tenure60:59;rest:1;shrink:0.25;voidable
sleeper,match-2840307:kills_maps_1_2_over_under_player_1631,cs2-kills-202609260130,2026-09-27T13:35:23+00:00,28.5,29.11776980322122,0.5040943719723466,0.4959056280276533,-0.13295768020756377,-0.08753364442911793,UNDER,0.4959056280276533,-0.08753364442911793,0,tenure60:59;rest:1;shrink:0.25;market_unproven;voidable
sleeper,match-2840307:headshots_maps_1_2_over_under_player_1635,cs2-headshots-202609260140,2026-09-27T13:35:23+00:00,17.5,17.47231284156267,0.463278550851429,0.536721449148571,-0.15683303745039923,-0.06073746399000074,UNDER,0.536721449148571,-0.06073746399000074,0,tenure60:59;rest:1;shrink:0.25;voidable
sleeper,match-2840307:kills_maps_1_2_over_under_player_1635,cs2-kills-202609260130,2026-09-27T13:35:23+00:00,32.5,31.405764202673836,0.4143005677200396,0.5856994322799605,-0.21697192700912526,-0.010167959446866826,UNDER,0.5856994322799605,-0.010167959446866826,0,tenure60:59;rest:1;shrink:0.25;market_unproven;voidable
sleeper,match-2840307:kills_maps_1_2_over_under_player_2198,cs2-kills-202609260130,2026-09-27T13:35:23+00:00,25.5,25.77443776116754,0.4844748515447644,0.5155251484552357,-0.1909269979202436,-0.015346966450499933,UNDER,0.5155251484552357,-0.015346966450499933,0,tenure60:49;rest:1;shrink:0.25;market_unproven;voidable
sleeper,match-2840307:kills_maps_1_2_over_under_player_229965,cs2-kills-202609260130,2026-09-27T13:35:23+00:00,30.5,,,,,,,,,0,player_unmapped:destiny
sleeper,match-2840307:headshots_maps_1_2_over_under_player_2430,cs2-headshots-202609260140,2026-09-27T13:35:23+00:00,18.5,17.19612772742147,0.3695399191573791,0.6304600808426207,-0.31265575036727467,0.07808673824088153,UNDER,0.6304600808426207,0.07808673824088153,0,tenure60:49;rest:1;shrink:0.25;voidable
sleeper,match-2840307:kills_maps_1_2_over_under_player_2430,cs2-kills-202609260130,2026-09-27T13:35:23+00:00,29.5,28.5390684327962,0.4166466794892249,0.583353320510775,-0.3042000452529944,0.10837130897047254,UNDER,0.583353320510775,0.10837130897047254,0,tenure60:49;rest:1;shrink:0.25;market_unproven;voidable
sleeper,match-2840307:headshots_maps_1_2_over_under_player_2462,cs2-headshots-202609260140,2026-09-27T13:35:23+00:00,16.5,17.396743708281036,0.5351338540231976,0.46486614597680237,-0.04746173983870827,-0.1725382601612917,OVER,0.5351338540231976,-0.04746173983870827,0,tenure60:59;rest:1;shrink:0.25;voidable
sleeper,match-2840307:kills_maps_1_2_over_under_player_2462,cs2-kills-202609260130,2026-09-27T13:35:23+00:00,31.5,31.553186193236503,0.47127120448343135,0.5287287955165687,-0.16113725601949225,-0.05886274398050767,UNDER,0.5287287955165687,-0.05886274398050767,0,tenure60:59;rest:1;shrink:0.25;market_unproven;voidable
sleeper,match-2840307:headshots_maps_1_2_over_under_player_63583,cs2-headshots-202609260140,2026-09-27T13:35:23+00:00,13.5,14.481087007919415,0.5508122177945637,0.4491877822054363,-0.06361922974924178,-0.16001884727583404,OVER,0.5508122177945637,-0.06361922974924178,0,tenure60:59;rest:1;shrink:0.25;voidable
sleeper,match-2840307:kills_maps_1_2_over_under_player_63583,cs2-kills-202609260130,2026-09-27T13:35:23+00:00,24.5,25.934984499601615,0.5535125582254721,0.44648744177452787,-0.01474764635865966,-0.2052523536413403,OVER,0.5535125582254721,-0.01474764635865966,0,tenure60:59;rest:1;shrink:0.25;market_unproven;voidable
sleeper,match-2840334:headshots_maps_1_2_over_under_player_1438,cs2-headshots-202609260140,2026-09-27T13:35:23+00:00,15.5,15.150361835779485,0.4364424512342382,0.5635575487657618,-0.223132436803056,0.003132436803056027,UNDER,0.5635575487657618,0.003132436803056027,0,tenure60:41;rest:1;shrink:0.25;voidable
sleeper,match-2840334:kills_maps_1_2_over_under_player_1438,cs2-kills-202609260130,2026-09-27T13:35:23+00:00,27.5,26.90677379567365,0.43531772659445234,0.5646822734055477,-0.22513444666187482,0.0051344466618748474,UNDER,0.5646822734055477,0.0051344466618748474,0,tenure60:41;rest:1;shrink:0.25;market_unproven;voidable
sleeper,match-2840334:kills_maps_1_2_over_under_player_1441,cs2-kills-202609260130,2026-09-27T13:35:23+00:00,26.5,27.011539417373626,0.499555309575014,0.500444690424986,-0.16074707991397647,-0.04915508819252673,UNDER,0.500444690424986,-0.04915508819252673,0,tenure60:41;rest:1;shrink:0.25;market_unproven;voidable
sleeper,match-2840334:headshots_maps_1_2_over_under_player_1560,cs2-headshots-202609260140,2026-09-27T13:35:23+00:00,18.5,,,,,,,,,0,player_unmapped:Kye
sleeper,match-2840334:kills_maps_1_2_over_under_player_1560,cs2-kills-202609260130,2026-09-27T13:35:23+00:00,29.5,,,,,,,,,0,player_unmapped:Kye
sleeper,match-2840334:headshots_maps_1_2_over_under_player_1564,cs2-headshots-202609260140,2026-09-27T13:35:23+00:00,10.5,,,,,,,,,0,player_unmapped:zevy
sleeper,match-2840334:kills_maps_1_2_over_under_player_1564,cs2-kills-202609260130,2026-09-27T13:35:23+00:00,28.5,,,,,,,,,0,player_unmapped:zevy
sleeper,match-2840334:headshots_maps_1_2_over_under_player_1587,cs2-headshots-202609260140,2026-09-27T13:35:23+00:00,15.5,15.5554382100082,0.46814949950402673,0.5318505004959733,-0.12456043592746996,-0.09585414915684548,UNDER,0.5318505004959733,-0.09585414915684548,0,tenure60:17;rest:1;shrink:0.25;voidable
sleeper,match-2840334:kills_maps_1_2_over_under_player_1587,cs2-kills-202609260130,2026-09-27T13:35:23+00:00,28.5,27.514677412825268,0.4148219080768909,0.585178091923109,-0.2076901555731383,-0.022752586488407944,UNDER,0.585178091923109,-0.022752586488407944,0,tenure60:17;rest:1;shrink:0.25;market_unproven;voidable
sleeper,match-2840334:headshots_maps_1_2_over_under_player_1640,cs2-headshots-202609260140,2026-09-27T13:35:23+00:00,11.5,10.886028624784705,0.39993648419768035,0.6000635158023196,-0.13213782929103368,-0.10590536145454371,UNDER,0.6000635158023196,-0.10590536145454371,0,tenure60:31;rest:1;shrink:0.25;voidable
sleeper,match-2840334:kills_maps_1_2_over_under_player_1640,cs2-kills-202609260130,2026-09-27T13:35:23+00:00,33.5,30.90439568762339,0.342810274868919,0.657189725131081,-0.38979771073332414,0.16979771073332417,UNDER,0.657189725131081,0.16979771073332417,0,tenure60:31;rest:1;shrink:0.25;market_unproven;voidable
sleeper,match-2840334:kills_maps_1_2_over_under_player_1641,cs2-kills-202609260130,2026-09-27T13:35:23+00:00,24.5,26.16893710064185,0.5650690115198779,0.43493098848012207,0.005822840505382676,-0.22582284050538276,OVER,0.5650690115198779,0.005822840505382676,0,tenure60:41;rest:1;shrink:0.25;market_unproven;voidable
sleeper,match-2840334:headshots_maps_1_2_over_under_player_229295,cs2-headshots-202609260140,2026-09-27T13:35:23+00:00,16.5,16.439084854574247,0.4590166581242784,0.5409833418757216,-0.14622901588884213,-0.07491848539251605,UNDER,0.5409833418757216,-0.07491848539251605,0,tenure60:45;rest:1;shrink:0.25;voidable
sleeper,match-2840334:kills_maps_1_2_over_under_player_229295,cs2-kills-202609260130,2026-09-27T13:35:23+00:00,28.5,29.225969537743815,0.5101457511607522,0.4898542488392478,-0.025621615282963306,-0.18194340443845625,OVER,0.5101457511607522,-0.025621615282963306,0,tenure60:45;rest:1;shrink:0.25;market_unproven;voidable
sleeper,match-2840334:kills_maps_1_2_over_under_player_230190,cs2-kills-202609260130,2026-09-27T13:35:23+00:00,29.5,28.203532566063927,0.3995513012086789,0.6004486987913211,-0.2368570146914234,0.002749326981506206,UNDER,0.6004486987913211,0.002749326981506206,0,tenure60:45;rest:1;shrink:0.25;market_unproven;voidable
sleeper,match-2840334:headshots_maps_1_2_over_under_player_2329,cs2-headshots-202609260140,2026-09-27T13:35:23+00:00,20.5,19.268853160210398,0.38301239999817327,0.6169876000018267,-0.2607860680035256,0.018029540003014044,UNDER,0.6169876000018267,0.018029540003014044,0,tenure60:45;rest:1;shrink:0.25;voidable
sleeper,match-2840334:kills_maps_1_2_over_under_player_2329,cs2-kills-202609260130,2026-09-27T13:35:23+00:00,32.5,31.322185418445226,0.41028660126855954,0.5897133987314405,-0.2819984477800208,0.07327838569122169,UNDER,0.5897133987314405,0.07327838569122169,0,tenure60:45;rest:1;shrink:0.25;market_unproven;voidable
sleeper,match-2840336:headshots_maps_1_2_over_under_player_1334,cs2-headshots-202609260140,2026-09-27T13:35:23+00:00,16.5,16.480561743438486,0.4630755994490416,0.5369244005509584,-0.17572543298070592,-0.04427456701929411,UNDER,0.5369244005509584,-0.04427456701929411,0,tenure60:28;rest:1;shrink:0.25;voidable
sleeper,match-2840336:kills_maps_1_2_over_under_player_1334,cs2-kills-202609260130,2026-09-27T13:35:23+00:00,28.5,28.5912508287141,0.47455913074771416,0.5254408692522858,-0.15528474726906877,-0.0647152527309312,UNDER,0.5254408692522858,-0.0647152527309312,0,tenure60:28;rest:1;shrink:0.25;market_unproven;voidable
sleeper,match-2840336:headshots_maps_1_2_over_under_player_1338,cs2-headshots-202609260140,2026-09-27T13:35:23+00:00,16.5,15.880438040599325,0.4149411328031987,0.5850588671968013,-0.26140478361030633,0.04140478361030642,UNDER,0.5850588671968013,0.04140478361030642,0,tenure60:28;rest:1;shrink:0.25;voidable
sleeper,match-2840336:kills_maps_1_2_over_under_player_1338,cs2-kills-202609260130,2026-09-27T13:35:23+00:00,27.5,26.710423663234646,0.4237904858065552,0.5762095141934448,-0.24565293526433174,0.025652935264331767,UNDER,0.5762095141934448,0.025652935264331767,0,tenure60:28;rest:1;shrink:0.25;market_unproven;voidable
sleeper,match-2840336:kills_maps_1_2_over_under_player_1388,cs2-kills-202609260130,2026-09-27T13:35:23+00:00,32.5,31.63742143952222,0.4268675266454623,0.5731324733545378,-0.24444447783753182,0.025907127304622635,UNDER,0.5731324733545378,0.025907127304622635,0,tenure60:58;rest:1;shrink:0.25;market_unproven;voidable
sleeper,match-2840336:headshots_maps_1_2_over_under_player_2138,cs2-headshots-202609260140,2026-09-27T13:35:23+00:00,11.5,11.291261671846732,0.44283353720370916,0.5571664627962909,-0.1586162793129527,-0.06953200713019425,UNDER,0.5571664627962909,-0.06953200713019425,0,tenure60:28;rest:1;shrink:0.25;voidable
sleeper,match-2840336:kills_maps_1_2_over_under_player_2138,cs2-kills-202609260130,2026-09-27T13:35:23+00:00,29.5,28.962596111192795,0.43865656704476547,0.5613434329552345,-0.21919131066031738,-0.0008086893396825889,UNDER,0.5613434329552345,-0.0008086893396825889,0,tenure60:28;rest:1;shrink:0.25;market_unproven;voidable
sleeper,match-2840336:headshots_maps_1_2_over_under_player_228551,cs2-headshots-202609260140,2026-09-27T13:35:23+00:00,16.5,16.730156352947645,0.4841843203877791,0.5158156796122209,-0.13815190970975316,-0.08184809029024687,UNDER,0.5158156796122209,-0.08184809029024687,0,tenure60:75;rest:1;shrink:0.25;voidable
sleeper,match-2840336:kills_maps_1_2_over_under_player_228551,cs2-kills-202609260130,2026-09-27T13:35:23+00:00,28.5,28.92435946220434,0.49308519118340327,0.5069148088165967,-0.12230835969354209,-0.09769164030645788,UNDER,0.5069148088165967,-0.09769164030645788,0,tenure60:75;rest:1;shrink:0.25;market_unproven;voidable
sleeper,match-2840336:kills_maps_1_2_over_under_player_228816,cs2-kills-202609260130,2026-09-27T13:35:23+00:00,27.5,27.81596908270356,0.4859360576436509,0.5140639423563491,-0.13989317797073791,-0.07982554318213508,UNDER,0.5140639423563491,-0.07982554318213508,0,tenure60:42;rest:1;shrink:0.25;market_unproven;voidable
sleeper,match-2840336:kills_maps_1_2_over_under_player_229503,cs2-kills-202609260130,2026-09-27T13:35:23+00:00,31.5,,,,,,,,,0,player_unmapped:L1seYoung
sleeper,match-2840336:headshots_maps_1_2_over_under_player_230489,cs2-headshots-202609260140,2026-09-27T13:35:23+00:00,17.5,18.1259393829429,0.5127043450505787,0.4872956549494213,-0.08738626580996989,-0.13261373419003009,OVER,0.5127043450505787,-0.08738626580996989,0,tenure60:77;rest:1;shrink:0.25;voidable
sleeper,match-2840336:kills_maps_1_2_over_under_player_230489,cs2-kills-202609260130,2026-09-27T13:35:23+00:00,27.5,28.088300446996293,0.5010162021705941,0.49898379782940583,-0.10819116013634245,-0.11180883986365753,OVER,0.5010162021705941,-0.10819116013634245,0,tenure60:77;rest:1;shrink:0.25;market_unproven;voidable
sleeper,match-2840336:headshots_maps_1_2_over_under_player_30290,cs2-headshots-202609260140,2026-09-27T13:35:23+00:00,17.5,17.11589987582392,0.43598596949245605,0.5640140305075438,-0.22394497430342813,0.0039449743034281615,UNDER,0.5640140305075438,0.0039449743034281615,0,tenure60:28;rest:1;shrink:0.25;voidable
sleeper,match-2840336:kills_maps_1_2_over_under_player_30290,cs2-kills-202609260130,2026-09-27T13:35:23+00:00,28.5,28.793634981189154,0.4860404287329916,0.5139595712670084,-0.13484803685527497,-0.085151963144725,UNDER,0.5139595712670084,-0.085151963144725,0,tenure60:28;rest:1;shrink:0.25;market_unproven;voidable
sleeper,match-2840343:headshots_maps_1_2_over_under_player_1010,cs2-headshots-202609260140,2026-09-27T13:35:23+00:00,16.5,15.78180778742613,0.4069312426640283,0.5930687573359716,-0.20648407680514475,-0.027367237969006586,UNDER,0.5930687573359716,-0.027367237969006586,0,tenure60:45;rest:1;shrink:0.25;voidable
sleeper,match-2840343:kills_maps_1_2_over_under_player_1010,cs2-kills-202609260130,2026-09-27T13:35:23+00:00,26.5,26.240949792032307,0.45462327425674415,0.5453767257432558,-0.19077057182299534,-0.02922942817700469,UNDER,0.5453767257432558,-0.02922942817700469,0,tenure60:45;rest:1;shrink:0.25;market_unproven;voidable
sleeper,match-2840343:headshots_maps_1_2_over_under_player_1012,cs2-headshots-202609260140,2026-09-27T13:35:23+00:00,12.5,12.604084777698347,0.47362955710686455,0.5263704428931355,-0.12378531935230058,-0.09464283822380692,UNDER,0.5263704428931355,-0.09464283822380692,0,tenure60:46;rest:1;shrink:0.25;voidable
sleeper,match-2840343:kills_maps_1_2_over_under_player_1012,cs2-kills-202609260130,2026-09-27T13:35:23+00:00,30.5,28.69895656398576,0.3768494792289045,0.6231505207710955,-0.3292079269725499,0.10920792697254994,UNDER,0.6231505207710955,0.10920792697254994,0,tenure60:46;rest:1;shrink:0.25;market_unproven;voidable
sleeper,match-2840343:headshots_maps_1_2_over_under_player_1030,cs2-headshots-202609260140,2026-09-27T13:35:23+00:00,17.5,16.98996859115229,0.42695849821985493,0.5730415017801451,-0.16743092847128294,-0.06021193708056205,UNDER,0.5730415017801451,-0.06021193708056205,0,tenure60:46;rest:1;shrink:0.25;voidable
sleeper,match-2840343:kills_maps_1_2_over_under_player_1030,cs2-kills-202609260130,2026-09-27T13:35:23+00:00,28.5,28.748482203082542,0.48374424130229127,0.5162557586977088,-0.16795990496005908,-0.05008940399621581,UNDER,0.5162557586977088,-0.05008940399621581,0,tenure60:46;rest:1;shrink:0.25;market_unproven;voidable
sleeper,match-2840343:headshots_maps_1_2_over_under_player_1036,cs2-headshots-202609260140,2026-09-27T13:35:23+00:00,10.5,10.299154132193252,0.44110889729007485,0.558891102709925,-0.21482616282366662,-0.005173837176333296,UNDER,0.558891102709925,-0.005173837176333296,0,tenure60:24;rest:1;shrink:0.25;voidable
sleeper,match-2840343:kills_maps_1_2_over_under_player_1036,cs2-kills-202609260130,2026-09-27T13:35:23+00:00,28.5,27.725751349199193,0.4250942813255992,0.5749057186744009,-0.21357557954764156,-0.011162163880030496,UNDER,0.5749057186744009,-0.011162163880030496,0,tenure60:24;rest:1;shrink:0.25;market_unproven;voidable
sleeper,match-2840343:headshots_maps_1_2_over_under_player_1454,cs2-headshots-202609260140,2026-09-27T13:35:23+00:00,15.5,15.557854369822355,0.4682002396640539,0.5317997603359461,-0.21342359736438948,0.005101547034938092,UNDER,0.5317997603359461,0.005101547034938092,0,tenure60:21;rest:1;shrink:0.25;voidable
sleeper,match-2840343:kills_maps_1_2_over_under_player_1454,cs2-kills-202609260130,2026-09-27T13:35:23+00:00,28.5,27.922768017274002,0.4373001328062145,0.5626998671937855,-0.2478437715733111,0.03536775563656536,UNDER,0.5626998671937855,0.03536775563656536,0,tenure60:21;rest:1;shrink:0.25;market_unproven;voidable
sleeper,match-2840343:kills_maps_1_2_over_under_player_1622,cs2-kills-202609260130,2026-09-27T13:35:23+00:00,25.5,25.993159783257386,0.4977291380167101,0.5022708619832899,-0.08417838604925332,-0.13609411738874144,OVER,0.4977291380167101,-0.08417838604925332,0,tenure60:19;rest:1;shrink:0.25;market_unproven;voidable
sleeper,match-2840343:headshots_maps_1_2_over_under_player_1638,cs2-headshots-202609260140,2026-09-27T13:35:23+00:00,19.5,17.885838691320625,0.3501016861100208,0.6498983138899792,-0.40482713361296463,0.2088108638353614,UNDER,0.6498983138899792,0.2088108638353614,0,tenure60:24;rest:1;shrink:0.25;voidable
sleeper,match-2840343:kills_maps_1_2_over_under_player_1638,cs2-kills-202609260130,2026-09-27T13:35:23+00:00,32.5,29.778148629561173,0.3333694659234577,0.6666305340765424,-0.3866001827008379,0.1532708239524183,UNDER,0.6666305340765424,0.1532708239524183,0,tenure60:24;rest:1;shrink:0.25;market_unproven;voidable
sleeper,match-2840343:headshots_maps_1_2_over_under_player_1652,cs2-headshots-202609260140,2026-09-27T13:35:23+00:00,17.5,16.660944231509923,0.40247067950674786,0.5975293204932521,-0.2836021904779888,0.06360219047798882,UNDER,0.5975293204932521,0.06360219047798882,0,tenure60:46;rest:1;shrink:0.25;voidable
sleeper,match-2840343:kills_maps_1_2_over_under_player_1652,cs2-kills-202609260130,2026-09-27T13:35:23+00:00,29.5,30.14217074917543,0.5009640281443173,0.4990359718556827,-0.1383418715917743,-0.07678345206698695,UNDER,0.4990359718556827,-0.07678345206698695,0,tenure60:46;rest:1;shrink:0.25;market_unproven;voidable
sleeper,match-2840343:headshots_maps_1_2_over_under_player_2148,cs2-headshots-202609260140,2026-09-27T13:35:23+00:00,17.5,16.571825844538683,0.3961861724826217,0.6038138275173782,-0.2630937191823235,0.03252164505471683,UNDER,0.6038138275173782,0.03252164505471683,0,tenure60:19;rest:1;shrink:0.25;voidable
sleeper,match-2840343:kills_maps_1_2_over_under_player_2148,cs2-kills-202609260130,2026-09-27T13:35:23+00:00,31.5,29.851913428893617,0.38538523232613614,0.6146147676738638,-0.3332835480757844,0.13089117251990945,UNDER,0.6146147676738638,0.13089117251990945,0,tenure60:19;rest:1;shrink:0.25;market_unproven;voidable
sleeper,match-2840343:headshots_maps_1_2_over_under_player_50630,cs2-headshots-202609260140,2026-09-27T13:35:23+00:00,15.5,15.163250041077369,0.4374568670743336,0.5625431329256664,-0.14258454053430614,-0.08305469333116389,UNDER,0.5625431329256664,-0.08305469333116389,0,tenure60:46;rest:1;shrink:0.25;voidable
sleeper,match-2840343:kills_maps_1_2_over_under_player_50630,cs2-kills-202609260130,2026-09-27T13:35:23+00:00,27.5,27.07844690459215,0.4446044538474856,0.5553955461525144,-0.19971198307452592,-0.022503838771574636,UNDER,0.5553955461525144,-0.022503838771574636,0,tenure60:46;rest:1;shrink:0.25;market_unproven;voidable
sleeper,match-2840242:kills_maps_1_2_over_under_player_2412,cs2-kills-202609260130,2026-09-27T13:35:23+00:00,32.5,30.334182056985988,0.3633790452621423,0.6366209547378576,-0.33138255671765804,0.1013542516964937,UNDER,0.6366209547378576,0.1013542516964937,0,tenure60:22;rest:1;shrink:0.25;market_unproven;voidable
sleeper,match-2840334:headshots_maps_1_2_over_under_player_1441,cs2-headshots-202609260140,2026-09-27T13:35:23+00:00,14.5,14.69325347353353,0.4815455691589532,0.5184544308410468,-0.14284888689706332,-0.07715111310293665,UNDER,0.5184544308410468,-0.07715111310293665,0,tenure60:41;rest:1;shrink:0.25;voidable
sleeper,match-2839397:kills_maps_1_2_over_under_player_1245,cs2-kills-202609260130,2026-09-27T13:35:23+00:00,34.5,33.119691748106916,0.4032507453644243,0.5967492546355757,-0.28221367325132474,0.062213673251324764,UNDER,0.5967492546355757,0.062213673251324764,0,tenure60:49;rest:1;shrink:0.25;market_unproven;voidable
sleeper,match-2839397:headshots_maps_1_2_over_under_player_1496,cs2-headshots-202609260140,2026-09-27T13:35:23+00:00,17.5,18.004746849957396,0.5043816958713684,0.49561830412863156,-0.1022005813489642,-0.11779941865103588,OVER,0.5043816958713684,-0.1022005813489642,0,tenure60:6;rest:52;shrink:0.25;voidable
sleeper,match-2839397:kills_maps_1_2_over_under_player_1496,cs2-kills-202609260130,2026-09-27T13:35:23+00:00,28.5,28.71049757506417,0.4818655094056535,0.5181344905943466,-0.14227939325793687,-0.0777206067420631,UNDER,0.5181344905943466,-0.0777206067420631,0,tenure60:6;rest:52;shrink:0.25;market_unproven;voidable
sleeper,match-2839397:kills_maps_1_2_over_under_player_229031,cs2-kills-202609260130,2026-09-27T13:35:23+00:00,27.5,29.200793539502758,0.5615300281973533,0.4384699718026467,-0.00047654980871109087,-0.21952345019128888,OVER,0.5615300281973533,-0.00047654980871109087,0,tenure60:51;rest:1;shrink:0.25;market_unproven;voidable
sleeper,match-2839397:kills_maps_1_2_over_under_player_229581,cs2-kills-202609260130,2026-09-27T13:35:23+00:00,26.5,25.514965113879626,0.41169402327601995,0.58830597672398,-0.2671846385686844,0.047184638568684434,UNDER,0.58830597672398,0.047184638568684434,0,tenure60:22;rest:2;shrink:0.25;market_unproven;voidable
sleeper,match-2839397:headshots_maps_1_2_over_under_player_229919,cs2-headshots-202609260140,2026-09-27T13:35:23+00:00,17.5,16.34839070212944,0.3777949416132768,0.6222050583867231,-0.3275250039283672,0.10752500392836717,UNDER,0.6222050583867231,0.10752500392836717,0,tenure60:72;rest:2;shrink:0.25;voidable
sleeper,match-2839397:kills_maps_1_2_over_under_player_229919,cs2-kills-202609260130,2026-09-27T13:35:23+00:00,26.5,25.405368704389975,0.40533521787543225,0.5946647821245677,-0.2785033121817306,0.058503312181730605,UNDER,0.5946647821245677,0.058503312181730605,0,tenure60:72;rest:2;shrink:0.25;market_unproven;voidable
sleeper,match-2839397:kills_maps_1_2_over_under_player_230877,cs2-kills-202609260130,2026-09-27T13:35:23+00:00,26.5,28.642160417718372,0.5851943252583366,0.4148056747416634,0.04164589895983917,-0.26164589895983914,OVER,0.5851943252583366,0.04164589895983917,0,tenure60:53;rest:1;shrink:0.25;market_unproven;voidable
sleeper,match-2839397:kills_maps_1_2_over_under_player_230879,cs2-kills-202609260130,2026-09-27T13:35:23+00:00,30.5,30.277527884590143,0.45759785080539533,0.5424021491946047,-0.1808998470583424,-0.03452417443360356,UNDER,0.5424021491946047,-0.03452417443360356,0,tenure60:53;rest:1;shrink:0.25;market_unproven;voidable
sleeper,match-2839397:kills_maps_1_2_over_under_player_230894,cs2-kills-202609260130,2026-09-27T13:35:23+00:00,27.5,,,,,,,,,0,player_unmapped:mdl
sleeper,match-2839397:headshots_maps_1_2_over_under_player_4438,cs2-headshots-202609260140,2026-09-27T13:35:23+00:00,9.5,9.993869158644168,0.5178298211715711,0.48217017882842894,-0.0730846201028878,-0.14173708168539645,OVER,0.5178298211715711,-0.0730846201028878,0,tenure60:73;rest:2;shrink:0.25;voidable
sleeper,match-2839397:kills_maps_1_2_over_under_player_4438,cs2-kills-202609260130,2026-09-27T13:35:23+00:00,30.5,29.700141490277844,0.4269196823411323,0.5730803176588677,-0.24008296543278446,0.020082965432784483,UNDER,0.5730803176588677,0.020082965432784483,0,tenure60:73;rest:2;shrink:0.25;market_unproven;voidable
sleeper,match-2839397:headshots_maps_1_2_over_under_player_83760,cs2-headshots-202609260140,2026-09-27T13:35:23+00:00,15.5,,,,,,,,,0,player_unmapped:jresy
sleeper,match-2839397:kills_maps_1_2_over_under_player_83760,cs2-kills-202609260130,2026-09-27T13:35:23+00:00,31.5,,,,,,,,,0,player_unmapped:jresy
sleeper,match-2839817:headshots_maps_1_2_over_under_player_1048,cs2-headshots-202609260140,2026-09-27T13:35:23+00:00,16.5,16.74827216009581,0.485858929947174,0.5141410700528259,-0.09630239029825627,-0.12081877020966764,OVER,0.485858929947174,-0.09630239029825627,0,tenure60:32;rest:2;shrink:0.25;voidable
sleeper,match-2839817:kills_maps_1_2_over_under_player_1048,cs2-kills-202609260130,2026-09-27T13:35:23+00:00,25.5,26.57477923354512,0.5316821389174096,0.46831786108259044,-0.011071221613618176,-0.1991764575487704,OVER,0.5316821389174096,-0.011071221613618176,0,tenure60:32;rest:2;shrink:0.25;market_unproven;voidable
sleeper,match-2839817:headshots_maps_1_2_over_under_player_1631,cs2-headshots-202609260140,2026-09-27T13:35:23+00:00,9.5,10.222545237611874,0.5427449878712809,0.4572550121287191,-0.03391392158911999,-0.18608607841087998,OVER,0.5427449878712809,-0.03391392158911999,0,tenure60:59;rest:1;shrink:0.25;voidable
sleeper,match-2839817:kills_maps_1_2_over_under_player_1631,cs2-kills-202609260130,2026-09-27T13:35:23+00:00,29.5,29.40699445689962,0.4637037866691747,0.5362962133308253,-0.11432576746187639,-0.10438532373752174,UNDER,0.5362962133308253,-0.10438532373752174,0,tenure60:59;rest:1;shrink:0.25;market_unproven;voidable
sleeper,match-2839817:headshots_maps_1_2_over_under_player_1635,cs2-headshots-202609260140,2026-09-27T13:35:23+00:00,17.5,17.389022320298302,0.4564799081707383,0.5435200918292616,-0.09616978182193814,-0.119497451236596,OVER,0.4564799081707383,-0.09616978182193814,0,tenure60:59;rest:1;shrink:0.25;voidable
sleeper,match-2839817:kills_maps_1_2_over_under_player_1635,cs2-kills-202609260130,2026-09-27T13:35:23+00:00,31.5,31.1644736361751,0.45034423125705736,0.5496557687429426,-0.2434216914881437,0.04434596061159096,UNDER,0.5496557687429426,0.04434596061159096,0,tenure60:59;rest:1;shrink:0.25;market_unproven;voidable
sleeper,match-2839817:headshots_maps_1_2_over_under_player_1892,cs2-headshots-202609260140,2026-09-27T13:35:23+00:00,14.5,14.536247169498626,0.4682002396640539,0.5317997603359461,-0.12914755422485974,-0.09062240982553216,UNDER,0.5317997603359461,-0.09062240982553216,0,tenure60:32;rest:2;shrink:0.25;voidable
sleeper,match-2839817:kills_maps_1_2_over_under_player_1892,cs2-kills-202609260130,2026-09-27T13:35:23+00:00,28.5,28.99168213521611,0.49684211911851145,0.5031578808814884,-0.051031552483642995,-0.15972633892791432,OVER,0.49684211911851145,-0.051031552483642995,0,tenure60:32;rest:2;shrink:0.25;market_unproven;voidable
sleeper,match-2839817:headshots_maps_1_2_over_under_player_189925,cs2-headshots-202609260140,2026-09-27T13:35:23+00:00,16.5,16.27451424158146,0.44668876929214724,0.5533112307078527,-0.12895689988031284,-0.0925695816391216,UNDER,0.5533112307078527,-0.0925695816391216,0,tenure60:32;rest:2;shrink:0.25;voidable
sleeper,match-2839817:kills_maps_1_2_over_under_player_189925,cs2-kills-202609260130,2026-09-27T13:35:23+00:00,25.5,26.185543077225113,0.5092068018192234,0.49079319818077655,-0.02232294050709105,-0.18528329101991103,OVER,0.5092068018192234,-0.02232294050709105,0,tenure60:32;rest:2;shrink:0.25;market_unproven;voidable
sleeper,match-2839817:headshots_maps_1_2_over_under_player_229965,cs2-headshots-202609260140,2026-09-27T13:35:23+00:00,14.5,,,,,,,,,0,player_unmapped:destiny
sleeper,match-2839817:kills_maps_1_2_over_under_player_229965,cs2-kills-202609260130,2026-09-27T13:35:23+00:00,29.5,,,,,,,,,0,player_unmapped:destiny
sleeper,match-2839817:headshots_maps_1_2_over_under_player_2462,cs2-headshots-202609260140,2026-09-27T13:35:23+00:00,16.5,17.306174846107098,0.5285371966961286,0.47146280330387136,-0.05920378988089098,-0.160796210119109,OVER,0.5285371966961286,-0.05920378988089098,0,tenure60:59;rest:1;shrink:0.25;voidable
sleeper,match-2839817:kills_maps_1_2_over_under_player_2462,cs2-kills-202609260130,2026-09-27T13:35:23+00:00,30.5,31.310638849795836,0.5132754163115216,0.4867245836884784,-0.1376973005966437,-0.07522329099189112,UNDER,0.4867245836884784,-0.07522329099189112,0,tenure60:59;rest:1;shrink:0.25;market_unproven;voidable
sleeper,match-2839817:headshots_maps_1_2_over_under_player_29729,cs2-headshots-202609260140,2026-09-27T13:35:23+00:00,14.5,15.414512403236404,0.5416287183884209,0.45837128161157914,0.007429416202462846,-0.2161851084441997,OVER,0.5416287183884209,0.007429416202462846,0,tenure60:32;rest:2;shrink:0.25;voidable
sleeper,match-2839817:kills_maps_1_2_over_under_player_29729,cs2-kills-202609260130,2026-09-27T13:35:23+00:00,25.5,27.056723259041533,0.5578341170837623,0.4421658829162377,0.0375714577757979,-0.24389634021323353,OVER,0.5578341170837623,0.0375714577757979,0,tenure60:32;rest:2;shrink:0.25;market_unproven;voidable
sleeper,match-2839817:headshots_maps_1_2_over_under_player_63583,cs2-headshots-202609260140,2026-09-27T13:35:23+00:00,14.5,14.781474041186074,0.48971565118451293,0.5102843488154871,-0.128306140891567,-0.09169385910843292,UNDER,0.5102843488154871,-0.09169385910843292,0,tenure60:59;rest:1;shrink:0.25;voidable
sleeper,match-2839817:kills_maps_1_2_over_under_player_63583,cs2-kills-202609260130,2026-09-27T13:35:23+00:00,24.5,25.951307862355243,0.5546060624827212,0.44539393751727885,-0.07935393627868292,-0.14929757934199744,OVER,0.5546060624827212,-0.07935393627868292,0,tenure60:59;rest:1;shrink:0.25;market_unproven;voidable
sleeper,match-2839916:headshots_maps_1_2_over_under_player_171223,cs2-headshots-202609260140,2026-09-27T13:35:23+00:00,17.5,15.959672929880199,0.3479764736679046,0.6520235263320955,-0.3806018768711299,0.16060187687112992,UNDER,0.6520235263320955,0.16060187687112992,0,opponent_unmapped;tenure60:38;rest:2;shrink:0.25;voidable
sleeper,match-2839916:kills_maps_1_2_over_under_player_171223,cs2-kills-202609260130,2026-09-27T13:35:23+00:00,28.5,27.261327603031013,0.40069753861235585,0.5993024613876441,-0.2867583812700065,0.0667583812700065,UNDER,0.5993024613876441,0.0667583812700065,0,opponent_unmapped;tenure60:38;rest:2;shrink:0.25;market_unproven;voidable
sleeper,match-2839916:headshots_maps_1_2_over_under_player_228927,cs2-headshots-202609260140,2026-09-27T13:35:23+00:00,17.5,16.432799361040505,0.3845828619285886,0.6154171380714114,-0.3154425057671123,0.09544250576711233,UNDER,0.6154171380714114,0.09544250576711233,0,opponent_unmapped;tenure60:38;rest:2;shrink:0.25;voidable
sleeper,match-2839916:kills_maps_1_2_over_under_player_228927,cs2-kills-202609260130,2026-09-27T13:35:23+00:00,28.5,27.369699326122742,0.40689869914448495,0.593101300855515,-0.296065250480041,0.08537538056559257,UNDER,0.593101300855515,0.08537538056559257,0,opponent_unmapped;tenure60:38;rest:2;shrink:0.25;market_unproven;voidable
sleeper,match-2839916:headshots_maps_1_2_over_under_player_229469,cs2-headshots-202609260140,2026-09-27T13:35:23+00:00,16.5,15.8067625590961,0.40941516822026613,0.5905848317797338,-0.27124100056792616,0.05124100056792619,UNDER,0.5905848317797338,0.05124100056792619,0,opponent_unmapped;tenure60:36;rest:2;shrink:0.25;voidable
sleeper,match-2839916:kills_maps_1_2_over_under_player_229469,cs2-kills-202609260130,2026-09-27T13:35:23+00:00,29.5,29.769403266303577,0.4825961305892752,0.5174038694107248,-0.1795865779982322,-0.03245476420194454,UNDER,0.5174038694107248,-0.03245476420194454,0,opponent_unmapped;tenure60:36;rest:2;shrink:0.25;market_unproven;voidable
sleeper,match-2839916:kills_maps_1_2_over_under_player_4094,cs2-kills-202609260130,2026-09-27T13:35:23+00:00,29.5,28.23462236564664,0.4012185763734926,0.5987814236265073,-0.30990404863759263,0.10774563370903867,UNDER,0.5987814236265073,0.10774563370903867,0,opponent_unmapped;tenure60:38;rest:2;shrink:0.25;market_unproven;voidable
sleeper,match-2839916:kills_maps_1_2_over_under_player_63906,cs2-kills-202609260130,2026-09-27T13:35:23+00:00,29.5,28.15750681837388,0.3964776181585194,0.6035223818414805,-0.3180584967673466,0.1165164064067391,UNDER,0.6035223818414805,0.1165164064067391,0,opponent_unmapped;tenure60:9;rest:2;shrink:0.25;market_unproven;voidable
sleeper,match-2839921:headshots_maps_1_2_over_under_player_1570,cs2-headshots-202609260140,2026-09-27T13:35:23+00:00,11.5,13.83563546998046,0.6714603209574418,0.3285396790425582,0.1616263552563743,-0.39877238735211845,OVER,0.6714603209574418,0.1616263552563743,0,tenure60:5;rest:3;shrink:0.25;voidable
sleeper,match-2839921:kills_maps_1_2_over_under_player_1570,cs2-kills-202609260130,2026-09-27T13:35:23+00:00,24.5,27.32855191646793,0.6267452666765952,0.3732547333234047,0.1156065746843396,-0.3356065746843397,OVER,0.6267452666765952,0.1156065746843396,0,tenure60:5;rest:3;shrink:0.25;market_unproven;voidable
sleeper,match-2839921:kills_maps_1_2_over_under_player_1571,cs2-kills-202609260130,2026-09-27T13:35:23+00:00,25.5,28.213037590875338,0.6168001327956784,0.38319986720432164,0.09790423637630752,-0.3179042363763075,OVER,0.6168001327956784,0.09790423637630752,0,tenure60:5;rest:3;shrink:0.25;market_unproven;voidable
sleeper,match-2839921:headshots_maps_1_2_over_under_player_1725,cs2-headshots-202609260140,2026-09-27T13:35:23+00:00,13.5,14.959082245199738,0.5878900786051161,0.4121099213948839,0.04644433991710667,-0.26644433991710664,OVER,0.5878900786051161,0.04644433991710667,0,tenure60:5;rest:3;shrink:0.25;voidable
sleeper,match-2839921:kills_maps_1_2_over_under_player_1725,cs2-kills-202609260130,2026-09-27T13:35:23+00:00,28.5,29.52219699197481,0.5249048069680295,0.47509519303197045,-0.0656694435969074,-0.15433055640309257,OVER,0.5249048069680295,-0.0656694435969074,0,tenure60:5;rest:3;shrink:0.25;market_unproven;voidable
sleeper,match-2839921:headshots_maps_1_2_over_under_player_2044,cs2-headshots-202609260140,2026-09-27T13:35:23+00:00,16.5,18.469753990254745,0.6100433323149858,0.38995666768501425,0.08587713152067467,-0.30587713152067464,OVER,0.6100433323149858,0.08587713152067467,0,tenure60:5;rest:3;shrink:0.25;voidable
sleeper,match-2839921:kills_maps_1_2_over_under_player_2044,cs2-kills-202609260130,2026-09-27T13:35:23+00:00,26.5,28.735511420464384,0.5896107011597099,0.4103892988402901,0.04361094105268659,-0.26540315507588075,OVER,0.5896107011597099,0.04361094105268659,0,tenure60:5;rest:3;shrink:0.25;market_unproven;voidable
sleeper,match-2839921:headshots_maps_1_2_over_under_player_2045,cs2-headshots-202609260140,2026-09-27T13:35:23+00:00,12.5,13.933392760636387,0.5926055288916539,0.40739447110834615,0.054837841427143874,-0.27483784142714385,OVER,0.5926055288916539,0.054837841427143874,0,tenure60:5;rest:3;shrink:0.25;voidable
sleeper,match-2839921:kills_maps_1_2_over_under_player_2045,cs2-kills-202609260130,2026-09-27T13:35:23+00:00,23.5,25.961304926146827,0.6113053730474052,0.3886946269525948,0.10646272521580341,-0.31978440283295906,OVER,0.6113053730474052,0.10646272521580341,0,tenure60:5;rest:3;shrink:0.25;market_unproven;voidable
sleeper,match-2839921:headshots_maps_1_2_over_under_player_224110,cs2-headshots-202609260140,2026-09-27T13:35:23+00:00,13.5,13.028200741312737,0.42117763547034165,0.5788223645296584,-0.2503038088627919,0.030303808862791992,UNDER,0.5788223645296584,0.030303808862791992,0,tenure60:27;rest:1;shrink:0.25;voidable
sleeper,match-2839921:kills_maps_1_2_over_under_player_224110,cs2-kills-202609260130,2026-09-27T13:35:23+00:00,28.5,27.544773061372226,0.4161774407818477,0.5838225592181523,-0.25920415540831104,0.03920415540831107,UNDER,0.5838225592181523,0.03920415540831107,0,tenure60:27;rest:1;shrink:0.25;market_unproven;voidable
sleeper,match-2839921:headshots_maps_1_2_over_under_player_2437,cs2-headshots-202609260140,2026-09-27T13:35:23+00:00,13.5,14.021130902355555,0.5102177077294766,0.4897822922705234,-0.0918124802415316,-0.12818751975846837,OVER,0.5102177077294766,-0.0918124802415316,0,tenure60:29;rest:1;shrink:0.25;voidable
sleeper,match-2839921:kills_maps_1_2_over_under_player_2437,cs2-kills-202609260130,2026-09-27T13:35:23+00:00,26.5,27.136924514488197,0.5065463275463332,0.4934536724536668,-0.09834753696752685,-0.12165246303247312,OVER,0.5065463275463332,-0.09834753696752685,0,tenure60:29;rest:1;shrink:0.25;market_unproven;voidable
sleeper,match-2839921:headshots_maps_1_2_over_under_player_2458,cs2-headshots-202609260140,2026-09-27T13:35:23+00:00,18.5,16.892092834895184,0.34721751183415656,0.6527824881658435,-0.3819528289352014,0.16195282893520146,UNDER,0.6527824881658435,0.16195282893520146,0,tenure60:29;rest:1;shrink:0.25;voidable
sleeper,match-2839921:kills_maps_1_2_over_under_player_2458,cs2-kills-202609260130,2026-09-27T13:35:23+00:00,30.5,29.83264208969046,0.43286593273400115,0.5671340672659988,-0.2294986397334779,0.009498639733477865,UNDER,0.5671340672659988,0.009498639733477865,0,tenure60:29;rest:1;shrink:0.25;market_unproven;voidable
sleeper,match-2839921:kills_maps_1_2_over_under_player_49921,cs2-kills-202609260130,2026-09-27T13:35:23+00:00,30.5,29.425474830877988,0.41273660919370264,0.5872633908062973,-0.26532883563520926,0.04532883563520934,UNDER,0.5872633908062973,0.04532883563520934,0,tenure60:29;rest:1;shrink:0.25;market_unproven;voidable
sleeper,match-2840126:headshots_maps_1_2_over_under_player_1007,cs2-headshots-202609260140,2026-09-27T13:35:23+00:00,11.5,,,,,,,,,0,player_unmapped:lattykk
sleeper,match-2840126:kills_maps_1_2_over_under_player_1007,cs2-kills-202609260130,2026-09-27T13:35:23+00:00,30.5,,,,,,,,,0,player_unmapped:lattykk
sleeper,match-2840126:headshots_maps_1_2_over_under_player_1221,cs2-headshots-202609260140,2026-09-27T13:35:23+00:00,20.5,18.89308976862536,0.3569338891900266,0.6430661108099733,-0.3646576772417526,0.1446576772417526,UNDER,0.6430661108099733,0.1446576772417526,0,tenure60:43;rest:1;shrink:0.25;voidable
sleeper,match-2840126:kills_maps_1_2_over_under_player_1221,cs2-kills-202609260130,2026-09-27T13:35:23+00:00,34.5,32.59918109531768,0.38049223657909814,0.6195077634209019,-0.3227238188892053,0.10891889652341435,UNDER,0.6195077634209019,0.10891889652341435,0,tenure60:43;rest:1;shrink:0.25;market_unproven;voidable
sleeper,match-2840126:headshots_maps_1_2_over_under_player_2131,cs2-headshots-202609260140,2026-09-27T13:35:23+00:00,9.5,9.806718254458566,0.4965157765525994,0.5034842234474005,-0.116201917736373,-0.10379808226362697,UNDER,0.5034842234474005,-0.10379808226362697,0,tenure60:43;rest:1;shrink:0.25;voidable
sleeper,match-2840126:kills_maps_1_2_over_under_player_2131,cs2-kills-202609260130,2026-09-27T13:35:23+00:00,30.5,30.44874588246618,0.4677223303134566,0.5322776696865434,-0.16745425204204728,-0.05254574795795264,UNDER,0.5322776696865434,-0.05254574795795264,0,tenure60:43;rest:1;shrink:0.25;market_unproven;voidable
sleeper,match-2840126:headshots_maps_1_2_over_under_player_2133,cs2-headshots-202609260140,2026-09-27T13:35:23+00:00,15.5,16.053327155359273,0.5101669599302184,0.48983304006978157,-0.09190281132421119,-0.1280971886757888,OVER,0.5101669599302184,-0.09190281132421119,0,tenure60:41;rest:1;shrink:0.25;voidable
sleeper,match-2840126:kills_maps_1_2_over_under_player_2133,cs2-kills-202609260130,2026-09-27T13:35:23+00:00,26.5,28.363036631168285,0.5709482380725124,0.4290517619274876,0.016287863769072042,-0.23628786376907202,OVER,0.5709482380725124,0.016287863769072042,0,tenure60:41;rest:1;shrink:0.25;market_unproven;voidable
sleeper,match-2840126:headshots_maps_1_2_over_under_player_2233,cs2-headshots-202609260140,2026-09-27T13:35:23+00:00,13.5,14.61610178136911,0.561821038413504,0.43817896158649605,4.144837603703433e-05,-0.220041448376037,OVER,0.561821038413504,4.144837603703433e-05,0,tenure60:6;rest:1;shrink:0.25;voidable
sleeper,match-2840126:kills_maps_1_2_over_under_player_2233,cs2-kills-202609260130,2026-09-27T13:35:23+00:00,26.5,27.893520545035948,0.5473669251808833,0.45263307481911674,-0.031160542429836624,-0.18978679607378102,OVER,0.5473669251808833,-0.031160542429836624,0,tenure60:6;rest:1;shrink:0.25;market_unproven;voidable
sleeper,match-2840126:headshots_maps_1_2_over_under_player_2472,cs2-headshots-202609260140,2026-09-27T13:35:23+00:00,14.5,14.709446404176271,0.48281419515535967,0.5171858048446403,-0.14059073262345972,-0.0794092673765403,UNDER,0.5171858048446403,-0.0794092673765403,0,tenure60:43;rest:1;shrink:0.25;voidable
sleeper,match-2840126:kills_maps_1_2_over_under_player_2472,cs2-kills-202609260130,2026-09-27T13:35:23+00:00,26.5,27.566856075338773,0.5300140339430988,0.46998596605690124,-0.05657501958128419,-0.16342498041871578,OVER,0.5300140339430988,-0.05657501958128419,0,tenure60:43;rest:1;shrink:0.25;market_unproven;voidable
sleeper,match-2840126:headshots_maps_1_2_over_under_player_2473,cs2-headshots-202609260140,2026-09-27T13:35:23+00:00,16.5,15.833669700849413,0.41169644800809513,0.5883035519919049,-0.26718032254559065,0.04718032254559068,UNDER,0.5883035519919049,0.04718032254559068,0,tenure60:43;rest:1;shrink:0.25;voidable
sleeper,match-2840126:kills_maps_1_2_over_under_player_2473,cs2-kills-202609260130,2026-09-27T13:35:23+00:00,29.5,29.977246853270614,0.492250289389139,0.507749710610861,-0.12871698778122398,-0.08605052090045007,UNDER,0.507749710610861,-0.08605052090045007,0,tenure60:43;rest:1;shrink:0.25;market_unproven;voidable
sleeper,match-2840126:headshots_maps_1_2_over_under_player_24953,cs2-headshots-202609260140,2026-09-27T13:35:23+00:00,17.5,16.78845601425362,0.41159505532390034,0.5884049446760997,-0.2673608015234574,0.04736080152345751,UNDER,0.5884049446760997,0.04736080152345751,0,tenure60:50;rest:1;shrink:0.25;voidable
sleeper,match-2840126:kills_maps_1_2_over_under_player_24953,cs2-kills-202609260130,2026-09-27T13:35:23+00:00,28.5,27.74136332151835,0.4254593534827956,0.5745406465172043,-0.24268235080062367,0.022682350800623696,UNDER,0.5745406465172043,0.022682350800623696,0,tenure60:50;rest:1;shrink:0.25;market_unproven;voidable
sleeper,match-2840126:headshots_maps_1_2_over_under_player_24955,cs2-headshots-202609260140,2026-09-27T13:35:23+00:00,16.5,16.56600404753838,0.4698239361862669,0.5301760638137331,-0.1637133935884449,-0.05628660641155503,UNDER,0.5301760638137331,-0.05628660641155503,0,tenure60:50;rest:1;shrink:0.25;voidable
sleeper,match-2840126:kills_maps_1_2_over_under_player_24955,cs2-kills-202609260130,2026-09-27T13:35:23+00:00,27.5,27.3640933263235,0.45963313355051194,0.5403668664494881,-0.1818530222800887,-0.03814697771991127,UNDER,0.5403668664494881,-0.03814697771991127,0,tenure60:50;rest:1;shrink:0.25;market_unproven;voidable
sleeper,match-2840198:headshots_maps_1_2_over_under_player_1464,cs2-headshots-202609260140,2026-09-27T13:35:23+00:00,9.5,10.304782051437607,0.5505585414944,0.4494414585056,-0.020005796139968002,-0.19999420386003197,OVER,0.5505585414944,-0.020005796139968002,0,tenure60:40;rest:0;shrink:0.25;voidable
sleeper,match-2840198:kills_maps_1_2_over_under_player_1464,cs2-kills-202609260130,2026-09-27T13:35:23+00:00,30.5,29.643840455480102,0.42425984608952866,0.5757401539104713,-0.2448174739606389,0.02481747396063899,UNDER,0.5757401539104713,0.02481747396063899,0,tenure60:40;rest:0;shrink:0.25;market_unproven;voidable
sleeper,match-2840198:headshots_maps_1_2_over_under_player_1642,cs2-headshots-202609260140,2026-09-27T13:35:23+00:00,12.5,12.947883952881536,0.5058026395970998,0.4941973604029002,-0.0996713015171623,-0.12032869848283767,OVER,0.5058026395970998,-0.0996713015171623,0,tenure60:40;rest:0;shrink:0.25;voidable
sleeper,match-2840198:kills_maps_1_2_over_under_player_1642,cs2-kills-202609260130,2026-09-27T13:35:23+00:00,26.5,25.660129132129672,0.4184194309640333,0.5815805690359668,-0.25521341288402083,0.035213412884020856,UNDER,0.5815805690359668,0.035213412884020856,0,tenure60:40;rest:0;shrink:0.25;market_unproven;voidable
sleeper,match-2840198:headshots_maps_1_2_over_under_player_172995,cs2-headshots-202609260140,2026-09-27T13:35:23+00:00,19.5,18.77168064994941,0.4128624801890479,0.5871375198109521,-0.2651047852634947,0.04510478526349471,UNDER,0.5871375198109521,0.04510478526349471,0,tenure60:40;rest:0;shrink:0.25;voidable
sleeper,match-2840198:kills_maps_1_2_over_under_player_172995,cs2-kills-202609260130,2026-09-27T13:35:23+00:00,31.5,31.757625260311563,0.48196988409901687,0.5180301159009831,-0.14209360630374995,-0.07790639369625002,UNDER,0.5180301159009831,-0.07790639369625002,0,tenure60:40;rest:0;shrink:0.25;market_unproven;voidable
sleeper,match-2840198:kills_maps_1_2_over_under_player_1879,cs2-kills-202609260130,2026-09-27T13:35:23+00:00,28.5,28.505330343455704,0.4699664700259472,0.5300335299740528,-0.163459683353814,-0.05654031664618592,UNDER,0.5300335299740528,-0.05654031664618592,0,tenure60:41;rest:0;shrink:0.25;market_unproven;voidable
sleeper,match-2840198:kills_maps_1_2_over_under_player_1881,cs2-kills-202609260130,2026-09-27T13:35:23+00:00,29.5,29.486825442782212,0.46756576274696987,0.5324342372530302,-0.16773294231039365,-0.05226705768960627,UNDER,0.5324342372530302,-0.05226705768960627,0,tenure60:41;rest:0;shrink:0.25;market_unproven;voidable
sleeper,match-2840198:kills_maps_1_2_over_under_player_2143,cs2-kills-202609260130,2026-09-27T13:35:23+00:00,28.5,28.41343397887172,0.4642778605741097,0.5357221394258903,-0.1735854081780847,-0.04641459182191526,UNDER,0.5357221394258903,-0.04641459182191526,0,tenure60:41;rest:0;shrink:0.25;market_unproven;voidable
sleeper,match-2840198:kills_maps_1_2_over_under_player_2361,cs2-kills-202609260130,2026-09-27T13:35:23+00:00,26.5,,,,,,,,,0,player_unmapped:Ag1l
sleeper,match-2840198:headshots_maps_1_2_over_under_player_2742,cs2-headshots-202609260140,2026-09-27T13:35:23+00:00,15.5,15.527287462892803,0.46581547636243514,0.5341845236375649,-0.17084845207486543,-0.04915154792513454,UNDER,0.5341845236375649,-0.04915154792513454,0,tenure60:40;rest:0;shrink:0.25;voidable
sleeper,match-2840198:kills_maps_1_2_over_under_player_2742,cs2-kills-202609260130,2026-09-27T13:35:23+00:00,32.5,31.989283197729403,0.4427782758744696,0.5572217241255304,-0.21185466894344407,-0.008145331056555905,UNDER,0.5572217241255304,-0.008145331056555905,0,tenure60:40;rest:0;shrink:0.25;market_unproven;voidable
sleeper,match-2840198:kills_maps_1_2_over_under_player_4178,cs2-kills-202609260130,2026-09-27T13:35:23+00:00,29.5,28.855185936010585,0.4333354136647343,0.5666645863352657,-0.22866296367677297,0.008662963676772995,UNDER,0.5666645863352657,0.008662963676772995,0,tenure60:40;rest:0;shrink:0.25;market_unproven;voidable
sleeper,match-2840198:headshots_maps_1_2_over_under_player_7319,cs2-headshots-202609260140,2026-09-27T13:35:23+00:00,14.5,14.554029194467308,0.46957023216651694,0.5304297678334831,-0.1641649867435998,-0.05583501325640017,UNDER,0.5304297678334831,-0.05583501325640017,0,tenure60:40;rest:0;shrink:0.25;voidable
sleeper,match-2840198:kills_maps_1_2_over_under_player_7319,cs2-kills-202609260130,2026-09-27T13:35:23+00:00,27.5,28.099067201579185,0.5015379394791752,0.49846206052082476,-0.10726246772706804,-0.11273753227293193,OVER,0.5015379394791752,-0.10726246772706804,0,tenure60:40;rest:0;shrink:0.25;market_unproven;voidable
sleeper,match-2840241:headshots_maps_1_2_over_under_player_166553,cs2-headshots-202609260140,2026-09-27T13:35:23+00:00,10.5,,,,,,,,,0,player_unmapped:youka
sleeper,match-2840241:kills_maps_1_2_over_under_player_166553,cs2-kills-202609260130,2026-09-27T13:35:23+00:00,30.5,,,,,,,,,0,player_unmapped:youka
sleeper,match-2840241:kills_maps_1_2_over_under_player_1879,cs2-kills-202609260130,2026-09-27T13:35:23+00:00,28.5,28.864405109229313,0.4900064438446365,0.5099935561553635,-0.14738878771033248,-0.07181172779723849,UNDER,0.5099935561553635,-0.07181172779723849,0,tenure60:41;rest:0;shrink:0.25;market_unproven;voidable
sleeper,match-2840241:kills_maps_1_2_over_under_player_1881,cs2-kills-202609260130,2026-09-27T13:35:23+00:00,29.5,29.927353954147023,0.4897977107288558,0.5102022892711442,-0.12326209779534808,-0.09694194799007477,UNDER,0.5102022892711442,-0.09694194799007477,0,tenure60:41;rest:0;shrink:0.25;market_unproven;voidable
sleeper,match-2840241:kills_maps_1_2_over_under_player_2143,cs2-kills-202609260130,2026-09-27T13:35:23+00:00,28.5,28.738397299187167,0.4834311212481968,0.5165688787518032,-0.1394926041782097,-0.08050739582179023,UNDER,0.5165688787518032,-0.08050739582179023,0,tenure60:41;rest:0;shrink:0.25;market_unproven;voidable
sleeper,match-2840241:kills_maps_1_2_over_under_player_2361,cs2-kills-202609260130,2026-09-27T13:35:23+00:00,27.5,,,,,,,,,0,player_unmapped:Ag1l
sleeper,match-2840241:headshots_maps_1_2_over_under_player_2548,cs2-headshots-202609260140,2026-09-27T13:35:23+00:00,14.5,15.520866558769066,0.5492394135471682,0.45076058645283174,-0.04981581456339895,-0.17510812679131793,OVER,0.5492394135471682,-0.04981581456339895,0,tenure60:100;rest:1;shrink:0.25;voidable
sleeper,match-2840241:kills_maps_1_2_over_under_player_2548,cs2-kills-202609260130,2026-09-27T13:35:23+00:00,25.5,26.95751801445661,0.5522627597562081,0.44773724024379186,-0.005927032438825364,-0.2119824571709264,OVER,0.5522627597562081,-0.005927032438825364,0,tenure60:100;rest:1;shrink:0.25;market_unproven;voidable
sleeper,match-2840241:kills_maps_1_2_over_under_player_4178,cs2-kills-202609260130,2026-09-27T13:35:23+00:00,30.5,29.515533730260007,0.41742876182057514,0.5825712381794248,-0.25697680395937617,0.03697680395937614,UNDER,0.5825712381794248,0.03697680395937614,0,tenure60:40;rest:0;shrink:0.25;market_unproven;voidable
sleeper,match-2840337:headshots_maps_1_2_over_under_player_161272,cs2-headshots-202609260140,2026-09-27T13:35:23+00:00,15.5,15.35952700189232,0.4534359044352451,0.5465640955647548,-0.19288409010526364,-0.02711590989473639,UNDER,0.5465640955647548,-0.02711590989473639,0,tenure60:31;rest:2;shrink:0.25;voidable
sleeper,match-2840337:kills_maps_1_2_over_under_player_161272,cs2-kills-202609260130,2026-09-27T13:35:23+00:00,28.5,27.73996723785732,0.4254072000683763,0.5745927999316237,-0.24277518387829017,0.022775183878290195,UNDER,0.5745927999316237,0.022775183878290195,0,tenure60:31;rest:2;shrink:0.25;market_unproven;voidable
sleeper,match-2840337:headshots_maps_1_2_over_under_player_1629,cs2-headshots-202609260140,2026-09-27T13:35:23+00:00,11.5,10.589156824298074,0.3690841846529464,0.6309158153470535,-0.29135836546634286,0.04732025347610885,UNDER,0.6309158153470535,0.04732025347610885,0,tenure60:31;rest:2;shrink:0.25;voidable
sleeper,match-2840337:kills_maps_1_2_over_under_player_1629,cs2-kills-202609260130,2026-09-27T13:35:23+00:00,27.5,27.477592900877852,0.46631322442697737,0.5336867755730225,-0.1699624605199801,-0.05003753948001988,UNDER,0.5336867755730225,-0.05003753948001988,0,tenure60:31;rest:2;shrink:0.25;market_unproven;voidable
sleeper,match-2840337:headshots_maps_1_2_over_under_player_164248,cs2-headshots-202609260140,2026-09-27T13:35:23+00:00,16.5,16.648510881438682,0.4780442077183643,0.5219557922816356,-0.14908131026131138,-0.07091868973868853,UNDER,0.5219557922816356,-0.07091868973868853,0,tenure60:57;rest:0;shrink:0.25;voidable
sleeper,match-2840337:kills_maps_1_2_over_under_player_164248,cs2-kills-202609260130,2026-09-27T13:35:23+00:00,31.5,31.498285434365094,0.4680876548370805,0.5319123451629195,-0.18552748058347995,-0.031919531803486445,UNDER,0.5319123451629195,-0.031919531803486445,0,tenure60:57;rest:0;shrink:0.25;market_unproven;voidable
sleeper,match-2840337:headshots_maps_1_2_over_under_player_2205,cs2-headshots-202609260140,2026-09-27T13:35:23+00:00,9.5,10.126174779803076,0.5325967115206331,0.46740328847936685,-0.051977853493272996,-0.16802214650672698,OVER,0.5325967115206331,-0.051977853493272996,0,tenure60:57;rest:0;shrink:0.25;voidable
sleeper,match-2840337:kills_maps_1_2_over_under_player_2205,cs2-kills-202609260130,2026-09-27T13:35:23+00:00,29.5,29.724892846362064,0.4803520680150875,0.5196479319849125,-0.1449733189331443,-0.07502668106685567,UNDER,0.5196479319849125,-0.07502668106685567,0,tenure60:57;rest:0;shrink:0.25;market_unproven;voidable
sleeper,match-2840337:headshots_maps_1_2_over_under_player_2325,cs2-headshots-202609260140,2026-09-27T13:35:23+00:00,17.5,16.38491708456197,0.3799730038174368,0.6200269961825631,-0.32364805320496237,0.1036480532049624,UNDER,0.6200269961825631,0.1036480532049624,0,tenure60:57;rest:0;shrink:0.25;voidable
sleeper,match-2840337:kills_maps_1_2_over_under_player_2325,cs2-kills-202609260130,2026-09-27T13:35:23+00:00,29.5,29.741128888103997,0.4810826967853577,0.5189173032146424,-0.14367279972206332,-0.0763272002779366,UNDER,0.5189173032146424,-0.0763272002779366,0,tenure60:57;rest:0;shrink:0.25;market_unproven;voidable
sleeper,match-2840337:headshots_maps_1_2_over_under_player_2403,cs2-headshots-202609260140,2026-09-27T13:35:23+00:00,12.5,13.285627622829853,0.5368590846748447,0.46314091532515533,-0.04439082927877647,-0.1756091707212235,OVER,0.5368590846748447,-0.04439082927877647,0,tenure60:31;rest:2;shrink:0.25;voidable
sleeper,match-2840337:kills_maps_1_2_over_under_player_2403,cs2-kills-202609260130,2026-09-27T13:35:23+00:00,24.5,24.700046280067657,0.4807695705863699,0.5192304294136301,-0.14423016435626157,-0.07576983564373846,UNDER,0.5192304294136301,-0.07576983564373846,0,tenure60:31;rest:2;shrink:0.25;market_unproven;voidable
sleeper,match-2840337:headshots_maps_1_2_over_under_player_2449,cs2-headshots-202609260140,2026-09-27T13:35:23+00:00,15.5,17.175911655831463,0.5934167424860863,0.4065832575139136,0.05034763420037286,-0.27221596905009454,OVER,0.5934167424860863,0.05034763420037286,0,tenure60:57;rest:0;shrink:0.25;voidable
sleeper,match-2840337:kills_maps_1_2_over_under_player_2449,cs2-kills-202609260130,2026-09-27T13:35:23+00:00,26.5,27.893716939799194,0.5473669251808833,0.45263307481911674,-0.031160542429836624,-0.18978679607378102,OVER,0.5473669251808833,-0.031160542429836624,0,tenure60:57;rest:0;shrink:0.25;market_unproven;voidable
sleeper,match-2840337:headshots_maps_1_2_over_under_player_2453,cs2-headshots-202609260140,2026-09-27T13:35:23+00:00,16.5,16.741963305118944,0.48540221699052727,0.5145977830094728,-0.1359840537568615,-0.0840159462431384,UNDER,0.5145977830094728,-0.0840159462431384,0,tenure60:57;rest:0;shrink:0.25;voidable
sleeper,match-2840337:kills_maps_1_2_over_under_player_2453,cs2-kills-202609260130,2026-09-27T13:35:23+00:00,26.5,28.205291165626647,0.5638720878372049,0.43612791216279506,-0.0019464045281473163,-0.21933103722859687,OVER,0.5638720878372049,-0.0019464045281473163,0,tenure60:57;rest:0;shrink:0.25;market_unproven;voidable
sleeper,match-2840337:headshots_maps_1_2_over_under_player_2705,cs2-headshots-202609260140,2026-09-27T13:35:23+00:00,19.5,18.062044140179808,0.36336277999179306,0.6366372200082069,-0.33141248481510066,0.09501601841411583,UNDER,0.6366372200082069,0.09501601841411583,0,tenure60:31;rest:2;shrink:0.25;voidable
sleeper,match-2840337:kills_maps_1_2_over_under_player_2705,cs2-kills-202609260130,2026-09-27T13:35:23+00:00,32.5,30.976017142142645,0.39455029700015565,0.6054497029998444,-0.31348248321972916,0.10191845945971678,UNDER,0.6054497029998444,0.10191845945971678,0,tenure60:31;rest:2;shrink:0.25;market_unproven;voidable
sleeper,match-2840337:headshots_maps_1_2_over_under_player_68886,cs2-headshots-202609260140,2026-09-27T13:35:23+00:00,14.5,15.783956099677344,0.5696327707509232,0.4303672292490768,0.013946331936643352,-0.23394633193664333,OVER,0.5696327707509232,0.013946331936643352,0,tenure60:31;rest:2;shrink:0.25;voidable
sleeper,match-2840337:kills_maps_1_2_over_under_player_68886,cs2-kills-202609260130,2026-09-27T13:35:23+00:00,28.5,28.214593101691232,0.4526924589191688,0.5473075410808311,-0.19420742312387945,-0.025792576876120465,UNDER,0.5473075410808311,-0.025792576876120465,0,tenure60:31;rest:2;shrink:0.25;market_unproven;voidable
sleeper,match-2840491:kills_maps_1_2_over_under_player_2194,cs2-kills-202609260130,2026-09-27T13:35:23+00:00,31.5,30.66025074493087,0.4250942813255992,0.5749057186744009,-0.2433321792404335,0.02333217924043357,UNDER,0.5749057186744009,0.02333217924043357,0,tenure60:34;rest:1;shrink:0.25;market_unproven;voidable
sleeper,match-2840491:headshots_maps_1_2_over_under_player_2196,cs2-headshots-202609260140,2026-09-27T13:35:23+00:00,16.5,15.206601106991757,0.3605784340173763,0.6394215659826236,-0.35817038744907004,0.13817038744907006,UNDER,0.6394215659826236,0.13817038744907006,0,tenure60:15;rest:1;shrink:0.25;voidable
sleeper,match-2840491:kills_maps_1_2_over_under_player_2196,cs2-kills-202609260130,2026-09-27T13:35:23+00:00,29.5,27.81385680928316,0.38007587898568623,0.6199241210143138,-0.32346493540547855,0.10346493540547863,UNDER,0.6199241210143138,0.10346493540547863,0,tenure60:15;rest:1;shrink:0.25;market_unproven;voidable
sleeper,match-2840491:headshots_maps_1_2_over_under_player_2197,cs2-headshots-202609260140,2026-09-27T13:35:23+00:00,17.5,17.71370128752983,0.4826112144348187,0.5173887855651813,-0.1506042625947191,-0.06870018598267363,UNDER,0.5173887855651813,-0.06870018598267363,0,tenure60:27;rest:1;shrink:0.25;voidable
sleeper,match-2840491:kills_maps_1_2_over_under_player_2197,cs2-kills-202609260130,2026-09-27T13:35:23+00:00,30.5,29.620034449193433,0.4230082341602884,0.5769917658397117,-0.24704534319468674,0.02704534319468682,UNDER,0.5769917658397117,0.02704534319468682,0,tenure60:27;rest:1;shrink:0.25;market_unproven;voidable
sleeper,match-2840491:headshots_maps_1_2_over_under_player_2200,cs2-headshots-202609260140,2026-09-27T13:35:23+00:00,15.5,15.326841520198197,0.4510007812516094,0.5489992187483905,-0.19721860937213515,-0.022781390627864828,UNDER,0.5489992187483905,-0.022781390627864828,0,tenure60:34;rest:1;shrink:0.25;voidable
sleeper,match-2840491:kills_maps_1_2_over_under_player_2200,cs2-kills-202609260130,2026-09-27T13:35:23+00:00,29.5,27.74016440430789,0.37627712333581315,0.6237228766641869,-0.33022672046225265,0.11022672046225274,UNDER,0.6237228766641869,0.11022672046225274,0,tenure60:34;rest:1;shrink:0.25;market_unproven;voidable
sleeper,match-2840491:kills_maps_1_2_over_under_player_2201,cs2-kills-202609260130,2026-09-27T13:35:23+00:00,26.5,26.782326841488022,0.4852576429993325,0.5147423570006675,-0.13624139546118813,-0.08375860453881184,UNDER,0.5147423570006675,-0.08375860453881184,0,tenure60:34;rest:1;shrink:0.25;market_unproven;voidable
sleeper,match-2840491:headshots_maps_1_2_over_under_player_2221,cs2-headshots-202609260140,2026-09-27T13:35:23+00:00,16.5,15.904205927067025,0.4169184734031628,0.5830815265968372,-0.25788511734237024,0.03788511734237027,UNDER,0.5830815265968372,0.03788511734237027,0,tenure60:46;rest:1;shrink:0.25;voidable
sleeper,match-2840491:kills_maps_1_2_over_under_player_2221,cs2-kills-202609260130,2026-09-27T13:35:23+00:00,27.5,27.73654288352573,0.48123925964326025,0.5187607403567397,-0.14339411783499667,-0.07660588216500325,UNDER,0.5187607403567397,-0.07660588216500325,0,tenure60:46;rest:1;shrink:0.25;market_unproven;voidable
sleeper,match-2840491:headshots_maps_1_2_over_under_player_230387,cs2-headshots-202609260140,2026-09-27T13:35:23+00:00,9.5,,,,,,,,,0,player_unmapped:brn$
sleeper,match-2840491:kills_maps_1_2_over_under_player_230387,cs2-kills-202609260130,2026-09-27T13:35:23+00:00,26.5,,,,,,,,,0,player_unmapped:brn$
sleeper,match-2840491:headshots_maps_1_2_over_under_player_2726,cs2-headshots-202609260140,2026-09-27T13:35:23+00:00,14.5,,,,,,,,,0,player_unmapped:j0w
sleeper,match-2840491:kills_maps_1_2_over_under_player_2726,cs2-kills-202609260130,2026-09-27T13:35:23+00:00,27.5,,,,,,,,,0,player_unmapped:j0w
sleeper,match-2840491:headshots_maps_1_2_over_under_player_27580,cs2-headshots-202609260140,2026-09-27T13:35:23+00:00,17.5,18.834933937824296,0.5616688532099315,0.4383311467900684,-0.0002294412863217965,-0.2197705587136783,OVER,0.5616688532099315,-0.0002294412863217965,0,tenure60:35;rest:1;shrink:0.25;voidable
sleeper,match-2840491:kills_maps_1_2_over_under_player_27580,cs2-kills-202609260130,2026-09-27T13:35:23+00:00,28.5,29.793365451025426,0.5377280707749615,0.4622719292250384,-0.04284403402056841,-0.17715596597943167,OVER,0.5377280707749615,-0.04284403402056841,0,tenure60:35;rest:1;shrink:0.25;market_unproven;voidable
sleeper,match-2840510:headshots_maps_1_2_over_under_player_1427,cs2-headshots-202609260140,2026-09-27T13:35:23+00:00,9.5,9.609570914281516,0.4758114945033811,0.5241885054966189,-0.15305553978398162,-0.06694446021601835,UNDER,0.5241885054966189,-0.06694446021601835,0,tenure60:24;rest:1;shrink:0.25;voidable
sleeper,match-2840510:kills_maps_1_2_over_under_player_1427,cs2-kills-202609260130,2026-09-27T13:35:23+00:00,28.5,27.870385623354384,0.4331789194035414,0.5668210805964586,-0.22894152346169633,0.00894152346169641,UNDER,0.5668210805964586,0.00894152346169641,0,tenure60:24;rest:1;shrink:0.25;market_unproven;voidable
sleeper,match-2840510:headshots_maps_1_2_over_under_player_1985,cs2-headshots-202609260140,2026-09-27T13:35:23+00:00,15.5,15.26357529372693,0.4456742143411246,0.5543257856588755,-0.2066998984727983,-0.013300101527201624,UNDER,0.5543257856588755,-0.013300101527201624,0,tenure60:38;rest:1;shrink:0.25;voidable
sleeper,match-2840510:kills_maps_1_2_over_under_player_1985,cs2-kills-202609260130,2026-09-27T13:35:23+00:00,30.5,31.195443786310797,0.5067028307069951,0.49329716929300493,-0.14873924441224834,-0.06273537834329068,UNDER,0.49329716929300493,-0.06273537834329068,0,tenure60:38;rest:1;shrink:0.25;market_unproven;voidable
sleeper,match-2840510:headshots_maps_1_2_over_under_player_1987,cs2-headshots-202609260140,2026-09-27T13:35:23+00:00,13.5,,,,,,,,,0,player_unmapped:s1n
sleeper,match-2840510:kills_maps_1_2_over_under_player_1987,cs2-kills-202609260130,2026-09-27T13:35:23+00:00,25.5,,,,,,,,,0,player_unmapped:s1n
sleeper,match-2840510:headshots_maps_1_2_over_under_player_1988,cs2-headshots-202609260140,2026-09-27T13:35:23+00:00,11.5,10.967759769348701,0.4092123934769989,0.5907876065230011,-0.04244299926382267,-0.16698947480256848,OVER,0.4092123934769989,-0.04244299926382267,0,tenure60:38;rest:1;shrink:0.25;voidable
sleeper,match-2840510:kills_maps_1_2_over_under_player_1988,cs2-kills-202609260130,2026-09-27T13:35:23+00:00,30.5,31.345212443526098,0.5154138663563356,0.48458613364366443,-0.144412981848483,-0.074440484740601,UNDER,0.48458613364366443,-0.074440484740601,0,tenure60:38;rest:1;shrink:0.25;market_unproven;voidable
sleeper,match-2840510:headshots_maps_1_2_over_under_player_1989,cs2-headshots-202609260140,2026-09-27T13:35:23+00:00,13.5,13.602774669772767,0.4732743611895812,0.5267256388104188,-0.1575716370825454,-0.06242836291745457,UNDER,0.5267256388104188,-0.06242836291745457,0,tenure60:38;rest:1;shrink:0.25;voidable
sleeper,match-2840510:kills_maps_1_2_over_under_player_1989,cs2-kills-202609260130,2026-09-27T13:35:23+00:00,27.5,27.699201165119558,0.4788908009185378,0.5211091990814622,-0.14757437436500276,-0.07242562563499716,UNDER,0.5211091990814622,-0.07242562563499716,0,tenure60:38;rest:1;shrink:0.25;market_unproven;voidable
sleeper,match-2840510:headshots_maps_1_2_over_under_player_2426,cs2-headshots-202609260140,2026-09-27T13:35:23+00:00,18.5,17.457788581916127,0.38949734679543996,0.6105026532045601,-0.3066947227041169,0.08669472270411699,UNDER,0.6105026532045601,0.08669472270411699,0,tenure60:24;rest:1;shrink:0.25;voidable
sleeper,match-2840510:kills_maps_1_2_over_under_player_2426,cs2-kills-202609260130,2026-09-27T13:35:23+00:00,32.5,30.524682740241957,0.37128294107484483,0.6287170589251552,-0.3391163648867762,0.11911636488677624,UNDER,0.6287170589251552,0.11911636488677624,0,tenure60:24;rest:1;shrink:0.25;market_unproven;voidable
sleeper,match-2840510:kills_maps_1_2_over_under_player_2427,cs2-kills-202609260130,2026-09-27T13:35:23+00:00,25.5,25.001572203251108,0.43865656704476547,0.5613434329552345,-0.15777939127405027,-0.06816990129431083,UNDER,0.5613434329552345,-0.06816990129431083,0,tenure60:24;rest:1;shrink:0.25;market_unproven;voidable
sleeper,match-2840510:headshots_maps_1_2_over_under_player_2428,cs2-headshots-202609260140,2026-09-27T13:35:23+00:00,14.5,,,,,,,,,0,player_unmapped:koala
sleeper,match-2840510:kills_maps_1_2_over_under_player_2428,cs2-kills-202609260130,2026-09-27T13:35:23+00:00,30.5,,,,,,,,,0,player_unmapped:koala
sleeper,match-2840510:headshots_maps_1_2_over_under_player_2431,cs2-headshots-202609260140,2026-09-27T13:35:23+00:00,16.5,16.55409791992274,0.46901208518354004,0.53098791481646,-0.16515848837329877,-0.054841511626701145,UNDER,0.53098791481646,-0.054841511626701145,0,tenure60:24;rest:1;shrink:0.25;voidable
sleeper,match-2840510:kills_maps_1_2_over_under_player_2431,cs2-kills-202609260130,2026-09-27T13:35:23+00:00,28.5,27.499534551448036,0.4138835028881707,0.5861164971118293,-0.2632873648590562,0.04328736485905621,UNDER,0.5861164971118293,0.04328736485905621,0,tenure60:24;rest:1;shrink:0.25;market_unproven;voidable
sleeper,match-2840242:kills_maps_1_2_over_under_player_4384,cs2-kills-202609260130,2026-09-27T13:35:23+00:00,23.5,25.80291071622475,0.6024871219317787,0.39751287806822133,0.036277849722659294,-0.2685763043544727,OVER,0.6024871219317787,0.036277849722659294,0,tenure60:15;rest:1;shrink:0.25;market_unproven;voidable
sleeper,match-2840510:headshots_maps_1_2_over_under_player_2698,cs2-headshots-202609260140,2026-09-27T13:35:23+00:00,16.5,16.907271277257536,0.49869792812405594,0.501302071875944,-0.11231768793918034,-0.10768231206081968,UNDER,0.501302071875944,-0.10768231206081968,0,tenure60:38;rest:1;shrink:0.25;voidable
sleeper,match-2840510:kills_maps_1_2_over_under_player_2698,cs2-kills-202609260130,2026-09-27T13:35:23+00:00,28.5,28.474330151716437,0.46714824951475836,0.5328517504852417,-0.16847611586373018,-0.05152388413626979,UNDER,0.5328517504852417,-0.05152388413626979,0,tenure60:38;rest:1;shrink:0.25;market_unproven;voidable
sleeper,match-2840343:headshots_maps_1_2_over_under_player_1622,cs2-headshots-202609260140,2026-09-27T13:35:23+00:00,12.5,12.98948353699052,0.5107759332860082,0.48922406671399177,-0.09081883875090535,-0.12918116124909462,OVER,0.5107759332860082,-0.09081883875090535,0,tenure60:19;rest:1;shrink:0.25;voidable
sleeper,match-2840336:headshots_maps_1_2_over_under_player_1782,cs2-headshots-202609260140,2026-09-27T13:35:23+00:00,15.5,15.053432309742952,0.427871323435064,0.5721286765649359,-0.238389044285586,0.018389044285586076,UNDER,0.5721286765649359,0.018389044285586076,0,tenure60:20;rest:1;shrink:0.25;voidable
sleeper,match-2840336:kills_maps_1_2_over_under_player_1782,cs2-kills-202609260130,2026-09-27T13:35:23+00:00,25.5,26.4832804974628,0.5254783391065267,0.47452166089347325,-0.06464855639038236,-0.1553514436096176,OVER,0.5254783391065267,-0.06464855639038236,0,tenure60:20;rest:1;shrink:0.25;market_unproven;voidable
sleeper,match-2840242:headshots_maps_1_2_over_under_player_2415,cs2-headshots-202609260140,2026-09-27T13:35:23+00:00,11.5,11.11561435291786,0.42447366332957737,0.5755263366704226,-0.24443687927335228,0.024436879273352308,UNDER,0.5755263366704226,0.024436879273352308,0,tenure60:22;rest:1;shrink:0.25;voidable
sleeper,match-2840242:headshots_maps_1_2_over_under_player_4384,cs2-headshots-202609260140,2026-09-27T13:35:23+00:00,14.5,15.34368766508371,0.5356920192858691,0.46430798071413093,0.1678086020431947,-0.30818110873594495,OVER,0.5356920192858691,0.1678086020431947,0,tenure60:15;rest:1;shrink:0.25;voidable
sleeper,match-2840509:headshots_maps_1_2_over_under_player_11572,cs2-headshots-202609260140,2026-09-27T13:35:23+00:00,9.5,9.762561298098053,0.4918470200404853,0.5081529799595147,-0.12451230432793614,-0.09548769567206383,UNDER,0.5081529799595147,-0.09548769567206383,0,tenure60:30;rest:1;shrink:0.25;voidable
sleeper,match-2840509:kills_maps_1_2_over_under_player_11572,cs2-kills-202609260130,2026-09-27T13:35:23+00:00,29.5,29.727713080929064,0.48045644375988555,0.5195435562401145,-0.19763773892099123,-0.012867243143782514,UNDER,0.5195435562401145,-0.012867243143782514,0,tenure60:30;rest:1;shrink:0.25;market_unproven;voidable
sleeper,match-2840509:headshots_maps_1_2_over_under_player_1356,cs2-headshots-202609260140,2026-09-27T13:35:23+00:00,18.5,18.338569161763672,0.45328370711397986,0.5467162928860201,-0.19315500133711577,-0.026844998662884256,UNDER,0.5467162928860201,-0.026844998662884256,0,tenure60:30;rest:1;shrink:0.25;voidable
sleeper,match-2840509:kills_maps_1_2_over_under_player_1356,cs2-kills-202609260130,2026-09-27T13:35:23+00:00,31.5,31.293154211556686,0.45723254736334545,0.5427674526366546,-0.23642164590321318,0.03125816000964371,UNDER,0.5427674526366546,0.03125816000964371,0,tenure60:30;rest:1;shrink:0.25;market_unproven;voidable
sleeper,match-2840509:headshots_maps_1_2_over_under_player_1360,cs2-headshots-202609260140,2026-09-27T13:35:23+00:00,13.5,13.599091652062913,0.47296990828032787,0.5270300917196722,-0.15811356326101644,-0.061886436738983475,UNDER,0.5270300917196722,-0.061886436738983475,0,tenure60:30;rest:1;shrink:0.25;voidable
sleeper,match-2840509:kills_maps_1_2_over_under_player_1360,cs2-kills-202609260130,2026-09-27T13:35:23+00:00,25.5,25.849038365751333,0.48891058907802964,0.5110894109219704,-0.13462825733188755,-0.08514995444967305,UNDER,0.5110894109219704,-0.08514995444967305,0,tenure60:30;rest:1;shrink:0.25;market_unproven;voidable
sleeper,match-2840509:headshots_maps_1_2_over_under_player_1500,cs2-headshots-202609260140,2026-09-27T13:35:23+00:00,9.5,9.899641946149236,0.5069698429321903,0.4930301570678097,-0.09759367958070131,-0.12240632041929866,OVER,0.5069698429321903,-0.09759367958070131,0,tenure60:9;rest:1;shrink:0.25;voidable
sleeper,match-2840509:kills_maps_1_2_over_under_player_1500,cs2-kills-202609260130,2026-09-27T13:35:23+00:00,27.5,28.375277864261705,0.5169263487838817,0.48307365121611834,-0.07987109916469065,-0.14012890083530932,OVER,0.5169263487838817,-0.07987109916469065,0,tenure60:9;rest:1;shrink:0.25;market_unproven;voidable
sleeper,match-2840509:headshots_maps_1_2_over_under_player_1620,cs2-headshots-202609260140,2026-09-27T13:35:23+00:00,19.5,18.98113071914415,0.42756704667169493,0.572432953328305,-0.23893065692438298,0.01893065692438295,UNDER,0.572432953328305,0.01893065692438295,0,tenure60:25;rest:1;shrink:0.25;voidable
sleeper,match-2840509:kills_maps_1_2_over_under_player_1620,cs2-kills-202609260130,2026-09-27T13:35:23+00:00,28.5,29.84854213214865,0.5402814843454634,0.4597185156545366,-0.12474399536034919,-0.09435452416056295,UNDER,0.4597185156545366,-0.09435452416056295,0,tenure60:25;rest:1;shrink:0.25;market_unproven;voidable
sleeper,match-2840509:headshots_maps_1_2_over_under_player_1967,cs2-headshots-202609260140,2026-09-27T13:35:23+00:00,14.5,14.633775659189961,0.47626818320387515,0.5237318167961249,-0.1522426338971023,-0.06775736610289768,UNDER,0.5237318167961249,-0.06775736610289768,0,tenure60:30;rest:1;shrink:0.25;voidable
sleeper,match-2840509:kills_maps_1_2_over_under_player_1967,cs2-kills-202609260130,2026-09-27T13:35:23+00:00,28.5,28.030763240420065,0.4437696221462561,0.5562303778537439,-0.2100900725796641,-0.009909927420335918,UNDER,0.5562303778537439,-0.009909927420335918,0,tenure60:30;rest:1;shrink:0.25;market_unproven;voidable
sleeper,match-2840509:kills_maps_1_2_over_under_player_1986,cs2-kills-202609260130,2026-09-27T13:35:23+00:00,24.5,26.198177927355836,0.567514621688612,0.432485378311388,0.08962807364213499,-0.2820742720030959,OVER,0.567514621688612,0.08962807364213499,0,tenure60:22;rest:1;shrink:0.25;market_unproven;voidable
sleeper,match-2840509:kills_maps_1_2_over_under_player_2190,cs2-kills-202609260130,2026-09-27T13:35:23+00:00,27.5,28.000744339610247,0.49647687215090297,0.503523127849097,-0.11627116757139272,-0.10372883242860725,UNDER,0.503523127849097,-0.10372883242860725,0,tenure60:22;rest:1;shrink:0.25;market_unproven;voidable
sleeper,match-2840509:headshots_maps_1_2_over_under_player_2236,cs2-headshots-202609260140,2026-09-27T13:35:23+00:00,13.5,15.317926924121728,0.6156684708080208,0.3843315291919792,0.09588987803827703,-0.315889878038277,OVER,0.6156684708080208,0.09588987803827703,0,tenure60:22;rest:1;shrink:0.25;voidable
sleeper,match-2840509:kills_maps_1_2_over_under_player_2236,cs2-kills-202609260130,2026-09-27T13:35:23+00:00,27.5,29.282820958497762,0.5667341486858166,0.4332658513141834,0.00878678466075361,-0.22878678466075358,OVER,0.5667341486858166,0.00878678466075361,0,tenure60:22;rest:1;shrink:0.25;market_unproven;voidable
sleeper,match-2840509:headshots_maps_1_2_over_under_player_2749,cs2-headshots-202609260140,2026-09-27T13:35:23+00:00,14.5,15.110327201833428,0.5187432646388196,0.48125673536118035,-0.07663698894290105,-0.14336301105709903,OVER,0.5187432646388196,-0.07663698894290105,0,tenure60:22;rest:1;shrink:0.25;voidable
sleeper,match-2840509:kills_maps_1_2_over_under_player_2749,cs2-kills-202609260130,2026-09-27T13:35:23+00:00,26.5,27.277618896395815,0.514005633298331,0.48599436670166896,-0.01824924040018777,-0.18838940760821288,OVER,0.514005633298331,-0.01824924040018777,0,tenure60:22;rest:1;shrink:0.25;market_unproven;voidable
